Time,e1,e2,e3,edot1,edot2,edot3,mu1,mu2,mu3,SetAngle1,SetAngle2,SetAngle3,ActualAngle1,ActualAngle2,ActualAngle3,X0,Y0,Z0,Actual_X,Actual_Y,Actual_Z,X_Set,Y_Set,Z_Set,refCurr1,refCurr2,refCurr3,ActualCurr1,ActualCurr2,ActualCurr3
0.0,0.0,0.0,0.0,0.0,0.0,0.0,0.004351608849062665,0.004351608849062665,0.004351608849062665,-0.005686595269523741,-0.005686595269523741,-0.005686595269523741,-0.004909519518594475,-0.004909519518594474,-0.004909519518594474,0.0,0.0,-184.0,0.0,-1.2574596653209127e-18,-184.002375716508,0.0,-1.433179351732963e-14,-184.0000024755281,-0.2174888837468515,-0.21748888374685163,-0.21748888374685163,-0.006561687849937975,-0.00656168784993798,-0.00656168784993798
0.01,-0.0007237603125976116,-0.0007237603125976118,-0.0007237603125976118,-0.1295058714836323,-0.12950587148363235,-0.12950587148363238,0.004425731155514682,0.004425731155514682,0.004425731155514683,-0.005686595269523741,-0.005686595269523741,-0.005686595269523741,0.043898912246899464,0.04389891224689949,0.043898912246899485,0.0,0.0,-184.0,-1.7437998518806596e-17,-1.4382136960161913e-14,-184.15149922075767,0.0,-1.433179351732963e-14,-184.0000024755281,-2.7231329921602385,-2.7231329921602403,-2.7231329921602394,-0.08737523807399175,-0.08737523807399182,-0.08737523807399179
0.02,-0.002662126679193367,-0.0026621266791933685,-0.002662126679193368,-0.24404279498772835,-0.24404279498772857,-0.24404279498772852,0.0042401873970324515,0.00424018739703245,0.0042401873970324515,-0.005686595269523741,-0.005686595269523741,-0.005686595269523741,0.16142747902948854,0.16142747902948865,0.16142747902948865,0.0,0.0,-184.0,0.0,-2.8245081852496873e-16,-184.51106066635532,0.0,-1.433179351732963e-14,-184.0000024755281,-6.271073425225909,-6.271073425225917,-6.271073425225914,-0.1825453096225549,-0.1825453096225552,-0.1825453096225551
0.03,-0.005646932969475186,-0.005646932969475191,-0.00564693296947519,-0.3395789523833697,-0.3395789523833699,-0.3395789523833698,0.0034457827079343185,0.00344578270793432,0.00344578270793432,-0.005686595269523741,-0.005686595269523741,-0.005686595269523741,0.3377824979414447,0.337782497941445,0.33778249794144494,0.0,0.0,-184.0,-1.401885325512701e-16,-1.473674043780837e-14,-185.05185900405078,0.0,-1.433179351732963e-14,-184.0000024755281,-12.433957251408748,-12.433957251408751,-12.433957251408744,-0.3200522781534863,-0.32005227815348647,-0.3200522781534862
0.04,-0.0021095396914464146,-0.01305891065781862,-0.013058910657818619,-0.4070885241277613,-0.40708852412776136,-0.40708852412776136,0.0044374120141816645,0.002798606090854661,0.002798606090854662,0.4142868312709749,-0.21306591342523187,-0.21306591342523187,0.559102735324868,0.5586677249533536,0.5586677249533535,0.0,1.3888888888888888,-184.0,-1.406651888229132e-16,0.0009718755510689341,-185.73179357205612,0.0,1.388888929631816,-184.00000247525816,-6.392864868874582,-27.229748995389347,-27.229748995389336,-0.03711106324608032,-0.6657644778392603,-0.66576447783926
0.05,-0.006626141789314827,-0.01731967555191314,-0.01731961508851717,-0.4818823254842558,-0.43952077156008773,-0.439501539790057,0.0032141813771736725,0.002888230954122925,0.0028882286584978687,0.4142868312709749,-0.21306591342523187,-0.21306591342523187,0.8218596420966068,0.8045936374329653,0.8045887329828137,0.0,1.3888888888888888,-184.0,-9.527681446408156e-06,0.03873635614348661,-186.50844295392665,0.0,1.388888929631816,-184.00000247525816,-15.784926071136152,-32.60878818153483,-32.60681823822202,-0.425401774621275,-0.6886667248057383,-0.6886225121594709
0.06,-0.01169167567532354,-0.021819088793588622,-0.02181831792922436,-0.5225980679262557,-0.4572327896507314,-0.45710040199131746,0.0027797548649770446,0.0031652766508009937,0.0031652730955089017,0.4142868312709749,-0.21306591342523187,-0.21306591342523187,1.114269123000493,1.0633411347702737,1.0632883129767576,0.0,1.3888888888888888,-184.0,-0.00010306092356313877,0.11479682399873288,-187.34532660019724,0.0,1.388888929631816,-184.00000247525816,-26.524736123087727,-35.45054610728706,-35.44109932999942,-0.6129262898460442,-0.7442143070995686,-0.7440016120350208
0.07,-0.017034858073991785,-0.02642852646157674,-0.026425151622253992,-0.5410389560911253,-0.46149056546854156,-0.4611016549753675,0.0028871369806359303,0.0031653913314579497,0.003165380829235091,0.4142868312709749,-0.21306591342523187,-0.21306591342523187,1.4213590277763093,1.3275918533319073,1.3273742233299455,0.0,1.3888888888888888,-184.0,-0.00042652306757352874,0.21244462173053097,-188.21224153836584,0.0,1.388888929631816,-184.00000247525816,-33.11424995119948,-41.06955279942329,-41.04429513580932,-0.7292719971427352,-0.8420830764993569,-0.8415156153268457
0.08,-0.015079034002961421,-0.03455251258693567,-0.0345430598646277,-0.5442450891825508,-0.45030286944691317,-0.4494897280003389,0.0028460515085295653,0.0031650913976775143,0.0031650697742998,0.8377436556922286,-0.4169842784555035,-0.4169842784555035,1.7330041950576538,1.5883158446752597,1.5877246376306295,0.0,2.7777777777777777,-184.0,-0.001163854997919735,0.32957066284779996,-189.0799405194088,0.0,2.7777778591786118,-184.00000247444999,-30.021650985231837,-51.18623047182976,-51.13411434449822,-0.5900199495049329,-1.0741080724023595,-1.0729414385543294
0.09,-0.020556218926173098,-0.03886767163805195,-0.03884684299024152,-0.5475840403298805,-0.4150697383571339,-0.4136325809496944,0.0031417135603868974,0.0031641764565715595,0.0031641400944535008,0.8377436556922286,-0.4169842784555035,-0.4169842784555035,2.046907233549686,1.8335219668257805,1.8322419133620038,0.0,2.7777777777777777,-184.0,-0.002530775392003117,0.48861192507741147,-189.92059920673793,0.0,2.7777778591786118,-184.00000247444999,-33.93693061640868,-55.80381800112996,-55.70914853934707,-0.7291044877267051,-1.08156024677011,-1.0794727017901802
0.1,-0.025999908634892023,-0.042781427508294806,-0.04274161512789073,-0.5390573098644207,-0.37056346190772255,-0.36824375283270405,0.00316759435325727,0.0031630854413930796,0.003163030569547815,0.8377436556922286,-0.4169842784555035,-0.4169842784555035,2.3582132045773037,2.0551595398225424,2.05273953773187,0.0,2.7777777777777777,-184.0,-0.00480383699562667,0.6974343722785747,-190.71149014701277,0.0,2.7777778591786118,-184.00000247444999,-40.27848617964541,-59.648921493181646,-59.48915064398216,-0.8549182048154232,-1.1345536620631553,-1.1310663056157344
0.11,-0.03126891186270968,-0.0462031065214629,-0.04613378786340895,-0.5148033776909977,-0.31790590117504935,-0.31438930995501774,0.0031668824258312854,0.003161888796842059,0.0031618125428741423,0.8377436556922286,-0.4169842784555035,-0.4169842784555035,2.658633765343001,2.2481516568584436,2.2439705893887947,0.0,2.7777777777777777,-184.0,-0.00832997518741661,0.949179957423246,-191.43221542751257,0.0,2.7777778591786118,-184.00000247444999,-46.45216152188725,-62.72891579399021,-62.47659311789464,-0.9536593272697432,-1.1730842650037792,-1.1676361642853745
0.12,-0.02877048265609044,-0.05256388444092923,-0.052451240264481724,-0.47742745447853874,-0.25964341654478534,-0.2545923872639302,0.0031658263819988068,0.003160684938975925,0.0031605865584193185,1.264637646746067,-0.6174374392463308,-0.6174374392463308,2.9403772403076003,2.408685375960089,2.4019321294995533,0.0,4.166666666666666,-184.0,-0.013497512472554665,1.2349701819504457,-192.0653833136439,0.0,4.166666788627427,-184.00000247310643,-41.854730453292234,-69.83457284147595,-69.45949584695347,-0.731634089669474,-1.3419433747791678,-1.3339349730419225
0.13,-0.0334120989717179,-0.05476680968372313,-0.054593644306150144,-0.45035129864538875,-0.18852248884613973,-0.1815972329499576,0.003165092686280481,0.0031593882836875873,0.003159272251965644,1.264637646746067,-0.6174374392463308,-0.6174374392463308,3.2046151755766155,2.530865889238998,2.520535568281977,0.0,4.166666666666666,-184.0,-0.020702104102829227,1.5712301436516183,-192.59842733686807,0.0,4.166666788627427,-184.00000247310643,-47.32077509558683,-71.05624895473971,-70.51975595827365,-0.9526882990150124,-1.2799862893144,-1.268610286855518
0.14,-0.03771001180925058,-0.05626440991586311,-0.056009966941779454,-0.4116202807192848,-0.11824207141884006,-0.10907482678313457,0.003164089306984125,0.003158295555483799,0.003158166937199885,1.264637646746067,-0.6174374392463308,-0.6174374392463308,3.448597421627449,2.612653434580624,2.597535676147708,0.0,4.166666666666666,-184.0,-0.030360308628749763,1.9563695399344783,-193.02286231774022,0.0,4.166666788627427,-184.00000247310643,-52.18611416542772,-71.42435702769069,-70.68360504851697,-1.025234845138143,-1.2677929655079339,-1.2522239510379816
0.15,-0.0415754262279225,-0.057070660896735695,-0.05671052128833237,-0.3650059331308672,-0.05036646987199961,-0.03859800798532814,0.003162954311415874,0.003157419789690809,0.0031572859946873465,1.264637646746067,-0.6174374392463308,-0.6174374392463308,3.667360345107218,2.654979587791907,2.6336548751651625,0.0,4.166666666666666,-184.0,-0.04289154461110997,2.376575107011835,-193.33440246336792,0.0,4.166666788627427,-184.00000247310643,-56.40237414078052,-70.98737903436628,-69.99676390035484,-1.0846032015529345,-1.2427447154747964,-1.222093896040656
0.16,-0.03743174293558209,-0.060658861424241074,-0.06016524322515184,-0.3126994083852846,0.013108364863288473,0.027789974260159132,0.003161776062587175,0.0031567616050602572,0.0031566315943716205,1.6949213999856334,-0.8144214223418295,-0.8144214223418295,3.8574148214299373,2.6598840670142314,2.6307432639165103,0.0,5.555555555555555,-184.0,-0.058669627958271346,2.818667478766951,-193.53295597000596,0.0,5.555555717965612,-184.0000024712306,-49.62630647110327,-74.58151352303695,-73.29851571084454,-0.8201043038553194,-1.3501936556240677,-1.3236940235095616
0.17,-0.04037795900842442,-0.06015031353399524,-0.059492780204880046,-0.2778910090303455,0.0800184102341969,0.0978429288396548,0.003161048330756243,0.003156236997862524,0.0031561266346308197,1.6949213999856334,-0.8144214223418295,-0.8144214223418295,4.024108841906012,2.6269985429164344,2.5882847065618266,0.0,5.555555555555555,-184.0,-0.07797677480527437,3.295510814911965,-193.62259178556485,0.0,5.555555717965612,-184.0000024712306,-53.013167338560635,-72.52518297582908,-70.89741021652661,-1.0055094935274864,-1.2351260711320344,-1.2016952615873029
0.18,-0.042939383324486935,-0.059024287847513734,-0.058170282189562425,-0.2379229803854867,0.13792052763947985,0.15908358006698592,0.003160268691540097,0.0031559237417027397,0.0031558419048312893,1.6949213999856334,-0.8144214223418295,-0.8144214223418295,4.168561819654225,2.559216011669221,2.5090529451951267,0.0,5.555555555555555,-184.0,-0.10103009175311659,3.80252499035107,-193.6102322668072,0.0,5.555555717965612,-184.0000024712306,-55.8417984123743,-69.88326053118895,-67.86127416865845,-1.0434686200731558,-1.1758895652355452,-1.1346746886684353
0.19,-0.04508833269662932,-0.05737038159135484,-0.05628578397558736,-0.19584265744445503,0.18638455166073797,0.2110059766407916,0.003159512911469535,0.0031557621870380564,0.0031557152881011713,1.6949213999856334,-0.8144214223418295,-0.8144214223418295,4.289268832945705,2.4617341401938506,2.39816059661077,0.0,5.555555555555555,-184.0,-0.12797138307003147,4.323646873637203,-193.5053908850291,0.0,5.555555717965612,-184.0000024712306,-58.12343834526784,-66.7792773744045,-64.3159778316182,-1.0716358765609566,-1.111611492255431,-1.0617662410258797
0.2,-0.039243082668865274,-0.058664739448749614,-0.05731478680338155,-0.1530074073767654,0.22467773119236198,0.25277250570678883,0.003158812544133449,0.00315569948567281,0.0031556899674059433,2.128546368772262,-1.0079325314075522,-1.0079325314075522,4.385742218516049,2.3401573785555163,2.261181687895644,0.0,6.944444444444445,-184.0,-0.15882832039239406,4.84428717643678,-193.31982499454264,0.0,6.944444647180646,-184.00000246882576,-49.48274658776216,-68.02312596794715,-65.08339195114503,-0.7774445906344165,-1.1857333926941398,-1.126751059365718
0.21,-0.04066506819308149,-0.05620128139341135,-0.05455187269075032,-0.13194219020559683,0.26180468729248946,0.29324566007848674,0.0031584937703661815,0.0031556934677289114,0.0031557305451677614,2.128546368772262,-1.0079325314075522,-1.0079325314075522,4.4659111015547275,2.1969904605063335,2.100666164008172,0.0,6.944444444444445,-184.0,-0.19347571799506497,5.376709906155796,-193.06718250493913,0.0,6.944444647180646,-184.00000246882576,-51.29547217642777,-64.13473141111514,-60.67116359638024,-0.941479073034371,-1.0495811308619973,-0.9804652863781338
0.22,-0.041857512767044504,-0.053435995053466925,-0.05145455195180271,-0.10882883016148778,0.2868748183573353,0.3214876487383869,0.0031581635302021637,0.0031557199081239714,0.0031557968147175597,2.128546368772262,-1.0079325314075522,-1.0079325314075522,4.532907980278134,2.037179679462915,1.9216507526104565,0.0,6.944444444444445,-184.0,-0.23170017123518927,5.916431449317951,-192.76164866840574,0.0,6.944444647180646,-184.00000246882576,-52.77187526060089,-60.11889226692811,-56.0953980375486,-0.961592169423755,-0.9767648941962042,-0.8970445426732303
0.23,-0.042818870548361775,-0.050481785347922595,-0.04813796512771891,-0.08580103215289364,0.3007675038508718,0.3382877007617361,0.003157854885505569,0.003155745147656914,0.0031558510281271936,2.128546368772262,-1.0079325314075522,-1.0079325314075522,4.58667238184375,1.8671826170840453,1.7307262545469662,0.0,6.944444444444445,-184.0,-0.27320860884451487,6.448200113752873,-192.41766714803427,0.0,6.944444647180646,-184.00000246882576,-53.94161663453617,-56.100521234140594,-51.487391957607564,-0.9765873820139996,-0.9071419980825441,-0.8163749071279985
0.24,-0.03592702378169382,-0.05076451806705031,-0.04803116723460361,-0.06332937074328657,0.30401080454467544,0.3440736880660038,0.0031575733485722235,0.0031557521267857984,0.0031558722529386636,2.5654628969160207,-1.1979673464295078,-1.1979673464295078,4.627645938048464,1.6931288638253883,1.5342112298977628,0.0,8.333333333333332,-184.0,-0.3176056854567707,6.958872104171165,-192.04961811109294,0.0,8.333333576260197,-184.00000246589542,-44.38065545882183,-56.7816119135487,-51.56872642520205,-0.6720619736280731,-0.9807223948073893,-0.878989824644261
0.25,-0.036568380004095666,-0.04769856308230957,-0.044552971568901215,-0.06337917809228262,0.30663657455367205,0.34874234684425337,0.003157573951084335,0.0031557580784156852,0.003155890332529553,2.5654628969160207,-1.1979673464295078,-1.1979673464295078,4.664296979143479,1.5174101312729975,1.3347583208893048,0.0,8.333333333333332,-184.0,-0.3643648668475477,7.4626003371918745,-191.67152059884,0.0,8.333333576260197,-184.00000246589542,-45.58875358388485,-52.8454216634896,-47.00501149475953,-0.8328080055281689,-0.8550234697394126,-0.7416559091886565
0.26,-0.037190214078635195,-0.04466689888935156,-0.041091275135273136,-0.061085061933803524,0.2989592903472963,0.34262066208333825,0.003157546298709799,0.0031557414352514235,0.0031558667997863468,2.5654628969160207,-1.1979673464295078,-1.1979673464295078,4.6997893955947445,1.3442003614321316,1.1368233075493324,0.0,8.333333333333332,-184.0,-0.41293087979678317,7.957197750676699,-191.2960303031284,0.0,8.333333576260197,-184.00000246589542,-46.69849474808656,-49.163681246267345,-42.68545824218775,-0.8527773532993345,-0.7973355401457376,-0.6724440911207764
0.27,-0.03778453709423156,-0.041759955730339846,-0.03774160322854759,-0.05794747826408659,0.2827413030165688,0.32743307168077096,0.003157508807950643,0.003155713855854718,0.003155814739253032,2.5654628969160207,-1.1979673464295078,-1.1979673464295078,4.733656745070337,1.1786191149995349,0.9458196549793682,0.0,8.333333333333332,-184.0,-0.4627370601044412,8.430036525805473,-190.93439670401727,0.0,8.333333576260197,-184.00000246589542,-47.723699067990204,-45.814033869169265,-38.695229291832014,-0.8710895975677144,-0.747705561270389,-0.6113782298809424
0.28,-0.03066031115271961,-0.04231234173765716,-0.03784400717360434,-0.05389661803061748,0.259242302337355,0.30440486824579754,0.0031574609658775177,0.003155692150382752,0.0031557530027835987,3.0056202528953464,-1.3845227226503565,-1.3845227226503565,4.765604982326333,1.025007154223227,0.766402575812054,0.0,9.722222222222221,-184.0,-0.5131874619967877,8.870778268909564,-190.59638375958087,0.0,9.722222505192178,-184.00000246244346,-38.17051408451682,-47.350508334805625,-39.6127737552045,-0.5713688366581824,-0.8421832173414396,-0.6951534048266673
0.29,-0.03130146636727657,-0.03982380312987035,-0.03490431570280361,-0.0707266044781089,0.2389122564304227,0.283909861375413,0.003157663878738208,0.003155690803417409,0.003155715499083245,3.0056202528953464,-1.3845227226503565,-1.3845227226503565,4.803192556628075,0.8836627090081294,0.5992212991240831,0.0,9.722222222222221,-184.0,-0.563624672914017,9.29637303053431,-190.29023059202032,0.0,9.722222505192178,-184.00000246244346,-39.614865328997816,-44.59360232616608,-36.23216390582925,-0.7415662199271776,-0.7442448477391393,-0.5861541518416946
0.3,-0.032078513299041905,-0.037575522390372734,-0.032209435269159675,-0.08293710455327559,0.21260447914766548,0.2569120516312638,0.0031578179242803626,0.0031557130629781245,0.0031556911754201033,3.0056202528953464,-1.3845227226503565,-1.3845227226503565,4.848395386725477,0.7563794057619103,0.4463921511077044,0.0,9.722222222222221,-184.0,-0.613452902115502,9.707462974271598,-190.02207417882582,0.0,9.722222505192178,-184.00000246244346,-41.10673170152511,-42.25726995481982,-33.28816772391257,-0.7721330499381748,-0.7146054266364432,-0.5460794735503974
0.31,-0.032959677805219925,-0.03561348146253801,-0.02981040721466654,-0.09184199368573116,0.1822813907734303,0.22541191842047734,0.003157933882800566,0.0031557723074674285,0.003155698843959813,3.0056202528953464,-1.3845227226503565,-1.3845227226503565,4.899373011508891,0.64571901211704,0.31076434311172974,0.0,9.722222222222221,-184.0,-0.6621478902301818,10.094187531018129,-189.796170590088,0.0,9.722222505192178,-184.00000246244346,-42.630128161399426,-40.36020168686226,-30.805233446286298,-0.8022773114475881,-0.6935152668711391,-0.5150465079392
0.32,-0.026173014511371384,-0.03716588056773831,-0.03094008410308529,-0.09727297101446632,0.14924698535662745,0.19075254364650637,0.003158006100280902,0.0031558777663251185,0.0031557521368726386,3.448966665596679,-1.5675957892444874,-1.5675957892444874,4.954382068871183,0.5534078134143204,0.1943292878090149,0.0,11.11111111111111,-184.0,-0.7092283831667271,10.448799667096642,-189.6150665353187,0.0,11.111111433964691,-184.0000024584738,-33.60888946735859,-43.30980184168828,-33.217454304835606,-0.5135173832424936,-0.8133491337338675,-0.626153611744726
0.33,-0.027289415767451558,-0.03580975433461989,-0.02918019085980621,-0.12124274157453019,0.1236791884103077,0.16308587992724877,0.003158338354989432,0.003155988658718397,0.0031558283957454514,3.448966665596679,-1.5675957892444874,-1.5675957892444874,5.019592478901772,0.4772203161870409,0.09512947807983638,0.0,11.11111111111111,-184.0,-0.7542060658370676,10.79056143674092,-189.47982585348512,0.0,11.111111433964691,-184.0000024584738,-35.695714520044866,-42.05947666005897,-31.440051311089157,-0.6972348112502951,-0.7434799126038222,-0.5472869049270428
0.34,-0.028598910314473328,-0.03472269505149139,-0.027711987390060935,-0.13804466530990678,0.09636376061215761,0.1333836806986285,0.003158584373217599,0.003156135321937761,0.0031559435627136288,3.448966665596679,-1.5675957892444874,-1.5675957892444874,5.095551309967314,0.41650469323067973,0.012714051306125086,0.0,11.11111111111111,-184.0,-0.7967162478181194,11.122216311611608,-189.38970791844412,0.0,11.111111433964691,-184.0000024584738,-37.85875723473321,-41.179816447037524,-30.065700657691472,-0.7403752600439458,-0.7386526436897571,-0.5343566824880049
0.35,-0.03004522420260465,-0.03391037994638774,-0.02654360409356906,-0.14916720284248883,0.06889391007193692,0.10331897478614123,0.0031587531685339813,0.003156312150192727,0.0031560952157974357,3.448966665596679,-1.5675957892444874,-1.5675957892444874,5.179023705540005,0.3715344826573791,-0.05250773037026361,0.0,11.11111111111111,-184.0,-0.8365126016044263,11.435726793165934,-189.34254828435434,0.0,11.111111433964691,-184.0000024584738,-40.05679782670949,-40.64748429243387,-29.07323025483797,-0.7824626974973912,-0.7397089394428445,-0.5279382594071306
0.36,-0.02377908718344386,-0.03650399262227956,-0.02880791281737478,-0.15465925891378526,0.04212213099796924,0.07381307933131998,0.0031588382573960166,0.003156512751589212,0.003156278324038705,3.895449361510757,-1.7471839477341022,-1.7471839477341022,5.266986859806819,0.3419903843789333,-0.10076131800716592,0.0,12.5,-184.0,-0.8734214847065498,11.72483815846865,-189.33508236971878,0.0,12.500000362566114,-184.0000024539906,-31.63004340773886,-44.75100591796476,-32.77890247906068,-0.5028566177368162,-0.8760401051907062,-0.6582189890674552
0.37,-0.025461807325299693,-0.036172035719961616,-0.028175022958085816,-0.17697637218226614,0.02551806104219961,0.05430863977476379,0.0031591958436670677,0.003156651165768851,0.003156417980788276,3.895449361510757,-1.7471839477341022,-1.7471839477341022,5.364539210535023,0.323954241434883,-0.13587387344155405,0.0,12.5,-184.0,-0.9072688482656575,12.009961460571168,-189.36334807068786,0.0,12.500000362566114,-184.0000024539906,-34.335684791638485,-44.59012442875299,-32.231120082148784,-0.6972649774284302,-0.8230260946711178,-0.5986812881371711
0.38,-0.02731166913228654,-0.03600607413375357,-0.027736927359246585,-0.1904702382467359,0.009511339947712047,0.03544665185511316,0.003159421246089148,0.0031567947334844616,0.003156567112059209,3.895449361510757,-1.7471839477341022,-1.7471839477341022,5.471260849793564,0.31535415959052,-0.1599029813684084,0.0,12.5,-184.0,-0.9380196277128205,12.294692826648252,-189.42238415367797,0.0,12.500000362566114,-184.0000024539906,-37.064979790309934,-44.62565302412519,-31.913719528468743,-0.7489253529398686,-0.8303313697077344,-0.6003519201787877
0.39,-0.029257716687699595,-0.035991674011798175,-0.02747835935989027,-0.19695953793402132,-0.004902569924363031,0.018293815195362953,0.0031595321053870286,0.0031569325172265215,0.0031567147306153925,3.895449361510757,-1.7471839477341022,-1.7471839477341022,5.583093830131229,0.31534490394301934,-0.17374595008753377,0.0,12.5,-184.0,-0.9657596338518607,12.571520786721434,-189.50664879174698,0.0,12.500000362566114,-184.0000024539906,-39.765070992444386,-44.82144724943529,-31.789157690048246,-0.7980708013298956,-0.8398666936248022,-0.6047549705882949
0.4,-0.023385392930911922,-0.039184913024691015,-0.030453929476641092,-0.1968140146649287,-0.01745722278296948,0.0031678182733881665,0.0031595296018470187,0.003157059086118262,0.0031568543796024013,4.3450146033180586,-1.9232848701482805,-1.9232848701482805,5.696377189853154,0.32282666819525185,-0.17858826859782725,0.0,13.88888888888889,-184.0,-0.9906348266435877,12.834393266846869,-189.6103865629404,0.0,13.888889290984979,-184.00000244899834,-31.698118352729395,-49.3815450107457,-36.09106323591254,-0.5219099068427009,-0.9787229228922858,-0.7398817720150903
0.41,-0.025456220569480936,-0.03936873973722721,-0.030445375989238157,-0.2129569474994666,-0.0194515878266892,-0.0013023176616623004,0.0031598122125319596,0.0031570797537457587,0.0031568973477303797,4.3450146033180586,-1.9232848701482805,-1.9232848701482805,5.815808863099981,0.3335030201105385,-0.1787946649124946,0.0,13.88888888888889,-184.0,-1.0127574316920505,13.103649815724909,-189.72810049985245,0.0,13.888889290984979,-184.00000244899834,-34.757988317640944,-49.57040302474161,-36.019550012044675,-0.7213715630325769,-0.9284170703300498,-0.6849420178562102
0.42,-0.027629805916130706,-0.03957146399096069,-0.030478838878902327,-0.21984984642707547,-0.020754658973814896,-0.004781540916280693,0.0031599358897101025,0.0031570933406093035,0.0031569313267837086,4.3450146033180586,-1.9232848701482805,-1.9232848701482805,5.940698814812717,0.3451857319804904,-0.17668706236327547,0.0,13.88888888888889,-184.0,-1.0323626475518162,13.382549596532467,-189.85409048170303,0.0,13.888889290984979,-184.00000244899834,-37.76421120876801,-49.77156675190172,-35.98343692613973,-0.7757411297108202,-0.9342597463148239,-0.6868512375480188
0.43,-0.029832599503725077,-0.03978054198979355,-0.030538603878444558,-0.2196017934034849,-0.020865232502843625,-0.0067345630508007905,0.0031599314078143616,0.0031570944965610822,0.003156950606027667,4.3450146033180586,-1.9232848701482805,-1.9232848701482805,6.06685626722207,0.3571649892048437,-0.1731592228747587,0.0,13.88888888888889,-184.0,-1.0497822560806498,13.662986960613303,-189.98282543314946,0.0,13.888889290984979,-184.00000244899834,-40.66521079754745,-49.96097248888198,-35.95508989385361,-0.826280869758347,-0.9395540526524591,-0.6884325090647547
0.44,-0.02409722173200836,-0.04299752332707002,-0.03362279309814708,-0.21282979466705948,-0.019938090014123076,-0.007304113064687086,0.0031598099479458056,0.0031570848187226514,0.003156956256160124,4.7976077297920146,-2.0958964969277063,-2.0958964969277063,6.190637042155209,0.368731845258264,-0.1691156120642503,0.0,15.277777777777777,-184.0,-1.0653725771020652,13.938101094038078,-190.10927562740835,0.0,15.277778219210072,-184.00000244350161,-32.6524211985929,-54.28229504736072,-40.11182359742012,-0.5480911002645633,-1.069476261023875,-0.8159187287812759
0.45,-0.026294046148880215,-0.04313857450668819,-0.03364493261002233,-0.2228135221155682,-0.009828467038906339,0.0015205681201720818,0.003159989618116342,0.0031569814498509756,0.0031568701233020005,4.7976077297920146,-2.0958964969277063,-2.0958964969277063,6.316936630716614,0.37627051112130716,-0.16831926914295575,0.0,15.277777777777777,-184.0,-1.0794028081089622,14.227283753638273,-190.22936860093216,0.0,15.277778219210072,-184.00000244350161,-35.77702227724043,-54.17817880465838,-39.81945271175115,-0.7478140321223894,-1.0117610482987274,-0.7543154801483769
0.46,-0.02853446783901159,-0.04318503021187498,-0.03358308128335551,-0.22402139970174842,-0.000448600287061628,0.010017921057225399,0.00316001161087581,0.003156889081751101,0.003156790037538249,4.7976077297920146,-2.0958964969277063,-2.0958964969277063,6.445333536476138,0.3783965568716943,-0.17235048066398903,0.0,15.277777777777777,-184.0,-1.092237475019575,14.532691619970494,-190.33928894078159,0.0,15.277778219210072,-184.00000244350161,-38.78973641566806,-53.97337115562039,-39.432465212128655,-0.8006225597867398,-1.007687705096394,-0.7468139401134791
0.47,-0.030750561445191907,-0.04313990732298738,-0.03343629290908253,-0.2187080463586271,0.008480436789066532,0.01845959186062708,0.0031599152786110736,0.003156804320565498,0.0031567132492689616,4.7976077297920146,-2.0958964969277063,-2.0958964969277063,6.57196669040078,0.37530315466070047,-0.18124316830444778,0.0,15.277777777777777,-184.0,-1.1043046742266973,14.845000194806605,-190.43576951960574,0.0,15.277778219210072,-184.00000244350161,-41.647072343606304,-53.667522500891394,-38.946579095597166,-0.848940226843705,-1.0020397878371328,-0.7376476399953158
0.48,-0.024929822022082937,-0.045961062649882256,-0.036158596477729815,-0.2075854435679174,0.016668099187492947,0.026528383813906938,0.0031597170792727787,0.0031567293141881144,0.0031566424375979035,5.253173196945098,-2.2650170345774976,-2.2650170345774976,6.693585439343805,0.3672783596245321,-0.1949252760437565,0.0,16.666666666666664,-184.0,-1.1160155264964189,15.156072369061178,-190.51635482656923,0.0,16.66666714723052,-184.00000243750526,-33.47573326023906,-57.35078334826367,-42.49226082471683,-0.5658279077188074,-1.1180963022026238,-0.8513637232129799
0.49,-0.02705474916610806,-0.04570588641865617,-0.03580485998611272,-0.21414073363054356,0.031999132768568896,0.04191491162751795,0.0031598333250611507,0.0031565958642464313,0.003156514412995446,5.253173196945098,-2.2650170345774976,-2.2650170345774976,6.815573029107006,0.3518253414508251,-0.21603132167494773,0.0,16.666666666666664,-184.0,-1.1276368433847899,15.484034443945644,-190.57979688081448,0.0,16.66666714723052,-184.00000243750526,-36.487284597764145,-56.64959479803628,-41.60680199299457,-0.7636145318923102,-1.0498620200906117,-0.7787849353887502
0.5,-0.02919320787612395,-0.04531380665423151,-0.03531160705363114,-0.21269661106863952,0.0447920060524108,0.055125481071280645,0.0031598075766078298,0.00315649149483516,0.00315641183499229,5.253173196945098,-2.2650170345774976,-2.2650170345774976,6.937980439324585,0.3286399156784141,-0.2450394225125152,0.0,16.666666666666664,-184.0,-1.1395066596855141,15.829768947623188,-190.62513754340392,0.0,16.66666714723052,-184.00000243750526,-39.36461919133598,-55.83097652895871,-40.59386451061958,-0.8133651901565428,-1.0344813821704564,-0.75934588557546
0.51,-0.03128510522856885,-0.044805792243367275,-0.03469643173912144,-0.2055067346583765,0.055369736063106856,0.06644401279023604,0.0031596805569371767,0.003156410002293937,0.00315632934809385,5.253173196945098,-2.2650170345774976,-2.2650170345774976,7.057394499333819,0.29894012887199023,-0.2809232278199225,0.0,16.666666666666664,-184.0,-1.1519993371651425,16.18271593457937,-190.65193148459545,0.0,16.66666714723052,-184.00000243750526,-42.07252398106446,-54.916159360275174,-39.471959702074884,-0.8586150925850132,-1.0181189559029535,-0.7386038931009781
0.52,-0.02527460532430889,-0.0470958243885268,-0.03687035713911684,-0.1932444105042103,0.06355076281873685,0.07563569634532104,0.0031594684428873,0.003156349959138503,0.0031562660302425624,5.711654620339391,-2.4306449530710497,-2.4306449530710497,7.170997044278557,0.26398809638122755,-0.32258500751435204,0.0,18.055555555555554,-184.0,-1.1654389469883906,16.53358997691449,-190.66045081620123,0.0,18.055556075035568,-184.00000243101414,-33.6765883408712,-57.93374206308578,-42.31897822872613,-0.5704706504092166,-1.121908967007662,-0.8392198770742819
0.53,-0.02725399080521504,-0.046380043953245756,-0.036028276013380975,-0.1994976636803883,0.07718882550131519,0.09031105080218009,0.003159575899688288,0.0031562556562734403,0.0031561717587320895,5.711654620339391,-2.4306449530710497,-2.4306449530710497,7.284631317962169,0.2222485224241049,-0.3716226733408633,0.0,18.055555555555554,-184.0,-1.179957699840388,16.899492628069023,-190.65202468340954,0.0,18.055556075035568,-184.00000243101414,-36.53791417258642,-56.69247189635338,-40.84175632167406,-0.7665468984203707,-1.0461585441507506,-0.7578205453780429
0.54,-0.02924708925067343,-0.045551446762414925,-0.03506164844363439,-0.19832988106344826,0.08700633617184934,0.10139648456952327,0.0031595557197524006,0.0031561922554888154,0.0031561061128909723,5.711654620339391,-2.4306449530710497,-2.4306449530710497,7.398729125076512,0.17422974398375987,-0.42762379138080847,0.0,18.055555555555554,-184.0,-1.1957509974490776,17.280392213005108,-190.6279909776764,0.0,18.055556075035568,-184.00000243101414,-39.27207018967752,-55.38988005286148,-39.28331848373636,-0.8139619854616386,-1.0235065256484193,-0.7297754193611784
0.55,-0.031199200367819258,-0.044642815721569876,-0.03400129720486816,-0.1919127396391377,0.09352415764440065,0.10935813518183019,0.003159445750818753,0.0031561522382723807,0.003156061922159617,5.711654620339391,-2.4306449530710497,-2.4306449530710497,7.510180831766544,0.12181443990340365,-0.48881557734810727,0.0,18.055555555555554,-184.0,-1.2130408292951051,17.664958106941416,-190.58989386977535,0.0,18.055556075035568,-184.00000243101414,-41.84835742553991,-54.05799927372157,-37.67502691815438,-0.8572148601976903,-1.0013130746925911,-0.7017780584080657
0.56,-0.025009012495882388,-0.04651675875806446,-0.0357083984965194,-0.18082000153284933,0.09678764284146725,0.1141788720885898,0.0031592593432719796,0.0031561328237138713,0.0031560363667604016,6.172994818480228,-2.5927789830078436,-2.5927789830078436,7.616417429479244,0.06680381516653176,-0.5534729403148573,0.0,19.444444444444443,-184.0,-1.2319841561997638,18.043297301683555,-190.53966812038465,0.0,19.4444450026149,-184.00000242403354,-33.27272530678484,-56.64890342136768,-40.02863887255548,-0.5655405382370562,-1.0982388841105069,-0.7943040930148748
0.57,-0.02687301210499951,-0.04549969605657642,-0.03450989717522271,-0.1887087041816395,0.10471103365590266,0.12349534245684626,0.0031593914288449024,0.003156087415276505,0.003155989548519953,6.172994818480228,-2.5927789830078436,-2.5927789830078436,7.723534853923174,0.008131425990466491,-0.6226222237752254,0.0,19.444444444444443,-184.0,-1.252516731409649,18.432064927515857,-190.47995766050596,0.0,19.4444450026149,-184.00000242403354,-36.03985848606335,-55.147922740718364,-38.213598847431,-0.761335659333994,-1.0208982998283949,-0.7097322850421772
0.58,-0.028768043926395676,-0.04442906937458724,-0.033243376894944145,-0.18934680867759823,0.10845503653455381,0.12871004372726674,0.0031594022163462868,0.003156066810442325,0.003155964821767134,6.172994818480228,-2.5927789830078436,-2.5927789830078436,7.832118059923093,-0.05340522773009299,-0.6954672722034456,0.0,19.444444444444443,-184.0,-1.2746517133424868,18.83093864124356,-190.413036121372,0.0,19.4444450026149,-184.00000242403354,-38.6990249097411,-53.66738534040381,-36.39758165421534,-0.8080044911372493,-0.9970226747624362,-0.679007958480002
0.59,-0.030640694565293752,-0.0433401274896656,-0.03194366152850803,-0.1848211633194791,0.10875341654942337,0.13050358449767924,0.0031593260418642816,0.0031560651918548397,0.0031559565626157046,6.172994818480228,-2.5927789830078436,-2.5927789830078436,7.939125596606584,-0.11579507929554346,-0.770019203299809,0.0,19.444444444444443,-184.0,-1.2984406577321064,19.22846018632514,-190.34102358197487,0.0,19.4444450026149,-184.00000242403354,-41.21971337666983,-52.237999212663006,-34.61258683689902,-0.8508611795749064,-0.9750017577110927,-0.6497778147236084
0.6,-0.024341136305891437,-0.04503476669658011,-0.03341269178631284,-0.1756184700732696,0.10586217574236005,0.12907695227383167,0.00315917354438763,0.0031560810218440013,0.0031559631219564687,6.637135857208807,-2.7514181125285178,-2.7514181125285178,8.042006327856404,-0.17723083014735655,-0.8444623614385871,0.0,20.833333333333332,-184.0,-1.3238753938288434,19.61476214057977,-190.26609025238764,0.0,20.833333929958233,-184.00000241656872,-32.54849728484582,-54.72190730247972,-36.791262778668795,-0.5573351659606873,-1.0707756703482787,-0.7400971350009239
0.61,-0.026164204522786727,-0.043960687936364894,-0.03210027231990334,-0.18549276619720756,0.10771692803822575,0.1320663873884776,0.003159337296963257,0.003156070829295382,0.003155949468395193,6.637135857208807,-2.7514181125285178,-2.7514181125285178,8.146890810740002,-0.23882513045142245,-0.9197784677009248,0.0,20.833333333333332,-184.0,-1.3507143275378097,20.006650405881047,-190.1907942254431,0.0,20.833333929958233,-184.00000241656872,-35.300658875028645,-53.27496542031871,-34.95772165073623,-0.754221364354938,-0.9972542565066652,-0.6580213936364395
0.62,-0.028037211703856063,-0.04289133180505516,-0.030781313478226848,-0.18794553376967418,0.10584141035364354,0.13129257767731198,0.0031593785473354487,0.0031560811367170247,0.0031559529691245064,6.637135857208807,-2.7514181125285178,-2.7514181125285178,8.254314987072012,-0.29996998066322067,-0.9952872766228559,0.0,20.833333333333332,-184.0,-1.378825675197406,20.404078637916275,-190.11703659186358,0.0,20.833333929958233,-184.00000241656872,-37.96084350269034,-51.912613356909276,-33.19274122880996,-0.8014203398200671,-0.9770073298539146,-0.6298432823047763
0.63,-0.02990486714097476,-0.04185679083503632,-0.029486528594245266,-0.1850248663135376,0.10109617689376132,0.12757623555897613,0.0031593294538236373,0.0031561078281160575,0.0031559701076774886,6.637135857208807,-2.7514181125285178,-2.7514181125285178,8.361126948853386,-0.35895758416693085,-1.0692441872723493,0.0,20.833333333333332,-184.0,-1.4081433871965718,20.79597587979812,-190.04632182865996,0.0,20.833333929958233,-184.00000241656872,-40.49614027450419,-50.656404271214726,-31.52037625918556,-0.8449736393598802,-0.9593739495984421,-0.6040569261851516
0.64,-0.023567175128973106,-0.04359156635837285,-0.030951342439108593,-0.17718144838672378,0.09384625868648265,0.12124457713977879,0.003159199217494169,0.0031561503036177906,0.0031560005490085235,7.104019095007103,-2.9065615839906056,-2.9065615839906056,8.464643062927278,-0.41435082900401166,-1.1401539916145564,0.0,22.22222222222222,-184.0,-1.4385591106999207,21.172947410850227,-189.98000266187677,0.0,22.222222857055737,-184.0000024086252,-31.793791330172304,-53.27179033638242,-33.78718468952184,-0.550548286720594,-1.0574832744393279,-0.6962085923072713
0.65,-0.02541310200864666,-0.04265907382872097,-0.029742186460184866,-0.18831550633507846,0.09193628472379475,0.11982595679111485,0.0031593847893196985,0.0031561618347180492,0.0031560075840194957,7.104019095007103,-2.9065615839906056,-2.9065615839906056,8.570906987199116,-0.46762250130798283,-1.2093062465179079,0.0,22.22222222222222,-184.0,-1.4697266847386576,21.55232334775622,-189.91966275792424,0.0,22.222222857055737,-184.0000024086252,-34.58337520247621,-52.081783540095174,-32.166413592195646,-0.7491628336291223,-0.9905352332297432,-0.6199626442202413
0.66,-0.027319805666051494,-0.041764317789689163,-0.028566128393398987,-0.1917178126185534,0.08713338788427677,0.11544741393707351,0.0031594424348497033,0.003156191459611978,0.0031560297927330175,7.104019095007103,-2.9065615839906056,-2.9065615839906056,8.680314523226746,-0.5186005924789447,-1.2764255719340136,0.0,22.22222222222222,-184.0,-1.5014496039151957,21.934635439449703,-189.86612032804314,0.0,22.222222857055737,-184.0000024086252,-37.286858653826606,-51.00084967439336,-30.647552128139743,-0.7973469109117763,-0.9758847209666026,-0.5969229406798248
0.67,-0.029229020378237186,-0.04092901003897006,-0.027445767044827752,-0.18945108041085124,0.08030529769494711,0.1089524335551535,0.0031594039805855154,0.0031562351235270743,0.0031560641142011096,7.104019095007103,-2.9065615839906056,-2.9065615839906056,8.789543463209261,-0.5660584716793249,-1.3402343330770228,0.0,22.22222222222222,-184.0,-1.5336289123737887,22.309422049469788,-189.81973177851927,0.0,22.222222857055737,-184.0000024086252,-39.868623314155,-50.03980382438799,-29.244161588351734,-0.8418517889917757,-0.9638347094738718,-0.5764205562610544
0.68,-0.02289103549937005,-0.04281821197645855,-0.029047175730696657,-0.18197967898525816,0.07180847314190848,0.10067687233706112,0.003159278612269994,0.0031562919947583853,0.00315611022888206,7.573585229126211,-3.0582088904082383,-3.0582088904082383,8.895747076867927,-0.6090391310709747,-1.3997129494308755,0.0,23.61111111111111,-184.0,-1.566141837264021,22.66790286671581,-189.78067846831124,0.0,23.61111178389777,-184.0000024002087,-31.156972538010386,-52.86786270777083,-31.71674840149397,-0.5466061892217426,-1.0647530594472967,-0.6715424917164325
0.69,-0.02478671781948505,-0.04211020066052584,-0.028051793251156962,-0.19338622016944476,0.06928154332710319,0.09792202368338579,0.003159470863330154,0.0031563094504768914,0.0031561261725013704,7.573585229126211,-3.0582088904082383,-3.0582088904082383,9.004875152602116,-0.6494188983214442,-1.4565459385662214,0.0,23.61111111111111,-184.0,-1.5986206834437557,23.028003501615515,-189.74940084984436,0.0,23.61111178389777,-184.0000024002087,-33.99540670421435,-51.97542102869203,-30.385916736343756,-0.7468469976555157,-1.004143417916221,-0.6015218624937556
0.7,-0.026744374497386536,-0.04144173142648531,-0.027098290492396936,-0.19679804487902147,0.06463523388893622,0.09301986580396286,0.0031595293271563596,0.0031563421953676365,0.003156155275352999,7.573585229126211,-3.0582088904082383,-3.0582088904082383,9.117201293458304,-0.6874448311614881,-1.510888181702385,0.0,23.61111111111111,-184.0,-1.630884716680903,23.390833772554803,-189.72562272568558,0.0,23.61111178389777,-184.0000024002087,-36.74492731347197,-51.178593990071796,-29.15215783169876,-0.7957857758816973,-0.9942418478462343,-0.5833858043248351
0.71,-0.02870341688193201,-0.04082728942860566,-0.02620160584088905,-0.19432446341233112,0.05865263237866776,0.08673909636927024,0.0031594868967218985,0.003156385595241954,0.003156193931584431,7.573585229126211,-3.0582088904082383,-3.0582088904082383,9.229272176457208,-0.7223001627557438,-1.56189748546345,0.0,23.61111111111111,-184.0,-1.6628781310984957,23.746473010905813,-189.70868207043995,0.0,23.61111178389777,-184.0000024002087,-39.36838425874436,-50.48078311298046,-28.021062914692184,-0.8409089960760857,-0.9863902137788757,-0.5673584307969999
0.72,-0.02236640109846119,-0.04286449117821235,-0.027959820031933452,-0.18646849809078625,0.051603089798827405,0.07933870739461077,0.003159353679350256,0.0031564385222974728,0.003156241451393812,8.04577434244763,-3.206359771659947,-3.206359771659947,9.338132896584264,-0.7533889642759521,-1.6089468983672737,0.0,25.0,-184.0,-1.6945331931798013,24.08662869922059,-189.69784722553013,0.0,25.0000007104751,-184.0000023913248,-30.63597211670719,-53.46002547908924,-30.671897350785088,-0.5444212980863155,-1.08831555587791,-0.6641921568654181
0.73,-0.02430509467980127,-0.0423492118538998,-0.027171564752284317,-0.19750394025034396,0.0508516974279216,0.0778158420688469,0.0031595414782470453,0.0031564442776515576,0.003156251494800681,8.04577434244763,-3.206359771659947,-3.206359771659947,9.44970262444478,-0.78283114756755,-1.6539870034460982,0.0,25.0,-184.0,-1.7255211807515414,24.42965289292144,-189.69279496725875,0.0,25.0000007104751,-184.0000023913248,-33.507463173966116,-52.77691010732318,-29.573846888810227,-0.7458408092548331,-1.0318542331231966,-0.598674846930438
0.74,-0.02630126342797523,-0.04185322211862087,-0.02640990302329134,-0.2004166429397443,0.04840865449843529,0.07465702246668983,0.003159591816508053,0.0031564631420927056,0.003156272615446377,8.04577434244763,-3.206359771659947,-3.206359771659947,9.564206201880504,-0.8111030170434811,-1.6974399743351523,0.0,25.0,-184.0,-1.7557303037798908,24.77701961263434,-189.6926102875748,0.0,25.0000007104751,-184.0000023913248,-36.284089708428965,-52.15515804819449,-28.54426879432792,-0.7950670257037947,-1.0242741630921919,-0.5834267302389811
0.75,-0.028293366684754823,-0.04138743780747149,-0.025685373567014603,-0.1973659831093205,0.04493870035092075,0.07051361664238591,0.003159539102004981,0.0031564903349292446,0.0031563009084093494,8.04577434244763,-3.206359771659947,-3.206359771659947,9.678137940298635,-0.8375862930509569,-1.7387099041744867,0.0,25.0,-184.0,-1.785193013313284,25.119100168357217,-189.69612537818614,0.0,25.0000007104751,-184.0000023913248,-38.92860527570433,-51.59603236186083,-27.585617402285262,-0.8403534682308261,-1.0180421281107346,-0.5696397617539017
0.76,-0.02193866026154606,-0.043485939188583025,-0.02753166438159592,-0.1888915179293988,0.04060559400923264,0.06554047844947429,0.003159394517830305,0.0031565249491943915,0.003156335749738834,8.52052595098531,-3.351014210467858,-3.351014210467858,9.788513439802951,-0.861821160747485,-1.7773546782620242,0.0,26.38888888888889,-184.0,-1.8139327324612395,25.44781872943694,-189.70225008474813,0.0,26.388889636778583,-184.00000238197964,-30.154210927685927,-54.59237082936526,-30.30203053301031,-0.5421957458830089,-1.1183596251405359,-0.6658581533299311
0.77,-0.02389898499640819,-0.04306622733503386,-0.026868415472481123,-0.19944401876794626,0.04249469543458694,0.06641428310900452,0.003159574971541441,0.003156509768706921,0.003156329558226468,8.52052595098531,-3.351014210467858,-3.351014210467858,9.901294177430263,-0.8859401635604417,-1.8153716255790684,0.0,26.38888888888889,-184.0,-1.8416856095753,25.78167408474896,-189.71048083667844,0.0,26.388889636778583,-184.00000238197964,-33.03871052893322,-53.978543223884635,-29.31369565879289,-0.7444280105255132,-1.0634298857781168,-0.6024228697610777
0.78,-0.025911843557107572,-0.04263907167411528,-0.026206929085543063,-0.20186617176831143,0.042727636971504716,0.065782079663133,0.0031596169875602815,0.003156507906436002,0.003156334034853884,8.52052595098531,-3.351014210467858,-3.351014210467858,10.01672600039175,-0.9104213049547645,-1.8532301017165442,0.0,26.38888888888889,-184.0,-1.86842721357795,26.122214883990928,-189.71983714107705,0.0,26.388889636778583,-184.00000238197964,-35.82430676004167,-53.39153089445168,-28.36076249536586,-0.7936401851825314,-1.0556724506242938,-0.5876921704933231
0.79,-0.02791585961543988,-0.04221564070074535,-0.025557101586708375,-0.19835147510001694,0.04187081382717005,0.06419016849313362,0.003159556092440277,0.0031565147667702437,0.0031563453760702674,8.52052595098531,-3.351014210467858,-3.351014210467858,10.131313919866999,-0.9346270265979397,-1.8903659932146175,0.0,26.38888888888889,-184.0,-1.8942890207568752,26.45981587177957,-189.72919611557236,0.0,26.388889636778583,-184.00000238197964,-38.47446519021634,-52.83487169680276,-27.44690830904472,-0.8388648944576809,-1.0487381274259227,-0.5738799596103766
0.8,-0.021525001287031054,-0.04427004700299253,-0.02739180496769198,-0.18945812738413637,0.04001239556748225,0.061712270146831304,0.003159404099832587,0.003156529744647538,0.0031563632255514045,8.997779051935222,-3.4921724281528865,-3.4921724281528865,10.242097265912845,-0.9580311548832585,-1.926318665001587,0.0,27.77777777777778,-184.0,-1.9193884338422487,26.786340656013014,-189.73762681602707,0.0,27.777778562799575,-184.00000237217915,-29.646631337453805,-55.72020985416441,-30.105724373671993,-0.53891283406833,-1.1453631055313707,-0.6674013820310288
0.81,-0.023489786992222594,-0.043844627844362466,-0.02675498287084329,-0.1997903900547672,0.04399632109128009,0.06473486192241114,0.003159580966266504,0.0031564978008588596,0.0031563414844223954,8.997779051935222,-3.4921724281528865,-3.4921724281528865,10.35512064480667,-0.9825967249116243,-1.9629447747503475,0.0,27.77777777777778,-184.0,-1.9435205294196205,27.12017578113679,-189.74491864010227,0.0,27.777778562799575,-184.00000237217915,-32.53591190919017,-55.05855333181935,-29.1103501737226,-0.7418897558954749,-1.0901497145155685,-0.6041481306619326
0.82,-0.0255050847252713,-0.04339195388001436,-0.02609911487417333,-0.20203450226252467,0.04610002510065569,0.06610674210026826,0.003159619915777365,0.003156481181908165,0.0031563317339785577,8.997779051935222,-3.4921724281528865,-3.4921724281528865,10.470682336268379,-1.0086456565353905,-2.0005950893283933,0.0,27.77777777777778,-184.0,-1.9667369099002858,27.46270501803159,-189.75043571041553,0.0,27.777778562799575,-184.00000237217915,-35.32608968257313,-54.4031390446937,-28.127386649598044,-0.7911072945666672,-1.080711742606197,-0.5882926005351543
0.83,-0.02751006541795653,-0.04292578052809137,-0.02543596885179892,-0.19839756813092344,0.04683954022613573,0.06631215517602655,0.0031595568880113546,0.003156475380719403,0.0031563302803399047,8.997779051935222,-3.4921724281528865,-3.4921724281528865,10.585318843038074,-1.035390136212183,-2.0385957502112735,0.0,27.77777777777778,-184.0,-1.9892513600819048,27.804094187560697,-189.75344410767178,0.0,27.777778562799575,-184.00000237217915,-37.98129116572468,-53.76177268087105,-27.163991827388376,-0.8363620712218053,-1.0719019297952483,-0.5730872924906246
0.84,-0.021076669220621347,-0.044862101021696146,-0.027179672742193094,-0.18943735356597258,0.04627771500933051,0.06538989815576302,0.003159403748308774,0.003156479786064044,0.0031563368197067964,9.477472172178379,-3.6298348801693767,-3.6298348801693767,10.69610281810818,-1.062135093666184,-2.0763519997627915,0.0,29.166666666666664,-184.0,-2.011253051484758,28.135965659388365,-189.7534472464821,0.0,29.166667488529466,-184.0000023619296,-29.10449887103531,-56.46575530224374,-29.685031098887485,-0.5348162594289072,-1.163984602819801,-0.6628378355495846
0.85,-0.023041937605348922,-0.04436939401246884,-0.026500052150696195,-0.19989210133888594,0.05106997648802632,0.06948369286345682,0.003159582727470086,0.00315644260346165,0.003156308044904298,9.477472172178379,-3.6298348801693767,-3.6298348801693767,10.80916046362488,-1.0906013421115257,-2.115491212352354,0.0,29.166666666666664,-184.0,-2.0325674517184216,28.476444674043154,-189.7507278749007,0.0,29.166667488529466,-184.0000023619296,-32.004810373871614,-55.704177021081904,-28.617194377884875,-0.7387253851806024,-1.1079888702990965,-0.5989759594638958
0.86,-0.025059020122950332,-0.04384286250712238,-0.025791888395555268,-0.2022797721664897,0.05369690503557236,0.07169164835308268,0.003159624184326787,0.0031564226003888574,0.0031562927962882027,9.477472172178379,-3.6298348801693767,-3.6298348801693767,10.924832790146102,-1.1209102920522511,-2.1561843057480465,0.0,29.166666666666664,-184.0,-2.0532911928867352,28.82663543249177,-189.74512305215615,0.0,29.166667488529466,-184.0000023619296,-34.808443226266704,-54.94632244953091,-27.554324288834405,-0.788193678592282,-1.0966872021165621,-0.5814948926422849
0.87,-0.02706734745416281,-0.0432991970103706,-0.025069475616808876,-0.19880779779171906,0.05467127164294245,0.07248097004915059,0.003159563972171343,0.00315641524919492,0.0031562873911206895,9.477472172178379,-3.6298348801693767,-3.6298348801693767,11.039670586234045,-1.152106597661492,-2.1976127279424427,0.0,29.166666666666664,-184.0,-2.073686973005646,29.17641673748168,-189.73634909394232,0.0,29.166667488529466,-184.0000023619296,-37.47958738387398,-54.203762364902325,-26.50701274680664,-0.8337479152884933,-1.0861182233117468,-0.5646694831497076
0.88,-0.020597509703353722,-0.04509618148215891,-0.02668842957047997,-0.19002335769049886,0.054073851768142445,0.0718975724729573,0.003139527797225319,0.003156419752101543,0.0031562913838089433,9.959543417142768,-3.7640022514240288,-3.7640022514240288,11.150751850258086,-1.183334858660414,-2.2390378105999242,0.0,30.555555555555554,-184.0,-2.0939801719789917,29.517116904871276,-189.72433748675093,0.0,30.55555641396026,-184.00000235123719,-28.761320319572857,-56.72099513101164,-28.862084989377607,-0.5367772596719588,-1.1738803304139553,-0.6504096287575543
0.89,-0.022569978898614035,-0.04452786196310156,-0.025944213327796062,-0.20075163544707078,0.058414963194032235,0.07588397934497146,0.0031595976265748034,0.003156387348140486,0.0031562643655525177,9.959543417142768,-3.7640022514240288,-3.7640022514240288,11.264241403931852,-1.2161068231137444,-2.281871362525563,0.0,30.555555555555554,-184.0,-2.1139881400122884,29.866554587121435,-189.7097860010774,0.0,30.55555641396026,-184.00000235123719,-31.491049005147094,-55.879212290831546,-27.725086582146577,-0.7360043555217343,-1.117871081761988,-0.5864528292553849
0.9,-0.024597233078997027,-0.04393124424911947,-0.02517344086452053,-0.20342140435389683,0.06040333253829461,0.07781280259745772,0.0031596440826919293,0.00315637275090029,0.0031562515149365427,9.959543417142768,-3.7640022514240288,-3.7640022514240288,11.380512511554931,-1.250393810344908,-2.3261347059014468,0.0,30.555555555555554,-184.0,-2.133812332312476,30.225622203418926,-189.6929095327478,0.0,30.55555641396026,-184.00000235123719,-34.32067482916512,-55.047422515005024,-26.589761669423112,-0.7859766036145445,-1.105521654615478,-0.5677940195864982
0.91,-0.026618366400282478,-0.043324795263922036,-0.02439209735649959,-0.20019598019523446,0.06057808026662552,0.07816603189161192,0.0031595879916853885,0.00315637147537679,0.00315624917727557,9.959543417142768,-3.7640022514240288,-3.7640022514240288,11.49609792694487,-1.2851407279477982,-2.370913815050668,0.0,30.555555555555554,-184.0,-2.1537265607998117,30.583962279761007,-189.67372202214156,0.0,30.55555641396026,-184.00000235123719,-37.0197218507575,-54.24354709138519,-25.47727308714247,-0.8320569937670813,-1.0941640981565264,-0.5499585226360939
0.92,-0.02012313930516227,-0.045006713166118664,-0.02589622435063372,-0.19161290953611337,0.05905864572168416,0.07701871073999887,0.0030227624817796483,0.0031563826058269235,0.0031562567879561323,10.443930519929495,-3.894675451382898,-3.894675451382898,11.608026905171124,-1.319413984132665,-2.415391218647389,0.0,31.944444444444443,-184.0,-2.1739569853846756,30.932634263219175,-189.6523783224034,0.0,31.94444533908398,-184.00000234010827,-29.438853535590326,-56.60035070698164,-27.65058659650156,-0.5690588219186334,-1.17800203937256,-0.6310948660712727
0.93,-0.02210818296492434,-0.04439476381102628,-0.025105208689328806,-0.20215466898773074,0.0622482619893053,0.08016490377544999,0.0031596220068115495,0.0031563593442935052,0.003156236040368734,10.443930519929495,-3.894675451382898,-3.894675451382898,11.722251589604546,-1.3546188017069114,-2.4608560904908905,0.0,31.944444444444443,-184.0,-2.1942899111859875,31.288735750185907,-189.629591639437,0.0,31.94444533908398,-184.00000234010827,-31.026163568011594,-55.755808231866844,-26.523995556541465,-0.7342027834121886,-1.12378836165532,-0.5691812783397812
0.94,-0.024150945475121532,-0.0437663811920622,-0.024296647495322038,-0.2050830620738723,0.06304129258098126,0.08117715035391206,0.0031596731332019217,0.0031563536222586073,0.0031562294470883698,10.443930519929495,-3.894675451382898,-3.894675451382898,11.839425689645038,-1.3906572633679926,-2.507231918319526,0.0,31.944444444444443,-184.0,-2.2147747077441946,31.65369174590658,-189.60596746854964,0.0,31.94444533908398,-184.00000234010827,-33.88450804159321,-54.91056735175194,-25.358180907921113,-0.7847187410176081,-1.1115705817728276,-0.5502347174368464
0.95,-0.026189791602145157,-0.04314008892774638,-0.0234867572619947,-0.20204606046271115,0.06203211277230994,0.08060464210606082,0.0031596201168790803,0.0031563609081416344,0.003156233171224097,10.443930519929495,-3.894675451382898,-3.894675451382898,11.956036353148018,-1.4264734645547268,-2.5535936377123343,0.0,31.944444444444443,-184.0,-2.2356653898570835,32.01702743887473,-189.58158300614235,0.0,31.94444533908398,-184.00000234010827,-36.61271437712906,-54.10824426055538,-24.22655654646063,-0.8313299691060858,-1.1005941300888864,-0.5323049162478058
0.96,-0.019674430247872243,-0.04475280662488744,-0.024910540174096517,-0.19357759801762894,0.05937581447314168,0.07855206008316419,0.002948511112936046,0.0031563802750235216,0.0031562466281102874,10.930570890608767,-4.021855608971154,-4.021855608971154,12.069055700128711,-1.461152975818937,-2.5991291701503516,0.0,33.33333333333333,-184.0,-2.257160743626617,32.36969351953038,-189.55659562017428,0.0,33.33333426389309,-184.00000232854944,-29.75952795613634,-56.37849068583448,-26.284596713042177,-0.5899227012484524,-1.1819572721223168,-0.6102970608155897
0.97,-0.021671905264145003,-0.044144161403630186,-0.024109491422501655,-0.20339112150122088,0.06138215015322871,0.08069910530367812,0.0031596435542318255,0.00315636562160046,0.0031562325558664216,10.930570890608767,-4.021855608971154,-4.021855608971154,12.183967158076491,-1.4961011392279466,-2.6451113191900077,0.0,33.33333333333333,-184.0,-2.2790107347187933,32.727644690777524,-189.5313167432385,0.0,33.33333426389309,-184.00000232854944,-30.60009697623963,-55.58093508991366,-25.198765327927198,-0.7329475266852835,-1.130242331516318,-0.5507397099463514
0.98,-0.023728091878228386,-0.043530615810159184,-0.023301119137922724,-0.20650152265900185,0.061072395322730816,0.08072137161622021,0.0031596980146700116,0.0031563678736933115,0.0031562324108685372,10.930570890608767,-4.021855608971154,-4.021855608971154,12.301920424268548,-1.5312270911641592,-2.6914202047771982,0.0,33.33333333333333,-184.0,-2.3011697934756974,33.09349772668692,-189.50671763484556,0.0,33.33333426389309,-184.00000232854944,-33.47891704790492,-54.78020558824102,-24.050422270615226,-0.7838458408854112,-1.1191054995423348,-0.5323332902142888
0.99,-0.02578179103195527,-0.04292940920266816,-0.022500705342665017,-0.20357542377752572,0.05910519818690133,0.0792730535886031,0.003159646770992235,0.0031563822634780043,0.0031562418825220873,10.930570890608767,-4.021855608971154,-4.021855608971154,12.419388052562786,-1.565551990165098,-2.7371894942983217,0.0,33.33333333333333,-184.0,-2.3238545480839363,33.456877210176025,-189.48277999415444,0.0,33.33333426389309,-184.00000232854944,-36.2273037076663,-54.032500712725444,-22.94538899563224,-0.8308135872888656,-1.1093384841989153,-0.5150638802732151
1.0,-0.019243777003648377,-0.044514970667781664,-0.023881075859419183,-0.19514831744364336,0.05565310160152568,0.07647485486427517,0.0029238233530217107,0.0031564078790486403,0.003156260413500719,11.419401665591604,-4.145544067270049,-4.145544067270049,12.533298234679238,-1.5982496411162426,-2.7816770389339687,0.0,34.72222222222222,-184.0,-2.347225865601854,33.808781612842594,-189.45950826162684,0.0,34.72222318838043,-184.0000023165671,-29.568338581440262,-56.27537768176285,-24.954552594210522,-0.5950072836665814,-1.1892880492374374,-0.5913037648557062
1.01,-0.02125018722871297,-0.043947757918666494,-0.023104841781600334,-0.20405336245893793,0.05691665226923,0.07788853734593515,0.00315965511879532,0.003156398449339029,0.003156251013316935,11.419401665591604,-4.145544067270049,-4.145544067270049,12.648674138958537,-1.6307829302720238,-2.826196686002749,0.0,34.72222222222222,-184.0,-2.3709958070402988,34.164143905210764,-189.43669085246793,0.0,34.72222318838043,-184.0000023165671,-30.176319862691216,-55.552194124832575,-23.923735781969537,-0.7314875267167164,-1.1402430406039261,-0.533945119740804
1.02,-0.02331378652580776,-0.04338229086684113,-0.02232836420121609,-0.2072992015134469,0.05601391107794406,0.07724770589893529,0.003159712040366039,0.0031564051800401826,0.0031562552648361775,11.419401665591604,-4.145544067270049,-4.145544067270049,12.767059560869946,-1.6631213352937904,-2.870641134176678,0.0,34.72222222222222,-184.0,-2.3950270371745206,34.526629627038695,-189.4154473644985,0.0,34.72222318838043,-184.0000023165671,-33.06434659028634,-54.82826810980342,-22.82585482716541,-0.782579266428407,-1.1305833959807758,-0.5165387605080377
1.03,-0.025375958409714322,-0.042834011809898605,-0.02156552512718999,-0.20445556850252786,0.05365007744634666,0.07530937550331236,0.0031596621505368457,0.003156422954613731,0.0031562682218126883,11.419401665591604,-4.145544067270049,-4.145544067270049,12.885017072675929,-1.6943921012456669,-2.9142304671324446,0.0,34.72222222222222,-184.0,-2.419496106842538,34.886266006130064,-189.39565621678986,0.0,34.72222318838043,-184.0000023165671,-35.822040948650404,-54.159461069541365,-21.774903054562518,-0.8297111374286632,-1.1222725742980353,-0.5002808901087027
1.04,-0.01880983841803377,-0.04441448901377151,-0.022926509145003347,-0.19606164551235275,0.049993708751607226,0.07219264211766555,0.002912032267745176,0.0031564508763391383,0.003156289362738782,11.91035975698433,-4.265742378015444,-4.265742378015444,12.99944538461658,-1.7238786379583286,-2.9563193135200923,0.0,36.11111111111111,-184.0,-2.4445360728655596,35.23417168242745,-189.37711379384152,0.0,36.11111211253885,-184.00000230416813,-29.20499056017585,-56.39435771530643,-23.76388965189312,-0.5950429238736701,-1.2010068405985268,-0.5752212711405551
1.05,-0.020820387682948388,-0.04390487222015678,-0.022194831186938296,-0.2039791352514022,0.05111805208452802,0.07333496031263415,0.00315965382175576,0.00315644223497313,0.003156281570434674,11.91035975698433,-4.265742378015444,-4.265742378015444,13.11500474368868,-1.7531056353800203,-2.9982720902689994,0.0,36.11111111111111,-184.0,-2.4698317222693444,35.5844991988909,-189.35914092099492,0.0,36.11111211253885,-184.00000230416813,-29.71481356070524,-55.75058458958386,-22.797490288973258,-0.727216559594707,-1.1545376819454003,-0.5200827201527289
1.06,-0.022884436986114115,-0.04339755509091626,-0.021465190462957973,-0.20741672342480091,0.0502132043533997,0.07248541921900457,0.0031597141088060164,0.0031564491854998555,0.0031562873607221377,11.91035975698433,-4.265742378015444,-4.265742378015444,13.233425327305333,-1.7821132602022185,-3.0400221520996764,0.0,36.11111111111111,-184.0,-2.495186679371222,35.941487425871365,-189.34281250084928,0.0,36.11111211253885,-184.00000230416813,-32.60360825700812,-55.104276471910055,-21.760250060875514,-0.7802715882109591,-1.1461605591690782,-0.5036273121720639
1.07,-0.02494855776285712,-0.04290648770052461,-0.02075032645376316,-0.20470925482495514,0.04801810696578679,0.0705069842161279,0.0031596665888691967,0.003156466179299354,0.003156300954234299,11.91035975698433,-4.265742378015444,-4.265742378015444,13.35150213262266,-1.8101166224556948,-3.0808613279861454,0.0,36.11111111111111,-184.0,-2.5207457570800926,36.29587809061705,-189.32802223966786,0.0,36.11111211253885,-184.00000230416813,-35.36313664549114,-54.50825756683859,-20.76810612742313,-0.8274563788909073,-1.1390398785761704,-0.4883310093013854
1.08,-0.01834911743025061,-0.04448027158295726,-0.022093048505787166,-0.19629665155080742,0.044819125775060135,0.06889970525188498,0.002901598853091109,0.003156491280337578,0.003156312109788467,12.403381901833914,-4.3824522959027945,-4.3824522959027945,13.46608548821677,-1.8365221242922316,-3.1205798901104425,0.0,37.5,-184.0,-2.547254408504396,36.63917881134687,-189.31389102172298,0.0,37.500001036361795,-184.00000229135898,-28.759563105651814,-56.72187999479751,-22.704024702877046,-0.5938775360910163,-1.216964586337772,-0.5457013995223969
1.09,-0.02035982495121136,-0.04402125441418963,-0.021396873042108536,-0.20330460606827572,0.04622380054117037,0.06982798465786744,0.0030857689467363404,0.0031564802094597366,0.003156305654660004,12.403381901833914,-4.3824522959027945,-4.3824522959027945,13.581596239588066,-1.8628690426255066,-3.160500924193557,0.0,37.5,-184.0,-2.5742838340116228,36.98492641957475,-189.29952879993436,0.0,37.500001036361795,-184.00000229135898,-29.920333327246478,-56.12603561148603,-21.75476386680907,-0.7308984094120304,-1.1716478262518006,-0.5072976682419652
1.1,-0.022418365875509133,-0.043560891373344006,-0.02070238783735886,-0.20700948457330007,0.045694706063986124,0.06897527301751952,0.003159706943447491,0.003156484370487752,0.003155740583996405,12.403381901833914,-4.3824522959027945,-4.3824522959027945,13.69972188023284,-1.889208294097675,-3.2002367506537466,0.0,37.5,-184.0,-2.600983510955812,37.33697701266396,-189.28635479878304,0.0,37.500001036361795,-184.00000229135898,-32.07548767758123,-55.54901150454148,-20.799023153106827,-0.7766039178808006,-1.164251344721031,-0.4920107255509097
1.11,-0.024479440885401715,-0.04311189489934646,-0.020016276595320362,-0.20444044584499246,0.044128581673086295,0.06867650238541756,0.003159661886037562,0.003156496750951636,0.002994285091700022,12.403381901833914,-4.3824522959027945,-4.3824522959027945,13.817630323152606,-1.9148395338525213,-3.2395442878436795,0.0,37.5,-184.0,-2.628248904685524,37.68748614202632,-189.27384692862762,0.0,37.500001036361795,-184.00000229135898,-34.768916507511236,-54.92667216108655,-21.137594270710863,-0.8226085636671213,-1.1564193512220184,-0.5002254682402132
1.12,-0.01784251902572148,-0.04465931458149521,-0.021299727003834902,-0.19608696833500772,0.041696681160006466,0.06973691119156508,0.0028902459476176073,0.003156516164488827,0.0031563062864882214,12.898404711173644,-4.495675772702802,-4.495675772702802,13.932073022060587,-1.939308498601599,-3.2792934386224406,0.0,38.888888888888886,-184.0,-2.6586725313071637,38.028811697680275,-189.25955998867997,0.0,38.88888995984296,-184.0000022781467,-28.24336067566615,-57.1636282630992,-21.612114457780336,-0.5910815201356135,-1.2340324841229409,-0.5195625586966847
1.13,-0.019851993747145358,-0.044229896737146404,-0.02059905410026972,-0.20291347394540646,0.043444124663400266,0.07014371637752784,0.0029707795320701707,0.0031565021916350076,0.0031359334822037765,12.898404711173644,-4.495675772702802,-4.495675772702802,14.047485030962832,-1.9639821887554294,-3.3194568494323313,0.0,38.888888888888886,-184.0,-2.689508598227327,38.373128872479,-189.2444595703449,0.0,38.88888995984296,-184.0000022781467,-30.49956860290353,-56.573345440167486,-20.77888533084844,-0.7495991134060771,-1.1891561944281714,-0.49543787864025857
1.14,-0.021901782770849115,-0.043794072107755454,-0.019894330180839838,-0.2062122406164319,0.04353690565736734,0.07103278074248161,0.0031596929341375316,0.0031565014530607815,0.002971598743904574,12.898404711173644,-4.495675772702802,-4.495675772702802,14.165102043400582,-1.988952151414959,-3.35989489980047,0.0,38.888888888888886,-184.0,-2.7203100202795323,38.72344935277364,-189.22930681710977,0.0,38.88888995984296,-184.0000022781467,-31.406492256806917,-55.96794789999228,-21.180541345848535,-0.770306987593937,-1.1811919458536686,-0.5024514404161126
1.15,-0.023956312173428862,-0.04336299941463714,-0.019174114395590143,-0.20394409707082872,0.04258735983870753,0.07274752756347178,0.0031596532095742496,0.003156509027640842,0.0029158577607977625,12.898404711173644,-4.495675772702802,-4.495675772702802,14.282654225221972,-2.0135899808296043,-3.401255183462967,0.0,38.888888888888886,-184.0,-2.7535874725611538,39.074174458443984,-189.21271405503938,0.0,38.88888995984296,-184.0000022781467,-34.146648301781234,-55.41441612615258,-20.521750893952177,-0.8173037418941642,-1.1745072737141466,-0.4905455623213263
1.16,-0.025956916278179754,-0.04294760513153532,-0.018441889227670837,-0.1960945866734141,0.04051958045676059,0.07341875629561288,0.0031595172368152425,0.003156525643685598,0.002897847232219369,12.898404711173644,-4.495675772702802,-4.495675772702802,14.396800737887837,-2.0372656816990142,-3.4432397133338988,0.0,38.888888888888886,-184.0,-2.789982666860608,39.416184900629034,-189.1939524548859,0.0,38.88888995984296,-184.0000022781467,-36.71582784050837,-54.928218247093646,-19.530561358512855,-0.8597707985095031,-1.1692269141569618,-0.4743182353817606
1.17,-0.019274461165253776,-0.04444815550277382,-0.019612038352383794,-0.20130691309124832,0.04225937100750388,0.0756719435921193,0.002925071782470203,0.0031565116521696393,0.0029376453414859177,13.395364718780574,-4.605414951192703,-4.605414951192703,14.51125848436547,-2.061151427613487,-3.486078283063241,0.0,40.27777777777778,-184.0,-2.8276383695963228,39.75994485212611,-189.1734066186446,0.0,40.27777888297614,-184.00000226453784,-30.174771851713107,-56.95772172897101,-20.953269957499298,-0.7514742078271465,-1.2053314853032242,-0.49911338841160563
1.18,-0.021301544783875415,-0.04402150948351581,-0.018843996679247778,-0.20398006581765515,0.042757538136505825,0.07744279114590591,0.0031596538380150975,0.00315650766754134,0.002907024432018716,13.395364718780574,-4.605414951192703,-4.605414951192703,14.627548345057976,-2.085616410914628,-3.5301755255762917,0.0,40.27777777777778,-184.0,-2.8666264552990706,40.10991433292764,-189.15093199243861,0.0,40.27777888297614,-184.00000226453784,-30.669732482075027,-56.435382726363216,-20.10804037476009,-0.7625117240887207,-1.1987384049219758,-0.4845760095829495
1.19,-0.023338981193808728,-0.043597544347646185,-0.018067079183614873,-0.20266810001265456,0.04192125758777883,0.07769408957756746,0.0031596309472431503,0.0031565143620911704,0.0028893617805532514,13.395364718780574,-4.605414951192703,-4.605414951192703,14.7441761474679,-2.1098530716298893,-3.5746963424120426,0.0,40.27777777777778,-184.0,-2.9069028102959042,40.46090438132649,-189.12775456979477,0.0,40.27777888297614,-184.00000226453784,-33.427527293391066,-55.91489680506173,-19.0474706671006,-0.8100142574570659,-1.1925393350576028,-0.4673490312667232
1.2,-0.016625711481741107,-0.045042855725233796,-0.01914948667788341,-0.1957509055999534,0.03994381875731781,0.0766249015366866,0.002864964155450951,0.0031565302999085913,0.002915048452304782,13.894198429557996,-4.711672158907749,-4.711672158907749,14.858133818511076,-2.133232729964317,-3.6189095173507853,0.0,41.666666666666664,-184.0,-2.948256664246733,40.804229568327315,-189.10395079554058,0.0,41.66666780575572,-184.0000022505394,-26.874756549056883,-57.93854363714206,-20.553318900315656,-0.5773589267566873,-1.2628080095416483,-0.5275721102434876
1.21,-0.01863663696875087,-0.04462801420453986,-0.018369693459777972,-0.20338611584006266,0.042215587756582344,0.07861154687658599,0.002908274267879228,0.0031565120028345037,0.002896159917044276,13.894198429557996,-4.711672158907749,-4.711672158907749,14.973669314895824,-2.1571004830308613,-3.663675321597618,0.0,41.666666666666664,-184.0,-2.9897312418379682,41.1524079496806,-189.0790820641726,0.0,41.66666780575572,-184.0000022505394,-29.611283220462088,-57.368210007684034,-19.470594111236505,-0.7480391825056337,-1.2217181558046646,-0.4758147181375643
1.22,-0.020680581595009545,-0.04420206496557435,-0.01758151415811267,-0.20513282301275473,0.042673566620878324,0.0786957381598083,0.0031564840640951504,0.0031565083385180492,0.002878361594849085,13.894198429557996,-4.711672158907749,-4.711672158907749,15.090877517846101,-2.1815229338404882,-3.7088282438412494,0.0,41.666666666666664,-184.0,-3.030867936388636,41.50558631016355,-189.05330855671082,0.0,41.66666780575572,-184.0000022505394,-30.036394882971837,-56.85702203191719,-18.505905770192946,-0.7519621666054619,-1.215398263976387,-0.4605044885334422
1.23,-0.022734233387632558,-0.04377957100352732,-0.016802392096401733,-0.20460265690058854,0.04172690672453842,0.07708645351957256,0.003159664723603693,0.003156515921791385,0.0028633389048862146,13.894198429557996,-4.711672158907749,-4.711672158907749,15.208474937459378,-2.205669218901084,-3.7533696112671593,0.0,41.666666666666664,-184.0,-3.0713508279441792,41.85894595831542,-189.02825540274904,0.0,41.66666780575572,-184.0000022505394,-32.80189089860876,-56.344666127628614,-17.442215803967372,-0.8051584055967546,-1.209306241387509,-0.44344596625645494
1.24,-0.016012088529314128,-0.04516659676961877,-0.017839802769432853,-0.19827940143128123,0.03966299005052846,0.0742897439948226,0.0028517444696401295,0.00315653257566328,0.0028842720807973924,14.394842367458807,-4.814449901717382,-4.814449901717382,15.323767534663087,-2.228902688322906,-3.7965833417553108,0.0,43.05555555555556,-184.0,-3.1110188906472738,42.20459237527749,-189.00422212474194,0.0,43.05555672817623,-184.00000223615822,-26.295442393821993,-58.28337830053645,-18.98974006949854,-0.5735001295862233,-1.276974595531766,-0.5049263284519631
1.25,-0.018050891975310235,-0.04475577896785179,-0.017092169657299497,-0.20635246973117655,0.041728935885806215,0.07470259051276704,0.0028952462398185476,0.003156515905499423,0.0028687163378218333,14.394842367458807,-4.814449901717382,-4.814449901717382,15.440924382051183,-2.2525289735966987,-3.8394173582598965,0.0,43.05555555555556,-184.0,-3.1491661136054625,42.55490275591147,-188.9805778128694,0.0,43.05555672817623,-184.00000223615822,-29.1026493969056,-57.723578587611534,-17.935576459176417,-0.7454489768656836,-1.237344283490777,-0.45396523790937815
1.26,-0.020123677460732625,-0.04433547261413924,-0.016350636818844314,-0.20738241855229242,0.04207543494523154,0.07350104966534726,0.0030233894838462873,0.003156513125834759,0.0028533717524506976,14.394842367458807,-4.814449901717382,-4.814449901717382,15.559728163921578,-2.276622613814378,-3.881826710417284,0.0,43.05555555555556,-184.0,-3.185552832250568,42.90936969379688,-188.9571527003319,0.0,43.05555672817623,-184.00000223615822,-30.810511604622633,-57.20225515596739,-16.96534650004418,-0.7706235722360003,-1.2308925845779877,-0.4389236926534583
1.27,-0.022199006918672992,-0.04391948641503689,-0.015629789957162257,-0.20695968224991002,0.04103035186876344,0.07076137873783009,0.0031597060676076356,0.003156521523827547,0.0028369586515704214,14.394842367458807,-4.814449901717382,-4.814449901717382,15.678589749333407,-2.300390029803169,-3.922964478590165,0.0,43.05555555555556,-184.0,-3.2200855575257163,43.26259506127471,-188.9352066718722,0.0,43.05555672817623,-184.00000223615822,-32.26959665616923,-56.716604965907244,-16.06659682247415,-0.8019320210643545,-1.2252993302105935,-0.42496847954575856
1.28,-0.015471720271487521,-0.045253155916598384,-0.01667472514630812,-0.20094238631351236,0.038908438269347236,0.06710448836732774,0.002839529416125558,0.0031565387055131015,0.0028607820409589117,14.89723312286779,-4.9137508572308715,-4.9137508572308715,15.795351587635238,-2.323199145356734,-3.9622207602806854,0.0,44.44444444444444,-184.0,-3.2528089135823555,43.60811907211164,-188.91523209963484,0.0,44.444445650232446,-184.00000222140136,-25.803669599674624,-58.57663386099422,-17.64600772195188,-0.57108436944153,-1.2905114481405868,-0.48639418140116114
1.29,-0.017538401217265687,-0.04485093771435639,-0.016003477020746407,-0.20921798075679326,0.04080234601866862,0.06675176924555015,0.0028838096127429104,0.003156523361659105,0.00284556133089002,14.89723312286779,-4.9137508572308715,-4.9137508572308715,15.914116356535978,-2.3463239408759424,-4.000637013025998,0.0,44.44444444444444,-184.0,-3.283262822827461,43.95821564150027,-188.89639497870442,0.0,44.444445650232446,-184.00000222140136,-28.664732406276503,-58.028635555357376,-16.69584259875894,-0.7439456661722963,-1.2523013200367195,-0.43816565073018937
1.3,-0.019639794339384842,-0.044440450416262614,-0.015343985164509369,-0.2100610636230067,0.04106386685008453,0.06515150608213968,0.0029459804706872313,0.0031565212538517805,0.002830460509960237,14.89723312286779,-4.9137508572308715,-4.9137508572308715,16.034536159078506,-2.36985093738913,-4.038325833229542,0.0,44.44444444444444,-184.0,-3.3114920845717934,44.31220201852778,-188.87824088472823,0.0,44.444445650232446,-184.00000222140136,-31.131530916224204,-57.508560386308666,-15.797619841994864,-0.7856789962066832,-1.2458542182414236,-0.42419248862487313
1.31,-0.021734888704411925,-0.044034551719700235,-0.014707030289554002,-0.20890629835227012,0.0400101102927732,0.0623162652385683,0.003159740371327803,0.003156529763148285,0.0028168936306887755,14.89723312286779,-4.9137508572308715,-4.9137508572308715,16.154500860208625,-2.3930396741274786,-4.074651397682806,0.0,44.44444444444444,-184.0,-3.3377075054389507,44.663616518407956,-188.86146238554244,0.0,44.444445650232446,-184.00000222140136,-31.809460308141226,-57.043342219002646,-15.025743721207322,-0.7997422126932103,-1.240678428568954,-0.4125309965795825
1.32,-0.01499837008390198,-0.04531781252871537,-0.015775828477932227,-0.20300281836210246,0.0378911019652784,0.058682188159915216,0.0028287507463234073,0.0031565470052039328,0.002840466993398672,15.40130739936408,-5.009577868037077,-5.009577868037077,16.272423594688053,-2.4152619545407803,-4.109068073444432,0.0,45.83333333333333,-184.0,-3.362078286689659,45.00748087192244,-188.8467963073362,0.0,45.83333457191957,-184.00000220627564,-25.363276135098722,-58.82589246038163,-16.662660635942775,-0.5691579065902937,-1.3034041602593072,-0.47462883028640757
1.33,-0.017086048275473498,-0.044926449892876516,-0.015188196443284258,-0.2113393012620994,0.03967840691334809,0.0584803899258606,0.0028738264771758434,0.003156532450649969,0.0028269595616974945,15.40130739936408,-5.009577868037077,-5.009577868037077,16.39239411956814,-2.4377596585599925,-4.1427038965613825,0.0,45.83333333333333,-184.0,-3.384377417573033,45.35608752196284,-188.8332416195414,0.0,45.83333457191957,-184.00000220627564,-28.26378314209181,-58.29235263219272,-15.801683399272447,-0.7429075487423117,-1.2666664898793403,-0.42808899104709636
1.34,-0.01920837891860344,-0.04452747154352989,-0.01460950240344884,-0.2120997060488226,0.03989877964107185,0.057257141247304376,0.0029231737018542625,0.003156530664686222,0.0028151134057914215,15.40130739936408,-5.009577868037077,-5.009577868037077,16.51400578395324,-2.4606252512303444,-4.175786223718574,0.0,45.83333333333333,-184.0,-3.4048624683392896,45.70870682854068,-188.82015881835468,0.0,45.83333457191957,-184.00000220627564,-30.912676873980107,-57.78523577237857,-14.967814756566629,-0.7886810202275113,-1.260449675804225,-0.4149807148248505
1.35,-0.02131697349233963,-0.0441330059103993,-0.014048077039430201,-0.21000918112521863,0.03887944725054354,0.05502893241796744,0.0031597598702400188,0.0031565389414725618,0.002804542683767266,15.40130739936408,-5.009577868037077,-5.009577868037077,16.63469397342884,-2.483161007943019,-4.207819465111035,0.0,45.83333333333333,-184.0,-3.423930298730963,46.05789453667856,-188.80782425514136,0.0,45.83333457191957,-184.00000220627564,-31.380986906507932,-57.33411132565513,-14.272819999350242,-0.7977786741905558,-1.2555266827079263,-0.40448451325522544
1.36,-0.014563546492167845,-0.04536681964620767,-0.01512568203836652,-0.20416239481787993,0.036797885430299986,0.05205392627031471,0.0028193602439858497,0.003156555968772735,0.0028256075731156703,15.907002059787752,-5.101933934782608,-5.101933934782608,16.753271842723528,-2.5047462400058147,-4.2382978481396965,0.0,47.22222222222222,-184.0,-3.441817806192958,46.399710950420726,-188.79714181889076,0.0,47.22222349323305,-184.0000021907881,-24.931201850807724,-59.0412432086463,-15.943772735346858,-0.5669053677874257,-1.315805538512689,-0.46641345487642233
1.37,-0.016663144205854408,-0.04498695977667613,-0.014600902753166431,-0.2125501972040428,0.03849680670873976,0.052498615885710656,0.0028660980679808086,0.0031565420588648106,0.002815007435794749,15.907002059787752,-5.101933934782608,-5.101933934782608,16.87392778438418,-2.5265807381976986,-4.268370704103695,0.0,47.22222222222222,-184.0,-3.458423836302747,46.74667916400562,-188.78709569746687,0.0,47.22222349323305,-184.0000021907881,-27.85014844266638,-58.52555107913364,-15.128333395092943,-0.7412029822326712,-1.280580307228554,-0.42090495026244307
1.38,-0.018797532531807437,-0.04460004213205013,-0.014078011938576274,-0.21328713738760874,0.03867857357090478,0.05201988105910836,0.0029122815470630156,0.0031565405772913833,0.0028051447025815674,15.907002059787752,-5.101933934782608,-5.101933934782608,16.996228025234576,-2.54875332835872,-4.298298983406146,0.0,47.22222222222222,-184.0,-3.4740788814438366,47.09801932801587,-188.776995704185,0.0,47.22222349323305,-184.0000021907881,-30.564007526994214,-58.0355125961927,-14.334059974564065,-0.7882333360441152,-1.274670350302579,-0.4082259099219735
1.39,-0.02091300722163808,-0.04421764934843368,-0.013563975695490546,-0.21028590107348946,0.03768853373495342,0.05070578175731389,0.003159764769859354,0.003156548662608758,0.002794877871233648,15.907002059787752,-5.101933934782608,-5.101933934782608,17.117259532943823,-2.5705992054886044,-4.327669619893443,0.0,47.22222222222222,-184.0,-3.4892733537755234,47.44550225969442,-188.76685256243815,0.0,47.22222349323305,-184.0000021907881,-30.947327741737798,-57.59919834806321,-13.684309533221404,-0.7955329286867615,-1.2700007052063338,-0.3982123803985712
1.4,-0.014135792429886995,-0.045402728445771735,-0.0146195540633903,-0.2045517286840615,0.03563270433262633,0.04859913047395092,0.0028113880139256234,0.003156565573519502,0.002815406179119094,16.414254171537817,-5.190822209093098,-5.190822209093098,17.236039263249197,-2.5915089079897244,-4.3559901108097945,0.0,48.61111111111111,-184.0,-3.504250343682054,47.7857181651446,-188.7576608971421,0.0,48.61111241416859,-184.00000217494568,-24.472218416782585,-59.23614892648893,-15.324062322174628,-0.5637254397750615,-1.3279457716175427,-0.458476711955693
1.41,-0.016240158408709793,-0.04503524869467737,-0.014125717974947744,-0.21308062296173552,0.03721469182036508,0.04971661410831095,0.002857384944428749,0.0031565525457905846,0.0028060739308039704,16.414254171537817,-5.190822209093098,-5.190822209093098,17.356975735943283,-2.6126283070289404,-4.384329676399349,0.0,48.61111111111111,-184.0,-3.5188602553693187,48.13163169326403,-188.74859442941383,0.0,48.61111241416859,-184.00000217494568,-27.425881111895798,-58.74199608081576,-14.521157385502184,-0.7389678961934946,-1.294283333746956,-0.41379030970337605
1.42,-0.018380416923771847,-0.04466156891777243,-0.013626763900791886,-0.2139050679651132,0.03732597169569176,0.04994652628666845,0.00290285495447809,0.003156551633057042,0.0027963029815462875,16.414254171537817,-5.190822209093098,-5.190822209093098,17.479616824916008,-2.6340385858906377,-4.412927198526295,0.0,48.61111111111111,-184.0,-3.5334054015349734,48.48238360010061,-188.73899602264032,0.0,48.61111241416859,-184.00000217494568,-30.17435880996387,-58.273690027853085,-13.737327725515751,-0.7867132442411275,-1.2887697520394128,-0.4010557668366146
1.43,-0.02049927267379864,-0.044292826474204475,-0.013129165450431829,-0.2099710155767496,0.03633269781700409,0.04945622268948995,0.0031202356817895778,0.003156559797051861,0.002785184076559895,16.414254171537817,-5.190822209093098,-5.190822209093098,17.60078989698847,-2.6551023192692016,-4.441402935374755,0.0,48.61111111111111,-184.0,-3.5483851799171027,48.829131017234964,-188.72873358822878,0.0,48.61111241416859,-184.00000217494568,-30.8807660628949,-57.85339789358392,-13.077421692049082,-0.7922764839018555,-1.2844443620938826,-0.39092344461250045
1.44,-0.013694661320347634,-0.0454311053281689,-0.014133184242381608,-0.20452803721469376,0.03426218575814151,0.04800001778290298,0.002803186064180543,0.003156576938399669,0.002806236311574617,16.923001051032262,-5.2762459863421025,-5.2762459863421025,17.71951207489889,-2.6752266344801643,-4.469247856496684,0.0,50.0,-184.0,-3.563977533380194,49.16846440053961,-188.71882671323036,0.0,50.00000133472221,-184.0000021587553,-23.986130970605018,-59.42975650483137,-14.660509841889233,-0.5598734338005573,-1.3401684247096657,-0.4487879949674663
1.45,-0.01580039296955832,-0.04507826934071005,-0.013643263167208416,-0.21332531707600538,0.03568960415597685,0.04950627320820755,0.0028474294487727146,0.0031565651032614515,0.0027966820018338794,16.923001051032262,-5.2762459863421025,-5.2762459863421025,17.84054117100801,-2.695499111940565,-4.4973863104915575,0.0,50.0,-184.0,-3.5798670765391813,49.51406360154959,-188.7087843494563,0.0,50.00000133472221,-184.0000021587553,-26.98390484630747,-58.96254127412984,-13.847371597803535,-0.736399711040346,-1.3081692395506825,-0.40467501348523605
1.46,-0.017944273325593785,-0.0447204388594873,-0.013144239584443967,-0.2143507214417699,0.03569815984316161,0.050129817718768184,0.002893114446393571,0.003156565032562433,0.00278550752512144,16.923001051032262,-5.2762459863421025,-5.2762459863421025,17.963400956898827,-2.715995631065837,-4.526010260797466,0.0,50.0,-184.0,-3.5962743293226187,49.864958475116595,-188.6980115228247,0.0,50.00000133472221,-184.0000021587553,-29.75908096685484,-58.52165549551106,-13.055789488919258,-0.7846383064262232,-1.3031614342151971,-0.3916425379886965
1.47,-0.020067086774647303,-0.04436832167787904,-0.012642668685159106,-0.20994413032342657,0.03465919774508569,0.050059882890187576,0.0030113560864689828,0.003156573638712262,0.0027745522161898685,16.923001051032262,-5.2762459863421025,-5.2762459863421025,18.084759758883582,-2.7361048387447835,-4.554738781729113,0.0,50.0,-184.0,-3.6136433742063003,50.211913819852036,-188.68633329018093,0.0,50.00000133472221,-184.0000021587553,-31.51422447747582,-58.119506814323834,-12.319572255861875,-0.8092632105667417,-1.2991471726431323,-0.37998134776760706
1.48,-0.022139468201133328,-0.0440325078633788,-0.012147879017870664,-0.20444390498400244,0.032565332130017395,0.0488907075703633,0.0031596619465380556,0.003156591110477465,0.0027658340726223023,16.923001051032262,-5.2762459863421025,-5.2762459863421025,18.203165675973015,-2.755220360172754,-4.5830163682552,-0.0,50.0,-184.0,-3.6320838074159885,50.55028816569675,-188.67467139962076,0.0,50.00000133472221,-184.0000021587553,-32.73054081977566,-57.765110368696334,-11.624260011538546,-0.8346812512924647,-1.2961688583364979,-0.36878280732441726
1.49,-0.02413002243459289,-0.043722105006288293,-0.011668195198403022,-0.19389129211161263,0.029686147084997807,0.04713030651086493,0.0031594794902218507,0.0031566154132365003,0.0027588072143189812,16.923001051032262,-5.2762459863421025,-5.2762459863421025,18.31658277139228,-2.7728361473333996,-4.610396173622968,-0.0,50.0,-184.0,-3.6517126358905956,50.87413956721376,-188.6634553133221,0.0,50.00000133472221,-184.0000021587553,-35.22439566735093,-57.45118973884554,-10.881781811686064,-0.8749815890098511,-1.2941362538955101,-0.3572160732410325
1.5,-0.025988766013411158,-0.04344411492226309,-0.011209178099903974,-0.17867180240167826,0.02617084295997342,0.044812995912121456,0.0031592237842041106,0.0031566455218597607,0.002753514659871838,16.923001051032262,-5.2762459863421025,-5.2762459863421025,18.422184580946663,-2.7885592257198186,-4.636559956072477,-0.0,50.0,-184.0,-3.6726658729746195,51.17572440752733,-188.6524992579021,0.0,50.00000133472221,-184.0000021587553,-37.442953872974336,-57.194430866396466,-10.18050800288612,-0.9093043042862088,-1.2932500021764208,-0.3464910628192151
1.51,-0.02767326474113141,-0.04320405643240539,-0.010776384900024902,-0.15956415312961172,0.02217457396423406,0.04194249205032886,0.003158915221738154,0.003156680332696501,0.0027498985566999394,16.923001051032262,-5.2762459863421025,-5.2762459863421025,18.51758474772258,-2.8020823566519524,-4.661189606879763,-0.0,50.0,-184.0,-3.6949123357071754,51.44847483844601,-188.64173124086653,0.0,50.00000133472221,-184.0000021587553,-39.344600680950784,-56.99781745321397,-9.532472084282913,-0.9371711386134588,-1.293514382050716,-0.3368237358305996
1.52,-0.02874056271342812,0.012923705778427462,-0.04413929595009135,-0.1373914657929847,0.017863784540305,0.03854387488878854,0.0031585746071946244,0.0022703740107227117,0.003156541675091035,16.94641070099624,-2.0717196219911873,-7.210784685467542,18.600819069453003,-2.811523826998374,-4.684813392800498,-10.064926004433003,48.97649706262472,-185.33870967741936,-3.7232497149124364,51.68626609307639,-188.63213140606933,-10.064926295432254,48.97649836439596,-185.33871183506614,-38.6175391322413,28.11117522073305,-55.163694111092596,-0.8894715780171183,1.268764158894753,-1.7226743407271552
1.53,-0.029957460457889495,0.012091163042157495,-0.04327438096963232,-0.10891038833961163,-0.15310402391319472,0.11959013059449887,0.0031581646595073834,0.002291456153714039,0.0031560087611072494,16.94641070099624,-2.0717196219911873,-7.210784685467542,18.668921975049187,-2.7548701422068866,-4.738603817987484,-10.064926004433003,48.97649706262472,-185.33870967741936,-3.9434612494051295,51.855398761251955,-188.65902622532792,-10.064926295432254,48.97649836439596,-185.33871183506614,-39.75222682405823,21.475596466616587,-52.00044540852889,-0.931711929356907,-0.025185075345639515,-1.0331792018181152
1.54,-0.03088725806079823,0.009779088180523858,-0.04170134217025266,-0.07987515729939976,-0.2918247638144879,0.18693071934848743,0.003157778756358912,0.0023944055134404807,0.003155760889565637,16.94641070099624,-2.0717196219911873,-7.210784685467542,18.720529380284184,-2.6145765467332205,-4.8325433259072925,-10.064926004433003,48.97649706262472,-185.33870967741936,-4.410612245122516,51.945829907504105,-188.7298486397834,-10.064926295432254,48.97649836439596,-185.33871183506614,-40.513777635804566,12.666498459330045,-48.09375573104143,-0.9374070007165672,-0.21692998858337134,-0.9485302944184382
1.55,-0.03152559943852168,0.006206771518216338,-0.03950241240685386,-0.05075739689465471,-0.40715151516947096,0.24543253518442473,0.0031574243258516866,0.0031756644495475024,0.0031556894738455276,16.94641070099624,-2.0717196219911873,-7.210784685467542,18.755437459644256,-2.403423894209662,-4.961829256057911,-10.064926004433003,48.97649706262472,-185.33870967741936,-5.089978120548546,51.96338952181757,-188.8331550593159,-10.064926295432254,48.97649836439596,-185.33871183506614,-40.91054523988356,2.5066233754869183,-43.50279239552667,-0.9369544202592133,-0.4209941173174066,-0.8550921122169369
1.56,-0.04114588183393658,0.060576139889005245,-0.06278952396644444,-0.022455644361430473,-0.5030590366187956,0.293280562791116,0.0031571111752828973,0.0022184881263898355,0.003155730607815578,16.415310670689067,1.3076015945280586,-8.701293869212176,18.773631240370275,-2.1315860891653333,-5.121354095149174,-19.71779275566593,45.94789058101153,-186.67741935483872,-5.951501243557057,51.911824359369575,-188.96084990227382,-19.7177933185832,45.94789180030093,-186.67742150654593,-52.17477201143274,106.97191388513073,-77.74172521028609,-1.2689191116568268,2.7938958575406274,-1.9395004234042645
1.57,-0.04104672105430912,0.053788178215897584,-0.0592888158300945,0.03396861127746191,-0.8008013977219253,0.3907740957372694,0.003156579382324491,0.0022245135933829686,0.003156091424887082,16.415310670689067,1.3076015945280586,-8.701293869212176,18.76487149086729,-1.7269117946018504,-5.327172041623112,-19.71779275566593,45.94789058101153,-186.67741935483872,-7.173153964843135,51.71665728287079,-189.1726686522742,-19.7177933185832,45.94789180030093,-186.67742150654593,-51.082252995797944,84.91958914094407,-70.07612666945609,-1.0867052294255966,0.8479740956536712,-1.2641053405252876
1.58,-0.04043036805168754,0.044491020142084545,-0.054938854626857256,0.0834980096403753,-1.0266646478103718,0.46880668693628286,0.0031562144808270857,0.002225476815603892,0.0031566473324911885,16.415310670689067,1.3076015945280586,-8.701293869212176,18.72674897996219,-1.181609348968196,-5.580786541501177,-19.71779275566593,45.94789058101153,-186.67741935483872,-8.77568615795635,51.36414136939947,-189.46711356583967,-19.7177933185832,45.94789180030093,-186.67742150654593,-49.464635793660406,60.257237131210815,-61.59353552803914,-1.0463697094473698,0.36443180578162604,-1.0995068336252654
1.59,-0.03934842120063775,0.033252464363762196,-0.049897628820997034,0.12753142983871524,-1.1945624470826506,0.5304950915781511,0.003155970317596387,0.002225476815603892,0.003157254167933158,16.415310670689067,1.3076015945280586,-8.701293869212176,18.662268398337385,-0.528404259715641,-5.87306547454707,-19.71779275566593,45.94789058101153,-186.67741935483872,-10.677075718682412,50.87941891708085,-189.80855589136777,-19.7177933185832,45.94789180030093,-186.67742150654593,-47.3473785767503,33.43867164502872,-52.46875766024994,-0.9991678642480689,-0.13876979547399512,-0.9287551612872941
1.6,-0.05619510868397093,0.08024684324569122,-0.06156311263027989,0.16555816578425778,-1.3038134030686919,0.5750710512380589,0.0031558203637639245,0.002225476815603892,0.003157784209488512,15.36472082258052,4.721795795456593,-9.688495250932984,18.574250853213723,0.20149373280451902,-6.194668897655175,-28.563410754739614,41.03817206036381,-188.01612903225805,-12.797112263081303,50.28626691695381,-190.16509034872763,-28.56341155823119,41.038173151186605,-188.01613117619993,-68.8563732446551,122.10912620649552,-70.38055874329835,-1.6721540275259508,2.8735297961419644,-1.5831700683497207
1.61,-0.05404607253244503,0.06548480178630545,-0.055448142450674295,0.25031201227375394,-1.5904483416677755,0.6364969038676983,0.00315568956707637,0.002225476815603892,0.0031586397632808252,15.36472082258052,4.721795795456593,-9.688495250932984,18.446564512267674,1.06220057598134,-6.548298291499362,-28.563410754739614,41.03817206036381,-188.01612903225805,-15.253963694828446,49.495582700247944,-190.57877194258458,-28.56341155823119,41.038173151186605,-188.01613117619993,-64.47776677748381,85.04303965476817,-59.404477531285714,-1.2557079748511908,0.6135944503861087,-1.018150395653031
1.62,-0.051153498083176596,0.04848674485737007,-0.04884658843192552,0.3193098673825972,-1.7768846799154954,0.6766665835182594,0.003155790594823898,0.002225476815603892,0.003159277264781664,15.36472082258052,4.721795795456593,-9.688495250932984,18.276948183134127,2.046326700590533,-6.928732320471036,-28.563410754739614,41.03817206036381,-188.01612903225805,-18.025209119910063,48.499042240723995,-191.03283542375766,-28.56341155823119,41.038173151186605,-188.01613117619993,-59.39170726239027,46.36704997063426,-48.22361009543475,-1.1512093824624923,-0.09477896037620077,-0.8191351030254942
1.63,-0.04763779575745081,0.030074873008066424,-0.04194778226412957,0.3761324537345175,-1.8817919040024487,0.6978501447450961,0.0031560135484287226,0.002225476815603892,0.0031596381660458405,15.36472082258052,4.721795795456593,-9.688495250932984,18.07232753708206,3.1068027901764173,-7.3251100783875085,-28.563410754739614,41.03817206036381,-188.01612903225805,-20.99429439905437,47.34322125184215,-191.48049334864226,-28.56341155823119,41.038173151186605,-188.01613117619993,-53.65715985860158,7.134924358350201,-37.10879039820827,-1.0391980748461311,-0.7886899314630783,-0.6266948611790958
1.64,-0.07012596654321213,0.06876413394018467,-0.042729672509410094,0.4208003988898401,-1.9094680177744379,0.7002293742601156,0.003156277277418216,0.002225476815603892,0.0031596797635217826,13.846087757337703,8.028891677462951,-10.134767845918113,17.83894885601812,4.200590091132141,-7.726692004374007,-36.239639361456,34.44834595378433,-189.3548387096774,-24.05102050128703,46.07199661004368,-191.88594650959703,-36.239640364877786,34.44834687507063,-189.35484084740733,-83.38126553669413,81.98190335284093,-40.53361327076542,-2.006989708591282,1.9598862587522354,-0.8725928843642375
1.65,-0.06529339813238066,0.04851675448511111,-0.03574929076162767,0.5270411211485703,-2.091227323809017,0.6932917601813604,0.0031572162981801074,0.002225476815603892,0.0031595590682168915,13.846087757337703,8.028891677462951,-10.134767845918113,17.556408684100962,5.369558514029525,-8.126112385704811,-36.239639361456,34.44834595378433,-189.3548387096774,-27.26935385912138,44.585892093403416,-192.28672815014,-36.239640364877786,34.44834687507063,-189.35484084740733,-74.69679218041401,36.9408124953605,-29.755734866524186,-1.3536962937748331,-0.3490560025329431,-0.5068691913156328
1.66,-0.05955695009399997,0.02712542093099446,-0.02893347534045096,0.608943582998215,-2.1650066292218666,0.6696433709115263,0.003158238105730876,0.002225476815603892,0.0031591613726190794,13.846087757337703,8.028891677462951,-10.134767845918113,17.223149819447514,6.598911905555286,-8.51518514261578,-36.239639361456,34.44834595378433,-189.3548387096774,-30.603263148209486,42.88466069941669,-192.66984630400603,-36.239640364877786,34.44834687507063,-189.35484084740733,-65.16993824990041,-7.338395235383382,-19.719491094857506,-1.1703789172431833,-1.1188449235175872,-0.3457159544682409
1.67,-0.05310504138351607,0.0054658009468379065,-0.02243937237654492,0.671945585184986,-2.157187090830689,0.6303626943927786,0.003159199155547599,0.0036361030545908205,0.003158547829156676,13.846087757337703,8.028891677462951,-10.134767845918113,16.84999052189269,7.839257309673708,-8.884908398698183,-36.239639361456,34.44834595378433,-189.3548387096774,-33.930521540584685,41.034222835427066,-193.00178920927712,-36.239640364877786,34.44834687507063,-189.35484084740733,-55.188370786233264,-33.590896970892764,-11.474488890802386,-0.9864682325579631,-1.4552537771231346,-0.22458742939903675
1.68,-0.07957677013587586,0.03763043166136043,-0.014447032014666183,0.7152248749477781,-2.1091259459625076,0.5753041442140726,0.0031599468692753993,0.002225476815603892,0.002814133480348352,11.929991363927133,11.097850958755014,-10.020881574987662,16.447319002215544,9.063803590825275,-9.225612665527859,-42.432212874737544,26.44820051634812,-190.69354838709677,-37.17519881128002,39.079463745762155,-193.27964928096878,-42.432214031040004,26.44820123290964,-190.69355052271663,-90.56071093576436,14.65089009024913,-3.956219861946882,-2.1829111352530215,0.44013488670514955,-0.09764015992539021
1.69,-0.07172467592149248,0.016171392155806902,-0.00912140019435781,0.8330167059241258,-2.1523636265791004,0.49691312908343105,0.0031623389264281085,0.0022566265212140488,0.0027415485330448902,11.929991363927133,11.097850958755014,-10.020881574987662,15.991229845047728,10.294530850519742,-9.526259461992815,-42.432212874737544,26.44820051634812,-190.69354838709677,-40.36223678218008,36.92808933099994,-193.5290688035045,-42.432214031040004,26.44820123290964,-190.69355052271663,-77.02538247831356,-28.595104111023332,3.154062943466983,-1.3096726060339627,-1.4738913894543466,-0.012852506285233567
1.7,-0.06291021878991768,-0.005233351466489983,-0.004633190273735627,0.9165801664525596,-2.1307871322547665,0.40714389958914937,0.0031633849143932148,0.0037665960602973423,0.0032932075625956656,11.929991363927133,11.097850958755014,-10.020881574987662,15.481569926308428,11.519485718352515,-9.778205994870897,-42.432212874737544,26.44820051634812,-190.69354838709677,-43.44968598478589,34.584099864682685,-193.75427849111708,-42.432214031040004,26.44820123290964,-190.69355052271663,-63.33601461272958,-44.95409666205242,7.552579486281729,-1.0544748260637757,-1.791494955168002,0.03456353617721381
1.71,-0.05340289622052016,-0.026083621131529178,-0.0010810159718821488,0.9747160374153768,-2.0415060920888295,0.31196358610996144,0.0031633849143932148,0.0031783346899680936,0.0040226939482583745,11.929991363927133,11.097850958755014,-10.020881574987662,14.933654861323985,12.708675779288594,-9.97625740873038,-42.432212874737544,26.44820051634812,-190.69354838709677,-46.363535938825564,32.11372292324082,-193.95220928360914,-42.432214031040004,26.44820123290964,-190.69355052271663,-48.618172155198664,-78.65955383735023,9.957389274251318,-0.7914076211220399,-2.275949568676968,0.04285053862069505
1.72,-0.08224434446757048,0.0016696709761593043,0.01331556960579347,1.0071106159353553,-1.9114263198561237,0.2129140086684652,0.0031633849143932148,0.0046877078234820275,0.002260652959674347,9.707644493738394,13.818836824454419,-9.34366719483627,14.361080116758549,13.833301211721036,-10.117611973705339,-46.88760660735402,17.365262642241014,-192.03225806451613,-49.03593217861641,29.58148183485383,-194.12151710559914,-46.88760786545802,17.365263125677554,-192.0322602030171,-88.65277465993447,-27.83521520106016,35.42404544354616,-2.1861202308927896,-0.3819423435366152,0.7703513948736649
1.73,-0.07150611456998412,-0.017360724815388556,0.014538049707037426,1.1178083528574467,-1.8720712685572702,0.05332709227605107,0.0031633849143932148,0.0029143980312920413,0.0022466428450520683,9.707644493738394,13.818836824454419,-9.34366719483627,13.740105374566635,14.920291627988464,-10.17883051382026,-46.88760660735402,17.365262642241014,-192.03225806451613,-51.48333259702226,26.87702032305194,-194.3136808081086,-46.88760786545802,17.365263125677554,-192.0322602030171,-70.6885854798354,-67.97922044676345,34.067728587599824,-1.125555073233004,-2.0416880863351383,0.3725261443385348
1.74,-0.059912017867018164,-0.03556204463875087,0.014258642074769207,1.1885513674071349,-1.7718282186765428,-0.09280902394885222,0.0031633849143932148,0.0031783346899680936,0.002252492187485543,9.707644493738394,13.818836824454419,-9.34366719483627,13.071947216104823,15.957203953945594,-10.154510435840331,-46.88760660735402,17.365262642241014,-192.03225806451613,-53.66897000032423,24.011856483653386,-194.53410410473285,-46.88760786545802,17.365263125677554,-192.0322602030171,-52.84600275872823,-85.77692683068845,29.117595407127364,-0.8045119476665438,-2.3226152426971796,0.24444490358598744
1.75,-0.047786292044925904,-0.05253680498160859,0.012587703962319174,1.2275701455834547,-1.6308873620081843,-0.22554409012504703,0.0031633849143932148,0.0031783346899680936,0.0022833639739201234,9.707644493738394,13.818836824454419,-9.34366719483627,12.37513611026368,16.92149302907494,-10.05125735740203,-46.88760660735402,17.365262642241014,-192.03225806451613,-55.55572136598157,21.064766074495324,-194.774134282954,-46.88760786545802,17.365263125677554,-192.0322602030171,-34.65549193344844,-106.0941401725188,21.783269760805123,-0.48679310128499637,-2.6266758231321288,0.07982011320572888
1.76,-0.0776427312737425,-0.027942394883813004,0.031117294445133697,1.2363165748576657,-1.4552077294906813,-0.34113408360063857,0.0031633849143932148,0.0031783346899680936,0.0022160550062588647,7.289502771087802,16.10852817647714,-8.115462722650118,11.666225627741163,17.79286360910532,-9.877304564611926,-49.42341621640557,7.571388875228835,-193.3709677419355,-57.113150465736254,18.109975624069865,-195.02557348694074,-49.423417523084495,7.571389105093812,-193.37096988732705,-76.84039529092642,-67.82808221362828,54.49429914277346,-1.9957906013784592,-1.1919564634763216,1.1567708503453522
1.77,-0.06472005278640136,-0.04203622385418104,0.026632187511238026,1.3258723329798014,-1.3601697658542555,-0.526068281901578,0.0031633849143932148,0.0031783346899680936,0.0022189399340791557,7.289502771087802,16.10852817647714,-8.115462722650118,10.921370603220057,18.594264267557136,-9.610314112036871,-49.42341621640557,7.571388875228835,-193.3709677419355,-58.3505056883032,15.038726882406438,-195.32726684466698,-49.423417523084495,7.571389105093812,-193.37096988732705,-56.285446098057406,-85.10930400797459,40.40214263070088,-0.8258699748140984,-2.196861474752889,0.3027323726770777
1.78,-0.05118383654688524,-0.05492368129316427,0.020545169317414375,1.3709471210535158,-1.2261462756377306,-0.6711748935086467,0.0031633849143932148,0.0031783346899680936,0.0022227527192515925,7.289502771087802,16.10852817647714,-8.115462722650118,10.14342490862766,19.324825151991803,-9.253436407860866,-49.42341621640557,7.571388875228835,-193.3709677419355,-59.2696446580818,11.86177228091471,-195.67516979855077,-49.423417523084495,7.571389105093812,-193.37096988732705,-35.76041498584168,-100.01627964584468,24.220727440276438,-0.46700964565301645,-2.41161919290317,-0.014695818713784767
1.79,-0.03739099380689165,-0.06633108101970475,0.01319890284139752,1.3809857707805306,-1.0677002850575732,-0.7811682375976492,0.0031633849143932148,0.0031783346899680936,0.002298100221978853,7.289502771087802,16.10852817647714,-8.115462722650118,9.352773135733607,19.96922394262474,-8.826428313873167,-49.42341621640557,7.571388875228835,-193.3709677419355,-59.869802166069476,8.66920451295741,-196.043474141591,-49.423417523084495,7.571389105093812,-193.37096988732705,-15.583321126839465,-112.49607398820795,6.2976632197812785,-0.1239859291477083,-2.5785198655053834,-0.3509529852554574
1.8,-0.06713192515153704,-0.04460327553772925,0.03548518442955781,1.3575937823745896,-0.891683982707967,-0.8584608502370596,0.0031633849143932148,0.0031783346899680936,0.002225476815603892,4.800028895070863,17.9103755636512,-6.365434072045864,8.567756417905327,20.516817822384713,-8.347901712247102,-49.93582535855264,-2.532458441935632,-194.70967741935485,-60.158657584322654,5.540792129012966,-196.4125354763897,-49.93582666015292,-2.5324584766411067,-194.7096795732227,-59.01720011626939,-77.75744588178382,47.58757401351796,-1.6953340471462865,-1.349094775847561,1.0713583367546735
1.81,-0.05317594737034434,-0.05298550910151156,0.02594240586344232,1.4142088791530243,-0.786983310259843,-1.018418909281363,0.0031633849143932148,0.0031760403230875556,0.002225476815603892,4.800028895070863,17.9103755636512,-6.365434072045864,7.765600182711032,20.990628729267765,-7.792758489409869,-49.93582535855264,-2.532458441935632,-194.70967741935485,-60.13992785434741,2.364590069997109,-196.81622926710102,-49.93582666015292,-2.5324584766411067,-194.7096795732227,-37.51976061826019,-87.39014911332052,24.264232993191623,-0.4868006479858212,-2.0767896276408666,-0.1206810273251413
1.82,-0.038943134473389096,-0.060178393326077884,0.015151911912541699,1.4252394384376006,-0.6621723349637361,-1.1214086748814691,0.0031633849143932148,0.0031715262382495477,0.0022700170583898074,4.800028895070863,17.9103755636512,-6.365434072045864,6.9496962221571525,21.395534856685675,-7.168883438319472,-49.93582535855264,-2.532458441935632,-194.70967741935485,-59.8355341960626,-0.8483853095618076,-197.2423897243396,-49.93582666015292,-2.5324584766411067,-194.7096795732227,-16.605784908752035,-95.17212119831747,-0.07742639163018755,-0.13113043308502934,-2.1740525020105177,-0.5632607405199085
1.83,-0.024797873270427,-0.0660697025608114,0.003578665289625388,1.400226331262898,-0.5284970388520176,-1.1831992578738548,0.0031633849143932148,0.0031672818107129335,0.004321049374645681,4.800028895070863,17.9103755636512,-6.365434072045864,6.1408781582302625,21.725391458891654,-6.502361805409277,-49.93582535855264,-2.532458441935632,-194.70967741935485,-59.277016760648095,-4.008757063772257,-197.6620761144227,-49.93582666015292,-2.5324584766411067,-194.7096795732227,2.725701260554785,-101.23483065287759,-14.592503129872949,0.1857556504527068,-2.240163996600778,-0.8012758349452872
1.84,-0.05353259829139983,-0.04824374786581248,0.03028386688235346,1.3392637228992803,-0.3911972977587546,-1.2244134119409227,0.0031633849143932148,0.003163582230873524,0.002225476815603892,2.3690531850014525,19.19138800603038,-4.142161008286431,5.358860690262467,21.97772437231246,-5.805853686374602,-48.40385594331021,-12.53262661293602,-196.0483870967742,-58.483160526068914,-7.04993080605607,-198.0743870571927,-48.40385718763457,-12.532626912217655,-196.04838925773944,-40.11380277645295,-72.25701608018194,26.568932439739143,-1.3787268197784335,-1.273758597246403,0.710085576009547
1.85,-0.03995956457917962,-0.0517240173814687,0.017328411533445373,1.360001010704509,-0.30876737774364077,-1.3376283235097872,0.0031633849143932148,0.0031616915923093286,0.0022451185289761805,2.3690531850014525,19.19138800603038,-4.142161008286431,4.580684072008125,22.172141295695212,-5.057947498301764,-48.40385594331021,-12.53262661293602,-196.0483870967742,-57.45559787409953,-10.077615868576421,-198.49726481117514,-48.40385718763457,-12.532626912217655,-196.04838925773944,-19.83471477438586,-75.94815118371956,-2.3908706470246743,-0.20689552002305292,-1.7524569611194258,-0.6712894489911458
1.86,-0.02645432889034855,-0.054324418622109905,0.0036267205240034517,1.3372877562614216,-0.22017408348581674,-1.3925956138509585,0.0031633849143932148,0.0031599417516278254,0.004307314394946782,2.3690531850014525,19.19138800603038,-4.142161008286431,3.808404661573239,22.316059009536893,-4.269878816823436,-48.40385594331021,-12.53262661293602,-196.0483870967742,-56.22906822120034,-13.08218796817644,-198.91417625586288,-48.40385718763457,-12.532626912217655,-196.04838925773944,-1.455738031075205,-78.47344672324213,-18.580871941696905,0.09374772271714088,-1.7716577321558995,-0.9258712685057355
1.87,-0.013374837808936717,-0.05604443175887158,-0.01051210928409834,1.2797643194322144,-0.1326853574627655,-1.4209490489990124,0.002802588844256477,0.0031585047279570396,0.0028004439599816763,2.3690531850014525,19.19138800603038,-4.142161008286431,3.0624700165349377,22.40960212290428,-3.4585159056606822,-48.40385594331021,-12.53262661293602,-196.0483870967742,-54.83708989371059,-15.993873208893593,-199.32086963332435,-48.40385718763457,-12.532626912217655,-196.04838925773944,16.961348242047528,-79.68774503270588,-49.3098386280023,0.39302850406554984,-1.7684868716639854,-1.494653745457152
1.88,-0.04025989317721797,-0.04387603052801764,0.021209986417624605,1.1927986593602689,-0.04765821833061322,-1.400238483463164,0.0031633849143932148,0.0031573885261537782,0.002225476815603892,0.12163208418505335,19.93763441104811,-1.5162301296317156,2.3595907395849234,22.454091353716773,-2.6501893360657527,-44.89022697853708,-22.019707577881718,-197.38709677419354,-53.33280565830535,-18.7405766279627,-199.69969062061983,-44.89022811695655,-22.01970812968448,-197.3870989384351,-24.778991203160547,-59.39178306367114,3.2094835985755497,-1.0803718663422008,-1.132571462844329,0.29983523002098383
1.89,-0.028323548078470918,-0.044077582683746896,0.006731107865831313,1.1836706201792888,0.0036752688868524125,-1.4715528966314313,0.0031633849143932148,0.0031568495508003374,0.003128213921388961,0.12163208418505335,19.93763441104811,-1.5162301296317156,1.676830970429789,22.46258921572798,-1.8173138990683815,-44.89022697853708,-22.019707577881718,-197.38709677419354,-51.69212718529099,-21.428327730898275,-200.07154697112608,-44.89022811695655,-22.01970812968448,-197.3870989384351,-7.831616734321569,-59.302527656740565,-21.290642933800992,-0.060864081436616244,-1.3879930836181378,-0.9967087308210654
1.9,-0.01673150189457238,-0.04376662405886872,-0.008224964568470935,1.1352396354374485,0.05297985835554622,-1.508447415850529,0.002872738356949102,0.0031564280337975465,0.0029541698399526183,0.12163208418505335,19.93763441104811,-1.5162301296317156,1.0155785333068317,22.44196768763813,-0.9585945457706764,-44.89022697853708,-22.019707577881718,-197.38709677419354,-49.92838204482286,-24.06471711167667,-200.44204705532368,-44.89022811695655,-22.01970812968448,-197.3870989384351,7.467343128261523,-58.4798523755406,-45.86400058802935,0.1890973114035435,-1.3608752014526513,-1.5030414800377117
1.91,-0.005762546145147662,-0.04298244540934504,-0.023212036267935336,1.060802406481948,0.09837292399901798,-1.4878125397453583,0.0028784933874200416,0.0031561235426734967,0.0031783346899680936,0.12163208418505335,19.93763441104811,-1.5162301296317156,0.39153526006807005,22.39446776013897,-0.10121588803072488,-44.89022697853708,-22.019707577881718,-197.38709677419354,-48.09942614377358,-26.58019173949045,-200.7945705278467,-44.89022811695655,-22.01970812968448,-197.3870989384351,22.57399605217038,-57.16890737822968,-64.07732779898959,0.41554761942250834,-1.3273273980932128,-1.7579558616674513
1.92,-0.029747300977985665,-0.03806006443623605,0.013370223822355856,0.9646111828321566,0.1388466423109419,-1.4404269024915102,0.0031633849143932148,0.003155919794392471,0.002298987397167154,-1.831033947656842,20.150310163762008,1.4188759322032274,-0.1821710369152425,22.322856225140278,0.7362574341085943,-39.538786846884925,-30.605299127383145,-198.7258064516129,-46.249731786027596,-28.923233322327782,-201.12701793804197,-39.53878783643194,-30.60529990752787,-198.72580861424166,-15.276684996681345,-47.76887887086729,-13.615434766709074,-0.9079173584205656,-1.060574059247922,0.03919866872181942
1.93,-0.02020403637848088,-0.036497664837477406,-0.0014122399879847418,0.9361949975979097,0.16964418206093138,-1.5002887197932244,0.0030514578429979245,0.003155807612790099,0.004681609566884643,-1.831033947656842,20.150310163762008,1.4188759322032274,-0.7267932537853619,22.231594070233385,1.5859895459512137,-39.538786846884925,-30.605299127383145,-198.7258064516129,-44.325786121830035,-31.19181821639408,-201.46018677102794,-39.53878783643194,-30.60529990752787,-198.72580861424166,-3.321882877537465,-45.591623730304306,-24.62894682646709,-0.06324582800980687,-1.1136578935005998,-1.092954715602689
1.94,-0.011131466999968215,-0.0346557322030574,-0.01649569935386883,0.8807853462272548,0.1954034975900933,-1.5036876739943468,0.0027573374684748053,0.0031557422558657943,0.002895315779706394,-1.831033947656842,20.150310163762008,1.4188759322032274,-1.2433271708816118,22.124611310921406,2.450026059809437,-39.538786846884925,-30.605299127383145,-198.7258064516129,-42.332206808548406,-33.39655737092864,-201.798011684459,-39.53878783643194,-30.60529990752787,-198.72580861424166,9.760091049265958,-42.90763506055197,-59.68007769220508,0.14830184251008618,-1.0625804860522396,-1.6891681417653583
1.95,-0.002732426538209206,-0.03258724510550992,-0.03137212744225093,0.8037659910382119,0.21537006961200644,-1.4705225779375597,0.0033384921475349584,0.0031557094493382285,0.0031783346899680936,-1.831033947656842,20.150310163762008,1.4188759322032274,-1.7200485790139528,22.004983125199775,3.300329001592237,-39.538786846884925,-30.605299127383145,-198.7258064516129,-40.331458710719346,-35.47676059893154,-202.12479720501005,-39.53878783643194,-30.60529990752787,-198.72580861424166,19.377176522752112,-40.036131361121,-75.33389419933788,0.28149651300310546,-1.0090796679541663,-1.950316919292729
1.96,-0.02251944970832751,-0.03570203935236055,0.008893387938608444,0.7132155045866365,0.23028938818549924,-1.4047961178233577,0.003159910584148322,0.003155695116263486,0.002554873197866147,-3.3976250655741933,19.843477867998725,4.549254063166903,-2.148350144938998,21.87559319879545,4.121080656776525,-32.56862413611111,-37.93790613463955,-200.06451612903226,-38.363203523081665,-37.39533312102379,-202.44031449303864,-32.56862494115453,-37.93790710799657,-200.0645182857905,-10.959306735488092,-42.6640436312079,-19.857406226455254,-0.786692281736818,-1.1260123880902284,-0.007704936142992327
1.97,-0.015540746304143198,-0.03322756770813734,-0.005535195632942955,0.6786266930749355,0.25911274213530283,-1.4627185311861008,0.002840530148249031,0.0031556920905976412,0.003662600299569909,-3.3976250655741933,19.843477867998725,4.549254063166903,-2.545818135283285,21.732295293723155,4.950313036298242,-32.56862413611111,-37.93790613463955,-200.06451612903226,-36.34138298630029,-39.23900942255905,-202.7676036389176,-32.56862494115453,-37.93790710799657,-200.0645182857905,-2.9979471200475816,-38.967217847417736,-34.23014826274739,-0.12698093882091754,-0.9805001784268825,-1.2949626667556535
1.98,-0.00903283417011249,-0.030515451438165198,-0.020140298947383575,0.6256951646945457,0.28006404703617144,-1.4522459836289796,0.002738470803498136,0.003155710292486306,0.003062451369025416,-3.3976250655741933,19.843477867998725,4.549254063166903,-2.9155722547362246,21.575742250280644,5.7862842750362065,-32.56862413611111,-37.93790613463955,-200.06451612903226,-34.26949312648117,-41.01338052496315,-203.10117320626014,-32.56862494115453,-37.93790710799657,-200.0645182857905,6.523536300396345,-34.99926237324419,-61.031411375497235,0.014873835273994294,-0.9091816497457591,-1.682606769050345
1.99,-0.003143206436294628,-0.027634295831292288,-0.03448427467826913,0.557309302055577,0.2937428019961983,-1.414444790036477,0.0034891788818831758,0.0031557314419952704,0.0031783346899680936,-3.3976250655741933,19.843477867998725,4.549254063166903,-3.249046152292673,21.40991706678188,6.605773118887327,-32.56862413611111,-37.93790613463955,-200.06451612903226,-32.20377383114532,-42.67258334002258,-203.4314822465237,-32.56862494115453,-37.93790710799657,-200.0645182857905,13.29410607136734,-30.88119142872802,-78.4728457067171,0.10644367136454909,-0.8360550210172165,-1.9954356485362903
2.0,-0.01737820452493906,-0.038606022282624664,0.007552897881395154,0.4818675598823293,0.3014779234835798,-1.3431539518497495,0.002874684841478425,0.0031557466411941074,0.0028543029049761795,-4.509059462790818,19.04383146316589,7.7472394283460915,-3.540991651723281,21.238085419898262,7.392376374877623,-24.26509812655405,-43.717330807229104,-201.40322580645162,-30.185892561011052,-44.18661821959985,-203.75453805939165,-24.26509871976842,-43.71733192992601,-201.4032279551009,-10.434636201810594,-44.941214620745995,-18.886862601940862,-0.6920276792321439,-1.3162462460947402,0.05710474088887427
2.01,-0.012731522288625896,-0.03533665967887034,-0.006268165716331653,0.4459160398343908,0.34370491935250885,-1.4010804979426923,0.002775892117405034,0.003155870861152474,0.0034191259428678683,-4.509059462790818,19.04383146316589,7.7472394283460915,-3.8048960970947894,21.048583330747764,8.186733836040949,-24.26509812655405,-43.717330807229104,-201.40322580645162,-28.105552476459884,-45.62656226334292,-204.0914315404253,-24.26509871976842,-43.71733192992601,-201.4032279551009,-4.312394262317864,-39.66233107567177,-35.8688422156256,-0.21958462323978228,-0.9713060030760194,-1.3191815513032208
2.02,-0.00852389537439506,-0.031724971062142726,-0.020250893525378066,0.3987084139976939,0.37399876582661556,-1.390287895712201,0.0027629569020639457,0.0031560028979973785,0.0030877421336105992,-4.509059462790818,19.04383146316589,7.7472394283460915,-4.0432123745654245,20.839969666809044,8.987067758567154,-24.26509812655405,-43.717330807229104,-201.40322580645162,-25.96172247968117,-46.9933004311042,-204.43577513988765,-24.26509871976842,-43.71733192992601,-201.4032279551009,1.775302147187819,-33.99970123803234,-59.203139174988245,-0.13486285025684305,-0.8689228552310815,-1.6372283866685422
2.03,-0.0048471279307577275,-0.02786607849565431,-0.033980657760716904,0.34109511842138474,0.39421621773910287,-1.3535619833249322,0.003287187155630425,0.00315611094699065,0.0031783346899680936,-4.509059462790818,19.04383146316589,7.7472394283460915,-4.250530615996772,20.617766436767194,9.771424742055444,-24.26509812655405,-43.717330807229104,-201.40322580645162,-23.812346923737977,-48.25155666248586,-204.77756397978894,-24.26509871976842,-43.71733192992601,-201.4032279551009,6.612333418631387,-28.20853669229878,-76.23925501485581,-0.06984423391186004,-0.7654300906355991,-1.9482556872110002
2.04,-0.012407666105444262,-0.04570038555367395,0.0075423296139141005,0.2779719247548355,0.4054569557168815,-1.2844503548427235,0.002768283426409451,0.0031561779167488743,0.0028574100493270393,-5.117937939749441,17.792183492275473,10.881522913645703,-4.422862216371073,20.386752428005018,10.523891759797293,-14.968156148667902,-47.70696282000244,-202.74193548387098,-21.702240544404294,-49.37670368490078,-205.11306835121152,-14.968156511304,-47.70696404214925,-202.7419376247799,-8.03161564403483,-52.291820250635745,-17.33056224368868,-0.5678632379447865,-1.5689011705825215,0.07246102532058638
2.05,-0.00983221158956911,-0.041269589944030405,-0.005687560047201418,0.23814075198042384,0.4679648197480117,-1.342206026567626,0.002742377734679167,0.0031566400713388468,0.003609318779842302,-5.117937939749441,17.792183492275473,10.881522913645703,-4.567987634915583,20.129653508272956,11.284404317153998,-14.968156148667902,-47.70696282000244,-202.74193548387098,-19.508058523191693,-50.41846878140349,-205.461524705051,-14.968156511304,-47.70696404214925,-202.7419376247799,-4.893019472616295,-44.78199240705087,-32.12900520375021,-0.2936381902600016,-1.0250265941535737,-1.2378258672117282
2.06,-0.007693387952108374,-0.036330833899842485,-0.019095578278709252,0.19339507652896756,0.513016991531804,-1.333374129423762,0.002844170999754902,0.0031570672738272815,0.0029531500721057613,-5.117937939749441,17.792183492275473,10.881522913645703,-4.687947516889511,19.84417980020277,12.051862301016287,-14.968156148667902,-47.70696282000244,-202.74193548387098,-17.225717772879136,-51.37630342535459,-205.8161751466342,-14.968156511304,-47.70696404214925,-202.7419376247799,-1.5733706862273635,-36.62108970998389,-58.281215831286865,-0.253154651103054,-0.8756987596325797,-1.6396826118177643
2.07,-0.006031410327083125,-0.031020595314772748,-0.03226061730983382,0.14335363215561367,0.5436760460534963,-1.2980819575852258,0.003124035454020865,0.003157402919895966,0.0031783346899680936,-5.117937939749441,17.792183492275473,10.881522913645703,-4.780279680632261,19.53824976651546,12.803992470057983,-14.968156148667902,-47.70696282000244,-202.74193548387098,-14.920315772613133,-52.223925882246725,-206.1647979476312,-14.968156511304,-47.70696404214925,-202.7419376247799,0.4095716965419011,-28.43495236786608,-72.24329848471382,-0.23500945451824382,-0.7290787173693619,-1.8723620841871655
2.08,-0.006259022141985052,-0.0542129270657668,0.006532068910768601,0.09053037880299816,0.560860580557058,-1.2318621404884398,0.0030968109883418365,0.003157606920362068,0.00320350008850472,-5.1965517370208145,16.145820959469717,13.828449135605824,-4.842828823887588,19.21904296446759,13.525654101060603,-5.058416099371614,-49.74346616959476,-204.0806451612903,-12.64132273063094,-52.94496936560989,-206.5034669986532,-5.0584162211115995,-49.743467437990894,-204.08064729706786,-1.99809072574673,-60.66076285573253,-15.929065173099898,-0.3386434097098008,-1.808224896400382,0.06026678122894552
2.09,-0.005646102403053063,-0.04812271055903283,-0.006150015314921986,0.037222524990570646,0.6408222638121359,-1.285228441195767,0.0032643783755807246,0.003158705452112472,0.003456556139328261,-5.1965517370208145,16.145820959469717,13.828449135605824,-4.874889035383706,18.865963425404644,14.254527290094158,-5.058416099371614,-49.74346616959476,-204.0806451612903,-10.261211725444216,-53.56285756119136,-206.85501878377866,-5.0584162211115995,-49.743467437990894,-204.08064729706786,-1.7890101482915917,-50.195853085795875,-32.47777043175407,-0.3035694151455145,-1.0691087982765752,-1.2370854525199302
2.1,-0.005553028978973987,-0.0413887445621558,-0.018967678713224523,-0.013258743498332393,0.6972061520326798,-1.2731748244879904,0.003313688851991334,0.0031596269436170573,0.002949763095314033,-5.1965517370208145,16.145820959469717,13.828449135605824,-4.877342162124285,18.47701227822071,14.98799762789145,-5.058416099371614,-49.74346616959476,-204.0806451612903,-7.780308839956786,-54.07249549812216,-207.21232745312187,-5.0584162211115995,-49.743467437990894,-204.08064729706786,-2.1595421847544953,-39.01819427655182,-56.41059411422961,-0.3277500609054154,-0.8658088540960952,-1.59844705739791
2.11,-0.005957808884586399,-0.03419846435432572,-0.031518086236704435,-0.062339507015894434,0.7340464689956673,-1.2358609734432282,0.003231897422740048,0.003160294150269068,0.0031783346899680936,-5.1965517370208145,16.145820959469717,13.828449135605824,-4.851351708197236,18.063038454161557,15.704802607509038,-5.058416099371614,-49.74346616959476,-204.0806451612903,-5.269507880621947,-54.46076213936122,-207.56143557990268,-5.0584162211115995,-49.743467437990894,-204.08064729706786,-4.027639856466342,-27.849718836099264,-69.44944345409291,-0.3748666841110742,-0.6669099366559652,-1.8143064217941847
2.12,0.0012227623643987218,-0.06104399279257039,0.0027743356832420907,-0.10761832085261072,0.7525461421255935,-1.1689259034822495,0.004381840831548301,0.0031606484987128005,0.004520583556409693,-4.7349263829926675,14.180433204893431,16.48159680052191,-4.798314169545763,17.633957065564527,16.39045629861208,5.058416099371602,-49.74346616959476,-205.41935483870967,-2.783927443865447,-54.72358151416015,-207.89557202292795,5.058416220608108,-49.74346743012905,-205.41935697308665,4.09686098940106,-65.9537678574144,-14.57228197730572,-0.1073922155241569,-1.9620072635102386,0.06309694281179334
2.13,-0.00024077721744880654,-0.05298117870596869,-0.00921348684538087,-0.175453263497275,0.8414169456449152,-1.2068010495983914,0.004477979182338295,0.003162529273857662,0.0028490780557717628,-4.7349263829926675,14.180433204893431,16.48159680052191,-4.710725334006258,17.167419632029247,17.078582609352054,5.058416099371602,-49.74346616959476,-205.41935483870967,-0.1992627714188184,-54.86116466366552,-208.23852223205196,5.058416220608108,-49.74346743012905,-205.41935697308665,1.9435478950797522,-51.96914880592116,-41.01315375287791,-0.30621752454420276,-1.0440751862052258,-1.3522926827654147
2.14,-0.0023262929661939102,-0.04422274785917529,-0.02118370094433142,-0.23493382647774022,0.9002114689907323,-1.1853332694864542,0.004299297398101667,0.0031633849143932148,0.0031783346899680936,-4.7349263829926675,14.180433204893431,16.48159680052191,-4.587850122692757,16.662377922207742,17.763093986613566,5.058416099371602,-49.74346616959476,-205.41935483870967,2.473432273763642,-54.86097616913457,-208.58328817246772,5.058416220608108,-49.74346743012905,-205.41935697308665,-1.5505429832635376,-38.10828103273551,-53.51723209634654,-0.386251134568012,-0.7957023931652619,-1.5053388120794275
2.15,-0.004976829181442419,-0.03501514990437149,-0.03282422996976092,-0.28832092899822837,0.9340523355832023,-1.141989918474696,0.0036283127895338912,0.0031633849143932148,0.0031783346899680936,-4.7349263829926675,14.180433204893431,16.48159680052191,-4.43298254478966,16.133015545656153,18.427377620683266,5.058416099371602,-49.74346616959476,-205.41935483870967,5.164556625106779,-54.72587527247543,-208.9204625134166,5.058416220608108,-49.74346743012905,-205.41935697308665,-6.897786661582519,-23.882221461689127,-68.97158765732769,-0.4950761069515433,-0.544705819980827,-1.7858710789522256
2.16,0.009268268606947558,-0.06382315639406155,-0.00415187322445032,-0.3293153897063183,0.9451975524836643,-1.0707677536928741,0.0024432834853248342,0.0031633849143932148,0.004125144712953352,-3.739906463975168,11.990139297888026,18.75748987862911,-4.251317785438751,15.591841609023426,19.057387989238922,14.968156148667887,-47.706962820002445,-206.75806451612902,7.813111139080148,-54.46423139626751,-209.24055861136904,14.968156506731518,-47.70696401977221,-206.75806665252486,12.26682712856953,-65.5755891152189,-20.995630972765042,0.18000836104463405,-1.9884648947500843,-0.13415112106764676
2.17,0.005488334029311051,-0.05384111810096953,-0.01497451121647525,-0.4114372593168788,1.0317560380846662,-1.076967436808123,0.003450814115725816,0.0031633849143932148,0.0028638122687588497,-3.739906463975168,11.990139297888026,18.75748987862911,-4.030395595489061,15.015526690051049,19.677042920860995,14.968156148667887,-47.706962820002445,-206.75806451612902,10.525174006798864,-54.04954946101191,-209.5625755592888,14.968156506731518,-47.70696401977221,-206.75806665252486,3.3742961687656936,-48.496290714877404,-46.25279079026546,-0.35734671966279247,-0.9339882620369416,-1.3841272453430262
2.18,0.0010078262316179643,-0.04322246615493375,-0.025591720722047517,-0.4769247141879396,1.081900106356937,-1.0469741385459996,0.004618423909205695,0.0031633849143932148,0.0031783346899680936,-3.739906463975168,11.990139297888026,18.75748987862911,-3.7699729987045614,14.404422924778054,20.283538120515296,14.968156148667887,-47.706962820002445,-206.75806451612902,13.29299884142767,-53.47682222083741,-209.88199787587794,14.968156506731518,-47.70696401977221,-206.75806665252486,-2.58992720477424,-32.198315325594464,-56.43557507837073,-0.47493919238073506,-0.6449440338733918,-1.5516918846588095
2.19,-0.004083351535908518,-0.03226521291533105,-0.035793350902765086,-0.5337218029358014,1.102844629684205,-0.9945774995766712,0.004031703623773645,0.0031633849143932148,0.0031783346899680936,-3.739906463975168,11.990139297888026,18.75748987862911,-3.475088761825091,13.775577366941341,20.86490757276154,14.968156148667887,-47.706962820002445,-206.75806451612902,16.050249067711054,-52.763579329632556,-210.19468446993486,14.968156506731518,-47.70696401977221,-206.75806665252486,-10.26413183772494,-15.737624055465279,-69.90005814534923,-0.6286855760004693,-0.36086521017101647,-1.7656060030444773
2.2,0.01661213524812105,-0.0614861960419619,-0.01323775022935475,-0.5697024761952124,1.0977764246215012,-0.9190662689463994,0.0022408667122010813,0.0031633849143932148,0.0028260522644154096,-2.235637985467809,9.684471310182719,20.596913316477227,-3.153805873705158,13.143589046793217,21.408286258769856,24.26509812655404,-43.71733080722911,-208.09677419354838,18.733100449108097,-51.92927449156234,-210.4914902243069,24.265098706893365,-43.717331896580205,-208.096776333825,20.35399294123302,-58.470476135098075,-39.972289740207344,0.4801612445941855,-1.870140003335457,-0.6846421364415995
2.21,0.010314407663407313,-0.050058772330069334,-0.022371319492221486,-0.6692268366212024,1.1686441624344683,-0.9020127522400195,0.002387080001432306,0.0031633849143932148,0.0031783346899680936,-2.235637985467809,9.684471310182719,20.596913316477227,-2.7878236403878196,12.485406200390308,21.930201421824403,24.26509812655404,-43.71733080722911,-208.09677419354838,21.431390786459797,-50.923586699272185,-210.7920574937116,24.265098706893365,-43.717331896580205,-208.096776333825,4.540554450825448,-40.06302395059337,-48.3422092062082,-0.42277469666571305,-0.7540224594232451,-1.377453844042927
2.22,0.003234058909345014,-0.038171303740657136,-0.031186041324840597,-0.7374052181632585,1.200424973878028,-0.8614753439665531,0.004379187226141811,0.0031633849143932148,0.0031783346899680936,-2.235637985467809,9.684471310182719,20.596913316477227,-2.378331274412738,11.80266557843429,22.432804197576953,24.26509812655404,-43.71733080722911,-208.09677419354838,24.145786255364566,-49.75336773494381,-211.0934444655779,24.265098706893365,-43.717331896580205,-208.096776333825,-5.931740276851445,-21.995143525170867,-60.27233366859038,-0.6084837005210461,-0.4410140244496689,-1.569553684182901
2.23,-0.004460850921617729,-0.026140377378746,-0.039485306062056136,-0.793395826690559,1.2007639580892924,-0.8013662338133113,0.004010971786224142,0.0031633849143932148,0.003176593710650803,-2.235637985467809,9.684471310182719,20.596913316477227,-1.9343427372594308,11.11349450620699,22.904768152981333,24.26509812655404,-43.71733080722911,-208.09677419354838,26.808438862432983,-48.44744023957315,-211.3895928806999,24.265098706893365,-43.717331896580205,-208.096776333825,-16.613348196571643,-4.414652397215205,-71.1705949644401,-0.8212389872707548,-0.14334308807935014,-1.7378022543462075
2.24,0.02183377640796211,-0.054440702781448774,-0.02324496722439967,-0.8173645430046033,1.1745584677894438,-0.7236202599169413,0.0022248677030430692,0.0031633849143932148,0.003173683507970217,-0.2651349697802034,7.382100992436891,21.962833856707654,-1.4681174726188095,10.433296161425181,23.336238656392204,32.568624136111104,-37.937906134639555,-209.43548387096774,29.360069656888534,-47.04043973654082,-211.67046627484635,32.568624915647824,-37.93790706927181,-209.43548601478076,22.844123246293286,-46.91872130893173,-45.464821277644724,0.6386153428361109,-1.664104576972251,-0.8168882353795571
2.25,0.013000617612719586,-0.04238223887591053,-0.03034237734921541,-0.9243958585019458,1.2209145556000445,-0.6920236853257883,0.002305325852829836,0.0031633849143932148,0.003172558289888547,-0.2651349697802034,7.382100992436891,21.962833856707654,-0.9566094995952519,9.740343585669367,23.740712736765875,32.568624136111104,-37.937906134639555,-209.43548387096774,31.88205878906402,-45.467978724376636,-211.95830453957268,32.568624915647824,-37.93790706927181,-209.43548601478076,1.704746946948262,-27.689070827586274,-55.18282226482525,-0.5521946137997782,-0.5319547743797141,-1.4391985077222595
2.26,0.0033818782136119203,-0.030101889042082774,-0.03698659240387431,-0.9896243909697091,1.229048719638922,-0.6397117737301095,0.004375298175617143,0.0031633849143932148,0.003170769754094499,-0.2651349697802034,7.382100992436891,21.962833856707654,-0.4018631687465778,9.036449388949466,24.118320799483577,32.568624136111104,-37.937906134639555,-209.43548387096774,34.369751323155974,-43.73599343137571,-212.24842811982032,32.568624915647824,-37.93790706927181,-209.43548601478076,-11.201142633413708,-9.584039469646186,-64.08509689667437,-0.7710567257880448,-0.2256458285823948,-1.576541501920794
2.27,-0.006808117213435726,-0.017915452224854023,-0.04303588748466669,-1.0384629609592455,1.2060474448246954,-0.5746261216806853,0.003256928297240928,0.002898947075268026,0.003168676013200313,-0.2651349697802034,7.382100992436891,21.962833856707654,0.18456688339046867,8.33968873896433,24.46111958002716,32.568624136111104,-37.937906134639555,-209.43548387096774,36.76329127363802,-41.88421824191479,-212.53692201640456,32.568624915647824,-37.93790706927181,-209.43548601478076,-29.85751588452184,7.7391764975574935,-71.81442018194697,-1.1431642830811242,0.06420478511945674,-1.6894683661661536
2.28,0.024173570383850373,-0.04414741487821097,-0.033118237112522264,-1.0440271468389173,1.1562875595154656,-0.49833553744810694,0.002225476815603892,0.0031633849143932148,0.00316641097504591,2.107996036567394,5.202341717491665,22.83667578954966,0.7840028965224757,7.664989888088688,24.762655057781945,39.53878684688493,-30.605299127383134,-210.7741935483871,39.01149983429114,-39.96686745359778,-212.80908334329138,39.538787794262944,-30.60529987044348,-210.77419569333654,20.114112188018023,-32.46106427093159,-54.76156109488199,0.657834801159756,-1.4102381809291658,-1.0670133204539767
2.29,0.01308086936617573,-0.032420317086664305,-0.03785561460974285,-1.1476778565509829,1.1761378396479154,-0.4499116479001437,0.002303898611434872,0.0031633849143932148,0.0031650809911745598,2.107996036567394,5.202341717491665,22.83667578954966,1.4246677262477643,6.992516643042851,25.03109769253849,39.53878684688493,-30.605299127383134,-210.7741935483871,41.18050330113293,-37.901493290491274,-213.09029844901644,39.538787794262944,-30.60529987044348,-210.77419569333654,-5.464173036070773,-14.133482871355248,-60.99554156566748,-0.7455378719444532,-0.3177068796899305,-1.4739991032747168
2.3,0.00127218348357757,-0.020722467363080657,-0.04203224193268207,-1.2062100301568885,1.159908877857452,-0.39032064270801636,0.004720641408483193,0.0031633849143932148,0.003163560806316127,2.107996036567394,5.202341717491665,22.83667578954966,2.104521947176634,6.323384500685702,25.266949621533758,39.53878684688493,-30.605299127383134,-210.7741935483871,43.26809281367352,-35.693609437521125,-213.37656577009045,39.538787794262944,-30.60529987044348,-210.77419569333654,-17.188802656523347,2.33696637485039,-66.43103267554156,-0.9422157709417404,-0.046085758701479095,-1.5505499803741212
2.31,-0.011011618026818167,-0.009345074658300798,-0.04557933274205833,-1.2369694528768704,1.115892883028795,-0.3246219341266906,0.002797997965391548,0.002735166400091525,0.003162035704882913,2.107996036567394,5.202341717491665,22.83667578954966,2.8097792577968397,5.674172894863296,25.46638475387945,39.53878684688493,-30.605299127383134,-210.7741935483871,45.22769584797683,-33.392490306708716,-213.66557179437635,39.538787794262944,-30.60529987044348,-210.77419569333654,-47.01258818247611,19.972717327623414,-70.68472659422832,-1.4757990788663802,0.24338817367310886,-1.605119297084365
2.32,-0.023337719664602852,0.0014603193532897463,-0.04844128222593358,-1.2267363613136382,1.0492188646808345,-0.2542154362157637,0.0031783346899680936,0.0033876218398519566,0.0031605792548626563,2.107996036567394,5.202341717491665,22.83667578954966,3.5153246558568823,5.059001105005296,25.62631042526381,39.53878684688493,-30.605299127383134,-210.7741935483871,47.017043914836044,-31.072485038422272,-213.93882303859047,39.538787794262944,-30.60529987044348,-210.77419569333654,-59.75031114075293,31.847277275199826,-73.81208132357872,-1.68289444455132,0.4244323130329371,-1.6394476228072985
2.33,0.01090326075950561,-0.02207613436631719,-0.04404869975385023,-1.3065548841955632,1.03638135979993,-0.1927335193837077,0.0023686142353502478,0.0031633849143932148,0.0031594597291953177,4.799036371624525,3.2563779656583094,23.21463326443068,4.249504637408594,4.462004814096,25.749123069601104,44.890226978537086,-22.01970757788171,-212.11290322580646,48.68027901410079,-28.646742727838397,-214.22005197881435,44.89022805501005,-22.019708101742673,-212.11290536831197,-14.828746286059912,-2.1856661647887687,-64.6814939286161,-0.9550943794610802,-0.15793444487251854,-1.4684328032233447
2.34,-0.002453052816808979,-0.011886046839967114,-0.04563291204750308,-1.3585089347757728,1.0005371793495064,-0.13048072326313015,0.004539250441953498,0.0027701241853411995,0.0031584722834572723,4.799036371624525,3.2563779656583094,23.21463326443068,5.017660970999129,3.880364821206567,25.836328343433355,44.890226978537086,-22.01970757788171,-212.11290322580646,50.22756482468394,-26.099249105908108,-214.51268250699786,44.89022805501005,-22.019708101742673,-212.11290536831197,-24.81318179479862,11.53318689061346,-66.37815463943696,-1.1350791243746357,0.06480612731586381,-1.4809491212585522
2.35,-0.01613220679897258,-0.0021911121980934603,-0.0465958941510311,-1.3660354317868142,0.9417896255272292,-0.06824622244351418,0.0028872063384245963,0.003341219884897357,0.003157633287996865,4.799036371624525,3.2563779656583094,23.21463326443068,5.801516840369141,3.32833660319716,25.887935061719254,44.890226978537086,-22.01970757788171,-212.11290322580646,51.62616246620203,-23.492986467210837,-214.81108485546855,44.89022805501005,-22.019708101742673,-212.11290536831197,-57.52857252631793,24.7380186215054,-66.81089905910865,-1.687139121617382,0.2622352842745242,-1.4712780125136697
2.36,0.021027379341435642,-0.021385076613295754,-0.04885201681189871,-1.3423161672764576,0.8628269126887409,-0.007706291285200069,0.0022257128508837575,0.0031630262080743488,0.003156960253474456,7.704241968549939,1.6402187071901086,23.105170237632095,6.57748062421031,2.815840322867295,25.904181407878813,48.40385594331021,-12.532626612936024,-213.4516129032258,52.851478741643824,-20.899244072825187,-215.09984326751172,48.40385710432829,-12.532626900301063,-213.4516150397878,3.677843528378322,-5.951541715162406,-67.29738670828505,0.357951322310914,-0.8969444423296298,-1.4687572969826084
2.37,0.007101215751279644,-0.01284156418413587,-0.04854659391104116,-1.4180886425049428,0.8398999091293536,0.06052292513908149,0.0029980222417865096,0.002789622185961459,0.003156371877838301,7.704241968549939,1.6402187071901086,23.105170237632095,7.378900064637235,2.328097780696077,25.882848291642524,48.40385594331021,-12.532626612936024,-213.4516129032258,53.934922792565494,-18.211889102371774,-215.40336242867886,48.40385710432829,-12.532626900301063,-213.4516150397878,-21.54884404215742,6.147613652240601,-65.87426237702392,-1.0782463142705836,-0.07609986837617216,-1.4219916529224217
2.38,-0.007336359730503367,-0.004710048493083072,-0.04759883822919547,-1.459463736373255,0.7882209348497046,0.1219182170601563,0.0031214708216434186,0.0030487570052562503,0.003155997235897933,7.704241968549939,1.6402187071901086,23.105170237632095,8.208213991825504,1.8652570294758108,25.825058238388817,48.40385594331021,-12.532626612936024,-213.4516129032258,54.87928184698079,-15.425128520169867,-215.72461567856192,48.40385710432829,-12.532626900301063,-213.4516150397878,-43.14489675882266,17.83660822004242,-63.71162211928228,-1.533583563139598,0.10741326190128198,-1.3679642137893822
2.39,-0.02186585171257585,0.00283743236364406,-0.046062387404612104,-1.4437319837506208,0.725329152451696,0.17864700081966595,0.0031783346899680936,0.0033436393290975,0.0031557818214638976,7.704241968549939,1.6402187071901086,23.105170237632095,9.039637787939956,1.4365098807301546,25.733813673256112,48.40385594331021,-12.532626612936024,-213.4516129032258,55.66793059738226,-12.619140033123184,-216.04604956158,48.40385710432829,-12.532626900301063,-213.4516150397878,-63.060173157893885,26.522888439488703,-60.5975822550555,-1.8055296646426133,0.23938549407270576,-1.3017559126391416
2.4,0.01628885833565366,-0.011484687128438543,-0.05407166360810162,-1.403547484168685,0.6361087721342723,0.22703523559541763,0.0022553872360425156,0.0027564391750250243,0.003155697499970832,10.706353684437484,0.4305323075002281,22.52822237301861,9.854457976215151,1.0520154483096646,25.61271965648521,49.93582535855264,-2.532458441935633,-214.79032258064515,56.28640779678774,-9.859966722075033,-216.3652892662067,49.93582655587083,-2.53245848608058,-214.7903247090112,-7.860136080095823,2.7367949383276367,-69.78018108909238,0.1286352733315391,-0.727498720913483,-1.6072241849245763
2.41,0.0018528432169485076,-0.005300318822490917,-0.05138194024854981,-1.4652961439473255,0.5970264163646484,0.29956581575977126,0.004667792538974564,0.00305305782028608,0.0031557426662432433,10.706353684437484,0.4305323075002281,22.52822237301861,10.684414421016182,0.7003203856140238,25.454662931163327,49.93582535855264,-2.532458441935633,-214.79032258064515,56.74629145403668,-7.040967863339207,-216.70183814906082,49.93582655587083,-2.53245848608058,-214.7903247090112,-21.95034230279257,11.464102237687223,-64.84211545353001,-1.1100047928290098,-0.0597040210035927,-1.3410900852174195
2.42,-0.01295601780638947,0.00036502310229411753,-0.04805193493774812,-1.481546717408476,0.5413355358319228,0.3591486462377213,0.0028209371370013633,0.003825650141459947,0.0031559336952718545,10.706353684437484,0.4305323075002281,22.52822237301861,11.533452762425854,0.3789339779040079,25.260504721706475,49.93582535855264,-2.532458441935633,-214.79032258064515,57.05505888007305,-4.148560993488972,-217.05581377420577,49.93582655587083,-2.53245848608058,-214.7903247090112,-56.39456096300613,17.886915091571733,-58.620339665444504,-1.717318118605617,0.03285787738896082,-1.2196402061470963
2.43,-0.02762785762710232,0.005434596626805489,-0.044180002428284015,-1.4524042178937067,0.47608370672641154,0.40824454001855187,0.0031783346899680936,0.0029414019842960125,0.003156195286678814,10.706353684437484,0.4305323075002281,22.52822237301861,12.3722786310413,0.09231346577879887,25.03591794786381,49.93582535855264,-2.532458441935633,-214.79032258064515,57.2118110763963,-1.2717066300469984,-217.40340233846862,49.93582655587083,-2.53245848608058,-214.7903247090112,-71.38042937928194,26.454828654978932,-52.3959580358338,-1.9658914544048285,0.16800942434761143,-1.1022391209799025
2.44,0.010097399019053876,-0.0033018578487257417,-0.05755249018350833,-1.3941849974462583,0.3902930613629278,0.44476632442919956,0.002417498637912886,0.003602712693439842,0.0031564508156962413,13.683166615000156,-0.31666403326856596,21.51604044190462,13.185325780104419,-0.14976027007737075,24.787406382862304,49.42341621640557,7.571388875228833,-216.1290322580645,57.21165332889299,1.5266659466896757,-217.75034583102453,49.42341740039225,7.571389070974364,-216.12903437787733,-18.85422655048256,9.534345716778411,-69.92912957902689,-0.10846424940242153,-0.5052997204646041,-1.7090771428040623
2.45,-0.004181566212587112,0.0003490761874854441,-0.05266675896162787,-1.445921292682906,0.34057089367762755,0.5189092988556289,0.004115661038482793,0.004036252530315558,0.0031571289606638804,13.683166615000156,-0.31666403326856596,21.51604044190462,14.00572848997104,-0.35585880799770114,24.503536350887778,49.42341621640557,7.571388875228833,-216.1290322580645,57.04903430469718,4.360956870620997,-218.11425034110673,49.42341740039225,7.571389070974364,-216.12903437787733,-29.94064563545315,12.321902946356689,-61.44425203536819,-1.285163982759298,-0.11887083838821669,-1.2246042617161712
2.46,-0.018620910579275785,0.0034497793269304446,-0.04715627787491128,-1.4342805655887247,0.28451259647838706,0.5751845627055086,0.0029416503559451168,0.0036263214000917723,0.003157785656940421,13.683166615000156,-0.31666403326856596,21.51604044190462,14.83205822783737,-0.5302815273919136,24.184666620752736,49.42341621640557,7.571388875228833,-216.1290322580645,56.73232247955247,7.233143731117787,-218.48500799597014,49.42341740039225,7.571389070974364,-216.12903437787733,-61.560876348916295,16.626055011033557,-51.933285650962375,-1.7945381196324197,-0.061852698912146925,-1.0494426280126685
2.47,-0.032761010486940634,0.005949314797569846,-0.04116948945039395,-1.3928978074708889,0.2203353291878524,0.6155193891369568,0.0031783346899680936,0.002949063928302218,0.003158331324475439,13.683166615000156,-0.31666403326856596,21.51604044190462,15.639702913384829,-0.6697640438655807,23.839430013585517,49.42341621640557,7.571388875228833,-216.1290322580645,56.27240016104314,10.061284574521471,-218.84782224812426,49.42341740039225,7.571389070974364,-216.12903437787733,-76.79804441870976,20.771868884767965,-42.49653346800672,-2.047442373469123,-0.008756966441790344,-0.8793875010007837
2.48,0.003154445650387583,0.0034206139001132455,-0.0593156522020048,-1.3199152536735694,0.14830993118230537,0.6404151408503109,0.004434212075145691,0.0037578258338511793,0.003158699238717572,16.517481677844238,-0.5653902002473625,20.115119085885265,16.413219484604777,-0.769598175987483,23.476245512024814,46.88760660735402,17.365262642241014,-217.46774193548387,55.67933809636153,12.78529779409789,-219.20324978998687,46.88760772920564,17.365263065447746,-217.46774404821323,-18.00069613914086,12.235550209193795,-68.06190056151215,-0.01802423995957634,-0.33180667595972996,-1.7738754007840352
2.49,-0.010326692577354246,0.0045823648048496715,-0.05247362598424998,-1.3530662672063738,0.08922060967960016,0.7135952386295888,0.0028036135820379265,0.0034568314887420118,0.0031599174296758313,16.517481677844238,-0.5653902002473625,20.115119085885265,17.186592556332855,-0.8327152999420823,23.080411419617164,46.88760660735402,17.365262642241014,-217.46774193548387,54.92768594695645,15.520950430407684,-219.57154275619058,46.88760772920564,17.365263065447746,-217.46774404821323,-48.38820528752807,13.872585295516481,-56.01141542413484,-1.573876681338439,-0.16605472393043733,-1.0809149912765468
2.5,-0.02372863599245384,0.005148364990391639,-0.04504545813180155,-1.326720904786395,0.029637923989507185,0.7636599182971937,0.0031783346899680936,0.0033110645626052244,0.003160867559816812,16.517481677844238,-0.5653902002473625,20.115119085885265,17.952828332100356,-0.8617232144962047,22.652055743141553,46.88760660735402,17.365262642241014,-217.46774193548387,54.02127760196264,18.252148543374847,-219.94013151545923,46.88760772920564,17.365263065447746,-217.46774404821323,-61.78014651078985,13.513811040641098,-44.04419090326014,-1.7792433962890846,-0.1912128739883423,-0.865718109953243
2.51,-0.036732076818738524,0.005116482959618944,-0.0372252533391314,-1.2740720729095747,-0.02975413138010861,0.7942530162360205,0.0031783346899680936,0.003362107167258606,0.0031614944696482386,16.517481677844238,-0.5653902002473625,20.115119085885265,18.694675774499984,-0.8565052106124262,22.202344453814472,46.88760660735402,17.365262642241014,-217.46774193548387,52.985483275159496,20.9152994676546,-220.30070494243782,46.88760772920564,17.365263065447746,-217.46774404821323,-79.14968855449285,12.146575221351917,-31.661932338918184,-2.0600788682896893,-0.23254042490227766,-0.6484170261017044
2.52,-0.0038652314349802985,0.00916399899374043,-0.059339612711390044,-1.192078946854564,-0.08645898230663032,0.8066727117887773,0.004209629727135484,0.0024281292532213838,0.0031617589461524764,19.106057572804612,-0.29841189458372674,18.388234114382744,19.39655585749265,-0.8179525072038426,21.741195307280446,42.432212874737544,26.44820051634812,-218.80645161290323,51.84521839524796,23.453373823132132,-220.64669369091558,42.432213888461135,26.44820114653097,-218.80645372114623,-23.634771175470128,19.274804635335286,-64.47234383024302,-0.15449241790221838,-0.003013659762327531,-1.799248845296956
2.53,-0.015911067260097222,0.00787029084043576,-0.05085321847544416,-1.198746429939093,-0.16111320310357202,0.8755297697188954,0.002882248350651858,0.0026221746229310515,0.0031633290286708533,19.106057572804612,-0.29841189458372674,18.388234114382744,20.086238093846898,-0.7397325690145329,21.251449170181584,42.432212874737544,26.44820051634812,-218.80645161290323,50.54909230879872,25.95873977850688,-221.00263480041414,42.432213888461135,26.44820114653097,-218.80645372114623,-51.79150402363097,14.69725757363281,-49.6065879540103,-1.576806152358617,-0.2310757568468351,-0.9299991615193276
2.54,-0.027736777916446187,0.005907091372578355,-0.041852584662529724,-1.1663471721290548,-0.22370601611844013,0.9167086148993642,0.0031783346899680936,0.003197522955526581,0.0031633849143932148,19.106057572804612,-0.29841189458372674,18.388234114382744,20.761818836540098,-0.6237177071212706,20.733521139326044,42.432212874737544,26.44820051634812,-218.80645161290323,49.101232267508884,28.42708182202276,-221.36237040430746,42.432213888461135,26.44820114653097,-218.80645372114623,-63.427527233109366,8.578625086898567,-35.232502676449734,-1.7686520990864487,-0.3522226574383279,-0.6760339156509623
2.55,-0.039099789863250856,0.0033679885461118664,-0.03256201872268427,-1.1077219611219489,-0.277572118533468,0.9359177284390926,0.0031783346899680936,0.004107708350246736,0.0031633849143932148,19.106057572804612,-0.29841189458372674,18.388234114382744,21.409361018205974,-0.4751907334570222,20.20023395830884,42.432212874737544,26.44820051634812,-218.80645161290323,47.542442688553486,30.806904879486908,-221.71416544110556,42.432213888461135,26.44820114653097,-218.80645372114623,-78.43657534685016,3.6978969957639136,-20.797657318757423,-2.0073752486032768,-0.4483875428535599,-0.4274007517042524
2.56,-0.010302292426044357,0.013972843747741206,-0.05763032695293896,-1.0244855485346414,-0.3258868728660818,0.9338628912513842,0.0028041243072770197,0.0022623705481285145,0.0031633849143932148,21.365548269971764,0.48368329322580994,16.41534880919797,22.014905888251743,-0.2975227213615864,19.663072665764282,36.239639361456,34.448345953784326,-220.14516129032256,45.906936217265255,33.045605309662776,-222.0517847805955,36.23964022564761,34.44834676335252,-220.14516339676788,-39.35463299373442,22.928631787406875,-58.49385816203798,-0.626499994725079,0.17231982492840311,-1.7517014278934957
2.57,-0.020541544807501755,0.010226007162283482,-0.047904969242549,-1.014158827211561,-0.40901697985801194,0.9954158436278513,0.003153230677218101,0.0023726052987536137,0.0031633849143932148,21.365548269971764,0.48368329322580994,16.41534880919797,22.600477665389363,-0.07838693391240735,19.102834232545543,36.239639361456,34.448345953784326,-220.14516129032256,44.12454266787028,35.216424203890384,-222.39953933394364,36.23964022564761,34.44834676335252,-220.14516339676788,-49.75145038128931,12.424226799824288,-42.39765440769503,-1.4622596202347011,-0.3474508530617641,-0.7784349991119935
2.58,-0.03050882175429326,0.005783353804059374,-0.03776425883465878,-0.978387331562887,-0.47037995309520536,1.025757096566849,0.0031783346899680936,0.0033642203495305193,0.0031633849143932148,21.365548269971764,0.48368329322580994,16.41534880919797,23.1693486184341,0.17957469638181547,18.520212084608463,36.239639361456,34.448345953784326,-220.14516129032256,42.20202744441395,37.32984662761929,-222.75344880904177,36.23964022564761,34.44834676335252,-220.14516339676788,-62.90887662278056,2.193650828937459,-26.21234700712331,-1.712849434060325,-0.533242494809063,-0.4952093558311989
2.59,-0.03998423392693906,0.000802532021258952,-0.027453239721818457,-0.9191401402374666,-0.5196793343751638,1.0318202743537703,0.0031783346899680936,0.004649099630746353,0.0031633849143932148,21.365548269971764,0.48368329322580994,16.41534880919797,23.7087351736432,0.46773745524889637,17.929225814859745,36.239639361456,34.448345953784326,-220.14516129032256,40.190262038629186,39.339098313117034,-223.10009809840457,36.23964022564761,34.44834676335252,-220.14516339676788,-75.48205462380866,-3.861808130867707,-10.612717608879729,-1.910192273791023,-0.6473963878354196,-0.2306424485630944
2.6,-0.016135636141076826,0.017691255822035054,-0.05426677163514165,-0.8403333465333185,-0.5603572386011693,1.0149258403747003,0.002886881388797241,0.002229667024066475,0.0031633849143932148,23.234630276352906,1.7624977512015216,14.292226246919443,24.20752367216304,0.7817943259112876,17.34263025306935,28.56341075473962,41.03817206036381,-221.48387096774195,38.12888977933523,41.19893138872563,-223.43723736891974,28.563411434256402,41.0381730155076,-221.4838730741722,-42.5745802390726,23.26454362221794,-51.5861158714877,-0.7492934512599264,0.263067212949152,-1.6637039923273313
2.61,-0.024485972362429276,0.011567176900666842,-0.04378916203327199,-0.8242983213661237,-0.6470012088186694,1.0653317774641284,0.0031774899455699335,0.002327937019456901,0.0031633849143932148,23.234630276352906,1.7624977512015216,14.292226246919443,24.68462545637832,1.1372012094087383,16.739951562011818,28.56341075473962,41.03817206036381,-221.48387096774195,35.936609619377464,42.97264951231907,-223.78609868972222,28.563411434256402,41.0381730155076,-221.4838730741722,-50.52672489273267,7.796916010878654,-34.4045361968201,-1.4641772262767978,-0.4982156788551273,-0.6237552655237871
2.62,-0.03252620751226748,0.004769254194874461,-0.03301465465118131,-0.7845365414949538,-0.7036353401467632,1.0835077399621627,0.003175946855826493,0.00386742189862778,0.0031633849143932148,23.234630276352906,1.7624977512015216,14.292226246919443,25.142909577626007,1.5298343008775626,16.121724656831066,28.56341075473962,41.03817206036381,-221.48387096774195,33.62262471927696,44.671224997125414,-224.13897408904754,28.563411434256402,41.0381730155076,-221.4838730741722,-61.52638836017231,-4.254324724658128,-17.531682012577544,-1.6406492767338279,-0.7078362521446857,-0.3348492709327375
2.63,-0.0400703184806544,-0.002521903021361044,-0.022201997648289007,-0.7273720830360113,-0.7484450737608185,1.0756075863768364,0.00317381934442582,0.004501476808617107,0.0031633849143932148,23.234630276352906,1.7624977512015216,14.292226246919443,25.571789060628593,1.950089894506189,15.502802325890247,28.56341075473962,41.03817206036381,-221.48387096774195,31.24243144882855,46.25407289274471,-224.4861410403955,28.563411434256402,41.0381730155076,-221.4838730741722,-71.6605285367967,-12.29612898559443,-1.5003005821421156,-1.7970398043397515,-0.8634309764539263,-0.06628388354458477
2.64,-0.021854765648122554,0.02018670575069017,-0.049399621311317976,-0.6547279925889817,-0.769664227924395,1.0455162379935894,0.0031712735941001723,0.0022250976899053357,0.0031633849143932148,24.672869282030717,3.500981383903185,12.126152144108088,25.962732626296177,2.389451595034119,14.896017003762527,19.717792755665936,45.94789058101153,-222.82258064516128,28.844842145834114,47.68807803337551,-224.82213569243262,19.717793223230164,45.94789164268712,-222.82258275182383,-42.706437320101244,21.58219735178144,-43.793459116281326,-0.790372126070392,0.4135280233834406,-1.5660206454651877
2.65,-0.02831256670999649,0.011945346115760869,-0.03869128188564297,-0.6321226796932679,-0.857461719870906,1.0824705630424474,0.0031705180640853774,0.0023303345748067828,0.0031633849143932148,24.672869282030717,3.500981383903185,12.126152144108088,26.331070509526327,2.8660454275930163,14.28088299286102,19.717792755665936,45.94789058101153,-222.82258064516128,26.34164094723956,49.02343165750194,-225.1654514337499,19.717793223230164,45.94789164268712,-222.82258275182383,-51.808164660461756,1.9039230921240233,-26.13432028020764,-1.4370227504790436,-0.6643432083792427,-0.48125741322181753
2.66,-0.0344112854422538,0.0030731052397232617,-0.02781776002086514,-0.5896853755232131,-0.9091898500363772,1.0873249314249873,0.0031691473543070453,0.004454452077654357,0.0031633849143932148,24.672869282030717,3.500981383903185,12.126152144108088,26.677994913654704,3.377262366755309,13.657751313042013,19.717792755665936,45.94789058101153,-222.82258064516128,23.738478104389248,50.264720333755825,-225.51016166844414,19.717793223230164,45.94789164268712,-222.82258275182383,-60.26539238246945,-9.754562691795673,-9.586115005947931,-1.5697564768096846,-0.8607805872195331,-0.20208017306383644
2.67,-0.04001808733749013,-0.00624613646344193,-0.017041205553597144,-0.535176008226149,-0.9468133046134561,1.0664425695995496,0.0031674790227711183,0.0034259989938073866,0.002879294055312195,24.672869282030717,3.500981383903185,12.126152144108088,26.99604953028122,3.913199336036535,13.041622620224922,19.717792755665936,45.94789058101153,-222.82258064516128,21.092301403725653,51.381098728722186,-225.8515868324451,19.717793223230164,45.94789164268712,-222.82258275182383,-67.65924597933423,-25.861694078285517,6.061152914463525,-1.6799525697804032,-1.1782964313438988,0.05942251583342423
2.68,-0.027827733782259223,0.02164212504850979,-0.043190927255743056,-0.4695706272109287,-0.94593245529852,1.0236993881592824,0.00316561076076176,0.002225476815603892,0.0031633849143932148,25.657701315925028,5.64237176532368,10.029144431402703,27.279022868410408,4.457624941062615,12.444621199033008,10.064926004433014,48.97649706262472,-224.16129032258064,18.467333461029664,52.35576379444695,-226.1745492513153,10.064926242058748,48.97649818780421,-224.16129242812394,-47.26312866674511,18.82744998090696,-34.944993385370445,-0.9632202789603874,0.4583100384868819,-1.4189567833278716
2.69,-0.03236708734038063,0.011637557961694522,-0.032783524165965694,-0.4370080004109466,-1.0319220209014506,1.0459105657990742,0.003164740859591616,0.0023397589666925784,0.0031633849143932148,25.657701315925028,5.64237176532368,10.029144431402703,27.537000592163814,5.035032368112301,11.847559758299761,10.064926004433014,48.97649706262472,-224.16129032258064,15.76359920498207,53.21484556175923,-226.50244219763837,10.064926242058748,48.97649818780421,-224.16129242812394,-53.564643858813994,-4.319842529655054,-17.928648052551768,-1.4167538455974622,-0.8258638556699882,-0.35514713329983344
2.7,-0.03649612658788298,0.0010467625531404845,-0.022351325711974013,-0.3920931931470133,-1.0798161528972006,1.0370034771920285,0.0031636041547410685,0.004734221737527428,0.0031633849143932148,25.657701315925028,5.64237176532368,10.029144431402703,27.77096148983231,5.644510898263828,11.250499514691398,10.064926004433014,48.97649706262472,-224.16129032258064,12.982428013920787,53.960939946080416,-226.83231838010218,10.064926242058748,48.97649818780421,-224.16129242812394,-59.314016394478486,-14.812368358455318,-2.586359773971132,-1.5028570301218709,-1.0019565952186236,-0.10032163768161434
2.71,-0.040136288911199414,-0.009929050370697912,-0.012141739283812375,-0.3398317812730519,-1.1041788905569483,1.004987027360581,0.0031623745965951395,0.0028146389758292563,0.0027755930673495893,25.657701315925028,5.64237176532368,10.029144431402703,27.976489014294216,6.2744973311212195,10.667480312182784,10.064926004433014,48.97649706262472,-224.16129032258064,10.182377241960845,54.57587295466806,-227.16073255250544,10.064926242058748,48.97649818780421,-224.16129242812394,-63.88276861970628,-41.59859963580227,13.229000031235277,-1.5662992760235845,-1.4856168142887898,0.16138434032452717
2.72,-0.03408324672445151,0.0221616249115964,-0.03586405481963939,-0.2814324935440892,-1.0896649531857732,0.9517223864150074,0.0031611203034503125,0.002225476815603892,0.0031633849143932148,26.181032382006634,8.109987756862653,8.109987756862662,28.14983244244361,6.903737413118082,10.109927997806603,1.2246467991473532e-14,50.0,-225.5,7.438160014943259,55.05728627970868,-227.4686351327267,1.2033874066735997e-14,50.00000114325184,-225.5000021019788,-52.39685146660544,15.104622911078133,-25.577492005017614,-1.1538805841857775,0.4326764907035879,-1.206332651118172
2.73,-0.03667403708697431,0.010735864411095253,-0.026270649851324684,-0.23878912468026522,-1.171484993021105,0.9577997417417162,0.0031602849502535297,0.002376931636033177,0.0031633849143932148,26.181032382006634,8.109987756862653,8.109987756862662,28.295713484217398,7.562269273661082,9.560371392659569,1.2246467991473532e-14,50.0,-225.5,4.640042412414145,55.40660121314041,-227.78302769886585,1.2033874066735997e-14,50.00000114325184,-225.5000021019788,-55.72157210103642,-10.571940239054523,-10.075907950754464,-1.4020406369209943,-0.9770693908684539,-0.24986614102601395
2.74,-0.03880069172004402,-0.0012282345706361997,-0.01679350908702562,-0.19098262453404768,-1.2158047954036229,0.9360716667770876,0.0031594299412924997,0.004697982950504549,0.002873870118667337,26.181032382006634,8.109987756862653,8.109987756862662,28.41481028949585,8.250232583689938,9.018746802674183,1.2246467991473532e-14,50.0,-225.5,1.7865910664404836,55.62465125187727,-228.1027441631455,1.2033874066735997e-14,50.00000114325184,-225.5000021019788,-58.489341500104366,-19.956472740322994,2.6233619950668015,-1.4367604324326395,-1.1388681762769748,-0.042256198059749596
2.75,-0.040435394382909884,-0.013488826790720415,-0.0076498611026142305,-0.14046168912702908,-1.2250237183285284,0.8938878315590102,0.0031586206520651658,0.0028314025149334086,0.002756341808822768,26.181032382006634,8.109987756862653,8.109987756862662,28.505561687544624,8.952938759771953,8.497381575515272,1.2246467991473532e-14,50.0,-225.5,-1.0602747969440147,55.70807122290998,-228.42202002450858,1.2033874066735997e-14,50.00000114325184,-225.5000021019788,-60.224290840503656,-50.82209813959888,18.123514071260125,-1.452964012157568,-1.6684940492074316,0.20849236998065906
2.76,-0.040410027094291145,0.021484122469926648,-0.027706457002056428,-0.08846134584463677,-1.201896669771238,0.8342487941726203,0.003157889501440171,0.002225476815603892,0.0031623666818109157,26.24660909502345,10.809060086860155,6.466856337413449,28.56669993753339,9.648029887714015,8.006289481537124,-10.06492600443299,48.97649706262473,-226.83870967741936,-3.825486311690097,55.66614594662262,-228.72368497122002,-10.064926239113188,48.976498177952365,-226.83871177316854,-57.65964388290152,9.906752892714021,-16.02096776237287,-1.3496734411417028,0.33100160075137,-0.9648535660727762
2.77,-0.04100541008631414,0.008976940156961377,-0.019385996298253966,-0.035889413297898756,-1.2757859288384459,0.8239904906915653,0.0031572559578995386,0.002541957900392237,0.0029341061061926056,26.24660909502345,10.809060086860155,6.466856337413449,28.597801468437368,10.368053618066375,7.530508454039054,-10.06492600443299,48.97649706262473,-226.83870967741936,-6.620356463332511,55.47784462926764,-229.0341950561052,-10.064926239113188,48.976498177952365,-226.83871177316854,-57.71511965095062,-16.474556545770294,-3.831282346412097,-1.3824343181643377,-1.1053296134704738,-0.19144960452152082
2.78,-0.04108217601570563,-0.004008593330280419,-0.01131114812002973,0.014894331280388352,-1.3155476005245534,0.790543479612678,0.003156745342847894,0.004168507456031349,0.002757443426878046,26.24660909502345,10.809060086860155,6.466856337413449,28.599307963151393,11.114246862261592,7.06989780270858,-10.06492600443299,48.97649706262473,-226.83870967741936,-9.449214533520731,55.1422369590159,-229.35391892650452,-10.064926239113188,48.976498177952365,-226.83871177316854,-57.424305650018844,-27.253905063601128,7.879743713276537,-1.3646007372267297,-1.3161073306217115,0.004971849550860693
2.79,-0.040661771005709946,-0.017166577254001253,-0.0036710724946052847,0.06399889676614791,-1.3084784545791424,0.7402058782539359,0.003156346745380647,0.0029101427818108037,0.003245187078084703,26.24660909502345,10.809060086860155,6.466856337413449,28.57241603136631,11.86745198042782,6.635110726987286,-10.06492600443299,48.97649706262473,-226.83870967741936,-12.242949318996207,54.67228053802188,-229.6730448127771,-10.064926239113188,48.976498177952365,-226.83871177316854,-55.920474961277506,-57.708870378518014,19.456838660846582,-1.326175311890237,-1.8121027349863639,0.1789489238184728
2.8,-0.04635891943990711,0.019174312902834723,-0.019029162170571837,0.110179392279683,-1.2749446321343434,0.6774283372893793,0.003156057504489747,0.002229431258992089,0.0029170488317181147,25.868788275619313,13.631391701024409,5.181935144702023,28.518202725756574,12.606823794349472,6.23331578690568,-19.717792755665915,45.947890581011535,-228.17741935483872,-14.935455244904297,54.08736528846437,-229.97730587116573,-19.717793211894122,45.94789162377691,-228.17742144237747,-62.1533239961473,2.745733449019294,-7.817635880731063,-1.528937995677463,0.19840040055780347,-0.7670743434170746
2.81,-0.04490693503402127,0.006003689122332456,-0.012360371447230636,0.17180274602400916,-1.3374853251160037,0.6529112183900668,0.0031558011401448607,0.003414598095654856,0.0027720447935965396,25.868788275619313,13.631391701024409,5.181935144702023,28.43160048939463,13.364272980335988,5.852941358191837,-19.717792755665915,45.947890581011535,-228.17741935483872,-17.630268821230707,53.34764638739651,-230.28965610885808,-19.717793211894122,45.94789162377691,-228.17742144237747,-59.030474273564586,-18.922369350282764,2.4656953473609966,-1.3510965872430607,-1.144320444705524,-0.13152079118032356
2.82,-0.04289307390177838,-0.0075727206219946275,-0.006071400952985598,0.2245991120504246,-1.3683599836560385,0.60701861705704,0.003155699555639573,0.0030689815423240088,0.0029316558860839484,25.868788275619313,13.631391701024409,5.181935144702023,28.313223934837772,14.143638292211772,5.495314521094958,-19.717792755665915,45.947890581011535,-228.17741935483872,-20.33484231762925,52.44823542621579,-230.61637938496602,-19.717793211894122,45.94789162377691,-228.17742144237747,-55.17982888177403,-41.87576852638571,12.332906398043848,-1.2701767509092816,-1.6193429218871103,0.026274225288896065
2.83,-0.04038090328614247,-0.021153751934386733,-0.0002956450690912299,0.27197103968524344,-1.3455569112488392,0.5522808665883877,0.0031557012258554397,0.0031783346899680936,0.0038169210131361406,25.868788275619313,13.631391701024409,5.181935144702023,28.166615226415093,14.920350452559584,5.167577499985828,-19.717792755665915,45.947890581011535,-228.17741935483872,-22.973846629227744,51.420818812473485,-230.93979497448746,-19.717793211894122,45.94789162377691,-228.17742144237747,-50.48568674335093,-59.863920180326225,18.178263568707024,-1.1802395288462308,-1.8292453184934168,0.09995446839087578
2.84,-0.05132855838196487,0.015027829308492946,-0.010189716904589127,0.31167832964881753,-1.3006098297468511,0.4869399492110088,0.0031557702620288834,0.0022719372805484277,0.002737759864567416,25.072824513772424,16.462731340336575,4.318557792877297,27.995316366087966,15.677089187553179,4.874559819180498,-28.5634107547396,41.03817206036383,-229.51612903225805,-25.493894204809404,50.2923121471565,-231.2508979173825,-28.563411410302116,41.03817298911062,-229.5161311108858,-65.1573040732036,-6.5933903265999465,1.3389210586426634,-1.6785114678021822,-0.007542703923284183,-0.5267714508817705
2.85,-0.047817427570102045,0.001679799640640578,-0.005530661229004766,0.379329651507226,-1.35261885501224,0.44450755703639394,0.0031560298399995997,0.00468667557654584,0.0030864126964740618,25.072824513772424,16.462731340336575,4.318557792877297,27.790495342748205,16.4441967267933,4.610274165154923,-28.5634107547396,41.03817206036383,-229.51612903225805,-27.983565822086266,49.00546496423179,-231.5727748199793,-28.563411410302116,41.03817298911062,-229.5161311108858,-58.84610837505105,-19.6122828404838,7.98812206406599,-1.2925508856925578,-1.1790871446999522,-0.10033030086439218
2.86,-0.04372127238794593,-0.011964734507527441,-0.0013819549566894684,0.4331948649860384,-1.363323752297226,0.39051931583333005,0.0031563642356094365,0.002807168072067571,0.003917455402144264,25.072824513772424,16.462731340336575,4.318557792877297,27.552767577907805,17.226239282445224,4.37567689841849,-28.5634107547396,41.03817206036383,-229.51612903225805,-30.45310625930122,47.554848848200315,-231.91152312151044,-28.563411410302116,41.03817298911062,-229.5161311108858,-51.119819595498605,-52.08760050373917,13.16040644190462,-1.1467192434437488,-1.7503161405120446,-0.02985963096665439
2.87,-0.03913880823528726,-0.025432261644461995,0.002211512458927256,0.4769236847177817,-1.3305317786685307,0.3327734761839908,0.0031567187535047484,0.0031783346899680936,0.0038545759055610028,25.072824513772424,16.462731340336575,4.318557792877297,27.2877739926065,17.995867009058095,4.173133460299448,-28.5634107547396,41.03817206036383,-229.51612903225805,-32.82915309872284,45.98911371529777,-232.24300459508106,-28.563411410302116,41.03817298911062,-229.5161311108858,-43.37099749701,-65.44146083429445,16.36787746229555,-1.004302849417967,-1.9670000543014916,0.008931258445639384
2.88,-0.05471709700700067,0.009188909910702703,-0.0017599208735504385,0.5089768715982319,-1.271970520296237,0.26767023652821703,0.003157025753938214,0.0025116565374738416,0.003990548952330726,23.896348734382826,19.19163361210924,3.92046367885541,27.001599098758263,18.73874832271088,4.006219305613491,-36.239639361455986,34.44834595378434,-230.8548387096774,-35.06753683191297,44.342040595451884,-232.5635967788768,-36.239640186537805,34.44834673184497,-230.8548407800643,-65.73355557775692,-16.05055070273069,9.08816375637923,-1.7786613071704966,-0.22703900291079882,-0.28957047361847654
2.89,-0.049210443964641415,-0.0038148650759943226,0.0006124833091271098,0.5792106958487995,-1.314603021451355,0.21076668370060223,0.003157837317068689,0.004223984153937588,0.004155831837980936,23.896348734382826,19.19163361210924,3.92046367885541,26.682380351717608,19.48563024002441,3.87363496379107,-36.239639361455986,34.44834595378434,-230.8548387096774,-37.248824679486994,42.539678686209356,-232.89799195656724,-36.239640186537805,34.44834673184497,-230.8548407800643,-56.092983636453226,-26.14409855283364,10.331918153391841,-1.1913602768755698,-1.3132877712741478,-0.12973029181664797
2.9,-0.04311741836711569,-0.016925431932606427,0.002399816280831496,0.6319057773150559,-1.300150376917255,0.15259071996543605,0.0031585708201535842,0.0029048348576986597,0.003991946195810002,23.896348734382826,19.19163361210924,3.92046367885541,26.33033395099282,20.235682126263214,3.77455940290606,-36.239639361455986,34.44834595378434,-230.8548387096774,-39.37304413559661,40.584326412110165,-233.24239365427854,-36.239640186537805,34.44834673184497,-230.8548407800643,-45.10642231915738,-56.43654303379033,12.380429200349376,-0.9919390671197267,-1.8064509966409728,-0.11301446354320997
2.91,-0.036580557605577824,-0.02971044878817264,0.0035953790888359066,0.6691450615506304,-1.257408195367227,0.0921692711989678,0.0031591532211220396,0.0031783346899680936,0.003758158958458017,23.896348734382826,19.19163361210924,3.92046367885541,25.95375571841972,20.965630829801075,3.7095337980424965,-36.239639361455986,34.44834595378434,-230.8548387096774,-41.37937406738452,38.53171403200796,-233.5793823301093,-36.239640186537805,34.44834673184497,-230.8548407800643,-34.379517748875145,-69.59924146201536,12.774971498747206,-0.800513999178825,-2.0226088404715563,-0.12399826707347458
2.92,-0.05602235075206219,0.0021692798338051045,0.0057812307897141535,0.6913961846062767,-1.1873134710950137,0.0307520159345048,0.0031595264077450133,0.004624589331221185,0.0031014999696423644,22.391320623732398,21.717845639575888,4.012243839636033,25.560872680531617,21.662312361869052,3.679703407805662,-42.43221287473754,26.44820051634814,-232.19354838709677,-43.23097403697203,36.4243835234985,-233.9057475165491,-42.432213833494316,26.448201113210228,-232.19355045088503,-63.806189654275784,-15.69558197220682,14.556225078230758,-1.8294711927260523,-0.16312817049032366,-0.08481820287091245
2.93,-0.04869707628443798,-0.009922728463290564,0.005689846444510385,0.7600873858228654,-1.210922655994469,-0.04011842064882275,0.003160796636910564,0.0028148649636825637,0.0031723994570174285,22.391320623732398,21.717845639575888,4.012243839636033,25.137589250363156,22.355641335641494,3.688916202731429,-42.43221287473754,26.44820051634814,-232.19354838709677,-44.99624186306601,34.1750395660389,-234.2478350655919,-42.432213833494316,26.448201113210228,-232.19355045088503,-50.36166009451232,-44.01498681230727,13.326429018080965,-1.0452357471495175,-1.5955156471802971,-0.1543817587119158
2.94,-0.04082216648299697,-0.02187950791471105,0.004932389778949733,0.8069442817916453,-1.1804071059488614,-0.10437493216290104,0.0031617647933993116,0.0031783346899680936,0.0034760435268845185,22.391320623732398,21.717845639575888,4.012243839636033,24.683817922756287,23.038852480211183,3.7359760613595983,-42.43221287473754,26.44820051634814,-232.19354838709677,-46.65969785028731,31.79411502291043,-234.59561214070726,-42.432213833494316,26.448201113210228,-232.19355045088503,-37.2348920067538,-56.07282123177468,10.072560718776657,-0.8113035055532544,-1.7784534867933035,-0.22948390718678313
2.95,-0.0325853366395053,-0.03341897219717166,0.0035538953470821283,0.834633490146127,-1.128246079036618,-0.1645185567104089,0.0031623753594132806,0.0031783346899680936,0.003974483115054334,22.391320623732398,21.717845639575888,4.012243839636033,24.210400668276044,23.6968735459564,3.8183768776007967,-42.43221287473754,26.44820051634814,-232.19354838709677,-48.18701656317006,29.338932284608507,-234.93874957424944,-42.432213833494316,26.448201113210228,-232.19355045088503,-23.738736063878275,-71.73024351012742,6.640115242047211,-0.5759262656180756,-2.027717785256177,-0.30492451669289533
2.96,-0.0549918243689807,-0.005190620421281711,0.011856936718445968,0.8442504930055206,-1.0508474529411191,-0.22030139756218214,0.003162594070066916,0.0037816554169948988,0.002299270179461553,20.625440978679805,23.95836236159906,4.600000391608106,23.727191867403896,24.3165211451288,3.9339581206566634,-46.887606607354016,17.365262642241035,-233.53225806451613,-49.547524091211564,26.86150054659459,-235.27127994323666,-46.88760765942921,17.36526303470163,-233.53226012362092,-58.859703352603205,-24.461812600848518,21.955112907464997,-1.810078606187997,-0.392404609184214,0.18637193986421174
2.97,-0.046164548642475656,-0.015743979161020438,0.009160684015503434,0.9071309704291609,-1.046180764962416,-0.30511000644085073,0.0031633849143932148,0.0028784915849642554,0.0024518854072694413,20.625440978679805,23.95836236159906,4.600000391608106,23.21823362331342,24.920196663121914,4.093032495532471,-46.887606607354016,17.365262642241035,-233.53225806451613,-50.776747881152644,24.270163867795734,-235.61886964993252,-46.88760765942921,17.36526303470163,-233.53226012362092,-42.86919098369158,-48.07520823610452,13.860368078919763,-0.879522675625629,-1.6050853462103902,-0.22961553939085722
2.98,-0.03687404820131729,-0.026016503555408854,0.005731618399294008,0.943664430671616,-1.009526113893314,-0.3717401989022394,0.0031633849143932148,0.0031783346899680936,0.003336937501464383,20.625440978679805,23.95836236159906,4.600000391608106,22.683958983976368,25.50656672101279,4.293242674697772,-46.887606607354016,17.365262642241035,-233.53225806451613,-51.87505933443494,21.5711993664617,-235.97455675509053,-46.88760765942921,17.36526303470163,-233.53226012362092,-27.534878678830935,-57.94634683365752,4.745530776414911,-0.6105260357831059,-1.7650890450182857,-0.40079824123736396
2.99,-0.027336969875244088,-0.035812263255316445,0.0017007775748911907,0.9587225591826248,-0.9517879244006014,-0.4276611805556997,0.0031633849143932148,0.0031783346899680936,0.004532424660861767,20.625440978679805,23.95836236159906,4.600000391608106,22.1367839126628,26.064389793613476,4.527356004097391,-46.887606607354016,17.365262642241035,-233.53225806451613,-52.827419503717415,18.82753574238953,-236.32600182866855,-46.88760765942921,17.36526303470163,-233.53226012362092,-12.317951228296986,-71.19565744001484,-1.070780663505769,-0.3496980583211172,-1.9741638731295177,-0.5124949127870466
3.0,-0.05168508321577708,-0.01189825422201185,0.01585018613738355,0.9533099006744207,-0.8738212949319305,-0.47668829955524816,0.0031633849143932148,0.002806195074015122,0.0022453991993871512,18.6819325723832,25.85018696503498,5.671566391141009,21.587990753612154,26.5822091386141,4.791503710772747,-49.42341621640556,7.571388875228859,-234.8709677419355,-53.610943047633725,16.095331920837797,-236.66907347333168,-49.42341731841188,7.571389048356713,-234.87096979781262,-50.66649976697941,-38.251805563636054,22.7377968272476,-1.694184503001698,-0.8027420944979142,0.270636154434998
3.01,-0.04181863614647796,-0.02056860101509672,0.010566230268964222,1.0058704645545395,-0.854073125092419,-0.5638932645300886,0.0031633849143932148,0.003157012387205535,0.0023643459316971946,18.6819325723832,25.85018696503498,5.671566391141009,21.020141235092908,27.077456890465776,5.098881269241077,-49.42341621640556,7.571388875228859,-234.8709677419355,-54.241797001016955,13.28074854574064,-237.02475301075555,-49.42341731841188,7.571389048356713,-234.87096979781262,-33.84066410588983,-46.50814904886218,8.665617189996976,-0.7025920654902932,-1.499059893759449,-0.3989354598295619
3.02,-0.031612825275676604,-0.028909365557915068,0.004573742027570646,1.029182905081558,-0.8144644770895026,-0.625488346337562,0.0031633849143932148,0.0031771035304982128,0.003907652163734784,18.6819325723832,25.85018696503498,5.671566391141009,20.434186638098094,27.552948265083785,5.445658688506918,-49.42341621640556,7.571388875228859,-234.8709677419355,-54.734136884071305,10.387420424200116,-237.38634842710485,-49.42341731841188,7.571389048356713,-234.87096979781262,-17.142513267302032,-57.80652868859183,-2.628973783276182,-0.41263027801917873,-1.7128473707072,-0.5976122408223046
3.03,-0.02130292692869462,-0.03674898652796099,-0.00196642598290471,1.0289778664532419,-0.7565384798507455,-0.6760068688311337,0.0031633849143932148,0.003174891328019601,0.0045696296191777425,18.6819325723832,25.85018696503498,5.671566391141009,19.84361702471843,27.998712777036616,5.8232213220135645,-49.42341621640556,7.571388875228859,-234.8709677419355,-55.079103623739684,7.481622740660256,-237.74380649396332,-49.42341731841188,7.571389048356713,-234.87096979781262,-1.13329218265876,-68.54222399169018,-10.142638045853696,-0.14216884238474017,-1.8790815837423736,-0.743422642972968
3.04,-0.04645440318776628,-0.01774436993616263,0.017681646112910954,1.0082373915442362,-0.6827256832070332,-0.7075139718346747,0.0031633849143932148,0.0029114394223609726,0.0022353751908405647,16.656895630870522,27.349997803595997,7.19613817033026,19.260177898770593,28.40590547868019,6.224482235731084,-49.93582535855264,-2.532458441935609,-236.20967741935482,-55.26763062168747,4.621064636813535,-238.09188883729166,-49.935826465615534,-2.532458494057198,-236.20967947248008,-41.26214227502895,-41.35784652818268,19.06122342749655,-1.5746444642272575,-0.9180900964920736,0.36018551489653305
3.05,-0.03611547058037845,-0.024464103443749607,0.010087756023246283,1.0465050127369113,-0.6582434882025358,-0.7922667317303077,0.0031633849143932148,0.003171392665968272,0.0024135474201442833,16.656895630870522,27.349997803595997,7.19613817033026,18.66608760974683,28.78919504064146,6.663901708642952,-49.93582535855264,-2.532458441935609,-236.20967741935482,-55.3054986432968,1.7123772026536883,-238.44671007245108,-49.935826465615534,-2.532458494057198,-236.20967947248008,-23.80608910857191,-47.5750881724075,0.4755753858495934,-0.5205717125358084,-1.4989225165586912,-0.607312239368626
3.06,-0.025583551938619387,-0.03082380312703792,0.0018528114432642406,1.0548824809408863,-0.6157257974559862,-0.8473890872771811,0.0031633849143932148,0.0031699810498204747,0.004667796514821128,16.656895630870522,27.349997803595997,7.19613817033026,18.062316287263396,29.15106587815389,7.138818707931218,-49.93582535855264,-2.532458441935609,-236.20967741935482,-55.20355754204448,-1.241817239992505,-238.80366721256635,-49.935826465615534,-2.532458494057198,-236.20967947248008,-7.218209320737388,-56.6227567119389,-9.438981804056468,-0.2393152800417653,-1.6414628764169756,-0.778813369488107
3.07,-0.015101099651452232,-0.03668773405396375,-0.006867070176984541,1.0398348406134506,-0.5604871379241042,-0.8880390419142196,0.0028381503074627265,0.0031682407085907175,0.003240655957170129,16.656895630870522,27.349997803595997,7.19613817033026,17.462694312627566,29.483806326434344,7.640580350501396,-49.93582535855264,-2.532458441935609,-236.20967741935482,-54.95955081001344,-4.177719678558342,-239.15790813960118,-49.935826465615534,-2.532458494057198,-236.20967947248008,9.020388762883602,-64.45529834848891,-26.96269982983662,0.03477207136852073,-1.7585623691059353,-1.1191798798361012
3.08,-0.03983632033319612,-0.023051674002224132,0.017849100630601994,1.0038075005403535,-0.4935747947777386,-0.8928705991600129,0.0031633849143932148,0.003166276486774665,0.0022398338940134987,14.654146991811503,28.431773715603686,9.123707382544039,16.87859267697459,29.780855542100447,8.153131192781126,-48.40385594331021,-12.532626612936044,-237.5483870967742,-54.5901186659543,-7.029864640795537,-239.49211529300956,-48.403857010740154,-12.532626886777035,-237.54838914649443,-31.28704727032707,-41.66014575405043,13.117919658347478,-1.421219273239664,-0.9629866713210182,0.3528871677136001
3.09,-0.029629546771259896,-0.027846448673803315,0.008422970479736891,1.0264235314398846,-0.4634321059744772,-0.9718939685062499,0.0031633849143932148,0.00316544384284147,0.002639136329596686,14.654146991811503,28.431773715603686,9.123707382544039,16.29296029126016,30.05358380551833,8.697103148197574,-48.40385594331021,-12.532626612936044,-237.5483870967742,-54.078748013234836,-9.89358116322127,-239.82808359384825,-48.403857010740154,-12.532626886777035,-237.54838914649443,-14.073251080061745,-48.51017339417852,-7.920690046344541,-0.36354561033120797,-1.4643163050301968,-0.8016846893071198
3.1,-0.019383747930657225,-0.03224988699623582,-0.001583927015738118,1.0193604683229733,-0.420257079959088,-1.0230189668803238,0.0029362073128503434,0.0031643083298935138,0.004664621582829594,14.654146991811503,28.431773715603686,9.123707382544039,15.706453081260475,30.30336078440807,9.27332299112651,-48.40385594331021,-12.532626612936044,-237.5483870967742,-53.425984219906574,-12.770467608119434,-240.16703149167682,-48.403857010740154,-12.532626886777035,-237.54838914649443,0.7246465576946788,-54.8325056294988,-16.668293649504427,-0.12281974304784911,-1.5596005084702107,-0.9616323051057549
3.11,-0.009326750176178733,-0.03617449739641815,-0.011973840999455837,0.9914930607058314,-0.36837073182148183,-1.0440540550178659,0.0027351252254450547,0.0031630335680632596,0.002807298034579804,14.654146991811503,28.431773715603686,9.123707382544039,15.131951022780047,30.525204457305414,9.869568267185056,-48.40385594331021,-12.532626612936044,-237.5483870967742,-52.64526428389568,-15.598900137141246,-240.5018128700937,-48.403857010740154,-12.532626886777035,-237.54838914649443,18.410329412853333,-59.94153808704002,-44.11760555894508,0.1778284684381578,-1.6330817086313392,-1.4383952742197448
3.12,-0.03240103342909606,-0.02816202782533228,0.01709331592914365,0.9438474343873485,-0.3097579881300654,-1.0351729647370889,0.0031633849143932148,0.0031617128189680025,0.002247318260939978,12.77833105003254,29.083704130962634,11.385111452287845,14.58033227967245,30.71492217907322,10.46597085732021,-44.89022697853709,-22.01970757788169,-238.88709677419354,-51.76930782639148,-18.312777730921432,-240.8133843938674,-44.890227963595,-22.019708060471608,-238.88709881898436,-21.107842275193896,-45.40959408951822,6.652507172715902,-1.1871334179535034,-1.1223845915994357,0.23736299276887024
3.13,-0.022886840280070958,-0.031066969036604775,0.006280607625909623,0.9502905023746876,-0.2722337881406986,-1.107498114514356,0.0031633849143932148,0.003160934334805925,0.003302464259657194,12.77833105003254,29.083704130962634,11.385111452287845,14.03526596560117,30.879066477620217,11.089014471654464,-44.89022697853709,-22.01970757788169,-238.88709677419354,-50.75479752682324,-21.006990353342022,-241.12735554967753,-44.890227963595,-22.019708060471608,-238.88709881898436,-5.576573522002734,-49.46211696304238,-13.364202241662225,-0.24433957828630531,-1.4309090981595451,-0.9231194121067068
3.14,-0.013479157845742773,-0.03355122463556659,-0.005068876691540769,0.9298706577249295,-0.22834919843041482,-1.1545257304758272,0.0028045679260620777,0.003160090862776967,0.003823568730125863,12.77833105003254,29.083704130962634,11.385111452287845,13.497531986853076,31.018865072195016,11.741843202273945,-44.89022697853709,-22.01970757788169,-238.88709677419354,-49.59687882322042,-23.686382214167164,-241.4491962636044,-44.890227963595,-22.019708060471608,-238.88709881898436,8.28375358021741,-52.86422768274197,-27.28446668356884,-0.011491063328547527,-1.4761811312389492,-1.2110969884608211
3.15,-0.004381477014823748,-0.035570442298800575,-0.01666285593281608,0.89044580301654,-0.1797578594228461,-1.1575428449691072,0.003046823751368352,0.003159241739746515,0.0028990274424561873,12.77833105003254,29.083704130962634,11.385111452287845,12.978631867908998,31.131751582365727,12.406072437018127,-44.89022697853709,-22.01970757788169,-238.88709677419354,-48.33010658774822,-26.288037186511758,-241.76479603312538,-44.890227963595,-22.019708060471608,-238.88709881898436,23.287960780616437,-55.19629442448326,-53.86432972491396,0.22307989588106578,-1.502930660474827,-1.6381418758556539
3.16,-0.024576521747768698,-0.03321719237032206,0.01563398471713337,0.8347397665026661,-0.12877648022673316,-1.1389341756254807,0.0031623777576592297,0.003158447330371449,0.002262776814031286,11.127716779715376,29.30551074460525,13.89369428016753,12.487773698693243,31.21586640318061,13.064097125859412,-39.53878684688492,-30.60529912738315,-240.2258064516129,-46.99012642621635,-28.757412075164765,-242.06177833337122,-39.538787710512665,-30.60529979686685,-240.22580848963474,-11.534429867944905,-49.24422275005349,-0.037584981930168015,-0.996780084870456,-1.2870366325504168,0.15329732543018576
3.17,-0.016238300167892267,-0.034259588768162375,0.0038195277025828145,0.8267414818477906,-0.08360535488479287,-1.205674801920234,0.0028617397355073316,0.003157826520363359,0.004250807603924595,11.127716779715376,29.30551074460525,13.89369428016753,12.010869678866953,31.27297053036611,13.744229040439286,-39.53878684688492,-30.60529912738315,-240.2258064516129,-45.514939614784225,-31.179007720134116,-242.36445061510528,-39.538787710512665,-30.60529979686685,-240.22580848963474,0.5001873993516438,-50.33239895049663,-16.028748893468244,-0.17792102113079172,-1.3961745718669085,-0.9987443536702671
3.18,-0.008134464355421922,-0.034846417606338886,-0.008481126610478312,0.7943799066521466,-0.03816440075846579,-1.2432163282793725,0.0027489185672847395,0.0031572811671751284,0.0029195595468381064,11.127716779715376,29.30551074460525,13.89369428016753,11.548504083903467,31.303983364370737,14.450870795864171,-39.53878684688492,-30.60529912738315,-240.2258064516129,-43.895773925810005,-33.56005726897792,-242.67967409112964,-39.538787710512665,-30.60529979686685,-240.22580848963474,14.566239808319905,-50.582570055217374,-42.56944299311301,0.055888314035535756,-1.3869989753211294,-1.5153867032776036
3.19,-0.00043574982336330725,-0.03497279063702752,-0.0208782264215078,0.7481182650472404,0.008168346949199318,-1.2332289290093734,0.0036010050481499424,0.0031568072310310504,0.0031783346899680936,11.127716779715376,29.30551074460525,13.89369428016753,11.110126496465213,31.30857707234289,15.160514805806732,-39.53878684688492,-30.60529912738315,-240.2258064516129,-42.18636239887007,-35.838866242173566,-242.98766845136444,-39.538787710512665,-30.60529979686685,-240.22580848963474,23.568915149428253,-50.03829252130764,-57.760615016575024,0.18315685108460159,-1.3671601646654892,-1.692751618329599
3.2,-0.01665988607168234,-0.038111639456341884,0.013273775570022794,0.685022568616596,0.052393357804187864,-1.204594317446455,0.0028654485016241966,0.0031564324928634114,0.002300592612526524,9.788122924079953,29.106885546045785,16.54932769610454,10.703254824502736,31.287159771495087,15.858668452065238,-32.56862413611113,-37.93790613463952,-241.56451612903226,-40.42290230795835,-37.97387764821277,-243.2825788681134,-32.5686248444734,-37.93790696139656,-241.5645181587653,-4.013477646139384,-52.67710261048148,-7.063669137159733,-0.8585159293091845,-1.4436358616693705,0.038385040746769024
3.21,-0.009892725986317519,-0.037289662283204406,0.0008434674447304058,0.6633757863088767,0.10506856399838546,-1.2658632284510727,0.0027357996233078235,0.0031560854240229455,0.004743748727870256,9.788122924079953,29.106885546045785,16.54932769610454,10.317136466398296,31.23712652752785,16.573798933569435,-32.56862413611113,-37.93790613463952,-241.56451612903226,-38.52939440222177,-40.03435271757461,-243.58693946871347,-32.5686248444734,-37.93790696139656,-241.5645181587653,6.534246503708638,-50.902317029460015,-19.057201968276274,-0.12257600152822742,-1.3554808329467865,-1.0840745335285604
3.22,-0.003481734249777463,-0.035975408371540674,-0.011991869060710592,0.621679763794523,0.15279792014288615,-1.2879139887072768,0.003370685064039692,0.003155864384546218,0.002807493935401878,9.788122924079953,29.106885546045785,16.54932769610454,9.952253257769232,31.159102594894588,17.310151652077995,-32.56862413611113,-37.93790613463952,-241.56451612903226,-36.4963470058693,-42.027375832599965,-243.90666688706384,-32.5686248444734,-37.93790696139656,-241.5645181587653,16.81128581345749,-47.68939755344852,-51.145812463062846,0.035293958114440485,-1.2874677286710472,-1.6471588329015394
3.23,0.002469646487484628,-0.03419845542470645,-0.024785350604654643,0.5717609518953156,0.19725198057514698,-1.2699136784541867,0.00356365897108962,0.0031557385636774,0.0031783346899680936,9.788122924079953,29.106885546045785,16.54932769610454,9.614189625963212,31.054773793673593,18.0420175174553,-32.56862413611113,-37.93790613463952,-241.56451612903226,-34.389888193403344,-43.90093072098878,-244.21767776612393,-32.5686248444734,-37.93790696139656,-241.5645181587653,23.529702548291407,-44.20738790533426,-64.38969428539858,0.13948990320079793,-1.2171982388222569,-1.8671579575128952
3.24,-0.00890515723820337,-0.042474154972819256,0.009765411014160619,0.5044681422003104,0.23553397858731698,-1.228902750273585,0.0027452878186833302,0.003155692146496137,0.002445836350194776,8.828849778503123,28.507300577783056,19.24484744004178,9.31016356318387,30.926924899830148,18.756518404939154,-24.265098126554044,-43.71733080722911,-242.90322580645162,-32.25048075078821,-45.620640746320504,-244.51970701496802,-24.265098652293776,-43.7173317554395,-242.90322782716257,4.193549673934147,-55.29174672805653,-14.378662102338403,-0.6393483974395447,-1.5887218555091913,-0.10767185185880004
3.25,-0.004037022831924475,-0.039779185191180844,-0.002873768836332613,0.46749629496671025,0.2941620296844147,-1.2843581726007631,0.003381246205356422,0.003155732205781265,0.004459723917634608,8.828849778503123,28.507300577783056,19.24484744004178,9.03363263498304,30.769328260644365,19.48329015398178,-24.265098126554044,-43.71733080722911,-242.90322580645162,-29.987668760257126,-47.24108635498066,-244.83700566514563,-24.265098652293776,-43.7173317554395,-242.90322782716257,10.797344984770165,-50.32712365844289,-24.19463202420234,-0.10998327397900713,-1.2940665436193628,-1.198722556895573
3.26,0.00038534306928117434,-0.036558200332919566,-0.015783080015064344,0.4212979195105661,0.3441508704199509,-1.2874918652972152,0.00395158180538374,0.0031558725449083534,0.002879371510399897,8.828849778503123,28.507300577783056,19.24484744004178,8.782911513719423,30.581948482876957,20.222808183100053,-24.265098126554044,-43.71733080722911,-242.90322580645162,-27.598902304752396,-48.76791678998947,-245.16588930872055,-24.265098652293776,-43.7173317554395,-242.90322782716257,16.340341028327785,-43.649067545637116,-55.913716389323206,-0.03051759792497249,-1.1676685740165444,-1.73093634389201
3.27,0.004314194881294808,-0.032878992076344704,-0.028525371514804387,0.36803088153471086,0.3859298366861748,-1.260472600124002,0.003317066248107902,0.003156064733306628,0.0031783346899680936,8.828849778503123,28.507300577783056,19.24484744004178,8.560919033944714,30.36880595877426,20.951217360434832,-24.265098126554044,-43.71733080722911,-242.90322580645162,-25.154619727048743,-50.16225737801738,-245.4850615266263,-24.265098652293776,-43.7173317554395,-242.90322782716257,21.975235386238197,-37.23583398313421,-69.48817948634408,0.0544188938508285,-1.0482472404773728,-1.9581485653179547
3.28,-0.0015746080511794824,-0.045768311827868335,0.0050260729345552035,0.3020871295735226,0.4182220366060923,-1.2076941615697263,0.003981677166804943,0.003156259939468967,0.0038168672227188146,8.300686654011697,27.53704111623567,21.874018730928498,8.373761772471996,30.134861840069423,21.656018395460887,-14.968156148667934,-47.70696282000243,-244.24193548387098,-22.701656778571135,-51.396636491197825,-245.79624809305957,-14.968156471866829,-47.706963849448854,-244.24193749574798,9.915996958689767,-56.294438478094456,-15.835197803786967,-0.43485619004132636,-1.7041925471948975,-0.0958790720726539
3.29,0.0011927532246359396,-0.04121885134381709,-0.007366848111250102,0.2541224778268493,0.48094813279872806,-1.252465547787264,0.004071267770031098,0.0031567551125091155,0.0031141990589830353,8.300686654011697,27.53704111623567,21.874018730928498,8.218069391901823,29.870835493462735,22.36787914308887,-14.968156148667934,-47.70696282000243,-244.24193548387098,-20.13663637497198,-52.51435234873643,-246.12333635231903,-14.968156471866829,-47.706963849448854,-244.24193749574798,12.800921931556044,-47.46213937018682,-38.231525333778535,-0.13588648963714395,-1.1928099980830331,-1.473307006114969
3.3,0.0034583998141567984,-0.036124564383497315,-0.019833833530075118,0.2033728148729482,0.5309090153220198,-1.2376086777737016,0.0036983354975844464,0.0031572587371738294,0.0030009286575279496,8.300686654011697,27.53704111623567,21.874018730928498,8.09119008483279,29.57616161150337,23.08116807687605,-14.968156148667934,-47.70696282000243,-244.24193548387098,-17.47160265455417,-53.512454342306086,-246.4533749885513,-14.968156471866829,-47.706963849448854,-244.24193749574798,15.54956405395335,-38.112708889512916,-58.66287484417521,-0.10711087461078672,-1.0235696968541868,-1.761240760359026
3.31,0.005186692450079855,-0.030601812020332186,-0.03203449040338424,0.14716671129909603,0.5679244445914232,-1.2014994560047818,0.0032197027501182944,0.0031576940770818244,0.0031783346899680936,8.300686654011697,27.53704111623567,21.874018730928498,7.995414617119704,29.257682374916516,23.778005585782445,-14.968156148667934,-47.70696282000243,-244.24193548387098,-14.772196940491932,-54.36743708688127,-246.775834519348,-14.968156471866829,-47.706963849448854,-244.24193749574798,17.81058703484264,-28.637089741974783,-72.93906274933441,-0.08404946728474454,-0.8526452581677321,-2.006650480315959
3.32,0.005191415189313486,-0.04743155589882703,-0.0006936065224626975,0.08710393154795014,0.5928298823534152,-1.1382926300535035,0.0032582416621588454,0.0031580166862433022,0.004733783015331558,8.235422327420148,26.238955885524522,24.339419424184243,7.933346196335063,28.922026957447514,24.445124216868216,-5.0584160993716045,-49.74346616959476,-245.5806451612903,-12.09278949884574,-55.06194735519633,-247.08827710607807,-5.058416208258208,-49.74346723749705,-245.58064716523248,14.822724229528713,-54.9744114624506,-17.66186527849602,-0.2117618555595019,-1.7715569384477976,-0.1114562019096266
3.33,0.005724069176441027,-0.04112768484043705,-0.012289862891915526,0.026293773484508794,0.6563728415532702,-1.160409511534561,0.0031222730291792433,0.003158947514561315,0.00281108140167828,8.235422327420148,26.238955885524522,24.339419424184243,7.906288961724474,28.557489451807278,25.10998196485683,-5.0584160993716045,-49.74346616959476,-245.5806451612903,-9.330048163484191,-55.61823554351351,-247.41307887086958,-5.058416208258208,-49.74346723749705,-245.58064716523248,15.495518075829377,-42.684668350463596,-47.45797215865636,-0.16056615019020667,-1.0655197410385788,-1.5679176421414944
3.34,0.005663861595266245,-0.03430082581884186,-0.02378003525126532,-0.03236521960007427,0.7017138174927645,-1.1373122131746196,0.003176675177703072,0.003159705825529658,0.0031783346899680936,8.235422327420148,26.238955885524522,24.339419424184243,7.913092845769942,28.163834541137664,25.76688643587624,-5.0584160993716045,-49.74346616959476,-245.5806451612903,-6.498569205817503,-56.029517294040936,-247.74098227476065,-5.058416208258208,-49.74346723749705,-245.58064716523248,13.604444647202719,-30.85830392730275,-58.87699337547724,-0.2107487512985982,-0.8529586688932096,-1.755551210152286
3.35,0.005027813183019064,-0.02710813688219016,-0.034924862186252514,-0.08860843155883805,0.7313900307179841,-1.0918855357340644,0.0034327215578082897,0.0031602443259065183,0.0031783346899680936,8.235422327420148,26.238955885524522,24.339419424184243,7.952736899185464,27.750109061604835,26.402686437247272,-5.0584160993716045,-49.74346616959476,-245.5806451612903,-3.6591318028990316,-56.29153680634395,-248.06412387690276,-5.058416208258208,-49.74346723749705,-245.58064716523248,10.88941108980613,-18.43833514412362,-74.36224797875182,-0.27360337181105476,-0.6346686776291529,-2.0062069271454708
3.36,0.011017110217297732,-0.04708172375670111,-0.006746897468309587,-0.14096220563561002,0.7463374811856942,-1.0219518136079286,0.002319838996246347,0.0031605281408169424,0.0032743288081085835,8.646037867300002,24.67011605826358,26.558544753326572,8.023483141892774,27.324334108188328,27.004175648631364,5.058416099371567,-49.74346616959476,-246.91935483870967,-0.8707053504463664,-56.39989098770622,-248.37503331636523,5.058416207941874,-49.74346723235675,-246.9193568358926,23.132573107447527,-50.74991827070122,-30.029710244580546,0.12309138359153365,-1.7665094172000577,-0.46342331411897725
3.37,0.009163843019226459,-0.03925873754131615,-0.017023289150788046,-0.21789118995381834,0.8057393539865024,-1.0213799328353568,0.0024419809100065717,0.0031617388707032585,0.002906991818857606,8.646037867300002,24.67011605826358,26.558544753326572,8.133863235490782,26.873049774251793,27.59229935541597,5.058416099371567,-49.74346616959476,-246.91935483870967,1.9587245803653366,-56.344794590010714,-248.6981216241177,5.058416207941874,-49.74346723235675,-246.9193568358926,16.723547402974564,-36.07506822286942,-50.01076223560145,-0.21646671917187596,-0.9120837185972803,-1.5748363588822851
3.38,0.00662838818141484,-0.03098240471345204,-0.027091917825586453,-0.28096718564390627,0.8427788878584132,-0.9924508593131787,0.002978959139725723,0.003162560381058735,0.0031783346899680936,8.646037867300002,24.67011605826358,26.558544753326572,8.282681392483077,26.396833345547034,28.167427177529152,5.058416099371567,-49.74346616959476,-246.91935483870967,4.827843555338617,-56.13033805381088,-249.0302337926135,5.058416207941874,-49.74346723235675,-246.9193568358926,8.68731352386132,-21.74539373235525,-60.245798854503526,-0.37053669623495883,-0.6593210009464379,-1.744121122287899
3.39,0.003523230280227857,-0.022433917664909542,-0.03675489642517116,-0.3334770987471589,0.8620618062851527,-0.9416022573665619,0.004099829025911729,0.003163008158419151,0.0031783346899680936,8.646037867300002,24.67011605826358,26.558544753326572,8.463557334272798,25.906037998172007,28.71803673594433,5.058416099371567,-49.74346616959476,-246.91935483870967,7.675826366197514,-55.7701996687608,-249.35791977665843,5.058416207941874,-49.74346723235675,-246.9193568358926,2.5281015293962996,-7.296717374785793,-73.61231311954077,-0.4865627270382322,-0.40994064424933746,-1.9574308099662114
3.4,0.015303782754633177,-0.04463747721861833,-0.012484668437320712,-0.37972175250467294,0.8647239437174379,-0.8704119146602746,0.0022480847452504794,0.0031630710539718894,0.0028137762144589858,9.526898555601122,22.90240858792926,28.467071097093566,8.672527750573444,25.40980576591241,29.232537986658908,14.9681561486679,-47.70696282000244,-248.25806451612902,10.444365069371354,-55.269734777032674,-249.67405892332852,14.968156468993344,-47.70696383485262,-248.258066507526,24.98414711456595,-43.6571167919919,-39.91676089313824,0.24078828532474844,-1.6839486496435099,-0.761673009266472
3.41,0.011019127267298312,-0.03567219103382041,-0.021160997678054294,-0.46257714354772983,0.9156094689737458,-0.858347618141494,0.0023361803548583243,0.0031633849143932148,0.0031783346899680936,9.526898555601122,22.90240858792926,28.467071097093566,8.922449150481512,24.89361664064847,29.728557615519716,14.9681561486679,-47.70696282000244,-248.25806451612902,13.220626943510412,-54.60047121423735,-250.00317778541734,14.968156468993344,-47.70696383485262,-248.258066507526,12.754352970261134,-27.762937055510555,-48.20645025197487,-0.3597508303985328,-0.7414954027212834,-1.4934777479348
3.42,0.00604637849537959,-0.026357443817721704,-0.029578796264581875,-0.5228515068290268,0.9415715995633964,-0.8249977491821634,0.003284394836432676,0.0031633849143932148,0.003177517548209355,9.526898555601122,22.90240858792926,28.467071097093566,9.210718147583261,24.3585437322123,30.208825379978453,14.9681561486679,-47.70696282000244,-248.25806451612902,16.0083363670171,-53.77436138054683,-250.34113504649247,14.968156468993344,-47.70696383485262,-248.258066507526,1.0176621868926032,-11.60992522101381,-60.160486943227674,-0.5709434329091191,-0.46040285708558126,-1.7015040592654227
3.43,0.0005484601169155334,-0.01689066812942347,-0.03755504480980304,-0.5707236227318275,0.9481227736635998,-0.7726407959019747,0.004678915195984885,0.002875876495047121,0.0031754952329832364,9.526898555601122,22.90240858792926,28.467071097093566,9.52842531871126,23.815871515119692,30.66273348853605,14.9681561486679,-47.70696282000244,-248.25806451612902,18.746064924109177,-52.81434860039422,-250.67392218715054,14.968156468993344,-47.70696383485262,-248.258066507526,-5.6332344620265875,3.120842129511792,-71.35048889809929,-0.6945842327202028,-0.20891626958373152,-1.8775947355909486
3.44,0.017773759996092847,-0.04030012790470788,-0.017829078782797825,-0.6092543685271826,0.9344790158571175,-0.7045743391141867,0.0022306446962627735,0.0031633849143932148,0.002914717428737645,10.853646758145082,21.02119427271579,30.019209421694363,9.870985966623644,23.276120660140535,31.081265444811343,24.26509812655401,-43.717330807229125,-249.59677419354838,21.3790185408072,-51.733679248020216,-250.99900093093567,24.26509864419717,-43.71733173378546,-249.5967761795738,22.59933261956539,-35.045852161586346,-42.99604811948568,0.27681802282423384,-1.585768835358486,-0.8706826736707124
3.45,0.011185003899842394,-0.03069919107843838,-0.0248045291514426,-0.6916124030500089,0.9735694442691845,-0.6865839982277783,0.0023446781071774486,0.0031633849143932148,0.003172367969085756,10.853646758145082,21.02119427271579,30.019209421694363,10.252780152977953,22.724217776142183,31.479567729000106,24.26509812655401,-43.717330807229125,-249.59677419354838,23.99001462530798,-50.49423699569572,-251.33678040500666,24.26509864419717,-43.71733173378546,-249.5967761795738,5.5527343746584705,-18.111120953030483,-49.81643105986594,-0.5523915657516766,-0.5606624747724712,-1.491543282580714
3.46,0.003959570315143018,-0.02087347565797365,-0.031475882198335414,-0.7453525170703358,0.9867461086025355,-0.6489500480258397,0.0041737785652921815,0.0031633849143932148,0.003171078810952752,10.853646758145082,21.02119427271579,30.019209421694363,10.669757316584306,22.160613357027955,31.859566247304198,24.26509812655401,-43.717330807229125,-249.59677419354838,26.582062103739133,-49.10919169175236,-251.6791007608495,24.26509864419717,-43.71733173378546,-249.5967761795738,-6.353162324624483,-1.6156076399306734,-59.487092047677926,-0.7567366229697516,-0.27927543888387757,-1.6463291490220424
3.47,-0.0037385430149575183,-0.0110298309111439,-0.03769353455057989,-0.7880233399763432,0.9790359198127193,-0.5976787123526899,0.004229569655536337,0.0027557267791495704,0.0031694007557266004,10.853646758145082,21.02119427271579,30.019209421694363,11.113191175248767,21.59717797513171,32.212802330144996,24.26509812655401,-43.717330807229125,-249.59677419354838,29.098330053891473,-47.60558090757264,-252.01757278353233,24.26509864419717,-43.71733173378546,-249.5967761795738,-16.327001229570925,14.465402605189533,-68.36660384050528,-0.9511238261323762,-0.005769881662273957,-1.7831305843864662
3.48,0.018446842972863448,-0.03453195312850932,-0.0229671839366985,-0.8035388045907446,0.9519158858635385,-0.5338966095330971,0.0022324871046422697,0.0031633849143932148,0.0031674411231306446,12.58297299514708,19.121626423162095,31.185921135613924,11.572989948797474,21.045166876642767,32.53252515255549,32.568624136111104,-37.93790613463955,-250.93548387096774,31.488440506262393,-46.016224430645636,-252.3444528330876,32.56862482840401,-37.93790693640828,-250.9354858513462,17.28532901268385,-25.54459834554453,-43.510907916624944,0.34810845419590725,-1.4239238357823012,-0.9207578977083825
3.49,0.009921058124434279,-0.02483665988070194,-0.028197812607938855,-0.8821400842827867,0.9769809861347916,-0.5091729105452261,0.0024317763341054717,0.0031633849143932148,0.0031667201451978837,12.58297299514708,19.121626423162095,31.185921135613924,12.065392596261486,20.488632391735415,32.83050710490403,32.568624136111104,-37.93790613463955,-250.93548387096774,33.82842607883248,-44.29042085540893,-252.6762265717804,32.56862482840401,-37.93790693640828,-250.9354858513462,-3.25253442535661,-8.332929706680199,-51.20139356377569,-0.7608068941909486,-0.3942389575523909,-1.4702345430697756
3.5,0.0008248711074950454,-0.015050121024476781,-0.033077357856119205,-0.930768115388954,0.9768754735432338,-0.46915240663922514,0.004744496061175387,0.0028369827079804096,0.0031655993454665597,12.58297299514708,19.121626423162095,31.185921135613924,12.589290562669587,19.928035562511756,33.107736836263975,32.568624136111104,-37.93790613463955,-250.93548387096774,36.11902848311712,-42.43207159522203,-253.01018516729425,32.56862482840401,-37.93790693640828,-250.9354858513462,-12.831524554556154,6.908286930614783,-58.44331904783297,-0.9254537258132924,-0.13635315717929905,-1.5832539769972358
3.51,-0.008681563211354743,-0.005387142220458996,-0.03750668892241493,-0.9610449608598726,0.9546702841017619,-0.42000604365357697,0.0028959062619892456,0.0029192499776969274,0.003164301925441349,12.58297299514708,19.121626423162095,31.185921135613924,13.135477493420199,19.37576558155848,33.35864597506101,32.568624136111104,-37.93790613463955,-250.93548387096774,38.31095054031195,-40.475426037514474,-253.34272496383986,32.56862482840401,-37.93790693640828,-250.9354858513462,-36.3380032467751,24.39981949873052,-64.51609907065394,-1.360607200188287,0.15200241281001706,-1.6719741626638165
3.52,0.017849895236945745,-0.027770469338092574,-0.028017791750055587,-0.9554492076185734,0.9178372039206679,-0.3616111531510274,0.002239826112150765,0.0031633849143932148,0.003162874771279243,14.652863720787863,17.30295994673108,31.9521500982161,13.685797485648107,18.841139533826556,33.57812943991205,39.538786846884896,-30.60529912738318,-252.27419354838707,40.362836168459935,-38.47555806546895,-253.65356585136834,39.538787683856285,-30.60529977314483,-252.27419552227636,10.719860921527982,-15.362292425129336,-47.55391455434765,0.28603862934401586,-1.2412339312280938,-1.0779826075266448
3.53,0.007835592087497206,-0.01849629940086811,-0.03147067703993722,-1.0274814609005414,0.9288031228681273,-0.3287336766545613,0.0027768489721111227,0.0029118528897310062,0.0031621264727589296,14.652863720787863,17.30295994673108,31.9521500982161,14.26306389799439,18.309522539218786,33.77389587341793,39.538786846884896,-30.60529912738318,-252.27419354838707,42.33663684145893,-36.3584363804568,-253.96634494104458,39.538787683856285,-30.60529977314483,-252.27419552227636,-10.910989166640329,-0.10490665641375672,-52.45267808115934,-0.9287538233992493,-0.2690381969811347,-1.4457210987180502
3.54,-0.0026977534272742965,-0.009267433473048647,-0.03453393212542366,-1.073102039071837,0.9144072339751682,-0.2873452196966336,0.00449408577197869,0.00273502181583627,0.003161241511997164,14.652863720787863,17.30295994673108,31.9521500982161,14.869125502552484,17.78170900100838,33.9470104828444,39.538786846884896,-30.60529912738318,-252.27419354838707,44.233278699966014,-34.12046981246202,-254.28444540926816,39.538787683856285,-30.60529977314483,-252.27419552227636,-20.50723498660388,15.529902506342225,-57.208417408103635,-1.1111609074747237,-0.006177113870482747,-1.5157034922458281
3.55,-0.013533360010664852,-0.00029290536424886326,-0.03715250048533547,-1.0843120401955488,0.8822516835660674,-0.23984371130558588,0.0028323606114619964,0.0034658530084545327,0.003160304784450156,14.652863720787863,17.30295994673108,31.9521500982161,15.490341179952887,17.26940944729836,34.09428182336446,39.538786846884896,-30.60529912738318,-252.27419354838707,46.01222484726099,-31.811590590150917,-254.6003686019598,39.538787683856285,-30.60529977314483,-252.27419552227636,-48.85471144251072,28.82239888187368,-60.16040120029298,-1.5924331303859205,0.20376103274559074,-1.5527894040821664
3.56,0.016385395036849715,-0.020370872857912448,-0.032951634407652475,-1.0698491705884887,0.8294340122231301,-0.1889234266688488,0.002254376357457297,0.0030928119326929203,0.0031593950571191026,16.984144282095514,15.661875702081295,32.314153702292074,16.107489228925022,16.781197853618156,34.21278765948129,44.89022697853708,-22.019707577881718,-253.61290322580646,47.64089417994183,-29.49387474468236,-254.89609099175084,44.89022792423995,-22.01970804286552,-253.612905192117,3.576796776309865,-5.851253900450241,-51.52725231054082,0.15261478372812792,-1.131688742620721,-1.2307006909680702
3.57,0.005273160602382865,-0.012044775564252708,-0.0346215168204963,-1.1344398816817531,0.8279804475039652,-0.14793009401491156,0.003715842079123173,0.0027712626680770226,0.003158734160728519,16.984144282095514,15.661875702081295,32.314153702292074,16.747289289850215,16.304657224579685,34.30605243680891,44.89022697853708,-22.019707577881718,-253.61290322580646,49.16411279155839,-27.077267092840138,-255.1985655897493,44.89022792423995,-22.01970804286552,-253.612905192117,-14.910044969582037,7.963929917046076,-53.7298768435018,-1.0176392581296383,-0.16127018742601926,-1.4214393387341029
3.58,-0.006314665549879028,-0.003903090938120135,-0.035865966413369366,-1.1747292879925275,0.8001893369291023,-0.10497285139580316,0.0034040504482130626,0.003166054884865872,0.0031581104290906914,16.984144282095514,15.661875702081295,32.314153702292074,17.4133345232686,15.839853412833099,34.374878377836,44.89022697853708,-22.019707577881718,-253.61290322580646,50.58446600583361,-24.551299278876204,-255.51283173416013,44.89022792423995,-22.01970804286552,-253.612905192117,-33.47295533929641,21.175819040784816,-55.20297729863453,-1.3991197388226264,0.0531960121820689,-1.4327991577515253
3.59,-0.018055616443659883,0.0039000880042316943,-0.03666149434937882,-1.1689872313932874,0.7618493133697657,-0.058586988721372545,0.002929128316474007,0.003100339754481608,0.00315751641862194,16.984144282095514,15.661875702081295,32.314153702292074,18.08552646522192,15.395057207070709,34.41779609086487,44.89022697853708,-22.019707577881718,-253.61290322580646,51.874482447044,-21.98294523902554,-255.82017952741387,44.89022792423995,-22.01970804286552,-253.612905192117,-57.40418554298519,34.08908295025311,-55.65994945694917,-1.767090219190835,0.2726698257185913,-1.4312673361622534
3.6,0.0139965313397305,-0.012836595726764433,-0.037639379663575334,-1.1462257785385734,0.6942746773222972,-0.01466840355871563,0.002288499903846091,0.002783985837324831,0.0031570304436517984,19.48401174977032,14.286142401294937,32.27768790057632,18.748554921088484,14.981613808990325,34.434800617354966,48.403855943310205,-12.532626612936076,-254.9516129032258,53.00523093938026,-19.433948268175335,-256.11843860404804,48.40385695748156,-12.532626879693792,-254.95161486100542,-4.057861305760126,2.508280930595562,-55.03898722580346,0.029579791261444596,-0.9722397734274504,-1.3865946541369678
3.61,0.002164381085408784,-0.00594236181578528,-0.037516313924159994,-1.2048081731215157,0.6783631453156188,0.03357044455769326,0.00462532405501226,0.002923695380065903,0.0031565827023000313,19.48401174977032,14.286142401294937,32.27768790057632,19.429293367136165,14.587926698257878,34.42502795943946,48.403855943310205,-12.532626612936076,-254.9516129032258,54.00621240245419,-16.80557192659116,-256.42927975977955,48.40385695748156,-12.532626879693792,-254.95161486100542,-17.498486146992178,14.221413469791266,-54.451826550236014,-1.0936030070459999,-0.09945967430057674,-1.3860411354301252
3.62,-0.010074510479472554,0.0006560670673858016,-0.03692900837538404,-1.2309049201851292,0.6440834944205955,0.07951565325869978,0.0028099023512316995,0.0037003896431874296,0.0031562402902810217,19.48401174977032,14.286142401294937,32.27768790057632,20.131722911652197,14.211860164685945,34.38874112530328,48.403855943310205,-12.532626612936076,-254.9516129032258,54.8837980533149,-14.081578567098182,-256.75387871708875,48.40385695748156,-12.532626879693792,-254.95161486100542,-47.23993006350587,23.19435223408658,-52.13543343188861,-1.635752295591928,0.04409457490383972,-1.3334405984381752
3.63,-0.022308778217966285,0.006860446220086663,-0.0358847070217817,-1.2151457300608044,0.5971090129323791,0.1239211203202566,0.0031783346899680936,0.0026033959050870037,0.0031559874897952554,19.48401174977032,14.286142401294937,32.27768790057632,20.83170103454801,13.859218745710207,34.326396384975396,48.403855943310205,-12.532626612936076,-254.9516129032258,55.62215762038994,-11.342359188529551,-257.068166049771,48.40385695748156,-12.532626879693792,-254.95161486100542,-61.140211033307345,38.1506723328982,-50.52138623038811,-1.8562926730823115,0.29683796538494583,-1.2964898458034744
3.64,0.01052226723946259,-0.0056444148889704115,-0.04176485328464785,-1.180949896617465,0.5239178722931533,0.16249937468745498,0.002388729580399984,0.0030283474482893993,0.003155830336246659,22.051725866423457,13.24968718020039,31.857406475314807,21.51724454360518,13.542979316850364,34.24063560893569,49.93582535855264,-2.5324584419356455,-256.2903225806451,56.19792782889928,-8.64806133509648,-257.38225519813926,49.93582639849112,-2.5324585008869587,-256.2903245293707,-12.047592999745847,10.706255083753113,-57.5871886002083,-0.12813408815506994,-0.7418733122258937,-1.5316739376569986
3.65,-0.0016170291958344518,-0.0005302941007522821,-0.03982741046601057,-1.2333594952065372,0.4962523016101355,0.21704435398282246,0.004660912495257009,0.0038697939699555367,0.003155707407050362,22.051725866423457,13.24968718020039,31.857406475314807,22.215245936210486,13.25184725247169,34.12662888679128,49.93582535855264,-2.5324584419356455,-256.2903225806451,56.62732091703096,-5.891591408565836,-257.7111457024897,49.93582639849112,-2.5324585008869587,-256.2903245293707,-21.524136476351543,16.205791250564157,-53.65115441549799,-1.1886460960228038,-0.11911809966184063,-1.3233295912877847
3.66,-0.014040654203951897,0.004224630955436404,-0.03738765345818407,-1.2404743016034951,0.45754588936368507,0.2655635708178227,0.0028434118129683633,0.0032690368489812164,0.0031556958650394706,22.051725866423457,13.24968718020039,31.857406475314807,22.927173153767328,12.981676565828186,33.98408412459937,49.93582535855264,-2.5324584419356455,-256.2903225806451,56.91927353067314,-3.0604821832126907,-258.0477574914359,49.93582639849112,-2.5324585008869587,-256.2903245293707,-53.50673247177264,25.296216089111518,-48.238124851735435,-1.7348278349846038,0.03126057538892298,-1.2194141892372126
3.67,-0.026325649747343027,0.008516132069181254,-0.0344961377204438,-1.216571668242459,0.4026473594384333,0.3070521258585331,0.0031783346899680936,0.002436861028176504,0.0031557590450253716,22.051725866423457,13.24968718020039,31.857406475314807,23.629578451379643,12.73905430826303,33.81608589896663,49.93582535855264,-2.5324584419356455,-256.2903225806451,57.06498908008322,-0.24128923332845584,-258.3757375273215,49.93582639849112,-2.5324585008869587,-256.2903245293707,-66.89480113340335,36.908614583446145,-43.49429572596729,-1.9588474724425375,0.2131107435186461,-1.1281631665285177
3.68,0.005972680340776748,0.000988680262157926,-0.044847375335219986,-1.1698884468052229,0.33178841635371836,0.3406949934910658,0.00342730112137071,0.00401119687922377,0.003155859699928653,24.585835292801008,12.609516569468724,31.07746753262347,24.311364305743542,12.53389252721372,33.62702024707612,49.42341621640558,7.571388875228778,-257.6290322580645,57.05415948875959,2.5090428871821278,-258.70442403682927,49.42341723893087,7.571389025531225,-257.62903419773073,-15.237518261355905,14.40424212285972,-58.243902756605976,-0.16198025473407812,-0.5900845037723917,-1.6412586739203197
3.69,-0.00602540484366898,0.004119685689015246,-0.04109903590632957,-1.2140063695074381,0.29422539663907354,0.3993441901448759,0.0034974900755868525,0.003433956347660542,0.0031561408872768275,24.585835292801008,12.609516569468724,31.07746753262347,25.000680701191826,12.356866946247914,33.409089503478434,49.42341621640558,7.571388875228778,-257.6290322580645,56.88884977550841,5.305384762647849,-259.0466081900804,49.42341723893087,7.571389025531225,-257.62903419773073,-32.424174493970426,19.31154166325927,-50.925882393068306,-1.4128230042656176,-0.11713565791988231,-1.2267697513311877
3.7,-0.01812958683273308,0.006812059357614281,-0.036831050037511526,-1.2023704407742142,0.24728915745946906,0.4478025702802389,0.0029307655768078655,0.0027239341417125886,0.003156474396058797,24.585835292801008,12.609516569468724,31.07746753262347,25.69332345197134,12.205349118765131,33.16182957028604,49.42341621640558,7.571388875228778,-257.6290322580645,56.573413500816486,8.139744649312796,-259.3906409139619,49.42341723893087,7.571389025531225,-257.62903419773073,-57.49821110998443,26.37805667107063,-42.705261661131985,-1.797054884166429,-0.012382180453501805,-1.076698064717932
3.71,-0.029991088894322282,0.00897489175978139,-0.032138330344090416,-1.1695674280430535,0.18962593764218244,0.4852447918622231,0.0031783346899680936,0.002417825228602153,0.0031567946242696734,24.585835292801008,12.609516569468724,31.07746753262347,26.370942237187208,12.084781095521773,32.8908731013121,49.42341621640558,7.571388875228778,-257.6290322580645,56.11067921174095,10.936370673134222,-259.72940876463804,49.42341723893087,7.571389025531225,-257.62903419773073,-70.64290885378709,30.974780873376815,-34.49472876716213,-2.0154290008281386,0.046821173942775296,-0.9273143448861348
3.72,0.0006002926039465617,0.006943494800406375,-0.04640286451552322,-1.1116141000888315,0.12629162995992063,0.5127897140137802,0.004751812994511983,0.00273703728145336,0.0031570649213526055,26.991615919003348,12.404273683303941,29.973012310554374,27.02162525252925,11.999477643616428,32.60179679723952,46.88760660735403,17.365262642241003,-258.9677419354839,55.506923808413866,13.64052209646717,-260.0635667936909,46.88760757071559,17.36526299505849,-258.96774386647843,-16.19771338243785,21.43843818178305,-57.21741841541843,-0.1479739100216035,-0.2901812393375433,-1.724244071711725
3.73,-0.010742597570152779,0.007907771360724042,-0.0409297223955537,-1.1372685546308103,0.07168196573828181,0.5717823877450317,0.002798086330626926,0.0025640851532436598,0.003157742489019585,26.991615919003348,12.404273683303941,29.973012310554374,27.6722094529341,11.947395598135252,32.28506066641636,46.88760660735403,17.365262642241003,-258.9677419354839,54.741417248974116,16.35700023287617,-260.41182004702387,46.88760757071559,17.36526299505849,-258.96774386647843,-45.25398938508995,23.730129944942966,-46.0200338354093,-1.588211490033184,-0.11098951825554107,-1.0979207869780052
3.74,-0.022008363325735247,0.008324635741560144,-0.034954094732123075,-1.1152992310651406,0.016973336244578606,0.6165791328603882,0.0031783346899680936,0.002511965124250509,0.0031583465023946825,26.991615919003348,12.404273683303941,29.973012310554374,28.31632846960636,11.92665040391896,31.940194067418,46.88760660735403,17.365262642241003,-258.9677419354839,53.81686817036529,19.06845564456115,-260.7622698347532,46.88760757071559,17.36526299505849,-258.96774386647843,-56.710635909925124,23.02836078800106,-35.235313117194636,-1.7711697789662624,-0.140320101350262,-0.9035542929471485
3.75,-0.03295078811038499,0.00819480345373605,-0.028604314712279533,-1.0732134180097155,-0.03710574158879579,0.6481891363977867,0.0031783346899680936,0.0025403861055959317,0.0031588189761408616,26.991615919003348,12.404273683303941,29.973012310554374,28.94072816864924,11.937172531999563,31.57463774944708,46.88760660735403,17.365262642241003,-258.9677419354839,52.754905604042186,21.71830809169735,-261.10658158140666,46.88760757071559,17.36526299505849,-258.96774386647843,-72.1663774140418,21.0955909764578,-23.686090243563296,-2.02018405915051,-0.1897819037519863,-0.6995661144611695
3.76,-0.005018234826462908,0.011897407842554608,-0.046110643641241345,-1.0071471031606472,-0.0876946698828737,0.6676416370002525,0.003840707588434417,0.002293892182524011,0.003159128684881554,29.18718370845649,12.653824496864777,28.591889761899882,29.53298389175663,11.977688377915692,31.195048324589706,42.43221287473758,26.448200516348074,-260.30645161290323,51.57792959668977,24.25467354443806,-261.43678237108725,42.43221374036805,26.44820105689429,-260.3064535357551,-23.903985319188696,27.597242461552035,-53.18428392534748,-0.3601049183705551,0.03474958449108447,-1.7400770752374195
3.77,-0.015178006845031344,0.010633481381372822,-0.039099094297126935,-1.0107561529069278,-0.1551381270002886,0.7238342653211882,0.002867512232362755,0.0023356399314981907,0.003160104064010267,29.18718370845649,12.653824496864777,28.591889761899882,30.114612288882842,12.05380840915423,30.790372750205556,42.43221287473758,26.448200516348074,-260.30645161290323,50.24212207817197,26.75809404938961,-261.7756395057243,42.43221374036805,26.44820105689429,-260.3064535357551,-48.04267035805101,23.16622670078154,-39.11779931116054,-1.5956642040872426,-0.19088832946090648,-0.9396817994537494
3.78,-0.025144799059085843,0.008760576793285152,-0.0316400480706876,-0.9831197799470106,-0.21237189476556664,0.7615283684637624,0.0031783346899680936,0.0024882499323297122,0.003160825186091536,29.18718370845649,12.653824496864777,28.591889761899882,30.683986520614994,12.164347328527885,30.36093128057238,42.43221287473758,26.448200516348074,-260.30645161290323,48.751287944372294,29.22326759227812,-262.11817059555193,42.43221374036805,26.44820105689429,-260.3064535357551,-57.96083082173872,16.488135384512905,-25.670782168088344,-1.759089929983651,-0.32140660311758706,-0.7016193534883425
3.79,-0.034730492643629485,0.006367258175349555,-0.023888095516187147,-0.9351644350688517,-0.2598452483886788,0.7841978867714895,0.0031783346899680936,0.0030554241647378433,0.0031612845605591567,29.18718370845649,12.653824496864777,28.591889761899882,31.230332950751716,12.304136552732531,29.91556161202078,42.43221287473758,26.448200516348074,-260.30645161290323,47.14314060213125,31.60512352766504,-262.45168836692415,42.43221374036805,26.44820105689429,-260.3064535357551,-71.3252264200415,9.27130585478765,-11.710263159175561,-1.9729911973295373,-0.45668861074185996,-0.45927257574623737
3.8,-0.010211159877508758,0.015861641568944956,-0.043843896623197154,-0.8667018474552476,-0.2986250361864728,0.7931879581765703,0.0028062110827590846,0.0022398569837728905,0.0031614720569922957,31.107167126331206,13.359230512725812,26.99578820275603,31.742187738180895,12.468191437417914,29.461882187549953,36.239639361456014,34.44834595378431,-261.64516129032256,45.451620947992716,33.85734156545715,-262.76482556939527,36.23964009549331,34.448346659612156,-261.6451632054452,-36.63566838452715,29.79470834055039,-45.851964419467755,-0.7477834725690419,0.22740936652098198,-1.6546407457185421
3.81,-0.018867524606031805,0.012432306565170165,-0.03561252199808568,-0.8570184697282467,-0.3740546301618972,0.8419017756194588,0.0029473072181512234,0.0022922746035248538,0.0031625403396702842,31.107167126331206,13.359230512725812,26.99578820275603,32.23715117869688,12.668707245327138,28.987795187350695,36.239639361456014,34.44834595378431,-261.64516129032256,43.61360910526725,36.041230458769,-263.08490739598363,36.23964009549331,34.448346659612156,-261.6451632054452,-48.808210176419784,19.530084007888924,-30.373982918807805,-1.5705354944865626,-0.3193414646519105,-0.7588630988305524
3.82,-0.02728404189971978,0.008366813276172613,-0.027029850119177523,-0.826543788332815,-0.4307033486674879,0.8690939551847471,0.003177578618033758,0.0025821949698185643,0.0031631748651426523,31.107167126331206,13.359230512725812,26.99578820275603,32.71755013609632,12.90479730049385,28.494585729400132,36.239639361456014,34.44834595378431,-261.64516129032256,41.634847792602926,38.162430835770365,-263.4114254483824,36.23964009549331,34.448346659612156,-261.6451632054452,-57.54103621582081,8.199142885319613,-15.033610083487384,-1.713567121324044,-0.5279919031028966,-0.491637833878186
3.83,-0.03529354018303721,0.003820359399653611,-0.018266729393718206,-0.7773291371517519,-0.47258066903513607,0.8799534639161211,0.003175672671395721,0.004091642746952629,0.0029067561770834355,31.107167126331206,13.359230512725812,26.99578820275603,33.173539877053756,13.167629221280578,27.991962824465496,36.239639361456014,34.44834595378431,-261.64516129032256,39.564151188360036,40.18184451255257,-263.7285813421145,36.23964009549331,34.448346659612156,-261.6451632054452,-68.83343577464252,-0.3037211003170993,-0.7302571989344147,-1.892432217479386,-0.6773185953016161,-0.2470026905699566
3.84,-0.014856472709283253,0.01885678362588103,-0.03978200044615099,-0.7122695106332527,-0.5072990634717319,0.8737462175757832,0.0028516616501346225,0.002222627942411513,0.003163286153010341,32.70365800985948,14.5027166646182,25.259908222304603,33.59586986864306,13.45211242266172,27.488686197311957,28.563410754739664,41.038172060363785,-262.98387096774195,37.43887383539174,42.05875909551022,-264.03011478627394,28.563411329269332,41.03817290208497,-262.98387287526685,-39.874235890895875,29.032004506999865,-37.32433192263247,-0.862500982443398,0.2782090633842741,-1.5610384365635956
3.85,-0.02192348552398027,0.01330902630298772,-0.030801423844057596,-0.6969832230861079,-0.5867576065677788,0.9114566070545242,0.0031727326837856723,0.0022852610158264875,0.0031633849143932148,32.70365800985948,14.5027166646182,25.259908222304603,33.99957002327916,13.774144654245262,26.972345992139328,28.563410754739664,41.038172060363785,-262.98387096774195,35.185041068891316,43.84220074426573,-264.3440690535307,28.563411329269332,41.03817290208497,-262.98387287526685,-46.502487028899765,13.765582998982241,-20.935302594905345,-1.494344095312109,-0.4826510585355785,-0.5794119751236361
3.86,-0.028725557628843323,0.007133035582533864,-0.021589775608006068,-0.6640018683327849,-0.6395492599900571,0.926477696573516,0.003171588618340028,0.0029363245704585724,0.0031633849143932148,32.70365800985948,14.5027166646182,25.259908222304603,34.38731692121215,14.130908113789284,26.443798008143105,28.563410754739664,41.038172060363785,-262.98387096774195,32.811319748630815,45.542332278199176,-264.66576026764153,28.563411329269332,41.03817290208497,-262.98387287526685,-56.412023585427576,-0.7598979036403393,-4.416031461411383,-1.654288545457084,-0.7394372343416639,-0.29630497380471804
3.87,-0.0351136173610177,0.0005207560759610819,-0.012322415231192652,-0.6162980619728784,-0.6779272897150612,0.924033332534434,0.0031699996354991175,0.004713973660479997,0.0027796218622800507,32.70365800985948,14.5027166646182,25.259908222304603,34.75052027885147,14.511919501887327,25.913066631169617,28.563410754739664,41.038172060363785,-262.98387096774195,30.371323064148022,47.1260082605802,-264.98037338835286,28.563411329269332,41.03817290208497,-262.98387287526685,-65.79777150035024,-8.328903679670235,10.895077438276362,-1.8013557039564894,-0.87399527555027,-0.036447025491312186
3.88,-0.01929448578964521,0.02053796793870316,-0.034420888970707886,-0.5568790014121101,-0.7054290524075344,0.901705460445114,0.0029409509476227107,0.0022235210538716172,0.0031633849143932148,33.94497167002852,16.047642503342797,23.470579850984805,35.08245850276088,14.912145849335754,25.390652143015565,19.717792755665947,45.94789058101153,-264.3225806451613,27.906763415890218,48.55895742695519,-265.28793572891595,19.71779314965241,45.947891523396535,-264.3225825449036,-42.26689217814386,25.620113161619585,-27.910700797979935,-0.9675880959028588,0.3125826665554674,-1.4231746549722766
3.89,-0.02478146795667402,0.012999745003147989,-0.025230939609986625,-0.537553554016466,-0.78444420888392,0.9267049020330627,0.0031675496067972465,0.002301754922301682,0.0031633849143932148,33.94497167002852,16.047642503342797,23.470579850984805,35.39547351375963,15.348085547390502,24.863048180622428,19.717792755665947,45.94789058101153,-264.3225806451613,25.33793635961673,49.88211661174909,-265.61031689676463,19.71779314965241,45.947891523396535,-264.3225825449036,-47.53597986112298,6.194955813450839,-11.169152275045082,-1.47217967620345,-0.672627991569801,-0.40977319041756516
3.9,-0.02997148420206941,0.004883040352467616,-0.01593186966275989,-0.5020146737799812,-0.8308205627216565,0.9300927495528621,0.0031665154637260506,0.0038688783224543324,0.002857039118339658,33.94497167002852,16.047642503342797,23.470579850984805,35.69073725626057,15.81569036067405,24.33015807280741,19.717792755665947,45.94789058101153,-264.3225806451613,22.673651916079994,51.10360167004922,-265.93871797175785,19.71779314965241,45.947891523396535,-264.3225825449036,-55.207540155571685,-7.998956535365746,4.307043922736968,-1.5939464018782392,-0.910665181772012,-0.14754173850223198
3.91,-0.03474971688526618,-0.003626107322634242,-0.006705886416993545,-0.45674807222507013,-0.8656280275407511,0.9131835054061681,0.003165263636719532,0.004275995406347464,0.002801788421341097,33.94497167002852,16.047642503342797,23.470579850984805,35.96186604011169,16.305144652468016,23.802637261617875,19.717792755665947,45.94789058101153,-264.3225806451613,19.96753334436478,52.19662318038222,-266.2648080442548,19.71779314965241,45.947891523396535,-264.3225825449036,-62.49822036726793,-18.449220150015915,21.03889669295066,-1.7050471599784713,-1.112743972846472,0.131622140515366
3.92,-0.023867976644101896,0.02066171803022443,-0.028278033998691277,-0.40135988388967675,-0.8712768091656606,0.882083063090979,0.003163832648307314,0.002226017633736755,0.0031633849143932148,34.81320475698164,17.938883680702073,21.72079296866429,36.20376132110285,16.805889193173005,23.29013866329062,10.064926004433069,48.976497062624716,-265.6612903225806,17.27244553704515,53.141897090177785,-266.580987798037,10.064926204324259,48.97649806605486,-265.6612922141296,-43.05591350875724,19.909033359349166,-18.416436309785794,-1.033775907839207,0.3575841657500464,-1.2468195913958464
3.93,-0.027758409786125537,0.011474973363795993,-0.01935974860827877,-0.3751253411603494,-0.9461769748281761,0.8941384279395747,0.00316319392848093,0.0023452330277396348,0.002935126515618814,34.81320475698164,17.938883680702073,21.72079296866429,36.42493817372246,17.33590633005483,22.778788132752446,10.064926004433069,48.976497062624716,-265.6612903225806,14.503259368622023,53.9651615621157,-266.90523068398653,10.064926204324259,48.97649806605486,-265.6612922141296,-48.70315724220296,-2.475781527043778,-2.9440026485006303,-1.4501656368036793,-0.8701450885195184,-0.2860626130890611
3.94,-0.031306778724105255,0.0017784259044884565,-0.010447578335120444,-0.3373564380046589,-0.9873068317541962,0.8855342640065843,0.0031623188590955585,0.00467625810709239,0.0027473521873458244,34.81320475698164,17.938883680702073,21.72079296866429,36.62604692921989,17.893766329162847,22.268777760233647,10.064926004433069,48.976497062624716,-265.6612903225806,11.663018175295337,54.66900253013276,-267.2341601251697,10.064926204324259,48.97649806605486,-265.6612922141296,-54.30048646294822,-13.674370192359989,12.878007793304212,-1.5369963659552954,-1.0562788868183561,-0.013890670370043904
3.95,-0.03444591109247441,-0.008258752015984694,-0.0017367292753976415,-0.29350636291461885,-1.0115101621158766,0.8575056525176896,0.0031613692033169976,0.0029492449133468957,0.0034078169874974867,34.81320475698164,17.938883680702073,21.72079296866429,36.803345398960424,18.470011904399133,21.771350520582217,10.064926004433069,48.976497062624716,-265.6612903225806,8.805884014006486,55.2355024416716,-267.5653457204631,10.064926204324259,48.97649806605486,-265.6612922141296,-58.3309372363544,-37.19757667019626,26.886910573621236,-1.59142432717833,-1.4977506789919885,0.21075219277649815
3.96,-0.028579137116639952,0.019477136904308245,-0.02158042997552717,-0.24276543412790436,-0.9984254466976907,0.8159064030273707,0.003160359953741535,0.002228302155470252,0.0031619592982981594,35.301618102210305,20.10428338439873,20.10428338439873,36.95288736410595,19.046429289379986,21.293727321055602,2.4492935982947064e-14,50.0,-267.0,5.99822711697404,55.664289662471965,-267.87812355210207,0.0,50.00000102218139,-267.00000188288845,-47.1239338511111,12.86061537203671,-8.734956230062709,-1.1877197228038805,0.2731294900916619,-1.1208917435041055
3.97,-0.0308270484732861,0.009060076683499174,-0.013382543852368534,-0.20798253529358143,-1.0651323230967962,0.8172000334705742,0.0031597240746755774,0.0025296618711858157,0.002800513330367939,35.301618102210305,20.10428338439873,20.10428338439873,37.07957043543214,19.646438394289262,20.824293448357153,2.4492935982947064e-14,50.0,-267.0,3.146264149147156,55.95701030097982,-268.19750636661786,0.0,50.00000102218139,-267.00000188288845,-50.07984402760731,-10.919438257225993,5.5568985390929075,-1.4316677647074765,-1.048296796970579,-0.156552031762625
3.98,-0.03268958001676625,-0.0018048377291759454,-0.005312721489723837,-0.1682538789217411,-1.1029355197709456,0.7954736481015429,0.0031590538259353793,0.004638726089656467,0.0029600270186136146,35.301618102210305,20.10428338439873,20.10428338439873,37.18399832354291,20.27105939184027,20.36328319445021,2.4492935982947064e-14,50.0,-267.0,0.2465766992598641,56.11296751264003,-268.524688297395,0.0,50.00000102218139,-267.00000188288845,-53.0898835466703,-20.074678997182307,19.25818678791267,-1.4722189876089367,-1.2102882568930577,0.06519134561424614
3.99,-0.034135062632650204,-0.012910373344053094,0.0024619503813622656,-0.12419511722207467,-1.1085533012905326,0.7618671159285404,0.0031583808021738618,0.0028202113945481376,0.0033733471726490865,35.301618102210305,20.10428338439873,20.10428338439873,37.26426458266934,20.907415105185358,19.91980450341358,2.4492935982947064e-14,50.0,-267.0,-2.643357895108903,56.12954544976362,-268.8520990609766,0.0,50.00000102218139,-267.00000188288845,-54.09773030001022,-49.56139650737165,31.4583869174285,-1.4783713726839054,-1.715075845264573,0.26929558468578507
4.0,-0.033190075724447654,0.017191867795756488,-0.014546885192761705,-0.07935942170521833,-1.0871940103478446,0.7055468275684582,0.0031577721946426194,0.0022464446725355275,0.0028190993740525158,35.41262994469699,22.457802753338797,18.70928138467324,37.31859359025221,21.535889518024266,19.502102090864717,-10.064926004432936,48.97649706262474,-268.33870967741933,-5.449617567763963,56.01624692682843,-269.1631001840772,-10.064926202408543,48.97649806045484,-268.3387115512981,-50.8418866560982,4.85916430582329,-0.642292875614576,-1.3377996480382603,0.09741091972199191,-0.9961990866240578
4.01,-0.033749311420879,0.005947166754437627,-0.007517690356906248,-0.03650020672521354,-1.143999963463344,0.6945424845226901,0.0031572627065052025,0.0034376830023614404,0.0027788009155681774,35.41262994469699,22.457802753338797,18.70928138467324,37.348170009551765,22.182823927614457,19.100364267764594,-10.064926004432936,48.97649706262474,-268.33870967741933,-8.270289993444564,55.753709131242694,-269.4843599709768,-10.064926202408543,48.97649806045484,-268.3387115512981,-51.21290836674443,-15.339281048754078,12.738614445875077,-1.407153047061037,-1.130037807722665,-0.0718923381066124
4.02,-0.033881709760499756,-0.005689333620651327,-0.0007346133155386458,0.005845539845071148,-1.1763045919942166,0.6635905821564587,0.003156829011556576,0.003608708319225394,0.0036802702833344794,35.41262994469699,22.457802753338797,18.70928138467324,37.35332404663035,22.851227793775685,18.713546308932926,-10.064926004432936,48.97649706262474,-268.33870967741933,-11.11784186614659,55.33935769972768,-269.81780151931827,-10.064926202408543,48.97649806045484,-268.3387115512981,-50.63120226452582,-31.28205132805394,21.670538780276257,-1.383379653925516,-1.4591269660225024,0.07011037492244868
4.03,-0.033579965199654116,-0.01741205586718425,0.005697315625317834,0.04987256798540541,-1.1640452789813334,0.6237462757539287,0.0031564518103244935,0.002915520343213355,0.0028043744590783197,35.41262994469699,22.457802753338797,18.70928138467324,37.33352092168887,23.52198972737785,18.34741739213996,-10.064926004432936,48.97649706262474,-268.33870967741933,-13.925892023435289,54.79030487126833,-270.14435737560007,-10.064926202408543,48.97649806045484,-268.3387115512981,-49.45901317426892,-57.345950675195375,36.652223370170844,-1.355321147661754,-1.8662361202803648,0.3259864659954376
4.04,-0.03732252438528372,0.01380428228023467,-0.007540369882644615,0.08973531223175019,-1.1340372664186416,0.5579377516968016,0.0031561752990057037,0.002291843971506413,0.002796147888191364,35.15686155683235,24.904611916550913,17.613046548207237,37.28980338523748,24.179400635740976,18.013003749487428,-19.717792755665904,45.94789058101154,-269.6774193548387,-16.622756163830747,54.11867393485292,-270.46304941542235,-19.717793142301666,45.9478915125036,-269.6774212195751,-53.79711639805543,-4.005147208875544,8.319899230400157,-1.4866415897519614,-0.07458971272907533,-0.7671553506929184
4.05,-0.03614510182278263,0.002149808166414524,-0.002063891443680743,0.13932363768183148,-1.1826550485047993,0.5343365529505585,0.0031559177743994233,0.004627499324738269,0.0036890461765965252,35.15686155683235,24.904611916550913,17.613046548207237,37.21957598185785,24.849401441865872,17.700873870466346,-19.717792755665904,45.94789058101154,-269.6774193548387,-19.305905683132583,53.28998053915714,-270.79410010776434,-19.717793142301666,45.9478915125036,-269.6774212195751,-51.069839452058595,-16.960060669094265,15.83601708158926,-1.3575306501585598,-1.179147391492909,-0.0693621251960933
4.06,-0.034501447802359864,-0.009815626964528978,0.003086515132949552,0.18479453900128784,-1.199836479576419,0.49855465801137017,0.003155766030671376,0.002818963129333214,0.003512131971308066,35.15686155683235,24.904611916550913,17.613046548207237,37.12280170718746,25.535665897516434,17.407861566377477,-19.717792755665904,45.94789058101154,-269.6774193548387,-21.99518346814043,52.3022549157194,-271.13560581627576,-19.717793142301666,45.9478915125036,-269.6774212195751,-46.77193208257435,-46.21932251381183,24.4455119615814,-1.2715765488127235,-1.7129134710339622,0.07521517501887375
4.07,-0.032415211300526714,-0.021697527456427723,0.007823323136007587,0.2270093189462837,-1.1764354062676798,0.44993796841394457,0.0031556975206180763,0.0031783346899680936,0.002503130978724008,35.15686155683235,24.904611916550913,17.613046548207237,37.00089241495732,26.21502382170019,17.139374197210262,-19.717792755665904,45.94789058101154,-269.6774193548387,-24.61217565299871,51.18809029756762,-271.46664076602644,-19.717793142301666,45.9478915125036,-269.6774212195751,-43.334918124049494,-59.819450384752514,37.56316099365202,-1.203920085042821,-1.9171327434784666,0.28673212479228144
4.08,-0.04047878122181736,0.00938323850574746,-0.0008689337053637836,0.2625461556075205,-1.135439349560836,0.38238488184243846,0.0031556938968483363,0.0024867705052758794,0.003968750315893507,34.55334159983446,27.34770085809911,16.877898478617265,36.85713211113356,26.875776588218482,16.90577936412469,-28.56341075473963,41.038172060363806,-271.01612903225805,-27.097216275027215,49.96417865959814,-271.7948181264286,-28.563411313818822,41.03817288655355,-271.01613088790896,-54.72372010581043,-12.253972413751995,13.719950324914096,-1.597997741639592,-0.24935095741214558,-0.5850487686142055
4.09,-0.03753918139740442,-0.002238551794617405,0.0027933586573127833,0.31688520483692767,-1.1767951584470744,0.34916640574366803,0.003155783887960972,0.004575193842885405,0.0037231315900188066,34.55334159983446,27.34770085809911,16.877898478617265,36.685745781921206,27.54352540637146,16.69807903434958,-28.56341075473963,41.038172060363806,-271.01612903225805,-29.546922234008505,48.582829819035005,-272.1337768222336,-28.563411313818822,41.03817288655355,-271.01613088790896,-49.00943068026974,-21.333164730691816,18.009888609725223,-1.2745889383955824,-1.272396681223346,-0.08042456837284326
4.1,-0.0341104096994288,-0.014037340532496723,0.0060528044981503215,0.3635022993518735,-1.173963924717204,0.30593105850060737,0.0031559530915848642,0.002843339019075156,0.00287743530468779,34.55334159983446,27.34770085809911,16.877898478617265,36.486650453905774,28.219103319261446,16.51384955354076,-28.56341075473963,41.038172060363806,-271.01612903225805,-31.9707393912699,47.045516860537276,-272.47839596030326,-28.563411313818822,41.03817288655355,-271.01613088790896,-41.60286839492694,-52.204385964886235,26.72102445990405,-1.1370859808434595,-1.7936760496620543,0.058790374148800555
4.11,-0.03025447669409498,-0.025614839541736045,0.008821192078367124,0.40220606257765645,-1.1424952496902494,0.2510981428922761,0.0031561580423963174,0.0031783346899680936,0.002425248818504322,34.55334159983446,27.34770085809911,16.877898478617265,36.26355693987162,28.880544162359268,16.35844281934861,-28.56341075473963,41.038172060363806,-271.01612903225805,-34.29184674217819,45.39359165376018,-272.81443796199505,-28.563411313818822,41.03817288655355,-271.01613088790896,-34.755473266045165,-64.45931313933647,33.58587058776633,-1.0103441302809595,-1.9957105178230017,0.15710589342086098
4.12,-0.04216264082692778,0.004196764813381271,0.005244371479777743,0.4325854798431898,-1.0898608949700113,0.18754136837767665,0.00315635982045972,0.004126616394159987,0.003174327941126079,33.63067447526988,29.694927738758487,16.54885879770599,36.02115916300294,29.517556342080322,16.23782008924006,-36.23963936145598,34.44834595378435,-272.35483870967744,-36.46477472683372,43.653685704153084,-273.1460865780439,-36.23964007047363,34.44834664054473,-272.35484055635914,-53.87443973409058,-13.600403085799728,19.049584676025546,-1.683069363399035,-0.2367033274066721,-0.35469816824496053
4.13,-0.03751614409799475,-0.006937663626506496,0.00686066872086466,0.48747456730405503,-1.1217986201402974,0.1385728261653099,0.0031568154113037605,0.00322169771501344,0.0027516992281009685,33.63067447526988,29.694927738758487,16.54885879770599,35.751982085792044,30.15667823073092,16.14812409279945,-36.23963936145598,34.44834595378435,-272.35483870967744,-38.57699546125512,41.76197601240909,-273.4914700147494,-36.23964007047363,34.44834664054473,-272.35484055635914,-44.460051142232025,-34.25794054887064,22.90520174214687,-1.148407795288813,-1.5178752945281622,-0.05466567666559702
4.14,-0.03238739364369647,-0.01806524199074322,0.007963562297940985,0.5321488873289342,-1.1011436909650327,0.08672643163379576,0.0031572724635384264,0.002929341465608965,0.0025522706008901837,33.63067447526988,29.694927738758487,16.54885879770599,35.45562287951442,30.7928873565349,16.08791726469922,-36.23963936145598,34.44834595378435,-272.35483870967744,-40.61757924148243,39.727539111735425,-273.8406171522274,-36.23964007047363,34.44834664054473,-272.35484055635914,-34.206482857910004,-55.26771557392258,25.214577257348196,-0.9652452935613803,-1.8293823564733573,-0.035076769679586756
4.15,-0.02687238275728654,-0.02887536029376958,0.008531850390837037,0.5657104479283529,-1.0616670272655162,0.03219564038824616,0.0031576665531800278,0.0031783346899680936,0.002482403814483848,33.63067447526988,29.694927738758487,16.54885879770599,35.13777590148633,31.409896207871938,16.058487938153355,-36.23963936145598,34.44834595378435,-272.35483870967744,-42.53459255501844,37.596962103091954,-274.18255144022737,-36.23964007047363,34.44834664054473,-272.35484055635914,-24.01401776677486,-66.88842586305674,24.962070770944244,-0.7831548090160716,-2.019441702464042,-0.056064095536025475
4.16,-0.04205661599501498,-0.0012926537756109413,0.010365525001014897,0.5891279845284992,-0.9997242781906395,-0.021701820535274627,0.003157967225793235,0.004692461402889975,0.002341397162652292,32.42870378604985,31.865117517355674,16.65254453329207,34.80414457383344,31.99706758546736,16.060334647747244,-42.43221287473755,26.448200516348113,-273.69354838709677,-44.293956451561186,35.409324338103524,-274.513037757494,-42.432213705607104,26.448201036009962,-273.6935502248311,-50.705816230628734,-16.393633157367635,26.526851185060167,-1.7256986350365304,-0.2902537675820814,-0.004348373204216032
4.17,-0.03585656441878471,-0.011436262126661156,0.009783471395501786,0.6418191238512673,-1.0119021103176957,-0.0857598199821413,0.003158720692622961,0.002800564058535469,0.002378055031792963,32.42870378604985,31.865117517355674,16.65254453329207,34.44610338031223,32.57822921331808,16.097240980464594,-42.43221287473755,26.448200516348113,-273.69354838709677,-45.95704723666395,33.08933573255385,-274.85669205201117,-42.432213705607104,26.448201036009962,-273.6935502248311,-37.36119450515145,-43.49155953135355,23.995821536384916,-0.9873015096227064,-1.6151883235570712,-0.10845942336220274
4.18,-0.029213091683547132,-0.021409919914213593,0.008614742252791574,0.6807632033819824,-0.983045945889534,-0.14147390947356903,0.0031593457299471574,0.0031783346899680936,0.002497316191476987,32.42870378604985,31.865117517355674,16.65254453329207,34.063307243899494,33.147940454472376,16.16736431899642,-42.43221287473755,26.448200516348113,-273.69354838709677,-47.51149999416638,30.648411684600905,-275.2031509547345,-42.432213705607104,26.448201036009962,-273.6935502248311,-24.875598244232734,-53.22333423034893,18.8354733964778,-0.7661368500260871,-1.7616689756112427,-0.2137422762345191
4.19,-0.02225348844533548,-0.03100762380438804,0.006923682883844429,0.7065849245657279,-0.9373435841158371,-0.19047866553870257,0.0031597919323715223,0.0031783346899680936,0.002855040121833842,32.42870378604985,31.865117517355674,16.65254453329207,33.6631407050309,33.69509924243656,16.267015353255065,-42.43221287473755,26.448200516348113,-273.69354838709677,-48.93172197833635,28.138259503455867,-275.5404971390907,-42.432213705607104,26.448201036009962,-273.6935502248311,-11.664195685926803,-66.84508683162076,12.87649577655007,-0.5345264721451181,-1.9888449529335244,-0.32852539192037405
4.2,-0.04003263879952479,-0.006399236042251344,0.014285773125620072,0.7216124351063711,-0.8708181383082957,-0.23153370851469157,0.003160063228737139,0.0033767497047013486,0.002255370418024891,30.999971486436436,33.79207494697625,17.196770127752654,33.251864194928295,34.20903307800103,16.392133077573767,-46.88760660735401,17.365262642241046,-275.0322580645161,-50.19371781645178,25.606926740685264,-275.857917307775,-46.88760752724908,17.365262974881674,-275.0322598931455,-43.79389657356362,-25.978388382184868,28.751569015709396,-1.6593909444884485,-0.5752078903962204,0.21379444322066685
4.21,-0.032533081916635176,-0.015127427995391352,0.011550281869531165,0.768677105234012,-0.8646278881373369,-0.30338405237771654,0.0031609679703509773,0.002866593457324894,0.002310143279747994,30.999971486436436,33.79207494697625,17.196770127752654,32.819729688800074,34.70820437303315,16.552723172167415,-46.88760660735401,17.365262642241046,-275.0322580645161,-51.32790433987952,22.974555842737384,-276.1824723193604,-46.88760752724908,17.365262974881674,-275.0322598931455,-28.433377056752317,-44.88397257510095,20.385531544015873,-0.8006206407448765,-1.5979495355827005,-0.2362966516861885
4.22,-0.024671661302587133,-0.02360777122492541,0.00819911239967358,0.7980610280862108,-0.8329127508355271,-0.35916885096212403,0.0031615749499611587,0.0031778310096876195,0.0026000398978726974,30.999971486436436,33.79207494697625,17.196770127752654,32.36770728726882,35.19219743215273,16.747851720173113,-46.88760660735401,17.365262642241046,-275.0322580645161,-52.3341038788376,20.247474295001457,-276.5114076688683,-46.88760752724908,17.365262974881674,-275.0322598931455,-13.787119818735048,-53.05566425917316,10.197659732550846,-0.5443464484010659,-1.730050425338173,-0.4257274882584859
4.23,-0.016596558428103703,-0.03168917098360802,0.004362008897460357,0.8134612517502723,-0.785115466976736,-0.40214591980079184,0.0028680345233116243,0.0031759689532374477,0.0038701409990042675,30.999971486436436,33.79207494697625,17.196770127752654,31.904230996736313,35.6523860016828,16.97010511397531,-46.88760660735401,17.365262642241046,-275.0322580645161,-53.20266150383201,17.4822767291842,-276.8307455477308,-46.88760752724908,17.365262974881674,-275.0322598931455,0.08059614928811297,-64.58452623248938,1.9162929410800644,-0.3050719410635145,-1.9131513042443988,-0.5731898875900964
4.24,-0.03619430570071269,-0.010682213676969865,0.017132209556030675,0.813549781752299,-0.7212540912893483,-0.438188876985704,0.0031619078631633414,0.0027894839884667353,0.002230796764419671,29.410160452314862,35.42606373609048,18.17042972806722,31.436870677467702,36.07964509982839,17.214621836933528,-49.42341621640557,7.571388875228827,-276.3709677419355,-53.91584371890777,14.729956167428599,-277.13284851415364,-49.42341718879896,7.571389009490843,-276.3709695611497,-34.627732886922466,-34.5832602871809,28.06282401917481,-1.5584586055924279,-0.8476551455475172,0.2810149323016383
4.25,-0.027822206032059316,-0.017847434516051197,0.012300218163008025,0.8511161463217255,-0.706227932067266,-0.5139308070026998,0.0031627523006699737,0.002915227963159671,0.002301313358374823,29.410160452314862,35.42606373609048,18.17042972806722,30.955346080131697,36.48894586869597,17.495475070462366,-49.42341621640557,7.571388875228827,-276.3709677419355,-54.483645995673385,11.907822422070284,-277.4456338049307,-49.42341718879896,7.571389009490843,-276.3709695611497,-18.31592560005264,-44.90406592384416,14.342390261826175,-0.6055363642050497,-1.5583633141371274,-0.40366298449156096
4.26,-0.01920087988482022,-0.024740425957621492,0.006855857970379686,0.8688077472382623,-0.6740257885015772,-0.5666038771528684,0.0029289021803417664,0.003171932421491267,0.003006330202527818,29.410160452314862,35.42606373609048,18.17042972806722,30.46044975448905,36.88197677655271,17.810328115883955,-49.42341621640557,7.571388875228827,-276.3709677419355,-54.91556013054189,9.019473952552461,-277.7649145846051,-49.42341718879896,7.571389009490843,-276.3709695611497,-3.509467144644653,-51.478911916833134,0.781101775162029,-0.35432336991543617,-1.6631382247029052,-0.6444869121740741
4.27,-0.010486149999444194,-0.031240141226814844,0.0009665304607007763,0.8707703347654765,-0.6283843025378861,-0.6062255392689883,0.0027476433891317053,0.0031703948113844093,0.004674568951230977,29.410160452314862,35.42606373609048,18.17042972806722,29.961131456966353,37.25169583223435,18.149992939155993,-49.42341621640557,7.571388875228827,-276.3709677419355,-55.211074536181336,6.122783798264143,-278.07744605528967,-49.42341718879896,7.571389009490843,-276.3709695611497,12.92177863429313,-61.35205556549569,-6.747748384875613,-0.0696172102130169,-1.819467341532534,-0.7790027688332907
4.28,-0.031060399602140576,-0.014405398511504908,0.018687470960219776,0.8548573738418257,-0.5707446958274881,-0.6372010394368491,0.0031628392559923954,0.0028323810012338387,0.0022262064982207894,27.736821873230763,36.733071741996476,19.543540341987892,29.467072410504123,37.591254234647316,18.510088628473195,-49.93582535855264,-2.532458441935596,-277.7096774193548,-55.358500767950716,3.2703889895009346,-278.38277142838,-49.93582634447779,-2.5324585085730686,-277.7096792288085,-24.959770871185892,-36.86605315835746,24.241521576768882,-1.4096526884786664,-0.9525713942975669,0.2814325344780514
4.29,-0.022338502150972883,-0.020029743371977826,0.011858998345187943,0.8807602359677367,-0.5507377179209318,-0.7123597699710432,0.0031633849143932148,0.0030166413810551592,0.0023232963856673144,27.736821873230763,36.733071741996476,19.543540341987892,28.966186809502265,37.91208627292779,18.905208294245917,-49.93582535855264,-2.532458441935596,-277.7096774193548,-55.355280689853345,0.37798888421108423,-278.70151281745217,-49.93582634447779,-2.5324585085730686,-277.7096792288085,-8.239859651849795,-43.605832277994104,6.124713302752788,-0.42700789474324524,-1.4870348684354378,-0.605381185700558
4.3,-0.013484229288956817,-0.025372645762557933,0.004461700375683442,0.8868715900725017,-0.5190256882653509,-0.7594623739570675,0.002804664113525014,0.0031670048614860953,0.004002661371577886,27.736821873230763,36.733071741996476,19.543540341987892,28.45862022828622,38.216338799154606,19.33164998094849,-49.93582535855264,-2.532458441935596,-277.7096774193548,-55.215713733819555,-2.5521795944755694,-279.0264227144944,-49.93582634447779,-2.5324585085730686,-277.7096792288085,7.142990958171014,-49.73480407040259,-7.1002473489693605,-0.16327996803918268,-1.5956314777633032,-0.8286989154778213
4.31,-0.004671460248195758,-0.030339924396483364,-0.003343093322639934,0.8738157553397957,-0.4770810330218085,-0.796086951815627,0.0030092351649143754,0.0031658168280929554,0.004336055900449463,27.736821873230763,36.733071741996476,19.543540341987892,27.95453504505069,38.49848414218667,19.78085939505613,-49.93582535855264,-2.532458441935596,-277.7096774193548,-54.94282865573477,-5.4624821355859146,-279.3506238547387,-49.93582634447779,-2.5324585085730686,-277.7096792288085,23.261131836461285,-57.462547460435864,-16.948044233658315,0.10184282285565577,-1.7143914273890604,-1.0171814336094385
4.32,-0.02522244995066447,-0.018080351130545846,0.018697535008022126,0.8486129476612984,-0.4241832967967358,-0.8069325084030418,0.003162694408591107,0.0029044841079842367,0.0022306798949220663,26.066087524252307,37.69269397945756,21.267689235111007,27.46228248483575,38.75295102124635,20.243475077748347,-48.40385594331021,-12.53262661293603,-279.0483870967742,-54.54184888180732,-8.3001657385602,-279.66596882580217,-48.40385690280674,-12.532626874422201,-279.04838889623375,-15.116400360970133,-38.90962604178585,18.030034554219945,-1.2613946893702994,-1.0632321293571403,0.3359668347407487
4.33,-0.016629713359534892,-0.02221140548892253,0.010180196839833733,0.8627798403170546,-0.40128700140391826,-0.8783737629822285,0.0028703333395651825,0.0031638308389475246,0.0024112795353346764,26.066087524252307,37.69269397945756,21.267689235111007,26.969452947066696,38.98813802273647,20.735011192823958,-48.40385594331021,-12.53262661293603,-279.0483870967742,-53.99776984425038,-11.14682829838912,-279.9888570089026,-48.40385690280674,-12.532626874422201,-279.04838889623375,0.13340736764923178,-41.92302487665686,-3.233310356731982,-0.2872789482743838,-1.432583587982654,-0.8152022819737033
4.34,-0.008021066421192047,-0.0260502855820558,0.0011547939565680898,0.8561858677995263,-0.36864274273684816,-0.9210498607033348,0.002748421864421355,0.0031630399933988453,0.004728113893922117,26.066087524252307,37.69269397945756,21.267689235111007,26.476708171391977,39.206179746208285,21.254515616627458,-48.40385594331021,-12.53262661293603,-279.0483870967742,-53.318142978994985,-14.003067214107396,-280.31810680431806,-48.40385690280674,-12.532626874422201,-279.04838889623375,16.517391581601274,-48.29473096620809,-13.474273516391607,-0.011977577631818007,-1.533014349494925,-0.988007284492335
4.35,0.00042174203382339126,-0.02952370861523701,-0.008227888957489493,0.8334428957022226,-0.3283915822345335,-0.9469544243289815,0.003504222877218346,0.0031621188969985026,0.0029537391172019256,26.066087524252307,37.69269397945756,21.267689235111007,25.99432138213311,39.40282867028899,21.793372987733353,-48.40385594331021,-12.53262661293603,-279.0483870967742,-52.51082301062002,-16.813884542825207,-280.6504634903018,-48.40385690280674,-12.532626874422201,-279.04838889623375,29.71473728245094,-52.77119631247561,-36.17539943461701,0.20494507327564285,-1.5961340196147569,-1.4123472087444855
4.36,-0.01898256883833549,-0.02202479417305614,0.017410283636310475,0.793703568832412,-0.2808446159145569,-0.9389021854882386,0.0029197356100500726,0.003161108323668273,0.0022442595925642786,24.487661409084392,38.295597512370065,23.27739976726422,25.52949383869678,39.573568838041176,22.334486959556106,-44.8902269785371,-22.01970757788168,-280.38709677419354,-51.60531216670493,-19.520160424517858,-280.9659623666623,-44.8902278722007,-22.019708020299664,-280.38709856364613,-7.10597008412397,-38.95130409169705,10.349140049152671,-1.227627984445312,-1.0973271650622942,0.24961035711732496
4.37,-0.010989139145210658,-0.024692682256355014,0.007611725558813398,0.7978100619948099,-0.2527748442430435,-1.002730290985103,0.0027526166272066957,0.003160551392108784,0.002837230945096212,24.487661409084392,38.295597512370065,23.27739976726422,25.07163763757159,39.72467677705455,22.898974542583034,-44.8902269785371,-22.01970757788168,-280.38709677419354,-50.564702129320956,-22.20289573052985,-281.2889090191023,-44.8902278722007,-22.019708020299664,-280.38709856364613,8.953294262270365,-42.96396456890693,-11.29862753594331,-0.155272733701768,-1.4126895574070986,-0.9822504062422462
4.38,-0.003097662084941777,-0.02703308227931167,-0.002641039998212802,0.7795660013580011,-0.21814277032791748,-1.0422737008609897,0.0033060218881433966,0.0031599050928189758,0.0045046903308397605,24.487661409084392,38.295597512370065,23.27739976726422,24.62062172032997,39.85676340594242,23.488610574302925,-44.8902269785371,-22.01970757788168,-280.38709677419354,-49.38456152239823,-24.86721277144403,-281.62133612715223,-44.8902278722007,-22.019708020299664,-280.38709856364613,21.791214957807302,-46.743196932029605,-20.772645586161264,0.05022010306729298,-1.4664645441850765,-1.1603734686122673
4.39,0.00455105225721858,-0.028994513846310355,-0.013141070227982943,0.75107507193252,-0.17712513995317686,-1.0490418580122003,0.0029718244935689033,0.003159198290972343,0.0028240244545535533,24.487661409084392,38.295597512370065,23.27739976726422,24.184101868413112,39.96676329642024,24.090365125070857,-44.8902269785371,-22.01970757788168,-280.38709677419354,-48.08882058611197,-27.462008063563434,-281.95192925388847,-44.8902278722007,-22.019708020299664,-280.38709856364613,37.948306862708826,-48.969756093327646,-49.56649032404727,0.335426606392713,-1.4957895839448048,-1.6514633668155518
4.4,-0.01262894830706135,-0.02624271622124641,0.01512245744828894,0.6958374430747419,-0.1348853939166856,-1.0324700505768232,0.002779358570564167,0.0031585372900818625,0.002270471888808543,23.088929908940077,38.54137001271528,25.49297239640171,23.77239418908405,40.05252465837025,24.686431999459504,-39.538786846884925,-30.60529912738314,-281.7258064516129,-46.71868384509298,-29.921539163675792,-282.2691390348469,-39.53878763744544,-30.605299729965857,-281.72580823128726,1.9767242277327517,-42.65120342580745,1.9989807312498298,-1.060171699844999,-1.2480390589047743,0.06947742331430254
4.41,-0.005675665672881025,-0.027396369350096372,0.004441817833362838,0.6886689028092189,-0.09860524183968501,-1.0880431890303017,0.0029548077357394974,0.0031580239889406067,0.004039143828571528,23.088929908940077,38.54137001271528,25.49297239640171,23.37478287802784,40.11650202475925,25.301054385942656,-39.538786846884925,-30.60529912738314,-281.7258064516129,-45.214999132809766,-32.32568728245301,-282.59663389695606,-39.53878763744544,-30.605299729965857,-281.72580823128726,15.4673199219933,-44.22998334871811,-14.747988212351615,-0.0791147662348203,-1.3941071456155298,-1.0574219285307445
4.42,0.0010814228102679624,-0.028173607734421235,-0.00664026437855092,0.664036941686812,-0.06013528660826889,-1.120387905461888,0.003649733151892845,0.0031575349098634676,0.003304483802114252,23.088929908940077,38.54137001271528,25.49297239640171,22.989080915877764,40.15880753644732,25.93766021337914,-39.538786846884925,-30.60529912738314,-281.7258064516129,-43.56692814694404,-34.68819749286574,-282.9352033994558,-39.53878763744544,-30.605299729965857,-281.72580823128726,25.04748651051437,-44.436363489087384,-34.48951015324829,0.08197072091711825,-1.384382600433572,-1.4557087749462656
4.43,0.007539263880292246,-0.02854511868380727,-0.017810037472065388,0.6269769559821875,-0.018564890562042545,-1.110414000182474,0.0025068884814387167,0.003157070545890571,0.0029241823826539398,23.088929908940077,38.54137001271528,25.49297239640171,22.62134086845645,40.17771844601298,26.576914861140864,-39.538786846884925,-30.60529912738314,-281.7258064516129,-41.82136982225256,-36.95494090015226,-283.26454426074804,-39.53878763744544,-30.605299729965857,-281.72580823128726,44.40026375303369,-44.95740754253527,-57.92453246233654,0.4094027776951641,-1.3859899410212773,-1.8137912543805685
4.44,-0.006411039317077982,-0.03033236510030013,0.011915374643287957,0.5642168324227652,0.020344213645940485,-1.085021053019407,0.002901583915160799,0.003156696483652314,0.0023312039990245016,21.949256647356655,38.437258582854156,27.825085298637664,22.284106666704268,40.17373246556597,27.205244045839997,-32.56862413611115,-37.93790613463951,-283.06451612903226,-40.0188935650527,-39.06555906010374,-283.588302702654,-32.56862478999973,-37.93790687096758,-283.06451789930725,10.453304897675267,-45.87755380661282,-6.608305122751379,-0.8402930257953469,-1.4010116083148998,-0.08943393446058558
4.45,-0.0008355793890588714,-0.029883702901378872,0.0007556548937486807,0.5472395422590024,0.06427471224275141,-1.1340872942753042,0.003800522161668208,0.003156344771277078,0.0047470872608460085,21.949256647356655,38.437258582854156,27.825085298637664,21.965927123910774,40.14554332881383,27.846975372096132,-32.56862413611115,-37.93790613463951,-283.06451612903226,-38.08574602199478,-41.09560326412077,-283.9226401467199,-32.56862478999973,-37.93790687096758,-283.06451789930725,17.778872970516858,-44.39752768298274,-17.58090336381274,-0.08067639212279297,-1.3525963769683802,-1.133674698546705
4.46,0.004481082341175058,-0.02900707470875108,-0.01071985297838407,0.5178434531948365,0.10710524183236603,-1.1502597234359369,0.003154111394772307,0.0031560741759075655,0.002798217831701445,21.949256647356655,38.437258582854156,27.825085298637664,21.663043127649594,40.09285712215208,28.505123384188146,-32.56862413611115,-37.93790613463951,-283.06451612903226,-36.01074313711648,-43.062207834880645,-284.26378711538183,-32.56862478999973,-37.93790687096758,-283.06451789930725,29.42516156515586,-41.355793588862525,-47.78371636968693,0.12088600320167045,-1.2896030379443288,-1.6699351703521508
4.47,0.009424583814811649,-0.027706843326573027,-0.022126181785773635,0.4715922634943947,0.14790100625789424,-1.1308493130726256,0.002367833017221746,0.0031558829674322893,0.0031783346899680936,21.949256647356655,38.437258582854156,27.825085298637664,21.382579575952654,40.01605329898795,29.157465026587676,-32.56862413611115,-37.93790613463951,-283.06451612903226,-33.8584551987499,-44.90662043303405,-284.59370999902467,-32.56862478999973,-37.93790687096758,-283.06451789930725,44.427842359764526,-39.381086465504794,-60.760323723089094,0.3598727544724271,-1.2453970701364045,-1.878892170963023
4.48,-0.00040559934713302326,-0.03369203571785828,0.007863948513177621,0.4078743768139355,0.18422264568230645,-1.09425478140784,0.003965267248637231,0.0031557674373168323,0.002769489934627103,21.135335479559792,37.99799754421689,30.180889717377095,21.135147226063268,39.917484794051255,29.793641052841927,-24.265098126554054,-43.717330807229104,-284.4032258064516,-31.668028227683006,-46.583612095882835,-284.9209983948561,-24.265098615448895,-43.717331646507176,-284.4032275676678,14.988376846405512,-47.35413854446462,-13.159725990948749,-0.6820941158690162,-1.522087278950423,-0.20998020084675476
4.49,0.0035544786992124933,-0.031566327501951874,-0.0033554982683573487,0.382080353506883,0.23381193446749074,-1.13720640835096,0.00350985200202362,0.0031556930029407876,0.004346632853421743,21.135335479559792,37.99799754421689,30.180889717377095,20.90998372863326,39.79295736130194,30.43843906359736,-24.265098126554054,-43.717330807229104,-284.4032258064516,-29.352962895646797,-48.16210351223087,-285.25697676980593,-24.265098615448895,-43.717331646507176,-284.4032275676678,20.921971147951677,-42.969721231458976,-23.309212678040584,-0.06669116271826447,-1.2817730356134156,-1.2546716688740374
4.5,0.007174436571459608,-0.02897860252403872,-0.0147547344247827,0.34393810140587644,0.27876253288122715,-1.1348343122227262,0.002621971163262183,0.0031557086614910253,0.0028592002488199344,21.135335479559792,37.99799754421689,30.180889717377095,20.704825794643973,39.64213578950708,31.091174984830626,-24.265098126554054,-43.717330807229104,-284.4032258064516,-26.913252159970277,-49.64795835513497,-285.59487798856156,-24.265098615448895,-43.717331646507176,-284.4032275676678,32.47486200481224,-36.955717290991934,-53.305689397032936,0.12148160036738334,-1.168622954348211,-1.7543131920307238
4.51,0.01033950954042162,-0.025971619056871065,-0.025964038845214032,0.2921333928526654,0.3175180872905034,-1.1075999977164472,0.002330725889453256,0.0031557856164106165,0.0031783346899680936,21.135335479559792,37.99799754421689,30.180889717377095,20.526517520060192,39.4676678280801,31.73176553559482,-24.265098126554054,-43.717330807229104,-284.4032258064516,-24.417599593176586,-50.99082121457484,-285.9240132514486,-24.265098615448895,-43.717331646507176,-284.4032275676678,40.328368896494275,-31.34435801596913,-65.56497744962458,0.23584658556416085,-1.0622287426122432,-1.9580276384592217
4.52,0.005299692572660997,-0.035725726418504467,0.003170100538431586,0.2315485693493625,0.35019496468464206,-1.059572389927749,0.003128439278387285,0.0031558961315394244,0.004430261973228731,20.697997365764714,37.2466457831564,32.47071936924852,20.381201407646703,39.27310374384343,32.35044236049776,-14.968156148667946,-47.70696282000243,-285.741935483871,-21.908533078490343,-52.16203293358412,-286.24816429330474,-14.968156450991614,-47.706963728345,-285.7419372361141,20.716796587375324,-47.322269520278596,-13.853890172149184,-0.4399486695383158,-1.6251010075580579,-0.17656261215956043
4.53,0.0073985297221772495,-0.03192853501830706,-0.007668882728731674,0.18975596415982282,0.4014346658236938,-1.0923280359038579,0.0026240981716581877,0.0031561533869285344,0.003049848583942273,20.697997365764714,37.2466457831564,32.47071936924852,20.263479479198693,39.05274446498005,32.97267629949766,-14.968156148667946,-47.70696282000243,-285.741935483871,-19.29110780864112,-53.21286853391792,-286.5834873381961,-14.968156450991614,-47.706963728345,-285.7419372361141,26.95208912451122,-38.98238255340712,-37.27959985361335,-0.016360670380207065,-1.1652716119983024,-1.5127437485326949
4.54,0.009039960885514564,-0.027665430897543586,-0.018515135110444447,0.14239342014120068,0.4454401430564431,-1.0746286752690752,0.0024166927333927005,0.003156456017817189,0.002939291712810283,20.697997365764714,37.2466457831564,32.47071936924852,20.172174441605975,38.80601098746352,33.592959559117475,-14.968156148667946,-47.70696282000243,-285.741935483871,-16.58015832168825,-54.13662159343382,-286.9197711940501,-14.968156450991614,-47.706963728345,-285.7419372361141,30.953357870605164,-30.06066414142285,-56.38523532253437,0.03261632167950582,-1.0047725208738592,-1.7946818104259603
4.55,0.010179456303362977,-0.023011782412644566,-0.029084407000241952,0.09025118038166446,0.4803898051398472,-1.039485357904879,0.002345127274321513,0.0031567500307402513,0.0031783346899680936,20.697997365764714,37.2466457831564,32.47071936924852,20.109891240272532,38.53742467147319,34.19641971164484,-14.968156148667946,-47.70696282000243,-285.741935483871,-13.83709462499835,-54.90769870875273,-287.2486075175215,-14.968156450991614,-47.706963728345,-285.7419372361141,32.22488857324596,-20.995547341838716,-68.13706655185112,0.03826383773137269,-0.8410395430731005,-1.9883404773359024
4.56,0.01030700180383226,-0.03603647935649301,-0.0017713398250246426,0.03711244642246066,0.5084948659351738,-0.9820169532918429,0.002341411255581626,0.0031570208425967103,0.00464281675171107,20.67036994542586,36.2161001001458,34.614166618657144,20.078066929108637,38.251299091516756,34.77253428258724,-5.058416099371616,-49.74346616959476,-287.0806451612903,-11.110418311560013,-55.5109807649137,-287.5661421103343,-5.058416201638469,-49.74346711128817,-287.0806469042501,28.832894271884825,-44.790890644339214,-17.361240406054264,-0.0813845562071957,-1.6598740737573754,-0.2533370015718343
4.57,0.010356178715970943,-0.03066384348378226,-0.01174723639193942,-0.019952763469153638,0.5584171248377306,-0.9962195434404751,0.0023417575756403573,0.003157577219448089,0.002804124024104011,20.67036994542586,36.2161001001458,34.614166618657144,20.078454289925844,37.940761200975324,35.344217880037085,-5.058416099371616,-49.74346616959476,-287.0806451612903,-8.307926163723575,-55.9698054906442,-287.8942521140682,-5.058416201638469,-49.74346711128817,-287.0806469042501,28.230458382294387,-32.41271582348763,-44.60346978174025,-0.06242191341793446,-1.0117046595160741,-1.5825449840197081
4.58,0.00986755547742385,-0.02485445563767874,-0.021584716296066064,-0.07212840519721692,0.59765052713887,-0.9713239776965151,0.002371513291493679,0.003158081882766826,0.0031783346899680936,20.67036994542586,36.2161001001458,34.614166618657144,20.10942406010023,37.60572491796893,35.90635081322936,-5.058416099371616,-49.74346616959476,-287.0806451612903,-5.446282318603599,-56.27983309835374,-288.2233793296938,-5.058416201638469,-49.74346711128817,-287.0806469042501,24.890462068147425,-20.983865173455815,-54.465946328078125,-0.1348917607224337,-0.8073037344267803,-1.741548645412269
4.59,0.008876019211245367,-0.01871318104302,-0.03108625456033476,-0.12036507697581092,0.62652634726825,-0.9294820794183424,0.0024618744171108296,0.0029079533952236364,0.0031783346899680936,20.67036994542586,36.2161001001458,34.614166618657144,20.168964448538723,37.25224539649725,36.44822465534268,-5.058416099371616,-49.74346616959476,-287.0806451612903,-2.580461283705878,-56.43870755878762,-288.5437254737869,-5.058416201638469,-49.74346711128817,-287.0806469042501,20.805471572567875,-10.1110446670807,-68.1201012343343,-0.21860112999668574,-0.6150297524690369,-1.9626942547372959
4.6,0.014358798761905767,-0.03441297525352294,-0.006363956512784541,-0.1623113925585441,0.6466695907426083,-0.8669443805249704,0.002252835534989183,0.0031587953903171855,0.003388047066710179,21.066993152478865,34.95071949889885,36.54438910716711,20.254136156875578,36.88497222842079,36.95912437304393,5.058416099371556,-49.74346616959476,-288.41935483870964,0.2382632652648039,-56.44389292074349,-288.8447998379708,5.0584162015451835,-49.743467108323706,-288.4193565717035,31.75713213837035,-38.26767508890013,-26.65306524313395,0.17131550077777868,-1.6310150414915308,-0.5285355494253525
4.61,0.012350977620409875,-0.027677046286586515,-0.015073903029248048,-0.2286127734637072,0.6920304868042924,-0.8644776124787092,0.0022883389348698096,0.003159537321506387,0.002865620502254044,21.066993152478865,34.95071949889885,36.54438910716711,20.372766195320555,36.49663753202548,37.45746442090477,5.058416099371556,-49.74346616959476,-288.41935483870964,3.0903360968588562,-56.29182779834871,-289.1520630726281,5.0584162015451835,-49.743467108323706,-288.4193565717035,25.13124147953747,-23.648316429956772,-45.97312261930814,-0.17819796563419038,-0.8247586603236047,-1.5711350030715183
4.62,0.009760934253146614,-0.020577146317806494,-0.023572876287222155,-0.28244775081578627,0.7226299872019138,-0.836413797197709,0.0023950161374360866,0.0031372275772914337,0.003177970306524768,21.066993152478865,34.95071949889885,36.54438910716711,20.524191127769043,36.088162916046294,37.94273327667396,5.058416099371556,-49.74346616959476,-288.41935483870964,5.969713488111783,-55.98485695672405,-289.4632206272154,5.0584162015451835,-49.743467108323706,-288.4193565717035,16.623149910650994,-9.912155328648762,-54.39550790432914,-0.33836026163936356,-0.5849532228341282,-1.7084734439276992
4.63,0.006693447542441167,-0.013231628929132322,-0.03170702778590506,-0.324864335537274,0.7424699351862751,-0.7918103604951763,0.0029752128909617355,0.0027946114999414864,0.003176225292242243,21.066993152478865,34.95071949889885,36.54438910716711,20.702308352922298,35.66622347770271,38.40612366022797,5.058416099371556,-49.74346616959476,-288.41935483870964,8.824769834407828,-55.536706300576,-289.7646940126864,5.0584162015451835,-49.743467108323706,-288.4193565717035,7.645589932498331,3.9576686989831575,-66.14363408667822,-0.5022297808625004,-0.3410990364570383,-1.8962860577510066
4.64,0.003257187416908114,-0.005762534942024056,-0.03930040822340075,-0.3580681540416088,0.7482621404763521,-0.7305607815417292,0.00419143120809391,0.002921622710699622,0.003173935162632784,21.066993152478865,34.95071949889885,36.54438910716711,20.901059698253263,35.238027653296214,38.8375988510941,5.058416099371556,-49.74346616959476,-288.41935483870964,11.597751091600188,-54.95945900769756,-290.04497456266046,5.0584162015451835,-49.743467108323706,-288.4193565717035,1.0009333239432605,19.303747287658915,-77.22170561487613,-0.619738009959379,-0.08174518324950374,-2.067882286881383
4.65,0.013543364948843561,-0.023289105922516207,-0.017447496483854685,-0.4268207245760758,0.7808784338704499,-0.7141093582784098,0.0022735601108667316,0.0031612160934018354,0.0029069606590892546,21.883477394414783,33.50733120841596,38.21006512015307,21.13230238367466,34.796807173796864,39.25050925392302,14.968156148667802,-47.706962820002474,-289.758064516129,14.352399576444787,-54.228943048089796,-290.3310155070738,14.96815645010324,-47.706963720028845,-289.75806623830323,20.16405373660907,-13.691693541122055,-45.88142854530234,-0.32311270288601285,-0.6293461064789135,-1.532520124450933
4.66,0.00896832453714086,-0.015356257693330044,-0.024440198269288227,-0.4801279074484782,0.8016002337550744,-0.6857034884949836,0.0024965605757731606,0.002840707130565466,0.003172337256527983,21.883477394414783,33.50733120841596,38.21006512015307,21.397391639014323,34.34117470023783,39.649468172106275,14.968156148667802,-47.706962820002474,-289.758064516129,17.106951604203136,-53.34616079298732,-290.6260293616961,14.96815645010324,-47.706963720028845,-289.75806623830323,7.331848537054429,0.7451618786560746,-52.6757014348072,-0.5561542464284722,-0.3776534816502388,-1.6425239895314758
4.67,0.003947916480642688,-0.007292415569238764,-0.031075892002967453,-0.5183307878380982,0.8078071287063145,-0.6433738681942883,0.004074857091329899,0.0027768614667959554,0.003170891915028699,21.883477394414783,33.50733120841596,38.21006512015307,21.687169106277757,33.878889513007366,40.027161310018705,14.968156148667802,-47.706962820002474,-289.758064516129,19.811219178744047,-52.338274849857235,-290.91487763750445,14.96815645010324,-47.706963720028845,-289.75806623830323,-2.5748569255629,17.647785756338926,-62.850367313063174,-0.7269649282417693,-0.08958336729990367,-1.804630838630682
4.68,0.019761452176229988,-0.026344605052976644,-0.013391475574558664,-0.5489761622328048,0.8000595115395086,-0.5881837586298512,0.0022216353419377945,0.003161617403149501,0.002813071718285663,23.096499507380617,31.95488589962691,39.57513191682278,21.996437363053758,33.418125421175844,40.37626766871036,24.26509812655408,-43.71733080722909,-291.0967741935484,22.413934949296223,-51.22111262076977,-291.19302567296006,24.2650986127358,-43.71733163449504,-291.0967759041823,29.778867327663445,-20.058957421989724,-37.189181304001316,0.3239862745790469,-1.3915835772836889,-0.8975540039914053
4.69,0.013814880320991041,-0.018175258293306795,-0.01922190023988024,-0.6248585858383852,0.8263724112483409,-0.5734761873265276,0.0022784857341492746,0.0029025554500377382,0.0029392936899477725,23.096499507380617,31.95488589962691,39.57513191682278,22.341102039801893,32.94880812964828,40.70917328559877,24.26509812655408,-43.71733080722909,-291.0967741935484,24.98726575888816,-49.94996457364992,-291.48722286061883,24.2650986127358,-43.71733163449504,-291.0967759041823,13.310576728245094,-4.602544019209148,-45.29050526061206,-0.5006111981098423,-0.4603023915412916,-1.487848406462764
4.7,0.007278980522056722,-0.0098484592981124,-0.02481000962967106,-0.67392310816869,0.8353853294207291,-0.5453579405363533,0.002899050909280141,0.0027382256237890312,0.0031677827073321235,23.096499507380617,31.95488589962691,39.57513191682278,22.718278525201757,32.47129800297165,41.027689827527375,24.26509812655408,-43.71733080722909,-291.0967741935484,27.53496528703032,-48.536282613990174,-291.7918104473354,24.2650986127358,-43.71733163449504,-291.0967759041823,-2.796424813123239,12.638653306097842,-50.91203195606569,-0.7825458432267809,-0.1636571969136499,-1.5787251668433904
4.71,0.0003406376050469895,-0.0015225474655733429,-0.03005644600895563,-0.709013184472219,0.8283346088698856,-0.5060839076174124,0.004725230347982488,0.0034557640379736165,0.0031666315944438384,23.096499507380617,31.95488589962691,39.57513191682278,23.117780262263164,31.99473527866088,41.32597638371588,24.26509812655408,-43.71733080722909,-291.0967741935484,30.008007650246952,-47.015412498327514,-292.09482443234066,24.2650986127358,-43.71733163449504,-291.0967759041823,-10.600531399354011,26.321337428322753,-59.0748127914914,-0.9188862487710576,0.05775580144105828,-1.7062529065918395
4.72,0.020469315463224058,-0.02096081270690553,-0.01666927938250362,-0.732131963257837,0.806495557300424,-0.45686494235270486,0.002224216524930535,0.003161755133270775,0.0028744479293858283,24.664244414469145,30.37227464383605,40.61699049499833,23.534170886573314,31.526694033183286,41.598309282464626,32.568624136111104,-37.937906134639555,-292.43548387096774,32.36318697802504,-45.40556918458667,-292.3938171912445,32.56862478408536,-37.93790685776119,-292.4354855697525,24.452854163676964,-10.348116114018003,-39.28203123929319,0.3333107066056625,-1.3246023908638942,-0.9944353426684291
4.73,0.012699160205821014,-0.012772492726181528,-0.021149858519829867,-0.8050470865519516,0.8234647935202127,-0.4377416541030397,0.0023085246246692757,0.002787355552971731,0.00316476003641935,24.664244414469145,30.37227464383605,40.61699049499833,23.983061283520108,31.056878786996233,41.853727919054386,32.568624136111104,-37.937906134639555,-292.43548387096774,34.66248898471254,-43.65546350501432,-292.70904193934246,32.56862478408536,-37.93790685776119,-292.4354855697525,3.930579682353224,5.361456506541095,-42.73576733357578,-0.7158678319226457,-0.2883200231379099,-1.4138020451259208
4.74,0.004400886269215198,-0.0045410026296845984,-0.0253750307087931,-0.8473798359947251,0.8204315248730446,-0.4086415227120225,0.004053955238013241,0.0030558485610820236,0.003164014398787507,24.664244414469145,30.37227464383605,40.61699049499833,24.460848196421203,30.585512083980582,42.094091582452414,32.568624136111104,-37.937906134639555,-292.43548387096774,36.9105540909618,-41.778535073729486,-293.03360431359715,32.56862478408536,-37.93790685776119,-292.4354855697525,-10.25801129449451,21.72591281593754,-49.58704565960932,-0.9507309906088995,-0.019237647991683395,-1.5223627090979
4.75,-0.004252143569343225,0.0035846619158398374,-0.02926042898086567,-0.8778905399651826,0.8041281525317707,-0.3708791519661084,0.0040931067606986326,0.0031296666423773073,0.003163092924233119,24.664244414469145,30.37227464383605,40.61699049499833,24.95828676579735,30.120968194615827,42.31449994445344,32.568624136111104,-37.937906134639555,-292.43548387096774,39.06469419949105,-39.807703375958866,-293.3595954342604,32.56862478408536,-37.93790685776119,-292.4354855697525,-21.994658634942205,36.28614427542758,-55.73165699713387,-1.1801803425481898,0.24094586751978497,-1.6176421675361348
4.76,0.019450936214042425,-0.015239842884825716,-0.020388130009815875,-0.8804173377119403,0.7638484745929208,-0.32639305589054335,0.0022283955152747714,0.0028365715071243906,0.003096554122388004,26.527674844532612,28.844302822630258,41.3240734130487,25.464483769289203,29.673389762964277,42.51091824009674,39.538786846884896,-30.60529912738319,-293.7741935483871,41.08043227097991,-37.7862755776194,-293.6815330889709,39.53878762668101,-30.605299718522893,-293.7741952355637,16.707251749135377,-2.2922112072100167,-39.85809212690683,0.331734203226017,-1.2989315172424296,-1.0455094693724791
4.77,0.010226416018664086,-0.007531058964624471,-0.023541184542729465,-0.9464503384314797,0.770653756996521,-0.3032946132966302,0.0024079345208578165,0.002769341118024125,0.003161574981483558,26.527674844532612,28.844302822630258,41.3240734130487,25.996212928244116,29.23167868724821,42.69009068283076,39.538786846884896,-30.60529912738319,-293.7741935483871,43.01439928691066,-35.65272941568353,-294.0163469014131,39.53878762668101,-30.605299718522893,-293.7741952355637,-6.311988958401885,14.814212761533689,-43.98197531024153,-0.9335801890490908,-0.1409184528876715,-1.4007572023293096
4.78,0.0005542158247557882,0.0001238095622551061,-0.02639938833134703,-0.9829057624009556,0.7596227797805671,-0.2706297863306393,0.004752925264997592,0.0035908768091336583,0.003160902231531224,26.527674844532612,28.844302822630258,41.3240734130487,26.552415206242383,28.79378384870081,42.85194746534814,39.538786846884896,-30.60529912738319,-293.7741935483871,44.87180902473715,-33.40485533958387,-294.3581257690834,39.53878762668101,-30.605299718522893,-293.7741952355637,-15.958286227411728,26.06879838008485,-48.43744693792261,-1.0940382307849175,0.041046058135424675,-1.4680967642157068
4.79,-0.009401245524827129,0.007592300748549108,-0.028900158700948975,-0.9998480570688771,0.7327141664200644,-0.23245518454311848,0.002837333635649946,0.0024851487355934416,0.0031601667062786986,26.527674844532612,28.844302822630258,41.3240734130487,27.12357398048779,28.367553459511864,42.993014813463446,39.538786846884896,-30.60529912738319,-293.7741935483871,46.617187863896774,-31.07864072076329,-294.70090951028106,39.53878762668101,-30.605299718522893,-293.7741952355637,-43.27102727427525,49.880733431822634,-52.69696115904571,-1.5885500971600777,0.45932358715414073,-1.5315025343392512
4.8,0.017065201996352364,-0.0095734293224361,-0.024547035232605152,-0.9852055361191379,0.6805274602925662,-0.1905914862069605,0.0022475690442877953,0.002734934502020314,0.0031594233027690136,28.613109894133448,27.456372249855985,41.69358389334258,27.69256924264466,27.965631944363142,43.1108301533907,44.89022697853704,-22.01970757788181,-295.11290322580646,48.20499997982618,-28.745951113987935,-295.03662984213184,44.89022785490553,-22.01970801352696,-295.1129049021031,7.532534137251476,6.919383001976069,-43.018741488074575,0.1798461282472504,-1.1259904891072066,-1.177180044857014
4.81,0.006850908427731617,-0.002748395392156211,-0.026284797062849807,-1.0405636562192544,0.6788524871625357,-0.15830002916776376,0.0030852982158317815,0.0034487379327532318,0.0031588952982176182,28.613109894133448,27.456372249855985,41.69358389334258,28.280404193905422,27.575013001425685,43.20845533154961,44.89022697853704,-22.01970757788181,-295.11290322580646,49.68460872454951,-26.3200462566567,-295.38146273221713,44.89022785490553,-22.01970801352696,-295.1129049021031,-13.443199759253588,19.87379716724443,-45.16445601394394,-1.0689451908612144,-0.08705230132127247,-1.3836579189894866
4.82,-0.0037395197519086154,0.003958088897200562,-0.02766657822000218,-1.0722875824913392,0.6618017411672854,-0.12141816900147298,0.0042453486806257905,0.003167204747606861,0.0031583408678355204,28.613109894133448,27.456372249855985,41.69358389334258,28.88892092903668,27.191824768538684,43.28550084964546,44.89022697853704,-22.01970757788181,-295.11290322580646,51.06558531482503,-23.785483460137474,-295.7309783706063,44.89022785490553,-22.01970801352696,-295.1129049021031,-24.46271534271137,32.21473832413204,-47.36446215485801,-1.2865960217756596,0.13418240046001928,-1.4120357551027842
4.83,-0.014482488701917096,0.010391056367537066,-0.028664952225332052,-1.0697246605904596,0.6245967966587449,-0.0818393715342977,0.002853171090133909,0.0023250032817256324,0.003157803840794951,28.613109894133448,27.456372249855985,41.69358389334258,29.50408083873357,26.825506248384066,43.34042400550491,44.89022697853704,-22.01970757788181,-295.11290322580646,52.315221917791874,-21.200643343855866,-296.0778406352674,44.89022785490553,-22.01970801352696,-295.1129049021031,-53.98188454437967,55.2275932615217,-48.93990218655093,-1.775813704856499,0.510857289650213,-1.4286851412928967
4.84,0.013746526891280753,-0.00404476897322914,-0.028628718501525152,-1.04603496442411,0.5666110741964512,-0.042045387360428746,0.0022928611334728276,0.0033066060903809103,0.0031573246340192178,30.83641690507811,26.28879804694773,41.72996498975639,30.10941047850997,26.487882028705375,43.37244926570977,48.40385594331022,-12.532626612936005,-296.4516129032258,53.39755208988002,-18.638892750498023,-296.4184142950795,48.40385687759783,-12.5326268746539,-296.4516145696007,-1.7487575107638573,14.349897983012537,-46.33321871639015,-0.03861058023505097,-0.9327179318473873,-1.3244043197666238
4.85,0.0029903798154999883,0.0016040775989361045,-0.0288238415117944,-1.091750110991949,0.558744449143527,-0.0009643006678903112,0.004474156702807213,0.0037093936826847126,0.003156894071558735,30.83641690507811,26.28879804694773,41.72996498975639,30.727825619877127,26.164981578754173,43.38127204856126,48.40385594331022,-12.532626612936005,-296.4516129032258,54.352324609348464,-15.997308151065665,-296.76427986928064,48.40385687759783,-12.5326268746539,-296.4516145696007,-15.5290839173873,22.676480668088466,-45.78266814495731,-1.1209510143698678,-0.06677007043366269,-1.3536745943623518
4.86,-0.008075789356011276,0.007062848908252317,-0.028612150502888345,-1.1133260998284493,0.5325903070686469,0.03929890762549941,0.002977285884477373,0.0025895852915484227,0.003156535530644433,30.83641690507811,26.28879804694773,41.72996498975639,31.36287448674886,25.8538171890654,43.36683217059491,48.40385594331022,-12.532626612936005,-296.4516129032258,55.18786325924521,-13.256852473679901,-297.1141443695939,48.40385687759783,-12.5326268746539,-296.4516145696007,-41.2450655533424,39.99353081116931,-44.84857210550796,-1.6136541316388655,0.2370295337095248,-1.3252534673653522
4.87,-0.019126767439333725,0.012160137331695409,-0.027994801347510867,-1.095234386190109,0.4884134951500407,0.07976356851165459,0.002954059030783966,0.0022817375652808706,0.003156238665521005,30.83641690507811,26.28879804694773,41.72996498975639,31.994888822829168,25.56439315817704,43.32915414886444,48.40385594331022,-12.532626612936005,-296.4516129032258,55.87621316911662,-10.501004781719004,-297.4573203481794,48.40385687759783,-12.5326268746539,-296.4516145696007,-60.45383563576313,54.95112374908486,-43.40648116585151,-1.896678043473162,0.4664341199760694,-1.2915801478511768
4.88,0.009745684851485081,0.0014191739819465199,-0.03197257859902136,-1.06199073558381,0.4289756009447557,0.11749666150076482,0.0024477361737045935,0.003869909674783608,0.003156019305465438,33.10867200245259,25.411700762179535,41.44437425927077,32.611725644633,25.305679038023545,43.269211194817856,49.93582535855264,-2.532458441935658,-297.7903225806451,56.39669027918414,-7.788865363976724,-297.79542285838227,49.93582631060621,-2.5324585171777705,-297.7903242379092,-10.002843932797102,18.75430403958183,-47.85183197173558,-0.20164426126131754,-0.7790133097023646,-1.4438405354061814
4.89,-0.0011274237887778371,0.005637726820238442,-0.030533274606886707,-1.1017144329472857,0.41060431628406424,0.16398395640118266,0.004706107612631054,0.0029279622624630262,0.003155825450439448,33.10867200245259,25.411700762179535,41.44437425927077,33.2365453039174,25.065336879877954,43.18416258434529,49.93582535855264,-2.532458441935658,-297.7903225806451,56.7748578760056,-5.012653059992382,-298.1369497524278,49.93582631060621,-2.5324585171777705,-297.7903242379092,-19.578113066133866,28.690825101336383,-45.16400078572222,-1.2100950267989334,0.004196528376150689,-1.299123813781671
4.9,-0.012212605711420688,0.009549699934067513,-0.028660630075892146,-1.105901489726811,0.37373250566401517,0.20636370693443817,0.002810088325176226,0.002365194892519298,0.003155722316822135,33.10867200245259,25.411700762179535,41.44437425927077,33.87165629659347,24.843376392150745,43.074445167203024,49.93582535855264,-2.532458441935658,-297.7903225806451,57.01263694232103,-2.163860675933306,-298.4836474609177,49.93582631060621,-2.5324585171777705,-297.7903242379092,-50.22541113403177,42.63722304705653,-40.349511302027345,-1.7360120825798055,0.2276813901444291,-1.2051081314643963
4.91,-0.023136222601269907,0.013031640158315427,-0.026375920652683016,-1.0794389601565724,0.32556418412675436,0.2457204222996374,0.0031783346899680936,0.0022648610100256187,0.0031556894534857625,33.10867200245259,25.411700762179535,41.44437425927077,34.49593148553664,24.646698728795158,42.94131554565237,49.93582535855264,-2.532458441935658,-297.7903225806451,57.09599609777862,0.6688832584867563,-298.82169176021006,49.93582631060621,-2.5324585171777705,-297.7903242379092,-61.89025845163483,50.41805156907294,-35.784181438620955,-1.9261680748890622,0.34350224398099427,-1.1167792850159173
4.92,0.0052840863940200045,0.006717438799529019,-0.034007782738427195,-1.035046506871507,0.2683819429006077,0.28047217747741043,0.0037113813189738653,0.0027368654209907594,0.00315571081758427,35.34257820501509,24.881088576978325,40.85518019482604,35.09971943016346,24.48090440019521,42.78725148044496,49.42341621640558,7.571388875228766,-299.1290322580645,57.01933124360524,3.4359904885063806,-299.1525988051332,49.42341714644567,7.571388992251046,-299.12903390651087,-13.171611464239433,27.42421423322134,-48.26409393022593,-0.2377453281549014,-0.44651333057283893,-1.5602959252471218
4.93,-0.00530316832289579,0.009212353869161971,-0.030931906132867004,-1.069498682024941,0.23088263065143563,0.32769907683073124,0.0037422003138338255,0.002395371258532931,0.003155815573510982,35.34257820501509,24.881088576978325,40.85518019482604,35.70775328072071,24.34027735974272,42.60842209264946,49.42341621640558,7.571388875228766,-299.1290322580645,56.7859936975441,6.243776795125781,-299.49354825491406,49.42341714644567,7.571388992251046,-299.12903390651087,-28.381672239268614,34.59223585488277,-41.84956493907627,-1.3828220487228724,0.05216045681459648,-1.1948411269159955
4.94,-0.015953501460104214,0.011283434019619343,-0.02741635844956647,-1.0559620470233195,0.18713798368351378,0.37047506575825606,0.002883201102886461,0.002302951124784555,0.00315598569826019,35.34257820501509,24.881088576978325,40.85518019482604,36.3169858709481,24.224137874883468,42.404567278178945,49.42341621640558,7.571388875228766,-299.1290322580645,56.3976496782754,9.083254539386676,-299.83804413296184,49.42341714644567,7.571388992251046,-299.12903390651087,-53.699614035666634,40.0949595087349,-33.37201865092182,-1.7836220223249362,0.1289028291743492,-1.0413746939980366
4.95,-0.026336465555239275,0.012891622269745218,-0.023505780890163308,-1.021863677739786,0.13854499485095853,0.4067505955714001,0.0031783346899680936,0.0022689051587575972,0.003156185939989159,35.34257820501509,24.881088576978325,40.85518019482604,36.909841556940854,24.134804766371285,42.17847055416421,49.42341621640558,7.571388875228766,-299.1290322580645,55.85872357896387,11.880028578117374,-300.17212819979545,49.42341714644567,7.571388992251046,-299.12903390651087,-64.77319393240133,42.38766905705984,-25.38896507743498,-1.9649339915666246,0.15360900543660644,-0.8957607571959941
4.96,0.0006542936279321232,0.011468668288361628,-0.03438144389320452,-0.9678436607191803,0.08731313357015526,0.4371628293903598,0.004750341191942387,0.0023001678922536023,0.0031563933378941427,37.458522168855566,24.73627985127445,39.989262295243776,37.47708411220401,24.074475123182392,41.93377179315635,46.887606607354066,17.365262642240907,-300.46774193548384,55.17700463945829,14.587417469425048,-300.4936228857101,46.88760747776472,17.365262949696884,-300.46774357467416,-14.795424960156707,34.60654659446417,-46.06563001642149,-0.2546695991736819,-0.11421528402294158,-1.6082745537155543
4.97,-0.009207990555922807,0.01205545386203316,-0.02974607516637917,-0.9884861889504302,0.03594963330516657,0.4833843204533114,0.0028494551991801982,0.0022871499685398105,0.003156777427614889,37.458522168855566,24.73627985127445,39.989262295243776,38.04265478816841,24.043770599701464,41.66564383937832,46.887606607354066,17.365262642240907,-300.46774193548384,54.33467441286149,17.302367464832514,-300.82570064493626,46.88760747776472,17.365262949696884,-300.46774357467416,-40.26423981955602,35.5104244722459,-34.82974783746808,-1.5617383671327583,0.009012508500231196,-1.0319188263304226
4.98,-0.018975535867534865,0.012151241310923433,-0.02468817065921547,-0.9640529968928484,-0.011801625219029738,0.522861603028753,0.0029499632303197102,0.002286158053351015,0.0031571710899457846,37.458522168855566,24.73627985127445,39.989262295243776,38.60077542208983,24.0410103994461,41.373633520932614,46.887606607354066,17.365262642240907,-300.46774193548384,53.33576339907302,20.006264554541584,-301.15757979843625,46.88760747776472,17.365262949696884,-300.46774357467416,-54.93400427120708,34.19343169121192,-23.902914953053887,-1.7831080599231774,-0.029238570567959022,-0.8379629059549207
4.99,-0.028412880986951383,0.011775190217891918,-0.019285912710675146,-0.924333780314458,-0.05828029025083594,0.5534565014603852,0.0031783346899680936,0.002296014472305874,0.002921795433810744,37.458522168855566,24.73627985127445,39.989262295243776,39.13912771759787,24.06520450485548,41.06239131404408,46.887606607354066,17.365262642240907,-300.46774193548384,52.20004202064717,22.643385698997708,-301.47826609821686,46.88760747776472,17.365262949696884,-300.46774357467416,-65.0889205125176,31.522984531437594,-14.455673934450408,-1.9478697023904314,-0.08738489284244359,-0.6716905977595277
5.0,-0.003647403300521823,0.015530012989701913,-0.03290764828914117,-0.8645988056250465,-0.10100054495569047,0.5775030302515063,0.004270351209093048,0.0022384547033998973,0.003157815329533193,39.38914553608942,24.998448122661333,38.88367471602111,39.648180378529965,24.114909909341474,40.73570383075398,42.43221287473754,26.448200516348138,-301.80645161290323,50.94556323608608,25.169958131096454,-301.78004445037595,42.43221365167993,26.448201004146,-301.80645324172525,-19.122937868822007,37.348351370517676,-40.24331550021956,-0.37667412054334376,0.12405073707400253,-1.5993133621197924
5.01,-0.012385048481343586,0.01416677506654701,-0.02688618811762533,-0.8690492802220513,-0.16206298138395572,0.6199979207496793,0.002812374696347259,0.002255087409249679,0.0031583957602582475,39.38914553608942,24.998448122661333,38.88367471602111,40.14843086323934,24.196346977130883,40.388407250459984,42.43221287473754,26.448200516348138,-301.80645161290323,49.53782640993255,27.6631913739591,-302.08943153125387,42.43221365167993,26.448201004146,-301.80645324172525,-43.13956708905571,32.776334603103805,-25.895319501510645,-1.5643719528536233,-0.09739437855486566,-0.8430492680193726
5.02,-0.020931610064311323,0.012261445747794086,-0.020502338743851878,-0.8405447984432364,-0.21270509959886372,0.6518075696419674,0.0031781351739207818,0.002289699332480729,0.0031201431625285407,39.38914553608942,24.998448122661333,38.88367471602111,40.63642023795421,24.308376969665407,40.02088089039342,42.43221287473754,26.448200516348138,-301.80645161290323,47.98203043707175,30.10944543983943,-302.400287760159,42.43221365167993,26.448201004146,-301.80645324172525,-51.4270070232086,25.862619103121094,-13.113304826318148,-1.6720123868106034,-0.23109204532614763,-0.62397145368798
5.03,-0.029121608038294555,0.00989257387923781,-0.013851675030003618,-0.798357738261255,-0.2552625892392023,0.6744336999093311,0.0031764773995463834,0.002383156384107868,0.002805095779065709,39.38914553608942,24.998448122661333,38.88367471602111,41.10313306772925,24.446485263809862,39.63857935048995,42.43221287473754,26.448200516348138,-301.80645161290323,46.309740923378534,32.4681944075708,-302.70048836846155,42.43221365167993,26.448201004146,-301.80645324172525,-63.42397435761039,18.421203918125347,-0.04972530537040184,-1.8898379706613548,-0.3683012739745195,-0.3883560338463659
5.04,-0.007248612168567425,0.01886975387918416,-0.029665816416535762,-0.7386793006472904,-0.2883467099430414,0.6856743622285628,0.0031228132344972345,0.002218276954892975,0.003159428648164285,41.08174006450399,25.669937556269307,37.587043352791504,41.53971469193706,24.605926164208817,39.24713197233029,36.239639361456014,34.44834595378431,-303.14516129032256,44.55366398806488,34.698955350088355,-302.9798754985959,36.23964001617068,34.4483466033935,-303.1451629073295,-28.00801095301907,38.243602089722664,-31.27894737137636,-0.6581757337944141,0.3344917598211405,-1.530587958290073
5.05,-0.01464421740834021,0.015577059644713565,-0.02259714262231749,-0.732143976360256,-0.35767246804627184,0.7207390362971724,0.0028483052867216445,0.0022445198252070662,0.003160047227463954,41.08174006450399,25.669937556269307,37.587043352791504,41.96260825745656,24.798262892412932,38.84031575267374,36.239639361456014,34.44834595378431,-303.14516129032256,42.660841506000814,36.85825615019851,-303.2679142798727,36.23964001617068,34.4483466033935,-303.1451629073295,-43.388696813327606,28.027543469727476,-15.52486058081597,-1.5335134697627257,-0.23660306105170759,-0.6376078503939419
5.06,-0.021813474585739123,0.011705683090771912,-0.015257049530436495,-0.7030393271217316,-0.4091906040165508,0.7432843733185525,0.003172946762895315,0.0023105100431962834,0.002836208021195592,41.08174006450399,25.669937556269307,37.587043352791504,42.371645632490015,25.022948957300027,38.41853066666463,36.239639361456014,34.44834595378431,-303.14516129032256,40.63424178375428,38.94379173899643,-303.56260574783096,36.23964001617068,34.4483466033935,-303.1451629073295,-50.03081040275219,16.52028582201144,-1.7397489743025853,-1.6403793342838513,-0.4463982971435131,-0.39651173711213367
5.07,-0.028629964444436107,0.0073954526616870075,-0.007759216769594013,-0.6618528140991236,-0.44669530230051757,0.7530818640063078,0.0031715153555325537,0.002804401602445641,0.002761942397009119,41.08174006450399,25.669937556269307,37.587043352791504,42.75975522608078,25.271973847707002,37.98845223383306,36.239639361456014,34.44834595378431,-303.14516129032256,38.51829954377657,40.92529565894945,-303.84969083250473,36.23964001617068,34.4483466033935,-303.1451629073295,-60.39571687012667,4.515222224801529,15.222341732136144,-1.805359666664948,-0.6598359960189125,-0.10504642374134328
5.08,-0.010229341705357164,0.02135363618053393,-0.025139305024570402,-0.6065906715516736,-0.4724119471855955,0.7511451633066168,0.002787388612726171,0.002217887693891799,0.0031606212134930615,42.49843485760588,26.734100286424834,36.1599790772276,43.119491945796746,25.53841590198097,37.55700836942065,28.563410754739678,41.03817206036378,-304.48387096774195,36.35520258104164,42.768747950014394,-304.11935961585203,28.563411264407097,41.03817284527349,-304.48387257165666,-33.43932522334709,36.70660864489959,-21.228467734568998,-0.8554271347465456,0.40934014263194013,-1.3744702100040387
5.09,-0.016263817083795207,0.01618294618825289,-0.017468796215836968,-0.5949389078103086,-0.5467817729867451,0.7766032873800461,0.002873218887937029,0.0022445336383924578,0.002884782182555979,42.49843485760588,26.734100286424834,36.1599790772276,43.464230363161796,25.838548860563524,37.116271322513605,28.563410754739678,41.03817206036378,-304.48387096774195,34.07283190473548,44.515423314259124,-304.40303612849334,28.563411264407097,41.03817284527349,-304.48387257165666,-42.85427571450691,21.827032699850623,-6.000751850219173,-1.4911777526057453,-0.39933360224367254,-0.45789475410778846
5.1,-0.02206155928136122,0.010426139416084557,-0.009629910204500436,-0.5665317246057125,-0.5965042810032645,0.787547015664264,0.003168425947533327,0.002374596183274387,0.0027352757799961455,42.49843485760588,26.734100286424834,36.1599790772276,43.79474324562444,26.17112880175879,36.66659475248643,28.563410754739678,41.03817206036378,-304.48387096774195,31.6752284754129,46.16795838408861,-304.6979233131178,28.563411264407097,41.03817284527349,-304.48387257165666,-48.22314586955198,5.908276242256167,11.116245999600048,-1.576016819350874,-0.6831799350757505,-0.16256124825749868
5.11,-0.027527340941774336,0.0042735382675781475,-0.0017614627781679104,-0.5283758843731049,-0.628476418625194,0.7847140123026999,0.0031672782479536046,0.004017622668241658,0.0034764679796602397,42.49843485760588,26.734100286424834,36.1599790772276,44.105652581618365,26.52540246442298,36.21598670003398,28.563410754739678,41.03817206036378,-304.48387096774195,29.218018313027965,47.70491836138737,-304.98937426986737,28.563411264407097,41.03817284527349,-304.48387257165666,-56.57583289079404,-5.575413988634844,25.402121145059397,-1.7075135658050558,-0.8752252116858752,0.06972756096257769
5.12,-0.013067459647077562,0.022666458648693544,-0.01991874124748849,-0.47989067628028503,-0.6518328318749664,0.7691295527581297,0.0028021597301667554,0.0022214376354813795,0.002984413515103374,43.61471841603768,28.155657096675057,34.673901671371,44.39102761946688,26.89506360901213,35.770784360466756,19.717792755666043,45.947890581011485,-305.8225806451613,26.73897996416539,49.09910665053879,-305.27129411701065,19.717793103769278,45.94789146783725,-305.82258223535047,-35.59266037444701,32.66703813931714,-12.292177886234095,-0.9495687975897493,0.3767373929932385,-1.3143061067685438
5.13,-0.017801354956869297,0.01569806934674317,-0.01211021838825399,-0.46372667169115916,-0.7257713781302425,0.785725605103526,0.002900195751386149,0.0022563774512601,0.0027710042505746284,43.61471841603768,28.155657096675057,34.673901671371,44.661083409431626,27.298121590465463,35.32271337458261,19.717792755666043,45.947890581011485,-305.8225806451613,24.159255219540768,50.377245933420575,-305.57247799737735,19.717793103769278,45.94789146783725,-305.82258223535047,-42.664636429077866,13.538553504437111,4.875322018924911,-1.4554363690236802,-0.5952146830357224,-0.26724677662621504
5.14,-0.02228736543668286,0.008179376420972384,-0.00424514243819385,-0.4357109880019624,-0.769693340424828,0.7849644843405984,0.003164707005021728,0.0026795839023200435,0.00312060436194094,43.61471841603768,28.155657096675057,34.673901671371,44.91647209498931,27.73129427734303,34.87219621754611,19.717792755666043,45.947890581011485,-305.8225806451613,21.488331637903162,51.544779538656144,-305.8864427770096,19.717793103769278,45.94789146783725,-305.82258223535047,-46.37974931678552,-5.048126698794048,21.267179724106818,-1.5119333984390317,-0.9170436520488435,0.0041260046703591145
5.15,-0.026453650342442292,0.00032451063578475825,0.0035499545657012854,-0.3998227080716363,-0.7973501700562954,0.7730757149882961,0.0031637945279760927,0.004746612999862278,0.0031626295568192575,43.61471841603768,28.155657096675057,34.673901671371,45.15308317245576,28.18288542713196,34.42633805115472,19.717792755666043,45.947890581011485,-305.8225806451613,18.78119894603479,52.5893321284466,-306.1989289524384,19.717793103769278,45.94789146783725,-305.82258223535047,-53.322872777933924,-13.522336651464466,35.70297249498419,-1.6231105769549317,-1.0629106591844322,0.2602537226461387
5.16,-0.01622416495555279,0.022372119053034323,-0.014479779069072496,-0.3584097695965967,-0.8130226408663471,0.7368728385594433,0.0028625320332534305,0.0022247745902848844,0.00281872607024596,44.41712260401602,29.88184660701201,33.20802471955318,45.367238085175885,28.64738967676344,33.995128122660915,10.064926004432994,48.97649706262472,-307.1612903225806,16.083992070603017,53.48583622827735,-306.5132618126117,10.06492618068429,48.976498012721905,-307.1612918993113,-37.970963568376675,25.833830908039285,-2.9342798880019343,-1.0525273395751185,0.37649711453867885,-1.2763973071631936
5.17,-0.019703097190319596,0.01381295435087071,-0.00703847643538702,-0.33627922803482596,-0.8815379781641652,0.7446137924804057,0.0029562842506923757,0.0022916917713872082,0.002801856818469938,44.41712260401602,29.88184660701201,33.20802471955318,45.56513166112022,29.14119379239605,33.568657385026924,10.064926004432994,48.97649706262472,-307.1612903225806,13.31663227717175,54.24984487652201,-306.8479619533085,10.06492618068429,48.976498012721905,-307.1612918993113,-42.67296325001504,3.319557381095316,14.534460031756076,-1.4211597449200328,-0.817308420688924,-0.11348050581410733
5.18,-0.02290934704885672,0.004788371445821338,0.00037164945631507074,-0.30687849105437864,-0.9163782083244677,0.7368970726167261,0.0031616512187909365,0.003909517434861123,0.0036093033583890835,44.41712260401602,29.88184660701201,33.20802471955318,45.74712530352739,29.660155148354143,33.144584149492864,10.064926004432994,48.97649706262472,-307.1612903225806,10.482365060160776,54.89226483659932,-307.1915278441158,10.06492618068429,48.976498012721905,-307.1612918993113,-44.844739835563736,-12.100104493802682,26.311514865507274,-1.455000098820594,-1.067400533355795,0.07899770927290944
5.19,-0.025791114940041382,-0.004513622117928939,0.007632041540002521,-0.27248671934181534,-0.939724884950961,0.7130178453840774,0.0031609394058960726,0.004008607291777149,0.002483814221936901,44.41712260401602,29.88184660701201,33.20802471955318,45.91024982927867,30.194370774516972,32.73011467512018,10.064926004432994,48.97649706262472,-307.1612903225806,7.631148229524831,55.403281915718566,-307.53594987724466,10.06492618068429,48.976498012721905,-307.1612918993113,-50.88919494385295,-25.772680310594392,49.36563015795378,-1.549590188615824,-1.3336760107185173,0.48521688105005856
5.2,-0.019860779160969066,0.02035693363034019,-0.009276525520570789,-0.23298124504857892,-0.9330569244470341,0.6658514037640322,0.00297304760325651,0.002226274241036479,0.0027357367046197912,44.90087678538442,31.844766997922733,31.84476699792274,46.052082735493,30.732655373408722,32.33786951501841,3.6739403974420595e-14,50.0,-308.5,4.833376954506746,55.76899576160626,-307.88177751038137,1.4651189813714214e-14,50.00000097138312,-308.50000156437267,-40.315945339776995,16.793142588511316,6.118212937257028,-1.166304257912332,0.309238888730172,-1.1311339767736643
5.21,-0.02205558378041761,0.010642768127359314,-0.0025930506709137546,-0.20660893494955793,-0.9919913822978264,0.6656749654099445,0.003159699901911269,0.002381917510133422,0.003484517736633253,44.90087678538442,31.844766997922733,31.84476699792274,46.17622477640932,31.292010049892188,31.955241694723885,3.6739403974420595e-14,50.0,-308.5,1.9984910298213483,55.99717612533094,-308.24034474853863,1.4651189813714214e-14,50.00000097138312,-308.50000156437267,-40.84230365260473,-7.267289051170866,19.513443034514786,-1.359787653078386,-1.0302740278152496,-0.05427106917065016
5.22,-0.023939465311463293,0.0005637258113867505,0.004005416650420868,-0.17308356384519777,-1.019787680467694,0.652949234231636,0.0031591321041632052,0.004752706513576265,0.0031636156180254007,44.90087678538442,31.844766997922733,31.84476699792274,46.282227057379124,31.87103215427678,31.577994157590112,3.6739403974420595e-14,50.0,-308.5,-0.883796150939742,56.09439465318699,-308.60167742037123,1.4651189813714214e-14,50.00000097138312,-308.50000156437267,-44.1193580159023,-17.389583969147772,32.487538639769404,-1.4098784812843221,-1.1971945458434443,0.17554381798122617
5.23,-0.02547786232714455,-0.009718241320924581,0.010365402345473562,-0.13739564312953378,-1.0286816787124298,0.6189103156994082,0.003158574669598414,0.002822506931606258,0.0023258193883604525,44.90087678538442,31.844766997922733,31.84476699792274,46.36830133282254,32.46042950238749,31.215663909122522,3.6739403974420595e-14,50.0,-308.5,-3.758225093090807,56.05187782630179,-308.9651494892266,1.4651189813714214e-14,50.00000097138312,-308.50000156437267,-46.802551913983926,-46.04324441025048,56.456084204704126,-1.4438926259506686,-1.7079634305349016,0.573258469165541
5.24,-0.023717058789269774,0.017121130457846134,-0.004317391619253708,-0.09799162525620271,-1.0048367732464962,0.567515229522977,0.0031580157413255367,0.002247070835978991,0.0032510762796765244,45.0681347044826,33.965218133719134,30.664319678291154,46.43248065472846,33.042548515583114,30.878980343931715,-10.064926004432923,48.97649706262474,-309.83870967741933,-6.540267088781284,55.873765012122895,-309.32161727388126,-10.0649261795906,48.97649801203212,-309.8387112309897,-41.41301226884052,6.869480740437528,13.177694810925123,-1.2464496388550037,0.11793332715462906,-0.961284876863964
5.25,-0.024509500814166363,0.006761782271606398,0.0013535238917280479,-0.06264797478803646,-1.0507855698264712,0.5628752507852994,0.0031575651154263024,0.0031170948159796753,0.0037338561465323494,45.0681347044826,33.965218133719134,30.664319678291154,46.47579943867037,33.63815280151785,30.55459072052108,-10.064926004432923,48.97649706262474,-309.83870967741933,-9.334447461940671,55.55076420120547,-309.68237433144424,-10.0649261795906,48.97649801203212,-309.8387112309897,-41.388284063215565,-13.915095397746853,22.900306347321308,-1.333194703890669,-1.1461984515455743,-0.02091873111731189
5.26,-0.02493237849009633,-0.0038836709462090058,0.006881189302500146,-0.025897197888971712,-1.074127558383886,0.5412895122911247,0.003157147601918685,0.004204412670575907,0.0026157327138718505,45.0681347044826,33.965218133719134,30.664319678291154,46.497930399715464,34.249347168548674,30.239235824472065,-10.064926004432923,48.97649706262474,-309.83870967741933,-12.158550900123519,55.08239468474843,-310.04389078949674,-10.0649261795906,48.97649801203212,-309.8387112309897,-42.717736717307446,-25.74057863243669,39.49369499860961,-1.3462113231223687,-1.377424638477577,0.2706660915728374
5.27,-0.024983038805841407,-0.014598054733376498,0.012087531649127348,0.012438800630457247,-1.0629507341177316,0.5017520091823309,0.0031567677337018124,0.0028557300784035127,0.0022833224982172083,45.0681347044826,33.965218133719134,30.664319678291154,46.49862155494853,34.862371688560884,29.943277200973068,-10.064926004432923,48.97649706262474,-309.83870967741933,-14.940736773340456,54.47435501523103,-310.4032903119094,-10.0649261795906,48.97649801203212,-309.8387112309897,-41.747389389590126,-54.71411516094865,57.066061929013514,-1.3190911473949232,-1.8525291688500525,0.5479830840192038
5.28,-0.027108184153519566,0.013214691019144298,0.0006773989116223289,0.050634958897627494,-1.030343871593531,0.4482199291700505,0.0031564459418590343,0.002301588870838819,0.003910937103195744,44.92711496974967,36.15799217585362,29.739291216779275,46.47713772865491,35.460488471878996,29.67465313995125,-19.717792755665812,45.94789058101158,-311.1774193548387,-17.60629051778778,53.741255956378154,-310.7520519136333,-19.7177930996657,45.947891466042904,-311.1774208990427,-43.27934724748905,-2.284772847992459,17.699229369084392,-1.3658698391665762,-0.11280969824255219,-0.8060796344582348
5.29,-0.026366028348454362,0.0026710275651371518,0.005116531519053336,0.09287699244680156,-1.0665336183506409,0.435522012277823,0.0031561561376051133,0.004540166844804555,0.0030482610208710913,44.92711496974967,36.15799217585362,29.739291216779275,46.43222851359307,36.066205255281396,29.421326587893688,-19.717792755665812,45.94789058101158,-311.1774193548387,-20.262084518336742,52.85740248591481,-311.10066356903667,-19.7177930996657,45.947891466042904,-311.1774208990427,-41.47792506768826,-15.696666214588495,28.347887701846076,-1.2941963659965674,-1.1851089229988405,0.0457686014169801
5.3,-0.025224083532275565,-0.008096999606609812,0.009303323580026945,0.13159673478273481,-1.0797447606148198,0.40276175090492505,0.003155951590323446,0.0029738602312857085,0.002377909229524457,44.92711496974967,36.15799217585362,29.739291216779275,46.36457888459159,36.68369466333551,29.183392791615194,-19.717792755665812,45.94789058101158,-311.1774193548387,-22.922437848042065,51.81743788468349,-311.4537857210422,-19.7177930996657,45.947891466042904,-311.1774208990427,-38.466021745942825,-41.14689129302165,43.75206103988041,-1.2280592438689466,-1.6662894539391495,0.3012505394419489
5.31,-0.023689995986401646,-0.018767110952167987,0.01310323282954029,0.1708944526218944,-1.0534302378860894,0.3597601879244519,0.0031558038415468986,0.0029449624869067716,0.0022635646565149783,44.92711496974967,36.15799217585362,29.739291216779275,46.27444369722875,37.293414550151866,28.968197762155384,-19.717792755665812,45.94789058101158,-311.1774193548387,-25.504879885942536,50.64696743002871,-311.7987484005201,-19.7177930996657,45.947891466042904,-311.1774208990427,-34.61538684631276,-59.491711563848305,53.87566355281756,-1.1547813893967647,-1.9347869679164025,0.4539227978904001
5.32,-0.029371251190906666,0.008959811003723561,0.0057838497607993755,0.2067522527403005,-1.012182421143829,0.3064566783519562,0.0031557216962103925,0.0025445594886495133,0.0029477170393209344,44.492251628328546,38.33804508437962,29.130196351614295,46.16293657870805,37.88321208448627,28.781256541991123,-28.563410754739614,41.03817206036381,-312.51612903225805,-27.95460673246525,49.365878883925866,-312.13230297116,-28.563411256111944,41.03817284166724,-312.51613056783077,-43.829643381053025,-10.250408218871208,26.065586764064296,-1.4781193457610542,-0.28608038900519744,-0.49388078455381346
5.33,-0.02705259470469734,-0.0013697421548442001,0.008702715965222818,0.25061706980881604,-1.0436988237591642,0.27589755777549707,0.003155689603846462,0.004685554944338157,0.0024333537820124956,44.492251628328546,38.33804508437962,29.130196351614295,46.02766448975328,38.476429042359285,28.6159865783278,-28.563410754739614,41.03817206036381,-312.51612903225805,-30.366458812983087,47.931588914816125,-312.4705239651533,-28.563411256111944,41.03817284166724,-312.51613056783077,-39.506491552634245,-19.506038745800417,34.93551081576875,-1.215867673817228,-1.2582809875039835,0.1116821323345984
5.34,-0.02432764606838389,-0.011829608673784908,0.011238474381835561,0.29060945100315033,-1.0399233450043934,0.23508477597116104,0.003155725951081113,0.0028052286881974278,0.002303330026595319,44.492251628328546,38.33804508437962,29.130196351614295,45.869245174655404,39.075261323741216,28.47305302906567,-28.563410754739614,41.03817206036381,-312.51612903225805,-32.74664034708491,46.34161201235528,-312.81597426486763,-28.563411256111944,41.03817284166724,-312.51613056783077,-31.940699629704994,-48.43200950224897,42.83923001678199,-1.075546597443841,-1.7524801694335541,0.23233595195740017
5.35,-0.021211586640352054,-0.02205088433750224,0.013346210814689174,0.32788319213546635,-1.0056721475625499,0.1899054899365898,0.0031558161525617884,0.0031783346899680936,0.0022603571055893447,44.492251628328546,38.33804508437962,29.130196351614295,45.68860534942287,39.658854483288785,28.354912385382978,-28.563410754739614,41.03817206036381,-312.51612903225805,-35.02036256341825,44.637333066286295,-313.1492650668477,-28.563411256111944,41.03817284166724,-312.51613056783077,-25.287872648055952,-58.98619306901277,46.712719306139356,-0.9522479829850781,-1.9225995102177742,0.2846143164832687
5.36,-0.030084756902444942,0.00460437490344856,0.010645545755014585,0.36189587986429006,-0.9550451416744947,0.14033910251276419,0.0031559458485336967,0.003978665339080598,0.002323013981499612,43.78523475702713,40.426546870127645,28.882168901958554,45.48791985751371,40.21799934835491,28.264428861774803,-36.239639361455964,34.44834595378436,-313.85483870967744,-37.14835140167086,42.843154656395726,-313.46811436478896,-36.23964000349305,34.448346597226816,-313.85484023628277,-42.576398491042326,-12.441075393099869,35.187548820756376,-1.5419832952455814,-0.31500704236901217,-0.11715511811946516
5.37,-0.026224758677315108,-0.0051365250975701215,0.011791086316713106,0.40406278910864324,-0.98114912525669,0.09292112520319837,0.003156169343056855,0.003800632576601702,0.002292081158338774,43.78523475702713,40.426546870127645,28.882168901958554,45.26442719930211,40.77707353160758,28.201536665073686,-36.239639361455964,34.44834595378436,-313.85483870967744,-39.21142360896461,40.90075702320408,-313.7970704400224,-36.23964000349305,34.448346597226816,-313.85484023628277,-33.821141102631955,-26.558871536994413,36.76249443277628,-1.073072650124907,-1.3867741932185371,0.0899849657970096
5.38,-0.021968974834655874,-0.014870945881392372,0.012468270979515084,0.44268470757812906,-0.9616898821951448,0.0474545989176652,0.0031564348563975263,0.0028617736710529916,0.002278352383304997,43.78523475702713,40.426546870127645,28.882168901958554,45.01839535868432,41.333494440681214,28.16532826246227,-36.239639361455964,34.44834595378436,-313.85483870967744,-41.20386284219552,38.81878741995169,-314.1302473599146,-36.23964000349305,34.448346597226816,-313.85484023628277,-22.971289185411027,-50.51280927326784,38.07129037837231,-0.8805633999324141,-1.7670138060748704,0.09680363183996349
5.39,-0.017352112928476937,-0.024275877136321622,0.012695937969052218,0.4765472502742935,-0.9215150025205348,0.002556896755400934,0.0028741375320510514,0.0031783346899680936,0.002274884227753227,43.78523475702713,40.426546870127645,28.882168901958554,44.751957829169946,41.86997417978748,28.154854170482675,-36.239639361455964,34.44834595378436,-313.85483870967744,-43.0698625601329,36.64416201826965,-314.44962427313783,-36.23964000349305,34.448346597226816,-313.85484023628277,-14.913336758744727,-59.86604053051499,36.935114348968405,-0.7338888753386169,-1.917172650331901,0.06473672481998115
5.4,-0.028986475452947302,0.0004768577954458175,0.014935214634961835,0.5039235605824919,-0.8645693456857506,-0.04116995633015897,0.003156974710939435,0.004754495992171371,0.0022437984059405407,42.83661463662022,42.35570557428721,29.022879089677136,44.4682403888726,42.37844396429438,28.169942103475808,-42.4322128747375,26.448200516348198,-315.19354838709677,-44.78107435766715,34.40868395336539,-314.7504107642213,-42.432213635427246,26.448200994992575,-315.19354990333443,-37.78114721770948,-13.91610674051196,38.61868876913419,-1.5656051968828641,-0.34359261074172426,0.1321354287241895
5.41,-0.02372486468371149,-0.008312542202873141,0.01418690067176498,0.542714121339696,-0.8794167898011018,-0.09998259916896199,0.003157391837341277,0.0029416346909635575,0.002253486107482073,42.83661463662022,42.35570557428721,29.022879089677136,44.16464709276194,42.88226758806774,28.216056047347177,-42.4322128747375,26.448200516348198,-315.19354838709677,-46.40038637892396,32.04623341087032,-315.062511046553,-42.432213635427246,26.448200994992575,-315.19354990333443,-24.644467772539468,-35.86932975007296,35.47417753428494,-0.8765254080172968,-1.5228039130022415,0.011780192496838815
5.42,-0.01810818504308065,-0.016969514972520083,0.012912784858501725,0.5765302611561098,-0.8512495183086424,-0.14881470731817814,0.0028930961561798403,0.002905807037376789,0.0022746970928925504,42.83661463662022,42.35570557428721,29.022879089677136,43.84092851065789,43.37653821354399,28.291816487187404,-42.4322128747375,26.448200516348198,-315.19354838709677,-47.914488026657864,29.569546066453658,-315.37740867305286,-42.432213635427246,26.448200994992575,-315.19354990333443,-13.348380649596988,-50.4479453550311,30.81722439811327,-0.6784055992656697,-1.7391948264689556,-0.0835590146944046
5.43,-0.012191771452633171,-0.025254126292302725,0.011184138096080598,0.6023883234169678,-0.8083223780413494,-0.1917436458509613,0.0027676949972794554,0.003176863769213452,0.002316432456368778,42.83661463662022,42.35570557428721,29.022879089677136,43.50052100048612,43.848682352495224,28.393287366728252,-42.4322128747375,26.448200516348198,-315.19354838709677,-49.28994123493827,27.027123588162606,-315.67930185825276,-42.432213635427246,26.448200994992575,-315.19354990333443,-0.13455756448910716,-58.953253153517956,24.315728293907675,-0.4452364642077101,-1.8744993276542725,-0.2061502630896078
5.44,-0.02613004403728081,-0.0030823490032991785,0.018460890669491747,0.6180329913186312,-0.7500276830350682,-0.22785500689046156,0.003158367394890363,0.004385595786635873,0.002218410685097711,41.68744555413606,44.07158149332292,29.561405104056142,43.14888427016964,44.29161426242896,28.517318181491603,-46.88760660735404,17.365262642240975,-316.5322580645161,-50.50891035107035,24.463147046480277,-315.96191725637556,-46.887607459537676,17.3652629378509,-316.5322595683427,-29.97736127070276,-17.126814062922342,39.48146714054884,-1.5358666821285905,-0.44518734051943115,0.3366989780146369
5.45,-0.019757327357409205,-0.010658894939379215,0.015785009028998598,0.6510384779635652,-0.7525851239462952,-0.2952409429308846,0.002956530476629484,0.0027919146785143206,0.0022406140869529355,41.68744555413606,44.07158149332292,29.561405104056142,42.781978399521705,44.72527768234337,28.674226045667996,-46.88760660735404,17.365262642240975,-316.5322580645161,-51.609993661599425,21.803361086758734,-316.25695704276507,-46.887607459537676,17.3652629378509,-316.5322595683427,-15.358159204411878,-38.65528107832789,31.360981433798287,-0.7005325573257116,-1.5202579590297514,-0.1161754250193713
5.46,-0.013096374247897224,-0.018028656323518466,0.012545306877385198,0.676800794997841,-0.7217725368150888,-0.34569182600660536,0.0027893158541077425,0.002920213558385275,0.002288731262946074,41.68744555413606,44.07158149332292,29.561405104056142,42.39892163582296,45.14567704706313,28.862670167750924,-46.88760660735404,17.365262642240975,-316.5322580645161,-52.58193454203304,19.056219267591707,-316.557083672743,-46.887607459537676,17.3652629378509,-316.5322595683427,-0.1795500999111737,-49.358230069284836,21.22682837847878,-0.42348046340227635,-1.6891794764197705,-0.30461663644504094
5.47,-0.006242570666096348,-0.02502209813810785,0.008864369344552037,0.6904485681208968,-0.6796962746540559,-0.3847004085621125,0.0028839966813895253,0.0031721284239090925,0.002498049420472984,41.68744555413606,44.07158149332292,29.561405104056142,42.00551662947497,45.543904528891,29.075739806328894,-46.88760660735404,17.365262642240975,-316.5322580645161,-53.41105662183166,16.276870558503113,-316.84791100833473,-46.887607459537676,17.3652629378509,-316.5322595683427,15.773978813966723,-56.4800524201797,9.86443636819873,-0.14938122579518884,-1.8005625200281345,-0.5086307434204387
5.48,-0.02194677503462228,-0.00598773012015974,0.021030782279262916,0.6951976364092116,-0.6239047630243629,-0.411240369889364,0.003159592043496913,0.0034465878381706007,0.002216777662252564,40.39030249884148,45.53470806981918,30.487806917152746,41.60767607047309,45.91385502911201,29.30710393607589,-49.42341621640557,7.571388875228838,-317.8709677419355,-54.091537425765054,13.513822871806681,-317.1202189924126,-49.423417128304976,7.57138897902542,-317.8709692313657,-19.91685290188881,-22.949930318801588,38.08759592044712,-1.387839319573753,-0.6510693742265294,0.4622723051287551
5.49,-0.014840761548981507,-0.012237111165318115,0.016481549650008698,0.7208668275780064,-0.6173543085919297,-0.4840112693672782,0.002825826198714092,0.0027945796122370997,0.002239105168807202,40.39030249884148,45.53470806981918,30.487806917152746,41.199203105217364,46.27107880329177,29.571546966202614,-49.42341621640557,7.571388875228838,-317.8709677419355,-54.63469956224574,10.685016299918113,-317.40587935625507,-49.423417128304976,7.57138897902542,-317.8709692313657,-4.006195947354464,-38.6922147069432,24.910409284134488,-0.4734642319537099,-1.4843945243748269,-0.28463783979170315
5.5,-0.007546519767164361,-0.018256623866348853,0.011352692861066993,0.734558844161671,-0.5873325642479252,-0.533853523555433,0.002772437841245772,0.002916877379766907,0.002327957120574344,40.39030249884148,45.53470806981918,30.487806917152746,40.780560309403754,46.614175068714346,29.868163158889672,-49.42341621640557,7.571388875228838,-317.8709677419355,-55.03638060939515,7.797587428284793,-317.70175976530214,-49.423417128304976,7.57138897902542,-317.8709692313657,13.658905259848757,-47.500110006188855,10.194850119178257,-0.16919239741272374,-1.6245204597304623,-0.5482917216550633
5.51,-0.0001800380145174918,-0.02391867455066099,0.005820534961020418,0.7372100179282872,-0.5478671338157005,-0.5666851142874113,0.0036161433202662237,0.003167858108918624,0.0033918188293505505,40.39030249884148,45.53470806981918,30.487806917152746,40.35838665151738,46.9362788347795,30.186928381498923,-49.42341621640557,7.571388875228838,-317.8709677419355,-55.29864599643762,4.910064128864989,-317.9920901726103,-49.423417128304976,7.57138897902542,-317.8709692313657,26.540612433677335,-52.48742219265944,-2.854855067021365,0.04463474278631344,-1.699984574932529,-0.7711827137720384
5.52,-0.01695464162636051,-0.008466994678224982,0.022458741931447812,0.7263925951215287,-0.4993475424568341,-0.5901331896912966,0.0028719697134626356,0.002874450129720014,0.002220204908030666,39.00900549613595,46.71892720929045,31.77332705966248,39.93852410913975,47.23282629189315,30.52108085615135,-49.93582535855264,-2.5324584419355842,-319.2096774193548,-55.42254233885579,2.0670453059976635,-318.2696807264954,-49.9358262946884,-2.5324585293988098,-319.20967889318234,-10.47942886986584,-28.59577228205307,34.43012228027953,-1.3619001533909225,-0.8414393259430426,0.45332468784408547
5.53,-0.009574201772814428,-0.013421944560984889,0.01611290576644786,0.7433528742032978,-0.48704367656899183,-0.6635366866648083,0.0027348992961274106,0.002808702163764174,0.0022494484179120646,39.00900549613595,46.71892720929045,31.77332705966248,39.51493344335624,47.51571754754165,30.888462222815722,-49.93582535855264,-2.5324584419355842,-319.2096774193548,-55.39753384863778,-0.8111796178538425,-318.5667894054065,-49.9358262946884,-2.5324585293988098,-319.20967889318234,7.8406310555241525,-38.3016063697343,16.4121004479302,-0.26170672486109975,-1.4449931868623738,-0.4839598801168347
5.54,-0.0021177764721728165,-0.018141888620339164,0.009210436927638788,0.7462541275129981,-0.45786228972726917,-0.7085474113285357,0.00347391225550965,0.002907460490293343,0.0024922943629439327,39.00900549613595,46.71892720929045,31.77332705966248,39.087591579217474,47.784409393279084,31.286389034366653,-49.93582535855264,-2.5324584419355842,-319.2096774193548,-55.22745851103652,-3.718873852813356,-318.87715129007347,-49.9358262946884,-2.5324585293988098,-319.20967889318234,23.132900384965158,-44.86622842616395,-1.4292836618887899,-0.009767750371612339,-1.54663827673106,-0.7964167953027153
5.55,0.005319826951488027,-0.022519041030724885,0.0019674752548622942,0.7387572213325397,-0.4213441372235441,-0.7362480186825431,0.0028226358613209716,0.003164336089442235,0.004622901927790816,39.00900549613595,46.71892720929045,31.77332705966248,38.66199817936523,48.033101695548474,31.702928259540972,-49.93582535855264,-2.5324584419355842,-319.2096774193548,-54.92413382113647,-6.6017685931002115,-319.1831462480385,-49.9358262946884,-2.5324585293988098,-319.20967889318234,41.68008087782267,-49.533365033824126,-11.876650929674094,0.3261943630529424,-1.6221411382665585,-0.9726143855592306
5.56,-0.01176170516669739,-0.010983742994910783,0.022370079666556908,0.7047563950437965,-0.3822197647445018,-0.7571781700985513,0.0027625672956158517,0.0027678429221822736,0.0022235941715914725,37.61661185262126,47.60919599511811,33.371382371220065,38.24983416876394,48.26046620802962,32.13379331338231,-48.40385594331024,-12.532626612935932,-320.54838709677415,-54.49322605973424,-9.405657560227262,-319.4927202316551,-48.403856865723455,-12.5326268826854,-320.5483885550338,-0.05108072030163616,-31.91630955261246,27.582939934328664,-1.2886114808123819,-0.9713742087716486,0.3899770586866077
5.57,-0.004639515733133814,-0.014728214253858507,0.014374982041032602,0.7134565596755945,-0.36451525349401825,-0.8256059599646933,0.003100305769288419,0.002828875026778788,0.0022809974394971443,37.61661185262126,47.60919599511811,33.371382371220065,37.84155869563634,48.47379498121796,32.595330762162554,-48.40385594331024,-12.532626612935932,-320.54838709677415,-53.91145232687481,-12.211736919731024,-319.82579360744626,-48.403856865723455,-12.5326268826854,-320.5483885550338,17.11999854936864,-37.88964683513944,6.015296931147566,-0.11463288314930274,-1.4059031744769002,-0.7101564946527326
5.58,0.002487046260597925,-0.01821072278278124,0.00590482830746597,0.7109263881360267,-0.33352502229374303,-0.8609819947144821,0.00342088838208,0.002903422250768578,0.0034549992069302623,37.61661185262126,47.60919599511811,33.371382371220065,37.4334341105254,48.67150374405406,33.08254316977479,-48.40385594331024,-12.532626612935932,-320.54838709677415,-53.185926641474985,-15.022343134382298,-320.16703558840254,-48.403856865723455,-12.5326268826854,-320.5483885550338,30.68626460131116,-42.61679660012545,-10.900919594650945,0.12082427005499088,-1.4802318285037586,-0.9908451921610938
5.59,0.009496066182298812,-0.021358575249475154,-0.0028464580854914434,0.6879624277407431,-0.30030431193135537,-0.8859152066199895,0.002358289350397921,0.0031615117372912433,0.0044653424945654335,37.61661185262126,47.60919599511811,33.371382371220065,37.033329038881035,48.84997460770001,33.58534059337488,-48.40385594331024,-12.532626612935932,-320.54838709677415,-52.33156089608407,-17.78302503230343,-320.5084605129034,-48.403856865723455,-12.5326268826854,-320.5483885550338,55.812802966788006,-46.83981779704451,-22.198167040995518,0.5487892682854806,-1.5441187433420738,-1.2014351778968533
5.6,-0.006981680310388372,-0.013872922266220278,0.020513952191511975,0.643693044094377,-0.26408200322671727,-0.8870818797987059,0.0028249600562550237,0.0028082715297124737,0.002226125984501717,36.291673076538615,48.19916988627712,35.21967587980105,36.65456427954439,49.00912371513539,34.095912675661765,-44.890226978537065,-22.019707577881746,-321.88709677419354,-51.37008116478338,-20.431503614545136,-320.85718807280904,-44.8902278482069,-22.019708013944406,-321.887098218184,9.095312658080942,-34.281075594884335,18.324144666736707,-1.1575334813878755,-1.097503393744238,0.37313297346911906
5.61,-0.0005024955539369991,-0.016392469354630013,0.01126226498917926,0.6474899386476298,-0.23932078430609727,-0.9459315705504572,0.003706895178678212,0.002861703819014178,0.002353065845748582,36.291673076538615,48.19916988627712,35.21967587980105,36.283379311325994,49.151920839111945,34.62879011450025,-44.890226978537065,-22.019707577881746,-321.88709677419354,-50.266954843558345,-23.051892589491345,-321.2192485886062,-44.8902278482069,-22.019708013944406,-321.887098218184,21.789724245344665,-37.1044167796954,-4.961814810870595,-0.05097910048451909,-1.3602563512223005,-0.9338365771145161
5.62,0.005937376311633602,-0.01860479061410103,0.0016434656319160856,0.6381502011146181,-0.2061961328089207,-0.9736871131698138,0.0027502826360231904,0.0029076422532256013,0.004690345963234945,36.291673076538615,48.19916988627712,35.21967587980105,35.91505508308979,49.27677055279826,35.18144167595007,-44.890226978537065,-22.019707577881746,-321.88709677419354,-49.022091361606805,-25.65427460945799,-321.58203936277795,-44.8902278482069,-22.019708013944406,-321.887098218184,40.011693939205436,-41.4040527461317,-16.69720595726174,0.2737540715322316,-1.4290428868157983,-1.1262087712501865
5.63,0.0121525386513619,-0.020483855781129545,-0.008197358423478684,0.6051231653064092,-0.1727016573117835,-0.9877079163117264,0.0022832141809357655,0.003114617048340789,0.002958277779295167,36.291673076538615,48.19916988627712,35.21967587980105,35.560948050323326,49.38250585302782,35.74588381566031,-44.890226978537065,-22.019707577881746,-321.88709677419354,-47.65401342593384,-28.181331395421434,-321.9493829024134,-44.8902278482069,-22.019708013944406,-321.887098218184,62.383137179417275,-42.35020992437709,-42.23739732256661,0.6381675920615847,-1.4254215650075028,-1.6002670293738508
5.64,-0.0026131850075920005,-0.016953879492778712,0.017345669477605852,0.5575529550949583,-0.13679497574908162,-0.9679142617623347,0.0035816256479263434,0.002869590864394805,0.002244936934377338,35.11325088798454,48.489204130275574,37.24372854702328,35.23080629247396,49.468293550731126,36.30605811683556,-39.53878684688494,-30.605299127383134,-323.2258064516129,-46.20907516582519,-30.56832869739893,-322.31253240508505,-39.538787625294866,-30.605299708365152,-323.2258078834588,14.757894615396749,-35.86478167121364,8.28661099276669,-1.033652058442097,-1.2033103896769557,0.19514738972308296
5.65,0.0029872665230181727,-0.018150988909144905,0.007358091559850788,0.558001906169407,-0.10429732090639186,-1.0137192857878332,0.0034759315001843174,0.002894597398862723,0.0029135483889167115,35.11325088798454,48.489204130275574,37.24372854702328,34.91017242252637,49.534952822750626,36.88036927443577,-39.53878684688494,-30.605299127383134,-323.2258064516129,-44.63150407269351,-32.90357460414238,-322.6781726356158,-39.538787625294866,-30.605299708365152,-323.2258078834588,26.584404452083213,-36.4611657494439,-13.406845379277044,0.01501071407065366,-1.3161879162491443,-1.0873778753783945
5.66,0.008479452258834286,-0.01900462379597645,-0.002916205083584922,0.538358668979988,-0.07021513456474768,-1.0375318486239085,0.002426744287185605,0.002913505451907935,0.004450702182465715,35.11325088798454,48.489204130275574,37.24372854702328,34.59675141407892,49.581919183682075,37.47035041394663,-39.53878684688494,-30.605299127383134,-323.2258064516129,-42.91257111459595,-35.19784465415239,-323.043667003932,-39.538787625294866,-30.605299708365152,-323.2258078834588,46.19560645236826,-39.081546043751516,-24.118295043167002,0.3500228459193271,-1.3515977735261102,-1.2870667036821946
5.67,0.013671456144412897,-0.019510517736801458,-0.013292057525818857,0.5020868453475353,-0.033673741640733945,-1.0307269334239644,0.0022545033461946213,0.0029319442600456228,0.0028272013695087176,35.11325088798454,48.489204130275574,37.24372854702328,34.30141062622324,49.60878446214348,38.0642208276999,-39.53878684688494,-30.605299127383134,-323.2258064516129,-41.087302059549444,-37.39111467277534,-323.40905596673224,-39.538787625294866,-30.605299708365152,-323.2258078834588,63.44616487984943,-38.33643410996222,-53.625467590305625,0.626793004750301,-1.3281753059869619,-1.7815934827271576
5.68,0.0017209658638945857,-0.019707735786992697,0.01352950416736809,0.4535331166820933,0.004292173327205084,-1.0001337967524737,0.0038071463272297892,0.0029472139090856112,0.0022963887029197353,34.15552165160773,48.48517214062632,39.36185110672743,34.030757462054645,49.613895658508014,38.64456951716909,-32.568624136111154,-37.937906134639505,-324.56451612903226,-39.206007057647284,-39.425761377006104,-323.76157749508684,-32.568624787001816,-37.93790683518612,-324.5645175509211,19.217936285104425,-36.099353093679504,-1.2636828057806822,-0.8801326607206125,-1.252102302091105,-0.048100787969255196
5.69,0.006237619014276552,-0.019462859750999706,0.003287444762841707,0.4449149102778284,0.04096687473441571,-1.03637972843186,0.002771349479592143,0.0029279985840574823,0.004400102593177954,34.15552165160773,48.48517214062632,39.36185110672743,33.77276939471898,49.59776336581159,39.23301993971197,-32.568624136111154,-37.937906134639505,-324.56451612903226,-37.19970113721587,-41.38627780343814,-324.1119959367433,-32.568624787001816,-37.93790683518612,-324.5645175509211,33.13912711853308,-35.68367053660113,-15.879240176861057,0.10308840958844066,-1.265719761685602,-1.1338673785780393
5.7,0.010534191321936004,-0.018862901448911562,-0.007187456660308178,0.41515949524113277,0.075693598702781,-1.0521472084032628,0.0023212174975560072,0.0029074960291637694,0.0031581685993159513,34.15552165160773,48.48517214062632,39.36185110672743,33.52836770783204,49.561387351028365,39.83388913518043,-32.568624136111154,-37.937906134639505,-324.56451612903226,-35.05669225785817,-43.28066537844532,-324.46675331859313,-32.568624787001816,-37.93790683518612,-324.5645175509211,48.794882083349876,-33.91332223890712,-38.359840028378656,0.36095416410194314,-1.2198959335551844,-1.5682732334004987
5.71,0.014482786308014695,-0.01789879242882153,-0.017597705857669843,0.376788368196789,0.11332356923365376,-1.0283835064206799,0.0022442793048800857,0.0028851796082989267,0.0029195697575552532,34.15552165160773,48.48517214062632,39.36185110672743,33.30438190604244,49.50399192336591,40.428848262652615,-32.568624136111154,-37.937906134639505,-324.56451612903226,-32.83466614072959,-45.05053260119542,-324.8128577052304,-32.568624787001816,-37.93790683518612,-324.5645175509211,59.987032502557426,-30.732481085171216,-58.95849472468762,0.533808704761356,-1.1589630293023736,-1.8738585740224638
5.72,0.006250395626382854,-0.021574861952322832,0.009484432211948057,0.3282436150680056,0.1490179102118919,-0.9892724715717858,0.002818183255925877,0.0031558786465152077,0.0024748245039797373,33.48281765406046,48.198265628828,41.49111135104435,33.10587620496484,49.425660950419406,41.00491290343897,-24.265098126554143,-43.717330807229054,-325.9032258064516,-30.57868171258817,-46.65520654998732,-325.1442253987094,-24.265098617917104,-43.71733159922939,-325.9032272197968,28.051425535795136,-34.10538774899976,-9.91300629016489,-0.549577231326058,-1.2929568656381354,-0.23660071498013777
5.73,0.009410373445506992,-0.019889806900624585,-0.0006205739591675918,0.3020164223721676,0.18400835621361425,-1.0216465444133875,0.0023769781686865804,0.002969932548630881,0.004737456250311874,33.48281765406046,48.198265628828,41.49111135104435,32.92653797081485,49.32712427120545,41.585315693455335,-24.265098126554143,-43.717330807229054,-325.9032258064516,-28.213197277660555,-48.16263996813028,-325.47917190512106,-24.265098617917104,-43.71733159922939,-325.9032272197968,38.57815854832023,-32.91203999440933,-19.35958395223739,0.1534286695603537,-1.181227271705059,-1.2021664633574427
5.74,0.012232770028718032,-0.01785321806028939,-0.010878284087948109,0.2658498928428403,0.2203569929931398,-1.0214334158593232,0.0022801836797389516,0.0028835352854443812,0.0027978535167824496,33.48281765406046,48.198265628828,41.49111135104435,32.76691391310369,49.20833761040218,42.17277133769944,-24.265098126554143,-43.717330807229054,-325.9032258064516,-25.728255315742064,-49.57712045759833,-325.82048930113376,-24.265098617917104,-43.71733159922939,-325.9032272197968,47.71947911700174,-26.871203412867516,-47.86505741566388,0.2970685003847631,-1.0622297758361825,-1.6975494665153061
5.75,0.014674835399262398,-0.015446898840008827,-0.020923760544928838,0.22553768715471595,0.2566901208811094,-0.9882035663911981,0.0022429910678913546,0.002831609435558458,0.0031783346899680936,33.48281765406046,48.198265628828,41.49111135104435,32.62934753970552,49.068412503815765,42.74637514922915,-24.265098126554143,-43.717330807229054,-325.9032258064516,-23.19321031903949,-50.850300607966886,-326.14743074351946,-24.265098617917104,-43.71733159922939,-325.9032272197968,52.866398376859195,-21.323375193779288,-58.488316322425945,0.36777118148644383,-0.9624317612164995,-1.8286872552055353
5.76,0.010794084816624472,-0.022344695807901993,0.005428985835955413,0.17917679051115962,0.2887640188761976,-0.9410457688863986,0.0023170540010232837,0.0031557228968249916,0.0036515001347618573,33.145681281521796,47.645739403279215,43.55340084822574,32.51715534544987,48.909218976126375,43.29679680680899,-14.968156148667871,-47.70696282000245,-327.241935483871,-20.6496784059298,-51.95754210971272,-326.4579133223911,-14.968156454936727,-47.70696367354886,-327.2419368886992,37.10694098002913,-33.17780366163937,-13.160157229815496,-0.17036868442938768,-1.3997882584935455,-0.29055276262747365
5.77,0.012361486495783947,-0.01926195344617021,-0.004177969593452624,0.13749373124655132,0.3238068229829133,-0.968868462229476,0.002278917167393048,0.002917922068501633,0.004116809993554694,33.145681281521796,47.645739403279215,43.55340084822574,32.429786659288936,48.73061264955875,43.84833232525842,-14.968156148667871,-47.70696282000245,-327.241935483871,-18.012939249971215,-52.94734315203079,-326.77719044829865,-14.968156454936727,-47.70696367354886,-327.2419368886992,40.30817038603547,-28.14930628596854,-24.749048681300064,0.13587937992724,-1.0545951274473855,-1.2995195974723766
5.78,0.013509551411207243,-0.015824519177188412,-0.01381491638370913,0.09659953465218607,0.36009410790030744,-0.9531630795161379,0.0022588056263781664,0.002840742750770885,0.002838468105542464,33.145681281521796,47.645739403279215,43.55340084822574,32.36633952203413,48.531585051750305,44.39936414447018,-14.968156148667871,-47.70696282000245,-327.241935483871,-15.28531296939897,-53.818592261725286,-327.09993671118997,-14.968156454936727,-47.70696367354886,-327.2419368886992,43.47710594763777,-18.20747915414872,-50.415682974218,0.1763347508143247,-0.8754231301273883,-1.7187687996456202
5.79,0.01424878229686144,-0.012040567671381064,-0.02314326014619228,0.054999233689438376,0.3923087510461584,-0.9147069720383783,0.0022499680821471938,0.002762383091732078,0.0031783346899680936,33.145681281521796,47.645739403279215,43.55340084822574,32.32637867020533,48.31297186102559,44.93156112807644,-14.968156148667871,-47.70696282000245,-327.241935483871,-12.536966411321293,-54.539938795436754,-327.4072875879907,-14.968156454936727,-47.70696367354886,-327.2419368886992,43.51032799196937,-9.172832541424025,-59.93855050734123,0.16502551293981277,-0.7118641287984294,-1.8716476315734762
5.8,0.01513158355747013,-0.021816728454606582,0.0016253026839685436,0.012642820902185766,0.4182195184329665,-0.8607919617528393,0.002240694301948538,0.00315625992266231,0.004692146911647167,33.178119926105715,46.852375918681055,45.48051719110009,32.3107931623236,48.078178348856746,45.43724386230095,-5.0584160993716285,-49.74346616959476,-328.5806451612903,-9.811067039101168,-55.100538001968886,-327.69688139110286,-5.058416203581846,-49.7434670537854,-328.58064655610076,41.35012300129571,-29.684032630004644,-14.26348135825849,0.09862392062766946,-1.4659414314027783,-0.30431506993159496
5.81,0.014953351345399879,-0.017442608673387316,-0.0071433689997014715,-0.040981119716079414,0.45260600866745754,-0.8797502609687389,0.002243595280169092,0.0028756893805631104,0.003168876071033836,33.178119926105715,46.852375918681055,45.48051719110009,32.32397942082444,47.82563439467304,45.94014150335464,-5.0584160993716285,-49.74346616959476,-328.5806451612903,-7.017370010316372,-55.528310584573006,-327.99771626802936,-5.058416203581846,-49.7434670537854,-328.58064655610076,39.92782697060239,-20.1207507590329,-33.22166884510319,0.07941591489537594,-0.8762252636730962,-1.4376442663647397
5.82,0.014290012848447997,-0.012732398561151714,-0.015820801209014523,-0.08634143708229211,0.4853020699408494,-0.8542632461568032,0.0022519924026626306,0.002776507170350102,0.0028802199149600433,33.178119926105715,46.852375918681055,45.48051719110009,32.36455563934293,47.55391522981861,46.43571736930304,-5.0584160993716285,-49.74346616959476,-328.5806451612903,-4.168368497883692,-55.81676683336141,-328.30106339902596,-5.058416203581846,-49.7434670537854,-328.58064655610076,36.965538697971205,-7.532867549254535,-50.85050954635567,0.013317654160329432,-0.6562677886170835,-1.7030488586915904
5.83,0.013195588749305043,-0.007733267752174977,-0.02414273197142125,-0.12790541634879282,0.5104032956873285,-0.8128671478750941,0.002269021853726585,0.002789824740195201,0.003177041059880298,33.178119926105715,46.852375918681055,45.48051719110009,32.42962241381299,47.266099885675885,46.910090067498636,-5.0584160993716285,-49.74346616959476,-328.5806451612903,-1.3288640084058947,-55.95491735403467,-328.5918742336746,-5.058416203581846,-49.7434670537854,-328.58064655610076,31.91515813319523,5.121673940153942,-59.4105367690689,-0.08414781796446923,-0.4327663769920409,-1.8390217434437464
5.84,0.01900192679014978,-0.01998424761747919,-0.0016619111939952802,-0.1646307276105639,0.5278976342165668,-0.756594778274513,0.002215777020142018,0.0029892672568560047,0.004635186209572926,33.59594683120191,45.85225331964905,47.217394597378,32.51718271790351,46.96676917944063,47.35644375497409,5.058416099371543,-49.74346616959476,-329.91935483870964,1.4559878721959145,-55.94487815466058,-328.8656141330452,5.058416203857572,-49.74346705326298,-329.91935622090284,43.58759284251616,-25.06460109390738,-16.389294942932718,0.3279128847816574,-1.4974856501092093,-0.3737411505591253
5.85,0.016984400068270955,-0.014524111209580526,-0.009334276233613714,-0.22799607724715104,0.5595612919447417,-0.7646325553831509,0.002226015957273653,0.0028152889492006243,0.0028326734089971018,33.59594683120191,45.85225331964905,47.217394597378,32.636181555130385,46.6521962453094,47.795903577579374,5.058416099371543,-49.74346616959476,-329.91935483870964,4.2768565736781845,-55.78995406419427,-329.1523582448321,5.058416203857572,-49.74346705326298,-329.91935622090284,37.09052838735496,-10.416431247908525,-37.88712609566353,-0.02503275063409766,-0.6796649438185555,-1.4743801657186957
5.86,0.01442769172247682,-0.008781063214038487,-0.016836527771989074,-0.2768235456665925,0.5850918197170436,-0.7357931001034564,0.00225490502226108,0.002744148529730564,0.0028948879441104735,33.59594683120191,45.85225331964905,47.217394597378,32.785410737454036,46.32173023164188,48.223997858616116,5.058416099371543,-49.74346616959476,-329.91935483870964,7.117637268349159,-55.48394662349644,-329.44508759223834,5.058416203857572,-49.74346705326298,-329.91935622090284,28.46684458848139,4.80534238019349,-50.02276754740896,-0.18649608052837036,-0.41461204902098187,-1.660124732656609
5.87,0.01143555058949386,-0.0028333660772195124,-0.023972076390188612,-0.31612908231573333,0.6014207503638445,-0.6942128531715652,0.002313875355014895,0.003504675371362894,0.003172635165845517,33.59594683120191,45.85225331964905,47.217394597378,32.95904247996479,45.98005895417771,48.63039136482611,5.058416099371543,-49.74346616959476,-329.91935483870964,9.919789756535737,-55.03489914750662,-329.72969515374973,5.058416203857572,-49.74346705326298,-329.91935622090284,18.889455488429753,17.868453597540928,-56.921595632399445,-0.35901786791320395,-0.19374351584184138,-1.7670478919764632
5.88,0.022073614411883713,-0.01703501460468082,-0.004341176237709243,-0.3442056781078245,0.6123237534864627,-0.6388057415128147,0.002216092948993047,0.0028706600455502673,0.00399653008778955,34.395991031903655,44.69022607906023,48.72315487137186,33.151661316479796,45.63094636469765,49.00888214475152,14.968156148667791,-47.706962820002474,-331.258064516129,12.64353845638183,-54.45544483075751,-329.99667296732093,14.96815645729196,-47.706963672395155,-331.2580658828817,43.32684968478243,-17.399672712660482,-19.930351740704676,0.500235190011668,-1.4261967201236392,-0.5087925648533009
5.89,0.018208890559552104,-0.010762514657376876,-0.010780212896400077,-0.41492671199535464,0.6375954924299534,-0.6382803818301143,0.002223164978674348,0.0027460852434819617,0.0027831837799390316,34.395991031903655,44.69022607906023,48.72315487137186,33.376798872680936,45.27022483675995,49.37726244707609,14.968156148667791,-47.706962820002474,-331.258064516129,15.370075655376732,-53.725750497683535,-330.2783733272487,14.96815645729196,-47.706963672395155,-331.2580658828817,31.74665475527361,0.311579776184651,-38.637717213425745,-0.17193939784038334,-0.47211715030314083,-1.4480956655889088
5.9,0.013772003760442297,-0.0042907046905220625,-0.017018175462509277,-0.4648210041168908,0.6536840785088699,-0.6096940859027463,0.002271355326687253,0.0031983925215372123,0.002890762634391809,34.395991031903655,44.69022607906023,48.72315487137186,33.6337800572707,44.898542935100636,49.73294734464927,14.968156148667791,-47.706962820002474,-331.258064516129,18.08542134165802,-52.84325568025894,-330.5717174516362,14.96815645729196,-47.706963672395155,-331.2580658828817,18.450410095326664,16.473252168220043,-48.09409266114047,-0.4114171785385848,-0.19868092407636018,-1.5958322977427875
5.91,0.008925167680693735,0.0023039805875572084,-0.022898004631273894,-0.4986537277077339,0.6631181413095393,-0.5693470503681485,0.0025047868992511524,0.0034984618850986146,0.0031685126625561515,34.395991031903655,44.69022607906023,48.72315487137186,33.91333294434949,44.520198856579796,50.067476378418654,14.968156148667791,-47.706962820002474,-331.258064516129,20.739645893106818,-51.83001591599384,-330.8591875378496,14.96815645729196,-47.706963672395155,-331.2580658828817,4.8048047792795465,29.628365503009103,-53.117704735475805,-0.6527992151015344,0.03502260920909239,-1.6729452390352437
5.92,0.024062272555875897,-0.013205236141180632,-0.006563507299812921,-0.5200596775865622,0.6568159512909824,-0.5207208931086502,0.002218821848524674,0.002791180906733506,0.003242128024143678,35.55605469292359,43.42244187468055,49.970254318663216,34.207928680882,44.14114573670922,50.376406146039166,24.26509812655407,-43.7173308072291,-332.5967741935484,23.292518788415737,-50.71325908817667,-331.1320917761192,24.265098623802757,-43.717331598587876,-332.596775542821,40.713160867465405,-7.581617481229062,-25.095956785726802,0.5813842028830014,-1.4290688357008237,-0.6797812271008419
5.93,0.018414618992757426,-0.006518167883803105,-0.011770593129415197,-0.59400281525497,0.6750054915619229,-0.513849267075375,0.00222630163180277,0.0028592939444256745,0.002780351692754821,35.55605469292359,43.42244187468055,49.970254318663216,34.53533518006191,43.75716829436909,50.67397784022489,24.26509812655407,-43.7173308072291,-332.5967741935484,25.812920125698945,-49.45081236926963,-331.42537430504234,24.265098623802757,-43.717331598587876,-332.596775542821,24.36303921612996,11.171376725583393,-38.30488972518835,-0.35132025216151963,-0.2744404509886931,-1.4090816182996904
5.94,0.012198540487053822,0.00028363578285905966,-0.016766706715628854,-0.6407916549926332,0.6838262288560397,-0.48582264505708317,0.0023097459014804053,0.0036702735391569517,0.002878089644970227,35.55605469292359,43.42244187468055,49.970254318663216,34.89404246138575,43.36697468901684,50.95854834540614,24.26509812655407,-43.7173308072291,-332.5967741935484,28.29773500224847,-48.04050262003421,-331.7331942520819,24.265098623802757,-43.717331598587876,-332.596775542821,7.4780301617218345,24.828212294499487,-45.275491528169596,-0.6501222143702162,-0.04318481651784013,-1.5180144146653947
5.95,0.005630244768205617,0.007129832721058826,-0.021418652937007843,-0.6679117606126397,0.6817883711292961,-0.44831515926706755,0.003507954919750092,0.0025462661209314174,0.0031650385819372347,35.55605469292359,43.42244187468055,49.970254318663216,35.27186058178725,42.974966398826446,51.222927750321794,24.26509812655407,-43.7173308072291,-332.5967741935484,30.70218979282863,-46.5169960997737,-332.0355640845579,24.265098623802757,-43.717331598587876,-332.596775542821,-8.285265363946209,48.80576544786639,-50.561863555934586,-0.9171187076642007,0.38349881456311224,-1.6032362703984597
5.96,0.02466045692069041,-0.008996908373664625,-0.00872328325566274,-0.6881028201098908,0.6549729700007634,-0.40910168638479555,0.002222171509268799,0.002738108327044156,0.0028389202428490906,37.035698130823874,42.11531818136849,50.94241368195404,35.66292745844861,42.592999209220686,51.46577694735645,32.56862413611109,-37.93790613463956,-333.93548387096774,32.97880060865509,-44.919089107001845,-332.3369457001008,32.56862479681134,-37.93790683664148,-333.9354852022648,35.296159612881524,2.5733007616169754,-29.88288595912662,0.507660220134343,-1.3302516637927861,-0.8512704214739304
5.97,0.017343223253456386,-0.0023596370049941973,-0.012768441243814377,-0.7592016778043432,0.6671615255335224,-0.3961745372348861,0.0022410068421120756,0.0035174489189820695,0.0027920085216799817,37.035698130823874,42.11531818136849,50.94241368195404,36.0857942986881,42.21225258884405,51.69655424569614,32.56862413611109,-37.93790613463956,-333.93548387096774,35.19457438090565,-43.182264106553944,-332.66307887264,32.56862479681134,-37.93790683664148,-333.9354852022648,15.197303361045492,18.295948326717827,-37.39062540307073,-0.5572424038543461,-0.1569510458583239,-1.362360673240409
5.98,0.009516951070490776,0.004338405765590081,-0.016579225806960585,-0.7979377417536362,0.6705226940629287,-0.3671575504741149,0.0024659672530170118,0.0030752269712069112,0.0028693854222238474,37.035698130823874,42.11531818136849,50.94241368195404,36.53628309634522,41.82835570215029,51.91317699944907,32.56862413611109,-37.93790613463956,-333.93548387096774,37.35559910191506,-41.30666989710138,-332.9993894119548,32.56862479681134,-37.93790683664148,-333.9354852022648,-4.996143152379267,36.02845304069312,-43.14462946864572,-0.9098685856096681,0.1635298678186411,-1.4554370814590123
5.99,0.0014103482615811513,0.010970379742885505,-0.020062621985824425,-0.8203584534630624,0.6532322565824463,-0.3328036052172564,0.004705595113915248,0.0023084225165541936,0.003014416837094182,37.035698130823874,42.11531818136849,50.94241368195404,37.002009399869,41.44950977929747,52.11079540830914,32.56862413611109,-37.93790613463956,-333.93548387096774,39.41412969969084,-39.33989343930849,-333.3335304141239,32.56862479681134,-37.93790683664148,-333.9354852022648,-16.24222343444414,61.76445412627352,-49.71902026022671,-1.0947505054013194,0.5880750690671621,-1.5496156096553486
6.0,0.023529050068454183,-0.004905395385697786,-0.011171036100344534,-0.8331228175090101,0.6152289877769426,-0.2987742611239533,0.0022252074124134978,0.003110834994940694,0.0027646255175005005,38.77811114594491,40.84273270931099,51.63213309839797,37.47847561712178,41.08827931917816,52.2893162111805,39.53878684688488,-30.6052991273832,-335.2741935483871,41.32706380911796,-37.31972164416548,-333.67609334366017,39.53878763824305,-30.605299713475517,-335.27419486297686,27.02005992673587,10.894182636789774,-32.767446498859265,0.43255319798379366,-1.2179269365035776,-0.9858874045457517
6.01,0.014801896816227456,0.0013168387369473233,-0.014065988021917164,-0.8955985546989795,0.6244258419415467,-0.27863804797424807,0.002275468215498978,0.003671129319042352,0.0028123172824679223,38.77811114594491,40.84273270931099,51.63213309839797,37.98156393651672,40.73148930737522,52.45385862773547,39.53878684688488,-30.6052991273832,-335.2741935483871,43.15877254048034,-35.1727631193182,-334.03728780282904,39.53878763824305,-30.605299713475517,-335.27419486297686,4.199495046712323,24.012682644858813,-36.5364273742342,-0.7868105975726373,-0.06170605753975414,-1.31893328534507
6.02,0.005673530960858653,0.007551345209519944,-0.016687005366989638,-0.9237872438393553,0.6194707406205002,-0.24795702480394205,0.003549888943933859,0.0025067415862827123,0.0028675228903532104,38.77811114594491,40.84273270931099,51.63213309839797,38.5060928468056,40.37468575461039,52.60225363703604,39.53878684688488,-30.6052991273832,-335.2741935483871,44.91530060597269,-32.90262436801505,-334.4005727151649,39.53878763824305,-30.605299713475517,-335.27419486297686,-14.425098642733477,47.747484887658345,-41.88418285685097,-1.0916267475270753,0.35337540400242706,-1.4062211122109134
6.03,-0.0036726404211733232,0.01360904274963004,-0.018990854855072015,-0.941899623949948,0.5918262322412629,-0.21565744200088457,0.0042636489203656145,0.002256504012921124,0.002917061103896189,38.77811114594491,40.84273270931099,51.63213309839797,39.042553446256484,40.02929124933884,52.73238816426373,39.53878684688488,-30.6052991273832,-335.2741935483871,46.55020430554691,-30.558817264069425,-334.7662945542562,39.53878763824305,-30.605299713475517,-335.27419486297686,-26.25654776263093,67.93630230065143,-46.7896671880418,-1.3156529930189207,0.6820668975590087,-1.4771702071016601
6.04,0.020713649997845862,-0.0009521227690626466,-0.013855898759332574,-0.930964954008862,0.5511415875633834,-0.17904415177288127,0.002225986753823706,0.003788880792253528,0.0028054758340311714,40.713355259320856,39.68166436730692,52.03847241579056,39.580629259031085,39.70439428602848,52.842539582955986,44.89022697853703,-22.01970757788182,-336.61290322580646,48.0275830072945,-28.19104976126433,-335.13259148956735,44.890227862508674,-22.0197080236644,-336.6129045263069,17.084687660405972,16.03684583485963,-34.13763684464743,0.3640629530376882,-1.1342622216053695,-1.094532431429387
6.05,0.01106790575210126,0.004610756075713041,-0.015508010187274324,-0.9815360037818329,0.5562105989653826,-0.15186403135246937,0.0023611306222995287,0.0030941019728345995,0.0028388442402240343,40.713355259320856,39.68166436730692,52.03847241579056,40.13560058739515,39.38564955260282,52.935536030938984,44.89022697853703,-22.01970757788182,-336.61290322580646,49.40556994710956,-25.720230556749428,-335.5026145446139,44.890227862508674,-22.0197080236644,-336.6129045263069,-7.4461246668700465,32.05765728811471,-35.949621900242015,-1.0123633796575902,0.07141686377054156,-1.2777316515627355
6.06,0.0011297070050251268,0.010105155583029157,-0.016852779702431375,-1.0029556441432248,0.5403977660911923,-0.12044945175226296,0.004729597906870639,0.002335224676396721,0.002867373804374399,40.713355259320856,39.68166436730692,52.03847241579056,40.7061957359083,39.07187588807691,53.01078924049323,44.89022697853703,-22.01970757788182,-336.61290322580646,50.6856308893511,-23.14545648808972,-335.8713263120718,44.890227862508674,-22.0197080236644,-336.6129045263069,-19.194103165863364,53.461947809120325,-39.784834771052914,-1.2010952762255012,0.42561144900334213,-1.3357269966082692
6.07,-0.00895663131821689,0.015338203314220422,-0.017880131203388827,-1.0072739804281807,0.5079660911765373,-0.08719064806285425,0.0028688993530094535,0.002234231688810367,0.0028880933531721326,40.713355259320856,39.68166436730692,52.03847241579056,41.28412116163557,38.77395442678175,53.06770739215041,44.89022697853703,-22.01970757788182,-336.61290322580646,51.83069509805775,-20.514887729614312,-336.2429654565759,44.890227862508674,-22.0197080236644,-336.6129045263069,-46.1478366280051,70.97218174104061,-40.24427189111553,-1.6902605999969798,0.7153479770313156,-1.3304355134667478
6.08,0.016896811473057438,0.0031865210033613645,-0.01632259614047704,-0.9769713622445627,0.4663405885075997,-0.04850012347498948,0.002249134080284527,0.0035206634646418773,0.0028547925046905915,42.763054931096,38.70695794117423,52.16554976138771,41.85157517359095,38.49748002559696,53.103409121011765,48.40385594331022,-12.532626612936015,-337.9516129032258,52.81378496278514,-17.899454432593885,-336.60146319414963,48.40385687897814,-12.532626896819314,-337.95161419268186,6.515963769753067,22.57081961506208,-34.895059043884046,0.14579810681993047,-0.9417860354553298,-1.1560287563923741
6.09,0.0068629300100852,0.007846976180294285,-0.016638580680411796,-1.015144850102255,0.46066568275398007,-0.016868850854966425,0.0030810682064312004,0.0024984999057076377,0.002861297114173095,42.763054931096,38.70695794117423,52.16554976138771,42.42811690148404,38.23107303045069,53.119650927021034,48.40385594331022,-12.532626612936015,-337.9516129032258,53.67773638176837,-15.205869849841688,-336.95695026349046,48.40385687897814,-12.532626896819314,-337.95161419268186,-15.331385729644035,41.518903306847314,-35.24211253554226,-1.142136206056213,0.20759072494426534,-1.2314622494696004
6.1,-0.003392597113928697,0.012321503630415176,-0.016633324870164112,-1.0324457028986,0.43446279641528174,0.014613896943717881,0.004337082603693004,0.0022781804575674174,0.0028606211979496678,42.763054931096,38.70695794117423,52.16554976138771,43.01662976070526,37.97628261127025,53.11754833022441,48.40385594331022,-12.532626612936015,-337.9516129032258,54.42200244259869,-12.42641842701323,-337.31498933412837,48.40385687897814,-12.532626896819314,-337.95161419268186,-26.16902976773953,55.66743982912649,-35.628547939561464,-1.3467940308960085,0.4365750692570727,-1.2264967406877225
6.11,-0.013664515774131525,0.016480084056713418,-0.016297429852124345,-1.0161711892432241,0.39985648611067504,0.05002171600403672,0.0028351958022724156,0.0022209275320173136,0.0028524778048133895,42.763054931096,38.70695794117423,52.16554976138771,43.604003388009964,37.740030883793274,53.096245203038045,48.40385594331022,-12.532626612936015,-337.9516129032258,55.0232238675056,-9.621730829506971,-337.66894492059504,48.40385687897814,-12.532626896819314,-337.95161419268186,-54.792501182062736,69.23653275931409,-32.57865408094476,-1.8202677414273372,0.6558493101544566,-1.1654504742853224
6.12,0.012740225267205973,0.0076674587728323695,-0.01810040631990384,-0.9768428147160504,0.3566134790659178,0.08654807358469552,0.0023103128053787707,0.0025410180855051064,0.002890009119664586,44.84620137257076,37.98607313307515,52.02198255679299,44.17277168480324,37.52630759546294,53.05391862620658,49.93582535855264,-2.53245844193567,-339.2903225806451,55.46508443755555,-6.863947014622695,-338.0038770312227,49.935826304362166,-2.5324585462699805,-339.29032386139943,-3.725354158293813,35.17001267636241,-35.48843411744487,-0.13109615095143806,-0.5046256144092102,-1.2692507439257688
6.13,0.0027661275583711342,0.011131367121446134,-0.017050683971326475,-1.0069004162095145,0.33448150482257094,0.11992592425860657,0.004522166209245416,0.0023048110590450396,0.0028675575355418927,44.84620137257076,37.98607313307515,52.02198255679299,44.745511953822046,37.32930448405843,52.991860342482966,49.93582535855264,-2.53245844193567,-339.2903225806451,55.769518392432985,-4.055293350922145,-338.33910526390787,49.935826304362166,-2.5324585462699805,-339.29032386139943,-17.105759449690183,46.535946994675356,-33.17839850825879,-1.1711817565372165,0.2537637020717648,-1.1578346312567702
6.14,-0.0073720374091869045,0.01429447803263939,-0.01567611851628614,-1.0146277921339883,0.30069870520021397,0.15214161511034444,0.00311297234015026,0.0022468294702810785,0.0028372132990871716,44.84620137257076,37.98607313307515,52.02198255679299,45.326615371194,37.15002964193122,52.91123875715486,49.93582535855264,-2.53245844193567,-339.2903225806451,55.93812040881092,-1.1813684924908263,-338.6806712694347,49.935826304362166,-2.5324585462699805,-339.29032386139943,-39.31348765078799,56.09297927490939,-28.472410283912836,-1.5952008484683082,0.4115261829450147,-1.0627578420501034
6.15,-0.01736202239871032,0.017104056670245726,-0.0139579471140584,-0.9827506233254897,0.2639272901075077,0.18781831046110573,0.0029144264160932947,0.0022170436794694695,0.0028017621737413097,44.84620137257076,37.98607313307515,52.02198255679299,45.897034704378136,36.99119109826041,52.81075305682368,49.93582535855264,-2.53245844193567,-339.2903225806451,55.96123698879645,1.6792199126008143,-339.01004070919026,49.935826304362166,-2.5324585462699805,-339.29032386139943,-58.546764124899944,63.77617266151534,-22.92276576541774,-1.8773767682493196,0.5270052620017309,-0.9627518600241068
6.16,0.008646776709407611,0.012327793208995352,-0.018888118345151916,-0.9357858244154671,0.22063911647662227,0.22094210104896436,0.002596194813957584,0.0022786284035096176,0.0029071028870072757,46.88527042613676,37.574549160068045,51.621303701382125,46.443961717863374,36.85572890519336,52.6906419866617,49.42341621640558,7.571388875228753,-340.6290322580645,55.834227089435394,4.467065369686849,-339.31943552484717,49.423417132242925,7.571388962524761,-340.62903353081157,-11.217758229930189,44.51095909906783,-34.012179640861625,-0.3019794189486361,-0.1294343864786076,-1.3592037475615166
6.17,-0.0008857526398836635,0.014339708466714951,-0.016491119068068993,-0.9611148233769096,0.1837154732488587,0.2542508396655452,0.004722802485727334,0.0022472558547388596,0.0028554723097199185,46.88527042613676,37.574549160068045,51.621303701382125,46.99115701660496,36.742649802225976,52.5514286991455,49.42341621640558,7.571388875228753,-340.6290322580645,55.55987119128479,7.280036972438929,-339.6335262157658,49.423417132242925,7.571388962524761,-340.62903353081157,-19.93596862965373,48.565083182895165,-28.607511960859178,-1.2188530329841367,0.24777628397288243,-1.0406415865570733
6.18,-0.010498784444411435,0.015956329861196883,-0.01377313119391499,-0.9540344499451247,0.14410533434384293,0.286804704035905,0.0028006241284004203,0.0022291858404536427,0.0027981271704102017,46.88527042613676,37.574549160068045,51.621303701382125,47.54128786157939,36.65228181126694,52.39381757829853,49.42341621640558,7.571388875228753,-340.6290322580645,55.14054037558796,10.127351391221675,-339.9544559183951,49.423417132242925,7.571388962524761,-340.62903353081157,-46.72039258491008,53.44311476799476,-19.37438341061528,-1.6830004100196032,0.3209687897895659,-0.8723316201559491
6.19,-0.01983449107228752,0.01718280023108698,-0.01072272763978066,-0.9141578126084714,0.10475667830566021,0.31939390201631057,0.0030010214594042807,0.002218742233691505,0.0027442039278375947,46.88527042613676,37.574549160068045,51.621303701382125,48.07380862890412,36.5842792399155,52.21719940094039,49.42341621640558,7.571388875228753,-340.6290322580645,54.58003884632232,12.924365138758708,-340.26036552734183,49.423417132242925,7.571388962524761,-340.62903353081157,-59.28353922514789,55.29812955272174,-10.938343052655771,-1.8674188946611427,0.33917806395265715,-0.7218376322208557
6.2,0.004917350095739792,0.01691875965400802,-0.01851218728910453,-0.8617934088413116,0.06282411532929223,0.34659420536739693,0.003859977316314837,0.0022208533416823184,0.0028987156825671266,48.811590294537304,37.51257911052519,50.98321721977464,48.57971364781674,36.53992974180167,52.02380474535791,46.887606607354066,17.365262642240893,-341.9677419354839,53.8861973370103,15.623231186087734,-340.5474498102179,46.887607456462455,17.365262925774793,-341.96774319886697,-13.147147955357147,49.696602445744894,-30.75005355613447,-0.33249212626365054,0.15742063283081786,-1.435090052948531
6.21,-0.003857817882402137,0.01726517263012539,-0.014867358109957207,-0.8827650280911997,0.012273363924607771,0.37802676240369765,0.0042117459737974474,0.002219718858131895,0.0028193629987757407,48.811590294537304,37.51257911052519,50.98321721977464,49.08321694242296,36.52293161002137,51.81322616882774,46.887606607354066,17.365262642240893,-341.9677419354839,53.042762977931865,18.319883257188643,-340.8446913159045,46.887607456462455,17.365262925774793,-341.96774319886697,-23.93213090224863,48.509579015590106,-21.536210358138764,-1.2801795586721783,0.200402640803182,-0.8817737554816458
6.22,-0.012614157248540314,0.017135927344638424,-0.010920491517759312,-0.8634228500368114,-0.03246030652037804,0.4084604930254641,0.0028156614332782272,0.0022211479457930885,0.002746337804622017,48.811590294537304,37.51257911052519,50.98321721977464,49.583588739423426,36.532862812265535,51.58534378458691,46.887606607354066,17.365262642240893,-341.9677419354839,52.05194148615151,21.01164046121709,-341.14920089635666,46.887607456462455,17.365262925774793,-341.96774319886697,-48.100524761850345,47.724503091358635,-8.689831014906904,-1.6778752588419024,0.1738543531478464,-0.6550823361607658
6.23,-0.02101963963622333,0.016585100015731657,-0.006684225391911269,-0.8198542712883692,-0.0732641218701467,0.4349791114530987,0.0031773149319881044,0.002226354294904114,0.0029048047301931737,48.811590294537304,37.51257911052519,50.98321721977464,50.062640213238005,36.566752644299065,51.34114975739293,46.887606607354066,17.365262642240893,-341.9677419354839,50.93168228572049,23.62130202721832,-341.44087098462,46.887607456462455,17.365262925774793,-341.96774319886697,-56.39912488505507,43.931693224770996,2.9919638261701085,-1.7868763914312487,0.09583962539800397,-0.4519984826221464
6.24,0.0017442764943397249,0.021052477236349065,-0.01701829022386514,-0.76433362893909,-0.11129253498355494,0.4552291451598894,0.004659286777304898,0.0022125572319624367,0.0028677429181611343,50.56900932762391,37.82274289595741,50.13538286953044,50.513336854216206,36.623389306257216,51.084162531996064,42.432212874737544,26.448200516348123,-343.3064516129032,49.701668796223274,26.109242739341415,-341.71559363731944,42.432213625372675,26.448200991521468,-343.3064528638503,-14.150346681598114,51.948191248210726,-25.39609368402105,-0.3631069802568818,0.38294630196146406,-1.4444743030682365
6.25,-0.006029468749371936,0.01958342852339845,-0.01230586166235359,-0.7792073693867123,-0.1729786293548235,0.48315896104265504,0.003479213756537005,0.0022143225568619675,0.0027677642311633548,50.56900932762391,37.82274289595741,50.13538286953044,50.959060352727526,36.71091319239372,50.812623335930176,42.432212874737544,26.448200516348123,-343.3064516129032,48.32626415291914,28.565366062631792,-342.0048831837018,42.432213625372675,26.448200991521468,-343.3064528638503,-28.979770623894158,46.01807249493812,-12.049253150035314,-1.3516922427562041,0.1068515775512235,-0.6854218573058273
6.26,-0.013701057090250046,0.01757908795227403,-0.007331772632261591,-0.7529832050676505,-0.22135891671963276,0.5084627994596179,0.0028288711330184133,0.0022222191213571167,0.0028206137190875426,50.56900932762391,37.82274289595741,50.13538286953044,51.396944178003224,36.828466622665374,50.526202637293046,42.432212874737544,26.448200516348123,-343.3064516129032,46.808448720276395,30.977943819460247,-342.3037302675896,42.432213625372675,26.448200991521468,-343.3064528638503,-47.642284757737954,39.436318006836785,3.6611721498717555,-1.6423955706781403,-0.020365761704702348,-0.41372286340472814
6.27,-0.020994141924962295,0.015141523545494806,-0.002134355946585509,-0.7081438779451419,-0.26079929617417813,0.5282162642406936,0.0031731281653712548,0.0022464804997907066,0.003685169415737791,50.56900932762391,37.82274289595741,50.13538286953044,51.812188589613086,36.970343095319166,50.2273132283856,42.432212874737544,26.448200516348123,-343.3064516129032,45.17886413472723,33.28368434707052,-342.5936552562847,42.432213625372675,26.448200991521468,-343.3064528638503,-54.15475243605731,30.989140131073142,15.377576010388406,-1.7251581520694754,-0.1753418430815764,-0.21716535159328837
6.28,-0.0007925889655392426,0.024330003406543788,-0.014569850030261233,-0.6523499244078115,-0.29144156338976285,0.5433588997247737,0.004682815711300412,0.002215424956495244,0.002815857710030658,52.11539051549147,38.50875402411578,49.115233355299694,52.19861497521722,37.13208069991212,49.91870574194477,36.23963936145603,34.4483459537843,-344.64516129032256,43.463446396786935,35.45363759998765,-342.8662238884174,36.23963998806592,34.44834660574332,-344.6451625250505,-15.664451415478819,51.57349503438208,-17.955051279439235,-0.43329064327008965,0.5521222823450731,-1.3820980482851148
6.29,-0.0074160610412835615,0.021001771377410217,-0.009006376799984395,-0.6611400389640111,-0.3612994896073169,0.5657089396154089,0.0030684695831723176,0.0022158849210068563,0.0027408089961445782,52.11539051549147,38.50875402411578,49.115233355299694,52.578084872206915,37.326467773819644,49.59873340052862,36.23963936145603,34.4483459537843,-344.64516129032256,41.61228857809094,37.564273707281444,-343.1563756578019,36.23963998806592,34.44834660574332,-344.6451625250505,-32.27506813425058,40.89984457821226,-0.962422358462855,-1.3761997202250649,-0.03438727813332389,-0.4691860473376158
6.3,-0.01389179515282224,0.017102646971791313,-0.0032465378382892096,-0.6332749801181788,-0.4110226394406184,0.5837189912958581,0.002824762167461149,0.0022302054992006416,0.003447674912734595,52.11539051549147,38.50875402411578,49.115233355299694,52.94739718108487,37.55263096618898,49.267709826110426,36.23963936145603,34.4483459537843,-344.64516129032256,39.630289776675525,39.600092406669965,-343.4599846139137,36.23963998806592,34.44834660574332,-344.6451625250505,-45.69575334434901,29.28368978420152,14.687470384244174,-1.5787679540758472,-0.24665204912569255,-0.20718526362925624
6.31,-0.01999064581933263,0.01279042745547665,0.0026735681018196233,-0.5887395907884369,-0.44554001082010675,0.5980617358015478,0.003011654163281546,0.0022881069019714184,0.003499036338636373,52.11539051549147,38.50875402411578,49.115233355299694,53.29422375991741,37.801600423071314,48.92772822514208,36.23963936145603,34.4483459537843,-344.64516129032256,37.55571883216327,41.514269177785785,-343.75644297522007,36.23963998806592,34.44834660574332,-344.6451625250505,-52.80663163873745,16.57442206834223,28.372351940402204,-1.6773575081722936,-0.4736358614071633,0.03586714071736669
6.32,-0.0028024666085748606,0.026463804805405666,-0.011295389677709822,-0.5384835574543267,-0.4680202333271526,0.598141755249072,0.0043681473262250905,0.0022178017482207065,0.002752809320426891,53.42207379697339,39.55508283421945,47.971178704757435,53.61385864476752,38.0663768849882,48.583877375422986,28.56341075473969,41.03817206036376,-345.98387096774195,35.4296243047089,43.283744574562675,-344.03697412680344,28.563411238438306,41.0381728639837,-345.98387218308335,-17.602576841826103,48.63237445323262,-8.87147783193229,-0.5077557465190157,0.6804193963927657,-1.4171800599815794
6.33,-0.008253460129419188,0.021334860517219,-0.0052123455781704076,-0.5418710263145143,-0.5422944044593627,0.61445482265927,0.00290569893886671,0.002219259230984772,0.0030593827532715556,53.42207379697339,39.55508283421945,47.971178704757435,53.92590312248779,38.364083251767816,48.23454459131765,28.56341075473969,41.03817206036376,-345.98387096774195,33.18846536386967,44.96831512975414,-344.3394833085337,28.563411238438306,41.0381728639837,-345.98387218308335,-33.17958047081671,33.49025238840405,9.760337961722072,-1.354691307371558,-0.21354247928557746,-0.2733303882400676
6.34,-0.013535025892197572,0.015634418443072562,0.0010012665485069627,-0.514194015563565,-0.5895299134394282,0.6267271247765854,0.002811971177356691,0.0022516340995613077,0.0036967884336055598,53.42207379697339,39.55508283421945,47.971178704757435,54.22682560796846,38.693278907826326,47.877842525569534,28.56341075473969,41.03817206036376,-345.98387096774195,30.83028388206317,46.55669611286351,-344.657143956232,28.563411238438306,41.0381728639837,-345.98387218308335,-42.78888923992795,17.69747455629774,23.794598321100676,-1.5003868162418492,-0.4957580781120301,-0.03263948624120593
6.35,-0.01845982964935866,0.009572326426952271,0.0073016349277439385,-0.4735325565131816,-0.6173485119125123,0.6298778050400347,0.002915261276234876,0.0024422469169148044,0.0025349968049807833,53.42207379697339,39.55508283421945,47.971178704757435,54.50662199732051,39.04210980845935,47.516787199886,28.56341075473969,41.03817206036376,-345.98387096774195,28.404366116111646,48.01563238381131,-344.96837722440466,28.563411238438306,41.0381728639837,-345.98387218308335,-51.297679089331545,0.09563498879278187,49.24207108675342,-1.636289755382353,-0.8034504303502314,0.41920531224270996
6.36,-0.004631050344275245,0.02726343039999024,-0.0075771332691687565,-0.42988499492885884,-0.6322892920407575,0.6119917496174466,0.003812769631694652,0.002221045247044966,0.0027860504116401065,54.471923508974236,40.927471297987296,46.76253585928209,54.7621573885088,39.402404009998286,47.161396044868845,19.717792755666053,45.94789058101148,-347.3225806451613,25.971557528229226,49.32137428038631,-345.2701506222572,19.717793083910134,45.947891501951155,-347.32258183972357,-20.505478921310253,43.24043925851798,0.9915671084612583,-0.6223799334894338,0.6642251263825582,-1.3500118008801365
6.37,-0.008952588112755566,0.020489969194400826,-0.0013804803937671473,-0.42677570146193095,-0.7055346169255822,0.6237220949262601,0.0028232160151777453,0.0022236228396081293,0.0036774509445010846,54.471923508974236,40.927471297987296,46.76253585928209,55.00920297033105,39.79420750579462,46.80584243714884,19.717792755666053,45.94789058101148,-347.3225806451613,23.444135155731498,50.52088677463467,-345.5960516893896,19.717793083910134,45.947891501951155,-347.32258183972357,-32.71741050772477,24.611855673209792,16.926336156946267,-1.312395375016617,-0.41326130542189027,-0.14817532052369042
6.38,-0.013080131557105745,0.013188589744889567,0.004898795118778887,-0.39930893145172763,-0.7465556449667782,0.6299758585275899,0.002798675432778156,0.0022963351937994947,0.002974767360719042,54.471923508974236,40.927471297987296,46.76253585928209,55.244048217284124,40.214757052117086,46.44577008432451,19.717792755666053,45.94789058101148,-347.3225806451613,20.815084742116166,51.60974283202365,-345.9342137158439,19.717793083910134,45.947891501951155,-347.32258183972357,-40.58999052938694,4.5619279401992125,36.79184366243693,-1.4370714735087855,-0.7672223794889407,0.21028791794293367
6.39,-0.016880815732627896,0.0055992064304640765,0.011152087728141136,-0.36350861977745136,-0.7665925874671049,0.61842221555894,0.002874785757866349,0.003555810890513161,0.002303951699444572,54.471923508974236,40.927471297987296,46.76253585928209,55.459730347992185,40.65066041552667,46.088261619799084,19.717792755666053,45.94789058101148,-347.3225806451613,18.15160113707193,52.5634315520326,-346.2684616563997,19.717793083910134,45.947891501951155,-347.32258183972357,-48.41400562903037,-12.458888901759241,63.7390223825901,-1.5603805243409103,-1.0460263567134158,0.6562766766119442
6.4,-0.006601849685139993,0.026613347999001613,-0.003840384076893244,-0.3239245958383829,-0.7777170326876732,0.5889369163931087,0.0031705801983365,0.0022240247868135447,0.0033295649252414452,55.25676388570875,42.57453388359117,45.55772680158112,55.6537241632853,41.09501686903232,45.74379605641846,10.064926004433007,48.97649706262472,-348.6612903225806,15.510882876689264,53.3593798513832,-346.601254914671,10.06492617005744,48.976498059205156,-348.6612914972962,-24.481017602992267,35.83843990779861,9.088571353991126,-0.7507837606891729,0.5257776958616537,-1.2564710310643983
6.41,-0.009806461306294922,0.01842154204084112,0.0021170590961127056,-0.3123912156811371,-0.843881881245692,0.5985540450793043,0.002772215826530063,0.002234313411341996,0.0035956579598242257,55.25676388570875,42.57453388359117,45.55772680158112,55.83639613439803,41.567658748049816,45.40210778797147,10.064926004433007,48.97649706262472,-348.6612903225806,12.790700335829893,54.02877343653294,-346.95489543507915,10.06492617005744,48.976498059205156,-348.6612914972962,-32.123253984441035,14.052046258861719,23.883822148630202,-1.2713039174936647,-0.6362152986108903,-0.024990316851252782
6.42,-0.012785221344813635,0.00978734990401453,0.008101883963562595,-0.2848768811300319,-0.8755216994097479,0.5955768808107971,0.0027873072334213137,0.0024437477635625955,0.0024531301635193938,55.25676388570875,42.57453388359117,45.55772680158112,56.005447405839575,42.064027890347916,45.059478858679014,10.064926004433007,48.97649706262472,-348.6612903225806,9.99160640877003,54.575729491884694,-347.3154299780511,10.06492617005744,48.976498059205156,-348.6612914972962,-38.71950832330663,-8.908794957288686,50.23573502994272,-1.3764673070919031,-1.032658033584336,0.4337352662197305
6.43,-0.015457358992259196,0.0009495432938724235,0.013952048374437753,-0.25237075458044606,-0.889627484974505,0.5738037179816382,0.0028409751330152402,0.00473908938628642,0.0022512557537011924,55.25676388570875,42.57453388359117,45.55772680158112,56.15667051439392,42.571161015658824,44.72563301978336,10.064926004433007,48.97649706262472,-348.6612903225806,7.187655722365188,54.98382740450672,-347.6742497529476,10.06492617005744,48.976498059205156,-348.6612914972962,-44.731178551758205,-19.324366017006113,70.64931885701692,-1.4694502932398639,-1.199289752752766,0.7647664538000308
6.44,-0.008741818833126969,0.024423960277146106,-0.00016926605279543594,-0.21564129204851293,-0.8897628839838306,0.5379787544160836,0.002814003278890311,0.002225476815603892,0.0038342032828587898,55.77492628799408,44.430711048655304,44.43071104865531,56.288177626295884,43.08304825011255,44.40935988052781,4.898587196589413e-14,50.0,-350.0,4.426617276396993,55.23708073097833,-348.03518617794697,-4.947913506307222e-15,50.00000102555436,-350.0000011578493,-27.80818471899113,26.626406094528804,14.883743551141794,-0.903552012077454,0.45949986336589627,-1.172033563710715
6.45,-0.010808609603827235,0.015163998534014178,0.005263403422249846,-0.1960954385363136,-0.9454917246105439,0.5436267843401436,0.0027588496076545854,0.002269830589627196,0.002943026063859251,55.77492628799408,44.430711048655304,44.43071104865531,56.405297941430995,43.61623355147225,44.098017621099906,4.898587196589413e-14,50.0,-350.0,1.6090261437978355,55.35298996135026,-348.4069413376761,-4.947913506307222e-15,50.00000102555436,-350.0000011578493,-31.74374707448108,1.9878063024415562,33.583087600273,-1.2350493982751283,-0.8741132401036901,0.14094024891891785
6.46,-0.012615392426253202,0.005578062514515314,0.010645564467908653,-0.1674073985629134,-0.965957431728222,0.53117402897881,0.002779409426583078,0.0035893549023378827,0.002316879567748183,55.77492628799408,44.430711048655304,44.43071104865531,56.50715420717622,44.16653078422712,43.79045657998107,4.898587196589413e-14,50.0,-350.0,-1.2570751868866448,55.33673500676003,-348.7801390712662,-4.947913506307222e-15,50.00000102555436,-350.0000011578493,-36.109413355200466,-16.925268079681306,56.79520529724078,-1.3024129503447897,-1.176408404208176,0.5225949930659584
6.47,-0.014121457304446694,-0.004140792750868538,0.01581247966096655,-0.136445658997819,-0.9747990084973577,0.5028606873573753,0.002809363662075029,0.004128682476136707,0.00222814530283091,55.77492628799408,44.430711048655304,44.43071104865531,56.59165175923127,44.72379591066101,43.49610827213906,4.898587196589413e-14,50.0,-350.0,-4.108193131497091,55.178876876314106,-349.1530824847904,-4.947913506307222e-15,50.00000102555436,-350.0000011578493,-39.29981594399877,-29.26925085265533,73.31091532610002,-1.3446743958343923,-1.413104131220251,0.7970361914688906
