Time,e1,e2,e3,edot1,edot2,edot3,mu1,mu2,mu3,SetAngle1,SetAngle2,SetAngle3,ActualAngle1,ActualAngle2,ActualAngle3,X0,Y0,Z0,Actual_X,Actual_Y,Actual_Z,X_Set,Y_Set,Z_Set,refCurr1,refCurr2,refCurr3,ActualCurr1,ActualCurr2,ActualCurr3
0.0,0.0,0.0,0.0,0.0,0.0,0.0,0.004351608849062665,0.004351608849062665,0.004351608849062665,5.036570969495911,5.036570969495911,5.036570969495911,5.0368371913555094,5.0368371913555094,5.0368371913555094,0.0,0.0,-200.0,0.0,0.0,-200.00087761433926,0.0,-1.4389247772835927e-14,-200.00000245737616,-0.22997536201500873,-0.22997536201500882,-0.22997536201500882,-0.0069384076681152035,-0.006938407668115205,-0.006938407668115205
0.01,-0.00024824082206471865,-0.00024824082206471865,-0.00024824082206471865,-0.04429961826079981,-0.044299618260799846,-0.04429961826079983,0.00438284720030769,0.00438284720030769,0.00438284720030769,5.036570969495911,5.036570969495911,5.036570969495911,5.053567667188593,5.053567667188593,5.053567667188593,0.0,0.0,-200.0,0.0,-7.19481875963862e-15,-200.0558821991022,0.0,-1.4389247772835927e-14,-200.00000245737616,-1.1028194113048269,-1.1028194113048275,-1.1028194113048275,-0.0328117769979562,-0.03281177699795622,-0.03281177699795622
0.02,-0.0009068023066715752,-0.0009068023066715752,-0.0009068023066715752,-0.08253498994914643,-0.08253498994914646,-0.08253498994914645,0.004378271650361809,0.004378271650361809,0.004378271650361809,5.036570969495911,5.036570969495911,5.036570969495911,5.093454436507577,5.093454436507577,5.093454436507577,0.0,0.0,-200.0,0.0,0.0,-200.18706605807674,0.0,-1.4389247772835927e-14,-200.00000245737616,-2.2474389052662707,-2.2474389052662707,-2.2474389052662707,-0.06366240145195808,-0.06366240145195806,-0.06366240145195806
0.03,-0.0019115713426269276,-0.0019115713426269276,-0.0019115713426269276,-0.11411706815909695,-0.114117068159097,-0.114117068159097,0.004287135845330501,0.004287135845330502,0.004287135845330502,5.036570969495911,5.036570969495911,5.036570969495911,5.152793066695965,5.152793066695965,5.152793066695965,0.0,0.0,-200.0,0.0,-7.195969698933695e-15,-200.3823518358374,0.0,-1.4389247772835927e-14,-200.00000245737616,-3.6590918197275064,-3.6590918197275064,-3.659091819727507,-0.09720565958605262,-0.09720565958605264,-0.09720565958605264
0.04,-0.0031926314470512446,-0.0031926314470512446,-0.0031926314470512446,-0.13838562867648113,-0.13838562867648121,-0.1383856286764812,0.004049740987929548,0.004049740987929548,0.004049740987929548,5.036570969495911,5.036570969495911,5.036570969495911,5.227537942897154,5.227537942897154,5.227537942897154,0.0,0.0,-200.0,0.0,0.0,-200.62855519442658,0.0,-1.4389247772835927e-14,-200.00000245737616,-5.431173900671239,-5.431173900671242,-5.431173900671242,-0.13500614353833085,-0.13500614353833096,-0.13500614353833096
0.05,-0.00467095213956864,-0.00467095213956864,-0.00467095213956864,-0.15416582112638516,-0.15416582112638522,-0.15416582112638527,0.0036482958407892284,0.0036482958407892284,0.0036482958407892284,5.036570969495911,5.036570969495911,5.036570969495911,5.313089707261727,5.313089707261727,5.313089707261727,0.0,0.0,-200.0,0.0,-7.197876976144307e-15,-200.91064903229764,0.0,-1.4389247772835927e-14,-200.00000245737616,-7.771195944400534,-7.771195944400534,-7.771195944400533,-0.18035729368232448,-0.18035729368232453,-0.18035729368232448
0.06,-0.0062522824445575,-0.0062522824445575,-0.0062522824445575,-0.15972344123435464,-0.15972344123435467,-0.15972344123435475,0.003198502912952735,0.003198502912952735,0.003198502912952735,5.036570969495911,5.036570969495911,5.036570969495911,5.403948497675629,5.403948497675629,5.40394849767563,0.0,0.0,-200.0,2.450093871124316e-15,-1.5812531125672998e-14,-201.21058404192453,0.0,-1.4389247772835927e-14,-200.00000245737616,-10.754538476523605,-10.754538476523607,-10.754538476523608,-0.2335216972014843,-0.2335216972014843,-0.23352169720148433
0.07,-0.007828292649234195,-0.007828292649234195,-0.007828292649234209,-0.15429386968552272,-0.1542938696855228,-0.15429386968552275,0.002894709152428592,0.002894709152428592,0.002894709152428586,5.036570969495911,5.036570969495911,5.036570969495911,5.493877128597645,5.493877128597645,5.493877128597646,0.0,0.0,-200.0,0.0,-1.4400198470154955e-14,-201.50779440733018,0.0,-1.4389247772835927e-14,-200.00000245737616,-13.778167000639561,-13.778167000639568,-13.77816700063962,-0.28320637021800965,-0.2832063702180099,-0.28320637021801115
0.08,-0.009298203787968404,-0.009298203787968404,-0.009298203787968418,-0.1399374971555956,-0.13993749715559567,-0.13993749715559553,0.002776098434110953,0.002776098434110953,0.0027760984341109567,5.036570969495911,5.036570969495911,5.036570969495911,5.5772337947993265,5.5772337947993265,5.577233794799327,0.0,0.0,-200.0,0.0,-1.4402298617811328e-14,-201.78359110642302,0.0,-1.4389247772835927e-14,-200.00000245737616,-16.065624950236156,-16.065624950236163,-16.06562495023616,-0.31735723054658405,-0.3173572305465844,-0.31735723054658377
0.09,-0.010591125316728497,-0.010591125316728497,-0.010591125316728511,-0.11996491893758877,-0.11996491893758887,-0.11996491893758868,0.0027547829435703546,0.0027547829435703546,0.0027547829435703554,5.036570969495911,5.036570969495911,5.036570969495911,5.650145436722733,5.650145436722733,5.650145436722734,0.0,0.0,-200.0,0.0,-7.202080982685866e-15,-202.0250700461427,0.0,-1.4389247772835927e-14,-200.00000245737616,-17.56543172836426,-17.565431728364263,-17.565431728364274,-0.33680271223969155,-0.33680271223969166,-0.33680271223969166
0.1,-0.011666004950422706,-0.011666004950422706,-0.01166600495042272,-0.09696345251366915,-0.0969634525136693,-0.09696345251366903,0.002762103691175015,0.002762103691175015,0.0027621036911750175,5.036570969495911,5.036570969495911,5.036570969495911,5.710401997666087,5.710401997666087,5.710401997666088,0.0,0.0,-200.0,2.4637695577350355e-15,-8.625318253622573e-15,-202.2248054276263,0.0,-1.4389247772835927e-14,-200.00000245737616,-18.53034900374347,-18.53034900374348,-18.530349003743478,-0.3467083045515933,-0.3467083045515937,-0.34670830455159285
0.11,-0.012502239191870504,-0.012502239191870518,-0.012502239191870518,-0.07261293359085585,-0.07261293359085595,-0.07261293359085567,0.0027742492175111934,0.0027742492175111926,0.0027742492175111926,5.036570969495911,5.036570969495911,5.036570969495911,5.7569162491998895,5.7569162491998895,5.7569162491998895,0.0,0.0,-200.0,0.0,0.0,-202.3790930658237,0.0,-1.4389247772835927e-14,-200.00000245737616,-19.097087537965304,-19.09708753796533,-19.097087537965326,-0.3495678914670588,-0.3495678914670593,-0.3495678914670591
0.12,-0.013093920798681699,-0.013093920798681713,-0.013093920798681713,-0.048252376944094774,-0.048252376944094795,-0.04825237694409455,0.0027863106817990905,0.0027863106817990887,0.0027863106817990887,5.036570969495911,5.036570969495911,5.036570969495911,5.789424843160973,5.789424843160974,5.789424843160974,0.0,0.0,-200.0,0.0,-5.6980270063136496e-15,-202.48697797708,0.0,-1.4389247772835927e-14,-200.00000245737616,-19.320515898786216,-19.32051589878625,-19.320515898786244,-0.3467270562647968,-0.34672705626479744,-0.34672705626479716
0.13,-0.013446911351327334,-0.013446911351327348,-0.013446911351327334,-0.02492126702565321,-0.02492126702565317,-0.024921267025653032,0.002793619769956902,0.0027936197699569,0.002793619769956902,5.036570969495911,5.036570969495911,5.036570969495911,5.808321567921141,5.8083215679211415,5.808321567921141,0.0,0.0,-200.0,-2.4681679689074466e-15,-8.629141939009402e-15,-202.549710142356,0.0,-1.4389247772835927e-14,-200.00000245737616,-19.266534020122602,-19.266534020122634,-19.2665340201226,-0.33953950170875397,-0.3395395017087544,-0.33953950170875385
0.14,-0.013576118556285377,-0.013576118556285391,-0.013576118556285377,-0.003430033681402821,-0.003430033681402741,-0.0034300336814026737,0.002796081103639188,0.0027960811036391907,0.002796081103639188,5.036570969495911,5.036570969495911,5.036570969495911,5.814505925635806,5.814505925635807,5.814505925635806,0.0,0.0,-200.0,0.0,0.0,-202.57024384083226,0.0,-1.4389247772835927e-14,-200.00000245737616,-18.97571896644707,-18.975718966447065,-18.975718966447058,-0.3289144454421715,-0.3289144454421712,-0.3289144454421712
0.15,-0.01350353910309908,-0.013503539103099094,-0.01350353910309908,0.01559387075887129,0.015593870758871387,0.015593870758871404,0.002794101168515686,0.002794101168515686,0.002794101168515686,5.036570969495911,5.036570969495911,5.036570969495911,5.809273165995179,5.8092731659951795,5.809273165995179,0.0,0.0,-200.0,-2.4682107817310758e-15,-1.425022159249173e-15,-202.5528695944537,0.0,-1.4389247772835927e-14,-200.00000245737616,-18.488507531033626,-18.488507531033644,-18.48850753103362,-0.3157103070003649,-0.3157103070003654,-0.3157103070003646
0.16,-0.013256480681476446,-0.01325648068147646,-0.013256480681476446,0.03169690482126237,0.0316969048212625,0.03169690482126246,0.0027883020047566693,0.0027883020047566667,0.0027883020047566693,5.036570969495911,5.036570969495911,5.036570969495911,5.794212921479879,5.79421292147988,5.794212921479879,0.0,0.0,-200.0,-2.4675333690554194e-15,-8.628589140821094e-15,-202.5028717223878,0.0,-1.4389247772835927e-14,-200.00000245737616,-17.84584861531858,-17.845848615318616,-17.845848615318577,-0.300745198991824,-0.3007451989918245,-0.3007451989918238
0.17,-0.012865872648173127,-0.01286587264817314,-0.012865872648173127,0.0445900991256087,0.044590099125608865,0.04459009912560877,0.0027794717665458445,0.0027794717665458445,0.0027794717665458445,5.036570969495911,5.036570969495911,5.036570969495911,5.771112962110646,5.771112962110646,5.771112962110646,0.0,0.0,-200.0,0.0,-1.440730774359643e-14,-202.42620164261655,0.0,-1.4389247772835927e-14,-200.00000245737616,-17.088494593810804,-17.08849459381082,-17.088494593810804,-0.28478682721705567,-0.28478682721705606,-0.28478682721705567
0.18,-0.012364686025933574,-0.012364686025933588,-0.012364686025933574,0.05413524051733914,0.05413524051733932,0.05413524051733917,0.002769246439694564,0.0027692464396945633,0.002769246439694564,5.036570969495911,5.036570969495911,5.036570969495911,5.741869573281212,5.741869573281213,5.741869573281212,0.0,0.0,-200.0,-2.4651815189743377e-15,-1.4232732135811242e-15,-202.3291733269884,0.0,-1.4389247772835927e-14,-200.00000245737616,-16.252161366291624,-16.25216136629165,-16.252161366291624,-0.2684566879954997,-0.2684566879955001,-0.2684566879954997
0.19,-0.011786663818570894,-0.011786663818570908,-0.011786663818570894,0.0603000234131562,0.0603000234131564,0.06030002341315621,0.0027602095764403247,0.0027602095764403247,0.0027602095764403247,5.036570969495911,5.036570969495911,5.036570969495911,5.708417267672244,5.708417267672245,5.708417267672244,0.0,0.0,-200.0,-2.4636805503808456e-15,-8.625241064237365e-15,-202.2182241092279,0.0,-1.4389247772835927e-14,-200.00000245737616,-15.368050444435438,-15.368050444435454,-15.368050444435442,-0.2523221575499089,-0.25232215754990894,-0.252322157549909
0.2,0.23571833812816045,0.23571833812816045,0.23571833812816045,0.06319709804396216,0.06319709804396235,0.06319709804396216,0.0022099780513036796,0.0022099780513036796,0.0022099780513036796,19.181950665421784,19.181950665421784,19.181950665421784,5.677169708157791,5.677169708157792,5.677169708157791,0.0,0.0,-250.0,0.0,-1.4404858855583717e-14,-202.11462979936536,0.0,0.0,-250.00000223057026,411.4564090751188,411.4564090751188,411.45640907511887,3.5479991227751944,3.5479991227751944,3.5479991227751944
0.21,0.23210372483496394,0.23210372483496394,0.23210372483496394,-0.7018062356773478,-0.7018062356773476,-0.7018062356773478,0.0022224509319941966,0.0022224509319941966,0.0022224509319941966,19.181950665421784,19.181950665421784,19.181950665421784,5.9278325168507875,5.927832516850788,5.9278325168507875,0.0,0.0,-250.0,-2.4735551306979096e-15,-8.633849784719606e-15,-202.94680170857316,0.0,0.0,-250.00000223057026,383.5551892398388,383.5551892398388,383.5551892398388,3.3229981661142265,3.3229981661142265,3.3229981661142265
0.22,0.2210956993312144,0.22109569933121437,0.2210956993312144,-1.4204530330119414,-1.420453033011941,-1.4204530330119411,0.002225476815603892,0.002225476815603892,0.002225476815603892,19.181950665421784,19.181950665421784,19.181950665421784,6.599462180806274,6.599462180806275,6.599462180806274,0.0,0.0,-250.0,0.0,0.0,-205.18940856855298,0.0,0.0,-250.00000223057026,346.10874228888986,346.10874228888974,346.1087422888898,3.1116314610074483,3.1116314610074483,3.1116314610074483
0.23,0.2031464674614082,0.2031464674614082,0.2031464674614082,-2.0948314311731444,-2.0948314311731435,-2.094831431173144,0.002225476815603892,0.002225476815603892,0.002225476815603892,19.181950665421784,19.181950665421784,19.181950665421784,7.6662697255213095,7.6662697255213095,7.6662697255213095,0.0,0.0,-250.0,0.0,-1.4465498551266616e-14,-208.7891218619086,0.0,0.0,-250.00000223057026,298.4085202038187,298.4085202038187,298.4085202038187,2.9132848733050056,2.9132848733050056,2.9132848733050056
0.24,0.17868651373976385,0.17868651373976385,0.17868651373976385,-2.7271828193315346,-2.7271828193315337,-2.727182819331535,0.002225476815603892,0.002225476815603892,0.002225476815603892,19.181950665421784,19.181950665421784,19.181950665421784,9.103719519927049,9.103719519927049,9.103719519927049,0.0,0.0,-250.0,0.0,0.0,-213.70934233796044,0.0,0.0,-250.00000223057026,240.4364855286592,240.43648552865932,240.43648552865923,2.7272991708979335,2.727299170897934,2.7272991708979335
0.25,0.14817921723644012,0.14817921723644012,0.1481792172364401,-3.2933287540642437,-3.2933287540642424,-3.2933287540642437,0.002225476815603892,0.002225476815603892,0.002225476815603892,19.181950665421784,19.181950665421784,19.181950665421784,10.88316989776947,10.88316989776947,10.883169897769472,0.0,0.0,-250.0,5.431858059040071e-15,-1.7739492872782527e-14,-219.90419705187657,0.0,0.0,-250.00000223057026,173.42490998587786,173.42490998587786,173.42490998587778,1.9541201424020656,1.9541201424020644,1.9541201424020636
0.26,0.11321745598840222,0.11321745598840222,0.11321745598840219,-3.622940425499379,-3.622940425499379,-3.6229404254993796,0.002225476815603892,0.002225476815603892,0.002225476815603892,19.181950665421784,19.181950665421784,19.181950665421784,12.903726435898541,12.903726435898541,12.903726435898543,0.0,0.0,-250.0,0.0,0.0,-227.06549814855538,0.0,0.0,-250.00000223057026,104.35775869703991,104.35775869703994,104.35775869703978,0.6949015482497655,0.6949015482497666,0.6949015482497625
0.27,0.0763503249272608,0.0763503249272608,0.07635032492726074,-3.7036301566340915,-3.7036301566340915,-3.703630156634092,0.002225476815603892,0.002225476815603892,0.002225476815603892,19.181950665421784,19.181950665421784,19.181950665421784,15.019343692828892,15.019343692828892,15.019343692828896,0.0,0.0,-250.0,5.897641035928891e-15,-1.826163994010901e-14,-234.6914143425377,0.0,0.0,-250.00000223057026,37.973716001621334,37.97371600162135,37.973716001621206,-0.44494959938460127,-0.4449495993846006,-0.4449495993846035
0.28,0.0399039202449985,0.0399039202449985,0.03990392024499845,-3.5664104274466912,-3.566410427446691,-3.5664104274466917,0.002225476815603892,0.002225476815603892,0.002225476815603892,19.181950665421784,19.181950665421784,19.181950665421784,17.098573821549962,17.098573821549962,17.098573821549966,0.0,0.0,-250.0,6.1549300266295484e-15,-3.553550507717881e-15,-242.2943916666032,0.0,0.0,-250.00000223057026,-22.367552405813395,-22.367552405813388,-22.36755240581352,-1.4181548633607863,-1.4181548633607857,-1.4181548633607883
0.29,0.0058438390750197855,0.0058438390750197855,0.00584383907501973,-3.254713708840157,-3.2547137088401557,-3.254713708840156,0.0034802852629156524,0.0034802852629156524,0.003480285262915675,19.181950665421784,19.181950665421784,19.181950665421784,19.031985413155716,19.031985413155716,19.03198541315572,0.0,0.0,-250.0,6.240714170341536e-15,-1.119832065262514e-14,-249.44285739371628,0.0,0.0,-250.00000223057026,-52.12510874077612,-52.12510874077608,-52.125108740775886,-1.6220749182768024,-1.6220749182768008,-1.622074918276795
0.3,-0.024851443268368356,-0.024851443268368356,-0.02485144326836841,-2.891142256319639,-2.8911422563196383,-2.8911422563196387,0.0031783346899680936,0.0031783346899680936,0.0031783346899680936,19.181950665421784,19.181950665421784,19.181950665421784,20.76909697487581,20.76909697487581,20.769096974875815,0.0,0.0,-250.0,2.6609520229962948e-14,-1.5363013667775903e-14,-255.9161490458062,0.0,0.0,-250.00000223057026,-86.69368372602756,-86.69368372602752,-86.69368372602766,-2.284207831929241,-2.2842078319292396,-2.2842078319292423
0.31,-0.05137260296679674,-0.05137260296679674,-0.051372602966796854,-2.448045815965029,-2.4480458159650285,-2.448045815965029,0.0031783346899680936,0.0031783346899680936,0.0031783346899680936,19.181950665421784,19.181950665421784,19.181950665421784,22.26294474631527,22.26294474631527,22.262944746315274,0.0,0.0,-250.0,0.0,0.0,-261.5114230740188,0.0,0.0,-250.00000223057026,-110.86912780163854,-110.86912780163854,-110.86912780163875,-2.558046129360954,-2.558046129360954,-2.558046129360957
0.32,-0.07319870593069228,-0.07319870593069228,-0.07319870593069239,-1.9606574839952302,-1.96065748399523,-1.96065748399523,0.0031783346899680936,0.0031783346899680936,0.0031783346899680936,19.181950665421784,19.181950665421784,19.181950665421784,23.48538735279065,23.48538735279065,23.485387352790656,0.0,0.0,-250.0,2.1433352999972584e-14,-1.2374552124170442e-14,-266.1038183424205,0.0,0.0,-250.00000223057026,-128.38376913683638,-128.38376913683638,-128.38376913683655,-2.7104107908369612,-2.710410790836961,-2.710410790836964
0.33,-0.0900217559571237,-0.09002175595712375,-0.0900217559571238,-1.453314033767305,-1.4533140337673047,-1.4533140337673045,0.0031783346899680936,0.0031783346899680936,0.0031783346899680936,19.181950665421784,19.181950665421784,19.181950665421784,24.420166993892565,24.42016699389257,24.420166993892572,0.0,0.0,-250.0,0.0,-3.2425988600659655e-14,-269.62086786178736,0.0,0.0,-250.00000223057026,-139.32480479290953,-139.32480479290967,-139.3248047929097,-2.746473178860297,-2.746473178860301,-2.7464731788603
0.34,-0.10176738128934781,-0.10176738128934787,-0.10176738128934792,-0.9484237367821446,-0.9484237367821438,-0.9484237367821436,0.0031783346899680936,0.0031783346899680936,0.0031783346899680936,19.181950665421784,19.181950665421784,19.181950665421784,25.06429277133346,25.06429277133346,25.064292771333463,0.0,0.0,-250.0,1.4612625831915562e-14,-2.4314590682338758e-14,-272.04587767772773,0.0,0.0,-250.00000223057026,-144.04174648599542,-144.0417464859955,-144.04174648599556,-2.678672728443636,-2.678672728443638,-2.678672728443638
0.35,-0.10856842692869884,-0.10856842692869884,-0.10856842692869889,-0.46489233656559703,-0.4648923365655961,-0.46489233656559587,0.003165483426160874,0.003165483426160874,0.003165483426160874,19.181950665421784,19.181950665421784,19.181950665421784,25.426430883663024,25.426430883663024,25.426430883663024,0.0,0.0,-250.0,0.0,-7.963588154184512e-15,-273.4095163906332,0.0,0.0,-250.00000223057026,-143.64623155014925,-143.64623155014922,-143.64623155014925,-2.531997017116795,-2.531997017116794,-2.531997017116794
0.36,-0.11072515431281749,-0.11072515431281749,-0.11072515431281754,-0.018550359325969004,-0.018550359325968123,-0.018550359325967665,0.0031570703952451635,0.0031570703952451635,0.0031570703952451635,19.181950665421784,19.181950665421784,19.181950665421784,25.52469169641931,25.52469169641931,25.524691696419314,0.0,0.0,-250.0,7.861299222725728e-15,-4.538723222420896e-15,-273.77953118422386,0.0,0.0,-250.00000223057026,-138.02457649431972,-138.02457649431966,-138.0245764943198,-2.307099298679177,-2.3070992986791756,-2.3070992986791783
0.37,-0.10869314829414739,-0.10869314829414739,-0.10869314829414745,0.3759503333656962,0.37595033336569694,0.37595033336569755,0.0031560126324285632,0.0031560126324285632,0.0031560126324285632,19.181950665421784,19.181950665421784,19.181950665421784,25.385997307491163,25.385997307491163,25.385997307491166,0.0,0.0,-250.0,7.823772458843057e-15,-4.517057135191421e-15,-273.2572588238559,0.0,0.0,-250.00000223057026,-127.88275489085848,-127.88275489085842,-127.88275489085855,-2.0215355510655146,-2.021535551065513,-2.0215355510655164
0.38,-0.10305211233020889,-0.10305211233020889,-0.10305211233020889,0.7081160683509914,0.7081160683509922,0.7081160683509926,0.003159819183970026,0.003159819183970026,0.003159819183970026,19.181950665421784,19.181950665421784,19.181950665421784,25.044138726363247,25.044138726363247,25.044138726363247,0.0,0.0,-250.0,0.0,-7.937638972107779e-15,-271.9699906907614,0.0,0.0,-250.00000223057026,-114.28706531616126,-114.28706531616123,-114.28706531616119,-1.6963712318075226,-1.6963712318075221,-1.6963712318075204
0.39,-0.09446290939538105,-0.09446290939538105,-0.09446290939538105,0.9717884305913929,0.9717884305913939,0.9717884305913941,0.0031633849143932148,0.0031633849143932148,0.0031633849143932148,19.181950665421784,19.181950665421784,19.181950665421784,24.537307954567325,24.537307954567325,24.537307954567325,0.0,0.0,-250.0,0.0,-7.904056736738688e-15,-270.0618148850127,0.0,0.0,-250.00000223057026,-98.40446859227536,-98.40446859227536,-98.40446859227535,-1.3532422005842195,-1.3532422005842206,-1.3532422005842193
0.4,-0.08362372034923593,-0.08362372034923593,-0.08362372034923593,1.1650957640853714,1.165095764085372,1.1650957640853725,0.0031633849143932148,0.0031633849143932148,0.0031633849143932148,19.181950665421784,19.181950665421784,19.181950665421784,23.90559556445274,23.90559556445274,23.90559556445274,0.0,0.0,-250.0,0.0,0.0,-267.6843983774225,0.0,0.0,-250.00000223057026,-81.2277985759004,-81.22779857590038,-81.22779857590038,-1.0086945783467591,-1.0086945783467582,-1.0086945783467587
0.41,-0.07123583461892119,-0.07123583461892119,-0.07123583461892119,1.2888315152448568,1.2888315152448575,1.2888315152448575,0.0031633849143932148,0.0031633849143932148,0.0031633849143932148,19.181950665421784,19.181950665421784,19.181950665421784,23.189122785034797,23.189122785034797,23.189122785034797,0.0,0.0,-250.0,0.0,0.0,-264.98996801246716,0.0,0.0,-250.00000223057026,-63.47882115684203,-63.478821156842,-63.478821156841995,-0.6748889504102292,-0.6748889504102279,-0.6748889504102277
0.42,-0.05797847419564911,-0.05797847419564911,-0.05797847419564911,1.3463662368864022,1.346366236886403,1.3463662368864031,0.0031633849143932148,0.0031633849143932148,0.0031633849143932148,19.181950665421784,19.181950665421784,19.181950665421784,22.42659899240199,22.42659899240199,22.42659899240199,0.0,0.0,-250.0,0.0,0.0,-262.125630962121,0.0,0.0,-250.00000223057026,-45.935920462507816,-45.935920462507795,-45.935920462507795,-0.36392110021196433,-0.3639211002119639,-0.3639211002119641
0.43,-0.0444844474642665,-0.0444844474642665,-0.0444844474642665,1.343308552103153,1.3433085521031536,1.343308552103154,0.0031633849143932148,0.0031633849143932148,0.0031633849143932148,19.181950665421784,19.181950665421784,19.181950665421784,21.653948801326887,21.653948801326887,21.653948801326887,0.0,0.0,-250.0,0.0,-7.730019664709123e-15,-259.22778341821487,0.0,0.0,-250.00000223057026,-29.27760150617821,-29.27760150617822,-29.277601506178197,-0.08555211083428522,-0.08555211083428582,-0.0855521108342849
0.44,-0.031320466865965235,-0.031320466865965235,-0.031320466865965235,1.2870120255852642,1.2870120255852644,1.2870120255852646,0.0031633849143932148,0.0031633849143932148,0.0031633849143932148,19.181950665421784,19.181950665421784,19.181950665421784,20.903212694826646,20.903212694826646,20.903212694826646,0.0,0.0,-250.0,0.0,-1.5378466639931983e-14,-256.4175446859884,0.0,0.0,-250.00000223057026,-14.066168810831721,-14.066168810831739,-14.066168810831709,0.15292181436579677,0.15292181436579624,0.1529218143657971
0.45,-0.01897228785021554,-0.01897228785021554,-0.018972287850215486,1.1862376212206893,1.1862376212206893,1.1862376212206898,0.0029228643069227163,0.0029228643069227163,0.002922864306922717,19.181950665421784,19.181950665421784,19.181950665421784,20.20170438602481,20.20170438602481,20.201704386024808,0.0,0.0,-250.0,-1.9711311549798923e-14,3.7275977668811316e-15,-253.7973160344056,0.0,0.0,-250.00000223057026,-1.156735792444248,-1.1567357924442476,-1.1567357924441488,0.3377367623025798,0.3377367623025798,0.3377367623025822
0.46,-0.007833489383848702,-0.007833489383848702,-0.007833489383848646,1.0492550032697816,1.0492550032697814,1.0492550032697818,0.002751589967413027,0.002751589967413027,0.0027515899674130234,19.181950665421784,19.181950665421784,19.181950665421784,19.57154977906113,19.57154977906113,19.571549779061126,0.0,0.0,-250.0,-6.482858553911066e-15,-3.8783649716242544e-15,-251.44902195431928,0.0,0.0,-250.00000223057026,11.368204292561803,11.368204292561803,11.36820429256192,0.5110081198444907,0.5110081198444907,0.511008119844493
0.47,0.0017831604126232192,0.0017831604126232192,0.0017831604126232747,0.8884882325146101,0.8884882325146098,0.8884882325146098,0.003352642858254343,0.003352642858254343,0.0033526428582543316,19.181950665421784,19.181950665421784,19.181950665421784,19.02985022581584,19.02985022581584,19.029850225815835,0.0,0.0,-250.0,-1.2649128056818235e-14,-2.9216399709698814e-16,-249.43492736793192,0.0,0.0,-250.00000223057026,18.265205411987058,18.26520541198705,18.265205411987203,0.5813713113859015,0.5813713113859013,0.5813713113859047
0.48,0.009658268112058721,0.009658268112058721,0.009658268112058777,0.6981884928717157,0.6981884928717157,0.6981884928717151,0.0023512857577932507,0.0023512857577932507,0.00235128575779325,19.181950665421784,19.181950665421784,19.181950665421784,18.589773741703933,18.589773741703933,18.58977374170393,0.0,0.0,-250.0,-6.349714529309927e-15,-3.908571739379508e-15,-247.80206012087964,0.0,0.0,-250.00000223057026,33.06015180704444,33.06015180704444,33.060151807044534,0.7778704081145759,0.7778704081145761,0.7778704081145763
0.49,0.015463658675456793,0.015463658675456793,0.015463658675456848,0.48303447557615864,0.4830344755761588,0.48303447557615775,0.0022325591980096615,0.0022325591980096615,0.0022325591980096554,19.181950665421784,19.181950665421784,19.181950665421784,18.26951978425317,18.26951978425317,18.269519784253166,0.0,0.0,-250.0,-6.067137257239332e-15,-4.057115241880586e-15,-246.61581402277005,0.0,0.0,-250.00000223057026,39.293833379428946,39.29383337942895,39.29383337942915,0.8142845073751952,0.8142845073751955,0.8142845073751986
0.5,0.019105378923252758,0.019105378923252758,0.019105378923252814,0.268201505631518,0.2682015056315181,0.2682015056315168,0.0022072927509629962,0.0022072927509629962,0.0022072927509629962,19.181950665421784,19.181950665421784,19.181950665421784,18.073121844799154,18.073121844799154,18.07312184479915,0.0,0.0,-250.0,-6.28122752218658e-15,3.6264684007757085e-15,-245.88922379939223,0.0,0.0,-250.00000223057026,40.57255885817374,40.572558858173736,40.57255885817382,0.7699518330137106,0.7699518330137104,0.769951833013711
0.51,0.02067022716331335,0.02067022716331335,0.020670227163313404,0.06815307745688001,0.06815307745688018,0.06815307745687868,0.002208740509298874,0.002208740509298874,0.002208740509298873,19.181950665421784,19.181950665421784,19.181950665421784,17.9948048304087,17.9948048304087,17.994804830408697,0.0,0.0,-250.0,-6.270939333169902e-15,3.620528512077456e-15,-245.5996758392773,0.0,0.0,-250.00000223057026,38.10569508407108,38.10569508407108,38.10569508407119,0.6677547996983572,0.6677547996983572,0.6677547996983597
0.52,0.0203635590043153,0.0203635590043153,0.0203635590043153,-0.10728088460075878,-0.10728088460075867,-0.10728088460076021,0.0022114099057567735,0.0022114099057567735,0.0022114099057567735,19.181950665421784,19.181950665421784,19.181950665421784,18.022263645219983,18.022263645219983,18.022263645219983,0.0,0.0,-250.0,0.0,-1.5097819610655732e-14,-245.70118195851018,0.0,0.0,-250.00000223057026,32.95605627138804,32.95605627138805,32.956056271388,0.5282410092807509,0.5282410092807511,0.5282410092807497
0.53,0.018469114234801687,0.018469114234801687,0.01846911423480163,-0.25163785709938347,-0.2516378570993833,-0.25163785709938463,0.0022188276132447606,0.0022188276132447606,0.002218827613244761,19.181950665421784,19.181950665421784,19.181950665421784,18.13888533323077,18.13888533323077,18.13888533323077,0.0,0.0,-250.0,0.0,-1.5108216675493405e-14,-246.13244491464403,0.0,0.0,-250.00000223057026,25.764945186917505,25.764945186917515,25.76494518691735,0.36363972471046535,0.36363972471046546,0.36363972471046185
0.54,0.015321820593913127,0.015321820593913127,0.015321820593913071,-0.3608768590607929,-0.36087685906079275,-0.3608768590607936,0.0022473272666470503,0.0022473272666470503,0.002247327266647052,19.181950665421784,19.181950665421784,19.181950665421784,18.32526207506596,18.32526207506596,18.325262075065964,0.0,0.0,-250.0,6.3145168181287514e-15,-1.1208186590377513e-14,-246.82216097233876,0.0,0.0,-250.00000223057026,17.147609629790608,17.14760962979061,17.147609629790452,0.18553617597966143,0.18553617597966152,0.18553617597965874
0.55,0.011283507379916458,0.011283507379916458,0.011283507379916402,-0.43352075236664994,-0.4335207523666497,-0.4335207523666501,0.0023244519965528176,0.0023244519965528176,0.002324451996552815,19.181950665421784,19.181950665421784,19.181950665421784,18.560594828831032,18.560594828831032,18.560594828831036,0.0,0.0,-250.0,1.2691635788343698e-14,-7.327519338856922e-15,-247.69390677111676,0.0,0.0,-250.00000223057026,7.920795089758657,7.9207950897586565,7.920795089758546,0.008288695316530507,0.008288695316530408,0.008288695316528923
0.56,0.006715628982969568,0.006715628982969568,0.006715628982969513,-0.47076349714588034,-0.4707634971458801,-0.47076349714588017,0.003021439697159749,0.003021439697159749,0.003021439697159768,19.181950665421784,19.181950665421784,19.181950665421784,18.824261809229167,18.824261809229167,18.82426180922917,0.0,0.0,-250.0,3.2657975403463025e-14,-2.6440555708654577e-14,-248.671717178446,0.0,0.0,-250.00000223057026,-1.0154171835340626,-1.0154171835340564,-1.0154171835341523,-0.1513787393394377,-0.15137873933943752,-0.15137873933943902
0.57,0.0019280217968393742,0.0019280217968393742,0.0019280217968393187,-0.482918939595886,-0.48291893959588583,-0.48291893959588567,0.0045304028051960455,0.0045304028051960455,0.004530402805196054,19.181950665421784,19.181950665421784,19.181950665421784,19.099176645745267,19.099176645745267,19.09917664574527,0.0,0.0,-250.0,2.5997474521503755e-14,-1.5009648913240627e-14,-249.69244026579563,0.0,0.0,-250.00000223057026,-5.686776397054028,-5.686776397054022,-5.686776397054073,-0.2294315290794239,-0.2294315290794237,-0.22943152907942463
0.58,-0.0029011009867809245,-0.0029011009867809245,-0.00290110098678098,-0.48060231760314864,-0.4806023176031484,-0.48060231760314803,0.00431971039005059,0.00431971039005059,0.004319710390050575,19.181950665421784,19.181950665421784,19.181950665421784,19.375639891727204,19.375639891727204,19.375639891727207,0.0,0.0,-250.0,0.0,-7.611702430263454e-15,-250.7200993431302,0.0,0.0,-250.00000223057026,-10.199530216683343,-10.199530216683337,-10.199530216683426,-0.3084286728796469,-0.30842867287964676,-0.30842867287964837
0.59,-0.00759518874248194,-0.00759518874248194,-0.007595188742481995,-0.4554242423647279,-0.45542424236472767,-0.455424242364727,0.0029908909993178407,0.0029908909993178407,0.0029908909993178303,19.181950665421784,19.181950665421784,19.181950665421784,19.64296738286362,19.64296738286362,19.642967382863624,0.0,0.0,-250.0,2.6302388679958163e-14,-2.2810443949701287e-14,-251.71488469255684,0.0,0.0,-250.00000223057026,-19.417927362969657,-19.417927362969653,-19.417927362969806,-0.4633931102736495,-0.46339311027364943,-0.4633931102736517
0.6,-0.011873041580855781,-0.011873041580855781,-0.011873041580855836,-0.40255154365983725,-0.40255154365983714,-0.40255154365983625,0.0027756701414579817,0.0027756701414579817,0.0027756701414579765,19.181950665421784,19.181950665421784,19.181950665421784,19.884943145526556,19.884943145526556,19.88494314552656,0.0,0.0,-250.0,-8.741832111452492e-17,-1.5223034842443238e-14,-252.61621270323522,0.0,0.0,-250.00000223057026,-25.661812375387882,-25.661812375387875,-25.661812375388006,-0.5470454589995417,-0.5470454589995415,-0.547045458999543
0.61,-0.015552243019377132,-0.015552243019377132,-0.015552243019377132,-0.33852047545966174,-0.3385204754596616,-0.3385204754596607,0.0028465247329558345,0.0028465247329558345,0.0028465247329558345,19.181950665421784,19.181950665421784,19.181950665421784,20.092038095005112,20.092038095005112,20.092038095005112,0.0,0.0,-250.0,0.0,0.0,-253.38825368349055,0.0,0.0,-250.00000223057026,-28.77925230416396,-28.779252304163965,-28.779252304163936,-0.5805504069647429,-0.5805504069647429,-0.5805504069647422
0.62,-0.01856028264499171,-0.01856028264499171,-0.01856028264499171,-0.26947347333006066,-0.26947347333006055,-0.2694734733300598,0.002908770496162702,0.002908770496162702,0.002908770496162702,19.181950665421784,19.181950665421784,19.181950665421784,20.26041304449191,20.26041304449191,20.26041304449191,0.0,0.0,-250.0,0.0,-7.655729080368513e-15,-254.01636743989135,0.0,0.0,-250.00000223057026,-30.815897876409064,-30.815897876409064,-30.81589787640904,-0.5951266952838877,-0.5951266952838876,-0.595126695283887
0.63,-0.02087333135999586,-0.02087333135999586,-0.02087333135999586,-0.20143580138350517,-0.2014358013835051,-0.20143580138350436,0.003159609505872624,0.003159609505872624,0.003159609505872624,19.181950665421784,19.181950665421784,19.181950665421784,20.389081164009326,20.389081164009326,20.389081164009326,0.0,0.0,-250.0,0.0,0.0,-254.4966028256025,0.0,0.0,-250.00000223057026,-30.020745240738275,-30.020745240738282,-30.020745240738265,-0.5623685006719068,-0.5623685006719069,-0.5623685006719065
0.64,-0.022537396640514296,-0.022537396640514296,-0.022537396640514296,-0.13784010366550223,-0.1378401036655022,-0.13784010366550156,0.0031585813130511724,0.0031585813130511724,0.0031585813130511724,19.181950665421784,19.181950665421784,19.181950665421784,20.480785380419437,20.480785380419437,20.480785380419437,0.0,0.0,-250.0,0.0,-1.5334139679647586e-14,-254.8390025942226,0.0,0.0,-250.00000223057026,-30.859817544989287,-30.85981754498929,-30.859817544989284,-0.5589569253561998,-0.5589569253562,-0.5589569253561997
0.65,-0.0235740151710766,-0.0235740151710766,-0.0235740151710766,-0.07616765880640346,-0.07616765880640346,-0.0761676588064029,0.0031577318134155376,0.0031577318134155376,0.0031577318134155376,19.181950665421784,19.181950665421784,19.181950665421784,20.536664222091087,20.536664222091087,20.536664222091087,0.0,0.0,-250.0,0.0,0.0,-255.04769057116084,0.0,0.0,-250.00000223057026,-30.956763197541218,-30.95676319754123,-30.956763197541203,-0.5431523828157219,-0.5431523828157222,-0.5431523828157213
0.66,-0.024015209274140192,-0.024015209274140192,-0.024015209274140192,-0.018672883304144558,-0.018672883304144582,-0.018672883304144097,0.003157071665707928,0.003157071665707928,0.003157071665707928,19.181950665421784,19.181950665421784,19.181950665421784,20.558678639351072,20.558678639351072,20.558678639351072,0.0,0.0,-250.0,0.0,0.0,-255.12991720046017,0.0,0.0,-250.00000223057026,-30.394285052165095,-30.394285052165095,-30.394285052165092,-0.5174875545210915,-0.5174875545210915,-0.5174875545210915
0.67,-0.023913080831042988,-0.023913080831042988,-0.023913080831042988,0.03283423722730055,0.03283423722730051,0.032834237227300944,0.0031565888571310754,0.0031565888571310754,0.0031565888571310754,19.181950665421784,19.181950665421784,19.181950665421784,20.549914979204505,20.549914979204505,20.549914979204505,0.0,0.0,-250.0,0.0,-7.670658554689709e-15,-255.09718311750592,0.0,0.0,-250.00000223057026,-29.271952799592157,-29.271952799592153,-29.271952799592135,-0.48416594157560827,-0.4841659415756083,-0.4841659415756078
0.68,-0.02333533375989727,-0.02333533375989727,-0.02333533375989727,0.07699954072564916,0.0769995407256491,0.07699954072564949,0.0031562569155546725,0.0031562569155546725,0.0031562569155546725,19.181950665421784,19.181950665421784,19.181950665421784,20.51432734472571,20.51432734472571,20.51432734472571,0.0,0.0,-250.0,0.0,-1.5337618468691648e-14,-254.9642655435332,0.0,0.0,-250.00000223057026,-27.700263919611263,-27.700263919611267,-27.70026391961125,-0.44544105457922434,-0.44544105457922445,-0.445441054579224
0.69,-0.022360694451735552,-0.022360694451735552,-0.022360694451735552,0.1129255162016695,0.11292551620166945,0.1129255162016698,0.003156042923753665,0.003156042923753665,0.003156042923753665,19.181950665421784,19.181950665421784,19.181950665421784,20.456475273675192,20.456475273675192,20.456475273675192,0.0,0.0,-250.0,0.0,-1.5331622757914906e-14,-254.74822480010283,0.0,0.0,-250.00000223057026,-25.794749875737324,-25.79474987573733,-25.794749875737317,-0.4035171162052801,-0.40351711620528036,-0.4035171162052801
0.7,-0.021074430496699492,-0.021074430496699492,-0.021074430496699492,0.14015318480312194,0.14015318480312186,0.14015318480312222,0.00315591428257553,0.00315591428257553,0.00315591428257553,19.181950665421784,19.181950665421784,19.181950665421784,20.38126811774116,20.38126811774116,20.38126811774116,0.0,0.0,-250.0,0.0,0.0,-254.4674357805814,0.0,0.0,-250.00000223057026,-23.670596304431,-23.670596304431005,-23.670596304430994,-0.3604640080742394,-0.36046400807423945,-0.3604640080742393
0.71,-0.01955679989891118,-0.01955679989891118,-0.01955679989891118,0.1610615806736745,0.1610615806736744,0.16106158067367468,0.0029326005653748186,0.0029326005653748186,0.0029326005653748186,19.181950665421784,19.181950665421784,19.181950665421784,20.2931336771604,20.2931336771604,20.2931336771604,0.0,0.0,-250.0,0.0,0.0,-254.13847258625887,0.0,0.0,-250.00000223057026,-23.03815862803052,-23.038158628030523,-23.03815862803052,-0.3456082346587549,-0.3456082346587549,-0.34560823465875506
0.72,-0.017853980097838396,-0.017853980097838396,-0.017853980097838396,0.176513548183362,0.1765135481833619,0.17651354818336218,0.002883705354260216,0.002883705354260216,0.002883705354260216,19.181950665421784,19.181950665421784,19.181950665421784,20.194733804451747,20.194733804451747,20.194733804451747,0.0,0.0,-250.0,0.0,0.0,-253.7713106385557,0.0,0.0,-250.00000223057026,-20.799985100476015,-20.799985100476015,-20.799985100476004,-0.3029967806261001,-0.3029967806261001,-0.30299678062609975
0.73,-0.016044290251198023,-0.016044290251198023,-0.016044290251198023,0.18335096922682104,0.1833509692268209,0.18335096922682118,0.0028454591998770037,0.0028454591998770037,0.0028454591998770037,19.181950665421784,19.181950665421784,19.181950665421784,20.090702340474326,20.090702340474326,20.090702340474326,0.0,0.0,-250.0,0.0,0.0,-253.38327220746413,0.0,0.0,-250.00000223057026,-18.450643154117955,-18.450643154117955,-18.450643154117948,-0.2620661983518357,-0.26206619835183564,-0.26206619835183553
0.74,-0.014210930139171074,-0.014210930139171074,-0.014210930139171074,0.18217511852179555,0.18217511852179538,0.18217511852179563,0.002806581683868349,0.002806581683868349,0.002806581683868349,19.181950665421784,19.181950665421784,19.181950665421784,19.985769581187096,19.985769581187096,19.985769581187096,0.0,0.0,-250.0,0.0,7.641806026150368e-15,-252.99201705785174,0.0,0.0,-250.00000223057026,-16.18002280578099,-16.180022805780997,-16.180022805780986,-0.2247395795786942,-0.2247395795786945,-0.2247395795786941
0.75,-0.012429814098582292,-0.012429814098582292,-0.012429814098582292,0.17378817576402716,0.17378817576402703,0.17378817576402728,0.0027690428511742207,0.0027690428511742207,0.0027690428511742207,19.181950665421784,19.181950665421784,19.181950665421784,19.884237691288106,19.884237691288106,19.884237691288106,0.0,0.0,-250.0,0.0,-1.5273435343025835e-14,-252.61358379442336,0.0,0.0,-250.00000223057026,-14.068317014807157,-14.06831701480716,-14.068317014807153,-0.19225173942181883,-0.19225173942181914,-0.19225173942181872
0.76,-0.010767468456661822,-0.010767468456661822,-0.010767468456661822,0.15919483924686292,0.15919483924686278,0.159194839246863,0.0027469315075648497,0.0027469315075648497,0.0027469315075648497,19.181950665421784,19.181950665421784,19.181950665421784,19.78986089226965,19.78986089226965,19.78986089226965,0.0,0.0,-250.0,0.0,-7.632016232798826e-15,-252.26194607311973,0.0,0.0,-250.00000223057026,-12.132932850848576,-12.132932850848585,-12.13293285084857,-0.16451021325424892,-0.16451021325424922,-0.16451021325424883
0.77,-0.00928041644941835,-0.00928041644941835,-0.00928041644941835,0.13941556084135537,0.13941556084135526,0.13941556084135542,0.0027564685267855594,0.0027564685267855594,0.0027564685267855594,19.181950665421784,19.181950665421784,19.181950665421784,19.705819101902648,19.705819101902648,19.705819101902648,0.0,0.0,-250.0,0.0,-1.5255705104293744e-14,-251.94891998969732,0.0,0.0,-250.00000223057026,-10.406327929878016,-10.406327929878021,-10.406327929878012,-0.14164942202037545,-0.14164942202037556,-0.14164942202037528
0.78,-0.008015303321151357,-0.008015303321151357,-0.008015303321151357,0.11539963774428375,0.11539963774428363,0.11539963774428379,0.0028261193044792814,0.0028261193044792814,0.0028261193044792814,19.181950665421784,19.181950665421784,19.181950665421784,19.634730351269386,19.634730351269386,19.634730351269386,0.0,0.0,-250.0,0.0,0.0,-251.6842173712441,0.0,0.0,-250.00000223057026,-8.900073097456056,-8.90007309745606,-8.900073097456056,-0.1238003711707086,-0.12380037117070865,-0.12380037117070856
0.79,-0.007008388241993291,-0.007008388241993291,-0.007008388241993291,0.08829888530263166,0.08829888530263158,0.08829888530263169,0.0029571566527597064,0.0029571566527597064,0.0029571566527597064,19.181950665421784,19.181950665421784,19.181950665421784,19.578604379707457,19.578604379707457,19.578604379707457,0.0,0.0,-250.0,0.0,0.0,-251.47528049321616,0.0,0.0,-250.00000223057026,-7.71840685461302,-7.718406854613018,-7.718406854613015,-0.11246840583465548,-0.11246840583465541,-0.11246840583465532
0.8,-0.0062824145881893445,-0.0062824145881893445,-0.0062824145881893445,0.05964629308364098,0.05964629308364088,0.059646293083641,0.003104223612954134,0.003104223612954134,0.003104223612954134,19.181950665421784,19.181950665421784,19.181950665421784,19.538654361472553,19.538654361472553,19.538654361472553,0.0,0.0,-250.0,0.0,0.0,-251.32658859440335,0.0,0.0,-250.00000223057026,-6.996528093736836,-6.9965280937368375,-6.996528093736833,-0.10943818772489809,-0.10943818772489822,-0.10943818772489809
0.81,-0.005843563853623168,-0.005843563853623168,-0.005843563853623168,0.03113740360229585,0.031137403602295756,0.031137403602295867,0.0032178040217448424,0.0032178040217448424,0.0032178040217448424,19.181950665421784,19.181950665421784,19.181950665421784,19.515137454889608,19.515137454889608,19.515137454889608,0.0,0.0,-250.0,0.0,-7.618485370542698e-15,-251.23907072848328,0.0,0.0,-250.00000223057026,-6.761314815114823,-6.761314815114825,-6.761314815114822,-0.11459618456958365,-0.11459618456958368,-0.11459618456958369
0.82,-0.0056815750678265164,-0.0056815750678265164,-0.0056815750678265164,0.004335488711107548,0.004335488711107451,0.004335488711107552,0.003271594392281624,0.003271594392281624,0.003271594392281624,19.181950665421784,19.181950665421784,19.181950665421784,19.50737776191164,19.50737776191164,19.50737776191164,0.0,0.0,-250.0,0.0,0.0,-251.21019490052186,0.0,0.0,-250.00000223057026,-6.964052286531749,-6.964052286531751,-6.96405228653175,-0.12659234121805418,-0.12659234121805435,-0.12659234121805427
0.83,-0.005772137771164421,-0.005772137771164421,-0.005772137771164421,-0.01948318297947692,-0.019483182979477022,-0.01948318297947693,0.0032602660577163937,0.0032602660577163937,0.0032602660577163937,19.181950665421784,19.181950665421784,19.181950665421784,19.51391081751608,19.51391081751608,19.51391081751608,0.0,0.0,-250.0,0.0,0.0,-251.23450603450115,0.0,0.0,-250.00000223057026,-7.546684801673134,-7.546684801673135,-7.546684801673134,-0.14410643273067228,-0.1441064327306723,-0.14410643273067236
0.84,-0.0060796023681833344,-0.0060796023681833344,-0.0060796023681833344,-0.039294748250361666,-0.03929474825036178,-0.03929474825036169,0.0031917115193057562,0.0031917115193057562,0.0031917115193057562,19.181950665421784,19.181950665421784,19.181950665421784,19.532636686292562,19.532636686292562,19.532636686292562,0.0,0.0,-250.0,0.0,0.0,-251.3041931266062,0.0,0.0,-250.00000223057026,-8.459910702134623,-8.459910702134628,-8.459910702134623,-0.1660295977205769,-0.1660295977205771,-0.166029597720577
0.85,-0.00655940126569754,-0.00655940126569754,-0.00655940126569754,-0.054321312483966225,-0.05432131248396633,-0.05432131248396625,0.0030861109470062846,0.0030861109470062846,0.0030861109470062846,19.181950665421784,19.181950665421784,19.181950665421784,19.56095877251639,19.56095877251639,19.56095877251639,0.0,0.0,-250.0,0.0,0.0,-251.40960160514643,0.0,0.0,-250.00000223057026,-9.641016115786114,-9.641016115786119,-9.641016115786115,-0.1910732507850336,-0.1910732507850338,-0.19107325078503365
0.86,-0.007160752970102657,-0.007160752970102657,-0.007160752970102657,-0.06409453515374457,-0.06409453515374468,-0.06409453515374462,0.002973923479481785,0.002973923479481785,0.002973923479481785,19.181950665421784,19.181950665421784,19.181950665421784,19.595943187228464,19.595943187228464,19.595943187228464,0.0,0.0,-250.0,0.0,0.0,-251.53982182112463,0.0,0.0,-250.00000223057026,-10.97769017575222,-10.97769017575222,-10.97769017575222,-0.21709401761962982,-0.21709401761962982,-0.21709401761962985
0.87,-0.007830830269441036,-0.007830830269441036,-0.007830830269441036,-0.06863021272729738,-0.06863021272729751,-0.06863021272729748,0.0028778446826191705,0.0028778446826191705,0.0028778446826191705,19.181950665421784,19.181950665421784,19.181950665421784,19.634566711970145,19.634566711970145,19.634566711970145,0.0,0.0,-250.0,0.0,-7.62433936294138e-15,-251.68360813502824,0.0,0.0,-250.00000223057026,-12.333688147409612,-12.333688147409617,-12.333688147409616,-0.24182636663059073,-0.24182636663059084,-0.2418263666305909
0.88,-0.008519489342862396,-0.008519489342862396,-0.008519489342862396,-0.06840578068117954,-0.06840578068117968,-0.06840578068117968,0.00281160734564285,0.00281160734564285,0.00281160734564285,19.181950665421784,19.181950665421784,19.181950665421784,19.673986413260465,19.673986413260465,19.673986413260465,0.0,0.0,-250.0,0.0,-7.62628109063659e-15,-251.8303804466591,0.0,0.0,-250.00000223057026,-13.566018972079776,-13.56601897207978,-13.566018972079778,-0.2629291703294569,-0.26292917032945695,-0.262929170329457
0.89,-0.00918380729003948,-0.00918380729003948,-0.00918380729003948,-0.06430545122247888,-0.064305451222479,-0.06430545122247901,0.0027746409214080576,0.0027746409214080576,0.0027746409214080576,19.181950665421784,19.181950665421784,19.181950665421784,19.711794833384296,19.711794833384296,19.711794833384296,0.0,0.0,-250.0,0.0,0.0,-251.97117420247255,0.0,0.0,-250.00000223057026,-14.588771549190751,-14.588771549190756,-14.588771549190756,-0.2793921191988701,-0.27939211919887036,-0.2793921191988703
0.9,-0.009790156867051314,-0.009790156867051314,-0.009790156867051314,-0.0572606296847131,-0.05726062968471322,-0.05726062968471323,0.0027561959854172377,0.0027561959854172377,0.0027561959854172377,19.181950665421784,19.181950665421784,19.181950665421784,19.74611854067087,19.74611854067087,19.74611854067087,0.0,0.0,-250.0,0.0,-7.629846416393292e-15,-252.0990088292523,0.0,0.0,-250.00000223057026,-15.391662634694077,-15.391662634694079,-15.39166263469408,-0.29129763560731076,-0.29129763560731076,-0.291297635607311
0.91,-0.010314192130390754,-0.010314192130390754,-0.010314192130390754,-0.048194001726807,-0.04819400172680712,-0.048194001726807115,0.002751144875451368,0.002751144875451368,0.002751144875451368,19.181950665421784,19.181950665421784,19.181950665421784,19.775615283844193,19.775615283844193,19.775615283844193,0.0,0.0,-250.0,0.0,-1.5262617890400505e-14,-252.20887922370036,0.0,0.0,-250.00000223057026,-15.968052245647014,-15.968052245647016,-15.968052245647018,-0.29881323659909287,-0.298813236599093,-0.298813236599093
0.92,-0.010740437793051116,-0.010740437793051116,-0.010740437793051116,-0.037944456357543954,-0.03794445635754408,-0.03794445635754408,0.002752254027864465,0.002752254027864465,0.002752254027864465,19.181950665421784,19.181950665421784,19.181950665421784,19.799445576520437,19.799445576520437,19.799445576520437,0.0,0.0,-250.0,0.0,-7.632492456729566e-15,-252.29765193274815,0.0,0.0,-250.00000223057026,-16.345819739121616,-16.345819739121616,-16.345819739121616,-0.30269170419692026,-0.30269170419692026,-0.3026917041969203
0.93,-0.011060873793207138,-0.011060873793207138,-0.011060873793207138,-0.02718206280611293,-0.027182062806113075,-0.027182062806113065,0.002754046195243294,0.002754046195243294,0.002754046195243294,19.181950665421784,19.181950665421784,19.181950665421784,19.817187448533282,19.817187448533282,19.817187448533282,0.0,0.0,-250.0,0.0,7.633374719156712e-15,-252.36374916833404,0.0,0.0,-250.00000223057026,-16.55766954361673,-16.55766954361673,-16.557669543616726,-0.3036554789938292,-0.3036554789938291,-0.30365547899382916
0.94,-0.011273492695993648,-0.011273492695993648,-0.011273492695993648,-0.01646297520626771,-0.016462975206267858,-0.016462975206267837,0.0027556112578070203,0.0027556112578070203,0.0027556112578070203,19.181950665421784,19.181950665421784,19.181950665421784,19.82875729598796,19.82875729598796,19.82875729598796,0.0,0.0,-250.0,0.0,0.0,-252.40685491929227,0.0,0.0,-250.00000223057026,-16.618304410903118,-16.61830441090312,-16.618304410903125,-0.30209004018179975,-0.3020900401817999,-0.3020900401818
0.95,-0.011381428010304229,-0.011381428010304229,-0.011381428010304229,-0.006264267057734223,-0.006264267057734365,-0.006264267057734354,0.0027564724825390064,0.0027564724825390064,0.0027564724825390064,19.181950665421784,19.181950665421784,19.181950665421784,19.834361468682214,19.834361468682214,19.834361468682214,0.0,0.0,-250.0,0.0,-1.526845932117031e-14,-252.42773503816315,0.0,0.0,-250.00000223057026,-16.545599908708727,-16.545599908708734,-16.545599908708734,-0.298440590588024,-0.29844059058802436,-0.29844059058802436
0.96,-0.011392069326318144,-0.011392069326318144,-0.011392069326318144,0.003030547195728367,0.00303054719572822,0.0030305471957282337,0.0027563685916343374,0.0027563685916343374,0.0027563685916343374,19.181950665421784,19.181950665421784,19.181950665421784,19.83444480242725,19.834444802427253,19.83444480242725,0.0,0.0,-250.0,-6.5191913401544376e-15,-3.763856875136841e-15,-252.42804552768374,0.0,0.0,-250.00000223057026,-16.359987130577125,-16.359987130577128,-16.359987130577128,-0.293160131646595,-0.29316013164659505,-0.29316013164659493
0.97,-0.01131613759530653,-0.011316137595306586,-0.01131613759530653,0.011129067597167145,0.011129067597167244,0.011129067597167008,0.0027553660611391913,0.002755366061139195,0.0027553660611391913,19.181950665421784,19.181950665421784,19.181950665421784,19.829637804300564,19.829637804300567,19.829637804300564,0.0,0.0,-250.0,-6.518524386523358e-15,-1.1397466230745586e-14,-252.41013550285098,0.0,0.0,-250.00000223057026,-16.08248399544918,-16.082483995449245,-16.082483995449184,-0.28668571524588193,-0.2866857152458829,-0.28668571524588204
0.98,-0.011166793391215346,-0.011166793391215402,-0.011166793391215346,0.017826321788007218,0.01782632178800749,0.017826321788007082,0.00275374318357888,0.0027537431835788816,0.00275374318357888,19.181950665421784,19.181950665421784,19.181950665421784,19.82070577715551,19.820705777155514,19.82070577715551,0.0,0.0,-250.0,-6.423722677695285e-15,-3.708738017166876e-15,-252.37685719976506,0.0,0.0,-250.00000223057026,-15.734331255191345,-15.734331255191425,-15.734331255191346,-0.27943317660796746,-0.27943317660796924,-0.2794331766079675
0.99,-0.010958788996506874,-0.01095878899650693,-0.010958788996506874,0.02299975200450715,0.02299975200450761,0.022999752004507008,0.002751921964707281,0.002751921964707281,0.002751921964707281,19.181950665421784,19.181950665421784,19.181950665421784,19.808500532877655,19.80850053287766,19.808500532877655,0.0,0.0,-250.0,-1.9736237251501944e-14,-1.1394721889944967e-14,-252.33138557035585,0.0,0.0,-250.00000223057026,-15.336500795567444,-15.336500795567527,-15.336500795567451,-0.271790319545704,-0.27179031954570565,-0.27179031954570415
1.0,-0.010707668530508918,-0.010707668530508974,-0.010707668530508918,0.026606543372885996,0.026606543372886673,0.02660654337288585,0.0027498114474517393,0.002749811447451741,0.0027498114474517393,19.181950665421784,19.181950665421784,19.181950665421784,19.73276223383715,19.732762233837153,19.84594524618554,0.0,0.0,-250.0,0.29565611076369125,-0.17069713513698234,-252.189518542657,0.0,0.0,-250.00000223057026,-14.912350125194244,-14.912350125194312,-14.912350125194248,-0.26416823892043123,-0.2641682389204315,-0.2641682389204313
1.01,0.04597332498991025,0.04574076082838385,-0.05866173594065849,10.130901015837187,10.055816455839016,-8.644378106075894,0.002192822331493942,0.002192822331493942,0.0031783346899680936,19.181950665421784,19.181950665421784,19.181950665421784,15.911173154971163,15.930041815526222,23.087186667952512,0.0,0.0,-250.0,18.3774477855285,-10.665024036037584,-245.7173493199232,0.0,0.0,-250.00000223057026,388.9983127762036,387.98634652210325,-329.7182763339638,6.5090885322641,6.487004838181792,-6.071875911985189
1.02,0.20162793190822023,0.1992877292460118,-0.19295237812639537,20.04812361065871,19.743055238548234,-17.467351776431602,0.002192822331493942,0.002192822331493942,0.0031783346899680936,19.181950665421784,19.181950665421784,19.181950665421784,6.48970847900778,6.639026262965503,31.23657071082384,0.0,0.0,-250.0,59.158744873986066,-34.547184513672974,-222.66481230788767,0.0,0.0,-250.00000223057026,936.4279922842709,944.6191713352092,-754.2676726004737,9.425918707171952,9.336192715392057,-8.666868167828936
1.03,0.39226370943554034,0.39116445072715,-0.3664518091491125,18.124725196744947,18.802372446457202,-17.28242963251766,0.002192822331493942,0.002192822331493942,0.0031783346899680936,19.181950665421784,19.181950665421784,19.181950665421784,-4.317461207002757,-4.3034543084549854,41.16786944103106,0.0,0.0,-250.0,98.12115153400735,-56.682690264486325,-187.618133123332,0.0,0.0,-250.00000223057026,1161.623063268337,1215.0584386938142,-917.8761085069191,8.860213293592935,9.059521307917228,-8.612479303699534
1.04,0.5576682451111169,0.576149288031941,-0.5392263510450717,15.004569757856862,18.31952817906788,-17.305819805963793,0.002192822331493942,0.002192822331493942,0.0031783346899680936,19.181950665421784,19.181950665421784,19.181950665421784,-13.606120526316214,-14.877237396278991,51.06963321132253,0.0,0.0,-250.0,126.92888782040244,-70.638482273715,-152.77451855138415,0.0,0.0,-250.00000223057026,1418.1717065152181,1398.1002496065207,-980.2233719877656,7.942520517736468,8.9175082880122,-8.619358766438673
1.05,0.6808473015807015,0.7582697883864002,-0.7128995627259336,9.734890624018501,18.108110160651794,-17.382385547760276,0.002192822331493942,0.002192822331493942,0.0031783346899680936,19.181950665421784,19.181950665421784,19.181950665421784,-20.347786395568587,-25.2986724123919,61.023047648894774,0.0,0.0,-250.0,150.38294296379917,-77.27911988325076,-121.68584273740734,0.0,0.0,-250.00000223057026,2932.0653957629934,1293.0555203300692,-754.7338754099508,6.392614890594886,8.855326517903304,-8.641878102299257
1.06,0.74157286172102,0.934655321438242,-0.8861715210663246,3.1986774007643293,17.036506161763032,-17.467590752703135,0.002192822331493942,0.002192822331493942,0.0031783346899680936,19.181950665421784,19.181950665421784,19.181950665421784,-23.45758380701166,-35.33554471514666,70.9586102963077,0.0,0.0,-250.0,171.95083199027277,-77.54760172066062,-94.5650124113459,0.0,0.0,-250.00000223057026,50508.28680210078,892.8195219841709,4440.023489071194,4.470199236615299,8.540148871421271,-1.6081149271858801
1.07,0.746523882832724,1.0951077238971356,-1.0598061671390122,-1.307343131397083,15.214509770673404,-17.074968755372613,0.002225476815603892,0.002192822331493942,0.0031783346899680936,19.181950665421784,19.181950665421784,19.181950665421784,-23.498672240865126,-44.421971395045674,80.88175349299166,0.0,0.0,-250.0,191.79199877537175,-74.449394169469,-69.0515989954075,0.0,0.0,-250.00000223057026,52787.705601704976,10463.238340886039,1615.6963546614775,3.144899079592293,8.004267580023958,-1.4926378692527886
1.08,0.7197675829544519,1.2351700517281785,-1.2239512172667617,-3.5662916534047477,13.05301093288853,-15.625101513670907,0.002225476815603892,0.002192822331493942,0.0031783346899680936,19.181950665421784,19.181950665421784,19.181950665421784,-21.8444906723269,-52.32441991118753,90.19416859919512,0.0,0.0,-250.0,207.6680316717716,-70.58238257716404,-44.2666499845603,0.0,0.0,-250.00000223057026,12617.650686141154,5911.31653032356,-1194.557295299578,2.4805024551827755,7.368532627696291,-8.125029857293159
1.09,0.6766051890395873,1.355010643948087,-1.370454930817513,-4.862006957699245,11.139748312522011,-13.86451985721646,0.002225476815603892,0.002192822331493942,0.0031783346899680936,19.181950665421784,19.181950665421784,19.181950665421784,-19.299658006231827,-59.08224918965195,98.48778649701767,0.0,0.0,-250.0,218.78074316482028,-67.45339262300598,-20.78842560203284,0.0,0.0,-250.00000223057026,7017.255993955023,5243.049121942621,-1634.8372435562294,2.099409718532958,6.805808327550086,-7.607211723028169
1.1,0.6217567077391191,1.4563971823478723,-1.4998069394059435,-6.0121186634774375,9.311707239239524,-12.186587576551858,0.002225476815603892,0.002192822331493942,0.0031783346899680936,19.181950665421784,19.181950665421784,19.181950665421784,-16.035947993720317,-64.41741766485077,105.70271454406364,0.0,0.0,-250.0,-129.0267093251371,44.9782164627495,-4.943327902828663,0.0,0.0,-250.00000223057026,1482.8877805769564,6077.470970808579,-2871.8846070408454,-5.29768191542308,6.268149188356675,-7.113702228700617
1.11,0.5497933424337987,1.4814403820657613,-1.5969346464624374,-7.312846718968603,2.307480471796066,-9.164674897181316,0.002225476815603892,0.002192822331493942,0.0031783346899680936,19.181950665421784,19.181950665421784,19.181950665421784,-11.898278571333481,-65.8277881485122,111.19775809392203,0.0,0.0,-250.0,-123.06746055719208,46.49599717655074,-13.176236688848604,0.0,0.0,-250.00000223057026,896.6376699224326,5229.821791985288,-2766.7072449976426,1.3785744944718652,4.2080824917910435,-6.224904381746478
1.12,0.47504535611471277,1.5016939854043514,-1.6820078335316113,-7.612619055980075,1.7789302871991417,-7.974463033566327,0.002225476815603892,0.002192822331493942,0.0031783346899680936,19.181950665421784,19.181950665421784,19.181950665421784,-7.598165153630443,-66.9573636651968,116.0040894808063,0.0,0.0,-250.0,-117.09556100935806,48.91939751398783,-20.092812658382716,0.0,0.0,-250.00000223057026,497.0904062738704,4468.135272849215,-2639.4537038615786,1.2904061600636085,4.052626555164224,-5.874842068912403
1.13,0.39716832175856953,1.5161481293500527,-1.7553648345854924,-7.931631494245165,1.1617092611816693,-6.818433773114285,0.002225476815603892,0.002192822331493942,0.0031783346899680936,19.181950665421784,19.181950665421784,19.181950665421784,-3.117841756169934,-67.74975730834159,120.14110654719747,0.0,0.0,-250.0,-111.14182297140695,52.157296832594575,-25.8560422341692,0.0,0.0,-250.00000223057026,229.37388367152042,3961.0733495621025,-2558.546878231606,1.1965789723396865,3.8710909592903406,-5.534833462890551
1.14,0.31637923248031313,1.524114937802318,-1.8173733856639318,-8.136876147804358,0.4961323418158233,-5.703189455116477,0.002225476815603892,0.002201257280866232,0.0031783346899680936,19.181950665421784,19.181950665421784,19.181950665421784,1.5204231826667534,-68.16803307827445,123.63033320079423,0.0,0.0,-250.0,-105.24611347682921,56.109694340369394,-30.616760234318296,0.0,0.0,-250.00000223057026,35.090498205396834,3598.815778617892,-2502.9845079495444,-0.6991623640778296,3.6753330418330052,-5.2068204281762185
1.15,0.23639698093951322,1.5254847165562622,-1.8685493673200044,-7.812539057100053,-0.1517100985296625,-4.648181638820775,0.002225476815603892,0.0022134817528809596,0.0031783346899680936,19.181950665421784,19.181950665421784,19.181950665421784,6.08177801365842,-68.20959447354632,126.5024232229043,0.0,0.0,-250.0,-99.5103513275973,60.54377530165232,-34.50859228155271,0.0,0.0,-250.00000223057026,-102.90638582702174,3334.5115759969804,-2462.9981102902243,-2.883828414455329,3.484791147607623,-4.896524011606797
1.16,0.16194281750120254,1.5205733235331786,-1.9095274845125818,-7.099384294094097,-0.7635657145857482,-3.6567459510402847,0.002225476815603892,0.0022237276794626277,0.0031783346899680936,19.181950665421784,19.181950665421784,19.181950665421784,10.305119115882054,-67.89333537055082,128.79384228558825,0.0,0.0,-250.0,-94.11318693671926,65.11871046796249,-37.64105744653215,0.0,0.0,-250.00000223057026,-200.14825418456755,3140.573176952057,-2432.8112519022006,-4.286547090605946,3.304833613466958,-4.60492527989527
1.17,0.09604535541660386,1.5097243214925216,-1.9409184640683588,-6.145053140065988,-1.343540533223993,-2.723916806621904,0.002225476815603892,0.002225476815603892,0.0031783346899680936,19.181950665421784,19.181950665421784,19.181950665421784,14.025055695191806,-67.23866448070122,130.5392831086368,0.0,0.0,-250.0,-89.27579707390473,69.49510993221573,-40.10260126829771,0.0,0.0,-250.00000223057026,-267.87092788776926,3000.460132357501,-2408.323382966724,-5.135323233851109,3.134252784450405,-4.330563766820736
1.18,0.040400835113023836,1.4932122142398871,-1.9632734003110532,-5.093975650979079,-1.9007256955067628,-1.8429266428692153,0.002225476815603892,0.002225476815603892,0.0031783346899680936,19.181950665421784,19.181950665421784,19.181950665421784,17.153155666738655,-66.260754837656,131.7699201783209,0.0,0.0,-250.0,-85.22898626361723,73.38275717660107,-41.961545871707514,0.0,0.0,-250.00000223057026,-313.3167065679692,2888.584887835115,-2385.8997034506915,-5.02763989753631,2.9703747955406476,-4.071449012766995
1.19,-0.005013879539767951,1.4712073581342087,-1.9770717625707581,-4.098736749761168,-2.4433660114269533,-1.0077458796677108,0.0038421863035220114,0.002225476815603892,0.0031783346899680936,19.181950665421784,19.181950665421784,19.181950665421784,19.698544682337374,-64.96897137434286,132.51291599597224,0.0,0.0,-250.0,-82.15056784396081,76.60815682215494,-43.27163376070933,0.0,0.0,-250.00000223057026,-304.2044175448518,2789.3673507324256,-2362.0182792029673,-4.734922573637664,2.8107747026200345,-3.82580761181701
1.2,-0.04079623671994498,1.4438722041911585,-1.9827681290479706,-3.1608831827211556,-2.967896044532024,-0.2179982655038637,0.0031783346899680936,0.002225476815603892,0.0031599024909037673,19.181950665421784,19.181950665421784,19.181950665421784,21.695312511161955,-63.37284520752209,132.7943048310053,0.0,0.0,-250.0,-80.1610443223551,79.06932163749921,-44.05935989853631,0.0,0.0,-250.00000223057026,-323.24237680082535,2702.007421896047,-2350.5275389683507,-4.459083289203658,2.6565011634678215,-3.593528901760454
1.21,-0.06750978703740651,1.4114090690074441,-1.9808167613542422,-2.279189845864776,-3.470597645967412,0.5263614864171269,0.0031783346899680936,0.002225476815603892,0.003157208900863538,19.181950665421784,19.181950665421784,19.181950665421784,23.17568801069501,-61.48417667700856,132.64011042772134,0.0,0.0,-250.0,-79.32568010345288,80.70129764803093,-44.313481963540184,0.0,0.0,-250.00000223057026,-324.5689552818245,2617.715427867785,-2324.4693254597446,-4.199761719529748,2.5086477512766603,-3.374599562951819
1.22,-0.0857118285686349,1.3740520931187428,-1.9716700234451685,-1.4529451295746796,-3.9487850500011312,1.2256754319132381,0.0031783346899680936,0.002225476815603892,0.0031633849143932148,19.181950665421784,19.181950665421784,19.181950665421784,24.171563638895357,-59.31652730505928,132.07622915041065,0.0,0.0,-250.0,-79.64757013085685,81.46869338102688,-43.984258672173006,0.0,0.0,-250.00000223057026,-320.12354508995946,2534.2424260444914,-2288.3913991007703,-3.9567485676695573,2.3680043971444324,-3.168918990738838
1.23,-0.09595301548387775,1.3320543657323798,-1.9557741350743938,-0.6813639078710669,-4.401262602078984,1.8808002150240446,0.003172186274131815,0.002225476815603892,0.0031633849143932148,19.181950665421784,19.181950665421784,19.181950665421784,24.714440935914613,-56.88445690750936,131.1281751133863,0.0,0.0,-250.0,-81.06263420029839,81.36261323428272,-42.98998230814534,0.0,0.0,-250.00000223057026,-309.99657488586007,2449.287445367988,-2252.435727754563,-3.729812914217359,2.234922764175616,-2.97623523099233
1.24,-0.09877114343501275,1.2856710411680021,-1.93356341194318,0.03738351280037454,-4.828695817568335,2.493213808526481,0.003156551161285352,0.002225476815603892,0.0031633849143932148,19.181950665421784,19.181950665421784,19.181950665421784,24.835019763361476,-54.20253453785561,129.8207442183201,0.0,0.0,-250.0,-83.43684269876655,80.40309123820052,-41.23087090495459,0.0,0.0,-250.00000223057026,-293.1500134014379,2360.1128953100024,-2211.760775672017,-3.518416614010386,2.109207112556659,-2.796113585836849
1.25,-0.0946851845130024,1.235137625052272,-1.9054532834182774,0.7014018935881592,-5.234408584663684,3.065244552394908,0.00315970034223308,0.002225476815603892,0.0031633849143932148,19.181950665421784,19.181950665421784,19.181950665421784,24.56335737824935,-51.28403590801022,128.17759594289242,0.0,0.0,-250.0,-86.56801324914434,78.64630315321168,-38.60905795151323,0.0,0.0,-250.00000223057026,-267.11866779798504,2263.6386956695214,-2165.8841931152824,-3.1361290248701352,1.989879828113476,-2.627869249397841
1.26,-0.08459579630978531,1.1806216843052832,-1.8718234053289362,1.2372181388095764,-5.628290719512342,3.6015970644294115,0.0031633849143932148,0.002225476815603892,0.0031633849143932148,19.181950665421784,19.181950665421784,19.181950665421784,23.955473682250194,-48.13797024586391,126.2202048649112,0.0,0.0,-250.0,-90.18387619502977,76.22000155298022,-35.06148105772554,0.0,0.0,-250.00000223057026,-232.9566108564863,2156.094638583298,-2114.2239203054255,-2.403314122405027,1.874032141391981,-2.470118510557992
1.27,-0.07002760391692453,1.1221855269107766,-1.83300538939833,1.6114137849219365,-6.020238251582919,4.106683030101545,0.0031633849143932148,0.002225476815603892,0.0031633849143932148,19.181950665421784,19.181950665421784,19.181950665421784,23.100297885240984,-44.76734805339601,123.96732308064855,0.0,0.0,-250.0,-93.97495410583853,73.3188086450781,-30.578447376678668,0.0,0.0,-250.00000223057026,-191.59406612541952,2032.988363089465,-2056.086314215607,-1.5944153350334278,1.7587534554893276,-2.321563814766658
1.28,-0.05265089681120966,1.0597937880872548,-1.7892890496390361,1.8150393863449672,-6.4202735566670075,4.584643437596489,0.0031633849143932148,0.002225476815603892,0.0031633849143932148,19.181950665421784,19.181950665421784,19.181950665421784,22.09400884174993,-41.16956651326411,121.43531913238333,0.0,0.0,-250.0,-97.64740896054094,70.15056812499611,-25.19290910507429,0.0,0.0,-250.00000223057026,-144.67789109637334,1889.8055983516847,-1990.958057536516,-0.7420390356335624,1.6410960128198615,-2.1809872243223047
1.29,-0.03418464083567735,0.9933119023028185,-1.7409244090689397,1.8472135206035598,-6.837920072764519,5.039240811505557,0.0031633849143932148,0.002225476815603892,0.0031633849143932148,19.181950665421784,19.181950665421784,19.181950665421784,21.0350868466983,-37.33637983582935,118.63830658134513,0.0,0.0,-250.0,-100.94823772967996,66.90522764738553,-18.9654427422933,0.0,0.0,-250.00000223057026,-95.60613493122592,1723.3678043038274,-1918.765586786302,0.09402975987126612,1.518258802206865,-2.047282114345019
1.3,-0.016292922010132826,0.9225242354102896,-1.6881283660000141,1.7189790991004743,-7.279664036302811,5.473353593692737,0.002864681510602091,0.002225476815603892,0.0031633849143932148,19.181950665421784,19.181950665421784,19.181950665421784,20.01817994734472,-33.25508942338462,115.58855416493928,0.0,0.0,-250.0,-103.6715288718503,63.72858901804971,-11.964811214622456,0.0,0.0,-250.00000223057026,-48.57425561551881,1533.8391403700005,-1840.095509788323,0.847433855680587,1.3883341070532293,-1.9196018842863718
1.31,-0.0007079932283317047,0.8480141536616164,-1.6311194873092725,1.3664211857770452,-7.325605432417002,5.875207943704628,0.0034558849950735836,0.002225476815603892,0.0031633849143932148,19.181950665421784,19.181950665421784,19.181950665421784,19.142349350780297,-28.983794258517563,112.29943753511392,0.0,0.0,-250.0,243.70035743430347,-124.44357874487874,-14.053348638635319,0.0,0.0,-250.00000223057026,-48.17533724651086,1222.1824305114794,-1724.4098948851356,0.7423195261779071,1.374821931711894,-1.8014094283916038
1.32,0.0146188116584961,0.7725676567580864,-1.5703933349944459,1.6493902786959294,-7.733578523895121,6.226391714840225,0.002247289246168697,0.002225476815603892,0.0031633849143932148,19.181950665421784,19.181950665421784,19.181950665421784,18.248710262711292,-24.63731822645172,108.8002462580153,0.0,0.0,-250.0,245.6816649430347,-120.00792355302869,-32.28386099320822,0.0,0.0,-250.00000223057026,60.39313352897984,1064.1102489302862,-1653.3558658824863,2.716862084805023,1.2548298459929237,-1.698120083931261
1.33,0.0317891885380433,0.6928515051934989,-1.5063807378475094,1.7279230720710108,-8.16066423352924,6.541183564089512,0.002192822331493942,0.002225476815603892,0.0031633849143932148,19.181950665421784,19.181950665421784,19.181950665421784,17.262192094541923,-20.0457218356819,105.11466936029156,0.0,0.0,-250.0,245.9004375611124,-116.25597702994781,-51.70603433116228,0.0,0.0,-250.00000223057026,112.2856105387012,911.9443608037145,-1576.627586072474,3.560859560174142,1.1292164019769113,-1.6055342459126092
1.34,0.04769257515389125,0.6094285219342743,-1.439274291557719,1.4038954036117042,-8.454813820641174,6.850789827587449,0.002192822331493942,0.002225476815603892,0.0031633849143932148,19.181950665421784,19.181950665421784,19.181950665421784,16.37238250515197,-15.250537789507723,101.25195178320597,0.0,0.0,-250.0,244.107688627915,-113.24955354997421,-72.17866159049416,0.0,0.0,-250.00000223057026,120.17667682636437,776.6149987707369,-1494.524766669633,3.546232408447865,1.042701817489959,-1.5144735801794538
1.35,0.05761913718082429,0.5248897962439889,-1.3689822520096304,0.5887310969559533,-8.376009036123358,7.178478742233023,0.0021992060372389146,0.002225476815603892,0.0031633849143932148,19.181950665421784,19.181950665421784,19.181950665421784,15.852831634311599,-10.414392598937113,97.20561914618638,0.0,0.0,-250.0,240.2080981074596,-110.62814662623245,-93.65237942992565,0.0,0.0,-250.00000223057026,67.16176423630104,689.2531116718726,-1406.8287616367022,2.313504995873869,1.0658796951971385,-1.418094487640604
1.36,0.05745779762753356,0.4447009039863457,-1.2953305717323775,-0.5254592427274823,-7.583639455701056,7.516507285224254,0.0022189279612665567,0.002225476815603892,0.0031633849143932148,19.181950665421784,19.181950665421784,19.181950665421784,15.92617442218423,-5.871019598489947,92.9664057951423,0.0,0.0,-250.0,234.2319395160128,-107.55900456345454,-115.95988583828904,0.0,0.0,-250.00000223057026,-136.379649680279,776.1245441141589,-1315.8936671121965,-1.7836334249285075,1.298929571620297,-1.3186743279358697
1.37,0.04619807812926652,0.3786575093820524,-1.218559634072648,-1.682527236300719,-5.642287478706238,7.78686032975656,0.002225476815603892,0.002225476815603892,0.0031633849143932148,19.181950665421784,19.181950665421784,19.181950665421784,16.639605802547976,-2.2043036600639097,88.55314766225459,0.0,0.0,-250.0,226.38147233724305,-102.81154982998812,-138.2032591580653,0.0,0.0,-250.00000223057026,-1220.138411275424,1972.1280943136421,-1279.39427181398,-4.024272716303322,1.8699154470014352,-1.2391587265779063
1.38,0.02103185971424687,0.3366637700187138,-1.1402473622180482,-3.2253184346476584,-2.954183134156071,7.818074947730779,0.002225705036932579,0.002225476815603892,0.0031633849143932148,19.181950665421784,19.181950665421784,19.181950665421784,18.17077865032384,0.0455020280885245,84.06631180498415,0.0,0.0,-250.0,217.48416918119355,-94.93316722475211,-158.98501037739837,0.0,0.0,-250.00000223057026,-46609.67684708798,59604.467738351195,-7607.7942856282725,-4.478034833426988,2.6605343717842507,-1.2299779565266264
1.39,-0.01965806892067895,0.32205099211586286,-1.0649899610329934,-4.703090868211305,-0.30467589016747365,7.2404543645196835,0.0029819686707823305,0.0022155957728802246,0.0031633849143932148,19.181950665421784,19.181950665421784,19.181950665421784,20.584720722747726,0.7333946300957638,79.78926859326293,0.0,0.0,-250.0,208.957338903617,-83.29880647795106,-176.63112942791057,0.0,0.0,-250.00000223057026,-9431.039617471428,12917.865640523914,-3633.354503512471,-4.912673784535125,3.4398012083171663,-1.399866363293567
1.4,-0.072517464295006,0.3310185372687269,-0.9955194201659954,-5.679779093049356,1.754424181487779,6.687622242580306,0.0031783346899680936,0.002192822331493942,0.0031633849143932148,19.181950665421784,19.181950665421784,19.181950665421784,23.666129336730954,0.10641389791050761,75.8412309354328,0.0,0.0,-250.0,201.49921672902514,-68.16877844948486,-190.4269471150191,0.0,0.0,-250.00000223057026,-2369.452449153498,3594.470554903253,-1942.0983886340694,-5.199935027234445,4.0454188766005865,-1.5624640461906252
1.41,-0.1320458185659032,0.3558002741487147,-0.9317560584559184,-6.095135246637094,2.9431759117945866,6.140714552768177,0.0031783346899680936,0.002192822331493942,0.0031633849143932148,19.181950665421784,19.181950665421784,19.181950665421784,27.097591689904213,-1.3767991809339222,72.21843037216621,0.0,0.0,-250.0,194.98967306058654,-50.533873755803725,-200.4702484751857,0.0,0.0,-250.00000223057026,-1286.4752735762863,2124.206301073681,-1543.3911631725457,-5.3220986019191985,4.395051738612371,-1.7233192490976212
1.42,-0.19298646905669786,0.38822120883342526,-0.872496366001781,-6.0309373312227965,3.393567284271747,5.785594033693664,0.0031783346899680936,0.002192822331493942,0.0031633849143932148,19.181950665421784,19.181950665421784,19.181950665421784,30.583212698320292,-3.256695528549257,68.84210035538018,0.0,0.0,-250.0,188.8668322098738,-31.604491586405217,-207.34882291718318,0.0,0.0,-250.00000223057026,-902.9577855614162,1598.9838020465895,-1311.8705052182172,-5.303216862169143,4.527519789457558,-1.8277664606327395
1.43,-0.25123912139349575,0.4221619482311787,-0.8154887732153111,-5.612485592489205,3.333031922170717,5.664487653444511,0.0031783346899680936,0.002192822331493942,0.0031633849143932148,19.181950665421784,19.181950665421784,19.181950665421784,33.895197280071976,-5.195585216065567,65.58149977904031,0.0,0.0,-250.0,182.4781850833807,-12.37751364256788,-211.80763980116396,0.0,0.0,-250.00000223057026,-720.2755564646151,1348.6782910951922,-1140.3978560302894,-5.180142821420832,4.5097152712698625,-1.8633859842764018
1.44,-0.3038732282849464,0.4535531473111051,-0.7586050742458033,-4.948425890036787,2.941703207646815,5.730226172110949,0.0031783346899680936,0.002192822331493942,0.0031633849143932148,19.181950665421784,19.181950665421784,19.181950665421784,36.871766558760484,-6.970299711291589,62.31770899460663,0.0,0.0,-250.0,175.3558127123958,6.339806840955935,-214.5144563575609,0.0,0.0,-250.00000223057026,-624.1267072613343,1212.8946219604043,-1008.7169249082839,-4.9848311442659226,4.394618590576438,-1.8440511258732333
1.45,-0.3489714082293928,0.4798393145574449,-0.7004021025081268,-4.1354781586261,2.3507523032405278,5.904603566869825,0.0031783346899680936,0.002192822331493942,0.0031633849143932148,19.181950665421784,19.181950665421784,19.181950665421784,39.4085553247845,-8.441723861582302,58.97254326123107,0.0,0.0,-250.0,167.29739969810143,23.869377753897364,-216.01866993367167,0.0,0.0,-250.00000223057026,-574.4105379275687,1134.754143498436,-906.8672141597394,-4.745728870341457,4.220809501072832,-1.7927636568402578
1.46,-0.3855284026053653,0.4995955142532523,-0.6401718544018788,-3.2591891027959985,1.659827601467446,6.123443162663663,0.0031783346899680936,0.002192822331493942,0.0031633849143932148,19.181950665421784,19.181950665421784,19.181950665421784,41.452773646677635,-9.533762030406395,55.50893457551377,0.0,0.0,-250.0,158.32263146848607,39.68306756490017,-216.77151094915615,0.0,0.0,-250.00000223057026,-550.7697894060451,1087.7288126655637,-821.5903567842881,-4.487996795102863,4.017596353504154,-1.7283990698467862
1.47,-0.41328724745846573,0.5122354264767233,-0.5776550016720443,-2.384369645646547,0.9395974745559182,6.358563589661881,0.0031783346899680936,0.002192822331493942,0.0031633849143932148,19.181950665421784,19.181950665421784,19.181950665421784,42.993273873338374,-10.216698117408576,51.91343415238737,0.0,0.0,-250.0,148.55676376400345,53.45585611936078,-217.14204751382425,0.0,0.0,-250.00000223057026,-540.6371243521369,1056.232944269293,-737.8914685934934,-4.23069695476043,3.805763963237178,-1.6592460030850449
1.48,-0.43250833928589244,0.5177166571654773,-0.5127022602223417,-1.5525324210934093,0.23152447624273925,6.610321888850961,0.0031783346899680936,0.0022068151461928486,0.0031633849143932148,19.181950665421784,19.181950665421784,19.181950665421784,44.047235813619686,-10.490324065252537,48.17736670045573,0.0,0.0,-250.0,138.11518855847157,65.07616872700386,-217.41364792575612,0.0,0.0,-250.00000223057026,-536.4765288685383,1023.4092936937196,-644.1376523867656,-3.98603894752858,3.597507199023102,-1.585199444503843
1.49,-0.4437659478801425,0.5162753132168448,-0.4450968982170777,-0.7878944465361738,-0.44645341830023444,6.88783659527836,0.0031760751788336003,0.0022173799335564546,0.0031633849143932148,19.181950665421784,19.181950665421784,19.181950665421784,44.64887347970676,-10.369087932961481,44.28779631917248,0.0,0.0,-250.0,127.0418907060779,74.60049942784161,-217.77304259427365,0.0,0.0,-250.00000223057026,-535.6883814974802,989.7604667750204,-535.9272023826975,-3.761145425586244,3.3981019359161,-1.5035774720305246
1.5,-0.4478112709674586,0.508238301261554,-0.3745536554814813,-0.10344950922918689,-1.0911981814540375,7.194755556907743,0.0031580896081565453,0.002225476815603892,0.0031633849143932148,19.181950665421784,19.181950665421784,19.181950665421784,44.841918339880664,-9.871841483000152,40.228222918867054,0.0,0.0,-250.0,115.30342558579376,82.18403038482191,-218.30602653935506,0.0,0.0,-250.00000223057026,-539.1588912966596,949.830554550517,-414.3997654054328,-3.5598380910688157,3.208471123217888,-1.4133071892035522
1.51,-0.4454764148891918,0.4939195334407247,-0.3008039890275758,0.49657644226278325,-1.706653735568912,7.525076407688837,0.0031569022624923842,0.002225476815603892,0.0031633849143932148,19.181950665421784,19.181950665421784,19.181950665421784,44.67424063956304,-9.01632308818426,35.98365480596136,0.0,0.0,-250.0,102.81390322014774,88.01647735712503,-219.0031541886251,0.0,0.0,-250.00000223057026,-539.8988774624733,902.7093846019177,-285.2756312616299,-3.383359870026307,3.02745478376742,-1.3161539978007273
1.52,-0.43759037756113656,0.4735802514801707,-0.22368105611695327,1.0161119517060613,-2.298572894638783,7.865940177663864,0.0031633849143932148,0.002225476815603892,0.0031633849143932148,19.181950665421784,19.181950665421784,19.181950665421784,44.193069353640475,-7.817171793807071,31.545292396536215,0.0,0.0,-250.0,89.4682764431715,92.27568952794113,-219.77151469788205,0.0,0.0,-250.00000223057026,-537.8283525906907,843.6635685745629,-152.8615385494296,-3.2305553084112373,2.8533609134488644,-1.2158999478087886
1.53,-0.4249711103487997,0.4473832676758198,-0.14361379901876126,1.4464044646230425,-2.8849516578867553,8.069005432397146,0.0031633849143932148,0.002225476815603892,0.0031633849143932148,19.181950665421784,19.181950665421784,19.181950665421784,43.445995520851206,-6.282511728960816,26.948072996778,0.0,0.0,-250.0,75.25637769466387,95.07111131906206,-220.48454130546568,0.0,0.0,-250.00000223057026,-533.5233317851181,772.2133094437446,-23.80718910522928,-3.1039986869458907,2.6808965713192245,0.816744765883851
1.54,-0.40859719889113794,0.41523055476714144,-0.0634903625056964,1.7822202054152108,-3.4875336677853364,7.913390235451746,0.0031633849143932148,0.002225476815603892,0.0031633849143932148,19.181950665421784,19.181950665421784,19.181950665421784,42.489025466373995,-4.405698472859527,22.368252501205163,0.0,0.0,-250.0,60.50459452576058,96.37226472170725,-221.13701868814618,0.0,0.0,-250.00000223057026,-524.035213642565,688.3556623015731,91.85361711903715,-3.005229351404394,2.5036665684103965,2.7141354431049596
1.55,-0.38922379449282457,0.37699500106972617,0.013173519399180267,2.056134275485115,-4.100037641845405,7.405257729133839,0.0031633849143932148,0.002225476815603892,0.0022709147020265556,19.181950665421784,19.181950665421784,19.181950665421784,41.36375338733981,-2.179706144207578,18.00808871754153,0.0,0.0,-250.0,45.59842271648801,96.129892043621,-221.8083257930625,0.0,0.0,-250.00000223057026,-516.3072703282339,586.1604867153102,252.21672388061253,-2.9246663896067675,2.3235183407493456,5.700777976764868
1.56,-0.36741204166126323,0.33255817193783616,0.08220399833095654,2.2862854203693965,-4.718506625921801,6.49146360290486,0.0031633849143932148,0.002225476815603892,0.002192822331493942,19.181950665421784,19.181950665421784,19.181950665421784,40.100739612233255,0.4015297474542238,14.105315953239296,0.0,0.0,-250.0,31.005751234138124,94.26708108082707,-222.7125577674099,0.0,0.0,-250.00000223057026,-499.17060689008275,474.23071581732194,372.61740503383834,-2.856974876405847,2.1416156983686445,5.438665765728741
1.57,-0.34320180941216133,0.28217446954893877,0.1420969764852563,2.533570546856682,-5.293398473248667,5.579605409407421,0.0031633849143932148,0.002225476815603892,0.002192822331493942,19.181950665421784,19.181950665421784,19.181950665421784,38.699340095564686,3.3209868919551613,10.725899127302666,0.0,0.0,-250.0,16.81918110689155,90.80554601347038,-223.9005307940904,0.0,0.0,-250.00000223057026,-473.066780743822,353.7063979178862,465.52780082026595,-2.784243956853629,1.972529860911384,5.170472179404634
1.58,-0.31644163936623343,0.22628798766437275,0.1929337895848597,2.7942836311718424,-5.823471339193798,4.680551267664394,0.0031633849143932148,0.002225476815603892,0.002192822331493942,19.181950665421784,19.181950665421784,19.181950665421784,37.151092946276854,6.553159808764108,7.864573782617753,0.0,0.0,-250.0,2.9960643504741333,85.78239074057797,-225.3283535090519,0.0,0.0,-250.00000223057026,-438.86068253815256,224.77345489858087,540.5717108774684,-2.707563637939553,1.816626076801596,4.9060444906535485
1.59,-0.2870185800500082,0.16538544195525468,0.23489521652770573,3.064604727186039,-6.285804003936453,3.805134671439887,0.0031633849143932148,0.002225476815603892,0.002192822331493942,19.181950665421784,19.181950665421784,19.181950665421784,35.44974068412324,10.067956907335107,5.5102863883133635,0.0,0.0,-250.0,-10.491827376471912,79.21685112290596,-226.9283672246806,0.0,0.0,-250.00000223057026,-396.3050711047232,89.2366373049382,599.0748338102729,-2.628057433231008,0.792618530097122,4.648569021169107
1.6,-0.2548420297742778,0.10155439630927143,0.268389248044522,3.3448718929722,-6.4007512533386794,2.9859892865455477,0.0031633849143932148,0.002225476815603892,0.002192822331493942,19.181950665421784,19.181950665421784,19.181950665421784,33.59002363273077,13.72944370583824,3.6377947654462246,0.0,0.0,-250.0,-23.432464176818613,71.23595145108999,-228.45536746934118,0.0,0.0,-250.00000223057026,-345.0483147400705,-40.190719549889884,641.8570912214255,-2.5456259138845088,-1.4190133443556248,4.407643907953227
1.61,-0.21977498722581051,0.03872554685111701,0.2940214053163944,3.642184683760342,-6.134092553820155,2.2253299419187056,0.0031633849143932148,0.002225476815603892,0.002192822331493942,19.181950665421784,19.181950665421784,19.181950665421784,31.563676763513662,17.31201357017164,2.212459904721188,0.0,0.0,-250.0,-35.36179293932212,62.10774080814172,-229.596060730121,0.0,0.0,-250.00000223057026,-285.11726211770736,-154.47759452960906,669.3955202952337,-2.4581809754211146,-3.2604078631328184,4.183920571288332
1.62,-0.18162301476744652,-0.019922655513002208,0.31229810647471345,3.9592164458393415,-5.632799584637969,1.506343988618483,0.0031633849143932148,0.003015836986794836,0.002192822331493942,19.181950665421784,19.181950665421784,19.181950665421784,29.359465175464436,20.642895824245187,1.206303259302084,0.0,0.0,-250.0,-45.874833056985,52.099496031343534,-230.21119936153875,0.0,0.0,-250.00000223057026,-218.7345879348331,-203.5064204502212,678.9274142351668,-2.3649363395190903,-3.8056376710764956,3.972454114428921
1.63,-0.14020663102246628,-0.07286987681924928,0.32354985381155776,4.293483287050885,-4.994036577295626,0.8179897002672833,0.0031633849143932148,0.0031783346899680936,0.002194112869226949,19.181950665421784,19.181950665421784,19.181950665421784,26.967233381644828,23.639093362536716,0.600891796006408,0.0,0.0,-250.0,-54.74879363370911,41.406601481597434,-230.32347802347124,0.0,0.0,-250.00000223057026,-146.14038149081927,-250.53003697284143,675.7077532722219,-2.2666225626950363,-4.501473952302056,3.769996970791096
1.64,-0.09563347919270565,-0.1186682157521114,0.3280560346154653,4.560652470725037,-4.229364984074782,0.15114999277344504,0.0031633849143932148,0.0031783346899680936,0.002208368221694251,19.181950665421784,19.181950665421784,19.181950665421784,24.39918555133296,26.21898944297503,0.38087061562102337,0.0,0.0,-250.0,-61.7531957330123,30.301866868598797,-229.98593263005824,0.0,0.0,-250.00000223057026,-69.85833225703513,-292.1670701231051,656.381444505435,-1.0396345720099545,-4.7733426425193715,3.573867645055741
1.65,-0.04956225556571775,-0.1567279708409206,0.3259191278928675,4.613416564569289,-3.4652822555054184,-0.511537274236205,0.0031633849143932148,0.0031783346899680936,0.0022186544862606546,19.181950665421784,19.181950665421784,19.181950665421784,21.757681973083585,28.356094005671174,0.5412488899055148,0.0,0.0,-250.0,-66.79827883411092,19.224562743440362,-229.39171033757907,0.0,0.0,-250.00000223057026,3.291782301130724,-324.35232230953267,625.9187007290227,0.20943634096846928,-4.548612428227312,3.3789596253462597
1.66,-0.004106844989378855,-0.18736868504047927,0.31718791428097337,4.455262940413559,-2.7427780228720295,-1.1680540897453744,0.003084219502569989,0.0031783346899680936,0.002225476815603892,19.181950665421784,19.181950665421784,19.181950665421784,19.16332772708574,30.07052105687435,1.0790620181158552,0.0,0.0,-250.0,-69.94151916709703,8.541216837610987,-228.7950217211611,0.0,0.0,-250.00000223057026,72.11028637877045,-348.85438870669356,584.3443607658911,1.2078624979543415,-4.336111183326693,3.1858664443130067
1.67,0.03839940619632404,-0.21105810621326354,0.3019224173017102,4.028540295264712,-2.072423285067912,-1.8201804550186327,0.002192822331493942,0.0031783346899680936,0.002225476815603892,19.181950665421784,19.181950665421784,19.181950665421784,16.75427880542767,31.389760908574964,1.9910729366470858,0.0,0.0,-250.0,-71.28559879599717,-1.4062167524483067,-228.47194238026051,0.0,0.0,-250.00000223057026,181.71042444745223,-370.7524584723265,528.542734311108,3.0713991065669104,-4.138948025138819,2.994064572172973
1.68,0.07526574268113895,-0.22833882624530427,0.28018266001984643,3.3832638444043797,-1.4534024932657679,-2.46076480155162,0.002192822331493942,0.0031783346899680936,0.002225476815603892,19.181950665421784,19.181950665421784,19.181950665421784,14.679849997943748,32.34467484239201,3.2732676621140366,0.0,0.0,-250.0,-70.95646943134265,-10.303135058797283,-228.71627776141514,0.0,0.0,-250.00000223057026,243.15676118659061,-383.20223764459035,463.9741451599325,3.9125461093320175,-3.9568830863647695,2.805657411424754
1.69,0.10493065213034233,-0.23968042320444177,0.2521490751047572,2.6118440413734194,-0.8792917200842469,-3.0798499657375213,0.002192822331493942,0.0031783346899680936,0.002225476815603892,19.181950665421784,19.181950665421784,19.181950665421784,13.02478905009656,32.96183823810237,4.914789207856712,0.0,0.0,-250.0,-69.05785812644672,-18.02407376489685,-229.72967317762146,0.0,0.0,-250.00000223057026,286.7278328527311,-388.6801413785671,388.84714697432696,4.297601188786881,-3.788026976597769,2.6235735396006747
1.7,0.12673107220401822,-0.24548164269046596,0.2180977258249034,1.8329357100641201,-0.33993275681640317,-3.665563721130924,0.002192822331493942,0.003162376875085952,0.002225476815603892,19.181950665421784,19.181950665421784,19.181950665421784,11.820109142231153,33.26349600606751,6.899128380533302,0.0,0.0,-250.0,-65.65264699851998,-24.569433071598503,-231.61177301511984,0.0,0.0,-250.00000223057026,315.06123537076405,-388.8889414070871,303.85682466874545,4.068510503100068,-3.6293919873957243,2.4513047880073695
1.71,0.1409767497581449,-0.2460568856163287,0.17850348411336492,1.0987506741611568,0.16932552545301724,-4.169334643231505,0.002192822331493942,0.003155808583738897,0.002225476815603892,19.181950665421784,19.181950665421784,19.181950665421784,11.045638675668688,33.26743615628308,9.195385265738123,0.0,0.0,-250.0,-60.77491528578562,-30.02562799946456,-234.33070629066697,0.0,0.0,-250.00000223057026,329.9220970391543,-380.68150786720975,211.12394577746636,3.852573727824677,-3.47961013966419,1.3455618223384398
1.72,0.14821448953909627,-0.24168280816383786,0.13534290988538436,0.42625076104214,0.65328374534131,-4.391978936198216,0.0022027784212466242,0.0031588986953063995,0.002225476815603892,19.181950665421784,19.181950665421784,19.181950665421784,10.669125777634997,32.989221981239254,11.679385572015809,0.0,0.0,-250.0,-54.627299156386215,-34.33859479294621,-237.65031721413177,0.0,0.0,-250.00000223057026,330.43535090842477,-363.4470408378293,120.40505826651611,3.654779635719416,-3.337269486751582,-0.2427493912459248
1.73,0.1490545553589457,-0.23258628377786966,0.09150391052845541,-0.18779408406897458,1.116747284962561,-4.338857350561499,0.0022140085006830436,0.0031633849143932148,0.002225476815603892,19.181950665421784,19.181950665421784,19.181950665421784,10.655864315464601,32.44157503346516,14.186676431420782,0.0,0.0,-250.0,-47.52023882758118,-37.363190106714825,-241.26265234547222,0.0,0.0,-250.00000223057026,318.3882966965667,-337.8812846704294,37.04852722132342,3.4741782106765777,-3.2009566809773062,-1.6250583197536468
1.74,0.1440392329484726,-0.21894185398452698,0.04951995014644167,-0.7513015798436566,1.5652647214115696,-4.051875372559487,0.002223471661023547,0.0031633849143932148,0.002225476815603892,19.181950665421784,19.181950665421784,19.181950665421784,10.975245775594002,31.634177595763013,16.574544681756766,0.0,0.0,-250.0,-39.765531817595985,-38.947792618232086,-244.90638088651622,0.0,0.0,-250.00000223057026,294.67208258607553,-304.5047140703297,-35.340680514456665,3.3084407119107344,-3.069039787901761,-2.75306853242677
1.75,0.13365061226156594,-0.2008723272906528,0.011470397776971952,-1.2612817855649427,2.001976904159111,-3.5788661755355897,0.002225476815603892,0.0031633849143932148,0.0023453922749786834,19.181950665421784,19.181950665421784,19.181950665421784,11.599168262417763,30.574057313687657,18.726685442590195,0.0,0.0,-250.0,-31.665566049611453,-38.95667903959662,-248.36545268840752,0.0,0.0,-250.00000223057026,260.33054363131185,-263.30854499543074,-90.88500239440341,2.831157912500238,-2.751911127582231,-3.513660916016515
1.76,0.11879607057136979,-0.17883105700709695,-0.021517066377202576,-1.6484967672558255,2.3503772508493324,-3.049947008263104,0.002225476815603892,0.0031633849143932148,0.0031783346899680936,19.181950665421784,19.181950665421784,19.181950665421784,12.471678733970974,29.291954088119006,20.586359475993028,0.0,0.0,-250.0,-23.488618438479786,-37.45814707883941,-251.4665453709571,0.0,0.0,-250.00000223057026,216.8282424477059,-218.51865322007558,-105.30115841044594,1.9793507797075507,-1.9024562326896735,-3.5162957838552003
1.77,0.10081722082244077,-0.15400451607622956,-0.048811363959460174,-1.8998590667230324,2.572087582304725,-2.4592698230300747,0.002225476815603892,0.0031633849143932148,0.0031783346899680936,19.181950665421784,19.181950665421784,19.181950665421784,13.515421254268462,27.85751119461362,22.11602815128708,0.0,0.0,-250.0,-15.590997100080443,-34.682760920383856,-254.05475274707783,0.0,0.0,-250.00000223057026,171.17600365806933,-171.4374778010274,-128.2329871086306,1.1451087433855245,-1.0438218940650228,-3.817277446057973
1.78,0.08105538494253384,-0.1276394447701063,-0.06999835198842952,-2.019481865055606,2.671345564237139,-1.8379110027524557,0.002225476815603892,0.0031633849143932148,0.0031783346899680936,19.181950665421784,19.181950665421784,19.181950665421784,14.653816996994607,26.341896685318734,23.294278010980346,0.0,0.0,-250.0,-8.303818774390656,-30.904562668630902,-256.02683225599696,0.0,0.0,-250.00000223057026,124.88484724245748,-125.0794044327003,-142.81349643728834,0.3329908027102823,-0.23793239023749435,-3.8798262329421624
1.79,0.06077662255992311,-0.10091955622279958,-0.08494606933185428,-2.017511029276364,2.656097648402692,-1.215876856146095,0.002225476815603892,0.0031633849143932148,0.0031783346899680936,19.181950665421784,19.181950665421784,19.181950665421784,15.814938062546016,24.81245703194381,24.11515664374569,0.0,0.0,-250.0,-1.900874060838864,-26.42132387661328,-257.3382413153304,0.0,0.0,-250.00000223057026,80.53898284345586,-81.56408402915154,-149.34159886309476,-0.4097958732992071,0.4860254017777196,-3.8065848173936643
1.8,0.041118131437919536,-0.07493063765173114,-0.093785717522058,-1.9088895540642674,2.5375800952074923,-0.6174491693758514,0.002225476815603892,0.0031633849143932148,0.0031700370548498353,19.181950665421784,19.181950665421784,19.181950665421784,16.93450758788957,23.33074205641835,24.587540630599424,0.0,0.0,-250.0,3.4191081006840625,-21.538734743206337,-258.00137106492434,0.0,0.0,-250.00000223057026,40.3644772342013,-42.624116702832026,-148.63267539205953,-1.0501941585361672,1.102385174160407,-3.6194383203909375
1.81,0.023047034595040483,-0.050630211745651355,-0.09685869903382638,-1.7121322656461313,2.3298443099247295,-0.06124987176684275,0.002225476815603892,0.0031633849143932148,0.0031575482785003465,19.181950665421784,19.181950665421784,19.181950665421784,17.958190979167213,21.950794201641312,24.73204084032914,0.0,0.0,-250.0,7.535218515589966,-16.55058469021831,-258.0739643537345,0.0,0.0,-250.00000223057026,6.06398320464011,-9.589979643547151,-141.06846873414466,-1.5653565537866205,1.5928181956399394,-3.327115800851539
1.82,0.007326882970042303,-0.02882233977165899,-0.09468415754369203,-1.4503139265913318,2.0492066366896236,0.4354412678714432,0.002923427017469237,0.0031633849143932148,0.0031563806361877183,19.181950665421784,19.181950665421784,19.181950665421784,18.843693156128463,20.71773686051138,24.579377317639143,0.0,0.0,-250.0,10.402957732666367,-11.721570550761006,-257.6462014990841,0.0,0.0,-250.00000223057026,-16.010562787549798,16.244599231691584,-127.15974541883837,-1.8213953760724049,1.938045671610942,-2.9476991365929948
1.83,-0.005724473088510484,-0.010143928167677008,-0.08793301564103578,-1.1848205179345737,1.7114102671456803,0.8595915795813163,0.0035966615963708365,0.002743422776729506,0.003162950030372834,19.181950665421784,19.181950665421784,19.181950665421784,19.57615947109555,19.667198315298428,24.168709053737246,0.0,0.0,-250.0,12.045905292056407,-7.231647250418362,-256.8463435075883,0.0,0.0,-250.00000223057026,-26.897334373328135,37.12179376388758,-108.40901082772167,-1.98053718094358,2.196058622985883,-2.5028881855122975
1.84,-0.01588229860856538,0.00493726110584175,-0.07737812019575585,-0.8744426573357256,1.3394593049705847,1.2033554091221945,0.0028816020651998633,0.0028212486003304444,0.0031633849143932148,19.181950665421784,19.181950665421784,19.181950665421784,20.140243178508776,18.824620896424964,23.544736882971815,0.0,0.0,-250.0,12.540427450336649,-3.2499063532199806,-255.78632580343148,0.0,0.0,-250.00000223057026,-44.34835919658861,50.874041262987724,-85.1999611897498,-2.1501656558580184,2.3433467001742305,-2.014995362447266
1.85,-0.022922907799333148,0.01602439168670583,-0.06384693715430595,-0.5676616566038972,0.9148181744125677,1.462865397362092,0.003168460717208039,0.002229293760058134,0.0031633849143932148,19.181950665421784,19.181950665421784,19.181950665421784,20.526150786188747,18.213904112454735,22.755076711579118,0.0,0.0,-250.0,11.97825078944797,0.07547674534806557,-254.57583437789307,0.0,0.0,-250.00000223057026,-46.53553176378359,67.71483244382131,-60.99423062953247,-2.0948131353418655,2.468633548117592,-1.5276206973437925
1.86,-0.026977297022308888,0.02278316684970416,-0.04818935548957998,-0.27481558476000223,0.48239325609893163,1.6372506587072235,0.0031609862106367027,0.002201558568712143,0.0031633849143932148,19.181950665421784,19.181950665421784,19.181950665421784,20.7417546083303,17.851348015442912,21.848455729880232,0.0,0.0,-250.0,10.471562616529157,2.6668061946795296,-253.32460248238257,0.0,0.0,-250.00000223057026,-47.493897004082,66.88866495081562,-34.36671507664784,-2.0222988961766193,2.3172909154121903,-1.0264785220113044
1.87,-0.02819991909747449,0.02534462213198385,-0.03124753005109865,-0.0010232467316538783,0.076784970372826,1.7286026799376701,0.0031568946425646286,0.0022097357648075294,0.0031633849143932148,19.181950665421784,19.181950665421784,19.181950665421784,20.796257543759527,17.72760219227454,20.872989342151765,0.0,0.0,-250.0,8.189442619171231,4.495256784816116,-252.09368961412886,0.0,0.0,-250.00000223057026,-44.21358344911711,57.200176873650456,-7.48706289654396,-1.8844374031642497,2.02924794852113,-0.5458648923938634
1.88,-0.0268317623612066,0.024096480269348297,-0.013828352759948426,0.24483040998784494,-0.28138877556642616,1.7410484416903107,0.00315568952691277,0.002215293715292955,0.0028111838610928195,19.181950665421784,19.181950665421784,19.181950665421784,20.70396519429625,17.81931393286846,19.874686683314636,0.0,0.0,-250.0,5.322449470566939,5.574692558345378,-250.9184884904415,0.0,0.0,-250.00000223057026,-37.49398307457926,41.18985333418009,19.799496246220425,-1.6973929066184692,1.6490176852945821,-0.07594261075407246
1.89,-0.02319151979041506,0.01959866347085909,0.0032984008281535804,0.4559218225930503,-0.5773742564241031,1.682679192808721,0.003156539213101276,0.002222352579649836,0.00312265711325795,19.181950665421784,19.181950665421784,19.181950665421784,20.483516001966727,18.093587365629038,18.897126150387447,0.0,0.0,-250.0,2.0711744128045506,5.951651052394022,-249.8193516177327,0.0,0.0,-250.00000223057026,-27.763461559393352,20.798127174070622,42.652955512673906,-1.4713906295767254,1.2123254617123558,0.3193666630127937
1.9,-0.017649395333011964,0.012530607742722022,0.019315962693895183,0.6294232127081556,-0.8014257864078863,1.518425037685865,0.0028840924281269154,0.002311937822009169,0.0022002652256546606,19.181950665421784,19.181950665421784,19.181950665421784,20.156248696909657,18.510965012359826,17.98946333940817,0.0,0.0,-250.0,-1.3391501897911862,5.6831799348304095,-248.8201291521984,0.0,0.0,-250.00000223057026,-18.799346733148745,-4.012261683633695,85.9806990953571,-1.2659874516863971,0.7269124133376677,0.9840597515695874
1.91,-0.010590399069365541,0.003618743093407817,0.033218946130795346,0.7615374580853755,-0.9570014176542415,1.2775629116064176,0.0027461997320439102,0.004309604422329816,0.002192822331493942,19.181950665421784,19.181950665421784,19.181950665421784,19.744494659520083,19.030215677364072,17.206978769033476,0.0,0.0,-250.0,-4.6688062173430325,4.823330148648049,-247.95930686360902,0.0,0.0,-250.00000223057026,-5.216271000152486,-20.534704210539267,107.3396302406089,-0.9955419758299734,0.42157105210922596,1.2665187229143209
1.92,-0.002467330951184399,-0.006619560339816144,0.04446543839959466,0.8476445703128506,-1.0693437114186723,0.9949140349500685,0.0033352560132754658,0.003310347712316873,0.002192822331493942,19.181950665421784,19.181950665421784,19.181950665421784,19.274370847731415,19.622851434334688,16.57896738234973,0.0,0.0,-250.0,-7.781046686360809,3.455699942294524,-247.27014177141115,0.0,0.0,-250.00000223057026,8.129752161004312,-41.14108643869422,122.00481006089784,-0.747999733715692,-0.004153107147119707,1.4327530315404073
1.93,0.006302931054779248,-0.017519007636129402,0.05275721831027913,0.8921505045852678,-1.0980306497450498,0.6921995368046455,0.002607161836771114,0.002917855043797769,0.0021968944727974067,19.181950665421784,19.181950665421784,19.181950665421784,18.769681379347922,20.248637914032464,16.12127474160779,0.0,0.0,-250.0,-10.542970208714676,1.6913674718296472,-246.7573282688688,0.0,0.0,-250.00000223057026,28.365175971172036,-63.90970981069252,129.41861695713186,-0.3675331678158336,-0.36663097691699725,1.4632513701220038
1.94,0.01513196299133479,-0.028468171807130793,0.05800997821142778,0.8663006284623925,-1.086896219214111,0.3902086114684599,0.00224026858058325,0.0031783346899680936,0.002203550392524113,19.181950665421784,19.181950665421784,19.181950665421784,18.26564187101307,20.87513229212521,15.8375544723011,0.0,0.0,-250.0,-12.87096904989966,-0.32126410226411956,-246.43790461949547,0.0,0.0,-250.00000223057026,50.940935339629625,-76.63527386781362,129.6729812738242,-0.004293218159535277,-0.5826826100909863,1.379329642382691
1.95,0.023407405891468558,-0.03907496583696324,0.06032918188622943,0.7895484867536702,-1.0329798905583634,0.10623948986114135,0.002194735325671317,0.0031783346899680936,0.0022092024149012565,19.181950665421784,19.181950665421784,19.181950665421784,17.79612722878815,21.479531130524347,15.720794400592725,0.0,0.0,-250.0,-14.730591197289788,-2.439633295849527,-246.32807713613528,0.0,0.0,-250.00000223057026,67.92443331871198,-91.2597282930587,125.16114129735557,0.2576096593287705,-0.8156228014003292,1.2201698453955576
1.96,0.03071513681451299,-0.04892799675411963,0.059973089876882546,0.6784323618272713,-0.9412028196970146,-0.14607201591240107,0.0021972019274142515,0.0031783346899680936,0.0022133978532556803,19.181950665421784,19.181950665421784,19.181950665421784,17.38395092521887,22.038617658158262,15.755437185642934,0.0,0.0,-250.0,-16.10385425134331,-4.542493482591761,-246.42110223664957,0.0,0.0,-250.00000223057026,80.95019644991955,-103.54478222095054,116.47370147215854,0.44554895067219696,-0.998316461643123,1.000240565632106
1.97,0.03677624112557193,-0.05769241156539695,0.05731592373081068,0.5442747344312461,-0.8196030452537575,-0.356801894801769,0.002200194640681335,0.0031773050573767328,0.0022162473531016835,19.181950665421784,19.181950665421784,19.181950665421784,17.04446067244824,22.53366930376875,15.91949416001645,0.0,0.0,-250.0,-16.996883494941606,-6.528033364587106,-246.69799949589265,0.0,0.0,-250.00000223057026,90.83069526289106,-113.33933860960319,104.59172480799127,0.573718866523582,-1.1305805342651745,0.7391458702184924
1.98,0.0414179297646306,-0.06511462998568424,0.05281093699184153,0.3974874019250125,-0.6762596318873948,-0.5196697803367674,0.0022033952691375277,0.0031720095046230004,0.0022188141885934034,19.181950665421784,19.181950665421784,19.181950665421784,16.7869626692306,22.950619274241742,16.186656040509654,0.0,0.0,-250.0,-17.435892197299903,-8.311887060408178,-247.13066802099124,0.0,0.0,-250.00000223057026,97.4597293691303,-120.60845978678783,90.56261134124429,0.643437838522425,-1.2138181723618269,0.4562523316065346
1.99,0.04456804769931261,-0.07102226762716113,0.04695522574897387,0.24776910241585673,-0.519402485375485,-0.6318428463635243,0.00220649239132378,0.0031670158184181592,0.0022210363059665134,19.181950665421784,19.181950665421784,19.181950665421784,16.61504106001478,23.28006312583415,16.52829899643116,0.0,0.0,-250.0,-17.463374211619453,-9.828499738359136,-247.68376876163998,0.0,0.0,-250.00000223057026,100.89662980704436,-125.18586988856389,75.45386148834886,0.6585989518393228,-1.2477756450969655,0.1705131738485864
2.0,0.04624531791491582,-0.07532485827507324,0.040255318035128884,0.1036510904786398,-0.357082077874386,-0.6938572492275717,0.0022092497269077674,0.0031627693160377127,0.002222288692589388,19.181950665421784,19.181950665421784,19.181950665421784,16.527142077334236,23.517275965381735,16.915449232605873,0.0,0.0,-250.0,-17.134552310889028,-11.032184165464436,-248.31734381293876,0.0,0.0,-250.00000223057026,101.36212682116634,-127.13040327040189,60.2633582636305,0.6254653647248574,-1.2358086759875129,-0.10157368449944595
2.01,0.04654587301407076,-0.07800924275557775,0.03319679116224594,-0.027807154338627273,-0.19672437493225509,-0.708991848233506,0.002211537990305227,0.003159528060110781,0.0022225979683952743,19.181950665421784,19.181950665421784,19.181950665421784,16.517362330975214,23.66192485758177,17.320486973933043,0.0,0.0,-250.0,-16.513506386390347,-11.897165992279511,-248.9895145645497,0.0,0.0,-250.00000223057026,99.1998776523828,-126.60947102564873,45.82909336817856,0.5519205924345967,-1.1829310847319607,-0.3469238811651033
2.02,0.04562750985687164,-0.07913186066506367,0.02622006023256057,-0.14118583503017698,-0.04487424807096447,-0.6826869132287219,0.0022133247925715037,0.003157356683578764,0.0022220614168765064,19.181950665421784,19.181950665421784,19.181950665421784,16.57635985464866,23.717612834304585,17.7185005103694,0.0,0.0,-250.0,-15.669363377722613,-12.41677937788466,-249.6591407725766,0.0,0.0,-250.00000223057026,94.84240090157378,-123.88932256188377,32.83384467288623,0.44685664371942413,-1.095566581429603,-0.555701575772547
2.03,0.043692915542570654,-0.07880883869056554,0.019702049410829592,-0.23275784867157104,0.09299414042017802,-0.6219381350404354,0.0022146403637365577,0.0031561554305490026,0.0022230204019744394,19.181950665421784,19.181950665421784,19.181950665421784,16.69231763494601,23.691300535491727,18.088301062482532,0.0,0.0,-250.0,-14.672556339739154,-12.60193319242191,-250.28831786744,0.0,0.0,-250.00000223057026,88.78247661075488,-119.31432835777302,21.76859307078317,0.31968631712182544,-0.9811309084541218,-0.7218658965124584
2.04,0.040972893925625864,-0.07720457392103997,0.013945818594755632,-0.3004484484805683,0.21259550908565458,-0.5342369195346246,0.0022155414499976083,0.003155713075185607,0.0022716991428887792,19.181950665421784,19.181950665421784,19.181950665421784,16.85190187978722,23.592645723480356,18.41295324752847,0.0,0.0,-250.0,-13.591649630172288,-12.478700340981854,-250.844351784626,0.0,0.0,-250.00000223057026,81.55821043659925,-113.26943384109799,12.72238638716853,0.18009552436100318,-0.8473644668312834,-0.846304330959418
2.05,0.03771042009531478,-0.07451952483904573,0.00917785902268703,-0.34371966022573663,0.31088199548810275,-0.4275693696757211,0.0022160869529593485,0.0031557682715541904,0.0024640415111238136,19.181950665421784,19.181950665421784,19.181950665421784,17.041168610411066,23.43330134365768,18.679941974303624,0.0,0.0,-250.0,-12.490650452962097,-12.085294068138037,-251.3012098592657,0.0,0.0,-250.00000223057026,73.67512021727839,-106.1922207927425,6.072272994811802,0.036744562975951744,-0.7025362021901562,-0.9249389738139622
2.06,0.03414620750268621,-0.07097785081923214,0.005544665988152009,-0.36339276880274035,0.38603210629454526,-0.3097844481953472,0.002216327384747508,0.0031560652873478395,0.003376280436012077,19.181950665421784,19.181950665421784,19.181950665421784,17.24638014685035,23.226208274731373,18.88132693501341,0.0,0.0,-250.0,-11.42615821955414,-11.469075584327427,-251.64075227796548,0.0,0.0,-250.00000223057026,65.61153160146684,-98.52122907523983,2.0463238014827714,-0.10269937871413251,-0.5546719864110631,-0.9543505660486803
2.07,0.030506308659536352,-0.06681544551385071,0.00310241722958976,-0.3614242524772348,0.4373913597389643,-0.19114134822483025,0.0022163035357286934,0.0031563950326639733,0.004118580496181591,19.181950665421784,19.181950665421784,19.181950665421784,17.454702440905994,22.984913299647463,19.01448203932641,0.0,0.0,-250.0,-10.443039446953962,-10.684631043749096,-251.85439228031228,0.0,0.0,-250.00000223057026,57.756359593194595,-90.70714083485957,1.2965658780623208,-0.23205626039119057,-0.41134962452377966,-0.9297170764175056
2.08,0.02699214029990893,-0.06226876380987467,0.001817457060175165,-0.34065606726516245,0.4653746582915229,-0.0783934189463768,0.002216049091102742,0.0031566179036373694,0.004289878175332843,19.181950665421784,19.181950665421784,19.181950665421784,17.654762308333627,22.72293480469366,19.08168959785228,0.0,0.0,-250.0,-9.573244119530862,-9.790388077637559,-251.9428906602851,0.0,0.0,-250.00000223057026,50.59768129575379,-83.01435139226479,1.9999765407842884,-0.343968489717813,-0.2768752540072528,-0.8837157226019023
2.09,0.02377296927738637,-0.05756487875481253,0.0016126497873978907,-0.3045704665955221,0.47132550298170767,0.02536868880430518,0.0022155944209217024,0.0031566692217453616,0.0042350514202737,19.181950665421784,19.181950665421784,19.181950665421784,17.837063850216193,22.45320130583221,19.08753830721227,0.0,0.0,-250.0,-8.840673734593572,-8.842270367720479,-251.9130104515684,0.0,0.0,-250.00000223057026,44.44145858671375,-75.7382050020901,3.6640468126099286,-0.4344334211629712,-0.15589198083822192,-0.824187716164948
2.1,0.020980927667290428,-0.05291305254473311,0.002384633598218333,-0.25703098542188674,0.45735862720187737,0.11770185975873637,0.0022144871155711484,0.003156550950113588,0.004026951465069112,19.181950665421784,19.181950665421784,19.181950665421784,17.994259431242114,22.1875775774022,19.03809019019043,0.0,0.0,-250.0,-8.261961373693895,-7.890597616749644,-251.77616993240608,0.0,0.0,-250.00000223057026,39.474301701109226,-69.14992438659958,6.298377124056068,-0.5014011598834901,-0.052366964257027304,-0.7512370753099896
2.11,0.018708595672228823,-0.048497932757236406,0.00400378692139447,-0.20199884047930747,0.4261938720680464,0.19560743392223162,0.002217028806020617,0.0031563143824445755,0.003550217481224004,19.181950665421784,19.181950665421784,19.181950665421784,18.12127003049707,21.9364843757779,18.940952852685996,0.0,0.0,-250.0,-7.845309650898349,-6.978994714964817,-251.5479940177062,0.0,0.0,-250.00000223057026,35.68395712847183,-63.48801777655862,10.429295477132843,-0.5467364642704934,0.03045252655999288,-0.6557319614391374
2.12,0.01701063246390644,-0.044474425497247894,0.006297249554543249,-0.14314921218078486,0.380988877642189,0.2532906048730771,0.002223765967520208,0.0031560384519294157,0.0028405490144257865,19.181950665421784,19.181950665421784,19.181950665421784,18.21517387054566,21.708614247215387,18.80638410224859,0.0,0.0,-250.0,-7.58703590520025,-6.145763413679726,-251.24891714246277,0.0,0.0,-250.00000223057026,32.99630219099409,-58.98815858224251,17.397706665741605,-0.5724317617152698,0.08946892451946406,-0.5162320138561224
2.13,0.015905677580964894,-0.04096419959218417,0.009021570627262776,-0.08397539682663668,0.32517926888295107,0.2839196642718395,0.00223386111645246,0.003155807781764543,0.002405637945974595,19.181950665421784,19.181950665421784,19.181950665421784,18.275101121095823,21.51074038296818,18.64869393275324,0.0,0.0,-250.0,-7.467708772709394,-5.425880713799306,-250.90532583048318,0.0,0.0,-250.00000223057026,31.455415234184315,-55.658502259079484,25.922491096522517,-0.5784278701871766,0.12597088006807033,-0.36258278158966706
2.14,0.01537896893533064,-0.03805384674389112,0.011911200263283406,-0.02772723231398696,0.2623029177471782,0.28988803329975243,0.0022386341208626495,0.0031556937537053796,0.0022868639737885902,19.181950665421784,19.181950665421784,19.181950665421784,18.302082833630077,21.347621441393457,18.482909629127388,0.0,0.0,-250.0,-7.460747616659892,-4.846198521618523,-250.54473268881983,0.0,0.0,-250.00000223057026,31.266319246216682,-53.33499155275187,32.822159263052505,-0.5623841504719553,0.14357503402712718,-0.2447641687250408
2.15,0.01538509038173641,-0.035794896115162955,0.014751845663573515,0.022749837664589816,0.19581529565619335,0.2767305974815156,0.002237603188987855,0.0031557414217644585,0.0022417005124346127,19.181950665421784,19.181950665421784,19.181950665421784,18.298880606186593,21.22201280235201,18.321003446047765,0.0,0.0,-250.0,-7.542308342788508,-4.420378891590113,-250.1905021344609,0.0,0.0,-250.00000223057026,32.22101772296154,-52.026252832892496,38.54566867559585,-0.5289134845815517,0.14301682209717573,-0.15137285718810112
2.16,0.015853698811947536,-0.034205458354644946,0.01737399193158995,0.06526163262065708,0.12894649586992615,0.24832777210989934,0.0022315435331266204,0.0031559637257316036,0.0022157283564550236,19.181950665421784,19.181950665421784,19.181950665421784,18.269646590888524,21.134768732755308,18.17246794440196,0.0,0.0,-250.0,-7.690135106014705,-4.151120740486068,-249.86212270729138,0.0,0.0,-250.00000223057026,34.096596319064574,-51.67809466106276,43.23942218310344,-0.48235454122724936,0.12621941133301595,-0.07980593168178648
2.17,0.01669634494937644,-0.03327313075432303,0.01964746145200308,0.098316063702184,0.06458583541737026,0.20883819523007188,0.0022219569353147694,0.003156342548018198,0.0022066824773574138,19.181950665421784,19.181950665421784,19.181950665421784,18.21952994935946,21.085015332228874,18.044520382484873,0.0,0.0,-250.0,-7.883486898403928,-4.032081431987486,-249.57511515660482,0.0,0.0,-250.00000223057026,36.67533741131014,-52.17564422773377,46.658471649281445,-0.42682804217315473,0.09595765839380768,-0.03289179202466724
2.18,0.017813990175879313,-0.03295893104692427,0.02148494376518728,0.12124627499218321,0.005190544263682178,0.1625226085057568,0.002215254975636061,0.0031568351911367065,0.0022081530615419257,19.181950665421784,19.181950665421784,19.181950665421784,18.154237850457687,21.070380988479133,17.941920146904124,0.0,0.0,-250.0,-8.104154746754505,-4.049400471431452,-249.34052887004978,0.0,0.0,-250.00000223057026,39.63307251476313,-53.38637996599619,48.80832770964812,-0.36812616141874593,0.05519351757130377,-0.00933518123644578
2.19,0.019105511058253866,-0.03320197739840952,0.022839935418316193,0.13414415511781594,-0.04727477848210951,0.11317394632377352,0.0022097075297712702,0.0031573841226712673,0.0022090752474425305,19.181950665421784,19.181950665421784,19.181950665421784,18.079556317941346,21.087267806943508,17.867119657920426,0.0,0.0,-250.0,-8.336707844027075,-4.183845165164422,-249.16492005802056,0.0,0.0,-250.00000223057026,42.76467040500628,-55.18326703579181,49.92879925496179,-0.30946835115561966,0.00661076161022635,-0.0038165400117700808
2.2,0.02047339085297223,-0.03392459589005098,0.02369945476974844,0.13761210684273328,-0.09136652374181445,0.06391161640302201,0.002207164905202766,0.003157927614261223,0.002209965370321244,19.181950665421784,19.181950665421784,19.181950665421784,18.001034396861023,21.1311457024982,17.820685743883722,0.0,0.0,-250.0,-8.568113024312288,-4.412847539367945,-249.0509411885914,0.0,0.0,-250.00000223057026,45.83290025663328,-57.4127762886102,50.08594339670111,-0.25486461069146954,-0.046763158473379064,-0.014437104062086828
2.21,0.021829875007144894,-0.03503756453843504,0.02407985756648573,0.13291567664389284,-0.12616487037238933,0.017478720911708823,0.002208709922314452,0.003158409307480327,0.002210775514112911,19.181950665421784,19.181950665421784,19.181950665421784,17.92362534650618,21.19685288819453,17.801526959259565,0.0,0.0,-250.0,-8.787873995672129,-4.71233536808156,-248.99761882167866,0.0,0.0,-250.00000223057026,48.642574207102186,-59.9232120560978,49.40155951108555,-0.20685463029229764,-0.10213618288972245,-0.03835414450976741
2.22,0.023100444957927513,-0.03644525542503835,0.02402207342823426,0.12133683525386095,-0.15125271129037482,-0.023911875262826125,0.002208924779560221,0.0031587853439630047,0.002211473491683412,19.181950665421784,19.181950665421784,19.181950665421784,17.851525414673173,21.278889152780522,17.80717465819904,0.0,0.0,-250.0,-8.988037401802332,-5.058016491099075,-249.00091807487993,0.0,0.0,-250.00000223057026,51.169239289589235,-62.57852252294827,48.018352005115695,-0.16572461915334838,-0.15708211350994872,-0.07249068991878567
2.23,0.02422425479296869,-0.03805044561988258,0.02358598975070847,0.10436395303096112,-0.1666739679475582,-0.05862852668567525,0.002209236705309113,0.0031590284118900736,0.0022120410761644147,19.181950665421784,19.181950665421784,19.181950665421784,17.788134196940785,21.371689028021997,17.834107464116133,0.0,0.0,-250.0,-9.163060660398619,-5.426327115332816,-249.05446126084098,0.0,0.0,-250.00000223057026,53.28228673885346,-65.24352814475806,46.10694182800615,-0.13317428680365478,-0.20934616586628546,-0.11349669095276242
2.24,0.025156191050822396,-0.03975863272082408,0.022844540238415256,0.08360915693227838,-0.17287807454643753,-0.08563324195374357,0.002209613182646265,0.003159128755568984,0.00221247122968672,19.181950665421784,19.181950665421784,19.181950665421784,17.73594388834126,21.46986579793058,17.87809047143825,0.0,0.0,-250.0,-9.309584054534639,-5.795571837712356,-249.1501029475733,0.0,0.0,-250.00000223057026,54.916963063755304,-67.80012187475121,43.84213719094507,-0.10980885725549079,-0.25707572595335293,-0.15812622849986024
2.25,0.025867335955804704,-0.04148173182957349,0.021877866007442737,0.060683645375077075,-0.1706535731224931,-0.10445912948728181,0.002210022606246544,0.003159092608572605,0.002212765211537338,19.181950665421784,19.181950665421784,19.181950665421784,17.69651934058753,21.568419467163153,17.934508315947642,0.0,0.0,-250.0,-9.426141810297823,-6.146748398403924,-249.2785431348731,0.0,0.0,-250.00000223057026,56.04247938347697,-70.14816656130043,41.39460053446341,-0.0956629106613748,-0.29881953331922023,-0.20337405020001628
2.26,0.026344456667278637,-0.043141069555147404,0.020767848889117646,0.03710884391805645,-0.16105525122027076,-0.11516917744224459,0.002210436483641876,0.003158938800824954,0.0022119489811534944,19.181950665421784,19.181950665421784,19.181950665421784,17.670532326386706,21.66290410552834,17.998676236280097,0.0,0.0,-250.0,-9.512833504951383,-6.4641407114583,-249.42991662791383,0.0,0.0,-250.00000223057026,56.657880062429946,-72.20860556205558,38.93920119947248,-0.09030042732916346,-0.333562247413354,-0.2462648915466435
2.27,0.02658869739688019,-0.04466963160864079,0.019592966831002756,0.01424454959290791,-0.14532857398677687,-0.11828221018099727,0.0022108308797349915,0.0031586943797497014,0.0022131881993237455,19.181950665421784,19.181950665421784,19.181950665421784,17.657840489169583,21.749552292341377,18.066128571398306,0.0,0.0,-250.0,-9.570944897011955,-6.735704469962747,-249.5943556250442,0.0,0.0,-250.00000223057026,56.79432318017315,-73.91885525007888,36.556164343198766,-0.09277328147080323,-0.3606031696998641,-0.28584518600244213
2.28,0.026613652521567832,-0.04601355895577858,0.01842573477217163,-0.006764789061863128,-0.1248355364222609,-0.11449035960537166,0.0022111871307418,0.0031583900537150962,0.002216478545740955,19.181950665421784,19.181950665421784,19.181950665421784,17.6576007169059,21.82535661013104,18.132752499767477,0.0,0.0,-250.0,-9.602848442688655,-6.953072500834744,-249.76235117245162,0.0,0.0,-250.00000223057026,56.4998847052408,-75.24190486180942,34.37203684202368,-0.1019494401463937,-0.3797374776859429,-0.31992019016097123
2.29,0.026443009145290852,-0.04713292078291126,0.017329327840814535,-0.025024113275907017,-0.10098387313930336,-0.10489364474405212,0.002211491929231914,0.003158056096722886,0.00222135358958129,19.181950665421784,19.181950665421784,19.181950665421784,17.668406049438538,21.888109899118056,18.194992770088604,0.0,0.0,-250.0,-9.611611551943911,-7.111546900141628,-249.9252044873728,0.0,0.0,-250.00000223057026,55.838921986363786,-76.1613176066065,32.48797540516099,-0.1164722065566627,-0.39109714306196003,-0.34720682495239913
2.3,0.026107953343758317,-0.048001808568966686,0.016354924253075165,-0.03990338443836013,-0.07516218549207515,-0.0907523869640902,0.00221173697108669,0.0031577191736690095,0.002229151708823715,19.181950665421784,19.181950665421784,19.181950665421784,17.688435088787127,21.936406975476057,18.24998967376462,0.0,0.0,-250.0,-9.60066648287521,-7.209900589589212,-250.07538125328838,0.0,0.0,-250.00000223057026,54.888682567891415,-76.6777881819758,30.94788934345203,-0.13484871677776897,-0.395097589436873,-0.3674134300625156
2.31,0.025644510399421838,-0.048607827365926226,0.015540881145273966,-0.05103700754495133,-0.04868360071623012,-0.07338194731273748,0.002211918361337756,0.0031574003296781453,0.0022377215873788225,19.181950665421784,19.181950665421784,19.181950665421784,17.7156042712718,21.96961230782598,18.295621789714026,0.0,0.0,-250.0,-9.57362581454197,-7.249973405202617,-250.2067251739726,0.0,0.0,-250.00000223057026,53.72846921647213,-76.81172831462123,29.816487079150654,-0.15564569627796326,-0.39247666877427523,-0.37970088792695267
2.32,0.02509097294261381,-0.04895107393202214,0.014911432448179607,-0.05830859617271999,-0.02273859979932883,-0.05424980379116637,0.0022120359204188663,0.003157114152901575,0.002244307982021713,19.181950665421784,19.181950665421784,19.181950665421784,17.747714275147857,21.987798820204766,18.330584777519043,0.0,0.0,-250.0,-9.533923786379017,-7.236289107773884,-250.31469380570994,0.0,0.0,-250.00000223057026,52.43848553284873,-76.59721274213761,29.126678455591502,-0.17747308627430664,-0.38415145411830304,-0.38403965871125206
2.33,0.02448554724660168,-0.04904269877521089,0.014476447078851207,-0.06182443356523409,0.001641727384065976,-0.03474087849477915,0.002212092502291309,0.003156868961731391,0.002248832349309055,19.181950665421784,19.181950665421784,19.181950665421784,17.78258330513026,21.991663462852355,18.354391631303567,0.0,0.0,-250.0,-9.484591173769411,-7.175547655313969,-250.39645976855743,0.0,0.0,-250.00000223057026,51.097842136078704,-76.07685343425203,28.848877163787773,-0.19903032313989738,-0.37113937375797784,-0.3813633424402533
2.34,0.023864310899419205,-0.04890316315547838,0.014232931678511584,-0.06187892372741931,0.023611125774648585,-0.016055047875341837,0.0022120933778988785,0.0031566677477572894,0.0022513241823350293,19.181950665421784,19.181950665421784,19.181950665421784,17.81816209121498,21.982425951355555,18.367281463905993,0.0,0.0,-250.0,-9.42821589983482,-7.07599727461789,-250.4508557316939,0.0,0.0,-250.00000223057026,49.778066727720116,-75.30112806490972,28.93549095806739,-0.21920312604851727,-0.3545376440484684,-0.3728200701105806
2.35,0.023259548593553947,-0.04856030151194335,0.014167030254570168,-0.05891451456575708,0.04252282299984106,0.0008190029416033598,0.00221204568373689,0.0031565095437267486,0.0022518074567357094,19.181950665421784,19.181950665421784,19.181950665421784,17.852626921742807,21.96171697263181,18.37010350546256,0.0,0.0,-250.0,-9.366937930834942,-6.94680892484904,-250.47824699385657,0.0,0.0,-250.00000223057026,48.540182812115845,-74.32533991768881,29.32704695862274,-0.23709756563982926,-0.33546517097496203,-0.3597055339609316
2.36,0.02269850594239442,-0.04804729393912088,0.014256293121662711,-0.05347890842356896,0.05793400585973664,0.015130709228131306,0.0022119579196126387,0.003156390902103276,0.0022505135714682035,19.181950665421784,19.181950665421784,19.181950665421784,17.884448585963096,21.93146181566391,18.36418561541094,0.0,0.0,-250.0,-9.302471517954025,-6.797485470429407,-250.48034340985413,0.0,0.0,-250.00000223057026,47.432981872685104,-73.20649392987686,29.954293390085976,-0.25205709340749205,-0.31500945613851977,-0.34340860609011226
2.37,0.02220257359885086,-0.0474006457038299,0.014472136941847347,-0.046182201377756776,0.06960104534595639,0.026379570196489406,0.002211839473497583,0.0031563072296667636,0.002247822137941118,19.181950665421784,19.181950665421784,19.181950665421784,17.912436671915106,21.89376492922487,18.351192738973467,0.0,0.0,-250.0,-9.236156087883273,-6.637327167360631,-250.4599605217275,0.0,0.0,-250.00000223057026,46.49197507264921,-72.00065678121535,30.74323082890951,-0.263667344243322,-0.2941837046432499,-0.3253229800516354
2.38,0.021786889672864407,-0.04665825962246922,0.014782339293697266,-0.03765620571287625,0.07746672697197923,0.03431188859938545,0.0022117001555122936,0.003156253809967983,0.0022441833878548683,19.181950665421784,19.181950665421784,19.181950665421784,17.935760034315624,21.850800250204628,18.332984247633842,0.0,0.0,-250.0,-9.16902604200163,-6.474975071285161,-250.4207470769492,0.0,0.0,-250.00000223057026,45.739182097518835,-70.76070331794632,31.619863640050077,-0.27174748875948707,-0.27389277104210036,-0.30676817010437496
2.39,0.021460328096257475,-0.04585767328834378,0.015153423624273021,-0.02851780407065321,0.08164095867676327,0.03890363618527582,0.0022115497351986304,0.0031562264394023156,0.0022400256116530885,19.181950665421784,19.181950665421784,19.181950665421784,17.953945389511027,21.80471134193998,18.31147834920333,0.0,0.0,-250.0,-9.101889274409547,-6.318047461314573,-250.366897210323,0.0,0.0,-250.00000223057026,45.18364488607566,-69.53452118105093,32.51478698551999,-0.27633061850488383,-0.2549087407997719,-0.28891700742579013
2.4,0.02122582452717131,-0.04503451763163624,0.015552778229602604,-0.01933773541974573,0.08237656129407366,0.04032431839427487,0.0022113974904125287,0.0031562216863815764,0.0022353624601831154,19.181950665421784,19.181950665421784,19.181950665421784,17.966856888561043,21.75752448622172,18.28853289001493,0.0,0.0,-250.0,-9.035398839059937,-6.172881026149571,-250.30286825384843,0.0,0.0,-250.00000223057026,44.822258699715526,-68.36395094901425,33.37154856486608,-0.2776407882589056,-0.2378606408637309,-0.2726599102456474
2.41,0.02108096481677163,-0.044221236860895685,0.015950405597947137,-0.010620980871940237,0.08004179033568654,0.038910632783709174,0.002211013622109822,0.003156236844992201,0.002230927898480687,19.181950665421784,19.181950665421784,19.181950665421784,17.974661396554062,21.711076929607326,18.265846368688006,0.0,0.0,-250.0,-8.970113759723734,-6.044372206044044,-250.2331198867852,0.0,0.0,-250.00000223057026,44.6470115405326,-67.28316903294045,34.132631893613194,-0.27595660106961084,-0.22321412623778902,-0.2588764656293084
2.42,0.02101871595386523,-0.04344609406210037,0.01632046954692734,-0.002785436882959901,0.07509110595416914,0.035133604309210906,0.0022107249805769225,0.0031562696900252008,0.0022269833582774885,19.181950665421784,19.181950665421784,19.181950665421784,17.977785135508316,21.666961588537553,18.244871532772656,0.0,0.0,-250.0,-8.906571821663663,-5.935891877620868,-250.16187561132182,0.0,0.0,-250.00000223057026,44.630314771189184,-66.31814456701515,34.759444393130046,-0.27188682766479155,-0.2112712729446845,-0.24806424347345796
2.43,0.021028538437225797,-0.04273247189982077,0.01664231826846535,0.003870332796958377,0.06803564229981011,0.02954397321745786,0.0022106372866189357,0.0031563181485108702,0.002223703849177935,19.181950665421784,19.181950665421784,19.181950665421784,17.976848478973725,21.626488671673055,18.226759771666217,0.0,0.0,-250.0,-8.845328582514139,-5.849339346846885,-250.09291500734096,0.0,0.0,-250.00000223057026,44.74357519910216,-65.48735345491652,35.226584022571856,-0.26598940359165546,-0.2021936099871141,-0.24048409049146105
2.44,0.021097464044915193,-0.04209846354819302,0.016901048927333517,0.009148589260723166,0.0594148067342095,0.022732736318399966,0.0022107229352759205,0.0031563799887481536,0.0022215739003220054,19.181950665421784,19.181950665421784,19.181950665421784,17.97260520617507,21.590663858854878,18.21233090549263,0.0,0.0,-250.0,-8.786976043458267,-5.785247918700423,-250.02942516547114,0.0,0.0,-250.00000223057026,44.95753549039929,-64.8014600107854,35.51597039055527,-0.2588151414176591,-0.196001184675424,-0.23627781272111056
2.45,0.021211092151692534,-0.04155673632332674,0.017087814247448208,0.01294929080189152,0.04977005370149147,0.015307780622265016,0.0022108530140704952,0.0031564526011470077,0.002220635619533994,19.181950665421784,19.181950665421784,19.181950665421784,17.965885640597502,21.56018197533732,18.202057226365547,0.0,0.0,-250.0,-8.732166408352631,-5.742924080546019,-249.9738951458022,0.0,0.0,-250.00000223057026,45.24287828223808,-64.26456483859974,35.62872941252076,-0.2508810414016214,-0.19260731712167034,-0.23520555169342505
2.46,0.021354460501369965,-0.04111464119516939,0.017199461207903277,0.015249734829933696,0.03962180888140871,0.007798220866289938,0.0022108136869592836,0.0031565329096412426,0.0022201440697299122,19.181950665421784,19.181950665421784,19.181950665421784,17.957547898218877,21.53543456726514,18.196089580413112,0.0,0.0,-250.0,-8.681565922071025,-5.720646263188178,-249.92809328578423,0.0,0.0,-250.00000223057026,45.57108004924057,-63.875107311405614,35.58755155920692,-0.24268782176061623,-0.19183117195503355,-0.23674232784199953
2.47,0.021512864020058753,-0.040774532295523525,0.017237692201184207,0.016117529394355627,0.02945016756656171,0.0006558688293863239,0.002210798833284325,0.003156617419378667,0.0022200532663587715,19.181950665421784,19.181950665421784,19.181950665421784,17.948430147861224,21.51652929260591,18.194304984430676,0.0,0.0,-250.0,-8.63578518066065,-5.715909550891664,-249.8930884272249,0.0,0.0,-250.00000223057026,45.908533332958015,-63.624622166403476,35.41189785324629,-0.2347743076937102,-0.19339012233191452,-0.24042847280771332
2.48,0.021672697274750186,-0.040534258376880294,0.017208275511766236,0.015692891796164014,0.019679490756205474,-0.005751707029340872,0.0022108061028826044,0.003156702381300047,0.0022203156072658683,19.181950665421784,19.181950665421784,19.181950665421784,17.939303546272644,21.50331893837533,18.196352399875817,0.0,0.0,-250.0,-8.595339465862832,-5.725678767903067,-249.8692810862777,0.0,0.0,-250.00000223057026,46.229077675820726,-63.50030612135456,35.126208286451316,-0.22753833436555998,-0.19694472988954245,-0.24574320367604893
2.49,0.02182205859784786,-0.04038778503787688,0.017120143729312698,0.0141683101986588,0.010667245444867593,-0.011150827080388993,0.0022108321831901465,0.0031567840329326446,0.0022208836357292564,19.181950665421784,19.181950665421784,19.181950665421784,17.930838734778852,21.495437686636368,18.20170489923178,0.0,0.0,-250.0,-8.560612037457005,-5.7466209347586945,-249.85646898163682,0.0,0.0,-250.00000223057026,46.51103917582637,-63.48579889189431,34.75799403564036,-0.22128657167964322,-0.2021153899690459,-0.2521424618487753
2.5,0.021951177975767622,-0.04032590543952741,0.016984434058620157,0.011771271258944864,0.0026970231436022852,-0.015364526030027218,0.0022108731254835406,0.003156858868523648,0.002221708753060034,19.181950665421784,19.181950665421784,19.181950665421784,17.923582313648495,21.49234221216861,18.209714777811946,0.0,0.0,-250.0,-8.531822577355783,-5.7753192214025075,-249.85393453635785,0.0,0.0,-250.00000223057026,46.73781402945025,-63.562263836096804,34.33581954046523,-0.21622991580318715,-0.208502529914153,-0.259093586631159
2.51,0.022052672982205646,-0.04033699883174113,0.01681353546019554,0.008747275405091627,-0.004024485238209712,-0.018308566160845596,0.0022109246669173746,0.003156923893250143,0.0022228645466274375,19.181950665421784,19.181950665421784,19.181950665421784,17.917943146701987,21.4933552945277,18.219667845594472,0.0,0.0,-250.0,-8.509004216692688,-5.808460114412201,-249.86054641646683,0.0,0.0,-250.00000223057026,46.89822287647126,-63.70932099225967,33.885638737665666,-0.21248180809907438,-0.21570242425684544,-0.26614753552707077
2.52,0.02212164065828659,-0.04040779930916638,0.016620296714232208,0.005344019161960078,-0.009366948347676663,-0.019963372622307445,0.0022109825262251748,0.003156976825344511,0.002224880528760425,19.181950665421784,19.181950665421784,19.181950665421784,17.914187994293837,21.4977098147229,18.230827149301223,0.0,0.0,-250.0,-8.492008373619369,-5.842977795472435,-249.87485935818583,0.0,0.0,-250.00000223057026,46.98669459726989,-63.90577299721844,33.42521652941908,-0.21006291335007507,-0.22332192490724673,-0.2729813251938516
2.53,0.02215560112283621,-0.040524141784413936,0.01641732058854306,0.0017975038848483155,-0.013272742882256168,-0.02039722200353084,0.0022110426560373016,0.003157016222586714,0.00222701041103624,19.181950665421784,19.181950665421784,19.181950665421784,17.91244552643604,21.504591270135077,18.242475088704033,0.0,0.0,-250.0,-8.480509709943949,-5.876169460125651,-249.89522072581346,0.0,0.0,-250.00000223057026,47.00113438667541,-64.13206434410655,32.988140957469916,-0.20893742355026326,-0.23101541371762885,-0.27905389693411375
2.54,0.022154316143725428,-0.04067165595096156,0.01621607134831221,-0.0016792949982691666,-0.015750582448959,-0.019753678430464796,0.0022111014400839485,0.003157041522392423,0.0022291402634064634,19.181950665421784,19.181950665421784,19.181950665421784,17.912717352104146,21.51317715750873,18.253963336188466,0.0,0.0,-250.0,-8.47398294238268,-5.905797403896598,-249.919892577244,0.0,0.0,-250.00000223057026,46.944416977670016,-64.36918432473824,32.593319926987334,-0.20899275499295164,-0.2384657366657541,-0.28409507199600587
2.55,0.0221195089401513,-0.04083638523088767,0.016026315031012983,-0.004905090079196734,-0.016867192941044336,-0.0182214437010269,0.002211155835104726,0.0031570530011345473,0.002231166059176564,19.181950665421784,19.181950665421784,19.181950665421784,17.914894553690473,21.5226719497511,18.264743353893614,0.0,0.0,-250.0,-8.471717512654644,-5.930139500281158,-249.94715074528526,0.0,0.0,-250.00000223057026,46.8229540756816,-64.59991199023722,32.25448117297848,-0.21006661991660175,-0.24540303290691404,-0.2879314748616026
2.56,0.02205451298251282,-0.041005314380353264,0.015855764863153488,-0.007736090740799791,-0.016737597300420137,-0.016016738563139895,0.0022112034576366995,0.003157051666417874,0.002233000541196013,19.181950665421784,19.181950665421784,19.181950665421784,17.91877812566831,21.53233676265548,18.274385698168803,0.0,0.0,-250.0,-8.472846947218095,-5.948003625150667,-249.9753687013267,0.0,0.0,-250.00000223057026,46.64586537064475,-64.80929095331676,31.98003183431828,-0.21196244697476782,-0.2516096340348601,-0.29048736845778433
2.57,0.021963878315189145,-0.04116679493091602,0.015709900082022055,-0.010068993531845254,-0.015514573444841766,-0.013366411234823308,0.002211242620206925,0.0031570391024000055,0.0022345774167399435,19.181950665421784,19.181950665421784,19.181950665421784,17.924101686332865,21.541513123885835,18.282589440423614,0.0,0.0,-250.0,-8.47638800756899,-5.958711776822184,-250.00308528536502,0.0,0.0,-250.00000223057026,46.42410998196983,-64.98496124347486,31.773284980212576,-0.214464889546046,-0.2569225601370571,-0.29177570541533177
2.58,0.021852962585950597,-0.04131086320624616,0.01559194473506359,-0.011841356228798802,-0.013377825035640785,-0.010492784170121828,0.002211272323963966,0.0031570172906951214,0.0022358540666821925,19.181950665421784,19.181950665421784,19.181950665421784,17.930554917446905,21.549640573462778,18.289182525808112,0.0,0.0,-250.0,-8.481286820347574,-5.962059091672401,-250.02905510733123,0.0,0.0,-250.00000223057026,46.169633235021955,-65.11734993145132,31.632959733684935,-0.21735428683741212,-0.26123355471563,-0.29188516905275685
2.59,0.021727531264960354,-0.04142945075651472,0.015502985348936571,-0.01302967638856343,-0.010523349105463514,-0.00760088314565234,0.0022112922158065893,0.0031569884282606764,0.0022368123935288626,19.181950665421784,19.181950665421784,19.181950665421784,17.93780634797699,21.556268114083316,18.29411431473075,0.0,0.0,-250.0,-8.4864688213408,-5.9582535798291385,-250.0522814311252,0.0,0.0,-250.00000223057026,45.89457353838261,-65.199729260176,31.55388597956805,-0.22041942550896096,-0.2644869505320934,-0.29096449534774543
2.6,0.02159338783276965,-0.04151649152593628,0.015442201164417468,-0.013645580137104376,-0.007153416258889816,-0.00486846481363341,0.0022113025182152746,0.003156954759973571,0.002237457781364736,19.181950665421784,19.181950665421784,19.181950665421784,17.945524314974136,21.561059781930027,18.297441836824753,0.0,0.0,-250.0,-8.49088925901171,-5.947842625951758,-250.0720322322789,0.0,0.0,-250.00000223057026,45.61056489060385,-65.2281551989697,31.52784268064235,-0.22346812561420973,-0.2666757045982097,-0.28920539845356563
2.61,0.021456050351384925,-0.04156793380941265,0.01540717770542821,-0.01373057791498323,-0.0034675024574569273,-0.0024390443192151704,0.0022113039395972338,0.0031569184384096947,0.002237815410810479,19.181950665421784,19.181950665421784,19.181950665421784,17.953395187498057,21.56379481850842,18.299311442834615,0.0,0.0,-250.0,-8.493581145749342,-5.931632165585217,-250.0878408599988,0.0,0.0,-250.00000223057026,45.3281596213913,-65.20130350182805,31.544476026733097,-0.22633537685556218,-0.26783599112072076,-0.2868250216062404
2.62,0.021320486136546857,-0.041581668000285066,0.015394273275008974,-0.01334986269228932,0.0003455697171820156,-0.0004179545027170635,0.0022112975722982436,0.0031568814176854212,0.002237926202561984,19.181950665421784,19.181950665421784,19.181950665421784,17.961138209443305,21.56436308818737,18.299937596783426,0.0,0.0,-250.0,-8.49369783557047,-5.910604040415895,-250.09949334312182,0.0,0.0,-250.00000223057026,45.05638885043678,-65.12022008154563,31.592209226853146,-0.22888886464767358,-0.2680407023258614,-0.28404953282939766
2.63,0.021190911525696743,-0.04155738326072694,0.015399009378717798,-0.012585616531272662,0.004114103877831198,0.001128815192266012,0.0022112847847099433,0.0031568453829795232,0.002237842168091615,19.181950665421784,19.181950665421784,19.181950665421784,17.96851658707099,21.56275650347374,18.299580455124612,0.0,0.0,-250.0,-8.490547977404955,-5.885836315256951,-250.10700475734194,0.0,0.0,-250.00000223057026,44.802465835059515,-64.98800631016293,31.659104505156623,-0.2310319524022163,-0.2673922674926642,-0.2810992571012796
2.64,0.021070636798545594,-0.041496367559646474,0.015416458553203116,-0.011536873758547686,0.007688524981561347,0.002173252087270486,0.0022110024247391624,0.0031568117130879756,0.002237620864057212,19.181950665421784,19.181950665421784,19.181950665421784,17.975346456069605,21.559057290330585,18.29852373722404,0.0,0.0,-250.0,-8.483621214946274,-5.858425328921052,-250.11058963935363,0.0,0.0,-250.00000223057026,44.576503781645556,-64.8098118848377,31.733302156884033,-0.2326169293640989,-0.2660216005146988,-0.2781822468389271
2.65,0.02096191744147513,-0.04140126590248383,0.015441606733568702,-0.010307566621945098,0.010944889157148655,0.002721874114847585,0.0022107122830975316,0.0031567814704223417,0.002237320529246729,19.181950665421784,19.181950665421784,19.181950665421784,17.981504430742408,21.553423943409324,18.297054171399456,0.0,0.0,-250.0,-8.472603610423414,-5.829410701965731,-250.11062995989013,0.0,0.0,-250.00000223057026,44.37617223098975,-64.59134374158589,31.804747357399542,-0.23373010050941512,-0.2640597912594259,-0.2754641527531972
2.66,0.02086606865657542,-0.041275811981469956,0.01546967146312389,-0.008986156594889438,0.013786849072051325,0.002810588651758471,0.002210466855624229,0.003156755412511739,0.002236996051960742,19.181950665421784,19.181950665421784,19.181950665421784,17.986920189195285,21.546075746556184,18.29544356536719,0.0,0.0,-250.0,-8.457382081094073,-5.799746251450909,-250.10762512999466,0.0,0.0,-250.00000223057026,44.201774549156674,-64.33955569891889,31.86463832350623,-0.23438427528017491,-0.26165259743468283,-0.27308244657849157
2.67,0.020783553367259067,-0.041124547749762486,0.015496362254729557,-0.007654679154154563,0.016146278633250286,0.002498479988279876,0.002210263085010219,0.003156734016948189,0.00223669586306733,19.181950665421784,19.181950665421784,19.181950665421784,17.991571859225097,21.537276676906732,18.293934248929542,0.0,0.0,-250.0,-8.438038609566664,-5.770266822902885,-250.10214937277075,0.0,0.0,-250.00000223057026,44.053057664245394,-64.06202149926641,31.90600230541813,-0.23460831411524205,-0.25894731498232204,-0.2711362626481498
2.68,0.020714066628261307,-0.04095254345347854,0.015518075325453295,-0.006385155138082144,0.01798269271092717,0.0018610241261391664,0.002210096725803002,0.0031567175136211854,0.002236459435552421,19.181950665421784,19.181950665421784,19.181950665421784,17.995480972739315,21.52731940367305,18.292728307035574,0.0,0.0,-250.0,-8.414834993752269,-5.741662311848043,-250.09481353758406,0.0,0.0,-250.00000223057026,43.92838606805272,-63.76649645402407,31.92395517201951,-0.23445133573780902,-0.2560861974099563,-0.2696847224261859
2.69,0.02065665112875159,-0.04076512942993182,0.015532019669671548,-0.0052369506424361344,0.019281610513718468,0.000983233467039398,0.002209962928250378,0.003156705919632934,0.002236316723181812,19.181950665421784,19.181950665421784,19.181950665421784,17.998705702457503,21.516510020539805,18.291980748060777,0.0,0.0,-250.0,-8.388189462154838,-5.714463872413469,-250.086230566473,0.0,0.0,-250.00000223057026,43.825012825159234,-63.460588160176925,31.915721767062493,-0.2339773595157591,-0.25320140064864155,-0.268748650394222
2.7,0.020609833499847074,-0.04056764917689021,0.015536276183360231,-0.004255154413472755,0.020052057564526125,-4.685316986121043e-05,0.0022098566257164527,0.003156699073648352,0.002236287651613846,19.181950665421784,19.181950665421784,19.181950665421784,18.00133296488649,21.50515404499205,18.291796486106144,0.0,0.0,-250.0,-8.358646923579203,-5.689041217429063,-250.07698581976695,0.0,0.0,-250.00000223057026,43.739380427543054,-63.1514714533528,31.88053234614152,-0.233259751464922,-0.25041092206463256,-0.2683142895488246
2.71,0.020571771371369618,-0.04036524117736573,0.015529795247840705,-0.0034699420871078194,0.020323412565729778,-0.0011439853069664329,0.0022097727698409584,0.0031566966679466603,0.0022363824711388466,19.181950665421784,19.181950665421784,19.181950665421784,18.003469963595418,21.493544101553653,18.292230807678443,0.0,0.0,-250.0,-8.326844833010549,-5.665609443460168,-250.0676130467922,0.0,0.0,-250.00000223057026,43.66743044856885,-62.84565288314177,31.819405371507333,-0.2323758211826942,-0.2478155638449068,-0.2683387102188686
2.72,0.020540401735231195,-0.04016265488617016,0.015512341279965591,-0.002896842542455018,0.020141806829674525,-0.002230553229130782,0.0022097064701016877,0.0031566982776586603,0.002236602604585123,19.181950665421784,19.181950665421784,19.181950665421784,18.005235708682488,21.481949586812405,18.293292820617346,0.0,0.0,-250.0,-8.29347676618651,-5.6442434812573214,-250.05857637511457,0.0,0.0,-250.00000223057026,43.604901925685624,-62.54878839028668,31.73484775171822,-0.23140188157878253,-0.24549692162445466,-0.2687563130623871
2.73,0.0205135822643287,-0.039964104241403786,0.015484394880072139,-0.0025377791330767185,0.019566276618389014,-0.0032403091057488713,0.002209653089859644,0.0031567033874834345,0.0022369418436424034,19.181950665421784,19.181950665421784,19.181950665421784,18.006752983424146,21.47060849751478,18.29495126700353,0.0,0.0,-250.0,-8.259255768863403,-5.624898111013619,-250.0502583238162,0.0,0.0,-250.00000223057026,43.54760192204114,-62.26555521554917,31.63050229786866,-0.23040901115399864,-0.2435163571057792,-0.2694858750110093
2.74,0.020489218680741605,-0.03977316013568555,0.015447024386358532,-0.002382729219524585,0.01866485410335706,-0.004120878976907503,0.0022096083354609976,0.0031567114165651725,0.0022373879643242294,19.181950665421784,19.181950665421784,19.181950665421784,18.008141144706833,21.459721493401872,18.297142019465316,0.0,0.0,-250.0,-8.224879403607227,-5.607431472703659,-250.0429535343643,0.0,0.0,-250.00000223057026,43.491635938984835,-61.999576694789916,31.510768924613895,-0.22945967803082748,-0.24191487733767256,-0.2704376762928152
2.75,0.020465372930880743,-0.039592681532965746,0.015401738986462132,-0.002411829584289476,0.01751076224705582,-0.004835072028110375,0.0022095683552094854,0.003156721742232047,0.0022379239388879884,19.181950665421784,19.181950665421784,19.181950665421784,18.009510047677338,21.449448167446878,18.299776565735552,0.0,0.0,-250.0,-8.19099818357888,-5.59163011678359,-250.0368676621826,0.0,0.0,-250.00000223057026,43.433589265417424,-61.7533975037098,31.38043661094118,-0.22860532602573352,-0.2407138339444685,-0.2715200482891016
2.76,0.020440348677058018,-0.03942478339575839,0.015350334793619635,-0.0025977520622171763,0.0161788544257561,-0.005361102549884922,0.002209529846823338,0.003156733723058895,0.002238529441852303,19.181950665421784,19.181950665421784,19.181950665421784,18.010955284557383,21.4399054104284,18.30275083453041,0.0,0.0,-250.0,-8.1581887284645,-5.577233883130374,-250.03212071385283,0.0,0.0,-250.00000223057026,43.370656150566596,-61.52850392378125,31.244336633142286,-0.22788491493120236,-0.23991630374210984,-0.2726452983986384
2.77,0.02041275233651152,-0.0392708383272069,0.01529474433539224,-0.0029081816636153906,0.014742412407416382,-0.005691811080514249,0.0022094901593400357,0.003156746721338229,0.002239182770917587,19.181950665421784,19.181950665421784,19.181950665421784,18.01255482944336,21.431167686127687,18.30595376948535,0.0,0.0,-250.0,-8.126932653081575,-5.563959162153227,-250.02875398363355,0.0,0.0,-250.00000223057026,43.300716686280445,-61.32538319701131,31.107034200339246,-0.22732437483167067,-0.2395090256049638,-0.2737346270874435
2.78,0.02038152948970512,-0.03913150785259345,0.015236898945052424,-0.0033082463565850383,0.013270387765534736,-0.005832839912929339,0.0022094473700852595,0.003156760124648727,0.0022398738095251234,19.181950665421784,19.181950665421784,19.181950665421784,18.014367090780777,21.423268978940293,18.309275103683056,0.0,0.0,-250.0,-8.097601940176991,-5.551519346120466,-250.02673962862974,0.0,0.0,-250.00000223057026,43.22237402551578,-61.143606541795315,30.972433270292353,-0.2269367820130326,-0.23946466819980297,-0.27472319681909163
2.79,0.020345977864116738,-0.03900679857196343,0.015178607409171374,-0.0037627699814772467,0.011825144164821036,-0.005802271637845984,0.0022094003189575724,0.003156773365881462,0.0022405021900136104,19.181950665421784,19.181950665421784,19.181950665421784,18.01643029513733,21.41620613751705,18.31261230750854,0.0,0.0,-250.0,-8.070450124657558,-5.539642234516492,-250.0259924541873,0.0,0.0,-250.00000223057026,43.13484268154957,-60.982032092766396,30.84494569735305,-0.22672462475183386,-0.23974564324174769,-0.27554447118339104
2.8,0.020305743822926325,-0.03889613794504937,0.015121444591568,-0.004236604818421069,0.010460735855915192,-0.0056262748305846095,0.002209434084640747,0.0031567859408499566,0.0022411185742241156,19.181950665421784,19.181950665421784,19.181950665421784,18.01876267663745,21.409943312545444,18.31587667041688,0.0,0.0,-250.0,-8.04560857404604,-5.5280854263380945,-250.0263828463422,0.0,0.0,-250.00000223057026,43.036578145636966,-60.83862412729617,30.72621890732165,-0.22670651698928734,-0.24030173918195707,-0.2761774700264046
2.81,0.020260833003271306,-0.038798464462823146,0.015066701096553614,-0.00469489826301756,0.009221698343419592,-0.005335247812650638,0.0022095151967058734,0.003156797422899105,0.002241709301279843,19.181950665421784,19.181950665421784,19.181950665421784,18.02136196095446,21.404417189490427,18.318996011519225,0.0,0.0,-250.0,-8.023093427659779,-5.516649936634739,-250.02774529996003,0.0,0.0,-250.00000223057026,42.92894545438632,-60.71107584405494,30.617845271443358,-0.22684311670235835,-0.24108155961316718,-0.27660513061048864
2.82,0.020211545280993337,-0.038712326936760355,0.015015345177162465,-0.005112389699906146,0.00814238463131543,-0.004962541768624129,0.0022096058167184922,0.0031568074733187724,0.0022422640567698136,19.181950665421784,19.181950665421784,19.181950665421784,18.02420955959053,21.399542712400812,18.321916773811225,0.0,0.0,-250.0,-8.002815505370402,-5.505179730768162,-250.02989290257136,0.0,0.0,-250.00000223057026,42.81373014660317,-60.596723180779215,30.520584895637576,-0.2270995611979848,-0.24203005862849394,-0.2768246070353521
2.83,0.020158399909899427,-0.038635987654945414,0.014968006927399746,-0.005469744815361902,0.007246788977604164,-0.004542005600092037,0.0022097055574567155,0.003156815847272932,0.0022427760937682563,19.181950665421784,19.181950665421784,19.181950665421784,18.027274647771463,21.395219001903175,18.324604790724347,0.0,0.0,-250.0,-7.9845940983426384,-5.4935598993961445,-250.03263018100665,0.0,0.0,-250.00000223057026,42.692324171852704,-60.492642199103955,30.43447330763131,-0.22744661983585113,-0.24309105354610702,-0.27684555896626245
2.84,0.020102076422233106,-0.038567524946319875,0.014924985387657852,-0.005753663542690591,0.006548793570045613,-0.004105842115228938,0.0022098137657725015,0.0031568223951990108,0.0022432422075078706,19.181950665421784,19.181950665421784,19.181950665421784,18.030517563933866,21.391335215271457,18.327044758233303,0.0,0.0,-250.0,-7.968173883277357,-5.481714797873865,-250.03576333671973,0.0,0.0,-250.00000223057026,42.56631566111456,-60.39583950760719,30.358869679390423,-0.22785357959603791,-0.2442101559755279,-0.276688500840764
2.85,0.02004335418385167,-0.03850493117581133,0.014886274996473048,-0.005956843907714976,0.006052787725864187,-0.0036828551006483756,0.0022099295450335186,0.003156827059732653,0.002243662490967749,19.181950665421784,19.181950665421784,19.181950665421784,18.033893268811575,21.38777612373223,18.32923862128689,0.0,0.0,-250.0,-7.953243857590011,-5.4696039415630455,-250.03910885835938,0.0,0.0,-250.00000223057026,42.437367814353934,-60.303378584565245,30.29258328049128,-0.22829027071236255,-0.24533671491812753,-0.2763821482675682
2.86,0.019983054209925022,-0.038446202815789976,0.014851607158562374,-0.006077609451390784,0.0057545913033915305,-0.0032971405031947116,0.002210051795331138,0.0031568298686195876,0.0022440399110464455,19.181950665421784,19.181950665421784,19.181950665421784,18.037354656069116,21.38442721875399,18.331203119781556,0.0,0.0,-250.0,-7.939457171093084,-5.457216351938822,-250.04250034269594,0.0,0.0,-250.00000223057026,42.3071094138131,-60.21248993494911,30.23401676118975,-0.22872879558822148,-0.24642539892351628,-0.27596061623889406
2.87,0.019921986260318436,-0.0383894199469913,0.014820502354440768,-0.006119264431062449,0.005642610149183359,-0.002967241144205603,0.002210179271280239,0.0031568309243260933,0.002244379753795281,19.181950665421784,19.181950665421784,19.181950665421784,18.040855545229388,21.38117919981286,18.332966757116672,0.0,0.0,-250.0,-7.926450791180959,-5.444564023196702,-250.04579347386002,0.0,0.0,-250.00000223057026,42.17704180337064,-60.120662536325725,30.181315475923114,-0.22914489900545904,-0.24743739559886072,-0.27546065615979737
2.88,0.019860903548739373,-0.038332813269149,0.014792328193670434,-0.006089248044278616,0.005699150895316851,-0.0027057539260447044,0.002210310657495697,0.0031568303912253405,0.0022446889914022102,19.181950665421784,19.181950665421784,19.181950665421784,18.044353227269585,21.37793173779881,18.334566453981324,0.0,0.0,-250.0,-7.913864049008704,-5.431675125512063,-250.04886920926322,0.0,0.0,-250.00000223057026,42.0484655733885,-60.025715029279695,30.132513108430583,-0.22951894632305386,-0.248341223780459,-0.27491909190283637
2.89,0.01980046667029073,-0.03827481741761446,0.014766359070031765,-0.005998161385365583,0.005901824788626617,-0.002519352762743001,0.0022104446518733953,0.0031568284813102204,0.002244975623073158,19.181950665421784,19.181950665421784,19.181950665421784,18.047810475169644,21.3745964491014,18.33604413389733,0.0,0.0,-250.0,-7.901355263137942,-5.418587475889217,-250.05163530134095,0.0,0.0,-250.00000223057026,41.92242878442752,-59.92584607320318,30.085665325619885,-0.22983650112336065,-0.2491131691963325,-0.2743705826929476
2.9,0.019741217622234797,-0.038214110060823536,0.014741833560162843,-0.005858738858003652,0.006224975036226628,-0.0024091703365682247,0.0022105800499248136,0.003156825439369463,0.0022452480371521846,19.181950665421784,19.181950665421784,19.181950665421784,18.051196973375795,21.37109905400637,18.337443458234993,0.0,0.0,-250.0,-7.888615812937956,-5.405342700346013,-250.05402634597016,0.0,0.0,-250.00000223057026,41.79969701646484,-59.819664157084844,30.038964963391738,-0.23008851900081947,-0.2497373676737609,-0.2738458047327493
2.91,0.01968356410461075,-0.03814963687285772,0.014718006357060442,-0.005684829988654257,0.006641068912245216,-0.00237146815915443,0.002210715820964964,0.003156821528476378,0.0022455144079689985,19.181950665421784,19.181950665421784,19.181950665421784,18.054490159220386,21.36738072812562,18.338806890445067,0.0,0.0,-250.0,-7.875381224416551,-5.391981392414074,-250.05600259076795,0.0,0.0,-250.00000223057026,41.680744240734654,-59.70619794831342,29.99083449790093,-0.23027119426769843,-0.25020557134020704,-0.2733701010663796
2.92,0.019627773674001647,-0.03808062301865228,0.014694192288637553,-0.005490448806631662,0.007122004097632694,-0.002398514590334898,0.002210851168489048,0.00315681701649882,0.002245782282765627,19.181950665421784,19.181950665421784,19.181950665421784,18.05767550396375,21.363398686234127,18.340173225209732,0.0,0.0,-250.0,-7.8614390255900055,-5.378539451299425,-250.05754775977096,0.0,0.0,-250.00000223057026,41.56576253702957,-59.584888785428795,29.939991565872596,-0.23038550987501646,-0.25051663944716956,-0.2729626494318864
2.93,0.019573976811023797,-0.03800657224470905,0.01466980079460345,-0.005288936974900779,0.007640287923481301,-0.0024795902655571243,0.002210985569374934,0.00315681216416818,0.0022460581328693067,19.181950665421784,19.181950665421784,19.181950665421784,18.060746289861406,21.359126063443025,18.34157567116881,0.0,0.0,-250.0,-7.846633317261026,-5.3650456664111,-250.05866615645976,0.0,0.0,-250.00000223057026,41.454687482442225,-59.45556773960338,29.885490040328577,-0.23043655837840163,-0.25067580716011106,-0.27263607441135224
2.94,0.019522177567327326,-0.03792725502819255,0.014644360003444712,-0.0050922745303735506,0.008170057919213805,-0.0026020443402700014,0.0022111187894146914,0.0031568072150647084,0.002246347110760835,19.181950665421784,19.181950665421784,19.181950665421784,18.063702961568435,21.354551178706895,18.343040531973124,0.0,0.0,-250.0,-7.830866171255729,-5.351520514790862,-250.05937930107297,0.0,0.0,-250.00000223057026,41.347235901925046,-59.31841963640684,29.826734445076998,-0.23043269918840514,-0.25069378120342733,-0.27239652745366505
2.95,0.019472270189509477,-0.03784268749926506,0.014617530315281069,-0.004910559323396863,0.008687921867804704,-0.0027523285960894856,0.0022112508755568654,0.00315680238770582,0.0022466529070219597,19.181950665421784,19.181950665421784,19.181950665421784,18.0665521448387,21.349676280112476,18.34458648696983,0.0,0.0,-250.0,-7.814096118132865,-5.337976051337109,-250.05972233658773,0.0,0.0,-250.00000223057026,41.24295204440492,-59.173936952449765,29.7634715372492,-0.23038462519000028,-0.2505857182266695,-0.27224414123954926
2.96,0.019424059975440167,-0.03775310301681417,0.01458910804840824,-0.004751663806253742,0.009173605079164255,-0.002916949836631181,0.0022113821276811617,0.0031567978697753327,0.0022469777139281747,19.181950665421784,19.181950665421784,19.181950665421784,18.06930543289835,21.344515880325105,18.346224436208797,0.0,0.0,-250.0,-7.79633410402047,-5.324416708258117,-250.0597404092366,0.0,0.0,-250.00000223057026,41.141258330041154,-59.02286649266918,29.695762309636866,-0.23030440598315421,-0.2503701381976875,-0.2721737885619432
2.97,0.019377286595868792,-0.03765891835109497,0.01455902023830108,-0.004621066407742149,0.009610401481404027,-0.0030832932391193957,0.0022115130544468325,0.0031567938144131426,0.002247322284820222,19.181950665421784,19.181950665421784,19.181950665421784,18.071978041523675,21.33909479426778,18.347957844754696,0.0,0.0,-250.0,-7.777637382081688,-5.310840779149606,-250.05948519521405,0.0,0.0,-250.00000223057026,41.04150700718731,-58.86615173769259,29.623938588657722,-0.23020456852795662,-0.2500678224593662,-0.27217606077522966
2.98,0.019331648197379925,-0.03756069641598597,0.014527312081898114,-0.0045218449000188525,0.009985433128491565,-0.003240279521793679,0.002211644318650334,0.0031567903383988025,0.0022476865066366532,19.181950665421784,19.181950665421784,19.181950665421784,18.07458742853349,21.333445990035475,18.34978349861778,0.0,0.0,-250.0,-7.758101859075459,-5.297242342988662,-250.05901170716305,0.0,0.0,-250.00000223057026,40.94302984431046,-58.70487326650508,29.548543319390685,-0.23009725860666128,-0.24970073454396127,-0.27223848621118063
2.99,0.01928682477348409,-0.03745910740882269,0.01449412891897045,-0.004454811345825625,0.010289729582248452,-0.003378826204016846,0.0022117766776456,0.0031567875220082442,0.0022480688770439615,19.181950665421784,19.181950665421784,19.181950665421784,18.07715196318933,21.32760835880605,18.351692562751797,0.0,0.0,-250.0,-7.7378534590961205,-5.283613372552567,-250.05837546625932,0.0,0.0,-250.00000223057026,40.84518166138454,-58.540191124091585,29.470280527651273,-0.2299935542100245,-0.24929103156502974,-0.2723464464909809
3.0,0.019242499528387913,-0.03735489006841225,0.014459694237019871,-0.004418762374305312,0.010518144464544276,-0.003492189149357657,0.002211910923982787,0.0031567854102927334,0.002248466376398272,19.181950665421784,19.181950665421784,19.181950665421784,18.07968971705049,21.321624500736885,18.3536718597359,0.0,0.0,-250.0,-7.717038970946532,-5.269945841851319,-250.05763013418212,0.0,0.0,-250.00000223057026,40.74737725360458,-58.37328990138027,29.38995643969676,-0.2299029138202375,-0.24886015901394387,-0.2724843619035764
3.01,0.019198377241146924,-0.03724881456324114,0.014424285594146047,-0.004410815263156959,0.01066913079510076,-0.0035760563932802055,0.002212047830288065,0.0031567840155217394,0.00224887588330363,19.181950665421784,19.181950665421784,19.181950665421784,18.082217431437375,21.315538612222582,18.355705253497963,0.0,0.0,-250.0,-7.695816901695213,-5.256233626243712,-250.0568256208464,0.0,0.0,-250.00000223057026,40.64912110797544,-58.205327691744124,29.30840486850456,-0.22983278258092346,-0.2484280619520809,-0.27263691254664885
3.02,0.019154198940154354,-0.03714164828959837,0.014388210490965947,-0.004426799180559988,0.010744399600922926,-0.003628493110869443,0.002212188101698,0.0031567833205390543,0.002249293936258943,19.181950665421784,19.181950665421784,19.181950665421784,18.084749699281105,21.309394546418417,18.357775027834784,0.0,0.0,-250.0,-7.674348808911309,-5.2424740276897595,-250.0560066535491,0.0,0.0,-250.00000223057026,40.55002647919777,-58.03739287380751,29.226439605755402,-0.22978838873179236,-0.2480125572949331,-0.2727898358360079
3.03,0.019109752503625788,-0.03703412560228708,0.014351783535766716,-0.0044616714215382006,0.010748488256189601,-0.0036497526457925193,0.0022123323389433985,0.003156783282793391,0.002249716985891565,19.181950665421784,19.181950665421784,19.181950665421784,18.087298381661807,21.303234104102337,18.3598631832203,0.0,0.0,-250.0,-7.652791458096468,-5.228668837202288,-250.05521179807417,0.0,0.0,-250.00000223057026,40.44982574126598,-57.87046798707475,29.14480823914152,-0.229772695318522,-0.2476288528125723,-0.2729306448132391
3.04,0.01906487909109278,-0.03692692223229671,0.014315306125016525,-0.004509930984280405,0.010688265516088747,-0.0036419785080450675,0.0022124810081835056,0.0031567838388234714,0.0022501416218238257,19.181950665421784,19.181950665421784,19.181950665421784,18.08987226291355,21.29709559655349,18.361952583428305,0.0,0.0,-250.0,-7.631290090056903,-5.21482488356188,-250.05447289467227,0.0,0.0,-250.00000223057026,40.3483721654953,-57.70540176286767,29.064155793436704,-0.22978649503280119,-0.2472892218943342,-0.2730491484520513
3.05,0.019019475566674326,-0.0368206348783211,0.014279049552637202,-0.004566005636656324,0.010572399664837116,-0.003608829730257215,0.002212634426004648,0.003156784908996059,0.0022505647639271256,19.181950665421784,19.181950665421784,19.181950665421784,18.092476933739377,21.291012706836156,18.364027901499195,0.0,0.0,-250.0,-7.609972996132586,-5.200954063647175,-250.0538148597412,0.0,0.0,-250.00000223057026,40.24563395995809,-57.5428895417222,28.98499911695505,-0.22982862751131228,-0.24700283017651423,-0.27313776826039193
3.06,0.018973493291626897,-0.03671576620231182,0.014243242133632095,-0.004624592862432493,0.010410814701705419,-0.0035550623550883263,0.0022127927539777143,0.0031567864023137474,0.0022509838108948294,19.181950665421784,19.181950665421784,19.181950665421784,18.09511487961491,21.285013661261246,18.366076333371925,0.0,0.0,-250.0,-7.588947512258397,-5.187072891552255,-250.05325579653524,0.0,0.0,-250.00000223057026,40.14168199560624,-57.38346196609544,28.907712156970828,-0.22989628846342589,-0.24677570490612794,-0.27319165874604073
3.07,0.0189269338283089,-0.03661271522202447,0.014208060607472428,-0.004680940742914113,0.010214157200237814,-0.0034860981769596878,0.0022129560017806627,0.0031567882211269802,0.002251396742302741,19.181950665421784,19.181950665421784,19.181950665421784,18.097785742649243,21.279120709340127,18.36808806574287,0.0,0.0,-250.0,-7.568297460491269,-5.173201637425441,-250.0528073551465,0.0,0.0,-250.00000223057026,40.03667275311076,-57.227481511999926,28.832521606215167,-0.22998540118157407,-0.24661083301958348,-0.2732086498285358
3.08,0.018879842209374997,-0.03651177288271418,0.014173625792414435,-0.004731059900692475,0.009993293568549524,-0.003407608552552326,0.002213117834233846,0.0031567902656019723,0.0022518021734623233,19.181950665421784,19.181950665421784,19.181950665421784,18.100486722261277,21.27334989863721,18.370056501373625,0.0,0.0,-250.0,-7.548081992614164,-5.1593631421338415,-250.05247528668198,0.0,0.0,-250.00000223057026,39.93093585603707,-57.07515387517215,28.759504325885825,-0.23008776940279219,-0.24650860323409388,-0.27318926467307075
3.09,0.018832288774667638,-0.03641312240244732,0.014140002216803726,-0.00477418675174086,0.00975885681355646,-0.0033251336925214994,0.0022132119597866725,0.0031567924377894144,0.002252199365094267,19.181950665421784,19.181950665421784,19.181950665421784,18.10321376463216,21.267711120163977,18.371978258633042,0.0,0.0,-250.0,-7.528335743513467,-5.145579374922545,-250.05226103824168,0.0,0.0,-250.00000223057026,39.82579010664485,-56.926597873615584,28.68854172485414,-0.230183525620733,-0.24646772360962713,-0.27313699008323994
3.1,0.01878434660527578,-0.03631684380201006,0.014107201295802174,-0.004809223378185042,0.009520854904097095,-0.0032437549149943066,0.0022133096961417225,0.003156794645190247,0.002252588191809053,19.181950665421784,19.181950665421784,19.181950665421784,18.105962602809477,21.26220839007996,18.373852971155884,0.0,0.0,-250.0,-7.509070115232812,-5.131868492111721,-250.05216315626507,0.0,0.0,-250.00000223057026,39.72017773763121,-56.78162085345438,28.61957257175801,-0.23028930302127576,-0.24648208960308096,-0.27305444335021256
3.11,0.01873610790448449,-0.03622292207856176,0.014075187317555915,-0.004834249877770168,0.009288331660031164,-0.0031678521191903157,0.0022134108834349726,0.0031567968038993914,0.0022529690775330096,19.181950665421784,19.181950665421784,19.181950665421784,18.108727849212617,21.256840337020922,18.375682931393,0.0,0.0,-250.0,-7.490275456790656,-5.118247729677446,-250.05217616835301,0.0,0.0,-250.00000223057026,39.614346394411434,-56.64000302458048,28.552357030725087,-0.23040005153967993,-0.24654538781924554,-0.2729469970917089
3.12,0.018687685548843036,-0.03613125832738262,0.01404388547312263,-0.00484653624350201,0.009069109358558088,-0.0031009302732993007,0.0022135840934074465,0.003156798841044861,0.0022533429059147137,19.181950665421784,19.181950665421784,19.181950665421784,18.11150286470815,21.25160085363416,18.377472621023024,0.0,0.0,-250.0,-7.471923984825738,-5.104734081873814,-250.0522905207365,0.0,0.0,-250.00000223057026,39.507426421869795,-56.5013471293525,28.486669681071774,-0.23053116571542062,-0.24664854434593905,-0.27281938442655107
3.13,0.01863922052095912,-0.036041683030338,0.014013191186679097,-0.004844383099006773,0.00886960617932718,-0.0030455240937214607,0.0022137633893229863,0.0031568006965680953,0.00225371091428675,19.181950665421784,19.181950665421784,19.181950665421784,18.114279503401267,21.24647986792301,18.379228171290166,0.0,0.0,-250.0,-7.453973196439478,-5.0913454245133005,-250.05249239830144,0.0,0.0,-250.00000223057026,39.400889299740825,-56.36535074730876,28.422082253347156,-0.2306541868379269,-0.24678483542474017,-0.2726797900415169
3.14,0.01859085097124502,-0.035953970671540936,0.013982980080277319,-0.00482901950627357,0.008694743848480556,-0.0030031592406850045,0.0022139448947291313,0.003156802324182941,0.002254074578597793,19.181950665421784,19.181950665421784,19.181950665421784,18.117049923814164,21.24146418550354,18.38095679019071,0.0,0.0,-250.0,-7.436369601570149,-5.07809558957124,-250.05276628646152,0.0,0.0,-250.00000223057026,39.29503717106946,-56.231579683113544,28.358232899480168,-0.2307659915260007,-0.2469454154732868,-0.2725346388481385
3.15,0.0185426992792721,-0.03586785490637029,0.013953117951421234,-0.004802296083553269,0.008547919126522157,-0.0029743832589236518,0.0022141281507101138,0.0031568036917400642,0.002254435497031515,19.181950665421784,19.181950665421784,19.181950665421784,18.11980722323908,21.23653836002588,18.382666192962876,0.0,0.0,-250.0,-7.419052493043592,-5.064992964399009,-250.053096029653,0.0,0.0,-250.00000223057026,39.190059829951885,-56.09956757894928,28.294774269760268,-0.23086393967008095,-0.24712145961441695,-0.2723899268896209
3.16,0.018494866675163035,-0.03578304368412211,0.013923470106339764,-0.00476651438466994,0.008431035920244348,-0.0029588543347116732,0.0022143127604978474,0.003156804781013058,0.002254795280192328,19.181950665421784,19.181950665421784,19.181950665421784,18.122545735447105,21.23168555745631,18.384364072690985,0.0,0.0,-250.0,-7.401957589583579,-5.052040136109863,-250.05346549594628,0.0,0.0,-250.00000223057026,39.0860870270715,-55.968841884832415,28.231388550344516,-0.23094653652449174,-0.24730447691163407,-0.27225088434791417
3.17,0.018447429813595984,-0.03569923373579209,0.013893909561519313,-0.0047242305853198285,0.008344593088661315,-0.002955472511477527,0.0022144984061208367,0.003156805586942971,0.002255155453756481,19.181950665421784,19.181950665421784,19.181950665421784,18.12526121576379,21.226888380845057,18.386057638112298,0.0,0.0,-250.0,-7.385020399755543,-5.039233909057553,-250.0538591387203,0.0,0.0,-250.00000223057026,38.983187549842995,-55.838943604739434,28.167802384676254,-0.2310133888192747,-0.247486616714454,-0.27212176461427623
3.18,0.01840043926492929,-0.035616123921537624,0.013864323761450359,-0.0046780691732375675,0.008287818435525098,-0.002962540089258214,0.0022146848585966462,0.0031568061164260752,0.0022555173779522887,19.181950665421784,19.181950665421784,19.181950665421784,18.12795091693692,21.222129627169604,18.387753238033476,0.0,0.0,-250.0,-7.368179182377728,-5.026565671191102,-250.05426245317705,0.0,0.0,-250.00000223057026,38.88137212180896,-55.709444365722646,28.103797305107037,-0.2310650996984607,-0.24766091641806454,-0.27200571762777953
3.19,0.01835391976768036,-0.03553342703207457,0.013834619594450759,-0.004630556428602135,0.008258838603285603,-0.002977937863891116,0.002214871981809895,0.003156806386741543,0.0022558821866437363,19.181950665421784,19.181950665421784,19.181950665421784,18.13061356526861,21.217392953598345,18.389456084092842,0.0,0.0,-250.0,-7.351377413860401,-5.014022064451126,-250.05466232984816,0.0,0.0,-250.00000223057026,38.780599482121715,-55.579960406714044,28.03921562896882,-0.23110311620263863,-0.24782148687082062,-0.2719047442080956
3.2,0.018307872001934122,-0.03545087974319211,0.013804726618186158,-0.004583981051146037,0.008254874275231834,-0.0029993047409349245,0.002215059730253677,0.0031568064237221796,0.00225625071690842,19.181950665421784,19.181950665421784,19.181950665421784,18.13324925119423,21.21266343654627,18.391170076232843,0.0,0.0,-250.0,-7.334565707781039,-5.00158589856237,-250.05504731057147,0.0,0.0,-250.00000223057026,38.68078487363962,-55.45016327451713,27.97396241411474,-0.23112954459087823,-0.24796363509677502,-0.271819715570147
3.21,0.018262275583461607,-0.0353682505280804,0.013774598509663005,-0.0045402867775704995,0.008272450234591996,-0.0030242122091998056,0.0022152481412241153,0.0031568062597721385,0.0022566234773430172,19.181950665421784,19.181950665421784,19.181950665421784,18.135859251772324,21.207928012929266,18.392897729532898,0.0,0.0,-250.0,-7.317703162609019,-4.989237238487471,-250.055407756023,0.0,0.0,-250.00000223057026,38.581810186012454,-55.31978710509969,27.90800321839242,-0.23114694683930398,-0.24808392457732814,-0.27175047184438533
3.22,0.018217092943943636,-0.035285345434060866,0.013744212895642649,-0.0045009992952712696,0.00830761035143642,-0.003050313114962428,0.0022154373243217563,0.003156805931831537,0.0022570008616380885,19.181950665421784,19.181950665421784,19.181950665421784,18.13844580437476,21.203175798829925,18.39464019229879,0.0,0.0,-250.0,-7.3007581512277255,-4.976954586102304,-250.0557359314258,0.0,0.0,-250.00000223057026,38.48353506726081,-55.18863241977153,27.84135613914041,-0.23115813277982608,-0.2481801767241034,-0.2716959890766359
3.23,0.018172273753584545,-0.035202011725251,0.013713569805184234,-0.004467187226017958,0.008356128418316832,-0.003075472784947204,0.00221562744865913,0.0031568054793792207,0.0022573828961296684,19.181950665421784,19.181950665421784,19.181950665421784,18.141011851246127,21.19839828617674,18.396397342130406,0.0,0.0,-250.0,-7.28370858825334,-4.964716078971526,-250.05602601944128,0.0,0.0,-250.00000223057026,38.38580769189931,-55.05656715972495,27.77408714258864,-0.23116596612841628,-0.24825142593013752,-0.2716545051575734
3.24,0.018127759551454514,-0.0351181394771824,0.013682688952753985,-0.0044394560145104185,0.008413706926300567,-0.0030978714527128545,0.0022158187107214804,0.0031568049425527373,0.002257769368460251,19.181950665421784,19.181950665421784,19.181950665421784,18.14356077403199,21.193589422811204,18.398167947261282,0.0,0.0,-250.0,-7.266541722281919,-4.952500638917703,-250.05627407455464,0.0,0.0,-250.00000223057026,38.28847551264142,-54.92352462368368,27.706299099636578,-0.23117318302398557,-0.2482978265677032,-0.271623733153102
3.25,0.01808348827204076,-0.03503366128694674,0.013651613130652829,-0.004417971677522273,0.008476155261494539,-0.00311428051929282,0.002216011334367206,0.0031568043604683167,0.0022582608785103432,19.181950665421784,19.181950665421784,19.181950665421784,18.14609613596575,21.188745585833402,18.399949352537593,0.0,0.0,-250.0,-7.249254861020181,-4.940288220580749,-250.05647725510536,0.0,0.0,-250.00000223057026,38.19147449321537,-54.7894256396608,27.63696674299085,-0.23118078912059956,-0.24831919204120406,-0.2716215261770742
3.26,0.018039398375723992,-0.034948550364577335,0.013620418851156613,-0.0044025104867688744,0.00853953940567801,-0.003122395101029685,0.002216205547892044,0.003156803769815808,0.002258756235166518,19.181950665421784,19.181950665421784,19.181950665421784,18.148621448112426,21.18386546377289,18.4017370705901,0.0,0.0,-250.0,-7.231856098678285,-4.92805970734751,-250.05663286303067,0.0,0.0,-250.00000223057026,38.09458395444972,-54.65440270172967,27.567553488888752,-0.23119263776175436,-0.24831912244145576,-0.2716194023577651
3.27,0.017995432461084704,-0.034862817199431684,0.013589189575484495,-0.004392512633856367,0.008600318271950543,-0.0031220591930799985,0.002216401568410905,0.00315680320358719,0.0022592736328059214,19.181950665421784,19.181950665421784,19.181950665421784,18.151139965551234,21.17894985791028,18.403526307721478,0.0,0.0,-250.0,-7.21435988705609,-4.915799503627564,-250.05673982926317,0.0,0.0,-250.00000223057026,37.99770974765429,-54.51853954599541,27.498025283001567,-0.23120999539006204,-0.24829995671411836,-0.27161981621484105
3.28,0.017951540228084206,-0.03477650504518476,0.01355800981599331,-0.004387157093267866,0.008655444543502672,-0.003113473210043136,0.0022165995884679997,0.003156802690143211,0.0022597947022142996,19.181950665421784,19.181950665421784,19.181950665421784,18.153654521977842,21.17400141801908,18.405312240387854,0.0,0.0,-250.0,-7.196785626456555,-4.903496035465404,-250.05679856275233,0.0,0.0,-250.00000223057026,37.90075317269731,-54.38198535213333,27.428780921508565,-0.23123431088018312,-0.2482651578684087,-0.27161539966606757
3.29,0.017907680646848112,-0.03468968457049204,0.013526956129982948,-0.00438544239637042,0.008702435357048163,-0.0030977698285113747,0.00221679976552393,0.0031568022525656075,0.00226031511384428,19.181950665421784,19.181950665421784,19.181950665421784,18.1561674100774,21.16902433198273,18.407090549263295,0.0,0.0,-250.0,-7.179155477654531,-4.891142432730358,-250.05681113951286,0.0,0.0,-250.00000223057026,37.80365750469613,-54.24490456169251,27.360005132426686,-0.23126619734041426,-0.24821821094909638,-0.271603741244786
3.3,0.01786382330762365,-0.03460244796886791,0.013496092104753776,-0.004386269338453837,0.00873941218449248,-0.003076361398345182,0.0022170022146449546,0.003156801908298262,0.002260833844266958,19.181950665421784,19.181950665421784,19.181950665421784,18.15868030891665,21.164023986210957,18.408857673210047,0.0,0.0,-250.0,-7.161492813588555,-4.87873660683711,-250.05678115825668,0.0,0.0,-250.00000223057026,37.706397971653,-54.10747638328424,27.29180766126753,-0.23130572617220088,-0.24816269454219364,-0.2715834169802107
3.31,0.01781994895705702,-0.03451490283557018,0.013465466225087597,-0.004388520159839295,0.00876511120062817,-0.0030508205781782896,0.0022172070045610335,0.0031568016690625604,0.0022613501152540516,19.181950665421784,19.181950665421784,19.181950665421784,18.1611942577144,21.159006614374228,18.410610924912476,0.0,0.0,-250.0,-7.14382099491826,-4.86628096572619,-250.05671346432985,0.0,0.0,-250.00000223057026,37.608977323099175,-53.969887919887256,27.22425907535754,-0.2313525007041421,-0.24810213945518797,-0.27155370989625066
3.32,0.017776049287440365,-0.034427166086777816,0.01343511090379601,-0.004391129027353982,0.008778867573302011,-0.0030227664848140935,0.0022174141569706856,0.003156801541013104,0.0022618634114087957,19.181950665421784,19.181950665421784,19.181950665421784,18.16370967189416,21.1539789500376,18.41234853995273,0.0,0.0,-250.0,-7.126162327132204,-4.853781909880785,-250.0566138466473,0.0,0.0,-250.00000223057026,37.511422556437914,-53.83232562154123,27.157391737961436,-0.23140573260882202,-0.24803988962591636,-0.2715145591823561
3.33,0.017732126084314292,-0.034339358163486045,0.013405042590217742,-0.00439314063583013,0.008780577113756582,-0.0029937626545312344,0.0022176236487940265,0.003156801525100573,0.0022623734802346036,19.181950665421784,19.181950665421784,19.181950665421784,18.166226395204895,21.148947896883193,18.414069664831505,0.0,0.0,-250.0,-7.108537221171777,-4.841249156905964,-250.0564887219452,0.0,0.0,-250.00000223057026,37.41378056518494,-53.69496770992875,27.091202916137743,-0.2314643328301585,-0.24797898601984333,-0.27146647708517085
3.34,0.01768818986352777,-0.034251597724913485,0.01337526281212692,-0.004393754860882662,0.008770639281699612,-0.002965231386225201,0.0022178354169305786,0.003156801617604235,0.00226288031677187,19.181950665421784,19.181950665421784,19.181950665421784,18.168743780286178,21.143920228023777,18.4157742924681,0.0,0.0,-250.0,-7.090963565966588,-4.828694947577236,-250.05634482032943,0.0,0.0,-250.00000223057026,37.31611309571301,-53.55797777767106,27.0256595556602,-0.23152700989650643,-0.2479220757526751,-0.27141044274528936
3.35,0.01764425814345688,-0.03416399699425582,0.0133457599694487,-0.004392356493653256,0.008749885873076853,-0.0029383874636566207,0.0022180493649755807,0.003156801810794153,0.002263384135588256,19.181950665421784,19.181950665421784,19.181950665421784,18.171260789280197,21.138902323488026,18.41746315574768,0.0,0.0,-250.0,-7.0734563096501155,-4.816133187909226,-250.05618888503255,0.0,0.0,-250.00000223057026,37.218491394630476,-53.42149969475338,26.960704219034163,-0.23159236890355298,-0.24787134739352315,-0.27134778235417595
3.36,0.017600353502077115,-0.03407665787550124,0.013316511676771614,-0.004388530108495056,0.008719499840311229,-0.0029141927074122533,0.002218265371288275,0.003156802093682646,0.0022638853333196065,19.181950665421784,19.181950665421784,19.181950665421784,18.17377610592222,21.133899952424255,18.419137590821894,0.0,0.0,-250.0,-7.0560272366072505,-4.803578580142921,-250.05602739772175,0.0,0.0,-250.00000223057026,37.12099090212768,-53.28565388634193,26.896261680238464,-0.23165900521094598,-0.24782849222218922,-0.27128004457856303
3.37,0.01755650156305477,-0.03398966891577643,0.013287487445142188,-0.0043820610043850865,0.008680928621975507,-0.0028933313754936885,0.002218483297787177,0.0031568024528253087,0.002264384445129432,19.181950665421784,19.181950665421784,19.181950665421784,18.17628825090781,21.128918104039663,18.420799382160595,0.0,0.0,-250.0,-7.038684920077714,-4.79104579104147,-250.05586633874003,0.0,0.0,-250.00000223057026,37.02368630181677,-53.1505349829294,26.83224569786296,-0.23172558791960907,-0.24779469017084416,-0.2712088792953554
3.38,0.017512729041493702,-0.033903103145132285,0.013258651500468455,-0.00437292388311023,0.008635796114755461,-0.00287620518518001,0.0022187029988670116,0.0031568028731344053,0.0022648820984030003,19.181950665421784,19.181950665421784,19.181950665421784,18.178795693150896,21.123960868868334,18.42245060089015,0.0,0.0,-250.0,-7.021434824831263,-4.778548699078029,-250.05571098942124,0.0,0.0,-250.00000223057026,36.92664717963915,-53.016210787311444,26.768565541073468,-0.23179092938974813,-0.24777061830328337,-0.2711359264163667
3.39,0.01746906196022019,-0.03381701678637661,0.013229965553901157,-0.004361261469292947,0.008585817033039492,-0.0028629457181492974,0.00221892432939414,0.003156803338670751,0.0022653789667463385,19.181950665421784,19.181950665421784,19.181950665421784,18.18129695070831,21.119031369732504,18.424093446863854,0.0,0.0,-250.0,-7.004279531356424,-4.766099753627483,-250.0555657812371,0.0,0.0,-250.00000223057026,36.829934485853904,-52.88272245548467,26.705131913416835,-0.2318540381956681,-0.24775647900252637,-0.271062720091426
3.4,0.017425524123490743,-0.033731448792776286,0.013201391366269133,-0.004347355578043243,0.008532716901517282,-0.0028534412253538185,0.002219147153636862,0.0031568038333846214,0.0022658757269605565,19.181950665421784,19.181950665421784,19.181950665421784,18.18379067653696,21.114131739797703,18.425730103338303,0.0,0.0,-250.0,-6.987219051865114,-4.753709469805701,-250.05543419411376,0.0,0.0,-250.00000223057026,36.733597880675106,-52.750085746977945,26.64186200534818,-0.23191415499832513,-0.24775204447923518,-0.27099061190396445
3.41,0.017382135909259522,-0.03364642114213934,0.013172892981289264,-0.004331593293726186,0.008478160345934889,-0.0028473743779534586,0.002219371350469871,0.0031568043417813194,0.0022663730211511237,19.181950665421784,19.181950665421784,19.181950665421784,18.186275725734923,21.109263143476454,18.427362611234145,0.0,0.0,-250.0,-6.970251208952646,-4.741386072850479,-250.05531870389393,0.0,0.0,-250.00000223057026,36.63767408268303,-52.61829317938329,26.578683486929133,-0.2319707699582676,-0.24775671405340305,-0.27092071519518324
3.42,0.01733891341374283,-0.033561939792557116,0.013144438538143621,-0.004314430956010476,0.008423689719646786,-0.0028442673072861177,0.0022195968183348594,0.003156804849492408,0.0022668714255563186,19.181950665421784,19.181950665421784,19.181950665421784,18.188751202485857,21.1044258346405,18.42899276789387,0.0,0.0,-250.0,-6.953372049653539,-4.729135296226633,-250.0552207768363,0.0,0.0,-250.00000223057026,36.542186143930444,-52.48731689418305,26.51553734868905,-0.23202362402781546,-0.24776958035055158,-0.2708538709394891
3.43,0.01729586795710253,-0.033477996188258086,0.013116001610543826,-0.004296358267702896,0.008370675458878738,-0.0028435303184379873,0.002219823487885621,0.0031568053437394513,0.00226737142708236,19.181950665421784,19.181950665421784,19.181950665421784,18.191216486329903,21.099619245674138,18.430622053160278,0.0,0.0,-250.0,-6.936576270563027,-4.716960328935299,-250.0551409071239,0.0,0.0,-250.00000223057026,36.447143460731695,-52.35711202822446,26.452379584309323,-0.2320726984985219,-0.24778950051319185,-0.27079063415177373
3.44,0.01725300594162077,-0.033394569193600565,0.01308756205432493,-0.004277863910592034,0.00832027892497541,-0.0028445109154417417,0.002220051318273605,0.00315680581368271,0.002267873407954412,19.181950665421784,19.181950665421784,19.181950665421784,18.193671238343697,21.0948421003402,18.432251583613898,0.0,0.0,-250.0,-6.919857633316455,-4.704861900835181,-250.05507869139518,0.0,0.0,-250.00000223057026,36.35254282333396,-52.22762042419285,26.38918174274044,-0.23211818439355078,-0.2478151696703445,-0.2707312796070641
3.45,0.017210329019433257,-0.03331162732896148,0.013059106377051766,-0.0042594079581736765,0.00827342790014494,-0.002846540191095511,0.0022202802578329514,0.0031568062506527415,0.0022683776383649575,19.181950665421784,19.181950665421784,19.181950665421784,18.196115389982385,21.090092543219228,18.43388209403079,0.0,0.0,-250.0,-6.903209353759201,-4.692838485376976,-250.0550329345953,0.0,0.0,-250.00000223057026,36.258370533628714,-52.098774504804744,26.325930453036158,-0.23216044221035567,-0.24784519299591434,-0.2706758235868905
3.46,0.01716783451622439,-0.03322913118359788,0.01303062766973806,-0.004241397265478829,0.008230804364380328,-0.0028489741728594206,0.0022205102987500665,0.0031568066482677796,0.0022688842765473936,19.181950665421784,19.181950665421784,19.181950665421784,18.198549117414473,21.08536827858852,18.435513943628596,0.0,0.0,-250.0,-6.8866244522467515,-4.680886596842197,-250.05500177971925,0.0,0.0,-250.00000223057026,36.16460352793005,-51.97050100297532,26.26262621375052,-0.2321999731334378,-0.24787815218151732,-0.2706240568893318
3.47,0.01712551607041407,-0.033147035886997966,0.013002125161443001,-0.004224167144727508,0.008192843704960573,-0.0028512283409781046,0.002220741453021172,0.0031568070024443288,0.002269393375343714,19.181950665421784,19.181950665421784,19.181950665421784,18.20097280389123,21.080666712003392,18.437147143520637,0.0,0.0,-250.0,-6.870096056494738,-4.669001158914215,-250.05498285258957,0.0,0.0,-250.00000223057026,36.07121202809693,-51.84272458880528,26.19928144662017,-0.2322373695092026,-0.24791266660033265,-0.270575587925024
3.48,0.017083364417406044,-0.033065293530815776,0.012973603471904904,-0.004207969824449527,0.008159744140700576,-0.0028528041635980514,0.002220973748808348,0.003156807311312006,0.002269904894075749,19.181950665421784,19.181950665421784,19.181950665421784,18.20338699418834,21.075985088469867,18.438781401009226,0.0,0.0,-250.0,-6.853617652108748,-4.657175916758372,-250.05497341443274,0.0,0.0,-250.00000223057026,35.97816196857013,-51.715371153722195,26.135918126424723,-0.23227327054354588,-0.2479474457506781,-0.27052989056246673
3.49,0.01704136825403435,-0.03298385544734328,0.01294507164544878,-0.004192969266823069,0.008131484851869413,-0.0028533071200765965,0.0022212072262132706,0.0031568075750463987,0.0022704187143722486,19.181950665421784,19.181950665421784,19.181950665421784,18.205792344815116,21.071320621908104,18.440416175922227,0.0,0.0,-250.0,-6.8371832791516605,-4.645403866395214,-250.05497051491716,0.0,0.0,-250.00000223057026,35.88541739046847,-51.58837067705118,26.072565163993044,-0.232308320484132,-0.24798133212348128,-0.27048635354780837
3.5,0.016999515121905562,-0.032902674266711895,0.01291654205148135,-0.004179241878286502,0.008107851111716987,-0.0028524562577941217,0.0022214419327840247,0.00315680779563589,0.0022709346585451746,19.181950665421784,19.181950665421784,19.181950665421784,18.20818957347504,21.066670611546925,18.442050744110364,0.0,0.0,-250.0,-6.820787675809759,-4.633677677083223,-250.05497113897584,0.0,0.0,-250.00000223057026,35.79294266774868,-51.46165960386461,26.00925573121738,-0.23234313141457716,-0.24801333379800203,-0.2704443283397161
3.51,0.016957792254673865,-0.03282170569269821,0.012888029233635134,-0.004166782353395177,0.008088464612759914,-0.0028500858236708906,0.00222167791905307,0.003156807976599206,0.00227145250913774,19.181950665421784,19.181950665421784,19.181950665421784,18.210579410881813,21.06203254190846,18.443684263437138,0.0,0.0,-250.0,-6.804426372357464,-4.6219900854263,-250.05497234165495,0.0,0.0,-250.00000223057026,35.70070445627591,-51.33518269104964,25.94602469505361,-0.23237825226459782,-0.24804264657250472,-0.2704031727174853
3.52,0.016916187343133438,-0.03274090995523016,0.012859548773327678,-0.0041555136767410855,0.008072817166371246,-0.0028461431036944825,0.002221915234370494,0.00315680812267096,0.002271971741901694,19.181950665421784,19.181950665421784,19.181950665421784,18.212962557516246,21.05740416408602,18.445315838790407,0.0,0.0,-250.0,-6.788095738302818,-4.610334244846555,-250.05497136726305,0.0,0.0,-250.00000223057026,35.60867306952003,-51.208894503998366,25.88290941116112,-0.23241414916550854,-0.24806866964028126,-0.2703622303195901
3.53,0.01687468951240484,-0.0326602529155926,0.012831116173555424,-0.004145120279421739,0.00806030597815855,-0.0028406804365684784,0.0022221723287936365,0.003156808239472001,0.0022724922422313106,19.181950665421784,19.181950665421784,19.181950665421784,18.21533961252232,21.052783557046503,18.446944585389193,0.0,0.0,-250.0,-6.771792980552373,-4.598704124454619,-250.05496570771703,0.0,0.0,-250.00000223057026,35.51654684295616,-51.082739894289354,25.819958959860305,-0.23245667153058633,-0.24809060254773085,-0.2703206370386434
3.54,0.01683329863483035,-0.032579706829062804,0.012802745995855791,-0.004134009067218982,0.008050266168721062,-0.0028338252743743643,0.0022224567522503534,0.0031568083332053154,0.0022730139377489327,19.181950665421784,19.181950665421784,19.181950665421784,18.21771049308599,21.048169169487032,18.448569676647658,0.0,0.0,-250.0,-6.755516119078136,-4.587096362630114,-250.0549524560863,0.0,0.0,-250.00000223057026,35.42425579048994,-50.95669043562216,25.75720238627367,-0.23250473848285344,-0.2481083035308485,-0.2702780554767483
3.55,0.01679202509581923,-0.032499250784363776,0.012774451139872411,-0.004121371108921876,0.008042005075232308,-0.002825772370312676,0.0022228036384746,0.003156808410335176,0.0022735366330872524,19.181950665421784,19.181950665421784,19.181950665421784,18.220074546133727,21.04355984301476,18.450190384949302,0.0,0.0,-250.0,-6.739263946042951,-4.575510033251183,-250.0549285315555,0.0,0.0,-250.00000223057026,35.33130764897732,-50.83069775786175,25.694694900357725,-0.232569902192473,-0.24812092508703598,-0.27023336498012174
3.56,0.016750906622975237,-0.03241887081296391,0.012746242262368312,-0.004103204002458564,0.008034829517735743,-0.0028167694223424004,0.0022232232801682236,0.0031568084773320572,0.002274060171870263,19.181950665421784,19.181950665421784,19.181950665421784,18.22242938809384,21.038954816946994,18.45180611417239,0.0,0.0,-250.0,-6.7230359310106405,-4.563950135044036,-250.05488921787884,0.0,0.0,-250.00000223057026,35.23774789680818,-50.704761201627555,25.63244839299909,-0.23264489901639757,-0.24812905259788487,-0.27018680651051713
3.57,0.016709998283278682,-0.03233855974875338,0.012718127336772356,-0.004080078960542627,0.008028076892924627,-0.002807095657395927,0.0022236422829727412,0.0031568085403819177,0.0022745844452769217,19.181950665421784,19.181950665421784,19.181950665421784,18.224771914551763,21.03435371834364,18.453416423527806,0.0,0.0,-250.0,-6.706832154829813,-4.552424625132838,-250.0548294983179,0.0,0.0,-250.00000223057026,35.14479776779422,-50.578972378976296,25.570386658960416,-0.23271199540517534,-0.24813424558732614,-0.2701395555025604
3.58,0.016669341547549843,-0.03225831670249679,0.01269011153327071,-0.004053479119305029,0.008021151410193755,-0.0027970290617231634,0.002224060223231142,0.0031568086050475976,0.002275109394625087,19.181950665421784,19.181950665421784,19.181950665421784,18.227099834691188,21.02975652994828,18.45502103264574,0.0,0.0,-250.0,-6.690653243762375,-4.540939837360134,-250.05474602329514,0.0,0.0,-250.00000223057026,35.05250374164335,-50.45334645959191,25.50850980282929,-0.232770848852262,-0.24813694546278728,-0.2700916864591534
3.59,0.016628962925993473,-0.032178146293360244,0.012662197404047948,-0.00402489628563706,0.008013541009369398,-0.0027867981909393555,0.002224476826047504,0.0031568086761107434,0.0022756383346264957,19.181950665421784,19.181950665421784,19.181950665421784,18.229411714811075,21.025163545240634,18.456619807552723,0.0,0.0,-250.0,-6.674500287245031,-4.529500263461979,-250.05463709808348,0.0,0.0,-250.00000223057026,34.960882642568514,-50.32789985780131,25.446779639509153,-0.23282161131672255,-0.24813758434719344,-0.2700439902704066
3.6,0.01658887439508805,-0.032098057750086895,0.012634386119306618,-0.003995739985125738,0.008004827647388918,-0.0027764933720455243,0.002224891962056214,0.0031568087574757042,0.0022761708562779068,19.181950665421784,19.181950665421784,19.181950665421784,18.231706948748208,21.020575316381688,18.45821268657099,0.0,0.0,-250.0,-6.658374889107398,-4.518108449468008,-250.05450249001805,0.0,0.0,-250.00000223057026,34.86991939196729,-50.202654303556145,25.385203077938154,-0.23286496405994908,-0.24813667289028465,-0.2699961979898925
3.61,0.016549074642007555,-0.032018063938183294,0.012606677345703254,-0.003967263469533907,0.007994692633010633,-0.0027663161117564305,0.0022253056333150357,0.0031568088521196904,0.002276704243775459,19.181950665421784,19.181950665421784,19.181950665421784,18.233985682440895,21.015992598193677,18.459799700572162,0.0,0.0,-250.0,-6.642278966111163,-4.506765163572036,-250.0543432929807,0.0,0.0,-250.00000223057026,34.779573549081604,-50.07763415189174,25.323807985535435,-0.23290194911748743,-0.24813472030015712,-0.2699479790885548
3.62,0.01650955094521578,-0.03193818035776691,0.01257906879502424,-0.003940508992401786,0.007982917436640199,-0.0027564438389729422,0.002225717962449656,0.0031568089620852176,0.002277238578811084,19.181950665421784,19.181950665421784,19.181950665421784,18.236248703160086,21.011416290722977,18.461380990570923,0.0,0.0,-250.0,-6.626214548889132,-4.495469662475001,-250.0541617408891,0.0,0.0,-250.00000223057026,34.689788563213995,-49.952861909021586,25.262589522016338,-0.23293382141442567,-0.24813218088785968,-0.2698994610824295
3.63,0.016470281489280425,-0.031858424159304954,0.012551556656212992,-0.003916273638511037,0.007969379944080732,-0.0027470078733390023,0.002226129162901402,0.0031568090885150148,0.0022777739729276762,19.181950665421784,19.181950665421784,19.181950665421784,18.238497305039466,21.006847383083137,18.462956782178573,0.0,0.0,-250.0,-6.610183696203836,-4.484219965093447,-250.05396093632342,0.0,0.0,-250.00000223057026,34.60049563819686,-49.828359370288034,25.201541778878354,-0.23296196738801256,-0.24812946896841917,-0.26985077575468164
3.64,0.01643123791198431,-0.031778813216839896,0.012524136064289926,-0.0038950947661886563,0.00795404719139089,-0.0027380924977567955,0.002226539515467926,0.00315680923171975,0.002278310559142553,19.181950665421784,19.181950665421784,19.181950665421784,18.24073314240871,21.00228690078857,18.46452735870152,0.0,0.0,-250.0,-6.594188421721232,-4.473013165741475,-250.05374456554202,0.0,0.0,-250.00000223057026,34.51161954753905,-49.704146914502275,25.14065833606089,-0.2329878031200394,-0.24812694913895,-0.2698020495359852
3.65,0.016392387898375715,-0.03169936528954448,0.012496801561380833,-0.0038772530693092404,0.007936965367286015,-0.0027297370701647545,0.0022269493422496104,0.0031568093912711856,0.002278848483529527,19.181950665421784,19.181950665421784,19.181950665421784,18.24295808143458,20.99773585830118,18.466093034862926,0.0,0.0,-250.0,-6.578230632994008,-4.461845761295357,-250.0535166180483,0.0,0.0,-250.00000223057026,34.423084066402055,-49.5802429515274,25.079932751337267,-0.23301268397163186,-0.24812492993199559,-0.2697533959337813
3.66,0.01635369766615158,-0.03162009729461729,0.012469547522651836,-0.0038627887080295077,0.007918247864618757,-0.002721940582023584,0.0022273590804472044,0.003156809566113538,0.002279387897275644,19.181950665421784,19.181950665421784,19.181950665421784,18.245174058694772,20.993195218063732,18.467654132671644,0.0,0.0,-250.0,-6.562312082283474,-4.450713971038893,-250.05328112532536,0.0,0.0,-250.00000223057026,34.3348153231404,-49.45666341638001,25.019359060427302,-0.23303785527941234,-0.2481236586540858,-0.2697049083557297
3.67,0.016315134215342364,-0.03154102470686809,0.012442368526224545,-0.003851533306750621,0.00789806213400992,-0.002714668011544265,0.0022277689746354086,0.003156809754686002,0.002279928949625834,19.181950665421784,19.181950665421784,19.181950665421784,18.247382954251275,20.988665856856358,18.469210960599703,0.0,0.0,-250.0,-6.5464343285972495,-4.43961402980357,-250.05304193101207,0.0,0.0,-250.00000223057026,34.24674989332131,-49.333421799642366,24.958931787328027,-0.2330643177340779,-0.24812332631136175,-0.2696566624125292
3.68,0.016276667178238557,-0.03146216109291833,0.012415259652954536,-0.0038431514922117544,0.007876616064936509,-0.002707857777523303,0.0022281793220994125,0.003156809955049694,0.0022804717820117696,19.181950665421784,19.181950665421784,19.181950665421784,18.249586487991774,20.984148539889247,18.470763796837662,0.0,0.0,-250.0,-6.530598710226163,-4.428542430222162,-250.05280250536455,0.0,0.0,-250.00000223057026,34.15883357645662,-49.21052870965613,24.898646433406626,-0.233092872762281,-0.24812406333162396,-0.26960870906373496
3.69,0.01623827027235064,-0.03138351778136428,0.012388216708502153,-0.003837181648538613,0.00785414449133137,-0.002701429682034636,0.0022285903861041442,0.003156810165013473,0.0022810165235460753,19.181950665421784,19.181950665421784,19.181950665421784,18.25178613876251,20.979643902675086,18.472312877026923,0.0,0.0,-250.0,-6.514806326847518,-4.417496116154402,-250.05256580393348,0.0,0.0,-250.00000223057026,34.07102436991638,-49.087991916707054,24.838499505210674,-0.2331240768274697,-0.24812594479353123,-0.26956107707509713
3.7,0.016199922314213522,-0.03130510366466899,0.012361236365978301,-0.003833081122729133,0.007830896355908286,-0.0026952927720735585,0.0022290023775176746,0.0031568103822536874,0.002281563287955943,19.181950665421784,19.181950665421784,19.181950665421784,18.25398308887149,20.97515244040849,18.47385838653508,0.0,0.0,-250.0,-6.499058030340548,-4.4064726193193575,-250.0523341735706,0.0,0.0,-250.00000223057026,33.98329341836321,-48.96581641970758,24.7784885259737,-0.23315824111714412,-0.24812899512193948,-0.2695137750196477
3.71,0.016161607786132293,-0.031226925123708782,0.012334316232713916,-0.0038302701283427333,0.007807122968016678,-0.0026893526392863746,0.002229415448597443,0.0031568106044237553,0.0022821121719300745,19.181950665421784,19.181950665421784,19.181950665421784,18.256178194116192,20.970674504308217,18.475400457044078,0.0,0.0,-250.0,-6.483354423454626,-4.395470137485478,-250.05210930503836,0.0,0.0,-250.00000223057026,33.89562493529528,-48.844004585051174,24.71861198170109,-0.23319544612114607,-0.24813319381715587,-0.26946679434487636
3.72,0.016123316982717628,-0.031148986062158712,0.01230745484889284,-0.0038281718950796367,0.007783067681216157,-0.0026835177892836222,0.0022298296911357316,0.0031568108292505627,0.0022826632547703228,19.181950665421784,19.181950665421784,19.181950665421784,18.258371977660026,20.96621030416981,18.476939166987222,0.0,0.0,-250.0,-6.46769586548377,-4.384487557319601,-250.0518922285829,0.0,0.0,-250.00000223057026,33.80801533889989,-48.72255635081716,24.65886921074471,-0.2332355682730215,-0.24813848186965887,-0.2694201131097177
3.73,0.016085045785767693,-0.031071288035207645,0.012280651628840955,-0.00382624715015612,0.007758957214261029,-0.002677704826993928,0.0022302451385048756,0.0031568110546156113,0.0022832165991753615,19.181950665421784,19.181950665421784,19.181950665421784,18.260564644869095,20.96175991622779,18.478474545202847,0.0,0.0,-250.0,-6.452082484117797,-4.373524428107284,-250.0516833468714,0.0,0.0,-250.00000223057026,33.720471762234446,-48.601469482132835,24.59926025459113,-0.23327831538847624,-0.24814476855843007,-0.2693737000192171
3.74,0.016046795131888614,-0.03099383045539328,0.01225390675767457,-0.003824021620987655,0.007734994742397881,-0.002671842317903215,0.0022306617709683787,0.003156811278619655,0.002283772252939878,19.181950665421784,19.181950665421784,19.181950665421784,18.26275611534831,20.95732329533463,18.480006577069354,0.0,0.0,-250.0,-6.436514192648087,-4.36258089484923,-250.0514824983309,0.0,0.0,-250.00000223057026,33.63301011390121,-48.48073986430617,24.53978568722931,-0.2333232675460791,-0.24815193837231359,-0.26932751842450814
3.75,0.01600857024703073,-0.030916610857571025,0.01222722105682339,-0.0038211058491511084,0.007711354797978143,-0.0026658732899515975,0.002231079523510834,0.0031568114996304904,0.0022843302513281542,19.181950665421784,19.181950665421784,19.181950665421784,18.264946067889465,20.952900290424214,18.48153521234585,0.0,0.0,-250.0,-6.420990711696954,-4.3516576006760594,-250.05128904314316,0.0,0.0,-250.00000223057026,33.545652868643735,-48.36036182126043,24.480446438970993,-0.23336992018191868,-0.2481598578343849,-0.2692815300119007
3.76,0.015970379726083228,-0.030839625205075383,0.012200595831783234,-0.0038172071670564724,0.007688179942623811,-0.0026597564319468152,0.002231498295386094,0.0031568117163142265,0.002284890619875416,19.181950665421784,19.181950665421784,19.181950665421784,18.26713399384854,20.948490662234384,18.483060373956818,0.0,0.0,-250.0,-6.405511594621607,-4.34075556914003,-250.05110196393073,0.0,0.0,-250.00000223057026,33.45842675921293,-48.240328447774694,24.421243628259926,-0.23341772647524878,-0.2481683820475018,-0.2692356979711942
3.77,0.015932234534375256,-0.030762868219867623,0.012174032714473204,-0.0038121341826338165,0.007665579108961048,-0.0026534661179668196,0.002231917960584408,0.0031568119276509394,0.0022854533773799743,19.181950665421784,19.181950665421784,19.181950665421784,18.269319254571553,20.94409410230889,18.484581967019576,0.0,0.0,-250.0,-6.390076255714753,-4.329876076800813,-250.05091997343396,0.0,0.0,-250.00000223057026,33.371360523483794,-48.12063194501327,24.362178412121615,-0.23346613654307827,-0.24817736081392408,-0.2691899895034735
3.78,0.015894147002166292,-0.030686333720782832,0.012147533510965258,-0.0038057945229954884,0.007643627458915788,-0.0026469914413595756,0.00223233837846854,0.003156812132936209,0.0022860185388725784,19.181950665421784,19.181950665421784,19.181950665421784,18.27150113884119,20.939710252377512,18.486099887508388,0.0,0.0,-250.0,-6.3746840002974,-4.31902052574588,-250.05074162214854,0.0,0.0,-250.00000223057026,33.28448283644913,-48.00126394982907,24.303251862759353,-0.2335146314932481,-0.24818664421323502,-0.26914437759739723
3.79,0.015856129873937252,-0.03061001495573218,0.012121100063312018,-0.0037981868930196338,0.007622367567777685,-0.0026403344761266006,0.0022327594039162697,0.003156812331770161,0.0022865861183825106,19.181950665421784,19.181950665421784,19.181950665421784,18.273678916864657,20.9353387233151,18.487614030067846,0.0,0.0,-250.0,-6.3593340557767375,-4.308190324396841,-250.05056539987999,0.0,0.0,-250.00000223057026,33.19782052782524,-47.88221584932717,24.244464874642357,-0.23356275096296134,-0.24819608755029543,-0.269098842066114
3.8,0.015818195462550033,-0.030533904915774734,0.01209473413192197,-0.00378938870441515,0.0076018117181288584,-0.002633507998560265,0.0022331808964226258,0.003156812524036205,0.0022871561313590055,19.181950665421784,19.181950665421784,19.181950665421784,18.275851888006795,20.93097911299944,18.489124294619334,0.0,0.0,-250.0,-6.344025602737938,-4.297386783313189,-250.05038982636225,0.0,0.0,-250.00000223057026,33.111397154932064,-47.76347907320276,24.185818103492757,-0.23361011335192677,-0.2482055556093938,-0.26905336989053
3.81,0.015780354945170494,-0.03045799662121501,0.012068437302604096,-0.003779540627378632,0.00758194507437844,-0.002626532899957555,0.0022336027277489214,0.0031568127098714318,0.0022877285966491634,19.181950665421784,19.181950665421784,19.181950665421784,18.278019420232297,20.926631022517306,18.490630591537712,0.0,0.0,-250.0,-6.328757805152733,-4.286611030851585,-250.0502135273939,0.0,0.0,-250.00000223057026,33.02523196943184,-47.645045357443315,24.12731193602635,-0.23365642851049578,-0.24821492617256416,-0.26900795495676666
3.82,0.015742617824250404,-0.03038228337219867,0.012042210920171825,-0.003768829418675951,0.007562729505786349,-0.002619435504779955,0.00223402478784671,0.003156812889630976,0.0022883035379758026,19.181950665421784,19.181950665421784,19.181950665421784,18.280180979999507,20.922294070300413,18.49213284530193,0.0,0.0,-250.0,-6.313529838830904,-4.275863951629455,-250.05003529427003,0.0,0.0,-250.00000223057026,32.93933928733867,-47.52690697410358,24.068946487236158,-0.23370150313365323,-0.24822409277969604,-0.2689625973053205
3.83,0.015704991563701143,-0.030306758958572932,0.012016056064067582,-0.0037574703012683806,0.007544107830478987,-0.0026122335673986453,0.0022344469889240244,0.003156813063848375,0.0022888835838020235,19.181950665421784,19.181950665421784,19.181950665421784,18.28233615209797,20.917967903904948,18.493630994517716,0.0,0.0,-250.0,-6.298340922735527,-4.265146145709603,-250.0498541228349,0.0,0.0,-250.00000223057026,32.853730089192005,-47.40905521871187,24.010695059382485,-0.23374520002005303,-0.24823293020150763,-0.26891786792305067
3.84,0.015667481397338368,-0.030231417827141782,0.011989974561030958,-0.0037456903049431253,0.007526007951273517,-0.002604764901631643,0.002234869267668114,0.003156813233196926,0.0022894727607189196,19.181950665421784,19.181950665421784,19.181950665421784,18.284484649679083,20.913652209360677,18.49512492496393,0.0,0.0,-250.0,-6.283190515134559,-4.254457812524043,-250.04966915106206,0.0,0.0,-250.00000223057026,32.768410733458,-47.29148183144918,23.95252398297821,-0.23378748888309467,-0.24824134873272302,-0.26887403333475857
3.85,0.015630090294781518,-0.03015625520861126,0.011963969220416093,-0.0037337131412037094,0.007508347085915353,-0.002597040302131373,0.0022352915753460195,0.0031568133984501683,0.002290064407872389,19.181950665421784,19.181950665421784,19.181950665421784,18.28662631534953,20.909346718194985,18.496614477434523,0.0,0.0,-250.0,-6.268078312013748,-4.2437987700511055,-250.0494796784883,0.0,0.0,-250.00000223057026,32.683375521008266,-47.17418649438548,23.894507450512368,-0.23382851529370394,-0.24824937169416553,-0.26882996493585215
3.86,0.015592819072982544,-0.030081267196518824,0.01193804214415456,-0.003721745235567188,0.007491036768256344,-0.0025891430292058503,0.002235713906810175,0.003156813560435053,0.0022906585131542484,19.181950665421784,19.181950665421784,19.181950665421784,18.28876111399158,20.905051211671715,18.498099536275266,0.0,0.0,-250.0,-6.253004031419162,-4.23316861543265,-250.04928527536308,0.0,0.0,-250.00000223057026,32.598619443735906,-47.05716531030803,23.83664746632032,-0.23386841702075092,-0.24825697169195096,-0.2687856461719361
3.87,0.015555666630543974,-0.030006450780741767,0.011912194796198927,-0.003709965298821195,0.0074739869644929735,-0.002581087115664693,0.0022361362696244357,0.003156813719993488,0.002291261294524594,19.181950665421784,19.181950665421784,19.181950665421784,18.290889118768668,20.900765522480256,18.499580017243826,0.0,0.0,-250.0,-6.237967448641014,-4.222566750689601,-250.04908575078863,0.0,0.0,-250.00000223057026,32.51413874961576,-46.940411450365424,23.778883254344883,-0.23390729332328997,-0.24826406476204566,-0.2687422170695814
3.88,0.015518630262261246,-0.02993180384516464,0.011886429404445342,-0.003698517923029034,0.007457109229230995,-0.002572790184495955,0.0022365586887983643,0.003156813877952739,0.0022918688586612895,19.181950665421784,19.181950665421784,19.181950665421784,18.293010492750657,20.896489534424518,18.501055789035615,0.0,0.0,-250.0,-6.222968595870442,-4.2119923187555335,-250.04888102778813,0.0,0.0,-250.00000223057026,32.429919794616396,-46.82392612885319,23.72126265207715,-0.2339454243253352,-0.2482707245169991,-0.2686986083530907
3.89,0.015481706026861275,-0.02985732513334305,0.01186074778159657,-0.0036875090306004556,0.007440320179762391,-0.002564365158780451,0.002236981203394464,0.003156814035092938,0.002292478763020039,19.181950665421784,19.181950665421784,19.181950665421784,18.29512546759503,20.89222318025325,18.50252675454044,0.0,0.0,-250.0,-6.208007548021678,-4.201444385288237,-250.04867121752727,0.0,0.0,-250.00000223057026,32.34594900254436,-46.70771019684726,23.663811922719443,-0.23398305276415343,-0.24827699431290784,-0.2686545231008788
3.9,0.015444889151848884,-0.029783014180347733,0.01183515059582424,-0.003677001662168107,0.007423544475593936,-0.0025559216609793746,0.0022374040736791003,0.0031568141921191418,0.0022930910420165596,19.181950665421784,19.181950665421784,19.181950665421784,18.297234320076374,20.887966437591693,18.50399288168605,0.0,0.0,-250.0,-6.193084332551611,-4.190922048258622,-250.04845662385674,0.0,0.0,-250.00000223057026,32.262211329997456,-46.591763465050555,23.606530023026185,-0.23402044740303896,-0.24828290469448344,-0.268610005679091
3.91,0.015408174499911942,-0.029708871220870736,0.011809637493967629,-0.003667013597495562,0.007406716804617152,-0.0025475550218526004,0.00223782728484926,0.003156814349642735,0.002293705754014707,19.181950665421784,19.181950665421784,19.181950665421784,18.2993373453882,20.88371932356646,18.505454196073984,0.0,0.0,-250.0,-6.178198933593904,-4.1804244977426555,-250.0482376931511,0.0,0.0,-250.00000223057026,32.17869640102001,-46.476086740546876,23.549413818877998,-0.23405776654127305,-0.24828850134122185,-0.26856513259932213
3.92,0.015371556889829774,-0.029634897080816736,0.0117842072662937,-0.0036575384970904483,0.007389783278488413,-0.002539342537536761,0.0022382507626370848,0.0031568145081683277,0.0022943229780867744,19.181950665421784,19.181950665421784,19.181950665421784,18.301434839872755,20.879481888517407,18.506910771333917,0.0,0.0,-250.0,-6.163351299723628,-4.169951042990063,-250.04801497242025,0.0,0.0,-250.00000223057026,32.09539544240184,-46.360681451632715,23.492458753780745,-0.23409515234143938,-0.24829383575143527,-0.2685199976017185
3.93,0.015335031361445095,-0.02956109305817206,0.011758858040089082,-0.0036485416014057645,0.00737270222622883,-0.0025313413018853066,0.0022386745595463172,0.0031568146680862573,0.0022949428099676115,19.181950665421784,19.181950665421784,19.181950665421784,18.303527085585756,20.875254209130105,18.50836271791652,0.0,0.0,-250.0,-6.148541354242444,-4.159501130843127,-250.04778906714873,0.0,0.0,-250.00000223057026,32.01229931641283,-46.24554935005085,23.435659458548812,-0.23413273865833695,-0.24829896170946122,-0.26847470242617427
3.94,0.015298593434419416,-0.029487460799275167,0.011733587486475683,-0.003639965091297973,0.0073554443958218675,-0.0025235874859409453,0.0022390987230587844,0.003156814829670742,0.0022955666743755005,19.181950665421784,19.181950665421784,19.181950665421784,18.30561433580769,20.87103638133818,18.50981017080851,0.0,0.0,-250.0,-6.133769007648724,-4.149074359394089,-250.04756059872554,0.0,0.0,-250.00000223057026,31.929401589637607,-46.13069165973937,23.37899681740733,-0.2341705948591366,-0.24830390925407453,-0.26842974848105106
3.95,0.015262239306790881,-0.029414002176798237,0.011708394015057355,-0.003631729560434129,0.0073379923677302315,-0.0025158641775795427,0.0022395272773582603,0.003156814993085221,0.002296205185015841,19.181950665421784,19.181950665421784,19.181950665421784,18.307696802237643,20.866828513373573,18.511253207380623,0.0,0.0,-250.0,-6.119034349437141,-4.138670381982675,-250.04733007459978,0.0,0.0,-250.00000223057026,31.846649073521593,-46.01610058593666,23.322372185534427,-0.23421019169527094,-0.2483085458708879,-0.2683863308314556
3.96,0.015225968837346004,-0.029340719182507524,0.011683278163633293,-0.0036232683704757,0.007320338341291265,-0.0025080792583257227,0.002239952835688188,0.0031568151584031676,0.002296846790544209,19.181950665421784,19.181950665421784,19.181950665421784,18.309774465095987,20.862630719752516,18.512691793450365,0.0,0.0,-250.0,-6.104337766830053,-4.128289379525081,-250.0470975663477,0.0,0.0,-250.00000223057026,31.764151643110466,-45.90179527619169,23.265897916917368,-0.2342471228711838,-0.24831336443326885,-0.2683428755142831
3.97,0.015189776710954728,-0.029267613826599648,0.011658240245786877,-0.003616118946047156,0.007302486590442543,-0.002500285978952536,0.0022403432135692184,0.003156815325584943,0.002297491538692871,19.181950665421784,19.181950665421784,19.181950665421784,18.311847720041055,20.85844311531473,18.514125914041415,0.0,0.0,-250.0,-6.089679606472657,-4.11793033173992,-250.046863708741,0.0,0.0,-250.00000223057026,31.682291731926636,-45.78780556877038,23.209546350815586,-0.23427838252349512,-0.24831866587354515,-0.26829964327589834
3.98,0.015153648487323479,-0.029194687998521318,0.011633280105418642,-0.0036102985136960784,0.007284454196979991,-0.0024925267561853605,0.002240734001847079,0.0031568154944709922,0.002298139488917734,19.181950665421784,19.181950665421784,19.181950665421784,18.31391738780729,20.85426580729596,18.51555558048253,0.0,0.0,-250.0,-6.075060135459895,-4.107590987052689,-250.04662971202083,0.0,0.0,-250.00000223057026,31.600551816208718,-45.67409704780054,23.153351636848157,-0.2343114801255603,-0.24832396266089274,-0.26825614949384785
3.99,0.015117572809396795,-0.029121943383046023,0.01160839679813086,-0.0036054522423001408,0.00726626404420415,-0.00248501914899961,0.0022411253209158573,0.0031568156648473424,0.0022987676198033555,19.181950665421784,19.181950665421784,19.181950665421784,18.315984098651583,20.850098890885032,18.51698086361874,0.0,0.0,-250.0,-6.060479433013624,-4.0972697288828615,-250.04639660202002,0.0,0.0,-250.00000223057026,31.51890276996037,-45.56068488627151,23.09753526734547,-0.23434682828361098,-0.24832955194907178,-0.2682081610761424
4.0,0.015081541950297095,-0.029049381403555508,0.011583582445946317,-0.003601213779634042,0.007247945233124689,-0.002478681945780019,0.002241517253138958,0.003156815836441721,0.0022993780478432887,19.181950665421784,19.181950665421784,19.181950665421784,18.3180482743085,20.845942445930334,18.518402264942278,0.0,0.0,-250.0,-6.045936431108827,-4.086966181399153,-250.04616566907583,0.0,0.0,-250.00000223057026,31.437343462643746,-45.44756600459217,23.042032859668474,-0.2343842465083042,-0.24833531179700943,-0.2681581692587149
4.01,0.015045551795695167,-0.02897700316327123,0.011558825374850146,-0.0035972299910544204,0.007229531349025224,-0.0024734143211081966,0.0022419098429520383,0.0031568160089397775,0.0022999926364856644,19.181950665421784,19.181950665421784,19.181950665421784,18.320110130432635,20.841796533708198,18.519820444129795,0.0,0.0,-250.0,-6.031429603673948,-4.076680788307808,-250.04593811805336,0.0,0.0,-250.00000223057026,31.35589211274168,-45.33472619777101,22.98660711760485,-0.234423352434913,-0.2483410422448677,-0.26810956070522657
4.02,0.015009601583723331,-0.02890480942504109,0.01153411632968565,-0.0035931828324562735,0.007211056506205033,-0.0024689508635139957,0.002242303099563788,0.0031568161820220847,0.002300611683383511,19.181950665421784,19.181950665421784,19.181950665421784,18.3221696927042,20.837661195974132,18.521235916128628,0.0,0.0,-250.0,-6.016957740147696,-4.0664143089514155,-250.0457146997674,0.0,0.0,-250.00000223057026,31.274557528024232,-45.22216557374222,22.93124444004701,-0.23446389352908062,-0.24834674745407762,-0.268062478399043
4.03,0.014973693471023397,-0.028832800614808918,0.011509448798198874,-0.0035888036419374826,0.007192553857591147,-0.002465012982859851,0.0022426970014701427,0.003156816355378167,0.00230123542498859,19.181950665421784,19.181950665421784,19.181950665421784,18.324226822480266,20.83353645524273,18.522649038086836,0.0,0.0,-250.0,-6.002519980266047,-4.0561677232089695,-250.04549572792752,0.0,0.0,-250.00000223057026,31.19335283735322,-45.109884491669895,22.87593725620762,-0.23450555964632921,-0.24835243603773566,-0.26801695997561015
4.04,0.014937831984029926,-0.02876097683768536,0.011484819038498073,-0.0035838823787078264,0.007174054462237595,-0.0024613275135629484,0.002243091502213533,0.003156816528717031,0.0023018640334032422,19.181950665421784,19.181950665421784,19.181950665421784,18.326281248734972,20.829422315771794,18.524060008831633,0.0,0.0,-250.0,-5.988115818678346,-4.045942137667599,-250.0452811210978,0.0,0.0,-250.00000223057026,31.112294060923436,-44.99788347984774,22.820683659392266,-0.23454800981328672,-0.2483581199876738,-0.2679729495003786
4.05,0.014902023404621323,-0.028689337903834378,0.011460225935361945,-0.0035782720397445557,0.007155586425889874,-0.0024576425045426003,0.0022434865368754124,0.003156816701775301,0.0023024976174111375,19.181950665421784,19.181950665421784,19.181950665421784,18.328332603485638,20.825318765093225,18.52546887798879,0.0,0.0,-250.0,-5.973745086364054,-4.035738696759778,-250.04507046212237,0.0,0.0,-250.00000223057026,31.03139870668651,-44.88616314453293,22.76548674708511,-0.2345908971160342,-0.2483638133758958,-0.26793031332562867
4.06,0.01486627513630373,-0.02861788336151394,0.011435670716931079,-0.003571888664875664,0.0071371743005477425,-0.0024537396199272154,0.002243882028814961,0.0031568168743228067,0.0023031362271303977,19.181950665421784,19.181950665421784,19.181950665421784,18.33038045808455,20.821225775939112,18.52687556290492,0.0,0.0,-250.0,-5.959407913105263,-4.025558503635559,-250.0448630690884,0.0,0.0,-250.00000223057026,30.95068447396435,-44.77472407733886,22.710353746130497,-0.23463389045916502,-0.24836953096231204,-0.26788885853818456
4.07,0.014830595091784304,-0.028546612534801785,0.011411156567527891,-0.00356470754879629,0.007118838720015626,-0.0024494428546433613,0.0022442778962185493,0.003156817046166046,0.0023037798615869656,19.181950665421784,19.181950665421784,19.181950665421784,18.332424358071943,20.817143308422853,18.52827987130918,0.0,0.0,-250.0,-5.945104675885641,-4.01540255428408,-250.04465807203806,0.0,0.0,-250.00000223057026,30.870168127380524,-44.66356676811752,22.65529500432369,-0.2346766923226476,-0.248375286831792,-0.26784835254163664
4.08,0.014794991135774538,-0.02847552456380048,0.011386688173852855,-0.0035567564198971404,0.007100596242489055,-0.0024446235299101092,0.002244674058094696,0.0031568172171496534,0.0023044284784185477,19.181950665421784,19.181950665421784,19.181950665421784,18.334463854695418,20.813071312350687,18.529681527579633,0.0,0.0,-250.0,-5.930835938317933,-4.005271687123726,-250.04445449009503,0.0,0.0,-250.00000223057026,30.789864585089536,-44.552691529180095,22.600322927025985,-0.23471905200751628,-0.248381093166858,-0.26780854244079444
4.09,0.014759470608795788,-0.02840461844542863,0.011362271240864696,-0.0035481064215611377,0.007082459367999645,-0.002439201762115997,0.0022450704394320563,0.003156817387156244,0.00230508200488729,19.181950665421784,19.181950665421784,19.181950665421784,18.336498531667235,20.80900972955695,18.53108020054625,0.0,0.0,-250.0,-5.916602386090794,-3.99516654902726,-250.04425130438932,0.0,0.0,-250.00000223057026,30.709786246168456,-44.442098435344995,22.545450930352917,-0.23476077420511926,-0.24838695924009405,-0.267769173083759
4.1,0.014724039948892265,-0.0283338930732297,0.011337912010657647,-0.0035388619329838667,0.0070644366976895965,-0.0024331447851181284,0.0022454669557407936,0.0031568175561049773,0.002305740349398526,19.181950665421784,19.181950665421784,19.181950665421784,18.338528026255208,20.804958496175125,18.532475530944605,0.0,0.0,-250.0,-5.902404763018558,-3.985087577498349,-250.04404752309756,0.0,0.0,-250.00000223057026,30.629942815621206,-44.33178730058852,22.49069245459542,-0.23480171814529505,-0.2483928910345348,-0.2677300031914023
4.11,0.014688704413455766,-0.028263347274950834,0.011313616813047267,-0.003529150439872304,0.0070465332049356256,-0.0024264626427988618,0.002245863551555115,0.003156817723948979,0.002306403412785838,19.181950665421784,19.181950665421784,19.181950665421784,18.340552044628176,20.80091754477485,18.533867156905387,0.0,0.0,-250.0,-5.88824381164748,-3.975034996706335,-250.0438422363534,0.0,0.0,-250.00000223057026,30.55034060737922,-44.22175762114573,22.43606015653246,-0.23484180906907795,-0.24839889001980245,-0.26769081744037154
4.12,0.01465346791939448,-0.02819297984695507,0.011289391670855686,-0.0035191096848234764,0.007028750582824104,-0.002419201866090157,0.0022462602117566963,0.0031568178906721317,0.002307071098721214,19.181950665421784,19.181950665421784,19.181950665421784,18.3425703702846,20.796886806313395,18.535254736198137,0.0,0.0,-250.0,-5.8741202215477815,-3.9650088288502605,-250.04363465781861,0.0,0.0,-250.00000223057026,30.47098251734202,-44.112008570966815,22.3815652305759,-0.23488103063913943,-0.24840495328492704,-0.2676514362599441
4.13,0.014618332992036076,-0.028122789584874464,0.01126524197646206,-0.003508878716959136,0.007011087642026737,-0.002411437785082508,0.002246656915163496,0.0031568180562853293,0.0023077433227356127,19.181950665421784,19.181950665421784,19.181950665421784,18.34458286648098,20.792866211868873,18.53663796431725,0.0,0.0,-250.0,-5.8600345875625806,-3.955008916722249,-250.04342415290523,0.0,0.0,-250.00000223057026,30.39186884092521,-44.002539062797524,22.327216864496727,-0.23491941124852628,-0.2484110742679636,-0.26761172247109577
4.14,0.014583300798670595,-0.028052775310076605,0.01124117224974397,-0.0034985895126188053,0.0069935407424381365,-0.0024032661161528714,0.0022470536559018677,0.0031568182208224693,0.002308420019473799,19.181950665421784,19.181950665421784,19.181950665421784,18.34658947383411,20.78885569413183,18.538016587866714,0.0,0.0,-250.0,-5.8459873793689265,-3.945034953142303,-250.04321025444918,0.0,0.0,-250.00000223057026,30.31299733625545,-43.893347761851466,22.273021944947356,-0.2349570197644541,-0.24841724292140643,-0.26757158374540563
4.15,0.01454837125896169,-0.027982935891739114,0.011217185981266031,-0.0034883600222694756,0.0069761042361686345,-0.0023947944318999394,0.002247450442261789,0.003156818384336281,0.002309101147954187,19.181950665421784,19.181950665421784,19.181950665421784,18.348590203606673,20.784855188644624,18.5393904130571,0.0,0.0,-250.0,-5.8319789228145895,-3.935086515462763,-250.04299266625313,0.0,0.0,-250.00000223057026,30.23436368191494,-43.78443313306229,22.218984924468796,-0.23499395574977944,-0.24842344638993424,-0.26753097226663825
4.16,0.014513543259345063,-0.027913270264532275,0.011193285558859845,-0.0034782754622115805,0.0069587708950315,-0.0023861340580703726,0.0022478481500222327,0.0031568185468943202,0.0023097866947502767,19.181950665421784,19.181950665421784,19.181950665421784,18.350585124167765,20.78086463479043,18.540759309452085,0.0,0.0,-250.0,-5.818009392642434,-3.9251631127863322,-250.04277125143952,0.0,0.0,-250.00000223057026,30.155951415082463,-43.675792748876226,22.16510858827451,-0.2350305307251038,-0.24842965601675077,-0.26748986817695203
4.17,0.01447881506459403,-0.027843777442458695,0.011169472270467051,-0.0034683904362458927,0.006941532267081815,-0.002377392888307896,0.002248246175188706,0.003156818708575664,0.002310476675157396,19.181950665421784,19.181950665421784,19.181950665421784,18.352574338136282,20.776883976565614,18.542123209399758,0.0,0.0,-250.0,-5.804078815536367,-3.9152642539916664,-250.04254600299782,0.0,0.0,-250.00000223057026,30.077763145974547,-43.5674255217718,22.111392096174256,-0.23506667398026782,-0.24843586973606513,-0.2674483151889404
4.18,0.014444184338945398,-0.02777445652851951,0.011145746373265042,-0.0034587636365607994,0.006924379162259972,-0.0023686692265082977,0.0022486443690641835,0.0031568188694663145,0.0023111711324904118,19.181950665421784,19.181950665421784,19.181950665421784,18.354557982596784,20.772913163105258,18.54348210372594,0.0,0.0,-250.0,-5.790187082510934,-3.905389441408751,-250.0423170391018,0.0,0.0,-250.00000223057026,29.999794367623288,-43.45932987602443,22.057833126007957,-0.23510248724005675,-0.24844207381648808,-0.2674063754404579
4.19,0.014409648283464749,-0.02770530671968663,0.011122107216970434,-0.0034494310665410177,0.006907302065828272,-0.002360047041162199,0.00224904277340474,0.003156819029655377,0.0023118701357447203,19.181950665421784,19.181950665421784,19.181950665421784,18.356536219850142,20.768952148945186,18.544836034406504,0.0,0.0,-250.0,-5.7763339681814365,-3.8955381876092514,-250.04208458202874,0.0,0.0,-250.00000223057026,29.92203797971079,-43.351504092353494,22.004427963434946,-0.23513809209326864,-0.24844825340674898,-0.2673641313313906
4.2,0.01437520386076957,-0.027636327308330877,0.011098553406050593,-0.0034404068720317576,0.006890291462932975,-0.002351592764051781,0.0022494414332169576,0.0031568191892319356,0.0023125737759640353,19.181950665421784,19.181950665421784,19.181950665421784,18.358509224616753,20.76500089408546,18.546185085098603,0.0,0.0,-250.0,-5.762519154940664,-3.885710039198004,-250.04184892953953,0.0,0.0,-250.00000223057026,29.84448711400905,-43.243946531409726,21.95117175126183,-0.23517359966979906,-0.24845439500363567,-0.26732167919173366
4.21,0.014340848002400153,-0.02756751768063126,0.01107508298567933,-0.0034316855317861315,0.006873338121777389,-0.002343353584656164,0.0022498403944484126,0.003156819348282492,0.0023132821616816453,19.181950665421784,19.181950665421784,19.181950665421784,18.360477172286352,20.761059363883263,18.54752937039683,0.0,0.0,-250.0,-5.748742259979196,-3.875904595335953,-250.04161042579963,0.0,0.0,-250.00000223057026,29.76713548206083,-43.13665567924075,21.898058920850193,-0.23520910546523258,-0.24846048713360805,-0.2672791215139557
4.22,0.014306577789247599,-0.027498877312382264,0.011051693636926818,-0.003423244918487768,0.006856433334974072,-0.002335357146619331,0.0022502397019616193,0.0031568195068886126,0.0023139954138142746,19.181950665421784,19.181950665421784,19.181950665421784,18.362440228759667,20.757127528799042,18.548869024639817,0.0,0.0,-250.0,-5.7350028631074546,-3.866121520653481,-250.04136943362838,0.0,0.0,-250.00000223057026,29.689977639568163,-43.02963018288219,21.84508361031696,-0.2352446858256125,-0.24846652087869506,-0.26723655983064026
4.23,0.014272390598010276,-0.027430405762616406,0.011028382868027597,-0.0034150499251448733,0.006839569119535314,-0.002327612479630343,0.0022506393978738064,0.003156819665125133,0.002314713660377169,19.181950665421784,19.181950665421784,19.181950665421784,18.36439854226711,20.753205364019923,18.55020419101122,0.0,0.0,-250.0,-5.721300533542139,-3.8563605525649476,-250.04112630955282,0.0,0.0,-250.00000223057026,29.613009163357685,-42.92286887479727,21.792240045693006,-0.23528039606977078,-0.2484724902254292,-0.2671940885878485
4.24,0.014238284209670715,-0.027362102665449195,0.011005148190546765,-0.00340705636065844,0.0068227383764469796,-0.0023201119468035307,0.002251039520312103,0.0031568198230585666,0.0023154370313579796,19.181950665421784,19.181950665421784,19.181950665421784,18.36635223737741,20.749292848983536,18.551535011562756,0.0,0.0,-250.0,-5.707634854113339,-3.8466215033302094,-250.04088138276833,0.0,0.0,-250.00000223057026,29.536226742614318,-42.81637078565492,21.73952286657205,-0.23531627013160397,-0.24847839222837745,-0.26715179025833513
4.25,0.014204256878818267,-0.027293967720543766,0.01098198726006755,-0.0033992148419809223,0.006805935012888118,-0.002312840584504905,0.0022514401026021663,0.0031568199807460442,0.00231616445644377,19.181950665421784,19.181950665421784,19.181950665421784,18.368301411247764,20.74538996682475,18.552861619911813,0.0,0.0,-250.0,-5.69400543845994,-3.8369042593733567,-250.0406349403387,0.0,0.0,-250.00000223057026,29.459627438940664,-42.71013584672723,21.68693824358006,-0.2353523367004117,-0.24848424113498857,-0.26710951466418914
4.26,0.014170307365574064,-0.027226000682106843,0.010958897642547427,-0.0033914743526837748,0.006789154141036806,-0.0023058248116797093,0.0022518411728736426,0.0031568201382333756,0.002316895366102494,19.181950665421784,19.181950665421784,19.181950665421784,18.370246131995913,20.741496703733006,18.554184156955632,0.0,0.0,-250.0,-5.680411889050712,-3.8272088087266347,-250.04038724449836,0.0,0.0,-250.00000223057026,29.38320987468367,-42.604163725542215,21.634486174115075,-0.2353885901893959,-0.24849003931900612,-0.2670673367304879
4.27,0.014136434933871678,-0.027158201345998223,0.010935876947724243,-0.003383785522960013,0.0067723921567177485,-0.0022990249402525223,0.002252242754048727,0.0031568202955543512,0.0023176317453186416,19.181950665421784,19.181950665421784,19.181950665421784,18.37218643898607,20.737613048211827,18.555502757058406,0.0,0.0,-250.0,-5.666853830641684,-3.817535218332903,-250.04013851451757,0.0,0.0,-250.00000223057026,29.30697519814399,-42.498452799523335,21.582145037894282,-0.23542499062168068,-0.24849577407198886,-0.26702556705020924
4.28,0.014102639318417098,-0.027090569537979448,0.010912923342603409,-0.0033761035131571484,0.0067556465602005315,-0.0022923811326898205,0.002252644864193408,0.0031568204527323857,0.002318373711085934,19.181950665421784,19.181950665421784,19.181950665421784,18.37412234488238,20.73373899041515,18.55681752179438,0.0,0.0,-250.0,-5.653330975860858,-3.8078835875496178,-250.03988889501798,0.0,0.0,-250.00000223057026,29.230924112975007,-42.393002746568186,21.529912157002002,-0.2354615044596071,-0.24850145191693052,-0.26698422726308496
4.29,0.014068920667600626,-0.02702310510297945,0.010890035604688653,-0.0033683900472012175,0.006738915903989009,-0.002285831992004118,0.00225304751714573,0.0031568206097810593,0.0023191213623049095,19.181950665421784,19.181950665421784,19.181950665421784,18.376053839032128,20.729874521535148,18.55812851769391,0.0,0.0,-250.0,-5.639843129448741,-3.7982540338187185,-250.03963845679107,0.0,0.0,-250.00000223057026,29.155057911269758,-42.28781338227355,21.477786215075035,-0.23549809028948634,-0.24850708135301,-0.2669433156658755
4.3,0.0140352794699245,-0.0269558078948971,0.010867213115019536,-0.003360614753802903,0.006722199730584858,-0.0022793185733735555,0.0022534507233406553,0.0031568207667046115,0.002319874779140076,19.181950665421784,19.181950665421784,19.181950665421784,18.377980891754078,20.72601963322161,18.5594357768688,0.0,0.0,-250.0,-5.626390185218512,-3.7886466800223366,-250.0393872025015,0.0,0.0,-250.00000223057026,29.079378282754067,-42.18288462484222,21.425767142507127,-0.23553470242661478,-0.24851267227951968,-0.2669028103507675
4.31,0.01400171647069548,-0.02688867776713294,0.010844455814693732,-0.0033527558445083177,0.00670549849158906,-0.0022727877186653634,0.002253854490756251,0.003156820923498788,0.002320634023560547,19.181950665421784,19.181950665421784,19.181950665421784,18.379903459146842,20.72217431704422,18.56073929969012,0.0,0.0,-250.0,-5.6129721178767555,-3.7790616434408686,-250.03913507573228,0.0,0.0,-250.00000223057026,29.003887127589294,-42.07821645765177,21.373855939780544,-0.23557129425981496,-0.24851823538672854,-0.26686267318340756
4.32,0.013968232585346518,-0.026821714564018606,0.010821764132337874,-0.0033448001824517666,0.006688813450746355,-0.0022661945974658494,0.002254258825909186,0.003156821080151694,0.002321399140897325,19.181950665421784,19.181950665421784,19.181950665421784,18.381821488055873,20.71833856400712,18.562039059084643,0.0,0.0,-250.0,-5.599588970833785,-3.7694990267478046,-250.03888197235923,0.0,0.0,-250.00000223057026,28.928586383463504,-41.97380889171211,21.322054457796142,-0.23560782117287266,-0.2485237815506778,-0.2668228542640563
4.33,0.013934828815044376,-0.026754918113292614,0.01079913889080536,-0.0033367428244512505,0.0066721465735564865,-0.0022595044019943387,0.0022546637348343336,0.003156821236644844,0.002322170162207815,19.181950665421784,19.181950665421784,19.181950665421784,18.383734920879824,20.71451236412418,18.563335005972892,0.0,0.0,-250.0,-5.586240841242676,-3.7599589112841594,-250.03862775324072,0.0,0.0,-250.00000223057026,28.853477875252374,-41.86966193003882,21.27036515428687,-0.23564424292883246,-0.24852932126524038,-0.2667832965350525
4.34,0.013901506169258226,-0.02668828821978414,0.01077658135471099,-0.003328586167164496,0.006655500377591363,-0.0022526172558547247,0.002255069223994274,0.0031568213929545497,0.002322958997616043,19.181950665421784,19.181950665421784,19.181950665421784,18.385643699957615,20.71069570606738,18.564627060172953,0.0,0.0,-250.0,-5.572927902471036,-3.750441329870849,-250.03837223785146,0.0,0.0,-250.00000223057026,28.778570444985732,-41.76576876354211,21.21868606647252,-0.23568038266449007,-0.24853473079229424,-0.26674598146537326
4.35,0.013868265594815576,-0.0266218246649782,0.010754096280253755,-0.003320339659007581,0.00663887674648422,-0.002245025897516179,0.002255475301139988,0.003156821549063097,0.002323777243783868,19.181950665421784,19.181950665421784,19.181950665421784,18.387547771620227,20.70688857721741,18.565914918706568,0.0,0.0,-250.0,-5.559650895637509,-3.740945967180496,-250.03811496439494,0.0,0.0,-250.00000223057026,28.70387099746653,-41.662123972013354,21.166937804811326,-0.23571610478689328,-0.24853991594107747,-0.2667123000504015
4.36,0.013835107908325261,-0.026555527222260733,0.010731695842713163,-0.003312019175609578,0.006622275297714359,-0.002235630246194547,0.002255881976144603,0.003156821704974025,0.002324660616292755,19.181950665421784,19.181950665421784,19.181950665421784,18.389447090026863,20.703090964634796,18.567197818182432,0.0,0.0,-250.0,-5.546411741338932,-3.7314717932455936,-250.0378548920606,0.0,0.0,-250.00000223057026,28.62939863159728,-41.55871021685901,21.114857299308614,-0.2357511792522444,-0.24854468411837924,-0.2666849928908232
4.37,0.013802033736779351,-0.026489395690213302,0.010709400763763255,-0.0033036455207684488,0.0066056921506207535,-0.002224238481383488,0.002256289218645487,0.0031568218607237455,0.0023255485666860112,19.181950665421784,19.181950665421784,19.181950665421784,18.39134162045938,20.699302857006078,18.568474569630478,0.0,0.0,-250.0,-5.533213455671508,-3.722017108967182,-250.03759045225354,0.0,0.0,-250.00000223057026,28.55511317532235,-41.45556549621874,21.06303653493253,-0.2357862193498165,-0.24854963221468646,-0.2666548869534652
4.38,0.013769043488135513,-0.026423429903016493,0.010687228078512412,-0.003295241101198213,0.006589124491887582,-0.0022113892473614436,0.0022566969835869153,0.003156822016338643,0.002326440437241228,19.181950665421784,19.181950665421784,19.181950665421784,18.39323134081466,20.69552424497964,18.569744228125746,0.0,0.0,-250.0,-5.520058434849205,-3.7125805471804387,-250.0373204073862,0.0,0.0,-250.00000223057026,28.481013543527425,-41.35269108505928,21.011498831366136,-0.23582124702363383,-0.248554793754549,-0.2666217309514858
4.39,0.013736137375354118,-0.026357629710829833,0.01066518927664517,-0.003286821992912194,0.006572571760954988,-0.002197643799151106,0.002257105388678558,0.0031568221718239527,0.002327335769175246,19.181950665421784,19.181950665421784,19.181950665421784,18.395116239773117,20.691755119988745,18.57100616751801,0.0,0.0,-250.0,-5.506948260444306,-3.703161188419255,-250.03704394260328,0.0,0.0,-250.00000223057026,28.407097416812153,-41.25008725503106,20.960254391103998,-0.23585629520286372,-0.24856018401916266,-0.26658551876970216
4.4,0.0137033154791672,-0.02629199495619572,0.010643290293581631,-0.003278399736987789,0.006556035806953773,-0.002183547439477154,0.0022575144546847464,0.0031568223271622835,0.0023282343121831693,19.181950665421784,19.181950665421784,19.181950665421784,18.396996313351917,20.687995472892005,18.57226007877631,0.0,0.0,-250.0,-5.493883699899659,-3.6937585665526056,-250.03676065750977,0.0,0.0,-250.00000223057026,28.333364413050095,-41.147753533282376,20.90930112921987,-0.2358913650781673,-0.2485658048781443,-0.2665464458485305
4.41,0.013670578246584852,-0.026226525450281757,0.010621531853818866,-0.003269709196450034,0.006539520735603441,-0.002169597160766415,0.002257963777063011,0.003156822482315023,0.002329136019814225,19.181950665421784,19.181950665421784,19.181950665421784,18.39887151113113,20.684245292628194,18.57350594850776,0.0,0.0,-250.0,-5.4808647570601705,-3.6843727939033837,-250.0364704676833,0.0,0.0,-250.00000223057026,28.25934543034586,-41.04565556696128,20.858658974238,-0.2359359183890189,-0.24857097073701678,-0.2665042077594209
4.42,0.013637942279711324,-0.02616122097085849,0.010599910078500252,-0.003258103692351096,0.0065230278135160625,-0.0021562216793311164,0.0022584806523267653,0.0031568226372702315,0.0023300410336074863,19.181950665421784,19.181950665421784,19.181950665421784,18.400740730777795,20.68050456643143,18.57474402309198,0.0,0.0,-250.0,-5.4678907477851135,-3.6750074888756217,-250.03617226271098,0.0,0.0,-250.00000223057026,28.184828282118392,-40.94377650345424,20.808321454796815,-0.23598939681636516,-0.24857564496527057,-0.2664592711867209
4.43,0.013605439037914668,-0.026096081307616648,0.010578417246327132,-0.003243546525174188,0.0065065556839314365,-0.0021437651276099757,0.0022590051201701955,0.0031568227920406155,0.002330949659556751,19.181950665421784,19.181950665421784,19.181950665421784,18.40260217914924,20.67677328230464,18.575974764082787,0.0,0.0,-250.0,-5.454960426947108,-3.6656686424240483,-250.03586431805527,0.0,0.0,-250.00000223057026,28.11060633360335,-40.8421700218404,20.758205994341214,-0.2360404693660747,-0.24858059788931927,-0.2664129835322566
4.44,0.013573096714088462,-0.026031106234789103,0.010557042752563861,-0.003226246387759469,0.006490108220048683,-0.002132469196305793,0.0022595446237574255,0.0031568229465897433,0.002331862334275224,19.181950665421784,19.181950665421784,19.181950665421784,18.404454252908515,20.673051427065825,18.577198792335764,0.0,0.0,-250.0,-5.4420721412669435,-3.6563619203850366,-250.03554535679723,0.0,0.0,-250.00000223057026,28.036643319074432,-40.740830882170265,20.708283840901373,-0.23608905887141757,-0.24858580286861293,-0.2663659478076508
4.45,0.013540938886886511,-0.0259662954639564,0.010535774152543753,-0.003207003895318643,0.0064736938188939665,-0.002122470527094314,0.0022600827019085947,0.0031568231008386478,0.0023327795858622932,19.181950665421784,19.181950665421784,19.181950665421784,18.406295650132346,20.66933898367835,18.57841682810495,0.0,0.0,-250.0,-5.429223977636248,-3.6470922385249938,-250.035214613652,0.0,0.0,-250.00000223057026,27.963162999863368,-40.63977194602326,20.658506973332084,-0.23613200795882344,-0.2485914572168059,-0.26631898135513515
4.46,0.0135089796257713,-0.02590164859440569,0.010514598204066083,-0.0031867861210041,0.006457325845214164,-0.0021138034157508288,0.0022606191507208197,0.0031568232546616646,0.002333701992519651,19.181950665421784,19.181950665421784,19.181950665421784,18.408125619849375,20.665635928394185,18.579629631519044,0.0,0.0,-250.0,-5.416413912255541,-3.637862928859573,-250.03487207694806,0.0,0.0,-250.00000223057026,27.890169114151995,-40.53899040354412,20.60884368120329,-0.23616953876916666,-0.24859751927185647,-0.26627262164740817
4.47,0.013477223667207938,-0.02583716507306033,0.010493501837586128,-0.003166491026497132,0.0064410207463294275,-0.0021064104190212625,0.0022611539193268136,0.003156823407904131,0.0023346301421197837,19.181950665421784,19.181950665421784,19.181950665421784,18.40994394157923,20.661942228571093,18.580837947635935,0.0,0.0,-250.0,-5.403639945306986,-3.6286757143881427,-250.0345183891616,0.0,0.0,-250.00000223057026,27.81764671287532,-40.43848209354113,20.55926652171569,-0.23620216623110052,-0.24860392387309818,-0.2662273066310236
4.48,0.013445667364759994,-0.025772844175412646,0.010472472991912174,-0.0031469022473331713,0.006424795918779922,-0.002100157787907345,0.0022616870953252313,0.0031568235604024003,0.0023355645955340293,19.181950665421784,19.181950665421784,19.181950665421784,18.41175086837702,20.65825784170221,18.582042459466734,0.0,0.0,-250.0,-5.390900217805381,-3.619530805861923,-250.03415471205105,0.0,0.0,-250.00000223057026,27.745565503778376,-40.33824185349797,20.50975356347785,-0.23623062857080415,-0.2486105888888592,-0.266183358523151
4.49,0.013414300020863745,-0.025708685007282184,0.010451501277416342,-0.0031286567989129736,0.006408667692951425,-0.002094853959229999,0.0022622188838012655,0.0031568237120028105,0.002336505855698674,19.181950665421784,19.181950665421784,19.181950665421784,18.41354704875364,20.65458271563103,18.583243751048524,0.0,0.0,-250.0,-5.378193105483877,-3.610427078099307,-250.03378257884964,0.0,0.0,-250.00000223057026,27.67388368089342,-40.23826389681089,20.460289121306033,-0.23625581319222588,-0.24861742217730085,-0.2661409771086643
4.5,0.013383105468995293,-0.02564468652534424,0.010430578444995953,-0.003112225942160332,0.006392649589685855,-0.0020902695099152824,0.002262749582011625,0.0031568238625780997,0.0023374543438036514,19.181950665421784,19.181950665421784,19.181950665421784,18.415333435002175,20.650916789825544,18.58444228172169,0.0,0.0,-250.0,-5.365517286544002,-3.601362305067423,-250.03340374456036,0.0,0.0,-250.00000223057026,27.602551943847743,-40.13854219036547,20.410863996418527,-0.2362786833454771,-0.24862432845730872,-0.2661002417848378
4.51,0.013352063777271495,-0.02558084757304424,0.010409698654484656,-0.0030979086155848495,0.006376750963062611,-0.002086157083239383,0.0022632795518036037,0.003156824012040099,0.0023384103833722332,19.181950665421784,19.181950665421784,19.181950665421784,18.417111185281012,20.647259997511277,18.585638371888294,0.0,0.0,-250.0,-5.352871782153256,-3.5923334320456526,-250.03302004395064,0.0,0.0,-250.00000223057026,27.531517439324855,-40.03907080867517,20.36147526661004,-0.23630020990242903,-0.2486312156576364,-0.26606112115178676
4.52,0.013321152954328508,-0.02551716692761047,0.01038885855013677,-0.0030858361609120313,0.006360976100484145,-0.002082269985034831,0.002263809191709835,0.0031568241603482806,0.0023393741924044647,19.181950665421784,19.181950665421784,19.181950665421784,18.418881566204423,20.643612268413708,18.586832199741444,0.0,0.0,-250.0,-5.340255970449228,-3.583336863707022,-250.03263326500115,0.0,0.0,-250.00000223057026,27.460727397133727,-39.939844245022876,20.31212569464831,-0.23632131167884163,-0.2486380003967727,-0.26602348860689623
4.53,0.0132903505540099,-0.025453643353400612,0.010368057162498168,-0.0030759865570751986,0.006345323808340821,-0.0020783783978545523,0.0022643389104314814,0.003156824307513655,0.002340345883216672,19.181950665421784,19.181950665421784,19.181950665421784,18.42064586176429,20.639973531835786,18.588023807800347,0.0,0.0,-250.0,-5.327669576406885,-3.5743687486793574,-250.03224504349652,0.0,0.0,-250.00000223057026,27.390132281835264,-39.8408576649891,20.262822839541723,-0.23634280677243996,-0.24864461234210833,-0.26598714220209035
4.54,0.013259635095243916,-0.025390275656760664,0.010347295664934975,-0.003068206040769442,0.006329787471823613,-0.0020742824484040814,0.0022648691031200915,0.003156824453598185,0.0023413254691531903,19.181950665421784,19.181950665421784,19.181950665421784,18.42240529325108,20.636343719795075,18.589213117589093,0.0,0.0,-250.0,-5.3151126411777145,-3.5654252438263963,-250.03185678231867,0.0,0.0,-250.00000223057026,27.319688333724862,-39.74210709301245,20.21357796426495,-0.23636537639651947,-0.24865099729736356,-0.265951826960064
4.55,0.013228987235751721,-0.02532706273787788,0.010326577019085792,-0.0030622358278317957,0.006314355543267285,-0.002069821664875161,0.0022654001315195664,0.0031568245987102497,0.0023423128769925828,19.181950665421784,19.181950665421784,19.181950665421784,18.42416095355829,20.632722769964467,18.590399950471152,0.0,0.0,-250.0,-5.302585475372941,-3.5565027448343365,-250.0314695969501,0.0,0.0,-250.00000223057026,27.249359426437856,-39.64358952784165,20.164404835362774,-0.23638954174045745,-0.24865711896491066,-0.2659172579064377
4.56,0.013198390661229242,-0.02526400363572373,0.010305905546502958,-0.0030577416453417957,0.006299012386431314,-0.0020648806547998865,0.0022659323086627776,0.003156824742996723,0.0023433079636302565,19.181950665421784,19.181950665421784,19.181950665421784,18.42591375793725,20.629110628197115,18.591584052496245,0.0,0.0,-250.0,-5.290088601238574,-3.5475980734191213,-250.03108428684274,0.0,0.0,-250.00000223057026,27.179118219206142,-39.54530298760017,20.11531850530322,-0.23641565353414415,-0.24866295941914668,-0.265883142240632
4.57,0.013167832673914526,-0.02520109756301825,0.010285286463941556,-0.0030543439185739575,0.0062837393853708646,-0.0020593911025264676,0.0022664658884559473,0.0031568248866325165,0.002344310535494923,19.181950665421784,19.181950665421784,19.181950665421784,18.42766441200175,20.625507250464974,18.592765121120536,0.0,0.0,-250.0,-5.277622688765903,-3.5387086153074465,-250.03070133073507,0.0,0.0,-250.00000223057026,27.1089466271927,-39.44724648941968,20.066334158604107,-0.23644389327089904,-0.24866851840347579,-0.26584919931517653
4.58,0.013137304484736267,-0.02513834392912334,0.010264725417463927,-0.003051646703300704,0.006268516216315071,-0.002053330414076078,0.002267001060149759,0.00315682502980866,0.0023453203691434768,19.181950665421784,19.181950665421784,19.181950665421784,18.42941339663435,20.621912604097044,18.593942831805062,0.0,0.0,-250.0,-5.26518849054367,-3.52983240685177,-250.03032090277523,0.0,0.0,-250.00000223057026,27.03883567132004,-39.34941997202733,20.017466088858264,-0.23647428447946056,-0.24867381162369426,-0.2658151773961606
4.59,0.0131068012305815,-0.025075742349806085,0.010244228046226878,-0.0030492637827083096,0.006253322178970699,-0.0020467175160751843,0.0022675379474056167,0.003156825172719779,0.002346337231566376,19.181950665421784,19.181950665421784,19.181950665421784,18.431160968471847,20.618326668262434,18.59511686275378,0.0,0.0,-250.0,-5.25278677964121,-3.5209681715031715,-250.029942905449,0.0,0.0,-250.00000223057026,26.968784798289615,-39.251824172185664,19.968726857247216,-0.2365067120429277,-0.2486788682529149,-0.2657808665096225
4.6,0.013076321751964437,-0.02501329264382479,0.010223799601021044,-0.0030468407285980472,0.006238137489082194,-0.002039606439137948,0.0022680766114295623,0.003156825315551913,0.0023473608989084483,19.181950665421784,19.181950665421784,19.181950665421784,18.43290717388191,20.61474943370124,18.59628691639149,0.0,0.0,-250.0,-5.240418294083157,-3.512115310233454,-250.0295670148281,0.0,0.0,-250.00000223057026,26.898800781452483,-39.154460467431505,19.920126665300373,-0.23654094734195952,-0.248683727887138,-0.26574610701572154
4.61,0.0130458681761782,-0.0249509948172138,0.010203444635913494,-0.0030440721288570297,0.006222944445713864,-0.002032078383272676,0.002268617057472811,0.0031568254584715726,0.0023483911725484777,19.181950665421784,19.181950665421784,19.181950665421784,18.434651873804462,20.611180901758164,18.59745273657032,0.0,0.0,-250.0,-5.228083690609977,-3.503273852259123,-250.02919273352225,0.0,0.0,-250.00000223057026,26.828896323865315,-39.05733069816727,19.87167295685436,-0.23657667694179668,-0.2486884371968184,-0.2657107938720159
4.62,0.013015445356780342,-0.024888849036927785,0.010183166806202293,-0.0030407135847821654,0.0062077283984163815,-0.0020242235288848902,0.002269159243887786,0.003156825601616603,0.0023494292414153635,19.181950665421784,19.181950665421784,19.181950665421784,18.436394776523954,20.607621082818586,18.59861411889148,0.0,0.0,-250.0,-5.215783514640997,-3.494444370994688,-250.02881944432926,0.0,0.0,-250.00000223057026,26.75908924274556,-38.960436272601285,19.823359311388042,-0.23661351809663123,-0.24869303287245062,-0.26567508438323395
4.63,0.012985060221799072,-0.02482685559658243,0.010162969027519786,-0.003036588522553425,0.006192478370197234,-0.002016110194371427,0.0022697030928896553,0.0031568257450903083,0.0023504747063808834,19.181950665421784,19.181950665421784,19.181950665421784,18.438135475375372,20.604069994311928,18.59977090038312,0.0,0.0,-250.0,-5.2035182221131855,-3.485627853732192,-250.0284464433501,0.0,0.0,-250.00000223057026,26.689399027277354,-38.86377968223615,19.775191641722564,-0.2366510860710949,-0.24869757385588556,-0.2656388417934171
4.64,0.012954721082112208,-0.024765014877146663,0.010142853256750128,-0.0030315898617735266,0.006177187535942766,-0.002007856160912546,0.0022702485021651566,0.0031568258889569717,0.0023515263359194932,19.181950665421784,19.181950665421784,19.181950665421784,18.4398734884382,20.60052765843199,18.60092297580316,0.0,0.0,-250.0,-5.191288132318352,-3.4768256049275554,-250.0280730092974,0.0,0.0,-250.00000223057026,26.619845885217504,-38.767363751222554,19.72717938925225,-0.23668899947507885,-0.24870211810303505,-0.26560196535526037
4.65,0.012924436948708817,-0.02470332730345881,0.010122820244232555,-0.0030256772205502084,0.006161853511908842,-0.0019995794584469367,0.0022707953565059367,0.0031568260332391065,0.002352584100926407,19.181950665421784,19.181950665421784,19.181950665421784,18.441608297472303,20.596994099631385,18.602070308869084,0.0,0.0,-250.0,-5.179093393132538,-3.4680391437677645,-250.02769846505353,0.0,0.0,-250.00000223057026,26.55045043063519,-38.67119043611675,19.67931964518809,-0.23672689212667897,-0.24870670932010464,-0.2655645350973027
4.66,0.012894216897897437,-0.02464179330009758,0.010102869622730326,-0.0030188705765766574,0.006146478260858798,-0.0019913857629238994,0.0022713435387947904,0.003156826177918298,0.0023536480286149193,19.181950665421784,19.181950665421784,19.181950665421784,18.44333938390738,20.59346934210021,18.603212926587148,0.0,0.0,-250.0,-5.166933989493731,-3.4592700850851883,-250.0273222138131,0.0,0.0,-250.00000223057026,26.481231776698287,-38.5752613385901,19.631607353624624,-0.23676444134317848,-0.24871138388527703,-0.2655266633439023
4.67,0.012864069512404375,-0.024580413249661037,0.010083000062368952,-0.0030112429030711143,0.006131067740080964,-0.001983362958054163,0.0022718927215149955,0.0031568263229385827,0.0023547181967357366,19.181950665421784,19.181950665421784,19.181950665421784,18.44506626047759,20.589953407397076,18.604350910073865,0.0,0.0,-250.0,-5.154809761202733,-3.4505200281474724,-250.02694376529675,0.0,0.0,-250.00000223057026,26.4122089445207,-38.47957779000525,19.58403571965063,-0.23680133526577837,-0.24871617286203695,-0.2654884866725065
4.68,0.012834002357455576,-0.0245191874556836,0.01006320946992395,-0.003002916401757145,0.006115631357368399,-0.001975577527370207,0.0022724427757151665,0.003156826468211466,0.002355794725025474,19.181950665421784,19.181950665421784,19.181950665421784,18.446788500903573,20.586446312356532,18.60548438294154,0.0,0.0,-250.0,-5.142720427664269,-3.4417904479963233,-250.02656275664336,0.0,0.0,-250.00000223057026,26.343395275435434,-38.38414045765724,19.536597155666506,-0.2368373924312003,-0.2487210936612753,-0.26545014705260483
4.69,0.012804021667940313,-0.024458116112006156,0.01004349521386183,-0.002994030066581719,0.0061001812325738695,-0.00196807283433854,0.0022729938749466235,0.003156826613622923,0.0023568777647390887,19.181950665421784,19.181950665421784,19.181950665421784,18.4485057559949,20.582948067377608,18.60661349831668,0.0,0.0,-250.0,-5.130665616921672,-3.433082625588092,-250.02617895451704,0.0,0.0,-250.00000223057026,26.274797593337315,-38.28894929862483,19.489283907712668,-0.23687252627283506,-0.24872615231733158,-0.26541178357822987
4.7,0.012774132210219225,-0.024397199280394133,0.010023854309000546,-0.0029847366360426708,0.006084731338888787,-0.001960891038437972,0.002273545976271869,0.003156826759041464,0.002357964049518125,19.181950665421784,19.181950665421784,19.181950665421784,18.45021776146331,20.579458675190327,18.60773843005412,0.0,0.0,-250.0,-5.118644885055867,-3.4243976095412427,-250.0257922524547,0.0,0.0,-250.00000223057026,26.206419928234354,-38.194005750441555,19.442115489913704,-0.23690671275643305,-0.24873138332696956,-0.26537300490089333
4.71,0.012744337191332278,-0.024336436875698142,0.010004282866895031,-0.002975192991870953,0.00606929688754668,-0.0019541431676406633,0.002274099064692378,0.0031568269043238976,0.002359053883480627,19.181950665421784,19.181950665421784,19.181950665421784,18.4519243425378,20.575978130039253,18.608859406909954,0.0,0.0,-250.0,-5.106657626438543,-3.4157362524471915,-250.02540271939284,0.0,0.0,-250.00000223057026,26.138265036096907,-38.0993086330703,19.395078663695458,-0.23693993575724265,-0.24873676294215002,-0.2653342032343065
4.72,0.012714638273937429,-0.0242758286577045,0.009984776645543092,-0.002965550269289383,0.00605389342257692,-0.0019477968200229403,0.002274653153296974,0.0031568270493238645,0.0023601508165719924,19.181950665421784,19.181950665421784,19.181950665421784,18.453625412555034,20.572506417272816,18.609976669548363,0.0,0.0,-250.0,-5.094703182888026,-3.407099149905921,-250.02501054244428,0.0,0.0,-250.00000223057026,26.070334020102607,-38.004854835722526,19.34813757583039,-0.23697221990765271,-0.24874224862652716,-0.2652958969812277
4.73,0.01268503567919571,-0.024215374234540454,0.009965331993116444,-0.002955945784880655,0.006038535671054933,-0.0019417835584908587,0.0022752082818271765,0.003156827193902676,0.0023612550738333175,19.181950665421784,19.181950665421784,19.181950665421784,18.45532096660955,20.569043513601777,18.61109042319427,0.0,0.0,-250.0,-5.082780965689137,-3.3984865887059628,-250.02461595856383,0.0,0.0,-250.00000223057026,26.002623186091807,-37.910642761772465,19.301285900368956,-0.2370036615424341,-0.24874781904540955,-0.2652581667823491
4.74,0.012655528542719341,-0.024155073075246503,0.009945946015247509,-0.0029464367156133544,0.006023236744993149,-0.001936022732707779,0.002275769343949112,0.0031568273379367854,0.002362366842703912,19.181950665421784,19.181950665421784,19.181950665421784,18.457011056423823,20.565589387865383,18.612200829014814,0.0,0.0,-250.0,-5.070890479322946,-3.389898609594941,-250.02421921209623,0.0,0.0,-250.00000223057026,25.935075400454757,-37.816667040359334,19.254523116557237,-0.2370353245277812,-0.24875338338229525,-0.2652209855916719
4.75,0.012626116226071016,-0.024094924531195938,0.009926616657021436,-0.0029369898691928263,0.006008007199878558,-0.0019304287567665805,0.0022763333662241445,0.0031568274813267095,0.002363486266653592,19.181950665421784,19.181950665421784,19.181950665421784,18.45869571744065,20.562144002311097,18.613307999836724,0.0,0.0,-250.0,-5.059031334693193,-3.3813352190888706,-250.02382045706722,0.0,0.0,-250.00000223057026,25.867723515468086,-37.722928663126105,19.207844573707252,-0.23706645604464405,-0.24875897807397437,-0.265184413551979
4.76,0.012596797576923002,-0.024034927862637057,0.009907342717688672,-0.0029277021651125342,0.005992855026142185,-0.0019249171449172142,0.0022768987812987937,0.0031568276239970876,0.0023646134423879603,19.181950665421784,19.181950665421784,19.181950665421784,18.460375021332407,20.558707314110404,18.6144119996401,0.0,0.0,-250.0,-5.047203255230434,-3.3727962352355285,-250.023419825789,0.0,0.0,-250.00000223057026,25.800579621539885,-37.62942722338112,19.161249031833385,-0.2370969649404417,-0.24876459742248788,-0.26514843475057864
4.77,0.012567570554598673,-0.023975082263575254,0.009888123810946448,-0.0029186516351589562,0.005977785705303828,-0.0019194096816982956,0.0022774656773555235,0.0031568277658961686,0.002365748420143702,19.181950665421784,19.181950665421784,19.181950665421784,18.462049089352387,20.555279276783978,18.615512846127853,0.0,0.0,-250.0,-5.035406074254303,-3.3642812540144926,-250.02301745093308,0.0,0.0,-250.00000223057026,25.733636194341372,-37.53616101767145,19.114738351787246,-0.2371269940846483,-0.24877022099152965,-0.26511298930786253
4.78,0.012538432474273942,-0.0239153868875151,0.009868960277244543,-0.002909891422492712,0.0059628021128786774,-0.0019138387903433478,0.002278034156025871,0.0031568279069967113,0.002366891206906918,19.181950665421784,19.181950665421784,19.181950665421784,18.46371807823031,20.55185984168135,18.616610515993816,0.0,0.0,-250.0,-5.023639725131049,-3.3557897013225357,-250.0226134558226,0.0,0.0,-250.00000223057026,25.66688492832063,-37.44312838678042,19.068315869552226,-0.2371566919527397,-0.24877582984775942,-0.2650779958144328
4.79,0.012509380257393288,-0.023855840873369283,0.00984985305910624,-0.002901449750347062,0.005947904566832018,-0.001908150666482987,0.002278604327863938,0.003156828047295601,0.0023680417720603284,19.181950665421784,19.181950665421784,19.181950665421784,18.465382165832093,20.54844895946184,18.61770495223857,0.0,0.0,-250.0,-5.011904226178065,-3.347320888736102,-250.02220794704365,0.0,0.0,-250.00000223057026,25.600317315930265,-37.35032776561668,19.021985980729305,-0.2371862028797944,-0.2487814073827973,-0.2650433592719013
4.8,0.01248041067382294,-0.023796443370143916,0.009830803552198952,-0.0028933314112059745,0.0059330910079514266,-0.001902307122714414,0.002279176307862672,0.003156828186812056,0.002369200054834857,19.181950665421784,19.181950665421784,19.181950665421784,18.467041537378673,20.545046581497868,18.618796072800766,0.0,0.0,-250.0,-5.000199661998064,-3.338874069473588,-250.0218010093711,0.0,0.0,-250.00000223057026,25.533925165167823,-37.25775772265135,18.975753706967534,-0.23721565881196788,-0.24878693992013828,-0.2650089789435386
4.81,0.012451520561437834,-0.023737193559846825,0.00981181450482349,-0.0028855207484294954,0.00591835701756156,-0.0018959602254807794,0.0022797502112931476,0.0031568283255875634,0.00237039975532161,19.181950665421784,19.181950665421784,19.181950665421784,18.46869637304787,20.541652661192924,18.619883695697702,0.0,0.0,-250.0,-4.988526378815337,-3.3304483648937833,-250.02139259591777,0.0,0.0,-250.00000223057026,25.467718653243193,-37.165400397512144,18.929369023955832,-0.2372448476070802,-0.24879211084229907,-0.26497937438303015
4.82,0.012422707002910816,-0.02367809068926463,0.009792894680711539,-0.0028779867055579666,0.005903694308271253,-0.0018885864173737107,0.002280326150294067,0.0031568284637000527,0.0023716145089675367,19.181950665421784,19.181950665421784,19.181950665421784,18.470346838131565,20.538267155885936,18.620967293939135,0.0,0.0,-250.0,-4.976885618159831,-3.322042428979752,-250.02098220524175,0.0,0.0,-250.00000223057026,25.40167492864859,-37.07327012310017,18.88307386577444,-0.23727419590393983,-0.2487972288050629,-0.264949469222219
4.83,0.012393967466753253,-0.023619134100911376,0.009774053379950076,-0.0028706847440390457,0.005889092761751786,-0.001880374645255632,0.0022809042309785586,0.0031568286012447055,0.002372836038247391,19.181950665421784,19.181950665421784,19.181950665421784,18.47199307505182,20.534890028487663,18.622046346344828,0.0,0.0,-250.0,-4.96527862103109,-3.313655000749184,-250.02056932041577,0.0,0.0,-250.00000223057026,25.335783696044416,-36.98137086710206,18.836946515082975,-0.23730382701408173,-0.24880234592973646,-0.2649184182037122
4.84,0.012365299926049733,-0.023560323239257053,0.009755297755821235,-0.0028635602796335535,0.0058745422251061975,-0.0018715512255975248,0.0022814845509121218,0.003156828738317078,0.0023740638662295864,19.181950665421784,19.181950665421784,19.181950665421784,18.47363519677239,20.531521247748344,18.62312045615117,0.0,0.0,-250.0,-4.9537063241836625,-3.305285102115294,-250.02015355210276,0.0,0.0,-250.00000223057026,25.270040710367482,-36.88970250323078,18.790998227223643,-0.23733378833223548,-0.24880747261512617,-0.2648860965324653
4.85,0.012336702932720933,-0.023501657647407692,0.009736632612009966,-0.0028565534321386117,0.0058600331597232925,-0.0018623554205258928,0.0022820671974234947,0.0031568288750069527,0.0023752976535178555,19.181950665421784,19.181950665421784,19.181950665421784,18.475273282815465,20.52816078803111,18.624189361853077,0.0,0.0,-250.0,-4.942169331624891,-3.296932065620187,-250.0197346469725,0.0,0.0,-250.00000223057026,25.204443586524423,-36.79826475656619,18.745234199675416,-0.23736409438600825,-0.24881261654044318,-0.2648524852266172
4.86,0.012308175645335095,-0.023443136957993438,0.009718060371038617,-0.0028496035415834686,0.00584555715966658,-0.0018530219514176587,0.002282652246789176,0.0031568290113934425,0.0023765372065109314,19.181950665421784,19.181950665421784,19.181950665421784,18.47690737792477,20.524808628761043,18.625252938022808,0.0,0.0,-250.0,-4.930667911016793,-3.2885955387904966,-250.0193124863629,0.0,0.0,-250.00000223057026,25.138991698204524,-36.707057199385105,18.6996539753062,-0.23739472992717595,-0.24881778245418806,-0.2648176590029514
4.87,0.012279717814291713,-0.023384760879679056,0.009699581204437258,-0.002842653188507502,0.00583110732228823,-0.0018437660228085532,0.002283239764245997,0.003156829147541545,0.0023777824750658115,19.181950665421784,19.181950665421784,19.181950665421784,18.478537493141236,20.521464753631914,18.626311187010497,0.0,0.0,-250.0,-4.919202012876226,-3.2802754672903034,-250.0188870761355,0.0,0.0,-250.00000223057026,25.073685974870955,-36.616079258489215,18.654252168854132,-0.23742565458113588,-0.24882297219868715,-0.26478176949252197
4.88,0.012251329730497251,-0.02332652918080058,0.009681193295590584,-0.0028356515176591063,0.005816678467633853,-0.0018347715316813335,0.0022838298047387568,0.0031568292835000254,0.0023790335408658456,19.181950665421784,19.181950665421784,19.181950665421784,18.480163608929665,20.518129149656907,18.62736422322828,0.0,0.0,-250.0,-4.907771308429059,-3.271972060628841,-250.01845852953295,0.0,0.0,-250.00000223057026,25.008528622558945,-36.525330232138664,18.609019428511576,-0.2374568085620701,-0.2488281849389433,-0.2647450254743804
4.89,0.012223012145275991,-0.023268441671611517,0.009662893201071387,-0.002828556733941084,0.0058022672135848935,-0.0018261828428892857,0.0022844224142736886,0.0031568294193007173,0.0023802905982750876,19.181950665421784,19.181950665421784,19.181950665421784,18.481785679905485,20.514801806147887,18.628412251997204,0.0,0.0,-250.0,-4.896375241257975,-3.2636857448571415,-250.01802704508324,0.0,0.0,-250.00000223057026,24.943522795930036,-36.43480931425442,18.563943539835137,-0.2374881189521823,-0.24883341755409003,-0.2647076718038295
4.9,0.012194766170191107,-0.02321049818650156,0.009644676274040531,-0.0028213377090169586,0.005787871922201529,-0.0018181002283608298,0.002285017631724246,0.0031568295549590283,0.0023815539297696543,19.181950665421784,19.181950665421784,19.181950665421784,18.483403640661503,20.51148271370035,18.629455545047566,0.0,0.0,-250.0,-4.885013087574658,-3.255417106990926,-250.01759288166198,0.0,0.0,-250.00000223057026,24.87867224886503,-36.34451562332261,18.519010581248207,-0.23751950606759226,-0.24883866514354666,-0.26466996859094
4.91,0.012166593165698514,-0.023152698567360075,0.009626537113742062,-0.0028139747021373278,0.005773492539070459,-0.0018105788130853614,0.0022856154909240106,0.003156829690475439,0.002382823878173462,19.181950665421784,19.181950665421784,19.181950665421784,18.48501741218392,20.50817186324997,18.63049441472349,0.0,0.0,-250.0,-4.87368402002089,-3.247166835850679,-250.01715633275015,0.0,0.0,-250.00000223057026,24.813980988938336,-36.25444823340718,18.47420604816737,-0.23755088948617525,-0.24884392159782878,-0.2646321719767312
4.92,0.012138494627202623,-0.023095042649015518,0.009608470007905434,-0.0028064592557761592,0.00575913035150361,-0.0018036306580553182,0.002286216022881509,0.0031568298258377965,0.0023841008178970857,19.181950665421784,19.181950665421784,19.181950665421784,18.486626908370475,20.50486924525256,18.63152918877088,0.0,0.0,-250.0,-4.862387170304351,-3.2389356636621365,-250.01671770171518,0.0,0.0,-250.00000223057026,24.749452957780168,-36.16460620483693,18.42951587510431,-0.23758219338620756,-0.2488491801856351,-0.26459451758234187
4.93,0.0121104720762098,-0.0230375302474094,0.009590469339499252,-0.0027987933728483836,0.0057447876932142485,-0.0017972294482926467,0.002286819257961961,0.0031568299610240736,0.0023853851272052085,19.181950665421784,19.181950665421784,19.181950665421784,18.488232042216016,20.501574849023648,18.632560187313768,0.0,0.0,-250.0,-4.8511216866388525,-3.2307243121680367,-250.01627727964498,0.0,0.0,-250.00000223057026,24.685091754959867,-36.0749886124388,18.38492730057452,-0.23761335093245387,-0.24885443411355607,-0.26455720739669586
4.94,0.01208252696301615,-0.02298016115089002,0.00957252993523261,-0.0027909881159650213,0.005730467622795036,-0.0017913171473007518,0.0022874252279001792,0.0031568300960054026,0.002386677163248191,19.181950665421784,19.181950665421784,19.181950665421784,18.489832731305025,20.498288662258105,18.633587703277023,0.0,0.0,-250.0,-4.839886782808677,-3.2225334462396265,-250.01583532689781,0.0,0.0,-250.00000223057026,24.620900418047334,-35.98559456961242,18.340429536881178,-0.23764430754027518,-0.2488596770220467,-0.26452040054565595
4.95,0.012054660585833488,-0.02292293511474619,0.009554647339914568,-0.0027830617896637063,0.005716173601250363,-0.0017858119281023651,0.002288033967534183,0.0031568302307491284,0.0023879772412183416,19.181950665421784,19.181950665421784,19.181950665421784,18.491428902339358,20.49501067073539,18.634611987126252,0.0,0.0,-250.0,-4.828681776630474,-3.2143636371075854,-250.01539205913463,0.0,0.0,-250.00000223057026,24.556881266301655,-35.89642324702937,18.29601422448971,-0.2376750229421746,-0.24886490339022022,-0.26448420807329376
4.96,0.012026874029598733,-0.022865851858866915,0.009536818007716219,-0.0027750378741129575,0.005701909190358252,-0.00178061669195735,0.0022886455161790237,0.0031568303652216136,0.0023892856185672284,19.181950665421784,19.181950665421784,19.181950665421784,18.493020494524895,20.491740858202544,18.63563323639866,0.0,0.0,-250.0,-4.817506116573463,-3.2062153364343478,-250.0149476382,0.0,0.0,-250.00000223057026,24.4930358103867,-35.807473885258204,18.25167566753121,-0.23770547206837464,-0.24887010883170646,-0.2644486915831687
4.97,0.011999168509989055,-0.022808911068475046,0.00951903940777854,-0.0027668307208982114,0.005687677689818907,-0.001775627637292062,0.002289268331805836,0.003156830499391721,0.0023906024848086302,19.181950665421784,19.181950665421784,19.181950665421784,18.49460743180255,20.488479206439052,18.636651590143423,0.0,0.0,-250.0,-4.806359395804015,-3.1980889504938914,-250.01450212950806,0.0,0.0,-250.00000223057026,24.429281898104627,-35.71873998537647,18.20741658510438,-0.23773713423805862,-0.24887518344716825,-0.2644137602355582
4.98,0.01197154678759127,-0.022752112400805602,0.009501310044099542,-0.0027583218236366556,0.0056734814520663646,-0.0017707426790312675,0.0022898953230435304,0.0031568306332372,0.002391927957292027,19.181950665421784,19.181950665421784,19.181950665421784,18.496189550933146,20.48522569567578,18.63766712825766,0.0,0.0,-250.0,-4.795241353958269,-3.1899850532645995,-250.01405540947437,0.0,0.0,-250.00000223057026,24.365702279113325,-35.630226770273566,18.16323074123317,-0.23776831501142293,-0.24888024219992114,-0.2643795014080676
4.99,0.011944011412854783,-0.02269545549231483,0.009483629402536331,-0.002749597273357529,0.005659322444477972,-0.0017658676051948406,0.002290525124787539,0.003156830766739444,0.0023932620822110966,19.181950665421784,19.181950665421784,19.181950665421784,18.497766710855174,20.481980304971206,18.63867987486316,0.0,0.0,-250.0,-4.7841518710831314,-3.181904067510876,-250.01360731056945,0.0,0.0,-250.00000223057026,24.30231352700585,-35.541934941666966,18.119118635203268,-0.23779888502209912,-0.24888529648978425,-0.26434586441974295
