e_deg,edot_deg,mu
-20.0,-20.0,0.002588012310340098
-20.0,-19.49367088607595,0.002588010638085919
-20.0,-18.9873417721519,0.002588008941275617
-20.0,-18.481012658227847,0.0025880072200299463
-20.0,-17.974683544303797,0.002588005474471272
-20.0,-17.468354430379748,0.0025880037047235514
-20.0,-16.962025316455694,0.002588001910912323
-20.0,-16.455696202531644,0.0025880000931646895
-20.0,-15.949367088607595,0.002587998251609304
-20.0,-15.443037974683545,0.0025879963863763527
-20.0,-14.936708860759493,0.002587994497597543
-20.0,-14.430379746835442,0.002587992585406085
-20.0,-13.924050632911392,0.0025879906499366775
-20.0,-13.417721518987342,0.0025879886913254928
-20.0,-12.91139240506329,0.0025879867097101565
-20.0,-12.40506329113924,0.002587984705229738
-20.0,-11.89873417721519,0.0025879826780247296
-20.0,-11.39240506329114,0.0025879806282370307
-20.0,-10.886075949367088,0.002587978556009933
-20.0,-10.379746835443036,0.002587976461488103
-20.0,-9.873417721518987,0.0025879743448175624
-20.0,-9.367088607594937,0.0025879722061456787
-20.0,-8.860759493670885,0.0025879700456211373
-20.0,-8.354430379746834,0.0025879678633939354
-20.0,-7.848101265822784,0.002587965659615356
-20.0,-7.341772151898734,0.0025879634344379556
-20.0,-6.835443037974683,0.0025879611880155447
-20.0,-6.329113924050631,0.002587958920503169
-20.0,-5.822784810126581,0.002587956632057096
-20.0,-5.3164556962025316,0.0025879543228347914
-20.0,-4.81012658227848,0.002587951992994905
-20.0,-4.3037974683544284,0.0025879496426972504
-20.0,-3.7974683544303787,0.0025879472721027884
-20.0,-3.291139240506329,0.002587944881373609
-20.0,-2.784810126582279,0.0025879424706729106
-20.0,-2.278481012658226,0.0025879400401649833
-20.0,-1.772151898734176,0.002587937590015189
-20.0,-1.2658227848101262,0.0025879351203899454
-20.0,-0.7594936708860729,0.0025879326314567045
-20.0,-0.2531645569620231,0.0025879301233839346
-20.0,0.25316455696202667,0.002587927596341101
-20.0,0.7594936708860764,0.0025879250504986487
-20.0,1.2658227848101262,0.00258792248602798
-20.0,1.7721518987341796,0.0025879199031014393
-20.0,2.2784810126582293,0.002587917301892291
-20.0,2.784810126582279,0.0025879146825747014
-20.0,3.2911392405063324,0.0025879120453237187
-20.0,3.797468354430382,0.0025879093903152543
-20.0,4.303797468354432,0.0025879067177260635
-20.0,4.810126582278482,0.002587904027733725
-20.0,5.3164556962025316,0.002587901320516621
-20.0,5.822784810126585,0.002587898596253919
-20.0,6.329113924050635,0.0025878958551255526
-20.0,6.835443037974684,0.0025878930973122004
-20.0,7.341772151898738,0.0025878903229952658
-20.0,7.8481012658227876,0.002587887532356857
-20.0,8.354430379746837,0.0025878847255797715
-20.0,8.860759493670887,0.0025878819028474706
-20.0,9.367088607594937,0.0025878790643440626
-20.0,9.87341772151899,0.002587876210254282
-20.0,10.37974683544304,0.0025878733407634705
-20.0,10.88607594936709,0.0025878704560575567
-20.0,11.392405063291143,0.0025878675563230347
-20.0,11.898734177215193,0.002587864641746947
-20.0,12.405063291139243,0.002587861712516861
-20.0,12.911392405063296,0.002587858768820854
-20.0,13.417721518987342,0.0025878558108474873
-20.0,13.924050632911396,0.0025878528387857907
-20.0,14.430379746835442,0.0025878498528252416
-20.0,14.936708860759495,0.0025878468531557427
-20.0,15.443037974683548,0.0025878438399676057
-20.0,15.949367088607595,0.0025878408134515293
-20.0,16.455696202531648,0.002587837773798579
-20.0,16.9620253164557,0.002587834721200169
-20.0,17.468354430379748,0.0025878316558480396
-20.0,17.9746835443038,0.002587828577934239
-20.0,18.481012658227854,0.0025878254876511063
-20.0,18.9873417721519,0.0025878223851912453
-20.0,19.493670886075954,0.0025878192707475102
-20.0,20.0,0.0025878161445129838
-19.49367088607595,-20.0,0.002588012310340098
-19.49367088607595,-19.49367088607595,0.002588010638085919
-19.49367088607595,-18.9873417721519,0.002588008941275617
-19.49367088607595,-18.481012658227847,0.0025880072200299463
-19.49367088607595,-17.974683544303797,0.002588005474471272
-19.49367088607595,-17.468354430379748,0.0025880037047235514
-19.49367088607595,-16.962025316455694,0.002588001910912323
-19.49367088607595,-16.455696202531644,0.0025880000931646895
-19.49367088607595,-15.949367088607595,0.002587998251609304
-19.49367088607595,-15.443037974683545,0.0025879963863763527
-19.49367088607595,-14.936708860759493,0.002587994497597543
-19.49367088607595,-14.430379746835442,0.002587992585406085
-19.49367088607595,-13.924050632911392,0.0025879906499366775
-19.49367088607595,-13.417721518987342,0.0025879886913254928
-19.49367088607595,-12.91139240506329,0.0025879867097101565
-19.49367088607595,-12.40506329113924,0.002587984705229738
-19.49367088607595,-11.89873417721519,0.0025879826780247296
-19.49367088607595,-11.39240506329114,0.0025879806282370307
-19.49367088607595,-10.886075949367088,0.002587978556009933
-19.49367088607595,-10.379746835443036,0.002587976461488103
-19.49367088607595,-9.873417721518987,0.0025879743448175624
-19.49367088607595,-9.367088607594937,0.0025879722061456787
-19.49367088607595,-8.860759493670885,0.0025879700456211373
-19.49367088607595,-8.354430379746834,0.0025879678633939354
-19.49367088607595,-7.848101265822784,0.002587965659615356
-19.49367088607595,-7.341772151898734,0.0025879634344379556
-19.49367088607595,-6.835443037974683,0.0025879611880155447
-19.49367088607595,-6.329113924050631,0.002587958920503169
-19.49367088607595,-5.822784810126581,0.002587956632057096
-19.49367088607595,-5.3164556962025316,0.0025879543228347914
-19.49367088607595,-4.81012658227848,0.002587951992994905
-19.49367088607595,-4.3037974683544284,0.0025879496426972504
-19.49367088607595,-3.7974683544303787,0.0025879472721027884
-19.49367088607595,-3.291139240506329,0.002587944881373609
-19.49367088607595,-2.784810126582279,0.0025879424706729106
-19.49367088607595,-2.278481012658226,0.0025879400401649833
-19.49367088607595,-1.772151898734176,0.002587937590015189
-19.49367088607595,-1.2658227848101262,0.0025879351203899454
-19.49367088607595,-0.7594936708860729,0.0025879326314567045
-19.49367088607595,-0.2531645569620231,0.0025879301233839346
-19.49367088607595,0.25316455696202667,0.002587927596341101
-19.49367088607595,0.7594936708860764,0.0025879250504986487
-19.49367088607595,1.2658227848101262,0.00258792248602798
-19.49367088607595,1.7721518987341796,0.0025879199031014393
-19.49367088607595,2.2784810126582293,0.002587917301892291
-19.49367088607595,2.784810126582279,0.0025879146825747014
-19.49367088607595,3.2911392405063324,0.0025879120453237187
-19.49367088607595,3.797468354430382,0.0025879093903152543
-19.49367088607595,4.303797468354432,0.0025879067177260635
-19.49367088607595,4.810126582278482,0.002587904027733725
-19.49367088607595,5.3164556962025316,0.002587901320516621
-19.49367088607595,5.822784810126585,0.002587898596253919
-19.49367088607595,6.329113924050635,0.0025878958551255526
-19.49367088607595,6.835443037974684,0.0025878930973122004
-19.49367088607595,7.341772151898738,0.0025878903229952658
-19.49367088607595,7.8481012658227876,0.002587887532356857
-19.49367088607595,8.354430379746837,0.0025878847255797715
-19.49367088607595,8.860759493670887,0.0025878819028474706
-19.49367088607595,9.367088607594937,0.0025878790643440626
-19.49367088607595,9.87341772151899,0.002587876210254282
-19.49367088607595,10.37974683544304,0.0025878733407634705
-19.49367088607595,10.88607594936709,0.0025878704560575567
-19.49367088607595,11.392405063291143,0.0025878675563230347
-19.49367088607595,11.898734177215193,0.002587864641746947
-19.49367088607595,12.405063291139243,0.002587861712516861
-19.49367088607595,12.911392405063296,0.002587858768820854
-19.49367088607595,13.417721518987342,0.0025878558108474873
-19.49367088607595,13.924050632911396,0.0025878528387857907
-19.49367088607595,14.430379746835442,0.0025878498528252416
-19.49367088607595,14.936708860759495,0.0025878468531557427
-19.49367088607595,15.443037974683548,0.0025878438399676057
-19.49367088607595,15.949367088607595,0.0025878408134515293
-19.49367088607595,16.455696202531648,0.002587837773798579
-19.49367088607595,16.9620253164557,0.002587834721200169
-19.49367088607595,17.468354430379748,0.0025878316558480396
-19.49367088607595,17.9746835443038,0.002587828577934239
-19.49367088607595,18.481012658227854,0.0025878254876511063
-19.49367088607595,18.9873417721519,0.0025878223851912453
-19.49367088607595,19.493670886075954,0.0025878192707475102
-19.49367088607595,20.0,0.0025878161445129838
-18.9873417721519,-20.0,0.002588012310340098
-18.9873417721519,-19.49367088607595,0.002588010638085919
-18.9873417721519,-18.9873417721519,0.002588008941275617
-18.9873417721519,-18.481012658227847,0.0025880072200299463
-18.9873417721519,-17.974683544303797,0.002588005474471272
-18.9873417721519,-17.468354430379748,0.0025880037047235514
-18.9873417721519,-16.962025316455694,0.002588001910912323
-18.9873417721519,-16.455696202531644,0.0025880000931646895
-18.9873417721519,-15.949367088607595,0.002587998251609304
-18.9873417721519,-15.443037974683545,0.0025879963863763527
-18.9873417721519,-14.936708860759493,0.002587994497597543
-18.9873417721519,-14.430379746835442,0.002587992585406085
-18.9873417721519,-13.924050632911392,0.0025879906499366775
-18.9873417721519,-13.417721518987342,0.0025879886913254928
-18.9873417721519,-12.91139240506329,0.0025879867097101565
-18.9873417721519,-12.40506329113924,0.002587984705229738
-18.9873417721519,-11.89873417721519,0.0025879826780247296
-18.9873417721519,-11.39240506329114,0.0025879806282370307
-18.9873417721519,-10.886075949367088,0.002587978556009933
-18.9873417721519,-10.379746835443036,0.002587976461488103
-18.9873417721519,-9.873417721518987,0.0025879743448175624
-18.9873417721519,-9.367088607594937,0.0025879722061456787
-18.9873417721519,-8.860759493670885,0.0025879700456211373
-18.9873417721519,-8.354430379746834,0.0025879678633939354
-18.9873417721519,-7.848101265822784,0.002587965659615356
-18.9873417721519,-7.341772151898734,0.0025879634344379556
-18.9873417721519,-6.835443037974683,0.0025879611880155447
-18.9873417721519,-6.329113924050631,0.002587958920503169
-18.9873417721519,-5.822784810126581,0.002587956632057096
-18.9873417721519,-5.3164556962025316,0.0025879543228347914
-18.9873417721519,-4.81012658227848,0.002587951992994905
-18.9873417721519,-4.3037974683544284,0.0025879496426972504
-18.9873417721519,-3.7974683544303787,0.0025879472721027884
-18.9873417721519,-3.291139240506329,0.002587944881373609
-18.9873417721519,-2.784810126582279,0.0025879424706729106
-18.9873417721519,-2.278481012658226,0.0025879400401649833
-18.9873417721519,-1.772151898734176,0.002587937590015189
-18.9873417721519,-1.2658227848101262,0.0025879351203899454
-18.9873417721519,-0.7594936708860729,0.0025879326314567045
-18.9873417721519,-0.2531645569620231,0.0025879301233839346
-18.9873417721519,0.25316455696202667,0.002587927596341101
-18.9873417721519,0.7594936708860764,0.0025879250504986487
-18.9873417721519,1.2658227848101262,0.00258792248602798
-18.9873417721519,1.7721518987341796,0.0025879199031014393
-18.9873417721519,2.2784810126582293,0.002587917301892291
-18.9873417721519,2.784810126582279,0.0025879146825747014
-18.9873417721519,3.2911392405063324,0.0025879120453237187
-18.9873417721519,3.797468354430382,0.0025879093903152543
-18.9873417721519,4.303797468354432,0.0025879067177260635
-18.9873417721519,4.810126582278482,0.002587904027733725
-18.9873417721519,5.3164556962025316,0.002587901320516621
-18.9873417721519,5.822784810126585,0.002587898596253919
-18.9873417721519,6.329113924050635,0.0025878958551255526
-18.9873417721519,6.835443037974684,0.0025878930973122004
-18.9873417721519,7.341772151898738,0.0025878903229952658
-18.9873417721519,7.8481012658227876,0.002587887532356857
-18.9873417721519,8.354430379746837,0.0025878847255797715
-18.9873417721519,8.860759493670887,0.0025878819028474706
-18.9873417721519,9.367088607594937,0.0025878790643440626
-18.9873417721519,9.87341772151899,0.002587876210254282
-18.9873417721519,10.37974683544304,0.0025878733407634705
-18.9873417721519,10.88607594936709,0.0025878704560575567
-18.9873417721519,11.392405063291143,0.0025878675563230347
-18.9873417721519,11.898734177215193,0.002587864641746947
-18.9873417721519,12.405063291139243,0.002587861712516861
-18.9873417721519,12.911392405063296,0.002587858768820854
-18.9873417721519,13.417721518987342,0.0025878558108474873
-18.9873417721519,13.924050632911396,0.0025878528387857907
-18.9873417721519,14.430379746835442,0.0025878498528252416
-18.9873417721519,14.936708860759495,0.0025878468531557427
-18.9873417721519,15.443037974683548,0.0025878438399676057
-18.9873417721519,15.949367088607595,0.0025878408134515293
-18.9873417721519,16.455696202531648,0.002587837773798579
-18.9873417721519,16.9620253164557,0.002587834721200169
-18.9873417721519,17.468354430379748,0.0025878316558480396
-18.9873417721519,17.9746835443038,0.002587828577934239
-18.9873417721519,18.481012658227854,0.0025878254876511063
-18.9873417721519,18.9873417721519,0.0025878223851912453
-18.9873417721519,19.493670886075954,0.0025878192707475102
-18.9873417721519,20.0,0.0025878161445129838
-18.481012658227847,-20.0,0.002588012310340098
-18.481012658227847,-19.49367088607595,0.002588010638085919
-18.481012658227847,-18.9873417721519,0.002588008941275617
-18.481012658227847,-18.481012658227847,0.0025880072200299463
-18.481012658227847,-17.974683544303797,0.002588005474471272
-18.481012658227847,-17.468354430379748,0.0025880037047235514
-18.481012658227847,-16.962025316455694,0.002588001910912323
-18.481012658227847,-16.455696202531644,0.0025880000931646895
-18.481012658227847,-15.949367088607595,0.002587998251609304
-18.481012658227847,-15.443037974683545,0.0025879963863763527
-18.481012658227847,-14.936708860759493,0.002587994497597543
-18.481012658227847,-14.430379746835442,0.002587992585406085
-18.481012658227847,-13.924050632911392,0.0025879906499366775
-18.481012658227847,-13.417721518987342,0.0025879886913254928
-18.481012658227847,-12.91139240506329,0.0025879867097101565
-18.481012658227847,-12.40506329113924,0.002587984705229738
-18.481012658227847,-11.89873417721519,0.0025879826780247296
-18.481012658227847,-11.39240506329114,0.0025879806282370307
-18.481012658227847,-10.886075949367088,0.002587978556009933
-18.481012658227847,-10.379746835443036,0.002587976461488103
-18.481012658227847,-9.873417721518987,0.0025879743448175624
-18.481012658227847,-9.367088607594937,0.0025879722061456787
-18.481012658227847,-8.860759493670885,0.0025879700456211373
-18.481012658227847,-8.354430379746834,0.0025879678633939354
-18.481012658227847,-7.848101265822784,0.002587965659615356
-18.481012658227847,-7.341772151898734,0.0025879634344379556
-18.481012658227847,-6.835443037974683,0.0025879611880155447
-18.481012658227847,-6.329113924050631,0.002587958920503169
-18.481012658227847,-5.822784810126581,0.002587956632057096
-18.481012658227847,-5.3164556962025316,0.0025879543228347914
-18.481012658227847,-4.81012658227848,0.002587951992994905
-18.481012658227847,-4.3037974683544284,0.0025879496426972504
-18.481012658227847,-3.7974683544303787,0.0025879472721027884
-18.481012658227847,-3.291139240506329,0.002587944881373609
-18.481012658227847,-2.784810126582279,0.0025879424706729106
-18.481012658227847,-2.278481012658226,0.0025879400401649833
-18.481012658227847,-1.772151898734176,0.002587937590015189
-18.481012658227847,-1.2658227848101262,0.0025879351203899454
-18.481012658227847,-0.7594936708860729,0.0025879326314567045
-18.481012658227847,-0.2531645569620231,0.0025879301233839346
-18.481012658227847,0.25316455696202667,0.002587927596341101
-18.481012658227847,0.7594936708860764,0.0025879250504986487
-18.481012658227847,1.2658227848101262,0.00258792248602798
-18.481012658227847,1.7721518987341796,0.0025879199031014393
-18.481012658227847,2.2784810126582293,0.002587917301892291
-18.481012658227847,2.784810126582279,0.0025879146825747014
-18.481012658227847,3.2911392405063324,0.0025879120453237187
-18.481012658227847,3.797468354430382,0.0025879093903152543
-18.481012658227847,4.303797468354432,0.0025879067177260635
-18.481012658227847,4.810126582278482,0.002587904027733725
-18.481012658227847,5.3164556962025316,0.002587901320516621
-18.481012658227847,5.822784810126585,0.002587898596253919
-18.481012658227847,6.329113924050635,0.0025878958551255526
-18.481012658227847,6.835443037974684,0.0025878930973122004
-18.481012658227847,7.341772151898738,0.0025878903229952658
-18.481012658227847,7.8481012658227876,0.002587887532356857
-18.481012658227847,8.354430379746837,0.0025878847255797715
-18.481012658227847,8.860759493670887,0.0025878819028474706
-18.481012658227847,9.367088607594937,0.0025878790643440626
-18.481012658227847,9.87341772151899,0.002587876210254282
-18.481012658227847,10.37974683544304,0.0025878733407634705
-18.481012658227847,10.88607594936709,0.0025878704560575567
-18.481012658227847,11.392405063291143,0.0025878675563230347
-18.481012658227847,11.898734177215193,0.002587864641746947
-18.481012658227847,12.405063291139243,0.002587861712516861
-18.481012658227847,12.911392405063296,0.002587858768820854
-18.481012658227847,13.417721518987342,0.0025878558108474873
-18.481012658227847,13.924050632911396,0.0025878528387857907
-18.481012658227847,14.430379746835442,0.0025878498528252416
-18.481012658227847,14.936708860759495,0.0025878468531557427
-18.481012658227847,15.443037974683548,0.0025878438399676057
-18.481012658227847,15.949367088607595,0.0025878408134515293
-18.481012658227847,16.455696202531648,0.002587837773798579
-18.481012658227847,16.9620253164557,0.002587834721200169
-18.481012658227847,17.468354430379748,0.0025878316558480396
-18.481012658227847,17.9746835443038,0.002587828577934239
-18.481012658227847,18.481012658227854,0.0025878254876511063
-18.481012658227847,18.9873417721519,0.0025878223851912453
-18.481012658227847,19.493670886075954,0.0025878192707475102
-18.481012658227847,20.0,0.0025878161445129838
-17.974683544303797,-20.0,0.002588012310340098
-17.974683544303797,-19.49367088607595,0.002588010638085919
-17.974683544303797,-18.9873417721519,0.002588008941275617
-17.974683544303797,-18.481012658227847,0.0025880072200299463
-17.974683544303797,-17.974683544303797,0.002588005474471272
-17.974683544303797,-17.468354430379748,0.0025880037047235514
-17.974683544303797,-16.962025316455694,0.002588001910912323
-17.974683544303797,-16.455696202531644,0.0025880000931646895
-17.974683544303797,-15.949367088607595,0.002587998251609304
-17.974683544303797,-15.443037974683545,0.0025879963863763527
-17.974683544303797,-14.936708860759493,0.002587994497597543
-17.974683544303797,-14.430379746835442,0.002587992585406085
-17.974683544303797,-13.924050632911392,0.0025879906499366775
-17.974683544303797,-13.417721518987342,0.0025879886913254928
-17.974683544303797,-12.91139240506329,0.0025879867097101565
-17.974683544303797,-12.40506329113924,0.002587984705229738
-17.974683544303797,-11.89873417721519,0.0025879826780247296
-17.974683544303797,-11.39240506329114,0.0025879806282370307
-17.974683544303797,-10.886075949367088,0.002587978556009933
-17.974683544303797,-10.379746835443036,0.002587976461488103
-17.974683544303797,-9.873417721518987,0.0025879743448175624
-17.974683544303797,-9.367088607594937,0.0025879722061456787
-17.974683544303797,-8.860759493670885,0.0025879700456211373
-17.974683544303797,-8.354430379746834,0.0025879678633939354
-17.974683544303797,-7.848101265822784,0.002587965659615356
-17.974683544303797,-7.341772151898734,0.0025879634344379556
-17.974683544303797,-6.835443037974683,0.0025879611880155447
-17.974683544303797,-6.329113924050631,0.002587958920503169
-17.974683544303797,-5.822784810126581,0.002587956632057096
-17.974683544303797,-5.3164556962025316,0.0025879543228347914
-17.974683544303797,-4.81012658227848,0.002587951992994905
-17.974683544303797,-4.3037974683544284,0.0025879496426972504
-17.974683544303797,-3.7974683544303787,0.0025879472721027884
-17.974683544303797,-3.291139240506329,0.002587944881373609
-17.974683544303797,-2.784810126582279,0.0025879424706729106
-17.974683544303797,-2.278481012658226,0.0025879400401649833
-17.974683544303797,-1.772151898734176,0.002587937590015189
-17.974683544303797,-1.2658227848101262,0.0025879351203899454
-17.974683544303797,-0.7594936708860729,0.0025879326314567045
-17.974683544303797,-0.2531645569620231,0.0025879301233839346
-17.974683544303797,0.25316455696202667,0.002587927596341101
-17.974683544303797,0.7594936708860764,0.0025879250504986487
-17.974683544303797,1.2658227848101262,0.00258792248602798
-17.974683544303797,1.7721518987341796,0.0025879199031014393
-17.974683544303797,2.2784810126582293,0.002587917301892291
-17.974683544303797,2.784810126582279,0.0025879146825747014
-17.974683544303797,3.2911392405063324,0.0025879120453237187
-17.974683544303797,3.797468354430382,0.0025879093903152543
-17.974683544303797,4.303797468354432,0.0025879067177260635
-17.974683544303797,4.810126582278482,0.002587904027733725
-17.974683544303797,5.3164556962025316,0.002587901320516621
-17.974683544303797,5.822784810126585,0.002587898596253919
-17.974683544303797,6.329113924050635,0.0025878958551255526
-17.974683544303797,6.835443037974684,0.0025878930973122004
-17.974683544303797,7.341772151898738,0.0025878903229952658
-17.974683544303797,7.8481012658227876,0.002587887532356857
-17.974683544303797,8.354430379746837,0.0025878847255797715
-17.974683544303797,8.860759493670887,0.0025878819028474706
-17.974683544303797,9.367088607594937,0.0025878790643440626
-17.974683544303797,9.87341772151899,0.002587876210254282
-17.974683544303797,10.37974683544304,0.0025878733407634705
-17.974683544303797,10.88607594936709,0.0025878704560575567
-17.974683544303797,11.392405063291143,0.0025878675563230347
-17.974683544303797,11.898734177215193,0.002587864641746947
-17.974683544303797,12.405063291139243,0.002587861712516861
-17.974683544303797,12.911392405063296,0.002587858768820854
-17.974683544303797,13.417721518987342,0.0025878558108474873
-17.974683544303797,13.924050632911396,0.0025878528387857907
-17.974683544303797,14.430379746835442,0.0025878498528252416
-17.974683544303797,14.936708860759495,0.0025878468531557427
-17.974683544303797,15.443037974683548,0.0025878438399676057
-17.974683544303797,15.949367088607595,0.0025878408134515293
-17.974683544303797,16.455696202531648,0.002587837773798579
-17.974683544303797,16.9620253164557,0.002587834721200169
-17.974683544303797,17.468354430379748,0.0025878316558480396
-17.974683544303797,17.9746835443038,0.002587828577934239
-17.974683544303797,18.481012658227854,0.0025878254876511063
-17.974683544303797,18.9873417721519,0.0025878223851912453
-17.974683544303797,19.493670886075954,0.0025878192707475102
-17.974683544303797,20.0,0.0025878161445129838
-17.468354430379748,-20.0,0.002588012310340098
-17.468354430379748,-19.49367088607595,0.002588010638085919
-17.468354430379748,-18.9873417721519,0.002588008941275617
-17.468354430379748,-18.481012658227847,0.0025880072200299463
-17.468354430379748,-17.974683544303797,0.002588005474471272
-17.468354430379748,-17.468354430379748,0.0025880037047235514
-17.468354430379748,-16.962025316455694,0.002588001910912323
-17.468354430379748,-16.455696202531644,0.0025880000931646895
-17.468354430379748,-15.949367088607595,0.002587998251609304
-17.468354430379748,-15.443037974683545,0.0025879963863763527
-17.468354430379748,-14.936708860759493,0.002587994497597543
-17.468354430379748,-14.430379746835442,0.002587992585406085
-17.468354430379748,-13.924050632911392,0.0025879906499366775
-17.468354430379748,-13.417721518987342,0.0025879886913254928
-17.468354430379748,-12.91139240506329,0.0025879867097101565
-17.468354430379748,-12.40506329113924,0.002587984705229738
-17.468354430379748,-11.89873417721519,0.0025879826780247296
-17.468354430379748,-11.39240506329114,0.0025879806282370307
-17.468354430379748,-10.886075949367088,0.002587978556009933
-17.468354430379748,-10.379746835443036,0.002587976461488103
-17.468354430379748,-9.873417721518987,0.0025879743448175624
-17.468354430379748,-9.367088607594937,0.0025879722061456787
-17.468354430379748,-8.860759493670885,0.0025879700456211373
-17.468354430379748,-8.354430379746834,0.0025879678633939354
-17.468354430379748,-7.848101265822784,0.002587965659615356
-17.468354430379748,-7.341772151898734,0.0025879634344379556
-17.468354430379748,-6.835443037974683,0.0025879611880155447
-17.468354430379748,-6.329113924050631,0.002587958920503169
-17.468354430379748,-5.822784810126581,0.002587956632057096
-17.468354430379748,-5.3164556962025316,0.0025879543228347914
-17.468354430379748,-4.81012658227848,0.002587951992994905
-17.468354430379748,-4.3037974683544284,0.0025879496426972504
-17.468354430379748,-3.7974683544303787,0.0025879472721027884
-17.468354430379748,-3.291139240506329,0.002587944881373609
-17.468354430379748,-2.784810126582279,0.0025879424706729106
-17.468354430379748,-2.278481012658226,0.0025879400401649833
-17.468354430379748,-1.772151898734176,0.002587937590015189
-17.468354430379748,-1.2658227848101262,0.0025879351203899454
-17.468354430379748,-0.7594936708860729,0.0025879326314567045
-17.468354430379748,-0.2531645569620231,0.0025879301233839346
-17.468354430379748,0.25316455696202667,0.002587927596341101
-17.468354430379748,0.7594936708860764,0.0025879250504986487
-17.468354430379748,1.2658227848101262,0.00258792248602798
-17.468354430379748,1.7721518987341796,0.0025879199031014393
-17.468354430379748,2.2784810126582293,0.002587917301892291
-17.468354430379748,2.784810126582279,0.0025879146825747014
-17.468354430379748,3.2911392405063324,0.0025879120453237187
-17.468354430379748,3.797468354430382,0.0025879093903152543
-17.468354430379748,4.303797468354432,0.0025879067177260635
-17.468354430379748,4.810126582278482,0.002587904027733725
-17.468354430379748,5.3164556962025316,0.002587901320516621
-17.468354430379748,5.822784810126585,0.002587898596253919
-17.468354430379748,6.329113924050635,0.0025878958551255526
-17.468354430379748,6.835443037974684,0.0025878930973122004
-17.468354430379748,7.341772151898738,0.0025878903229952658
-17.468354430379748,7.8481012658227876,0.002587887532356857
-17.468354430379748,8.354430379746837,0.0025878847255797715
-17.468354430379748,8.860759493670887,0.0025878819028474706
-17.468354430379748,9.367088607594937,0.0025878790643440626
-17.468354430379748,9.87341772151899,0.002587876210254282
-17.468354430379748,10.37974683544304,0.0025878733407634705
-17.468354430379748,10.88607594936709,0.0025878704560575567
-17.468354430379748,11.392405063291143,0.0025878675563230347
-17.468354430379748,11.898734177215193,0.002587864641746947
-17.468354430379748,12.405063291139243,0.002587861712516861
-17.468354430379748,12.911392405063296,0.002587858768820854
-17.468354430379748,13.417721518987342,0.0025878558108474873
-17.468354430379748,13.924050632911396,0.0025878528387857907
-17.468354430379748,14.430379746835442,0.0025878498528252416
-17.468354430379748,14.936708860759495,0.0025878468531557427
-17.468354430379748,15.443037974683548,0.0025878438399676057
-17.468354430379748,15.949367088607595,0.0025878408134515293
-17.468354430379748,16.455696202531648,0.002587837773798579
-17.468354430379748,16.9620253164557,0.002587834721200169
-17.468354430379748,17.468354430379748,0.0025878316558480396
-17.468354430379748,17.9746835443038,0.002587828577934239
-17.468354430379748,18.481012658227854,0.0025878254876511063
-17.468354430379748,18.9873417721519,0.0025878223851912453
-17.468354430379748,19.493670886075954,0.0025878192707475102
-17.468354430379748,20.0,0.0025878161445129838
-16.962025316455694,-20.0,0.002588012310340098
-16.962025316455694,-19.49367088607595,0.002588010638085919
-16.962025316455694,-18.9873417721519,0.002588008941275617
-16.962025316455694,-18.481012658227847,0.0025880072200299463
-16.962025316455694,-17.974683544303797,0.002588005474471272
-16.962025316455694,-17.468354430379748,0.0025880037047235514
-16.962025316455694,-16.962025316455694,0.002588001910912323
-16.962025316455694,-16.455696202531644,0.0025880000931646895
-16.962025316455694,-15.949367088607595,0.002587998251609304
-16.962025316455694,-15.443037974683545,0.0025879963863763527
-16.962025316455694,-14.936708860759493,0.002587994497597543
-16.962025316455694,-14.430379746835442,0.002587992585406085
-16.962025316455694,-13.924050632911392,0.0025879906499366775
-16.962025316455694,-13.417721518987342,0.0025879886913254928
-16.962025316455694,-12.91139240506329,0.0025879867097101565
-16.962025316455694,-12.40506329113924,0.002587984705229738
-16.962025316455694,-11.89873417721519,0.0025879826780247296
-16.962025316455694,-11.39240506329114,0.0025879806282370307
-16.962025316455694,-10.886075949367088,0.002587978556009933
-16.962025316455694,-10.379746835443036,0.002587976461488103
-16.962025316455694,-9.873417721518987,0.0025879743448175624
-16.962025316455694,-9.367088607594937,0.0025879722061456787
-16.962025316455694,-8.860759493670885,0.0025879700456211373
-16.962025316455694,-8.354430379746834,0.0025879678633939354
-16.962025316455694,-7.848101265822784,0.002587965659615356
-16.962025316455694,-7.341772151898734,0.0025879634344379556
-16.962025316455694,-6.835443037974683,0.0025879611880155447
-16.962025316455694,-6.329113924050631,0.002587958920503169
-16.962025316455694,-5.822784810126581,0.002587956632057096
-16.962025316455694,-5.3164556962025316,0.0025879543228347914
-16.962025316455694,-4.81012658227848,0.002587951992994905
-16.962025316455694,-4.3037974683544284,0.0025879496426972504
-16.962025316455694,-3.7974683544303787,0.0025879472721027884
-16.962025316455694,-3.291139240506329,0.002587944881373609
-16.962025316455694,-2.784810126582279,0.0025879424706729106
-16.962025316455694,-2.278481012658226,0.0025879400401649833
-16.962025316455694,-1.772151898734176,0.002587937590015189
-16.962025316455694,-1.2658227848101262,0.0025879351203899454
-16.962025316455694,-0.7594936708860729,0.0025879326314567045
-16.962025316455694,-0.2531645569620231,0.0025879301233839346
-16.962025316455694,0.25316455696202667,0.002587927596341101
-16.962025316455694,0.7594936708860764,0.0025879250504986487
-16.962025316455694,1.2658227848101262,0.00258792248602798
-16.962025316455694,1.7721518987341796,0.0025879199031014393
-16.962025316455694,2.2784810126582293,0.002587917301892291
-16.962025316455694,2.784810126582279,0.0025879146825747014
-16.962025316455694,3.2911392405063324,0.0025879120453237187
-16.962025316455694,3.797468354430382,0.0025879093903152543
-16.962025316455694,4.303797468354432,0.0025879067177260635
-16.962025316455694,4.810126582278482,0.002587904027733725
-16.962025316455694,5.3164556962025316,0.002587901320516621
-16.962025316455694,5.822784810126585,0.002587898596253919
-16.962025316455694,6.329113924050635,0.0025878958551255526
-16.962025316455694,6.835443037974684,0.0025878930973122004
-16.962025316455694,7.341772151898738,0.0025878903229952658
-16.962025316455694,7.8481012658227876,0.002587887532356857
-16.962025316455694,8.354430379746837,0.0025878847255797715
-16.962025316455694,8.860759493670887,0.0025878819028474706
-16.962025316455694,9.367088607594937,0.0025878790643440626
-16.962025316455694,9.87341772151899,0.002587876210254282
-16.962025316455694,10.37974683544304,0.0025878733407634705
-16.962025316455694,10.88607594936709,0.0025878704560575567
-16.962025316455694,11.392405063291143,0.0025878675563230347
-16.962025316455694,11.898734177215193,0.002587864641746947
-16.962025316455694,12.405063291139243,0.002587861712516861
-16.962025316455694,12.911392405063296,0.002587858768820854
-16.962025316455694,13.417721518987342,0.0025878558108474873
-16.962025316455694,13.924050632911396,0.0025878528387857907
-16.962025316455694,14.430379746835442,0.0025878498528252416
-16.962025316455694,14.936708860759495,0.0025878468531557427
-16.962025316455694,15.443037974683548,0.0025878438399676057
-16.962025316455694,15.949367088607595,0.0025878408134515293
-16.962025316455694,16.455696202531648,0.002587837773798579
-16.962025316455694,16.9620253164557,0.002587834721200169
-16.962025316455694,17.468354430379748,0.0025878316558480396
-16.962025316455694,17.9746835443038,0.002587828577934239
-16.962025316455694,18.481012658227854,0.0025878254876511063
-16.962025316455694,18.9873417721519,0.0025878223851912453
-16.962025316455694,19.493670886075954,0.0025878192707475102
-16.962025316455694,20.0,0.0025878161445129838
-16.455696202531644,-20.0,0.002588012310340098
-16.455696202531644,-19.49367088607595,0.002588010638085919
-16.455696202531644,-18.9873417721519,0.002588008941275617
-16.455696202531644,-18.481012658227847,0.0025880072200299463
-16.455696202531644,-17.974683544303797,0.002588005474471272
-16.455696202531644,-17.468354430379748,0.0025880037047235514
-16.455696202531644,-16.962025316455694,0.002588001910912323
-16.455696202531644,-16.455696202531644,0.0025880000931646895
-16.455696202531644,-15.949367088607595,0.002587998251609304
-16.455696202531644,-15.443037974683545,0.0025879963863763527
-16.455696202531644,-14.936708860759493,0.002587994497597543
-16.455696202531644,-14.430379746835442,0.002587992585406085
-16.455696202531644,-13.924050632911392,0.0025879906499366775
-16.455696202531644,-13.417721518987342,0.0025879886913254928
-16.455696202531644,-12.91139240506329,0.0025879867097101565
-16.455696202531644,-12.40506329113924,0.002587984705229738
-16.455696202531644,-11.89873417721519,0.0025879826780247296
-16.455696202531644,-11.39240506329114,0.0025879806282370307
-16.455696202531644,-10.886075949367088,0.002587978556009933
-16.455696202531644,-10.379746835443036,0.002587976461488103
-16.455696202531644,-9.873417721518987,0.0025879743448175624
-16.455696202531644,-9.367088607594937,0.0025879722061456787
-16.455696202531644,-8.860759493670885,0.0025879700456211373
-16.455696202531644,-8.354430379746834,0.0025879678633939354
-16.455696202531644,-7.848101265822784,0.002587965659615356
-16.455696202531644,-7.341772151898734,0.0025879634344379556
-16.455696202531644,-6.835443037974683,0.0025879611880155447
-16.455696202531644,-6.329113924050631,0.002587958920503169
-16.455696202531644,-5.822784810126581,0.002587956632057096
-16.455696202531644,-5.3164556962025316,0.0025879543228347914
-16.455696202531644,-4.81012658227848,0.002587951992994905
-16.455696202531644,-4.3037974683544284,0.0025879496426972504
-16.455696202531644,-3.7974683544303787,0.0025879472721027884
-16.455696202531644,-3.291139240506329,0.002587944881373609
-16.455696202531644,-2.784810126582279,0.0025879424706729106
-16.455696202531644,-2.278481012658226,0.0025879400401649833
-16.455696202531644,-1.772151898734176,0.002587937590015189
-16.455696202531644,-1.2658227848101262,0.0025879351203899454
-16.455696202531644,-0.7594936708860729,0.0025879326314567045
-16.455696202531644,-0.2531645569620231,0.0025879301233839346
-16.455696202531644,0.25316455696202667,0.002587927596341101
-16.455696202531644,0.7594936708860764,0.0025879250504986487
-16.455696202531644,1.2658227848101262,0.00258792248602798
-16.455696202531644,1.7721518987341796,0.0025879199031014393
-16.455696202531644,2.2784810126582293,0.002587917301892291
-16.455696202531644,2.784810126582279,0.0025879146825747014
-16.455696202531644,3.2911392405063324,0.0025879120453237187
-16.455696202531644,3.797468354430382,0.0025879093903152543
-16.455696202531644,4.303797468354432,0.0025879067177260635
-16.455696202531644,4.810126582278482,0.002587904027733725
-16.455696202531644,5.3164556962025316,0.002587901320516621
-16.455696202531644,5.822784810126585,0.002587898596253919
-16.455696202531644,6.329113924050635,0.0025878958551255526
-16.455696202531644,6.835443037974684,0.0025878930973122004
-16.455696202531644,7.341772151898738,0.0025878903229952658
-16.455696202531644,7.8481012658227876,0.002587887532356857
-16.455696202531644,8.354430379746837,0.0025878847255797715
-16.455696202531644,8.860759493670887,0.0025878819028474706
-16.455696202531644,9.367088607594937,0.0025878790643440626
-16.455696202531644,9.87341772151899,0.002587876210254282
-16.455696202531644,10.37974683544304,0.0025878733407634705
-16.455696202531644,10.88607594936709,0.0025878704560575567
-16.455696202531644,11.392405063291143,0.0025878675563230347
-16.455696202531644,11.898734177215193,0.002587864641746947
-16.455696202531644,12.405063291139243,0.002587861712516861
-16.455696202531644,12.911392405063296,0.002587858768820854
-16.455696202531644,13.417721518987342,0.0025878558108474873
-16.455696202531644,13.924050632911396,0.0025878528387857907
-16.455696202531644,14.430379746835442,0.0025878498528252416
-16.455696202531644,14.936708860759495,0.0025878468531557427
-16.455696202531644,15.443037974683548,0.0025878438399676057
-16.455696202531644,15.949367088607595,0.0025878408134515293
-16.455696202531644,16.455696202531648,0.002587837773798579
-16.455696202531644,16.9620253164557,0.002587834721200169
-16.455696202531644,17.468354430379748,0.0025878316558480396
-16.455696202531644,17.9746835443038,0.002587828577934239
-16.455696202531644,18.481012658227854,0.0025878254876511063
-16.455696202531644,18.9873417721519,0.0025878223851912453
-16.455696202531644,19.493670886075954,0.0025878192707475102
-16.455696202531644,20.0,0.0025878161445129838
-15.949367088607595,-20.0,0.002588012310340098
-15.949367088607595,-19.49367088607595,0.002588010638085919
-15.949367088607595,-18.9873417721519,0.002588008941275617
-15.949367088607595,-18.481012658227847,0.0025880072200299463
-15.949367088607595,-17.974683544303797,0.002588005474471272
-15.949367088607595,-17.468354430379748,0.0025880037047235514
-15.949367088607595,-16.962025316455694,0.002588001910912323
-15.949367088607595,-16.455696202531644,0.0025880000931646895
-15.949367088607595,-15.949367088607595,0.002587998251609304
-15.949367088607595,-15.443037974683545,0.0025879963863763527
-15.949367088607595,-14.936708860759493,0.002587994497597543
-15.949367088607595,-14.430379746835442,0.002587992585406085
-15.949367088607595,-13.924050632911392,0.0025879906499366775
-15.949367088607595,-13.417721518987342,0.0025879886913254928
-15.949367088607595,-12.91139240506329,0.0025879867097101565
-15.949367088607595,-12.40506329113924,0.002587984705229738
-15.949367088607595,-11.89873417721519,0.0025879826780247296
-15.949367088607595,-11.39240506329114,0.0025879806282370307
-15.949367088607595,-10.886075949367088,0.002587978556009933
-15.949367088607595,-10.379746835443036,0.002587976461488103
-15.949367088607595,-9.873417721518987,0.0025879743448175624
-15.949367088607595,-9.367088607594937,0.0025879722061456787
-15.949367088607595,-8.860759493670885,0.0025879700456211373
-15.949367088607595,-8.354430379746834,0.0025879678633939354
-15.949367088607595,-7.848101265822784,0.002587965659615356
-15.949367088607595,-7.341772151898734,0.0025879634344379556
-15.949367088607595,-6.835443037974683,0.0025879611880155447
-15.949367088607595,-6.329113924050631,0.002587958920503169
-15.949367088607595,-5.822784810126581,0.002587956632057096
-15.949367088607595,-5.3164556962025316,0.0025879543228347914
-15.949367088607595,-4.81012658227848,0.002587951992994905
-15.949367088607595,-4.3037974683544284,0.0025879496426972504
-15.949367088607595,-3.7974683544303787,0.0025879472721027884
-15.949367088607595,-3.291139240506329,0.002587944881373609
-15.949367088607595,-2.784810126582279,0.0025879424706729106
-15.949367088607595,-2.278481012658226,0.0025879400401649833
-15.949367088607595,-1.772151898734176,0.002587937590015189
-15.949367088607595,-1.2658227848101262,0.0025879351203899454
-15.949367088607595,-0.7594936708860729,0.0025879326314567045
-15.949367088607595,-0.2531645569620231,0.0025879301233839346
-15.949367088607595,0.25316455696202667,0.002587927596341101
-15.949367088607595,0.7594936708860764,0.0025879250504986487
-15.949367088607595,1.2658227848101262,0.00258792248602798
-15.949367088607595,1.7721518987341796,0.0025879199031014393
-15.949367088607595,2.2784810126582293,0.002587917301892291
-15.949367088607595,2.784810126582279,0.0025879146825747014
-15.949367088607595,3.2911392405063324,0.0025879120453237187
-15.949367088607595,3.797468354430382,0.0025879093903152543
-15.949367088607595,4.303797468354432,0.0025879067177260635
-15.949367088607595,4.810126582278482,0.002587904027733725
-15.949367088607595,5.3164556962025316,0.002587901320516621
-15.949367088607595,5.822784810126585,0.002587898596253919
-15.949367088607595,6.329113924050635,0.0025878958551255526
-15.949367088607595,6.835443037974684,0.0025878930973122004
-15.949367088607595,7.341772151898738,0.0025878903229952658
-15.949367088607595,7.8481012658227876,0.002587887532356857
-15.949367088607595,8.354430379746837,0.0025878847255797715
-15.949367088607595,8.860759493670887,0.0025878819028474706
-15.949367088607595,9.367088607594937,0.0025878790643440626
-15.949367088607595,9.87341772151899,0.002587876210254282
-15.949367088607595,10.37974683544304,0.0025878733407634705
-15.949367088607595,10.88607594936709,0.0025878704560575567
-15.949367088607595,11.392405063291143,0.0025878675563230347
-15.949367088607595,11.898734177215193,0.002587864641746947
-15.949367088607595,12.405063291139243,0.002587861712516861
-15.949367088607595,12.911392405063296,0.002587858768820854
-15.949367088607595,13.417721518987342,0.0025878558108474873
-15.949367088607595,13.924050632911396,0.0025878528387857907
-15.949367088607595,14.430379746835442,0.0025878498528252416
-15.949367088607595,14.936708860759495,0.0025878468531557427
-15.949367088607595,15.443037974683548,0.0025878438399676057
-15.949367088607595,15.949367088607595,0.0025878408134515293
-15.949367088607595,16.455696202531648,0.002587837773798579
-15.949367088607595,16.9620253164557,0.002587834721200169
-15.949367088607595,17.468354430379748,0.0025878316558480396
-15.949367088607595,17.9746835443038,0.002587828577934239
-15.949367088607595,18.481012658227854,0.0025878254876511063
-15.949367088607595,18.9873417721519,0.0025878223851912453
-15.949367088607595,19.493670886075954,0.0025878192707475102
-15.949367088607595,20.0,0.0025878161445129838
-15.443037974683545,-20.0,0.002588012310340098
-15.443037974683545,-19.49367088607595,0.002588010638085919
-15.443037974683545,-18.9873417721519,0.002588008941275617
-15.443037974683545,-18.481012658227847,0.0025880072200299463
-15.443037974683545,-17.974683544303797,0.002588005474471272
-15.443037974683545,-17.468354430379748,0.0025880037047235514
-15.443037974683545,-16.962025316455694,0.002588001910912323
-15.443037974683545,-16.455696202531644,0.0025880000931646895
-15.443037974683545,-15.949367088607595,0.002587998251609304
-15.443037974683545,-15.443037974683545,0.0025879963863763527
-15.443037974683545,-14.936708860759493,0.002587994497597543
-15.443037974683545,-14.430379746835442,0.002587992585406085
-15.443037974683545,-13.924050632911392,0.0025879906499366775
-15.443037974683545,-13.417721518987342,0.0025879886913254928
-15.443037974683545,-12.91139240506329,0.0025879867097101565
-15.443037974683545,-12.40506329113924,0.002587984705229738
-15.443037974683545,-11.89873417721519,0.0025879826780247296
-15.443037974683545,-11.39240506329114,0.0025879806282370307
-15.443037974683545,-10.886075949367088,0.002587978556009933
-15.443037974683545,-10.379746835443036,0.002587976461488103
-15.443037974683545,-9.873417721518987,0.0025879743448175624
-15.443037974683545,-9.367088607594937,0.0025879722061456787
-15.443037974683545,-8.860759493670885,0.0025879700456211373
-15.443037974683545,-8.354430379746834,0.0025879678633939354
-15.443037974683545,-7.848101265822784,0.002587965659615356
-15.443037974683545,-7.341772151898734,0.0025879634344379556
-15.443037974683545,-6.835443037974683,0.0025879611880155447
-15.443037974683545,-6.329113924050631,0.002587958920503169
-15.443037974683545,-5.822784810126581,0.002587956632057096
-15.443037974683545,-5.3164556962025316,0.0025879543228347914
-15.443037974683545,-4.81012658227848,0.002587951992994905
-15.443037974683545,-4.3037974683544284,0.0025879496426972504
-15.443037974683545,-3.7974683544303787,0.0025879472721027884
-15.443037974683545,-3.291139240506329,0.002587944881373609
-15.443037974683545,-2.784810126582279,0.0025879424706729106
-15.443037974683545,-2.278481012658226,0.0025879400401649833
-15.443037974683545,-1.772151898734176,0.002587937590015189
-15.443037974683545,-1.2658227848101262,0.0025879351203899454
-15.443037974683545,-0.7594936708860729,0.0025879326314567045
-15.443037974683545,-0.2531645569620231,0.0025879301233839346
-15.443037974683545,0.25316455696202667,0.002587927596341101
-15.443037974683545,0.7594936708860764,0.0025879250504986487
-15.443037974683545,1.2658227848101262,0.00258792248602798
-15.443037974683545,1.7721518987341796,0.0025879199031014393
-15.443037974683545,2.2784810126582293,0.002587917301892291
-15.443037974683545,2.784810126582279,0.0025879146825747014
-15.443037974683545,3.2911392405063324,0.0025879120453237187
-15.443037974683545,3.797468354430382,0.0025879093903152543
-15.443037974683545,4.303797468354432,0.0025879067177260635
-15.443037974683545,4.810126582278482,0.002587904027733725
-15.443037974683545,5.3164556962025316,0.002587901320516621
-15.443037974683545,5.822784810126585,0.002587898596253919
-15.443037974683545,6.329113924050635,0.0025878958551255526
-15.443037974683545,6.835443037974684,0.0025878930973122004
-15.443037974683545,7.341772151898738,0.0025878903229952658
-15.443037974683545,7.8481012658227876,0.002587887532356857
-15.443037974683545,8.354430379746837,0.0025878847255797715
-15.443037974683545,8.860759493670887,0.0025878819028474706
-15.443037974683545,9.367088607594937,0.0025878790643440626
-15.443037974683545,9.87341772151899,0.002587876210254282
-15.443037974683545,10.37974683544304,0.0025878733407634705
-15.443037974683545,10.88607594936709,0.0025878704560575567
-15.443037974683545,11.392405063291143,0.0025878675563230347
-15.443037974683545,11.898734177215193,0.002587864641746947
-15.443037974683545,12.405063291139243,0.002587861712516861
-15.443037974683545,12.911392405063296,0.002587858768820854
-15.443037974683545,13.417721518987342,0.0025878558108474873
-15.443037974683545,13.924050632911396,0.0025878528387857907
-15.443037974683545,14.430379746835442,0.0025878498528252416
-15.443037974683545,14.936708860759495,0.0025878468531557427
-15.443037974683545,15.443037974683548,0.0025878438399676057
-15.443037974683545,15.949367088607595,0.0025878408134515293
-15.443037974683545,16.455696202531648,0.002587837773798579
-15.443037974683545,16.9620253164557,0.002587834721200169
-15.443037974683545,17.468354430379748,0.0025878316558480396
-15.443037974683545,17.9746835443038,0.002587828577934239
-15.443037974683545,18.481012658227854,0.0025878254876511063
-15.443037974683545,18.9873417721519,0.0025878223851912453
-15.443037974683545,19.493670886075954,0.0025878192707475102
-15.443037974683545,20.0,0.0025878161445129838
-14.936708860759493,-20.0,0.002588012310340098
-14.936708860759493,-19.49367088607595,0.002588010638085919
-14.936708860759493,-18.9873417721519,0.002588008941275617
-14.936708860759493,-18.481012658227847,0.0025880072200299463
-14.936708860759493,-17.974683544303797,0.002588005474471272
-14.936708860759493,-17.468354430379748,0.0025880037047235514
-14.936708860759493,-16.962025316455694,0.002588001910912323
-14.936708860759493,-16.455696202531644,0.0025880000931646895
-14.936708860759493,-15.949367088607595,0.002587998251609304
-14.936708860759493,-15.443037974683545,0.0025879963863763527
-14.936708860759493,-14.936708860759493,0.002587994497597543
-14.936708860759493,-14.430379746835442,0.002587992585406085
-14.936708860759493,-13.924050632911392,0.0025879906499366775
-14.936708860759493,-13.417721518987342,0.0025879886913254928
-14.936708860759493,-12.91139240506329,0.0025879867097101565
-14.936708860759493,-12.40506329113924,0.002587984705229738
-14.936708860759493,-11.89873417721519,0.0025879826780247296
-14.936708860759493,-11.39240506329114,0.0025879806282370307
-14.936708860759493,-10.886075949367088,0.002587978556009933
-14.936708860759493,-10.379746835443036,0.002587976461488103
-14.936708860759493,-9.873417721518987,0.0025879743448175624
-14.936708860759493,-9.367088607594937,0.0025879722061456787
-14.936708860759493,-8.860759493670885,0.0025879700456211373
-14.936708860759493,-8.354430379746834,0.0025879678633939354
-14.936708860759493,-7.848101265822784,0.002587965659615356
-14.936708860759493,-7.341772151898734,0.0025879634344379556
-14.936708860759493,-6.835443037974683,0.0025879611880155447
-14.936708860759493,-6.329113924050631,0.002587958920503169
-14.936708860759493,-5.822784810126581,0.002587956632057096
-14.936708860759493,-5.3164556962025316,0.0025879543228347914
-14.936708860759493,-4.81012658227848,0.002587951992994905
-14.936708860759493,-4.3037974683544284,0.0025879496426972504
-14.936708860759493,-3.7974683544303787,0.0025879472721027884
-14.936708860759493,-3.291139240506329,0.002587944881373609
-14.936708860759493,-2.784810126582279,0.0025879424706729106
-14.936708860759493,-2.278481012658226,0.0025879400401649833
-14.936708860759493,-1.772151898734176,0.002587937590015189
-14.936708860759493,-1.2658227848101262,0.0025879351203899454
-14.936708860759493,-0.7594936708860729,0.0025879326314567045
-14.936708860759493,-0.2531645569620231,0.0025879301233839346
-14.936708860759493,0.25316455696202667,0.002587927596341101
-14.936708860759493,0.7594936708860764,0.0025879250504986487
-14.936708860759493,1.2658227848101262,0.00258792248602798
-14.936708860759493,1.7721518987341796,0.0025879199031014393
-14.936708860759493,2.2784810126582293,0.002587917301892291
-14.936708860759493,2.784810126582279,0.0025879146825747014
-14.936708860759493,3.2911392405063324,0.0025879120453237187
-14.936708860759493,3.797468354430382,0.0025879093903152543
-14.936708860759493,4.303797468354432,0.0025879067177260635
-14.936708860759493,4.810126582278482,0.002587904027733725
-14.936708860759493,5.3164556962025316,0.002587901320516621
-14.936708860759493,5.822784810126585,0.002587898596253919
-14.936708860759493,6.329113924050635,0.0025878958551255526
-14.936708860759493,6.835443037974684,0.0025878930973122004
-14.936708860759493,7.341772151898738,0.0025878903229952658
-14.936708860759493,7.8481012658227876,0.002587887532356857
-14.936708860759493,8.354430379746837,0.0025878847255797715
-14.936708860759493,8.860759493670887,0.0025878819028474706
-14.936708860759493,9.367088607594937,0.0025878790643440626
-14.936708860759493,9.87341772151899,0.002587876210254282
-14.936708860759493,10.37974683544304,0.0025878733407634705
-14.936708860759493,10.88607594936709,0.0025878704560575567
-14.936708860759493,11.392405063291143,0.0025878675563230347
-14.936708860759493,11.898734177215193,0.002587864641746947
-14.936708860759493,12.405063291139243,0.002587861712516861
-14.936708860759493,12.911392405063296,0.002587858768820854
-14.936708860759493,13.417721518987342,0.0025878558108474873
-14.936708860759493,13.924050632911396,0.0025878528387857907
-14.936708860759493,14.430379746835442,0.0025878498528252416
-14.936708860759493,14.936708860759495,0.0025878468531557427
-14.936708860759493,15.443037974683548,0.0025878438399676057
-14.936708860759493,15.949367088607595,0.0025878408134515293
-14.936708860759493,16.455696202531648,0.002587837773798579
-14.936708860759493,16.9620253164557,0.002587834721200169
-14.936708860759493,17.468354430379748,0.0025878316558480396
-14.936708860759493,17.9746835443038,0.002587828577934239
-14.936708860759493,18.481012658227854,0.0025878254876511063
-14.936708860759493,18.9873417721519,0.0025878223851912453
-14.936708860759493,19.493670886075954,0.0025878192707475102
-14.936708860759493,20.0,0.0025878161445129838
-14.430379746835442,-20.0,0.002588012310340098
-14.430379746835442,-19.49367088607595,0.002588010638085919
-14.430379746835442,-18.9873417721519,0.002588008941275617
-14.430379746835442,-18.481012658227847,0.0025880072200299463
-14.430379746835442,-17.974683544303797,0.002588005474471272
-14.430379746835442,-17.468354430379748,0.0025880037047235514
-14.430379746835442,-16.962025316455694,0.002588001910912323
-14.430379746835442,-16.455696202531644,0.0025880000931646895
-14.430379746835442,-15.949367088607595,0.002587998251609304
-14.430379746835442,-15.443037974683545,0.0025879963863763527
-14.430379746835442,-14.936708860759493,0.002587994497597543
-14.430379746835442,-14.430379746835442,0.002587992585406085
-14.430379746835442,-13.924050632911392,0.0025879906499366775
-14.430379746835442,-13.417721518987342,0.0025879886913254928
-14.430379746835442,-12.91139240506329,0.0025879867097101565
-14.430379746835442,-12.40506329113924,0.002587984705229738
-14.430379746835442,-11.89873417721519,0.0025879826780247296
-14.430379746835442,-11.39240506329114,0.0025879806282370307
-14.430379746835442,-10.886075949367088,0.002587978556009933
-14.430379746835442,-10.379746835443036,0.002587976461488103
-14.430379746835442,-9.873417721518987,0.0025879743448175624
-14.430379746835442,-9.367088607594937,0.0025879722061456787
-14.430379746835442,-8.860759493670885,0.0025879700456211373
-14.430379746835442,-8.354430379746834,0.0025879678633939354
-14.430379746835442,-7.848101265822784,0.002587965659615356
-14.430379746835442,-7.341772151898734,0.0025879634344379556
-14.430379746835442,-6.835443037974683,0.0025879611880155447
-14.430379746835442,-6.329113924050631,0.002587958920503169
-14.430379746835442,-5.822784810126581,0.002587956632057096
-14.430379746835442,-5.3164556962025316,0.0025879543228347914
-14.430379746835442,-4.81012658227848,0.002587951992994905
-14.430379746835442,-4.3037974683544284,0.0025879496426972504
-14.430379746835442,-3.7974683544303787,0.0025879472721027884
-14.430379746835442,-3.291139240506329,0.002587944881373609
-14.430379746835442,-2.784810126582279,0.0025879424706729106
-14.430379746835442,-2.278481012658226,0.0025879400401649833
-14.430379746835442,-1.772151898734176,0.002587937590015189
-14.430379746835442,-1.2658227848101262,0.0025879351203899454
-14.430379746835442,-0.7594936708860729,0.0025879326314567045
-14.430379746835442,-0.2531645569620231,0.0025879301233839346
-14.430379746835442,0.25316455696202667,0.002587927596341101
-14.430379746835442,0.7594936708860764,0.0025879250504986487
-14.430379746835442,1.2658227848101262,0.00258792248602798
-14.430379746835442,1.7721518987341796,0.0025879199031014393
-14.430379746835442,2.2784810126582293,0.002587917301892291
-14.430379746835442,2.784810126582279,0.0025879146825747014
-14.430379746835442,3.2911392405063324,0.0025879120453237187
-14.430379746835442,3.797468354430382,0.0025879093903152543
-14.430379746835442,4.303797468354432,0.0025879067177260635
-14.430379746835442,4.810126582278482,0.002587904027733725
-14.430379746835442,5.3164556962025316,0.002587901320516621
-14.430379746835442,5.822784810126585,0.002587898596253919
-14.430379746835442,6.329113924050635,0.0025878958551255526
-14.430379746835442,6.835443037974684,0.0025878930973122004
-14.430379746835442,7.341772151898738,0.0025878903229952658
-14.430379746835442,7.8481012658227876,0.002587887532356857
-14.430379746835442,8.354430379746837,0.0025878847255797715
-14.430379746835442,8.860759493670887,0.0025878819028474706
-14.430379746835442,9.367088607594937,0.0025878790643440626
-14.430379746835442,9.87341772151899,0.002587876210254282
-14.430379746835442,10.37974683544304,0.0025878733407634705
-14.430379746835442,10.88607594936709,0.0025878704560575567
-14.430379746835442,11.392405063291143,0.0025878675563230347
-14.430379746835442,11.898734177215193,0.002587864641746947
-14.430379746835442,12.405063291139243,0.002587861712516861
-14.430379746835442,12.911392405063296,0.002587858768820854
-14.430379746835442,13.417721518987342,0.0025878558108474873
-14.430379746835442,13.924050632911396,0.0025878528387857907
-14.430379746835442,14.430379746835442,0.0025878498528252416
-14.430379746835442,14.936708860759495,0.0025878468531557427
-14.430379746835442,15.443037974683548,0.0025878438399676057
-14.430379746835442,15.949367088607595,0.0025878408134515293
-14.430379746835442,16.455696202531648,0.002587837773798579
-14.430379746835442,16.9620253164557,0.002587834721200169
-14.430379746835442,17.468354430379748,0.0025878316558480396
-14.430379746835442,17.9746835443038,0.002587828577934239
-14.430379746835442,18.481012658227854,0.0025878254876511063
-14.430379746835442,18.9873417721519,0.0025878223851912453
-14.430379746835442,19.493670886075954,0.0025878192707475102
-14.430379746835442,20.0,0.0025878161445129838
-13.924050632911392,-20.0,0.002588012310340098
-13.924050632911392,-19.49367088607595,0.002588010638085919
-13.924050632911392,-18.9873417721519,0.002588008941275617
-13.924050632911392,-18.481012658227847,0.0025880072200299463
-13.924050632911392,-17.974683544303797,0.002588005474471272
-13.924050632911392,-17.468354430379748,0.0025880037047235514
-13.924050632911392,-16.962025316455694,0.002588001910912323
-13.924050632911392,-16.455696202531644,0.0025880000931646895
-13.924050632911392,-15.949367088607595,0.002587998251609304
-13.924050632911392,-15.443037974683545,0.0025879963863763527
-13.924050632911392,-14.936708860759493,0.002587994497597543
-13.924050632911392,-14.430379746835442,0.002587992585406085
-13.924050632911392,-13.924050632911392,0.0025879906499366775
-13.924050632911392,-13.417721518987342,0.0025879886913254928
-13.924050632911392,-12.91139240506329,0.0025879867097101565
-13.924050632911392,-12.40506329113924,0.002587984705229738
-13.924050632911392,-11.89873417721519,0.0025879826780247296
-13.924050632911392,-11.39240506329114,0.0025879806282370307
-13.924050632911392,-10.886075949367088,0.002587978556009933
-13.924050632911392,-10.379746835443036,0.002587976461488103
-13.924050632911392,-9.873417721518987,0.0025879743448175624
-13.924050632911392,-9.367088607594937,0.0025879722061456787
-13.924050632911392,-8.860759493670885,0.0025879700456211373
-13.924050632911392,-8.354430379746834,0.0025879678633939354
-13.924050632911392,-7.848101265822784,0.002587965659615356
-13.924050632911392,-7.341772151898734,0.0025879634344379556
-13.924050632911392,-6.835443037974683,0.0025879611880155447
-13.924050632911392,-6.329113924050631,0.002587958920503169
-13.924050632911392,-5.822784810126581,0.002587956632057096
-13.924050632911392,-5.3164556962025316,0.0025879543228347914
-13.924050632911392,-4.81012658227848,0.002587951992994905
-13.924050632911392,-4.3037974683544284,0.0025879496426972504
-13.924050632911392,-3.7974683544303787,0.0025879472721027884
-13.924050632911392,-3.291139240506329,0.002587944881373609
-13.924050632911392,-2.784810126582279,0.0025879424706729106
-13.924050632911392,-2.278481012658226,0.0025879400401649833
-13.924050632911392,-1.772151898734176,0.002587937590015189
-13.924050632911392,-1.2658227848101262,0.0025879351203899454
-13.924050632911392,-0.7594936708860729,0.0025879326314567045
-13.924050632911392,-0.2531645569620231,0.0025879301233839346
-13.924050632911392,0.25316455696202667,0.002587927596341101
-13.924050632911392,0.7594936708860764,0.0025879250504986487
-13.924050632911392,1.2658227848101262,0.00258792248602798
-13.924050632911392,1.7721518987341796,0.0025879199031014393
-13.924050632911392,2.2784810126582293,0.002587917301892291
-13.924050632911392,2.784810126582279,0.0025879146825747014
-13.924050632911392,3.2911392405063324,0.0025879120453237187
-13.924050632911392,3.797468354430382,0.0025879093903152543
-13.924050632911392,4.303797468354432,0.0025879067177260635
-13.924050632911392,4.810126582278482,0.002587904027733725
-13.924050632911392,5.3164556962025316,0.002587901320516621
-13.924050632911392,5.822784810126585,0.002587898596253919
-13.924050632911392,6.329113924050635,0.0025878958551255526
-13.924050632911392,6.835443037974684,0.0025878930973122004
-13.924050632911392,7.341772151898738,0.0025878903229952658
-13.924050632911392,7.8481012658227876,0.002587887532356857
-13.924050632911392,8.354430379746837,0.0025878847255797715
-13.924050632911392,8.860759493670887,0.0025878819028474706
-13.924050632911392,9.367088607594937,0.0025878790643440626
-13.924050632911392,9.87341772151899,0.002587876210254282
-13.924050632911392,10.37974683544304,0.0025878733407634705
-13.924050632911392,10.88607594936709,0.0025878704560575567
-13.924050632911392,11.392405063291143,0.0025878675563230347
-13.924050632911392,11.898734177215193,0.002587864641746947
-13.924050632911392,12.405063291139243,0.002587861712516861
-13.924050632911392,12.911392405063296,0.002587858768820854
-13.924050632911392,13.417721518987342,0.0025878558108474873
-13.924050632911392,13.924050632911396,0.0025878528387857907
-13.924050632911392,14.430379746835442,0.0025878498528252416
-13.924050632911392,14.936708860759495,0.0025878468531557427
-13.924050632911392,15.443037974683548,0.0025878438399676057
-13.924050632911392,15.949367088607595,0.0025878408134515293
-13.924050632911392,16.455696202531648,0.002587837773798579
-13.924050632911392,16.9620253164557,0.002587834721200169
-13.924050632911392,17.468354430379748,0.0025878316558480396
-13.924050632911392,17.9746835443038,0.002587828577934239
-13.924050632911392,18.481012658227854,0.0025878254876511063
-13.924050632911392,18.9873417721519,0.0025878223851912453
-13.924050632911392,19.493670886075954,0.0025878192707475102
-13.924050632911392,20.0,0.0025878161445129838
-13.417721518987342,-20.0,0.002588012310340098
-13.417721518987342,-19.49367088607595,0.002588010638085919
-13.417721518987342,-18.9873417721519,0.002588008941275617
-13.417721518987342,-18.481012658227847,0.0025880072200299463
-13.417721518987342,-17.974683544303797,0.002588005474471272
-13.417721518987342,-17.468354430379748,0.0025880037047235514
-13.417721518987342,-16.962025316455694,0.002588001910912323
-13.417721518987342,-16.455696202531644,0.0025880000931646895
-13.417721518987342,-15.949367088607595,0.002587998251609304
-13.417721518987342,-15.443037974683545,0.0025879963863763527
-13.417721518987342,-14.936708860759493,0.002587994497597543
-13.417721518987342,-14.430379746835442,0.002587992585406085
-13.417721518987342,-13.924050632911392,0.0025879906499366775
-13.417721518987342,-13.417721518987342,0.0025879886913254928
-13.417721518987342,-12.91139240506329,0.0025879867097101565
-13.417721518987342,-12.40506329113924,0.002587984705229738
-13.417721518987342,-11.89873417721519,0.0025879826780247296
-13.417721518987342,-11.39240506329114,0.0025879806282370307
-13.417721518987342,-10.886075949367088,0.002587978556009933
-13.417721518987342,-10.379746835443036,0.002587976461488103
-13.417721518987342,-9.873417721518987,0.0025879743448175624
-13.417721518987342,-9.367088607594937,0.0025879722061456787
-13.417721518987342,-8.860759493670885,0.0025879700456211373
-13.417721518987342,-8.354430379746834,0.0025879678633939354
-13.417721518987342,-7.848101265822784,0.002587965659615356
-13.417721518987342,-7.341772151898734,0.0025879634344379556
-13.417721518987342,-6.835443037974683,0.0025879611880155447
-13.417721518987342,-6.329113924050631,0.002587958920503169
-13.417721518987342,-5.822784810126581,0.002587956632057096
-13.417721518987342,-5.3164556962025316,0.0025879543228347914
-13.417721518987342,-4.81012658227848,0.002587951992994905
-13.417721518987342,-4.3037974683544284,0.0025879496426972504
-13.417721518987342,-3.7974683544303787,0.0025879472721027884
-13.417721518987342,-3.291139240506329,0.002587944881373609
-13.417721518987342,-2.784810126582279,0.0025879424706729106
-13.417721518987342,-2.278481012658226,0.0025879400401649833
-13.417721518987342,-1.772151898734176,0.002587937590015189
-13.417721518987342,-1.2658227848101262,0.0025879351203899454
-13.417721518987342,-0.7594936708860729,0.0025879326314567045
-13.417721518987342,-0.2531645569620231,0.0025879301233839346
-13.417721518987342,0.25316455696202667,0.002587927596341101
-13.417721518987342,0.7594936708860764,0.0025879250504986487
-13.417721518987342,1.2658227848101262,0.00258792248602798
-13.417721518987342,1.7721518987341796,0.0025879199031014393
-13.417721518987342,2.2784810126582293,0.002587917301892291
-13.417721518987342,2.784810126582279,0.0025879146825747014
-13.417721518987342,3.2911392405063324,0.0025879120453237187
-13.417721518987342,3.797468354430382,0.0025879093903152543
-13.417721518987342,4.303797468354432,0.0025879067177260635
-13.417721518987342,4.810126582278482,0.002587904027733725
-13.417721518987342,5.3164556962025316,0.002587901320516621
-13.417721518987342,5.822784810126585,0.002587898596253919
-13.417721518987342,6.329113924050635,0.0025878958551255526
-13.417721518987342,6.835443037974684,0.0025878930973122004
-13.417721518987342,7.341772151898738,0.0025878903229952658
-13.417721518987342,7.8481012658227876,0.002587887532356857
-13.417721518987342,8.354430379746837,0.0025878847255797715
-13.417721518987342,8.860759493670887,0.0025878819028474706
-13.417721518987342,9.367088607594937,0.0025878790643440626
-13.417721518987342,9.87341772151899,0.002587876210254282
-13.417721518987342,10.37974683544304,0.0025878733407634705
-13.417721518987342,10.88607594936709,0.0025878704560575567
-13.417721518987342,11.392405063291143,0.0025878675563230347
-13.417721518987342,11.898734177215193,0.002587864641746947
-13.417721518987342,12.405063291139243,0.002587861712516861
-13.417721518987342,12.911392405063296,0.002587858768820854
-13.417721518987342,13.417721518987342,0.0025878558108474873
-13.417721518987342,13.924050632911396,0.0025878528387857907
-13.417721518987342,14.430379746835442,0.0025878498528252416
-13.417721518987342,14.936708860759495,0.0025878468531557427
-13.417721518987342,15.443037974683548,0.0025878438399676057
-13.417721518987342,15.949367088607595,0.0025878408134515293
-13.417721518987342,16.455696202531648,0.002587837773798579
-13.417721518987342,16.9620253164557,0.002587834721200169
-13.417721518987342,17.468354430379748,0.0025878316558480396
-13.417721518987342,17.9746835443038,0.002587828577934239
-13.417721518987342,18.481012658227854,0.0025878254876511063
-13.417721518987342,18.9873417721519,0.0025878223851912453
-13.417721518987342,19.493670886075954,0.0025878192707475102
-13.417721518987342,20.0,0.0025878161445129838
-12.91139240506329,-20.0,0.002588012310340098
-12.91139240506329,-19.49367088607595,0.002588010638085919
-12.91139240506329,-18.9873417721519,0.002588008941275617
-12.91139240506329,-18.481012658227847,0.0025880072200299463
-12.91139240506329,-17.974683544303797,0.002588005474471272
-12.91139240506329,-17.468354430379748,0.0025880037047235514
-12.91139240506329,-16.962025316455694,0.002588001910912323
-12.91139240506329,-16.455696202531644,0.0025880000931646895
-12.91139240506329,-15.949367088607595,0.002587998251609304
-12.91139240506329,-15.443037974683545,0.0025879963863763527
-12.91139240506329,-14.936708860759493,0.002587994497597543
-12.91139240506329,-14.430379746835442,0.002587992585406085
-12.91139240506329,-13.924050632911392,0.0025879906499366775
-12.91139240506329,-13.417721518987342,0.0025879886913254928
-12.91139240506329,-12.91139240506329,0.0025879867097101565
-12.91139240506329,-12.40506329113924,0.002587984705229738
-12.91139240506329,-11.89873417721519,0.0025879826780247296
-12.91139240506329,-11.39240506329114,0.0025879806282370307
-12.91139240506329,-10.886075949367088,0.002587978556009933
-12.91139240506329,-10.379746835443036,0.002587976461488103
-12.91139240506329,-9.873417721518987,0.0025879743448175624
-12.91139240506329,-9.367088607594937,0.0025879722061456787
-12.91139240506329,-8.860759493670885,0.0025879700456211373
-12.91139240506329,-8.354430379746834,0.0025879678633939354
-12.91139240506329,-7.848101265822784,0.002587965659615356
-12.91139240506329,-7.341772151898734,0.0025879634344379556
-12.91139240506329,-6.835443037974683,0.0025879611880155447
-12.91139240506329,-6.329113924050631,0.002587958920503169
-12.91139240506329,-5.822784810126581,0.002587956632057096
-12.91139240506329,-5.3164556962025316,0.0025879543228347914
-12.91139240506329,-4.81012658227848,0.002587951992994905
-12.91139240506329,-4.3037974683544284,0.0025879496426972504
-12.91139240506329,-3.7974683544303787,0.0025879472721027884
-12.91139240506329,-3.291139240506329,0.002587944881373609
-12.91139240506329,-2.784810126582279,0.0025879424706729106
-12.91139240506329,-2.278481012658226,0.0025879400401649833
-12.91139240506329,-1.772151898734176,0.002587937590015189
-12.91139240506329,-1.2658227848101262,0.0025879351203899454
-12.91139240506329,-0.7594936708860729,0.0025879326314567045
-12.91139240506329,-0.2531645569620231,0.0025879301233839346
-12.91139240506329,0.25316455696202667,0.002587927596341101
-12.91139240506329,0.7594936708860764,0.0025879250504986487
-12.91139240506329,1.2658227848101262,0.00258792248602798
-12.91139240506329,1.7721518987341796,0.0025879199031014393
-12.91139240506329,2.2784810126582293,0.002587917301892291
-12.91139240506329,2.784810126582279,0.0025879146825747014
-12.91139240506329,3.2911392405063324,0.0025879120453237187
-12.91139240506329,3.797468354430382,0.0025879093903152543
-12.91139240506329,4.303797468354432,0.0025879067177260635
-12.91139240506329,4.810126582278482,0.002587904027733725
-12.91139240506329,5.3164556962025316,0.002587901320516621
-12.91139240506329,5.822784810126585,0.002587898596253919
-12.91139240506329,6.329113924050635,0.0025878958551255526
-12.91139240506329,6.835443037974684,0.0025878930973122004
-12.91139240506329,7.341772151898738,0.0025878903229952658
-12.91139240506329,7.8481012658227876,0.002587887532356857
-12.91139240506329,8.354430379746837,0.0025878847255797715
-12.91139240506329,8.860759493670887,0.0025878819028474706
-12.91139240506329,9.367088607594937,0.0025878790643440626
-12.91139240506329,9.87341772151899,0.002587876210254282
-12.91139240506329,10.37974683544304,0.0025878733407634705
-12.91139240506329,10.88607594936709,0.0025878704560575567
-12.91139240506329,11.392405063291143,0.0025878675563230347
-12.91139240506329,11.898734177215193,0.002587864641746947
-12.91139240506329,12.405063291139243,0.002587861712516861
-12.91139240506329,12.911392405063296,0.002587858768820854
-12.91139240506329,13.417721518987342,0.0025878558108474873
-12.91139240506329,13.924050632911396,0.0025878528387857907
-12.91139240506329,14.430379746835442,0.0025878498528252416
-12.91139240506329,14.936708860759495,0.0025878468531557427
-12.91139240506329,15.443037974683548,0.0025878438399676057
-12.91139240506329,15.949367088607595,0.0025878408134515293
-12.91139240506329,16.455696202531648,0.002587837773798579
-12.91139240506329,16.9620253164557,0.002587834721200169
-12.91139240506329,17.468354430379748,0.0025878316558480396
-12.91139240506329,17.9746835443038,0.002587828577934239
-12.91139240506329,18.481012658227854,0.0025878254876511063
-12.91139240506329,18.9873417721519,0.0025878223851912453
-12.91139240506329,19.493670886075954,0.0025878192707475102
-12.91139240506329,20.0,0.0025878161445129838
-12.40506329113924,-20.0,0.002588012310340098
-12.40506329113924,-19.49367088607595,0.002588010638085919
-12.40506329113924,-18.9873417721519,0.002588008941275617
-12.40506329113924,-18.481012658227847,0.0025880072200299463
-12.40506329113924,-17.974683544303797,0.002588005474471272
-12.40506329113924,-17.468354430379748,0.0025880037047235514
-12.40506329113924,-16.962025316455694,0.002588001910912323
-12.40506329113924,-16.455696202531644,0.0025880000931646895
-12.40506329113924,-15.949367088607595,0.002587998251609304
-12.40506329113924,-15.443037974683545,0.0025879963863763527
-12.40506329113924,-14.936708860759493,0.002587994497597543
-12.40506329113924,-14.430379746835442,0.002587992585406085
-12.40506329113924,-13.924050632911392,0.0025879906499366775
-12.40506329113924,-13.417721518987342,0.0025879886913254928
-12.40506329113924,-12.91139240506329,0.0025879867097101565
-12.40506329113924,-12.40506329113924,0.002587984705229738
-12.40506329113924,-11.89873417721519,0.0025879826780247296
-12.40506329113924,-11.39240506329114,0.0025879806282370307
-12.40506329113924,-10.886075949367088,0.002587978556009933
-12.40506329113924,-10.379746835443036,0.002587976461488103
-12.40506329113924,-9.873417721518987,0.0025879743448175624
-12.40506329113924,-9.367088607594937,0.0025879722061456787
-12.40506329113924,-8.860759493670885,0.0025879700456211373
-12.40506329113924,-8.354430379746834,0.0025879678633939354
-12.40506329113924,-7.848101265822784,0.002587965659615356
-12.40506329113924,-7.341772151898734,0.0025879634344379556
-12.40506329113924,-6.835443037974683,0.0025879611880155447
-12.40506329113924,-6.329113924050631,0.002587958920503169
-12.40506329113924,-5.822784810126581,0.002587956632057096
-12.40506329113924,-5.3164556962025316,0.0025879543228347914
-12.40506329113924,-4.81012658227848,0.002587951992994905
-12.40506329113924,-4.3037974683544284,0.0025879496426972504
-12.40506329113924,-3.7974683544303787,0.0025879472721027884
-12.40506329113924,-3.291139240506329,0.002587944881373609
-12.40506329113924,-2.784810126582279,0.0025879424706729106
-12.40506329113924,-2.278481012658226,0.0025879400401649833
-12.40506329113924,-1.772151898734176,0.002587937590015189
-12.40506329113924,-1.2658227848101262,0.0025879351203899454
-12.40506329113924,-0.7594936708860729,0.0025879326314567045
-12.40506329113924,-0.2531645569620231,0.0025879301233839346
-12.40506329113924,0.25316455696202667,0.002587927596341101
-12.40506329113924,0.7594936708860764,0.0025879250504986487
-12.40506329113924,1.2658227848101262,0.00258792248602798
-12.40506329113924,1.7721518987341796,0.0025879199031014393
-12.40506329113924,2.2784810126582293,0.002587917301892291
-12.40506329113924,2.784810126582279,0.0025879146825747014
-12.40506329113924,3.2911392405063324,0.0025879120453237187
-12.40506329113924,3.797468354430382,0.0025879093903152543
-12.40506329113924,4.303797468354432,0.0025879067177260635
-12.40506329113924,4.810126582278482,0.002587904027733725
-12.40506329113924,5.3164556962025316,0.002587901320516621
-12.40506329113924,5.822784810126585,0.002587898596253919
-12.40506329113924,6.329113924050635,0.0025878958551255526
-12.40506329113924,6.835443037974684,0.0025878930973122004
-12.40506329113924,7.341772151898738,0.0025878903229952658
-12.40506329113924,7.8481012658227876,0.002587887532356857
-12.40506329113924,8.354430379746837,0.0025878847255797715
-12.40506329113924,8.860759493670887,0.0025878819028474706
-12.40506329113924,9.367088607594937,0.0025878790643440626
-12.40506329113924,9.87341772151899,0.002587876210254282
-12.40506329113924,10.37974683544304,0.0025878733407634705
-12.40506329113924,10.88607594936709,0.0025878704560575567
-12.40506329113924,11.392405063291143,0.0025878675563230347
-12.40506329113924,11.898734177215193,0.002587864641746947
-12.40506329113924,12.405063291139243,0.002587861712516861
-12.40506329113924,12.911392405063296,0.002587858768820854
-12.40506329113924,13.417721518987342,0.0025878558108474873
-12.40506329113924,13.924050632911396,0.0025878528387857907
-12.40506329113924,14.430379746835442,0.0025878498528252416
-12.40506329113924,14.936708860759495,0.0025878468531557427
-12.40506329113924,15.443037974683548,0.0025878438399676057
-12.40506329113924,15.949367088607595,0.0025878408134515293
-12.40506329113924,16.455696202531648,0.002587837773798579
-12.40506329113924,16.9620253164557,0.002587834721200169
-12.40506329113924,17.468354430379748,0.0025878316558480396
-12.40506329113924,17.9746835443038,0.002587828577934239
-12.40506329113924,18.481012658227854,0.0025878254876511063
-12.40506329113924,18.9873417721519,0.0025878223851912453
-12.40506329113924,19.493670886075954,0.0025878192707475102
-12.40506329113924,20.0,0.0025878161445129838
-11.89873417721519,-20.0,0.002588012310340098
-11.89873417721519,-19.49367088607595,0.002588010638085919
-11.89873417721519,-18.9873417721519,0.002588008941275617
-11.89873417721519,-18.481012658227847,0.0025880072200299463
-11.89873417721519,-17.974683544303797,0.002588005474471272
-11.89873417721519,-17.468354430379748,0.0025880037047235514
-11.89873417721519,-16.962025316455694,0.002588001910912323
-11.89873417721519,-16.455696202531644,0.0025880000931646895
-11.89873417721519,-15.949367088607595,0.002587998251609304
-11.89873417721519,-15.443037974683545,0.0025879963863763527
-11.89873417721519,-14.936708860759493,0.002587994497597543
-11.89873417721519,-14.430379746835442,0.002587992585406085
-11.89873417721519,-13.924050632911392,0.0025879906499366775
-11.89873417721519,-13.417721518987342,0.0025879886913254928
-11.89873417721519,-12.91139240506329,0.0025879867097101565
-11.89873417721519,-12.40506329113924,0.002587984705229738
-11.89873417721519,-11.89873417721519,0.0025879826780247296
-11.89873417721519,-11.39240506329114,0.0025879806282370307
-11.89873417721519,-10.886075949367088,0.002587978556009933
-11.89873417721519,-10.379746835443036,0.002587976461488103
-11.89873417721519,-9.873417721518987,0.0025879743448175624
-11.89873417721519,-9.367088607594937,0.0025879722061456787
-11.89873417721519,-8.860759493670885,0.0025879700456211373
-11.89873417721519,-8.354430379746834,0.0025879678633939354
-11.89873417721519,-7.848101265822784,0.002587965659615356
-11.89873417721519,-7.341772151898734,0.0025879634344379556
-11.89873417721519,-6.835443037974683,0.0025879611880155447
-11.89873417721519,-6.329113924050631,0.002587958920503169
-11.89873417721519,-5.822784810126581,0.002587956632057096
-11.89873417721519,-5.3164556962025316,0.0025879543228347914
-11.89873417721519,-4.81012658227848,0.002587951992994905
-11.89873417721519,-4.3037974683544284,0.0025879496426972504
-11.89873417721519,-3.7974683544303787,0.0025879472721027884
-11.89873417721519,-3.291139240506329,0.002587944881373609
-11.89873417721519,-2.784810126582279,0.0025879424706729106
-11.89873417721519,-2.278481012658226,0.0025879400401649833
-11.89873417721519,-1.772151898734176,0.002587937590015189
-11.89873417721519,-1.2658227848101262,0.0025879351203899454
-11.89873417721519,-0.7594936708860729,0.0025879326314567045
-11.89873417721519,-0.2531645569620231,0.0025879301233839346
-11.89873417721519,0.25316455696202667,0.002587927596341101
-11.89873417721519,0.7594936708860764,0.0025879250504986487
-11.89873417721519,1.2658227848101262,0.00258792248602798
-11.89873417721519,1.7721518987341796,0.0025879199031014393
-11.89873417721519,2.2784810126582293,0.002587917301892291
-11.89873417721519,2.784810126582279,0.0025879146825747014
-11.89873417721519,3.2911392405063324,0.0025879120453237187
-11.89873417721519,3.797468354430382,0.0025879093903152543
-11.89873417721519,4.303797468354432,0.0025879067177260635
-11.89873417721519,4.810126582278482,0.002587904027733725
-11.89873417721519,5.3164556962025316,0.002587901320516621
-11.89873417721519,5.822784810126585,0.002587898596253919
-11.89873417721519,6.329113924050635,0.0025878958551255526
-11.89873417721519,6.835443037974684,0.0025878930973122004
-11.89873417721519,7.341772151898738,0.0025878903229952658
-11.89873417721519,7.8481012658227876,0.002587887532356857
-11.89873417721519,8.354430379746837,0.0025878847255797715
-11.89873417721519,8.860759493670887,0.0025878819028474706
-11.89873417721519,9.367088607594937,0.0025878790643440626
-11.89873417721519,9.87341772151899,0.002587876210254282
-11.89873417721519,10.37974683544304,0.0025878733407634705
-11.89873417721519,10.88607594936709,0.0025878704560575567
-11.89873417721519,11.392405063291143,0.0025878675563230347
-11.89873417721519,11.898734177215193,0.002587864641746947
-11.89873417721519,12.405063291139243,0.002587861712516861
-11.89873417721519,12.911392405063296,0.002587858768820854
-11.89873417721519,13.417721518987342,0.0025878558108474873
-11.89873417721519,13.924050632911396,0.0025878528387857907
-11.89873417721519,14.430379746835442,0.0025878498528252416
-11.89873417721519,14.936708860759495,0.0025878468531557427
-11.89873417721519,15.443037974683548,0.0025878438399676057
-11.89873417721519,15.949367088607595,0.0025878408134515293
-11.89873417721519,16.455696202531648,0.002587837773798579
-11.89873417721519,16.9620253164557,0.002587834721200169
-11.89873417721519,17.468354430379748,0.0025878316558480396
-11.89873417721519,17.9746835443038,0.002587828577934239
-11.89873417721519,18.481012658227854,0.0025878254876511063
-11.89873417721519,18.9873417721519,0.0025878223851912453
-11.89873417721519,19.493670886075954,0.0025878192707475102
-11.89873417721519,20.0,0.0025878161445129838
-11.39240506329114,-20.0,0.002588012310340098
-11.39240506329114,-19.49367088607595,0.002588010638085919
-11.39240506329114,-18.9873417721519,0.002588008941275617
-11.39240506329114,-18.481012658227847,0.0025880072200299463
-11.39240506329114,-17.974683544303797,0.002588005474471272
-11.39240506329114,-17.468354430379748,0.0025880037047235514
-11.39240506329114,-16.962025316455694,0.002588001910912323
-11.39240506329114,-16.455696202531644,0.0025880000931646895
-11.39240506329114,-15.949367088607595,0.002587998251609304
-11.39240506329114,-15.443037974683545,0.0025879963863763527
-11.39240506329114,-14.936708860759493,0.002587994497597543
-11.39240506329114,-14.430379746835442,0.002587992585406085
-11.39240506329114,-13.924050632911392,0.0025879906499366775
-11.39240506329114,-13.417721518987342,0.0025879886913254928
-11.39240506329114,-12.91139240506329,0.0025879867097101565
-11.39240506329114,-12.40506329113924,0.002587984705229738
-11.39240506329114,-11.89873417721519,0.0025879826780247296
-11.39240506329114,-11.39240506329114,0.0025879806282370307
-11.39240506329114,-10.886075949367088,0.002587978556009933
-11.39240506329114,-10.379746835443036,0.002587976461488103
-11.39240506329114,-9.873417721518987,0.0025879743448175624
-11.39240506329114,-9.367088607594937,0.0025879722061456787
-11.39240506329114,-8.860759493670885,0.0025879700456211373
-11.39240506329114,-8.354430379746834,0.0025879678633939354
-11.39240506329114,-7.848101265822784,0.002587965659615356
-11.39240506329114,-7.341772151898734,0.0025879634344379556
-11.39240506329114,-6.835443037974683,0.0025879611880155447
-11.39240506329114,-6.329113924050631,0.002587958920503169
-11.39240506329114,-5.822784810126581,0.002587956632057096
-11.39240506329114,-5.3164556962025316,0.0025879543228347914
-11.39240506329114,-4.81012658227848,0.002587951992994905
-11.39240506329114,-4.3037974683544284,0.0025879496426972504
-11.39240506329114,-3.7974683544303787,0.0025879472721027884
-11.39240506329114,-3.291139240506329,0.002587944881373609
-11.39240506329114,-2.784810126582279,0.0025879424706729106
-11.39240506329114,-2.278481012658226,0.0025879400401649833
-11.39240506329114,-1.772151898734176,0.002587937590015189
-11.39240506329114,-1.2658227848101262,0.0025879351203899454
-11.39240506329114,-0.7594936708860729,0.0025879326314567045
-11.39240506329114,-0.2531645569620231,0.0025879301233839346
-11.39240506329114,0.25316455696202667,0.002587927596341101
-11.39240506329114,0.7594936708860764,0.0025879250504986487
-11.39240506329114,1.2658227848101262,0.00258792248602798
-11.39240506329114,1.7721518987341796,0.0025879199031014393
-11.39240506329114,2.2784810126582293,0.002587917301892291
-11.39240506329114,2.784810126582279,0.0025879146825747014
-11.39240506329114,3.2911392405063324,0.0025879120453237187
-11.39240506329114,3.797468354430382,0.0025879093903152543
-11.39240506329114,4.303797468354432,0.0025879067177260635
-11.39240506329114,4.810126582278482,0.002587904027733725
-11.39240506329114,5.3164556962025316,0.002587901320516621
-11.39240506329114,5.822784810126585,0.002587898596253919
-11.39240506329114,6.329113924050635,0.0025878958551255526
-11.39240506329114,6.835443037974684,0.0025878930973122004
-11.39240506329114,7.341772151898738,0.0025878903229952658
-11.39240506329114,7.8481012658227876,0.002587887532356857
-11.39240506329114,8.354430379746837,0.0025878847255797715
-11.39240506329114,8.860759493670887,0.0025878819028474706
-11.39240506329114,9.367088607594937,0.0025878790643440626
-11.39240506329114,9.87341772151899,0.002587876210254282
-11.39240506329114,10.37974683544304,0.0025878733407634705
-11.39240506329114,10.88607594936709,0.0025878704560575567
-11.39240506329114,11.392405063291143,0.0025878675563230347
-11.39240506329114,11.898734177215193,0.002587864641746947
-11.39240506329114,12.405063291139243,0.002587861712516861
-11.39240506329114,12.911392405063296,0.002587858768820854
-11.39240506329114,13.417721518987342,0.0025878558108474873
-11.39240506329114,13.924050632911396,0.0025878528387857907
-11.39240506329114,14.430379746835442,0.0025878498528252416
-11.39240506329114,14.936708860759495,0.0025878468531557427
-11.39240506329114,15.443037974683548,0.0025878438399676057
-11.39240506329114,15.949367088607595,0.0025878408134515293
-11.39240506329114,16.455696202531648,0.002587837773798579
-11.39240506329114,16.9620253164557,0.002587834721200169
-11.39240506329114,17.468354430379748,0.0025878316558480396
-11.39240506329114,17.9746835443038,0.002587828577934239
-11.39240506329114,18.481012658227854,0.0025878254876511063
-11.39240506329114,18.9873417721519,0.0025878223851912453
-11.39240506329114,19.493670886075954,0.0025878192707475102
-11.39240506329114,20.0,0.0025878161445129838
-10.886075949367088,-20.0,0.002588012310340098
-10.886075949367088,-19.49367088607595,0.002588010638085919
-10.886075949367088,-18.9873417721519,0.002588008941275617
-10.886075949367088,-18.481012658227847,0.0025880072200299463
-10.886075949367088,-17.974683544303797,0.002588005474471272
-10.886075949367088,-17.468354430379748,0.0025880037047235514
-10.886075949367088,-16.962025316455694,0.002588001910912323
-10.886075949367088,-16.455696202531644,0.0025880000931646895
-10.886075949367088,-15.949367088607595,0.002587998251609304
-10.886075949367088,-15.443037974683545,0.0025879963863763527
-10.886075949367088,-14.936708860759493,0.002587994497597543
-10.886075949367088,-14.430379746835442,0.002587992585406085
-10.886075949367088,-13.924050632911392,0.0025879906499366775
-10.886075949367088,-13.417721518987342,0.0025879886913254928
-10.886075949367088,-12.91139240506329,0.0025879867097101565
-10.886075949367088,-12.40506329113924,0.002587984705229738
-10.886075949367088,-11.89873417721519,0.0025879826780247296
-10.886075949367088,-11.39240506329114,0.0025879806282370307
-10.886075949367088,-10.886075949367088,0.002587978556009933
-10.886075949367088,-10.379746835443036,0.002587976461488103
-10.886075949367088,-9.873417721518987,0.0025879743448175624
-10.886075949367088,-9.367088607594937,0.0025879722061456787
-10.886075949367088,-8.860759493670885,0.0025879700456211373
-10.886075949367088,-8.354430379746834,0.0025879678633939354
-10.886075949367088,-7.848101265822784,0.002587965659615356
-10.886075949367088,-7.341772151898734,0.0025879634344379556
-10.886075949367088,-6.835443037974683,0.0025879611880155447
-10.886075949367088,-6.329113924050631,0.002587958920503169
-10.886075949367088,-5.822784810126581,0.002587956632057096
-10.886075949367088,-5.3164556962025316,0.0025879543228347914
-10.886075949367088,-4.81012658227848,0.002587951992994905
-10.886075949367088,-4.3037974683544284,0.0025879496426972504
-10.886075949367088,-3.7974683544303787,0.0025879472721027884
-10.886075949367088,-3.291139240506329,0.002587944881373609
-10.886075949367088,-2.784810126582279,0.0025879424706729106
-10.886075949367088,-2.278481012658226,0.0025879400401649833
-10.886075949367088,-1.772151898734176,0.002587937590015189
-10.886075949367088,-1.2658227848101262,0.0025879351203899454
-10.886075949367088,-0.7594936708860729,0.0025879326314567045
-10.886075949367088,-0.2531645569620231,0.0025879301233839346
-10.886075949367088,0.25316455696202667,0.002587927596341101
-10.886075949367088,0.7594936708860764,0.0025879250504986487
-10.886075949367088,1.2658227848101262,0.00258792248602798
-10.886075949367088,1.7721518987341796,0.0025879199031014393
-10.886075949367088,2.2784810126582293,0.002587917301892291
-10.886075949367088,2.784810126582279,0.0025879146825747014
-10.886075949367088,3.2911392405063324,0.0025879120453237187
-10.886075949367088,3.797468354430382,0.0025879093903152543
-10.886075949367088,4.303797468354432,0.0025879067177260635
-10.886075949367088,4.810126582278482,0.002587904027733725
-10.886075949367088,5.3164556962025316,0.002587901320516621
-10.886075949367088,5.822784810126585,0.002587898596253919
-10.886075949367088,6.329113924050635,0.0025878958551255526
-10.886075949367088,6.835443037974684,0.0025878930973122004
-10.886075949367088,7.341772151898738,0.0025878903229952658
-10.886075949367088,7.8481012658227876,0.002587887532356857
-10.886075949367088,8.354430379746837,0.0025878847255797715
-10.886075949367088,8.860759493670887,0.0025878819028474706
-10.886075949367088,9.367088607594937,0.0025878790643440626
-10.886075949367088,9.87341772151899,0.002587876210254282
-10.886075949367088,10.37974683544304,0.0025878733407634705
-10.886075949367088,10.88607594936709,0.0025878704560575567
-10.886075949367088,11.392405063291143,0.0025878675563230347
-10.886075949367088,11.898734177215193,0.002587864641746947
-10.886075949367088,12.405063291139243,0.002587861712516861
-10.886075949367088,12.911392405063296,0.002587858768820854
-10.886075949367088,13.417721518987342,0.0025878558108474873
-10.886075949367088,13.924050632911396,0.0025878528387857907
-10.886075949367088,14.430379746835442,0.0025878498528252416
-10.886075949367088,14.936708860759495,0.0025878468531557427
-10.886075949367088,15.443037974683548,0.0025878438399676057
-10.886075949367088,15.949367088607595,0.0025878408134515293
-10.886075949367088,16.455696202531648,0.002587837773798579
-10.886075949367088,16.9620253164557,0.002587834721200169
-10.886075949367088,17.468354430379748,0.0025878316558480396
-10.886075949367088,17.9746835443038,0.002587828577934239
-10.886075949367088,18.481012658227854,0.0025878254876511063
-10.886075949367088,18.9873417721519,0.0025878223851912453
-10.886075949367088,19.493670886075954,0.0025878192707475102
-10.886075949367088,20.0,0.0025878161445129838
-10.379746835443036,-20.0,0.002588012310340098
-10.379746835443036,-19.49367088607595,0.002588010638085919
-10.379746835443036,-18.9873417721519,0.002588008941275617
-10.379746835443036,-18.481012658227847,0.0025880072200299463
-10.379746835443036,-17.974683544303797,0.002588005474471272
-10.379746835443036,-17.468354430379748,0.0025880037047235514
-10.379746835443036,-16.962025316455694,0.002588001910912323
-10.379746835443036,-16.455696202531644,0.0025880000931646895
-10.379746835443036,-15.949367088607595,0.002587998251609304
-10.379746835443036,-15.443037974683545,0.0025879963863763527
-10.379746835443036,-14.936708860759493,0.002587994497597543
-10.379746835443036,-14.430379746835442,0.002587992585406085
-10.379746835443036,-13.924050632911392,0.0025879906499366775
-10.379746835443036,-13.417721518987342,0.0025879886913254928
-10.379746835443036,-12.91139240506329,0.0025879867097101565
-10.379746835443036,-12.40506329113924,0.002587984705229738
-10.379746835443036,-11.89873417721519,0.0025879826780247296
-10.379746835443036,-11.39240506329114,0.0025879806282370307
-10.379746835443036,-10.886075949367088,0.002587978556009933
-10.379746835443036,-10.379746835443036,0.002587976461488103
-10.379746835443036,-9.873417721518987,0.0025879743448175624
-10.379746835443036,-9.367088607594937,0.0025879722061456787
-10.379746835443036,-8.860759493670885,0.0025879700456211373
-10.379746835443036,-8.354430379746834,0.0025879678633939354
-10.379746835443036,-7.848101265822784,0.002587965659615356
-10.379746835443036,-7.341772151898734,0.0025879634344379556
-10.379746835443036,-6.835443037974683,0.0025879611880155447
-10.379746835443036,-6.329113924050631,0.002587958920503169
-10.379746835443036,-5.822784810126581,0.002587956632057096
-10.379746835443036,-5.3164556962025316,0.0025879543228347914
-10.379746835443036,-4.81012658227848,0.002587951992994905
-10.379746835443036,-4.3037974683544284,0.0025879496426972504
-10.379746835443036,-3.7974683544303787,0.0025879472721027884
-10.379746835443036,-3.291139240506329,0.002587944881373609
-10.379746835443036,-2.784810126582279,0.0025879424706729106
-10.379746835443036,-2.278481012658226,0.0025879400401649833
-10.379746835443036,-1.772151898734176,0.002587937590015189
-10.379746835443036,-1.2658227848101262,0.0025879351203899454
-10.379746835443036,-0.7594936708860729,0.0025879326314567045
-10.379746835443036,-0.2531645569620231,0.0025879301233839346
-10.379746835443036,0.25316455696202667,0.002587927596341101
-10.379746835443036,0.7594936708860764,0.0025879250504986487
-10.379746835443036,1.2658227848101262,0.00258792248602798
-10.379746835443036,1.7721518987341796,0.0025879199031014393
-10.379746835443036,2.2784810126582293,0.002587917301892291
-10.379746835443036,2.784810126582279,0.0025879146825747014
-10.379746835443036,3.2911392405063324,0.0025879120453237187
-10.379746835443036,3.797468354430382,0.0025879093903152543
-10.379746835443036,4.303797468354432,0.0025879067177260635
-10.379746835443036,4.810126582278482,0.002587904027733725
-10.379746835443036,5.3164556962025316,0.002587901320516621
-10.379746835443036,5.822784810126585,0.002587898596253919
-10.379746835443036,6.329113924050635,0.0025878958551255526
-10.379746835443036,6.835443037974684,0.0025878930973122004
-10.379746835443036,7.341772151898738,0.0025878903229952658
-10.379746835443036,7.8481012658227876,0.002587887532356857
-10.379746835443036,8.354430379746837,0.0025878847255797715
-10.379746835443036,8.860759493670887,0.0025878819028474706
-10.379746835443036,9.367088607594937,0.0025878790643440626
-10.379746835443036,9.87341772151899,0.002587876210254282
-10.379746835443036,10.37974683544304,0.0025878733407634705
-10.379746835443036,10.88607594936709,0.0025878704560575567
-10.379746835443036,11.392405063291143,0.0025878675563230347
-10.379746835443036,11.898734177215193,0.002587864641746947
-10.379746835443036,12.405063291139243,0.002587861712516861
-10.379746835443036,12.911392405063296,0.002587858768820854
-10.379746835443036,13.417721518987342,0.0025878558108474873
-10.379746835443036,13.924050632911396,0.0025878528387857907
-10.379746835443036,14.430379746835442,0.0025878498528252416
-10.379746835443036,14.936708860759495,0.0025878468531557427
-10.379746835443036,15.443037974683548,0.0025878438399676057
-10.379746835443036,15.949367088607595,0.0025878408134515293
-10.379746835443036,16.455696202531648,0.002587837773798579
-10.379746835443036,16.9620253164557,0.002587834721200169
-10.379746835443036,17.468354430379748,0.0025878316558480396
-10.379746835443036,17.9746835443038,0.002587828577934239
-10.379746835443036,18.481012658227854,0.0025878254876511063
-10.379746835443036,18.9873417721519,0.0025878223851912453
-10.379746835443036,19.493670886075954,0.0025878192707475102
-10.379746835443036,20.0,0.0025878161445129838
-9.873417721518987,-20.0,0.002588012310340098
-9.873417721518987,-19.49367088607595,0.002588010638085919
-9.873417721518987,-18.9873417721519,0.002588008941275617
-9.873417721518987,-18.481012658227847,0.0025880072200299463
-9.873417721518987,-17.974683544303797,0.002588005474471272
-9.873417721518987,-17.468354430379748,0.0025880037047235514
-9.873417721518987,-16.962025316455694,0.002588001910912323
-9.873417721518987,-16.455696202531644,0.0025880000931646895
-9.873417721518987,-15.949367088607595,0.002587998251609304
-9.873417721518987,-15.443037974683545,0.0025879963863763527
-9.873417721518987,-14.936708860759493,0.002587994497597543
-9.873417721518987,-14.430379746835442,0.002587992585406085
-9.873417721518987,-13.924050632911392,0.0025879906499366775
-9.873417721518987,-13.417721518987342,0.0025879886913254928
-9.873417721518987,-12.91139240506329,0.0025879867097101565
-9.873417721518987,-12.40506329113924,0.002587984705229738
-9.873417721518987,-11.89873417721519,0.0025879826780247296
-9.873417721518987,-11.39240506329114,0.0025879806282370307
-9.873417721518987,-10.886075949367088,0.002587978556009933
-9.873417721518987,-10.379746835443036,0.002587976461488103
-9.873417721518987,-9.873417721518987,0.0025879743448175624
-9.873417721518987,-9.367088607594937,0.0025879722061456787
-9.873417721518987,-8.860759493670885,0.0025879700456211373
-9.873417721518987,-8.354430379746834,0.0025879678633939354
-9.873417721518987,-7.848101265822784,0.002587965659615356
-9.873417721518987,-7.341772151898734,0.0025879634344379556
-9.873417721518987,-6.835443037974683,0.0025879611880155447
-9.873417721518987,-6.329113924050631,0.002587958920503169
-9.873417721518987,-5.822784810126581,0.002587956632057096
-9.873417721518987,-5.3164556962025316,0.0025879543228347914
-9.873417721518987,-4.81012658227848,0.002587951992994905
-9.873417721518987,-4.3037974683544284,0.0025879496426972504
-9.873417721518987,-3.7974683544303787,0.0025879472721027884
-9.873417721518987,-3.291139240506329,0.002587944881373609
-9.873417721518987,-2.784810126582279,0.0025879424706729106
-9.873417721518987,-2.278481012658226,0.0025879400401649833
-9.873417721518987,-1.772151898734176,0.002587937590015189
-9.873417721518987,-1.2658227848101262,0.0025879351203899454
-9.873417721518987,-0.7594936708860729,0.0025879326314567045
-9.873417721518987,-0.2531645569620231,0.0025879301233839346
-9.873417721518987,0.25316455696202667,0.002587927596341101
-9.873417721518987,0.7594936708860764,0.0025879250504986487
-9.873417721518987,1.2658227848101262,0.00258792248602798
-9.873417721518987,1.7721518987341796,0.0025879199031014393
-9.873417721518987,2.2784810126582293,0.002587917301892291
-9.873417721518987,2.784810126582279,0.0025879146825747014
-9.873417721518987,3.2911392405063324,0.0025879120453237187
-9.873417721518987,3.797468354430382,0.0025879093903152543
-9.873417721518987,4.303797468354432,0.0025879067177260635
-9.873417721518987,4.810126582278482,0.002587904027733725
-9.873417721518987,5.3164556962025316,0.002587901320516621
-9.873417721518987,5.822784810126585,0.002587898596253919
-9.873417721518987,6.329113924050635,0.0025878958551255526
-9.873417721518987,6.835443037974684,0.0025878930973122004
-9.873417721518987,7.341772151898738,0.0025878903229952658
-9.873417721518987,7.8481012658227876,0.002587887532356857
-9.873417721518987,8.354430379746837,0.0025878847255797715
-9.873417721518987,8.860759493670887,0.0025878819028474706
-9.873417721518987,9.367088607594937,0.0025878790643440626
-9.873417721518987,9.87341772151899,0.002587876210254282
-9.873417721518987,10.37974683544304,0.0025878733407634705
-9.873417721518987,10.88607594936709,0.0025878704560575567
-9.873417721518987,11.392405063291143,0.0025878675563230347
-9.873417721518987,11.898734177215193,0.002587864641746947
-9.873417721518987,12.405063291139243,0.002587861712516861
-9.873417721518987,12.911392405063296,0.002587858768820854
-9.873417721518987,13.417721518987342,0.0025878558108474873
-9.873417721518987,13.924050632911396,0.0025878528387857907
-9.873417721518987,14.430379746835442,0.0025878498528252416
-9.873417721518987,14.936708860759495,0.0025878468531557427
-9.873417721518987,15.443037974683548,0.0025878438399676057
-9.873417721518987,15.949367088607595,0.0025878408134515293
-9.873417721518987,16.455696202531648,0.002587837773798579
-9.873417721518987,16.9620253164557,0.002587834721200169
-9.873417721518987,17.468354430379748,0.0025878316558480396
-9.873417721518987,17.9746835443038,0.002587828577934239
-9.873417721518987,18.481012658227854,0.0025878254876511063
-9.873417721518987,18.9873417721519,0.0025878223851912453
-9.873417721518987,19.493670886075954,0.0025878192707475102
-9.873417721518987,20.0,0.0025878161445129838
-9.367088607594937,-20.0,0.002588012310340098
-9.367088607594937,-19.49367088607595,0.002588010638085919
-9.367088607594937,-18.9873417721519,0.002588008941275617
-9.367088607594937,-18.481012658227847,0.0025880072200299463
-9.367088607594937,-17.974683544303797,0.002588005474471272
-9.367088607594937,-17.468354430379748,0.0025880037047235514
-9.367088607594937,-16.962025316455694,0.002588001910912323
-9.367088607594937,-16.455696202531644,0.0025880000931646895
-9.367088607594937,-15.949367088607595,0.002587998251609304
-9.367088607594937,-15.443037974683545,0.0025879963863763527
-9.367088607594937,-14.936708860759493,0.002587994497597543
-9.367088607594937,-14.430379746835442,0.002587992585406085
-9.367088607594937,-13.924050632911392,0.0025879906499366775
-9.367088607594937,-13.417721518987342,0.0025879886913254928
-9.367088607594937,-12.91139240506329,0.0025879867097101565
-9.367088607594937,-12.40506329113924,0.002587984705229738
-9.367088607594937,-11.89873417721519,0.0025879826780247296
-9.367088607594937,-11.39240506329114,0.0025879806282370307
-9.367088607594937,-10.886075949367088,0.002587978556009933
-9.367088607594937,-10.379746835443036,0.002587976461488103
-9.367088607594937,-9.873417721518987,0.0025879743448175624
-9.367088607594937,-9.367088607594937,0.0025879722061456787
-9.367088607594937,-8.860759493670885,0.0025879700456211373
-9.367088607594937,-8.354430379746834,0.0025879678633939354
-9.367088607594937,-7.848101265822784,0.002587965659615356
-9.367088607594937,-7.341772151898734,0.0025879634344379556
-9.367088607594937,-6.835443037974683,0.0025879611880155447
-9.367088607594937,-6.329113924050631,0.002587958920503169
-9.367088607594937,-5.822784810126581,0.002587956632057096
-9.367088607594937,-5.3164556962025316,0.0025879543228347914
-9.367088607594937,-4.81012658227848,0.002587951992994905
-9.367088607594937,-4.3037974683544284,0.0025879496426972504
-9.367088607594937,-3.7974683544303787,0.0025879472721027884
-9.367088607594937,-3.291139240506329,0.002587944881373609
-9.367088607594937,-2.784810126582279,0.0025879424706729106
-9.367088607594937,-2.278481012658226,0.0025879400401649833
-9.367088607594937,-1.772151898734176,0.002587937590015189
-9.367088607594937,-1.2658227848101262,0.0025879351203899454
-9.367088607594937,-0.7594936708860729,0.0025879326314567045
-9.367088607594937,-0.2531645569620231,0.0025879301233839346
-9.367088607594937,0.25316455696202667,0.002587927596341101
-9.367088607594937,0.7594936708860764,0.0025879250504986487
-9.367088607594937,1.2658227848101262,0.00258792248602798
-9.367088607594937,1.7721518987341796,0.0025879199031014393
-9.367088607594937,2.2784810126582293,0.002587917301892291
-9.367088607594937,2.784810126582279,0.0025879146825747014
-9.367088607594937,3.2911392405063324,0.0025879120453237187
-9.367088607594937,3.797468354430382,0.0025879093903152543
-9.367088607594937,4.303797468354432,0.0025879067177260635
-9.367088607594937,4.810126582278482,0.002587904027733725
-9.367088607594937,5.3164556962025316,0.002587901320516621
-9.367088607594937,5.822784810126585,0.002587898596253919
-9.367088607594937,6.329113924050635,0.0025878958551255526
-9.367088607594937,6.835443037974684,0.0025878930973122004
-9.367088607594937,7.341772151898738,0.0025878903229952658
-9.367088607594937,7.8481012658227876,0.002587887532356857
-9.367088607594937,8.354430379746837,0.0025878847255797715
-9.367088607594937,8.860759493670887,0.0025878819028474706
-9.367088607594937,9.367088607594937,0.0025878790643440626
-9.367088607594937,9.87341772151899,0.002587876210254282
-9.367088607594937,10.37974683544304,0.0025878733407634705
-9.367088607594937,10.88607594936709,0.0025878704560575567
-9.367088607594937,11.392405063291143,0.0025878675563230347
-9.367088607594937,11.898734177215193,0.002587864641746947
-9.367088607594937,12.405063291139243,0.002587861712516861
-9.367088607594937,12.911392405063296,0.002587858768820854
-9.367088607594937,13.417721518987342,0.0025878558108474873
-9.367088607594937,13.924050632911396,0.0025878528387857907
-9.367088607594937,14.430379746835442,0.0025878498528252416
-9.367088607594937,14.936708860759495,0.0025878468531557427
-9.367088607594937,15.443037974683548,0.0025878438399676057
-9.367088607594937,15.949367088607595,0.0025878408134515293
-9.367088607594937,16.455696202531648,0.002587837773798579
-9.367088607594937,16.9620253164557,0.002587834721200169
-9.367088607594937,17.468354430379748,0.0025878316558480396
-9.367088607594937,17.9746835443038,0.002587828577934239
-9.367088607594937,18.481012658227854,0.0025878254876511063
-9.367088607594937,18.9873417721519,0.0025878223851912453
-9.367088607594937,19.493670886075954,0.0025878192707475102
-9.367088607594937,20.0,0.0025878161445129838
-8.860759493670885,-20.0,0.002588012310340098
-8.860759493670885,-19.49367088607595,0.002588010638085919
-8.860759493670885,-18.9873417721519,0.002588008941275617
-8.860759493670885,-18.481012658227847,0.0025880072200299463
-8.860759493670885,-17.974683544303797,0.002588005474471272
-8.860759493670885,-17.468354430379748,0.0025880037047235514
-8.860759493670885,-16.962025316455694,0.002588001910912323
-8.860759493670885,-16.455696202531644,0.0025880000931646895
-8.860759493670885,-15.949367088607595,0.002587998251609304
-8.860759493670885,-15.443037974683545,0.0025879963863763527
-8.860759493670885,-14.936708860759493,0.002587994497597543
-8.860759493670885,-14.430379746835442,0.002587992585406085
-8.860759493670885,-13.924050632911392,0.0025879906499366775
-8.860759493670885,-13.417721518987342,0.0025879886913254928
-8.860759493670885,-12.91139240506329,0.0025879867097101565
-8.860759493670885,-12.40506329113924,0.002587984705229738
-8.860759493670885,-11.89873417721519,0.0025879826780247296
-8.860759493670885,-11.39240506329114,0.0025879806282370307
-8.860759493670885,-10.886075949367088,0.002587978556009933
-8.860759493670885,-10.379746835443036,0.002587976461488103
-8.860759493670885,-9.873417721518987,0.0025879743448175624
-8.860759493670885,-9.367088607594937,0.0025879722061456787
-8.860759493670885,-8.860759493670885,0.0025879700456211373
-8.860759493670885,-8.354430379746834,0.0025879678633939354
-8.860759493670885,-7.848101265822784,0.002587965659615356
-8.860759493670885,-7.341772151898734,0.0025879634344379556
-8.860759493670885,-6.835443037974683,0.0025879611880155447
-8.860759493670885,-6.329113924050631,0.002587958920503169
-8.860759493670885,-5.822784810126581,0.002587956632057096
-8.860759493670885,-5.3164556962025316,0.0025879543228347914
-8.860759493670885,-4.81012658227848,0.002587951992994905
-8.860759493670885,-4.3037974683544284,0.0025879496426972504
-8.860759493670885,-3.7974683544303787,0.0025879472721027884
-8.860759493670885,-3.291139240506329,0.002587944881373609
-8.860759493670885,-2.784810126582279,0.0025879424706729106
-8.860759493670885,-2.278481012658226,0.0025879400401649833
-8.860759493670885,-1.772151898734176,0.002587937590015189
-8.860759493670885,-1.2658227848101262,0.0025879351203899454
-8.860759493670885,-0.7594936708860729,0.0025879326314567045
-8.860759493670885,-0.2531645569620231,0.0025879301233839346
-8.860759493670885,0.25316455696202667,0.002587927596341101
-8.860759493670885,0.7594936708860764,0.0025879250504986487
-8.860759493670885,1.2658227848101262,0.00258792248602798
-8.860759493670885,1.7721518987341796,0.0025879199031014393
-8.860759493670885,2.2784810126582293,0.002587917301892291
-8.860759493670885,2.784810126582279,0.0025879146825747014
-8.860759493670885,3.2911392405063324,0.0025879120453237187
-8.860759493670885,3.797468354430382,0.0025879093903152543
-8.860759493670885,4.303797468354432,0.0025879067177260635
-8.860759493670885,4.810126582278482,0.002587904027733725
-8.860759493670885,5.3164556962025316,0.002587901320516621
-8.860759493670885,5.822784810126585,0.002587898596253919
-8.860759493670885,6.329113924050635,0.0025878958551255526
-8.860759493670885,6.835443037974684,0.0025878930973122004
-8.860759493670885,7.341772151898738,0.0025878903229952658
-8.860759493670885,7.8481012658227876,0.002587887532356857
-8.860759493670885,8.354430379746837,0.0025878847255797715
-8.860759493670885,8.860759493670887,0.0025878819028474706
-8.860759493670885,9.367088607594937,0.0025878790643440626
-8.860759493670885,9.87341772151899,0.002587876210254282
-8.860759493670885,10.37974683544304,0.0025878733407634705
-8.860759493670885,10.88607594936709,0.0025878704560575567
-8.860759493670885,11.392405063291143,0.0025878675563230347
-8.860759493670885,11.898734177215193,0.002587864641746947
-8.860759493670885,12.405063291139243,0.002587861712516861
-8.860759493670885,12.911392405063296,0.002587858768820854
-8.860759493670885,13.417721518987342,0.0025878558108474873
-8.860759493670885,13.924050632911396,0.0025878528387857907
-8.860759493670885,14.430379746835442,0.0025878498528252416
-8.860759493670885,14.936708860759495,0.0025878468531557427
-8.860759493670885,15.443037974683548,0.0025878438399676057
-8.860759493670885,15.949367088607595,0.0025878408134515293
-8.860759493670885,16.455696202531648,0.002587837773798579
-8.860759493670885,16.9620253164557,0.002587834721200169
-8.860759493670885,17.468354430379748,0.0025878316558480396
-8.860759493670885,17.9746835443038,0.002587828577934239
-8.860759493670885,18.481012658227854,0.0025878254876511063
-8.860759493670885,18.9873417721519,0.0025878223851912453
-8.860759493670885,19.493670886075954,0.0025878192707475102
-8.860759493670885,20.0,0.0025878161445129838
-8.354430379746834,-20.0,0.002588012310340098
-8.354430379746834,-19.49367088607595,0.002588010638085919
-8.354430379746834,-18.9873417721519,0.002588008941275617
-8.354430379746834,-18.481012658227847,0.0025880072200299463
-8.354430379746834,-17.974683544303797,0.002588005474471272
-8.354430379746834,-17.468354430379748,0.0025880037047235514
-8.354430379746834,-16.962025316455694,0.002588001910912323
-8.354430379746834,-16.455696202531644,0.0025880000931646895
-8.354430379746834,-15.949367088607595,0.002587998251609304
-8.354430379746834,-15.443037974683545,0.0025879963863763527
-8.354430379746834,-14.936708860759493,0.002587994497597543
-8.354430379746834,-14.430379746835442,0.002587992585406085
-8.354430379746834,-13.924050632911392,0.0025879906499366775
-8.354430379746834,-13.417721518987342,0.0025879886913254928
-8.354430379746834,-12.91139240506329,0.0025879867097101565
-8.354430379746834,-12.40506329113924,0.002587984705229738
-8.354430379746834,-11.89873417721519,0.0025879826780247296
-8.354430379746834,-11.39240506329114,0.0025879806282370307
-8.354430379746834,-10.886075949367088,0.002587978556009933
-8.354430379746834,-10.379746835443036,0.002587976461488103
-8.354430379746834,-9.873417721518987,0.0025879743448175624
-8.354430379746834,-9.367088607594937,0.0025879722061456787
-8.354430379746834,-8.860759493670885,0.0025879700456211373
-8.354430379746834,-8.354430379746834,0.0025879678633939354
-8.354430379746834,-7.848101265822784,0.002587965659615356
-8.354430379746834,-7.341772151898734,0.0025879634344379556
-8.354430379746834,-6.835443037974683,0.0025879611880155447
-8.354430379746834,-6.329113924050631,0.002587958920503169
-8.354430379746834,-5.822784810126581,0.002587956632057096
-8.354430379746834,-5.3164556962025316,0.0025879543228347914
-8.354430379746834,-4.81012658227848,0.002587951992994905
-8.354430379746834,-4.3037974683544284,0.0025879496426972504
-8.354430379746834,-3.7974683544303787,0.0025879472721027884
-8.354430379746834,-3.291139240506329,0.002587944881373609
-8.354430379746834,-2.784810126582279,0.0025879424706729106
-8.354430379746834,-2.278481012658226,0.0025879400401649833
-8.354430379746834,-1.772151898734176,0.002587937590015189
-8.354430379746834,-1.2658227848101262,0.0025879351203899454
-8.354430379746834,-0.7594936708860729,0.0025879326314567045
-8.354430379746834,-0.2531645569620231,0.0025879301233839346
-8.354430379746834,0.25316455696202667,0.002587927596341101
-8.354430379746834,0.7594936708860764,0.0025879250504986487
-8.354430379746834,1.2658227848101262,0.00258792248602798
-8.354430379746834,1.7721518987341796,0.0025879199031014393
-8.354430379746834,2.2784810126582293,0.002587917301892291
-8.354430379746834,2.784810126582279,0.0025879146825747014
-8.354430379746834,3.2911392405063324,0.0025879120453237187
-8.354430379746834,3.797468354430382,0.0025879093903152543
-8.354430379746834,4.303797468354432,0.0025879067177260635
-8.354430379746834,4.810126582278482,0.002587904027733725
-8.354430379746834,5.3164556962025316,0.002587901320516621
-8.354430379746834,5.822784810126585,0.002587898596253919
-8.354430379746834,6.329113924050635,0.0025878958551255526
-8.354430379746834,6.835443037974684,0.0025878930973122004
-8.354430379746834,7.341772151898738,0.0025878903229952658
-8.354430379746834,7.8481012658227876,0.002587887532356857
-8.354430379746834,8.354430379746837,0.0025878847255797715
-8.354430379746834,8.860759493670887,0.0025878819028474706
-8.354430379746834,9.367088607594937,0.0025878790643440626
-8.354430379746834,9.87341772151899,0.002587876210254282
-8.354430379746834,10.37974683544304,0.0025878733407634705
-8.354430379746834,10.88607594936709,0.0025878704560575567
-8.354430379746834,11.392405063291143,0.0025878675563230347
-8.354430379746834,11.898734177215193,0.002587864641746947
-8.354430379746834,12.405063291139243,0.002587861712516861
-8.354430379746834,12.911392405063296,0.002587858768820854
-8.354430379746834,13.417721518987342,0.0025878558108474873
-8.354430379746834,13.924050632911396,0.0025878528387857907
-8.354430379746834,14.430379746835442,0.0025878498528252416
-8.354430379746834,14.936708860759495,0.0025878468531557427
-8.354430379746834,15.443037974683548,0.0025878438399676057
-8.354430379746834,15.949367088607595,0.0025878408134515293
-8.354430379746834,16.455696202531648,0.002587837773798579
-8.354430379746834,16.9620253164557,0.002587834721200169
-8.354430379746834,17.468354430379748,0.0025878316558480396
-8.354430379746834,17.9746835443038,0.002587828577934239
-8.354430379746834,18.481012658227854,0.0025878254876511063
-8.354430379746834,18.9873417721519,0.0025878223851912453
-8.354430379746834,19.493670886075954,0.0025878192707475102
-8.354430379746834,20.0,0.0025878161445129838
-7.848101265822784,-20.0,0.002588012310340098
-7.848101265822784,-19.49367088607595,0.002588010638085919
-7.848101265822784,-18.9873417721519,0.002588008941275617
-7.848101265822784,-18.481012658227847,0.0025880072200299463
-7.848101265822784,-17.974683544303797,0.002588005474471272
-7.848101265822784,-17.468354430379748,0.0025880037047235514
-7.848101265822784,-16.962025316455694,0.002588001910912323
-7.848101265822784,-16.455696202531644,0.0025880000931646895
-7.848101265822784,-15.949367088607595,0.002587998251609304
-7.848101265822784,-15.443037974683545,0.0025879963863763527
-7.848101265822784,-14.936708860759493,0.002587994497597543
-7.848101265822784,-14.430379746835442,0.002587992585406085
-7.848101265822784,-13.924050632911392,0.0025879906499366775
-7.848101265822784,-13.417721518987342,0.0025879886913254928
-7.848101265822784,-12.91139240506329,0.0025879867097101565
-7.848101265822784,-12.40506329113924,0.002587984705229738
-7.848101265822784,-11.89873417721519,0.0025879826780247296
-7.848101265822784,-11.39240506329114,0.0025879806282370307
-7.848101265822784,-10.886075949367088,0.002587978556009933
-7.848101265822784,-10.379746835443036,0.002587976461488103
-7.848101265822784,-9.873417721518987,0.0025879743448175624
-7.848101265822784,-9.367088607594937,0.0025879722061456787
-7.848101265822784,-8.860759493670885,0.0025879700456211373
-7.848101265822784,-8.354430379746834,0.0025879678633939354
-7.848101265822784,-7.848101265822784,0.002587965659615356
-7.848101265822784,-7.341772151898734,0.0025879634344379556
-7.848101265822784,-6.835443037974683,0.0025879611880155447
-7.848101265822784,-6.329113924050631,0.002587958920503169
-7.848101265822784,-5.822784810126581,0.002587956632057096
-7.848101265822784,-5.3164556962025316,0.0025879543228347914
-7.848101265822784,-4.81012658227848,0.002587951992994905
-7.848101265822784,-4.3037974683544284,0.0025879496426972504
-7.848101265822784,-3.7974683544303787,0.0025879472721027884
-7.848101265822784,-3.291139240506329,0.002587944881373609
-7.848101265822784,-2.784810126582279,0.0025879424706729106
-7.848101265822784,-2.278481012658226,0.0025879400401649833
-7.848101265822784,-1.772151898734176,0.002587937590015189
-7.848101265822784,-1.2658227848101262,0.0025879351203899454
-7.848101265822784,-0.7594936708860729,0.0025879326314567045
-7.848101265822784,-0.2531645569620231,0.0025879301233839346
-7.848101265822784,0.25316455696202667,0.002587927596341101
-7.848101265822784,0.7594936708860764,0.0025879250504986487
-7.848101265822784,1.2658227848101262,0.00258792248602798
-7.848101265822784,1.7721518987341796,0.0025879199031014393
-7.848101265822784,2.2784810126582293,0.002587917301892291
-7.848101265822784,2.784810126582279,0.0025879146825747014
-7.848101265822784,3.2911392405063324,0.0025879120453237187
-7.848101265822784,3.797468354430382,0.0025879093903152543
-7.848101265822784,4.303797468354432,0.0025879067177260635
-7.848101265822784,4.810126582278482,0.002587904027733725
-7.848101265822784,5.3164556962025316,0.002587901320516621
-7.848101265822784,5.822784810126585,0.002587898596253919
-7.848101265822784,6.329113924050635,0.0025878958551255526
-7.848101265822784,6.835443037974684,0.0025878930973122004
-7.848101265822784,7.341772151898738,0.0025878903229952658
-7.848101265822784,7.8481012658227876,0.002587887532356857
-7.848101265822784,8.354430379746837,0.0025878847255797715
-7.848101265822784,8.860759493670887,0.0025878819028474706
-7.848101265822784,9.367088607594937,0.0025878790643440626
-7.848101265822784,9.87341772151899,0.002587876210254282
-7.848101265822784,10.37974683544304,0.0025878733407634705
-7.848101265822784,10.88607594936709,0.0025878704560575567
-7.848101265822784,11.392405063291143,0.0025878675563230347
-7.848101265822784,11.898734177215193,0.002587864641746947
-7.848101265822784,12.405063291139243,0.002587861712516861
-7.848101265822784,12.911392405063296,0.002587858768820854
-7.848101265822784,13.417721518987342,0.0025878558108474873
-7.848101265822784,13.924050632911396,0.0025878528387857907
-7.848101265822784,14.430379746835442,0.0025878498528252416
-7.848101265822784,14.936708860759495,0.0025878468531557427
-7.848101265822784,15.443037974683548,0.0025878438399676057
-7.848101265822784,15.949367088607595,0.0025878408134515293
-7.848101265822784,16.455696202531648,0.002587837773798579
-7.848101265822784,16.9620253164557,0.002587834721200169
-7.848101265822784,17.468354430379748,0.0025878316558480396
-7.848101265822784,17.9746835443038,0.002587828577934239
-7.848101265822784,18.481012658227854,0.0025878254876511063
-7.848101265822784,18.9873417721519,0.0025878223851912453
-7.848101265822784,19.493670886075954,0.0025878192707475102
-7.848101265822784,20.0,0.0025878161445129838
-7.341772151898734,-20.0,0.002588012310340098
-7.341772151898734,-19.49367088607595,0.002588010638085919
-7.341772151898734,-18.9873417721519,0.002588008941275617
-7.341772151898734,-18.481012658227847,0.0025880072200299463
-7.341772151898734,-17.974683544303797,0.002588005474471272
-7.341772151898734,-17.468354430379748,0.0025880037047235514
-7.341772151898734,-16.962025316455694,0.002588001910912323
-7.341772151898734,-16.455696202531644,0.0025880000931646895
-7.341772151898734,-15.949367088607595,0.002587998251609304
-7.341772151898734,-15.443037974683545,0.0025879963863763527
-7.341772151898734,-14.936708860759493,0.002587994497597543
-7.341772151898734,-14.430379746835442,0.002587992585406085
-7.341772151898734,-13.924050632911392,0.0025879906499366775
-7.341772151898734,-13.417721518987342,0.0025879886913254928
-7.341772151898734,-12.91139240506329,0.0025879867097101565
-7.341772151898734,-12.40506329113924,0.002587984705229738
-7.341772151898734,-11.89873417721519,0.0025879826780247296
-7.341772151898734,-11.39240506329114,0.0025879806282370307
-7.341772151898734,-10.886075949367088,0.002587978556009933
-7.341772151898734,-10.379746835443036,0.002587976461488103
-7.341772151898734,-9.873417721518987,0.0025879743448175624
-7.341772151898734,-9.367088607594937,0.0025879722061456787
-7.341772151898734,-8.860759493670885,0.0025879700456211373
-7.341772151898734,-8.354430379746834,0.0025879678633939354
-7.341772151898734,-7.848101265822784,0.002587965659615356
-7.341772151898734,-7.341772151898734,0.0025879634344379556
-7.341772151898734,-6.835443037974683,0.0025879611880155447
-7.341772151898734,-6.329113924050631,0.002587958920503169
-7.341772151898734,-5.822784810126581,0.002587956632057096
-7.341772151898734,-5.3164556962025316,0.0025879543228347914
-7.341772151898734,-4.81012658227848,0.002587951992994905
-7.341772151898734,-4.3037974683544284,0.0025879496426972504
-7.341772151898734,-3.7974683544303787,0.0025879472721027884
-7.341772151898734,-3.291139240506329,0.002587944881373609
-7.341772151898734,-2.784810126582279,0.0025879424706729106
-7.341772151898734,-2.278481012658226,0.0025879400401649833
-7.341772151898734,-1.772151898734176,0.002587937590015189
-7.341772151898734,-1.2658227848101262,0.0025879351203899454
-7.341772151898734,-0.7594936708860729,0.0025879326314567045
-7.341772151898734,-0.2531645569620231,0.0025879301233839346
-7.341772151898734,0.25316455696202667,0.002587927596341101
-7.341772151898734,0.7594936708860764,0.0025879250504986487
-7.341772151898734,1.2658227848101262,0.00258792248602798
-7.341772151898734,1.7721518987341796,0.0025879199031014393
-7.341772151898734,2.2784810126582293,0.002587917301892291
-7.341772151898734,2.784810126582279,0.0025879146825747014
-7.341772151898734,3.2911392405063324,0.0025879120453237187
-7.341772151898734,3.797468354430382,0.0025879093903152543
-7.341772151898734,4.303797468354432,0.0025879067177260635
-7.341772151898734,4.810126582278482,0.002587904027733725
-7.341772151898734,5.3164556962025316,0.002587901320516621
-7.341772151898734,5.822784810126585,0.002587898596253919
-7.341772151898734,6.329113924050635,0.0025878958551255526
-7.341772151898734,6.835443037974684,0.0025878930973122004
-7.341772151898734,7.341772151898738,0.0025878903229952658
-7.341772151898734,7.8481012658227876,0.002587887532356857
-7.341772151898734,8.354430379746837,0.0025878847255797715
-7.341772151898734,8.860759493670887,0.0025878819028474706
-7.341772151898734,9.367088607594937,0.0025878790643440626
-7.341772151898734,9.87341772151899,0.002587876210254282
-7.341772151898734,10.37974683544304,0.0025878733407634705
-7.341772151898734,10.88607594936709,0.0025878704560575567
-7.341772151898734,11.392405063291143,0.0025878675563230347
-7.341772151898734,11.898734177215193,0.002587864641746947
-7.341772151898734,12.405063291139243,0.002587861712516861
-7.341772151898734,12.911392405063296,0.002587858768820854
-7.341772151898734,13.417721518987342,0.0025878558108474873
-7.341772151898734,13.924050632911396,0.0025878528387857907
-7.341772151898734,14.430379746835442,0.0025878498528252416
-7.341772151898734,14.936708860759495,0.0025878468531557427
-7.341772151898734,15.443037974683548,0.0025878438399676057
-7.341772151898734,15.949367088607595,0.0025878408134515293
-7.341772151898734,16.455696202531648,0.002587837773798579
-7.341772151898734,16.9620253164557,0.002587834721200169
-7.341772151898734,17.468354430379748,0.0025878316558480396
-7.341772151898734,17.9746835443038,0.002587828577934239
-7.341772151898734,18.481012658227854,0.0025878254876511063
-7.341772151898734,18.9873417721519,0.0025878223851912453
-7.341772151898734,19.493670886075954,0.0025878192707475102
-7.341772151898734,20.0,0.0025878161445129838
-6.835443037974683,-20.0,0.002588012310340098
-6.835443037974683,-19.49367088607595,0.002588010638085919
-6.835443037974683,-18.9873417721519,0.002588008941275617
-6.835443037974683,-18.481012658227847,0.0025880072200299463
-6.835443037974683,-17.974683544303797,0.002588005474471272
-6.835443037974683,-17.468354430379748,0.0025880037047235514
-6.835443037974683,-16.962025316455694,0.002588001910912323
-6.835443037974683,-16.455696202531644,0.0025880000931646895
-6.835443037974683,-15.949367088607595,0.002587998251609304
-6.835443037974683,-15.443037974683545,0.0025879963863763527
-6.835443037974683,-14.936708860759493,0.002587994497597543
-6.835443037974683,-14.430379746835442,0.002587992585406085
-6.835443037974683,-13.924050632911392,0.0025879906499366775
-6.835443037974683,-13.417721518987342,0.0025879886913254928
-6.835443037974683,-12.91139240506329,0.0025879867097101565
-6.835443037974683,-12.40506329113924,0.002587984705229738
-6.835443037974683,-11.89873417721519,0.0025879826780247296
-6.835443037974683,-11.39240506329114,0.0025879806282370307
-6.835443037974683,-10.886075949367088,0.002587978556009933
-6.835443037974683,-10.379746835443036,0.002587976461488103
-6.835443037974683,-9.873417721518987,0.0025879743448175624
-6.835443037974683,-9.367088607594937,0.0025879722061456787
-6.835443037974683,-8.860759493670885,0.0025879700456211373
-6.835443037974683,-8.354430379746834,0.0025879678633939354
-6.835443037974683,-7.848101265822784,0.002587965659615356
-6.835443037974683,-7.341772151898734,0.0025879634344379556
-6.835443037974683,-6.835443037974683,0.0025879611880155447
-6.835443037974683,-6.329113924050631,0.002587958920503169
-6.835443037974683,-5.822784810126581,0.002587956632057096
-6.835443037974683,-5.3164556962025316,0.0025879543228347914
-6.835443037974683,-4.81012658227848,0.002587951992994905
-6.835443037974683,-4.3037974683544284,0.0025879496426972504
-6.835443037974683,-3.7974683544303787,0.0025879472721027884
-6.835443037974683,-3.291139240506329,0.002587944881373609
-6.835443037974683,-2.784810126582279,0.0025879424706729106
-6.835443037974683,-2.278481012658226,0.0025879400401649833
-6.835443037974683,-1.772151898734176,0.002587937590015189
-6.835443037974683,-1.2658227848101262,0.0025879351203899454
-6.835443037974683,-0.7594936708860729,0.0025879326314567045
-6.835443037974683,-0.2531645569620231,0.0025879301233839346
-6.835443037974683,0.25316455696202667,0.002587927596341101
-6.835443037974683,0.7594936708860764,0.0025879250504986487
-6.835443037974683,1.2658227848101262,0.00258792248602798
-6.835443037974683,1.7721518987341796,0.0025879199031014393
-6.835443037974683,2.2784810126582293,0.002587917301892291
-6.835443037974683,2.784810126582279,0.0025879146825747014
-6.835443037974683,3.2911392405063324,0.0025879120453237187
-6.835443037974683,3.797468354430382,0.0025879093903152543
-6.835443037974683,4.303797468354432,0.0025879067177260635
-6.835443037974683,4.810126582278482,0.002587904027733725
-6.835443037974683,5.3164556962025316,0.002587901320516621
-6.835443037974683,5.822784810126585,0.002587898596253919
-6.835443037974683,6.329113924050635,0.0025878958551255526
-6.835443037974683,6.835443037974684,0.0025878930973122004
-6.835443037974683,7.341772151898738,0.0025878903229952658
-6.835443037974683,7.8481012658227876,0.002587887532356857
-6.835443037974683,8.354430379746837,0.0025878847255797715
-6.835443037974683,8.860759493670887,0.0025878819028474706
-6.835443037974683,9.367088607594937,0.0025878790643440626
-6.835443037974683,9.87341772151899,0.002587876210254282
-6.835443037974683,10.37974683544304,0.0025878733407634705
-6.835443037974683,10.88607594936709,0.0025878704560575567
-6.835443037974683,11.392405063291143,0.0025878675563230347
-6.835443037974683,11.898734177215193,0.002587864641746947
-6.835443037974683,12.405063291139243,0.002587861712516861
-6.835443037974683,12.911392405063296,0.002587858768820854
-6.835443037974683,13.417721518987342,0.0025878558108474873
-6.835443037974683,13.924050632911396,0.0025878528387857907
-6.835443037974683,14.430379746835442,0.0025878498528252416
-6.835443037974683,14.936708860759495,0.0025878468531557427
-6.835443037974683,15.443037974683548,0.0025878438399676057
-6.835443037974683,15.949367088607595,0.0025878408134515293
-6.835443037974683,16.455696202531648,0.002587837773798579
-6.835443037974683,16.9620253164557,0.002587834721200169
-6.835443037974683,17.468354430379748,0.0025878316558480396
-6.835443037974683,17.9746835443038,0.002587828577934239
-6.835443037974683,18.481012658227854,0.0025878254876511063
-6.835443037974683,18.9873417721519,0.0025878223851912453
-6.835443037974683,19.493670886075954,0.0025878192707475102
-6.835443037974683,20.0,0.0025878161445129838
-6.329113924050631,-20.0,0.002588012310340098
-6.329113924050631,-19.49367088607595,0.002588010638085919
-6.329113924050631,-18.9873417721519,0.002588008941275617
-6.329113924050631,-18.481012658227847,0.0025880072200299463
-6.329113924050631,-17.974683544303797,0.002588005474471272
-6.329113924050631,-17.468354430379748,0.0025880037047235514
-6.329113924050631,-16.962025316455694,0.002588001910912323
-6.329113924050631,-16.455696202531644,0.0025880000931646895
-6.329113924050631,-15.949367088607595,0.002587998251609304
-6.329113924050631,-15.443037974683545,0.0025879963863763527
-6.329113924050631,-14.936708860759493,0.002587994497597543
-6.329113924050631,-14.430379746835442,0.002587992585406085
-6.329113924050631,-13.924050632911392,0.0025879906499366775
-6.329113924050631,-13.417721518987342,0.0025879886913254928
-6.329113924050631,-12.91139240506329,0.0025879867097101565
-6.329113924050631,-12.40506329113924,0.002587984705229738
-6.329113924050631,-11.89873417721519,0.0025879826780247296
-6.329113924050631,-11.39240506329114,0.0025879806282370307
-6.329113924050631,-10.886075949367088,0.002587978556009933
-6.329113924050631,-10.379746835443036,0.002587976461488103
-6.329113924050631,-9.873417721518987,0.0025879743448175624
-6.329113924050631,-9.367088607594937,0.0025879722061456787
-6.329113924050631,-8.860759493670885,0.0025879700456211373
-6.329113924050631,-8.354430379746834,0.0025879678633939354
-6.329113924050631,-7.848101265822784,0.002587965659615356
-6.329113924050631,-7.341772151898734,0.0025879634344379556
-6.329113924050631,-6.835443037974683,0.0025879611880155447
-6.329113924050631,-6.329113924050631,0.002587958920503169
-6.329113924050631,-5.822784810126581,0.002587956632057096
-6.329113924050631,-5.3164556962025316,0.0025879543228347914
-6.329113924050631,-4.81012658227848,0.002587951992994905
-6.329113924050631,-4.3037974683544284,0.0025879496426972504
-6.329113924050631,-3.7974683544303787,0.0025879472721027884
-6.329113924050631,-3.291139240506329,0.002587944881373609
-6.329113924050631,-2.784810126582279,0.0025879424706729106
-6.329113924050631,-2.278481012658226,0.0025879400401649833
-6.329113924050631,-1.772151898734176,0.002587937590015189
-6.329113924050631,-1.2658227848101262,0.0025879351203899454
-6.329113924050631,-0.7594936708860729,0.0025879326314567045
-6.329113924050631,-0.2531645569620231,0.0025879301233839346
-6.329113924050631,0.25316455696202667,0.002587927596341101
-6.329113924050631,0.7594936708860764,0.0025879250504986487
-6.329113924050631,1.2658227848101262,0.00258792248602798
-6.329113924050631,1.7721518987341796,0.0025879199031014393
-6.329113924050631,2.2784810126582293,0.002587917301892291
-6.329113924050631,2.784810126582279,0.0025879146825747014
-6.329113924050631,3.2911392405063324,0.0025879120453237187
-6.329113924050631,3.797468354430382,0.0025879093903152543
-6.329113924050631,4.303797468354432,0.0025879067177260635
-6.329113924050631,4.810126582278482,0.002587904027733725
-6.329113924050631,5.3164556962025316,0.002587901320516621
-6.329113924050631,5.822784810126585,0.002587898596253919
-6.329113924050631,6.329113924050635,0.0025878958551255526
-6.329113924050631,6.835443037974684,0.0025878930973122004
-6.329113924050631,7.341772151898738,0.0025878903229952658
-6.329113924050631,7.8481012658227876,0.002587887532356857
-6.329113924050631,8.354430379746837,0.0025878847255797715
-6.329113924050631,8.860759493670887,0.0025878819028474706
-6.329113924050631,9.367088607594937,0.0025878790643440626
-6.329113924050631,9.87341772151899,0.002587876210254282
-6.329113924050631,10.37974683544304,0.0025878733407634705
-6.329113924050631,10.88607594936709,0.0025878704560575567
-6.329113924050631,11.392405063291143,0.0025878675563230347
-6.329113924050631,11.898734177215193,0.002587864641746947
-6.329113924050631,12.405063291139243,0.002587861712516861
-6.329113924050631,12.911392405063296,0.002587858768820854
-6.329113924050631,13.417721518987342,0.0025878558108474873
-6.329113924050631,13.924050632911396,0.0025878528387857907
-6.329113924050631,14.430379746835442,0.0025878498528252416
-6.329113924050631,14.936708860759495,0.0025878468531557427
-6.329113924050631,15.443037974683548,0.0025878438399676057
-6.329113924050631,15.949367088607595,0.0025878408134515293
-6.329113924050631,16.455696202531648,0.002587837773798579
-6.329113924050631,16.9620253164557,0.002587834721200169
-6.329113924050631,17.468354430379748,0.0025878316558480396
-6.329113924050631,17.9746835443038,0.002587828577934239
-6.329113924050631,18.481012658227854,0.0025878254876511063
-6.329113924050631,18.9873417721519,0.0025878223851912453
-6.329113924050631,19.493670886075954,0.0025878192707475102
-6.329113924050631,20.0,0.0025878161445129838
-5.822784810126581,-20.0,0.002588012310340098
-5.822784810126581,-19.49367088607595,0.002588010638085919
-5.822784810126581,-18.9873417721519,0.002588008941275617
-5.822784810126581,-18.481012658227847,0.0025880072200299463
-5.822784810126581,-17.974683544303797,0.002588005474471272
-5.822784810126581,-17.468354430379748,0.0025880037047235514
-5.822784810126581,-16.962025316455694,0.002588001910912323
-5.822784810126581,-16.455696202531644,0.0025880000931646895
-5.822784810126581,-15.949367088607595,0.002587998251609304
-5.822784810126581,-15.443037974683545,0.0025879963863763527
-5.822784810126581,-14.936708860759493,0.002587994497597543
-5.822784810126581,-14.430379746835442,0.002587992585406085
-5.822784810126581,-13.924050632911392,0.0025879906499366775
-5.822784810126581,-13.417721518987342,0.0025879886913254928
-5.822784810126581,-12.91139240506329,0.0025879867097101565
-5.822784810126581,-12.40506329113924,0.002587984705229738
-5.822784810126581,-11.89873417721519,0.0025879826780247296
-5.822784810126581,-11.39240506329114,0.0025879806282370307
-5.822784810126581,-10.886075949367088,0.002587978556009933
-5.822784810126581,-10.379746835443036,0.002587976461488103
-5.822784810126581,-9.873417721518987,0.0025879743448175624
-5.822784810126581,-9.367088607594937,0.0025879722061456787
-5.822784810126581,-8.860759493670885,0.0025879700456211373
-5.822784810126581,-8.354430379746834,0.0025879678633939354
-5.822784810126581,-7.848101265822784,0.002587965659615356
-5.822784810126581,-7.341772151898734,0.0025879634344379556
-5.822784810126581,-6.835443037974683,0.0025879611880155447
-5.822784810126581,-6.329113924050631,0.002587958920503169
-5.822784810126581,-5.822784810126581,0.002587956632057096
-5.822784810126581,-5.3164556962025316,0.0025879543228347914
-5.822784810126581,-4.81012658227848,0.002587951992994905
-5.822784810126581,-4.3037974683544284,0.0025879496426972504
-5.822784810126581,-3.7974683544303787,0.0025879472721027884
-5.822784810126581,-3.291139240506329,0.002587944881373609
-5.822784810126581,-2.784810126582279,0.0025879424706729106
-5.822784810126581,-2.278481012658226,0.0025879400401649833
-5.822784810126581,-1.772151898734176,0.002587937590015189
-5.822784810126581,-1.2658227848101262,0.0025879351203899454
-5.822784810126581,-0.7594936708860729,0.0025879326314567045
-5.822784810126581,-0.2531645569620231,0.0025879301233839346
-5.822784810126581,0.25316455696202667,0.002587927596341101
-5.822784810126581,0.7594936708860764,0.0025879250504986487
-5.822784810126581,1.2658227848101262,0.00258792248602798
-5.822784810126581,1.7721518987341796,0.0025879199031014393
-5.822784810126581,2.2784810126582293,0.002587917301892291
-5.822784810126581,2.784810126582279,0.0025879146825747014
-5.822784810126581,3.2911392405063324,0.0025879120453237187
-5.822784810126581,3.797468354430382,0.0025879093903152543
-5.822784810126581,4.303797468354432,0.0025879067177260635
-5.822784810126581,4.810126582278482,0.002587904027733725
-5.822784810126581,5.3164556962025316,0.002587901320516621
-5.822784810126581,5.822784810126585,0.002587898596253919
-5.822784810126581,6.329113924050635,0.0025878958551255526
-5.822784810126581,6.835443037974684,0.0025878930973122004
-5.822784810126581,7.341772151898738,0.0025878903229952658
-5.822784810126581,7.8481012658227876,0.002587887532356857
-5.822784810126581,8.354430379746837,0.0025878847255797715
-5.822784810126581,8.860759493670887,0.0025878819028474706
-5.822784810126581,9.367088607594937,0.0025878790643440626
-5.822784810126581,9.87341772151899,0.002587876210254282
-5.822784810126581,10.37974683544304,0.0025878733407634705
-5.822784810126581,10.88607594936709,0.0025878704560575567
-5.822784810126581,11.392405063291143,0.0025878675563230347
-5.822784810126581,11.898734177215193,0.002587864641746947
-5.822784810126581,12.405063291139243,0.002587861712516861
-5.822784810126581,12.911392405063296,0.002587858768820854
-5.822784810126581,13.417721518987342,0.0025878558108474873
-5.822784810126581,13.924050632911396,0.0025878528387857907
-5.822784810126581,14.430379746835442,0.0025878498528252416
-5.822784810126581,14.936708860759495,0.0025878468531557427
-5.822784810126581,15.443037974683548,0.0025878438399676057
-5.822784810126581,15.949367088607595,0.0025878408134515293
-5.822784810126581,16.455696202531648,0.002587837773798579
-5.822784810126581,16.9620253164557,0.002587834721200169
-5.822784810126581,17.468354430379748,0.0025878316558480396
-5.822784810126581,17.9746835443038,0.002587828577934239
-5.822784810126581,18.481012658227854,0.0025878254876511063
-5.822784810126581,18.9873417721519,0.0025878223851912453
-5.822784810126581,19.493670886075954,0.0025878192707475102
-5.822784810126581,20.0,0.0025878161445129838
-5.3164556962025316,-20.0,0.002588012310340098
-5.3164556962025316,-19.49367088607595,0.002588010638085919
-5.3164556962025316,-18.9873417721519,0.002588008941275617
-5.3164556962025316,-18.481012658227847,0.0025880072200299463
-5.3164556962025316,-17.974683544303797,0.002588005474471272
-5.3164556962025316,-17.468354430379748,0.0025880037047235514
-5.3164556962025316,-16.962025316455694,0.002588001910912323
-5.3164556962025316,-16.455696202531644,0.0025880000931646895
-5.3164556962025316,-15.949367088607595,0.002587998251609304
-5.3164556962025316,-15.443037974683545,0.0025879963863763527
-5.3164556962025316,-14.936708860759493,0.002587994497597543
-5.3164556962025316,-14.430379746835442,0.002587992585406085
-5.3164556962025316,-13.924050632911392,0.0025879906499366775
-5.3164556962025316,-13.417721518987342,0.0025879886913254928
-5.3164556962025316,-12.91139240506329,0.0025879867097101565
-5.3164556962025316,-12.40506329113924,0.002587984705229738
-5.3164556962025316,-11.89873417721519,0.0025879826780247296
-5.3164556962025316,-11.39240506329114,0.0025879806282370307
-5.3164556962025316,-10.886075949367088,0.002587978556009933
-5.3164556962025316,-10.379746835443036,0.002587976461488103
-5.3164556962025316,-9.873417721518987,0.0025879743448175624
-5.3164556962025316,-9.367088607594937,0.0025879722061456787
-5.3164556962025316,-8.860759493670885,0.0025879700456211373
-5.3164556962025316,-8.354430379746834,0.0025879678633939354
-5.3164556962025316,-7.848101265822784,0.002587965659615356
-5.3164556962025316,-7.341772151898734,0.0025879634344379556
-5.3164556962025316,-6.835443037974683,0.0025879611880155447
-5.3164556962025316,-6.329113924050631,0.002587958920503169
-5.3164556962025316,-5.822784810126581,0.002587956632057096
-5.3164556962025316,-5.3164556962025316,0.0025879543228347914
-5.3164556962025316,-4.81012658227848,0.002587951992994905
-5.3164556962025316,-4.3037974683544284,0.0025879496426972504
-5.3164556962025316,-3.7974683544303787,0.0025879472721027884
-5.3164556962025316,-3.291139240506329,0.002587944881373609
-5.3164556962025316,-2.784810126582279,0.0025879424706729106
-5.3164556962025316,-2.278481012658226,0.0025879400401649833
-5.3164556962025316,-1.772151898734176,0.002587937590015189
-5.3164556962025316,-1.2658227848101262,0.0025879351203899454
-5.3164556962025316,-0.7594936708860729,0.0025879326314567045
-5.3164556962025316,-0.2531645569620231,0.0025879301233839346
-5.3164556962025316,0.25316455696202667,0.002587927596341101
-5.3164556962025316,0.7594936708860764,0.0025879250504986487
-5.3164556962025316,1.2658227848101262,0.00258792248602798
-5.3164556962025316,1.7721518987341796,0.0025879199031014393
-5.3164556962025316,2.2784810126582293,0.002587917301892291
-5.3164556962025316,2.784810126582279,0.0025879146825747014
-5.3164556962025316,3.2911392405063324,0.0025879120453237187
-5.3164556962025316,3.797468354430382,0.0025879093903152543
-5.3164556962025316,4.303797468354432,0.0025879067177260635
-5.3164556962025316,4.810126582278482,0.002587904027733725
-5.3164556962025316,5.3164556962025316,0.002587901320516621
-5.3164556962025316,5.822784810126585,0.002587898596253919
-5.3164556962025316,6.329113924050635,0.0025878958551255526
-5.3164556962025316,6.835443037974684,0.0025878930973122004
-5.3164556962025316,7.341772151898738,0.0025878903229952658
-5.3164556962025316,7.8481012658227876,0.002587887532356857
-5.3164556962025316,8.354430379746837,0.0025878847255797715
-5.3164556962025316,8.860759493670887,0.0025878819028474706
-5.3164556962025316,9.367088607594937,0.0025878790643440626
-5.3164556962025316,9.87341772151899,0.002587876210254282
-5.3164556962025316,10.37974683544304,0.0025878733407634705
-5.3164556962025316,10.88607594936709,0.0025878704560575567
-5.3164556962025316,11.392405063291143,0.0025878675563230347
-5.3164556962025316,11.898734177215193,0.002587864641746947
-5.3164556962025316,12.405063291139243,0.002587861712516861
-5.3164556962025316,12.911392405063296,0.002587858768820854
-5.3164556962025316,13.417721518987342,0.0025878558108474873
-5.3164556962025316,13.924050632911396,0.0025878528387857907
-5.3164556962025316,14.430379746835442,0.0025878498528252416
-5.3164556962025316,14.936708860759495,0.0025878468531557427
-5.3164556962025316,15.443037974683548,0.0025878438399676057
-5.3164556962025316,15.949367088607595,0.0025878408134515293
-5.3164556962025316,16.455696202531648,0.002587837773798579
-5.3164556962025316,16.9620253164557,0.002587834721200169
-5.3164556962025316,17.468354430379748,0.0025878316558480396
-5.3164556962025316,17.9746835443038,0.002587828577934239
-5.3164556962025316,18.481012658227854,0.0025878254876511063
-5.3164556962025316,18.9873417721519,0.0025878223851912453
-5.3164556962025316,19.493670886075954,0.0025878192707475102
-5.3164556962025316,20.0,0.0025878161445129838
-4.81012658227848,-20.0,0.002588012310340098
-4.81012658227848,-19.49367088607595,0.002588010638085919
-4.81012658227848,-18.9873417721519,0.002588008941275617
-4.81012658227848,-18.481012658227847,0.0025880072200299463
-4.81012658227848,-17.974683544303797,0.002588005474471272
-4.81012658227848,-17.468354430379748,0.0025880037047235514
-4.81012658227848,-16.962025316455694,0.002588001910912323
-4.81012658227848,-16.455696202531644,0.0025880000931646895
-4.81012658227848,-15.949367088607595,0.002587998251609304
-4.81012658227848,-15.443037974683545,0.0025879963863763527
-4.81012658227848,-14.936708860759493,0.002587994497597543
-4.81012658227848,-14.430379746835442,0.002587992585406085
-4.81012658227848,-13.924050632911392,0.0025879906499366775
-4.81012658227848,-13.417721518987342,0.0025879886913254928
-4.81012658227848,-12.91139240506329,0.0025879867097101565
-4.81012658227848,-12.40506329113924,0.002587984705229738
-4.81012658227848,-11.89873417721519,0.0025879826780247296
-4.81012658227848,-11.39240506329114,0.0025879806282370307
-4.81012658227848,-10.886075949367088,0.002587978556009933
-4.81012658227848,-10.379746835443036,0.002587976461488103
-4.81012658227848,-9.873417721518987,0.0025879743448175624
-4.81012658227848,-9.367088607594937,0.0025879722061456787
-4.81012658227848,-8.860759493670885,0.0025879700456211373
-4.81012658227848,-8.354430379746834,0.0025879678633939354
-4.81012658227848,-7.848101265822784,0.002587965659615356
-4.81012658227848,-7.341772151898734,0.0025879634344379556
-4.81012658227848,-6.835443037974683,0.0025879611880155447
-4.81012658227848,-6.329113924050631,0.002587958920503169
-4.81012658227848,-5.822784810126581,0.002587956632057096
-4.81012658227848,-5.3164556962025316,0.0025879543228347914
-4.81012658227848,-4.81012658227848,0.002587951992994905
-4.81012658227848,-4.3037974683544284,0.0025879496426972504
-4.81012658227848,-3.7974683544303787,0.0025879472721027884
-4.81012658227848,-3.291139240506329,0.002587944881373609
-4.81012658227848,-2.784810126582279,0.0025879424706729106
-4.81012658227848,-2.278481012658226,0.0025879400401649833
-4.81012658227848,-1.772151898734176,0.002587937590015189
-4.81012658227848,-1.2658227848101262,0.0025879351203899454
-4.81012658227848,-0.7594936708860729,0.0025879326314567045
-4.81012658227848,-0.2531645569620231,0.0025879301233839346
-4.81012658227848,0.25316455696202667,0.002587927596341101
-4.81012658227848,0.7594936708860764,0.0025879250504986487
-4.81012658227848,1.2658227848101262,0.00258792248602798
-4.81012658227848,1.7721518987341796,0.0025879199031014393
-4.81012658227848,2.2784810126582293,0.002587917301892291
-4.81012658227848,2.784810126582279,0.0025879146825747014
-4.81012658227848,3.2911392405063324,0.0025879120453237187
-4.81012658227848,3.797468354430382,0.0025879093903152543
-4.81012658227848,4.303797468354432,0.0025879067177260635
-4.81012658227848,4.810126582278482,0.002587904027733725
-4.81012658227848,5.3164556962025316,0.002587901320516621
-4.81012658227848,5.822784810126585,0.002587898596253919
-4.81012658227848,6.329113924050635,0.0025878958551255526
-4.81012658227848,6.835443037974684,0.0025878930973122004
-4.81012658227848,7.341772151898738,0.0025878903229952658
-4.81012658227848,7.8481012658227876,0.002587887532356857
-4.81012658227848,8.354430379746837,0.0025878847255797715
-4.81012658227848,8.860759493670887,0.0025878819028474706
-4.81012658227848,9.367088607594937,0.0025878790643440626
-4.81012658227848,9.87341772151899,0.002587876210254282
-4.81012658227848,10.37974683544304,0.0025878733407634705
-4.81012658227848,10.88607594936709,0.0025878704560575567
-4.81012658227848,11.392405063291143,0.0025878675563230347
-4.81012658227848,11.898734177215193,0.002587864641746947
-4.81012658227848,12.405063291139243,0.002587861712516861
-4.81012658227848,12.911392405063296,0.002587858768820854
-4.81012658227848,13.417721518987342,0.0025878558108474873
-4.81012658227848,13.924050632911396,0.0025878528387857907
-4.81012658227848,14.430379746835442,0.0025878498528252416
-4.81012658227848,14.936708860759495,0.0025878468531557427
-4.81012658227848,15.443037974683548,0.0025878438399676057
-4.81012658227848,15.949367088607595,0.0025878408134515293
-4.81012658227848,16.455696202531648,0.002587837773798579
-4.81012658227848,16.9620253164557,0.002587834721200169
-4.81012658227848,17.468354430379748,0.0025878316558480396
-4.81012658227848,17.9746835443038,0.002587828577934239
-4.81012658227848,18.481012658227854,0.0025878254876511063
-4.81012658227848,18.9873417721519,0.0025878223851912453
-4.81012658227848,19.493670886075954,0.0025878192707475102
-4.81012658227848,20.0,0.0025878161445129838
-4.3037974683544284,-20.0,0.002588012310340098
-4.3037974683544284,-19.49367088607595,0.002588010638085919
-4.3037974683544284,-18.9873417721519,0.002588008941275617
-4.3037974683544284,-18.481012658227847,0.0025880072200299463
-4.3037974683544284,-17.974683544303797,0.002588005474471272
-4.3037974683544284,-17.468354430379748,0.0025880037047235514
-4.3037974683544284,-16.962025316455694,0.002588001910912323
-4.3037974683544284,-16.455696202531644,0.0025880000931646895
-4.3037974683544284,-15.949367088607595,0.002587998251609304
-4.3037974683544284,-15.443037974683545,0.0025879963863763527
-4.3037974683544284,-14.936708860759493,0.002587994497597543
-4.3037974683544284,-14.430379746835442,0.002587992585406085
-4.3037974683544284,-13.924050632911392,0.0025879906499366775
-4.3037974683544284,-13.417721518987342,0.0025879886913254928
-4.3037974683544284,-12.91139240506329,0.0025879867097101565
-4.3037974683544284,-12.40506329113924,0.002587984705229738
-4.3037974683544284,-11.89873417721519,0.0025879826780247296
-4.3037974683544284,-11.39240506329114,0.0025879806282370307
-4.3037974683544284,-10.886075949367088,0.002587978556009933
-4.3037974683544284,-10.379746835443036,0.002587976461488103
-4.3037974683544284,-9.873417721518987,0.0025879743448175624
-4.3037974683544284,-9.367088607594937,0.0025879722061456787
-4.3037974683544284,-8.860759493670885,0.0025879700456211373
-4.3037974683544284,-8.354430379746834,0.0025879678633939354
-4.3037974683544284,-7.848101265822784,0.002587965659615356
-4.3037974683544284,-7.341772151898734,0.0025879634344379556
-4.3037974683544284,-6.835443037974683,0.0025879611880155447
-4.3037974683544284,-6.329113924050631,0.002587958920503169
-4.3037974683544284,-5.822784810126581,0.002587956632057096
-4.3037974683544284,-5.3164556962025316,0.0025879543228347914
-4.3037974683544284,-4.81012658227848,0.002587951992994905
-4.3037974683544284,-4.3037974683544284,0.0025879496426972504
-4.3037974683544284,-3.7974683544303787,0.0025879472721027884
-4.3037974683544284,-3.291139240506329,0.002587944881373609
-4.3037974683544284,-2.784810126582279,0.0025879424706729106
-4.3037974683544284,-2.278481012658226,0.0025879400401649833
-4.3037974683544284,-1.772151898734176,0.002587937590015189
-4.3037974683544284,-1.2658227848101262,0.0025879351203899454
-4.3037974683544284,-0.7594936708860729,0.0025879326314567045
-4.3037974683544284,-0.2531645569620231,0.0025879301233839346
-4.3037974683544284,0.25316455696202667,0.002587927596341101
-4.3037974683544284,0.7594936708860764,0.0025879250504986487
-4.3037974683544284,1.2658227848101262,0.00258792248602798
-4.3037974683544284,1.7721518987341796,0.0025879199031014393
-4.3037974683544284,2.2784810126582293,0.002587917301892291
-4.3037974683544284,2.784810126582279,0.0025879146825747014
-4.3037974683544284,3.2911392405063324,0.0025879120453237187
-4.3037974683544284,3.797468354430382,0.0025879093903152543
-4.3037974683544284,4.303797468354432,0.0025879067177260635
-4.3037974683544284,4.810126582278482,0.002587904027733725
-4.3037974683544284,5.3164556962025316,0.002587901320516621
-4.3037974683544284,5.822784810126585,0.002587898596253919
-4.3037974683544284,6.329113924050635,0.0025878958551255526
-4.3037974683544284,6.835443037974684,0.0025878930973122004
-4.3037974683544284,7.341772151898738,0.0025878903229952658
-4.3037974683544284,7.8481012658227876,0.002587887532356857
-4.3037974683544284,8.354430379746837,0.0025878847255797715
-4.3037974683544284,8.860759493670887,0.0025878819028474706
-4.3037974683544284,9.367088607594937,0.0025878790643440626
-4.3037974683544284,9.87341772151899,0.002587876210254282
-4.3037974683544284,10.37974683544304,0.0025878733407634705
-4.3037974683544284,10.88607594936709,0.0025878704560575567
-4.3037974683544284,11.392405063291143,0.0025878675563230347
-4.3037974683544284,11.898734177215193,0.002587864641746947
-4.3037974683544284,12.405063291139243,0.002587861712516861
-4.3037974683544284,12.911392405063296,0.002587858768820854
-4.3037974683544284,13.417721518987342,0.0025878558108474873
-4.3037974683544284,13.924050632911396,0.0025878528387857907
-4.3037974683544284,14.430379746835442,0.0025878498528252416
-4.3037974683544284,14.936708860759495,0.0025878468531557427
-4.3037974683544284,15.443037974683548,0.0025878438399676057
-4.3037974683544284,15.949367088607595,0.0025878408134515293
-4.3037974683544284,16.455696202531648,0.002587837773798579
-4.3037974683544284,16.9620253164557,0.002587834721200169
-4.3037974683544284,17.468354430379748,0.0025878316558480396
-4.3037974683544284,17.9746835443038,0.002587828577934239
-4.3037974683544284,18.481012658227854,0.0025878254876511063
-4.3037974683544284,18.9873417721519,0.0025878223851912453
-4.3037974683544284,19.493670886075954,0.0025878192707475102
-4.3037974683544284,20.0,0.0025878161445129838
-3.7974683544303787,-20.0,0.002588012310340098
-3.7974683544303787,-19.49367088607595,0.002588010638085919
-3.7974683544303787,-18.9873417721519,0.002588008941275617
-3.7974683544303787,-18.481012658227847,0.0025880072200299463
-3.7974683544303787,-17.974683544303797,0.002588005474471272
-3.7974683544303787,-17.468354430379748,0.0025880037047235514
-3.7974683544303787,-16.962025316455694,0.002588001910912323
-3.7974683544303787,-16.455696202531644,0.0025880000931646895
-3.7974683544303787,-15.949367088607595,0.002587998251609304
-3.7974683544303787,-15.443037974683545,0.0025879963863763527
-3.7974683544303787,-14.936708860759493,0.002587994497597543
-3.7974683544303787,-14.430379746835442,0.002587992585406085
-3.7974683544303787,-13.924050632911392,0.0025879906499366775
-3.7974683544303787,-13.417721518987342,0.0025879886913254928
-3.7974683544303787,-12.91139240506329,0.0025879867097101565
-3.7974683544303787,-12.40506329113924,0.002587984705229738
-3.7974683544303787,-11.89873417721519,0.0025879826780247296
-3.7974683544303787,-11.39240506329114,0.0025879806282370307
-3.7974683544303787,-10.886075949367088,0.002587978556009933
-3.7974683544303787,-10.379746835443036,0.002587976461488103
-3.7974683544303787,-9.873417721518987,0.0025879743448175624
-3.7974683544303787,-9.367088607594937,0.0025879722061456787
-3.7974683544303787,-8.860759493670885,0.0025879700456211373
-3.7974683544303787,-8.354430379746834,0.0025879678633939354
-3.7974683544303787,-7.848101265822784,0.002587965659615356
-3.7974683544303787,-7.341772151898734,0.0025879634344379556
-3.7974683544303787,-6.835443037974683,0.0025879611880155447
-3.7974683544303787,-6.329113924050631,0.002587958920503169
-3.7974683544303787,-5.822784810126581,0.002587956632057096
-3.7974683544303787,-5.3164556962025316,0.0025879543228347914
-3.7974683544303787,-4.81012658227848,0.002587951992994905
-3.7974683544303787,-4.3037974683544284,0.0025879496426972504
-3.7974683544303787,-3.7974683544303787,0.0025879472721027884
-3.7974683544303787,-3.291139240506329,0.002587944881373609
-3.7974683544303787,-2.784810126582279,0.0025879424706729106
-3.7974683544303787,-2.278481012658226,0.0025879400401649833
-3.7974683544303787,-1.772151898734176,0.002587937590015189
-3.7974683544303787,-1.2658227848101262,0.0025879351203899454
-3.7974683544303787,-0.7594936708860729,0.0025879326314567045
-3.7974683544303787,-0.2531645569620231,0.0025879301233839346
-3.7974683544303787,0.25316455696202667,0.002587927596341101
-3.7974683544303787,0.7594936708860764,0.0025879250504986487
-3.7974683544303787,1.2658227848101262,0.00258792248602798
-3.7974683544303787,1.7721518987341796,0.0025879199031014393
-3.7974683544303787,2.2784810126582293,0.002587917301892291
-3.7974683544303787,2.784810126582279,0.0025879146825747014
-3.7974683544303787,3.2911392405063324,0.0025879120453237187
-3.7974683544303787,3.797468354430382,0.0025879093903152543
-3.7974683544303787,4.303797468354432,0.0025879067177260635
-3.7974683544303787,4.810126582278482,0.002587904027733725
-3.7974683544303787,5.3164556962025316,0.002587901320516621
-3.7974683544303787,5.822784810126585,0.002587898596253919
-3.7974683544303787,6.329113924050635,0.0025878958551255526
-3.7974683544303787,6.835443037974684,0.0025878930973122004
-3.7974683544303787,7.341772151898738,0.0025878903229952658
-3.7974683544303787,7.8481012658227876,0.002587887532356857
-3.7974683544303787,8.354430379746837,0.0025878847255797715
-3.7974683544303787,8.860759493670887,0.0025878819028474706
-3.7974683544303787,9.367088607594937,0.0025878790643440626
-3.7974683544303787,9.87341772151899,0.002587876210254282
-3.7974683544303787,10.37974683544304,0.0025878733407634705
-3.7974683544303787,10.88607594936709,0.0025878704560575567
-3.7974683544303787,11.392405063291143,0.0025878675563230347
-3.7974683544303787,11.898734177215193,0.002587864641746947
-3.7974683544303787,12.405063291139243,0.002587861712516861
-3.7974683544303787,12.911392405063296,0.002587858768820854
-3.7974683544303787,13.417721518987342,0.0025878558108474873
-3.7974683544303787,13.924050632911396,0.0025878528387857907
-3.7974683544303787,14.430379746835442,0.0025878498528252416
-3.7974683544303787,14.936708860759495,0.0025878468531557427
-3.7974683544303787,15.443037974683548,0.0025878438399676057
-3.7974683544303787,15.949367088607595,0.0025878408134515293
-3.7974683544303787,16.455696202531648,0.002587837773798579
-3.7974683544303787,16.9620253164557,0.002587834721200169
-3.7974683544303787,17.468354430379748,0.0025878316558480396
-3.7974683544303787,17.9746835443038,0.002587828577934239
-3.7974683544303787,18.481012658227854,0.0025878254876511063
-3.7974683544303787,18.9873417721519,0.0025878223851912453
-3.7974683544303787,19.493670886075954,0.0025878192707475102
-3.7974683544303787,20.0,0.0025878161445129838
-3.291139240506329,-20.0,0.002588012310340098
-3.291139240506329,-19.49367088607595,0.002588010638085919
-3.291139240506329,-18.9873417721519,0.002588008941275617
-3.291139240506329,-18.481012658227847,0.0025880072200299463
-3.291139240506329,-17.974683544303797,0.002588005474471272
-3.291139240506329,-17.468354430379748,0.0025880037047235514
-3.291139240506329,-16.962025316455694,0.002588001910912323
-3.291139240506329,-16.455696202531644,0.0025880000931646895
-3.291139240506329,-15.949367088607595,0.002587998251609304
-3.291139240506329,-15.443037974683545,0.0025879963863763527
-3.291139240506329,-14.936708860759493,0.002587994497597543
-3.291139240506329,-14.430379746835442,0.002587992585406085
-3.291139240506329,-13.924050632911392,0.0025879906499366775
-3.291139240506329,-13.417721518987342,0.0025879886913254928
-3.291139240506329,-12.91139240506329,0.0025879867097101565
-3.291139240506329,-12.40506329113924,0.002587984705229738
-3.291139240506329,-11.89873417721519,0.0025879826780247296
-3.291139240506329,-11.39240506329114,0.0025879806282370307
-3.291139240506329,-10.886075949367088,0.002587978556009933
-3.291139240506329,-10.379746835443036,0.002587976461488103
-3.291139240506329,-9.873417721518987,0.0025879743448175624
-3.291139240506329,-9.367088607594937,0.0025879722061456787
-3.291139240506329,-8.860759493670885,0.0025879700456211373
-3.291139240506329,-8.354430379746834,0.0025879678633939354
-3.291139240506329,-7.848101265822784,0.002587965659615356
-3.291139240506329,-7.341772151898734,0.0025879634344379556
-3.291139240506329,-6.835443037974683,0.0025879611880155447
-3.291139240506329,-6.329113924050631,0.002587958920503169
-3.291139240506329,-5.822784810126581,0.002587956632057096
-3.291139240506329,-5.3164556962025316,0.0025879543228347914
-3.291139240506329,-4.81012658227848,0.002587951992994905
-3.291139240506329,-4.3037974683544284,0.0025879496426972504
-3.291139240506329,-3.7974683544303787,0.0025879472721027884
-3.291139240506329,-3.291139240506329,0.002587944881373609
-3.291139240506329,-2.784810126582279,0.0025879424706729106
-3.291139240506329,-2.278481012658226,0.0025879400401649833
-3.291139240506329,-1.772151898734176,0.002587937590015189
-3.291139240506329,-1.2658227848101262,0.0025879351203899454
-3.291139240506329,-0.7594936708860729,0.0025879326314567045
-3.291139240506329,-0.2531645569620231,0.0025879301233839346
-3.291139240506329,0.25316455696202667,0.002587927596341101
-3.291139240506329,0.7594936708860764,0.0025879250504986487
-3.291139240506329,1.2658227848101262,0.00258792248602798
-3.291139240506329,1.7721518987341796,0.0025879199031014393
-3.291139240506329,2.2784810126582293,0.002587917301892291
-3.291139240506329,2.784810126582279,0.0025879146825747014
-3.291139240506329,3.2911392405063324,0.0025879120453237187
-3.291139240506329,3.797468354430382,0.0025879093903152543
-3.291139240506329,4.303797468354432,0.0025879067177260635
-3.291139240506329,4.810126582278482,0.002587904027733725
-3.291139240506329,5.3164556962025316,0.002587901320516621
-3.291139240506329,5.822784810126585,0.002587898596253919
-3.291139240506329,6.329113924050635,0.0025878958551255526
-3.291139240506329,6.835443037974684,0.0025878930973122004
-3.291139240506329,7.341772151898738,0.0025878903229952658
-3.291139240506329,7.8481012658227876,0.002587887532356857
-3.291139240506329,8.354430379746837,0.0025878847255797715
-3.291139240506329,8.860759493670887,0.0025878819028474706
-3.291139240506329,9.367088607594937,0.0025878790643440626
-3.291139240506329,9.87341772151899,0.002587876210254282
-3.291139240506329,10.37974683544304,0.0025878733407634705
-3.291139240506329,10.88607594936709,0.0025878704560575567
-3.291139240506329,11.392405063291143,0.0025878675563230347
-3.291139240506329,11.898734177215193,0.002587864641746947
-3.291139240506329,12.405063291139243,0.002587861712516861
-3.291139240506329,12.911392405063296,0.002587858768820854
-3.291139240506329,13.417721518987342,0.0025878558108474873
-3.291139240506329,13.924050632911396,0.0025878528387857907
-3.291139240506329,14.430379746835442,0.0025878498528252416
-3.291139240506329,14.936708860759495,0.0025878468531557427
-3.291139240506329,15.443037974683548,0.0025878438399676057
-3.291139240506329,15.949367088607595,0.0025878408134515293
-3.291139240506329,16.455696202531648,0.002587837773798579
-3.291139240506329,16.9620253164557,0.002587834721200169
-3.291139240506329,17.468354430379748,0.0025878316558480396
-3.291139240506329,17.9746835443038,0.002587828577934239
-3.291139240506329,18.481012658227854,0.0025878254876511063
-3.291139240506329,18.9873417721519,0.0025878223851912453
-3.291139240506329,19.493670886075954,0.0025878192707475102
-3.291139240506329,20.0,0.0025878161445129838
-2.784810126582279,-20.0,0.002588012310340098
-2.784810126582279,-19.49367088607595,0.002588010638085919
-2.784810126582279,-18.9873417721519,0.002588008941275617
-2.784810126582279,-18.481012658227847,0.0025880072200299463
-2.784810126582279,-17.974683544303797,0.002588005474471272
-2.784810126582279,-17.468354430379748,0.0025880037047235514
-2.784810126582279,-16.962025316455694,0.002588001910912323
-2.784810126582279,-16.455696202531644,0.0025880000931646895
-2.784810126582279,-15.949367088607595,0.002587998251609304
-2.784810126582279,-15.443037974683545,0.0025879963863763527
-2.784810126582279,-14.936708860759493,0.002587994497597543
-2.784810126582279,-14.430379746835442,0.002587992585406085
-2.784810126582279,-13.924050632911392,0.0025879906499366775
-2.784810126582279,-13.417721518987342,0.0025879886913254928
-2.784810126582279,-12.91139240506329,0.0025879867097101565
-2.784810126582279,-12.40506329113924,0.002587984705229738
-2.784810126582279,-11.89873417721519,0.0025879826780247296
-2.784810126582279,-11.39240506329114,0.0025879806282370307
-2.784810126582279,-10.886075949367088,0.002587978556009933
-2.784810126582279,-10.379746835443036,0.002587976461488103
-2.784810126582279,-9.873417721518987,0.0025879743448175624
-2.784810126582279,-9.367088607594937,0.0025879722061456787
-2.784810126582279,-8.860759493670885,0.0025879700456211373
-2.784810126582279,-8.354430379746834,0.0025879678633939354
-2.784810126582279,-7.848101265822784,0.002587965659615356
-2.784810126582279,-7.341772151898734,0.0025879634344379556
-2.784810126582279,-6.835443037974683,0.0025879611880155447
-2.784810126582279,-6.329113924050631,0.002587958920503169
-2.784810126582279,-5.822784810126581,0.002587956632057096
-2.784810126582279,-5.3164556962025316,0.0025879543228347914
-2.784810126582279,-4.81012658227848,0.002587951992994905
-2.784810126582279,-4.3037974683544284,0.0025879496426972504
-2.784810126582279,-3.7974683544303787,0.0025879472721027884
-2.784810126582279,-3.291139240506329,0.002587944881373609
-2.784810126582279,-2.784810126582279,0.0025879424706729106
-2.784810126582279,-2.278481012658226,0.0025879400401649833
-2.784810126582279,-1.772151898734176,0.002587937590015189
-2.784810126582279,-1.2658227848101262,0.0025879351203899454
-2.784810126582279,-0.7594936708860729,0.0025879326314567045
-2.784810126582279,-0.2531645569620231,0.0025879301233839346
-2.784810126582279,0.25316455696202667,0.002587927596341101
-2.784810126582279,0.7594936708860764,0.0025879250504986487
-2.784810126582279,1.2658227848101262,0.00258792248602798
-2.784810126582279,1.7721518987341796,0.0025879199031014393
-2.784810126582279,2.2784810126582293,0.002587917301892291
-2.784810126582279,2.784810126582279,0.0025879146825747014
-2.784810126582279,3.2911392405063324,0.0025879120453237187
-2.784810126582279,3.797468354430382,0.0025879093903152543
-2.784810126582279,4.303797468354432,0.0025879067177260635
-2.784810126582279,4.810126582278482,0.002587904027733725
-2.784810126582279,5.3164556962025316,0.002587901320516621
-2.784810126582279,5.822784810126585,0.002587898596253919
-2.784810126582279,6.329113924050635,0.0025878958551255526
-2.784810126582279,6.835443037974684,0.0025878930973122004
-2.784810126582279,7.341772151898738,0.0025878903229952658
-2.784810126582279,7.8481012658227876,0.002587887532356857
-2.784810126582279,8.354430379746837,0.0025878847255797715
-2.784810126582279,8.860759493670887,0.0025878819028474706
-2.784810126582279,9.367088607594937,0.0025878790643440626
-2.784810126582279,9.87341772151899,0.002587876210254282
-2.784810126582279,10.37974683544304,0.0025878733407634705
-2.784810126582279,10.88607594936709,0.0025878704560575567
-2.784810126582279,11.392405063291143,0.0025878675563230347
-2.784810126582279,11.898734177215193,0.002587864641746947
-2.784810126582279,12.405063291139243,0.002587861712516861
-2.784810126582279,12.911392405063296,0.002587858768820854
-2.784810126582279,13.417721518987342,0.0025878558108474873
-2.784810126582279,13.924050632911396,0.0025878528387857907
-2.784810126582279,14.430379746835442,0.0025878498528252416
-2.784810126582279,14.936708860759495,0.0025878468531557427
-2.784810126582279,15.443037974683548,0.0025878438399676057
-2.784810126582279,15.949367088607595,0.0025878408134515293
-2.784810126582279,16.455696202531648,0.002587837773798579
-2.784810126582279,16.9620253164557,0.002587834721200169
-2.784810126582279,17.468354430379748,0.0025878316558480396
-2.784810126582279,17.9746835443038,0.002587828577934239
-2.784810126582279,18.481012658227854,0.0025878254876511063
-2.784810126582279,18.9873417721519,0.0025878223851912453
-2.784810126582279,19.493670886075954,0.0025878192707475102
-2.784810126582279,20.0,0.0025878161445129838
-2.278481012658226,-20.0,0.002588012310340098
-2.278481012658226,-19.49367088607595,0.002588010638085919
-2.278481012658226,-18.9873417721519,0.002588008941275617
-2.278481012658226,-18.481012658227847,0.0025880072200299463
-2.278481012658226,-17.974683544303797,0.002588005474471272
-2.278481012658226,-17.468354430379748,0.0025880037047235514
-2.278481012658226,-16.962025316455694,0.002588001910912323
-2.278481012658226,-16.455696202531644,0.0025880000931646895
-2.278481012658226,-15.949367088607595,0.002587998251609304
-2.278481012658226,-15.443037974683545,0.0025879963863763527
-2.278481012658226,-14.936708860759493,0.002587994497597543
-2.278481012658226,-14.430379746835442,0.002587992585406085
-2.278481012658226,-13.924050632911392,0.0025879906499366775
-2.278481012658226,-13.417721518987342,0.0025879886913254928
-2.278481012658226,-12.91139240506329,0.0025879867097101565
-2.278481012658226,-12.40506329113924,0.002587984705229738
-2.278481012658226,-11.89873417721519,0.0025879826780247296
-2.278481012658226,-11.39240506329114,0.0025879806282370307
-2.278481012658226,-10.886075949367088,0.002587978556009933
-2.278481012658226,-10.379746835443036,0.002587976461488103
-2.278481012658226,-9.873417721518987,0.0025879743448175624
-2.278481012658226,-9.367088607594937,0.0025879722061456787
-2.278481012658226,-8.860759493670885,0.0025879700456211373
-2.278481012658226,-8.354430379746834,0.0025879678633939354
-2.278481012658226,-7.848101265822784,0.002587965659615356
-2.278481012658226,-7.341772151898734,0.0025879634344379556
-2.278481012658226,-6.835443037974683,0.0025879611880155447
-2.278481012658226,-6.329113924050631,0.002587958920503169
-2.278481012658226,-5.822784810126581,0.002587956632057096
-2.278481012658226,-5.3164556962025316,0.0025879543228347914
-2.278481012658226,-4.81012658227848,0.002587951992994905
-2.278481012658226,-4.3037974683544284,0.0025879496426972504
-2.278481012658226,-3.7974683544303787,0.0025879472721027884
-2.278481012658226,-3.291139240506329,0.002587944881373609
-2.278481012658226,-2.784810126582279,0.0025879424706729106
-2.278481012658226,-2.278481012658226,0.0025879400401649833
-2.278481012658226,-1.772151898734176,0.002587937590015189
-2.278481012658226,-1.2658227848101262,0.0025879351203899454
-2.278481012658226,-0.7594936708860729,0.0025879326314567045
-2.278481012658226,-0.2531645569620231,0.0025879301233839346
-2.278481012658226,0.25316455696202667,0.002587927596341101
-2.278481012658226,0.7594936708860764,0.0025879250504986487
-2.278481012658226,1.2658227848101262,0.00258792248602798
-2.278481012658226,1.7721518987341796,0.0025879199031014393
-2.278481012658226,2.2784810126582293,0.002587917301892291
-2.278481012658226,2.784810126582279,0.0025879146825747014
-2.278481012658226,3.2911392405063324,0.0025879120453237187
-2.278481012658226,3.797468354430382,0.0025879093903152543
-2.278481012658226,4.303797468354432,0.0025879067177260635
-2.278481012658226,4.810126582278482,0.002587904027733725
-2.278481012658226,5.3164556962025316,0.002587901320516621
-2.278481012658226,5.822784810126585,0.002587898596253919
-2.278481012658226,6.329113924050635,0.0025878958551255526
-2.278481012658226,6.835443037974684,0.0025878930973122004
-2.278481012658226,7.341772151898738,0.0025878903229952658
-2.278481012658226,7.8481012658227876,0.002587887532356857
-2.278481012658226,8.354430379746837,0.0025878847255797715
-2.278481012658226,8.860759493670887,0.0025878819028474706
-2.278481012658226,9.367088607594937,0.0025878790643440626
-2.278481012658226,9.87341772151899,0.002587876210254282
-2.278481012658226,10.37974683544304,0.0025878733407634705
-2.278481012658226,10.88607594936709,0.0025878704560575567
-2.278481012658226,11.392405063291143,0.0025878675563230347
-2.278481012658226,11.898734177215193,0.002587864641746947
-2.278481012658226,12.405063291139243,0.002587861712516861
-2.278481012658226,12.911392405063296,0.002587858768820854
-2.278481012658226,13.417721518987342,0.0025878558108474873
-2.278481012658226,13.924050632911396,0.0025878528387857907
-2.278481012658226,14.430379746835442,0.0025878498528252416
-2.278481012658226,14.936708860759495,0.0025878468531557427
-2.278481012658226,15.443037974683548,0.0025878438399676057
-2.278481012658226,15.949367088607595,0.0025878408134515293
-2.278481012658226,16.455696202531648,0.002587837773798579
-2.278481012658226,16.9620253164557,0.002587834721200169
-2.278481012658226,17.468354430379748,0.0025878316558480396
-2.278481012658226,17.9746835443038,0.002587828577934239
-2.278481012658226,18.481012658227854,0.0025878254876511063
-2.278481012658226,18.9873417721519,0.0025878223851912453
-2.278481012658226,19.493670886075954,0.0025878192707475102
-2.278481012658226,20.0,0.0025878161445129838
-1.772151898734176,-20.0,0.002588012310340098
-1.772151898734176,-19.49367088607595,0.002588010638085919
-1.772151898734176,-18.9873417721519,0.002588008941275617
-1.772151898734176,-18.481012658227847,0.0025880072200299463
-1.772151898734176,-17.974683544303797,0.002588005474471272
-1.772151898734176,-17.468354430379748,0.0025880037047235514
-1.772151898734176,-16.962025316455694,0.002588001910912323
-1.772151898734176,-16.455696202531644,0.0025880000931646895
-1.772151898734176,-15.949367088607595,0.002587998251609304
-1.772151898734176,-15.443037974683545,0.0025879963863763527
-1.772151898734176,-14.936708860759493,0.002587994497597543
-1.772151898734176,-14.430379746835442,0.002587992585406085
-1.772151898734176,-13.924050632911392,0.0025879906499366775
-1.772151898734176,-13.417721518987342,0.0025879886913254928
-1.772151898734176,-12.91139240506329,0.0025879867097101565
-1.772151898734176,-12.40506329113924,0.002587984705229738
-1.772151898734176,-11.89873417721519,0.0025879826780247296
-1.772151898734176,-11.39240506329114,0.0025879806282370307
-1.772151898734176,-10.886075949367088,0.002587978556009933
-1.772151898734176,-10.379746835443036,0.002587976461488103
-1.772151898734176,-9.873417721518987,0.0025879743448175624
-1.772151898734176,-9.367088607594937,0.0025879722061456787
-1.772151898734176,-8.860759493670885,0.0025879700456211373
-1.772151898734176,-8.354430379746834,0.0025879678633939354
-1.772151898734176,-7.848101265822784,0.002587965659615356
-1.772151898734176,-7.341772151898734,0.0025879634344379556
-1.772151898734176,-6.835443037974683,0.0025879611880155447
-1.772151898734176,-6.329113924050631,0.002587958920503169
-1.772151898734176,-5.822784810126581,0.002587956632057096
-1.772151898734176,-5.3164556962025316,0.0025879543228347914
-1.772151898734176,-4.81012658227848,0.002587951992994905
-1.772151898734176,-4.3037974683544284,0.0025879496426972504
-1.772151898734176,-3.7974683544303787,0.0025879472721027884
-1.772151898734176,-3.291139240506329,0.002587944881373609
-1.772151898734176,-2.784810126582279,0.0025879424706729106
-1.772151898734176,-2.278481012658226,0.0025879400401649833
-1.772151898734176,-1.772151898734176,0.002587937590015189
-1.772151898734176,-1.2658227848101262,0.0025879351203899454
-1.772151898734176,-0.7594936708860729,0.0025879326314567045
-1.772151898734176,-0.2531645569620231,0.0025879301233839346
-1.772151898734176,0.25316455696202667,0.002587927596341101
-1.772151898734176,0.7594936708860764,0.0025879250504986487
-1.772151898734176,1.2658227848101262,0.00258792248602798
-1.772151898734176,1.7721518987341796,0.0025879199031014393
-1.772151898734176,2.2784810126582293,0.002587917301892291
-1.772151898734176,2.784810126582279,0.0025879146825747014
-1.772151898734176,3.2911392405063324,0.0025879120453237187
-1.772151898734176,3.797468354430382,0.0025879093903152543
-1.772151898734176,4.303797468354432,0.0025879067177260635
-1.772151898734176,4.810126582278482,0.002587904027733725
-1.772151898734176,5.3164556962025316,0.002587901320516621
-1.772151898734176,5.822784810126585,0.002587898596253919
-1.772151898734176,6.329113924050635,0.0025878958551255526
-1.772151898734176,6.835443037974684,0.0025878930973122004
-1.772151898734176,7.341772151898738,0.0025878903229952658
-1.772151898734176,7.8481012658227876,0.002587887532356857
-1.772151898734176,8.354430379746837,0.0025878847255797715
-1.772151898734176,8.860759493670887,0.0025878819028474706
-1.772151898734176,9.367088607594937,0.0025878790643440626
-1.772151898734176,9.87341772151899,0.002587876210254282
-1.772151898734176,10.37974683544304,0.0025878733407634705
-1.772151898734176,10.88607594936709,0.0025878704560575567
-1.772151898734176,11.392405063291143,0.0025878675563230347
-1.772151898734176,11.898734177215193,0.002587864641746947
-1.772151898734176,12.405063291139243,0.002587861712516861
-1.772151898734176,12.911392405063296,0.002587858768820854
-1.772151898734176,13.417721518987342,0.0025878558108474873
-1.772151898734176,13.924050632911396,0.0025878528387857907
-1.772151898734176,14.430379746835442,0.0025878498528252416
-1.772151898734176,14.936708860759495,0.0025878468531557427
-1.772151898734176,15.443037974683548,0.0025878438399676057
-1.772151898734176,15.949367088607595,0.0025878408134515293
-1.772151898734176,16.455696202531648,0.002587837773798579
-1.772151898734176,16.9620253164557,0.002587834721200169
-1.772151898734176,17.468354430379748,0.0025878316558480396
-1.772151898734176,17.9746835443038,0.002587828577934239
-1.772151898734176,18.481012658227854,0.0025878254876511063
-1.772151898734176,18.9873417721519,0.0025878223851912453
-1.772151898734176,19.493670886075954,0.0025878192707475102
-1.772151898734176,20.0,0.0025878161445129838
-1.2658227848101262,-20.0,0.002588012310340098
-1.2658227848101262,-19.49367088607595,0.002588010638085919
-1.2658227848101262,-18.9873417721519,0.002588008941275617
-1.2658227848101262,-18.481012658227847,0.0025880072200299463
-1.2658227848101262,-17.974683544303797,0.002588005474471272
-1.2658227848101262,-17.468354430379748,0.0025880037047235514
-1.2658227848101262,-16.962025316455694,0.002588001910912323
-1.2658227848101262,-16.455696202531644,0.0025880000931646895
-1.2658227848101262,-15.949367088607595,0.002587998251609304
-1.2658227848101262,-15.443037974683545,0.0025879963863763527
-1.2658227848101262,-14.936708860759493,0.002587994497597543
-1.2658227848101262,-14.430379746835442,0.002587992585406085
-1.2658227848101262,-13.924050632911392,0.0025879906499366775
-1.2658227848101262,-13.417721518987342,0.0025879886913254928
-1.2658227848101262,-12.91139240506329,0.0025879867097101565
-1.2658227848101262,-12.40506329113924,0.002587984705229738
-1.2658227848101262,-11.89873417721519,0.0025879826780247296
-1.2658227848101262,-11.39240506329114,0.0025879806282370307
-1.2658227848101262,-10.886075949367088,0.002587978556009933
-1.2658227848101262,-10.379746835443036,0.002587976461488103
-1.2658227848101262,-9.873417721518987,0.0025879743448175624
-1.2658227848101262,-9.367088607594937,0.0025879722061456787
-1.2658227848101262,-8.860759493670885,0.0025879700456211373
-1.2658227848101262,-8.354430379746834,0.0025879678633939354
-1.2658227848101262,-7.848101265822784,0.002587965659615356
-1.2658227848101262,-7.341772151898734,0.0025879634344379556
-1.2658227848101262,-6.835443037974683,0.0025879611880155447
-1.2658227848101262,-6.329113924050631,0.002587958920503169
-1.2658227848101262,-5.822784810126581,0.002587956632057096
-1.2658227848101262,-5.3164556962025316,0.0025879543228347914
-1.2658227848101262,-4.81012658227848,0.002587951992994905
-1.2658227848101262,-4.3037974683544284,0.0025879496426972504
-1.2658227848101262,-3.7974683544303787,0.0025879472721027884
-1.2658227848101262,-3.291139240506329,0.002587944881373609
-1.2658227848101262,-2.784810126582279,0.0025879424706729106
-1.2658227848101262,-2.278481012658226,0.0025879400401649833
-1.2658227848101262,-1.772151898734176,0.002587937590015189
-1.2658227848101262,-1.2658227848101262,0.0025879351203899454
-1.2658227848101262,-0.7594936708860729,0.0025879326314567045
-1.2658227848101262,-0.2531645569620231,0.0025879301233839346
-1.2658227848101262,0.25316455696202667,0.002587927596341101
-1.2658227848101262,0.7594936708860764,0.0025879250504986487
-1.2658227848101262,1.2658227848101262,0.00258792248602798
-1.2658227848101262,1.7721518987341796,0.0025879199031014393
-1.2658227848101262,2.2784810126582293,0.002587917301892291
-1.2658227848101262,2.784810126582279,0.0025879146825747014
-1.2658227848101262,3.2911392405063324,0.0025879120453237187
-1.2658227848101262,3.797468354430382,0.0025879093903152543
-1.2658227848101262,4.303797468354432,0.0025879067177260635
-1.2658227848101262,4.810126582278482,0.002587904027733725
-1.2658227848101262,5.3164556962025316,0.002587901320516621
-1.2658227848101262,5.822784810126585,0.002587898596253919
-1.2658227848101262,6.329113924050635,0.0025878958551255526
-1.2658227848101262,6.835443037974684,0.0025878930973122004
-1.2658227848101262,7.341772151898738,0.0025878903229952658
-1.2658227848101262,7.8481012658227876,0.002587887532356857
-1.2658227848101262,8.354430379746837,0.0025878847255797715
-1.2658227848101262,8.860759493670887,0.0025878819028474706
-1.2658227848101262,9.367088607594937,0.0025878790643440626
-1.2658227848101262,9.87341772151899,0.002587876210254282
-1.2658227848101262,10.37974683544304,0.0025878733407634705
-1.2658227848101262,10.88607594936709,0.0025878704560575567
-1.2658227848101262,11.392405063291143,0.0025878675563230347
-1.2658227848101262,11.898734177215193,0.002587864641746947
-1.2658227848101262,12.405063291139243,0.002587861712516861
-1.2658227848101262,12.911392405063296,0.002587858768820854
-1.2658227848101262,13.417721518987342,0.0025878558108474873
-1.2658227848101262,13.924050632911396,0.0025878528387857907
-1.2658227848101262,14.430379746835442,0.0025878498528252416
-1.2658227848101262,14.936708860759495,0.0025878468531557427
-1.2658227848101262,15.443037974683548,0.0025878438399676057
-1.2658227848101262,15.949367088607595,0.0025878408134515293
-1.2658227848101262,16.455696202531648,0.002587837773798579
-1.2658227848101262,16.9620253164557,0.002587834721200169
-1.2658227848101262,17.468354430379748,0.0025878316558480396
-1.2658227848101262,17.9746835443038,0.002587828577934239
-1.2658227848101262,18.481012658227854,0.0025878254876511063
-1.2658227848101262,18.9873417721519,0.0025878223851912453
-1.2658227848101262,19.493670886075954,0.0025878192707475102
-1.2658227848101262,20.0,0.0025878161445129838
-0.7594936708860729,-20.0,0.0026479091420739745
-0.7594936708860729,-19.49367088607595,0.002647819292179266
-0.7594936708860729,-18.9873417721519,0.0026477281160568926
-0.7594936708860729,-18.481012658227847,0.0026476356199010885
-0.7594936708860729,-17.974683544303797,0.002647541809990643
-0.7594936708860729,-17.468354430379748,0.0026474466926882357
-0.7594936708860729,-16.962025316455694,0.0026473502744397684
-0.7594936708860729,-16.455696202531644,0.002647252561773681
-0.7594936708860729,-15.949367088607595,0.00264715356130026
-0.7594936708860729,-15.443037974683545,0.0026470532797109383
-0.7594936708860729,-14.936708860759493,0.0026469517237775846
-0.7594936708860729,-14.430379746835442,0.0026468489003517786
-0.7594936708860729,-13.924050632911392,0.0026467448163640843
-0.7594936708860729,-13.417721518987342,0.002646639478823304
-0.7594936708860729,-12.91139240506329,0.0026465328948157302
-0.7594936708860729,-12.40506329113924,0.002646425071504385
-0.7594936708860729,-11.89873417721519,0.002646316016128244
-0.7594936708860729,-11.39240506329114,0.00264620573600146
-0.7594936708860729,-10.886075949367088,0.0026460942385125707
-0.7594936708860729,-10.379746835443036,0.002645981531123697
-0.7594936708860729,-9.873417721518987,0.002645867621369733
-0.7594936708860729,-9.367088607594937,0.0026457525168575267
-0.7594936708860729,-8.860759493670885,0.0026456362252650486
-0.7594936708860729,-8.354430379746834,0.0026455187543405565
-0.7594936708860729,-7.848101265822784,0.0026454001119017414
-0.7594936708860729,-7.341772151898734,0.0026452803058348777
-0.7594936708860729,-6.835443037974683,0.0026451593440939515
-0.7594936708860729,-6.329113924050631,0.0026450372346997894
-0.7594936708860729,-5.822784810126581,0.002644913985739173
-0.7594936708860729,-5.3164556962025316,0.002644789605363949
-0.7594936708860729,-4.81012658227848,0.00264466410179013
-0.7594936708860729,-4.3037974683544284,0.0026445374832969873
-0.7594936708860729,-3.7974683544303787,0.0026444097582261376
-0.7594936708860729,-3.291139240506329,0.0026442809349806187
-0.7594936708860729,-2.784810126582279,0.002644151022023965
-0.7594936708860729,-2.278481012658226,0.0026440200278792687
-0.7594936708860729,-1.772151898734176,0.002643887961128243
-0.7594936708860729,-1.2658227848101262,0.0026437548304102713
-0.7594936708860729,-0.7594936708860729,0.0026436206444214578
-0.7594936708860729,-0.2531645569620231,0.002643485411913669
-0.7594936708860729,0.25316455696202667,0.0026433491416935706
-0.7594936708860729,0.7594936708860764,0.002643211842621662
-0.7594936708860729,1.2658227848101262,0.0026430735236113055
-0.7594936708860729,1.7721518987341796,0.0026429341936277523
-0.7594936708860729,2.2784810126582293,0.0026427938616871644
-0.7594936708860729,2.784810126582279,0.002642652536855632
-0.7594936708860729,3.2911392405063324,0.0026425102282481936
-0.7594936708860729,3.797468354430382,0.0026423669450278495
-0.7594936708860729,4.303797468354432,0.0026422226964045747
-0.7594936708860729,4.810126582278482,0.00264207749163433
-0.7594936708860729,5.3164556962025316,0.0026419313400180694
-0.7594936708860729,5.822784810126585,0.0026417842509007562
-0.7594936708860729,6.329113924050635,0.0026416362336703636
-0.7594936708860729,6.835443037974684,0.002641487297756891
-0.7594936708860729,7.341772151898738,0.0026413374526313635
-0.7594936708860729,7.8481012658227876,0.0026411867078048505
-0.7594936708860729,8.354430379746837,0.002641035072827466
-0.7594936708860729,8.860759493670887,0.002640882557287387
-0.7594936708860729,9.367088607594937,0.0026407291708098555
-0.7594936708860729,9.87341772151899,0.0026405749230561998
-0.7594936708860729,10.37974683544304,0.0026404198237228393
-0.7594936708860729,10.88607594936709,0.0026402638825403077
-0.7594936708860729,11.392405063291143,0.002640107109272264
-0.7594936708860729,11.898734177215193,0.00263994951371451
-0.7594936708860729,12.405063291139243,0.0026397911056940167
-0.7594936708860729,12.911392405063296,0.002639631895067938
-0.7594936708860729,13.417721518987342,0.002639471891722641
-0.7594936708860729,13.924050632911396,0.002639311105572727
-0.7594936708860729,14.430379746835442,0.0026391495465600628
-0.7594936708860729,14.936708860759495,0.0026389872246528065
-0.7594936708860729,15.443037974683548,0.002638824149844443
-0.7594936708860729,15.949367088607595,0.0026386603321528123
-0.7594936708860729,16.455696202531648,0.002638495781619148
-0.7594936708860729,16.9620253164557,0.0026383305083071146
-0.7594936708860729,17.468354430379748,0.0026381645223018412
-0.7594936708860729,17.9746835443038,0.0026379978337089677
-0.7594936708860729,18.481012658227854,0.002637830452653681
-0.7594936708860729,18.9873417721519,0.0026376623892797593
-0.7594936708860729,19.493670886075954,0.002637493653748619
-0.7594936708860729,20.0,0.0026373242562383542
-0.2531645569620231,-20.0,0.003823047165669359
-0.2531645569620231,-19.49367088607595,0.0038221286641070724
-0.2531645569620231,-18.9873417721519,0.0038211919813830666
-0.2531645569620231,-18.481012658227847,0.0038202371060664063
-0.2531645569620231,-17.974683544303797,0.0038192640406304107
-0.2531645569620231,-17.468354430379748,0.003818272801998054
-0.2531645569620231,-16.962025316455694,0.003817263422049892
-0.2531645569620231,-16.455696202531644,0.0038162359480902446
-0.2531645569620231,-15.949367088607595,0.00381519044326741
-0.2531645569620231,-15.443037974683545,0.003814126986943794
-0.2531645569620231,-14.936708860759493,0.003813045675011924
-0.2531645569620231,-14.430379746835442,0.0038119466201525136
-0.2531645569620231,-13.924050632911392,0.003810829952030861
-0.2531645569620231,-13.417721518987342,0.003809695817428167
-0.2531645569620231,-12.91139240506329,0.0038085443803045245
-0.2531645569620231,-12.40506329113924,0.003807375821790665
-0.2531645569620231,-11.89873417721519,0.003806190340105856
-0.2531645569620231,-11.39240506329114,0.003804988150399649
-0.2531645569620231,-10.886075949367088,0.0038037694845155894
-0.2531645569620231,-10.379746835443036,0.0038025345906753808
-0.2531645569620231,-9.873417721518987,0.003801283733082401
-0.2531645569620231,-9.367088607594937,0.0038000171914439338
-0.2531645569620231,-8.860759493670885,0.00379873526041191
-0.2531645569620231,-8.354430379746834,0.0037974382489424858
-0.2531645569620231,-7.848101265822784,0.0037961264795751716
-0.2531645569620231,-7.341772151898734,0.003794800287632862
-0.2531645569620231,-6.835443037974683,0.003793460020344471
-0.2531645569620231,-6.329113924050631,0.003792106035892525
-0.2531645569620231,-5.822784810126581,0.003790738702388447
-0.2531645569620231,-5.3164556962025316,0.0037893583967788576
-0.2531645569620231,-4.81012658227848,0.0037879655036866565
-0.2531645569620231,-4.3037974683544284,0.003786560414191135
-0.2531645569620231,-3.7974683544303787,0.0037851435245518303
-0.2531645569620231,-3.291139240506329,0.0037837152348812924
-0.2531645569620231,-2.784810126582279,0.00378227594777229
-0.2531645569620231,-2.278481012658226,0.003780826066885439
-0.2531645569620231,-1.772151898734176,0.0037793659955035336
-0.2531645569620231,-1.2658227848101262,0.003777896135059194
-0.2531645569620231,-0.7594936708860729,0.0037764168836427556
-0.2531645569620231,-0.2531645569620231,0.003774928634497518
-0.2531645569620231,0.25316455696202667,0.0037734317745096854
-0.2531645569620231,0.7594936708860764,0.0037719266827005073
-0.2531645569620231,1.2658227848101262,0.003770413728728211
-0.2531645569620231,1.7721518987341796,0.0037688932714073546
-0.2531645569620231,2.2784810126582293,0.003767365657253304
-0.2531645569620231,2.784810126582279,0.0037658312190594146
-0.2531645569620231,3.2911392405063324,0.003764290274514472
-0.2531645569620231,3.797468354430382,0.0037627431248677835
-0.2531645569620231,4.303797468354432,0.003761190053649115
-0.2531645569620231,4.810126582278482,0.003759631325450437
-0.2531645569620231,5.3164556962025316,0.0037580671847761713
-0.2531645569620231,5.822784810126585,0.003756497854968283
-0.2531645569620231,6.329113924050635,0.0037549235372122012
-0.2531645569620231,6.835443037974684,0.0037533444096291262
-0.2531645569620231,7.341772151898738,0.0037517606264598586
-0.2531645569620231,7.8481012658227876,0.003750172317344754
-0.2531645569620231,8.354430379746837,0.0037485795867039373
-0.2531645569620231,8.860759493670887,0.003746982513221318
-0.2531645569620231,9.367088607594937,0.003745381149435423
-0.2531645569620231,9.87341772151899,0.003743775521439426
-0.2531645569620231,10.37974683544304,0.003742165628692171
-0.2531645569620231,10.88607594936709,0.0037405514439413715
-0.2531645569620231,11.392405063291143,0.0037389329132595005
-0.2531645569620231,11.898734177215193,0.0037373099561923044
-0.2531645569620231,12.405063291139243,0.003735682466019191
-0.2531645569620231,12.911392405063296,0.0037340503101241443
-0.2531645569620231,13.417721518987342,0.003732413330475203
-0.2531645569620231,13.924050632911396,0.0037307713442099035
-0.2531645569620231,14.430379746835442,0.003729124144323525
-0.2531645569620231,14.936708860759495,0.0037274715004564146
-0.2531645569620231,15.443037974683548,0.0037258131597761044
-0.2531645569620231,15.949367088607595,0.003724148847949439
-0.2531645569620231,16.455696202531648,0.0037224782701994466
-0.2531645569620231,16.9620253164557,0.003720801112441256
-0.2531645569620231,17.468354430379748,0.003719117042490937
-0.2531645569620231,17.9746835443038,0.003717425711340796
-0.2531645569620231,18.481012658227854,0.00371572675449434
-0.2531645569620231,18.9873417721519,0.003714019793353834
-0.2531645569620231,19.493670886075954,0.0037123044366531664
-0.2531645569620231,20.0,0.0037105802819285627
0.25316455696202667,-20.0,0.004415074679906284
0.25316455696202667,-19.49367088607595,0.004393869852590524
0.25316455696202667,-18.9873417721519,0.004372229193403939
0.25316455696202667,-18.481012658227847,0.004350174732321437
0.25316455696202667,-17.974683544303797,0.004327730137230865
0.25316455696202667,-17.468354430379748,0.004304920632415104
0.25316455696202667,-16.962025316455694,0.004281772906497511
0.25316455696202667,-16.455696202531644,0.004258315010712638
0.25316455696202667,-15.949367088607595,0.004234576248485324
0.25316455696202667,-15.443037974683545,0.004210587057406227
0.25316455696202667,-14.936708860759493,0.004186378884778636
0.25316455696202667,-14.430379746835442,0.004161984057978396
0.25316455696202667,-13.924050632911392,0.004137435650914985
0.25316455696202667,-13.417721518987342,0.004112767347906573
0.25316455696202667,-12.91139240506329,0.004088013306285388
0.25316455696202667,-12.40506329113924,0.004063208019032256
0.25316455696202667,-11.89873417721519,0.004038386178701885
0.25316455696202667,-11.39240506329114,0.004013582543844661
0.25316455696202667,-10.886075949367088,0.003988831809058189
0.25316455696202667,-10.379746835443036,0.003964168479714768
0.25316455696202667,-9.873417721518987,0.003939626752311524
0.25316455696202667,-9.367088607594937,0.003915240401280883
0.25316455696202667,-8.860759493670885,0.0038910426729825507
0.25316455696202667,-8.354430379746834,0.003867066187477242
0.25316455696202667,-7.848101265822784,0.003843342848559129
0.25316455696202667,-7.341772151898734,0.003819903762401081
0.25316455696202667,-6.835443037974683,0.0037967791650461227
0.25316455696202667,-6.329113924050631,0.003773998358862449
0.25316455696202667,-5.822784810126581,0.003751589657969156
0.25316455696202667,-5.3164556962025316,0.0037295803425373203
0.25316455696202667,-4.81012658227848,0.003707996621777128
0.25316455696202667,-4.3037974683544284,0.003686863605337362
0.25316455696202667,-3.7974683544303787,0.003666205282769266
0.25316455696202667,-3.291139240506329,0.003646044510642903
0.25316455696202667,-2.784810126582279,0.0036264030068507277
0.25316455696202667,-2.278481012658226,0.003607301351589945
0.25316455696202667,-1.772151898734176,0.003588758994482159
0.25316455696202667,-1.2658227848101262,0.0035707942672650863
0.25316455696202667,-0.7594936708860729,0.0035534244014763594
0.25316455696202667,-0.2531645569620231,0.0035366655505426736
0.25316455696202667,0.25316455696202667,0.0035205328156881913
0.25316455696202667,0.7594936708860764,0.003505040275083176
0.25316455696202667,1.2658227848101262,0.0034902010156665393
0.25316455696202667,1.7721518987341796,0.003476027167093501
0.25316455696202667,2.2784810126582293,0.0034625299372809757
0.25316455696202667,2.784810126582279,0.0034497196490479373
0.25316455696202667,3.2911392405063324,0.0034376057773750383
0.25316455696202667,3.797468354430382,0.0034261969868365997
0.25316455696202667,4.303797468354432,0.0034155011687880266
0.25316455696202667,4.810126582278482,0.0034055254779222915
0.25316455696202667,5.3164556962025316,0.003396276367839913
0.25316455696202667,5.822784810126585,0.0033877596253073083
0.25316455696202667,6.329113924050635,0.003379980402908417
0.25316455696202667,6.835443037974684,0.0033729432498236225
0.25316455696202667,7.341772151898738,0.003366652140498208
0.25316455696202667,7.8481012658227876,0.0033611105009896313
0.25316455696202667,8.354430379746837,0.0033563212328088076
0.25316455696202667,8.860759493670887,0.0033522867340952858
0.25316455696202667,9.367088607594937,0.0033490089179897308
0.25316455696202667,9.87341772151899,0.003346489228089531
0.25316455696202667,10.37974683544304,0.0033447286508947642
0.25316455696202667,10.88607594936709,0.0033437277251722854
0.25316455696202667,11.392405063291143,0.003343486548185469
0.25316455696202667,11.898734177215193,0.0033440047787564155
0.25316455696202667,12.405063291139243,0.0033452816371462154
0.25316455696202667,12.911392405063296,0.003347315901757575
0.25316455696202667,13.417721518987342,0.0033501059026827444
0.25316455696202667,13.924050632911396,0.0033536495121385653
0.25316455696202667,14.430379746835442,0.0033579441318496465
0.25316455696202667,14.936708860759495,0.0033629866774605817
0.25316455696202667,15.443037974683548,0.003368773560078568
0.25316455696202667,15.949367088607595,0.003375300665069245
0.25316455696202667,16.455696202531648,0.003382563328250986
0.25316455696202667,16.9620253164557,0.0033905563096563243
0.25316455696202667,17.468354430379748,0.003399273765053862
0.25316455696202667,17.9746835443038,0.0034087092154497633
0.25316455696202667,18.481012658227854,0.0034188555148148463
0.25316455696202667,18.9873417721519,0.003429704816311217
0.25316455696202667,19.493670886075954,0.0034412485373212414
0.25316455696202667,20.0,0.0034534773236111777
0.7594936708860764,-20.0,0.003322326898697785
0.7594936708860764,-19.49367088607595,0.0032727628750226787
0.7594936708860764,-18.9873417721519,0.0032236399215182605
0.7594936708860764,-18.481012658227847,0.003175030107961002
0.7594936708860764,-17.974683544303797,0.003127001169066011
0.7594936708860764,-17.468354430379748,0.003079616292024221
0.7594936708860764,-16.962025316455694,0.003032933962388907
0.7594936708860764,-16.455696202531644,0.0029870078660638923
0.7594936708860764,-15.949367088607595,0.0029418868443375473
0.7594936708860764,-15.443037974683545,0.0028976148982490114
0.7594936708860764,-14.936708860759493,0.0028542312380674716
0.7594936708860764,-14.430379746835442,0.0028117703733079296
0.7594936708860764,-13.924050632911392,0.0027702622384894156
0.7594936708860764,-13.417721518987342,0.002729732349752232
0.7594936708860764,-12.91139240506329,0.0026902019874753234
0.7594936708860764,-12.40506329113924,0.0026516884001574403
0.7594936708860764,-11.89873417721519,0.00261420502502982
0.7594936708860764,-11.39240506329114,0.0025777617211370446
0.7594936708860764,-10.886075949367088,0.002542365010940744
0.7594936708860764,-10.379746835443036,0.0025080183268528337
0.7594936708860764,-9.873417721518987,0.0024747222594776012
0.7594936708860764,-9.367088607594937,0.0024424748047234025
0.7594936708860764,-8.860759493670885,0.002411271607324679
0.7594936708860764,-8.354430379746834,0.0023811061986853095
0.7594936708860764,-7.848101265822784,0.0023519702273080744
0.7594936708860764,-7.341772151898734,0.0023238536804073544
0.7594936708860764,-6.835443037974683,0.00229674509560933
0.7594936708860764,-6.329113924050631,0.0022706317619237103
0.7594936708860764,-5.822784810126581,0.0022454999094220097
0.7594936708860764,-5.3164556962025316,0.0022213348872794944
0.7594936708860764,-4.81012658227848,0.0021981213300314856
0.7594936708860764,-4.3037974683544284,0.0021758433120607854
0.7594936708860764,-3.7974683544303787,0.0021544844904731906
0.7594936708860764,-3.291139240506329,0.0021340282366340483
0.7594936708860764,-2.784810126582279,0.0021144577567327504
0.7594936708860764,-2.278481012658226,0.002095756201815906
0.7594936708860764,-1.772151898734176,0.0020779067677860617
0.7594936708860764,-1.2658227848101262,0.0020608927859030856
0.7594936708860764,-0.7594936708860729,0.002044697804352036
0.7594936708860764,-0.2531645569620231,0.0020293056614561853
0.7594936708860764,0.25316455696202667,0.002014700551118786
0.7594936708860764,0.7594936708860764,0.0020008670810738004
0.7594936708860764,1.2658227848101262,0.001987790324515526
0.7594936708860764,1.7721518987341796,0.001975455865661339
0.7594936708860764,2.2784810126582293,0.0019638498397816714
0.7594936708860764,2.784810126582279,0.0019529589682078872
0.7594936708860764,3.2911392405063324,0.0019427705888028983
0.7594936708860764,3.797468354430382,0.001933272682351707
0.7594936708860764,4.303797468354432,0.0019244538953004538
0.7594936708860764,4.810126582278482,0.0019163035592432503
0.7594936708860764,5.3164556962025316,0.001908811707526712
0.7594936708860764,5.822784810126585,0.0019019690893128426
0.7594936708860764,6.329113924050635,0.001895767181412136
0.7594936708860764,6.835443037974684,0.0018901981981705482
0.7594936708860764,7.341772151898738,0.0018852550996665332
0.7594936708860764,7.8481012658227876,0.0018809315984476957
0.7594936708860764,8.354430379746837,0.0018772221650108056
0.7594936708860764,8.860759493670887,0.0018741220322039973
0.7594936708860764,9.367088607594937,0.0018716271987058333
0.7594936708860764,9.87341772151899,0.0018697344317125974
0.7594936708860764,10.37974683544304,0.0018684412689424917
0.7594936708860764,10.88607594936709,0.0018677460200434092
0.7594936708860764,11.392405063291143,0.0018676477674693754
0.7594936708860764,11.898734177215193,0.0018681463668696273
0.7594936708860764,12.405063291139243,0.0018692424470134051
0.7594936708860764,12.911392405063296,0.001870937409252803
0.7594936708860764,13.417721518987342,0.0018732334265053063
0.7594936708860764,13.924050632911396,0.0018761334417168288
0.7594936708860764,14.430379746835442,0.0018796411657449903
0.7594936708860764,14.936708860759495,0.0018837610745809873
0.7594936708860764,15.443037974683548,0.0018884984058065084
0.7594936708860764,15.949367088607595,0.0018938591541597062
0.7594936708860764,16.455696202531648,0.001899850066061115
0.7594936708860764,16.9620253164557,0.0019064786329265387
0.7594936708860764,17.468354430379748,0.0019137530830692692
0.7594936708860764,17.9746835443038,0.00192168237196849
0.7594936708860764,18.481012658227854,0.0019302761706543891
0.7594936708860764,18.9873417721519,0.0019395448519333202
0.7594936708860764,19.493670886075954,0.0019494994741484923
0.7594936708860764,20.0,0.0019601517621430807
1.2658227848101262,-20.0,0.004028619845222753
1.2658227848101262,-19.49367088607595,0.00399074199001691
1.2658227848101262,-18.9873417721519,0.003952554923376038
1.2658227848101262,-18.481012658227847,0.003914116983023689
1.2658227848101262,-17.974683544303797,0.0038754871094767345
1.2658227848101262,-17.468354430379748,0.0038367245173038817
1.2658227848101262,-16.962025316455694,0.0037978883725594487
1.2658227848101262,-16.455696202531644,0.0037590374800646996
1.2658227848101262,-15.949367088607595,0.0037202299839156714
1.2658227848101262,-15.443037974683545,0.003681523084248412
1.2658227848101262,-14.936708860759493,0.00364297277290158
1.2658227848101262,-14.430379746835442,0.0036046335901945272
1.2658227848101262,-13.924050632911392,0.003566558404598531
1.2658227848101262,-13.417721518987342,0.003528798216631728
1.2658227848101262,-12.91139240506329,0.003491401987865729
1.2658227848101262,-12.40506329113924,0.0034544164955040042
1.2658227848101262,-11.89873417721519,0.0034178862125878572
1.2658227848101262,-11.39240506329114,0.0033818532135124115
1.2658227848101262,-10.886075949367088,0.0033463571041984575
1.2658227848101262,-10.379746835443036,0.003311434975970349
1.2658227848101262,-9.873417721518987,0.0032771213819380906
1.2658227848101262,-9.367088607594937,0.003243448334474431
1.2658227848101262,-8.860759493670885,0.003210445322215114
1.2658227848101262,-8.354430379746834,0.0031781393448909604
1.2658227848101262,-7.848101265822784,0.003146554964222022
1.2658227848101262,-7.341772151898734,0.0031157143690634832
1.2658227848101262,-6.835443037974683,0.003085637452986718
1.2658227848101262,-6.329113924050631,0.003056341902502876
1.2658227848101262,-5.822784810126581,0.0030278432941863633
1.2658227848101262,-5.3164556962025316,0.003000155199027265
1.2658227848101262,-4.81012658227848,0.0029732892924310096
1.2658227848101262,-4.3037974683544284,0.00294725546838618
1.2658227848101262,-3.7974683544303787,0.00292206195643381
1.2658227848101262,-3.291139240506329,0.0028977154401900783
1.2658227848101262,-2.784810126582279,0.002874221176296124
1.2658227848101262,-2.278481012658226,0.002851583112790962
1.2658227848101262,-1.772151898734176,0.00282980400602398
1.2658227848101262,-1.2658227848101262,0.002808885535340239
1.2658227848101262,-0.7594936708860729,0.0027888284148832798
1.2658227848101262,-0.2531645569620231,0.0027696325019653193
1.2658227848101262,0.25316455696202667,0.0027512969015523435
1.2658227848101262,0.7594936708860764,0.0027338200665016294
1.2658227848101262,1.2658227848101262,0.0027171998932707447
1.2658227848101262,1.7721518987341796,0.0027014338128903428
1.2658227848101262,2.2784810126582293,0.002686518877058016
1.2658227848101262,2.784810126582279,0.0026724518392670944
1.2658227848101262,3.2911392405063324,0.002659229230933257
1.2658227848101262,3.797468354430382,0.002646847432523092
1.2658227848101262,4.303797468354432,0.002635302739723144
1.2658227848101262,4.810126582278482,0.002624591424715712
1.2658227848101262,5.3164556962025316,0.002614709792649412
1.2658227848101262,5.822784810126585,0.0026056542334086845
1.2658227848101262,6.329113924050635,0.002597421268797644
1.2658227848101262,6.835443037974684,0.0025900075952602943
1.2658227848101262,7.341772151898738,0.002583410122261839
1.2658227848101262,7.8481012658227876,0.002577626006454873
1.2658227848101262,8.354430379746837,0.0025726526817502577
1.2658227848101262,8.860759493670887,0.0025684878854057482
1.2658227848101262,9.367088607594937,0.0025651296802363995
1.2658227848101262,9.87341772151899,0.002562576473039764
1.2658227848101262,10.37974683544304,0.0025608270293162494
1.2658227848101262,10.88607594936709,0.0025598804843510238
1.2658227848101262,11.392405063291143,0.0025597363507088265
1.2658227848101262,11.898734177215193,0.0025603945221772386
1.2658227848101262,12.405063291139243,0.0025618552741776563
1.2658227848101262,12.911392405063296,0.0025641192606466064
1.2658227848101262,13.417721518987342,0.002567187507373426
1.2658227848101262,13.924050632911396,0.002571061401763937
1.2658227848101262,14.430379746835442,0.0025757426789837622
1.2658227848101262,14.936708860759495,0.0025812334044197282
1.2658227848101262,15.443037974683548,0.0025875359523835355
1.2658227848101262,15.949367088607595,0.0025946529809688624
1.2658227848101262,16.455696202531648,0.002602587402961651
1.2658227848101262,16.9620253164557,0.0026113423526937614
1.2658227848101262,17.468354430379748,0.0026209211487228557
1.2658227848101262,17.9746835443038,0.002631327252216651
1.2658227848101262,18.481012658227854,0.002642564220917988
1.2658227848101262,18.9873417721519,0.0026546356585688386
1.2658227848101262,19.493670886075954,0.0026675451596770627
1.2658227848101262,20.0,0.0026812962495196386
1.7721518987341796,-20.0,0.004028619845222753
1.7721518987341796,-19.49367088607595,0.00399074199001691
1.7721518987341796,-18.9873417721519,0.003952554923376038
1.7721518987341796,-18.481012658227847,0.003914116983023689
1.7721518987341796,-17.974683544303797,0.0038754871094767345
1.7721518987341796,-17.468354430379748,0.0038367245173038817
1.7721518987341796,-16.962025316455694,0.0037978883725594487
1.7721518987341796,-16.455696202531644,0.0037590374800646996
1.7721518987341796,-15.949367088607595,0.0037202299839156714
1.7721518987341796,-15.443037974683545,0.003681523084248412
1.7721518987341796,-14.936708860759493,0.00364297277290158
1.7721518987341796,-14.430379746835442,0.0036046335901945272
1.7721518987341796,-13.924050632911392,0.003566558404598531
1.7721518987341796,-13.417721518987342,0.003528798216631728
1.7721518987341796,-12.91139240506329,0.003491401987865729
1.7721518987341796,-12.40506329113924,0.0034544164955040042
1.7721518987341796,-11.89873417721519,0.0034178862125878572
1.7721518987341796,-11.39240506329114,0.0033818532135124115
1.7721518987341796,-10.886075949367088,0.0033463571041984575
1.7721518987341796,-10.379746835443036,0.003311434975970349
1.7721518987341796,-9.873417721518987,0.0032771213819380906
1.7721518987341796,-9.367088607594937,0.003243448334474431
1.7721518987341796,-8.860759493670885,0.003210445322215114
1.7721518987341796,-8.354430379746834,0.0031781393448909604
1.7721518987341796,-7.848101265822784,0.003146554964222022
1.7721518987341796,-7.341772151898734,0.0031157143690634832
1.7721518987341796,-6.835443037974683,0.003085637452986718
1.7721518987341796,-6.329113924050631,0.003056341902502876
1.7721518987341796,-5.822784810126581,0.0030278432941863633
1.7721518987341796,-5.3164556962025316,0.003000155199027265
1.7721518987341796,-4.81012658227848,0.0029732892924310096
1.7721518987341796,-4.3037974683544284,0.00294725546838618
1.7721518987341796,-3.7974683544303787,0.00292206195643381
1.7721518987341796,-3.291139240506329,0.0028977154401900783
1.7721518987341796,-2.784810126582279,0.002874221176296124
1.7721518987341796,-2.278481012658226,0.002851583112790962
1.7721518987341796,-1.772151898734176,0.00282980400602398
1.7721518987341796,-1.2658227848101262,0.002808885535340239
1.7721518987341796,-0.7594936708860729,0.0027888284148832798
1.7721518987341796,-0.2531645569620231,0.0027696325019653193
1.7721518987341796,0.25316455696202667,0.0027512969015523435
1.7721518987341796,0.7594936708860764,0.0027338200665016294
1.7721518987341796,1.2658227848101262,0.0027171998932707447
1.7721518987341796,1.7721518987341796,0.0027014338128903428
1.7721518987341796,2.2784810126582293,0.002686518877058016
1.7721518987341796,2.784810126582279,0.0026724518392670944
1.7721518987341796,3.2911392405063324,0.002659229230933257
1.7721518987341796,3.797468354430382,0.002646847432523092
1.7721518987341796,4.303797468354432,0.002635302739723144
1.7721518987341796,4.810126582278482,0.002624591424715712
1.7721518987341796,5.3164556962025316,0.002614709792649412
1.7721518987341796,5.822784810126585,0.0026056542334086845
1.7721518987341796,6.329113924050635,0.002597421268797644
1.7721518987341796,6.835443037974684,0.0025900075952602943
1.7721518987341796,7.341772151898738,0.002583410122261839
1.7721518987341796,7.8481012658227876,0.002577626006454873
1.7721518987341796,8.354430379746837,0.0025726526817502577
1.7721518987341796,8.860759493670887,0.0025684878854057482
1.7721518987341796,9.367088607594937,0.0025651296802363995
1.7721518987341796,9.87341772151899,0.002562576473039764
1.7721518987341796,10.37974683544304,0.0025608270293162494
1.7721518987341796,10.88607594936709,0.0025598804843510238
1.7721518987341796,11.392405063291143,0.0025597363507088265
1.7721518987341796,11.898734177215193,0.0025603945221772386
1.7721518987341796,12.405063291139243,0.0025618552741776563
1.7721518987341796,12.911392405063296,0.0025641192606466064
1.7721518987341796,13.417721518987342,0.002567187507373426
1.7721518987341796,13.924050632911396,0.002571061401763937
1.7721518987341796,14.430379746835442,0.0025757426789837622
1.7721518987341796,14.936708860759495,0.0025812334044197282
1.7721518987341796,15.443037974683548,0.0025875359523835355
1.7721518987341796,15.949367088607595,0.0025946529809688624
1.7721518987341796,16.455696202531648,0.002602587402961651
1.7721518987341796,16.9620253164557,0.0026113423526937614
1.7721518987341796,17.468354430379748,0.0026209211487228557
1.7721518987341796,17.9746835443038,0.002631327252216651
1.7721518987341796,18.481012658227854,0.002642564220917988
1.7721518987341796,18.9873417721519,0.0026546356585688386
1.7721518987341796,19.493670886075954,0.0026675451596770627
1.7721518987341796,20.0,0.0026812962495196386
2.2784810126582293,-20.0,0.004028619845222753
2.2784810126582293,-19.49367088607595,0.00399074199001691
2.2784810126582293,-18.9873417721519,0.003952554923376038
2.2784810126582293,-18.481012658227847,0.003914116983023689
2.2784810126582293,-17.974683544303797,0.0038754871094767345
2.2784810126582293,-17.468354430379748,0.0038367245173038817
2.2784810126582293,-16.962025316455694,0.0037978883725594487
2.2784810126582293,-16.455696202531644,0.0037590374800646996
2.2784810126582293,-15.949367088607595,0.0037202299839156714
2.2784810126582293,-15.443037974683545,0.003681523084248412
2.2784810126582293,-14.936708860759493,0.00364297277290158
2.2784810126582293,-14.430379746835442,0.0036046335901945272
2.2784810126582293,-13.924050632911392,0.003566558404598531
2.2784810126582293,-13.417721518987342,0.003528798216631728
2.2784810126582293,-12.91139240506329,0.003491401987865729
2.2784810126582293,-12.40506329113924,0.0034544164955040042
2.2784810126582293,-11.89873417721519,0.0034178862125878572
2.2784810126582293,-11.39240506329114,0.0033818532135124115
2.2784810126582293,-10.886075949367088,0.0033463571041984575
2.2784810126582293,-10.379746835443036,0.003311434975970349
2.2784810126582293,-9.873417721518987,0.0032771213819380906
2.2784810126582293,-9.367088607594937,0.003243448334474431
2.2784810126582293,-8.860759493670885,0.003210445322215114
2.2784810126582293,-8.354430379746834,0.0031781393448909604
2.2784810126582293,-7.848101265822784,0.003146554964222022
2.2784810126582293,-7.341772151898734,0.0031157143690634832
2.2784810126582293,-6.835443037974683,0.003085637452986718
2.2784810126582293,-6.329113924050631,0.003056341902502876
2.2784810126582293,-5.822784810126581,0.0030278432941863633
2.2784810126582293,-5.3164556962025316,0.003000155199027265
2.2784810126582293,-4.81012658227848,0.0029732892924310096
2.2784810126582293,-4.3037974683544284,0.00294725546838618
2.2784810126582293,-3.7974683544303787,0.00292206195643381
2.2784810126582293,-3.291139240506329,0.0028977154401900783
2.2784810126582293,-2.784810126582279,0.002874221176296124
2.2784810126582293,-2.278481012658226,0.002851583112790962
2.2784810126582293,-1.772151898734176,0.00282980400602398
2.2784810126582293,-1.2658227848101262,0.002808885535340239
2.2784810126582293,-0.7594936708860729,0.0027888284148832798
2.2784810126582293,-0.2531645569620231,0.0027696325019653193
2.2784810126582293,0.25316455696202667,0.0027512969015523435
2.2784810126582293,0.7594936708860764,0.0027338200665016294
2.2784810126582293,1.2658227848101262,0.0027171998932707447
2.2784810126582293,1.7721518987341796,0.0027014338128903428
2.2784810126582293,2.2784810126582293,0.002686518877058016
2.2784810126582293,2.784810126582279,0.0026724518392670944
2.2784810126582293,3.2911392405063324,0.002659229230933257
2.2784810126582293,3.797468354430382,0.002646847432523092
2.2784810126582293,4.303797468354432,0.002635302739723144
2.2784810126582293,4.810126582278482,0.002624591424715712
2.2784810126582293,5.3164556962025316,0.002614709792649412
2.2784810126582293,5.822784810126585,0.0026056542334086845
2.2784810126582293,6.329113924050635,0.002597421268797644
2.2784810126582293,6.835443037974684,0.0025900075952602943
2.2784810126582293,7.341772151898738,0.002583410122261839
2.2784810126582293,7.8481012658227876,0.002577626006454873
2.2784810126582293,8.354430379746837,0.0025726526817502577
2.2784810126582293,8.860759493670887,0.0025684878854057482
2.2784810126582293,9.367088607594937,0.0025651296802363995
2.2784810126582293,9.87341772151899,0.002562576473039764
2.2784810126582293,10.37974683544304,0.0025608270293162494
2.2784810126582293,10.88607594936709,0.0025598804843510238
2.2784810126582293,11.392405063291143,0.0025597363507088265
2.2784810126582293,11.898734177215193,0.0025603945221772386
2.2784810126582293,12.405063291139243,0.0025618552741776563
2.2784810126582293,12.911392405063296,0.0025641192606466064
2.2784810126582293,13.417721518987342,0.002567187507373426
2.2784810126582293,13.924050632911396,0.002571061401763937
2.2784810126582293,14.430379746835442,0.0025757426789837622
2.2784810126582293,14.936708860759495,0.0025812334044197282
2.2784810126582293,15.443037974683548,0.0025875359523835355
2.2784810126582293,15.949367088607595,0.0025946529809688624
2.2784810126582293,16.455696202531648,0.002602587402961651
2.2784810126582293,16.9620253164557,0.0026113423526937614
2.2784810126582293,17.468354430379748,0.0026209211487228557
2.2784810126582293,17.9746835443038,0.002631327252216651
2.2784810126582293,18.481012658227854,0.002642564220917988
2.2784810126582293,18.9873417721519,0.0026546356585688386
2.2784810126582293,19.493670886075954,0.0026675451596770627
2.2784810126582293,20.0,0.0026812962495196386
2.784810126582279,-20.0,0.004028619845222753
2.784810126582279,-19.49367088607595,0.00399074199001691
2.784810126582279,-18.9873417721519,0.003952554923376038
2.784810126582279,-18.481012658227847,0.003914116983023689
2.784810126582279,-17.974683544303797,0.0038754871094767345
2.784810126582279,-17.468354430379748,0.0038367245173038817
2.784810126582279,-16.962025316455694,0.0037978883725594487
2.784810126582279,-16.455696202531644,0.0037590374800646996
2.784810126582279,-15.949367088607595,0.0037202299839156714
2.784810126582279,-15.443037974683545,0.003681523084248412
2.784810126582279,-14.936708860759493,0.00364297277290158
2.784810126582279,-14.430379746835442,0.0036046335901945272
2.784810126582279,-13.924050632911392,0.003566558404598531
2.784810126582279,-13.417721518987342,0.003528798216631728
2.784810126582279,-12.91139240506329,0.003491401987865729
2.784810126582279,-12.40506329113924,0.0034544164955040042
2.784810126582279,-11.89873417721519,0.0034178862125878572
2.784810126582279,-11.39240506329114,0.0033818532135124115
2.784810126582279,-10.886075949367088,0.0033463571041984575
2.784810126582279,-10.379746835443036,0.003311434975970349
2.784810126582279,-9.873417721518987,0.0032771213819380906
2.784810126582279,-9.367088607594937,0.003243448334474431
2.784810126582279,-8.860759493670885,0.003210445322215114
2.784810126582279,-8.354430379746834,0.0031781393448909604
2.784810126582279,-7.848101265822784,0.003146554964222022
2.784810126582279,-7.341772151898734,0.0031157143690634832
2.784810126582279,-6.835443037974683,0.003085637452986718
2.784810126582279,-6.329113924050631,0.003056341902502876
2.784810126582279,-5.822784810126581,0.0030278432941863633
2.784810126582279,-5.3164556962025316,0.003000155199027265
2.784810126582279,-4.81012658227848,0.0029732892924310096
2.784810126582279,-4.3037974683544284,0.00294725546838618
2.784810126582279,-3.7974683544303787,0.00292206195643381
2.784810126582279,-3.291139240506329,0.0028977154401900783
2.784810126582279,-2.784810126582279,0.002874221176296124
2.784810126582279,-2.278481012658226,0.002851583112790962
2.784810126582279,-1.772151898734176,0.00282980400602398
2.784810126582279,-1.2658227848101262,0.002808885535340239
2.784810126582279,-0.7594936708860729,0.0027888284148832798
2.784810126582279,-0.2531645569620231,0.0027696325019653193
2.784810126582279,0.25316455696202667,0.0027512969015523435
2.784810126582279,0.7594936708860764,0.0027338200665016294
2.784810126582279,1.2658227848101262,0.0027171998932707447
2.784810126582279,1.7721518987341796,0.0027014338128903428
2.784810126582279,2.2784810126582293,0.002686518877058016
2.784810126582279,2.784810126582279,0.0026724518392670944
2.784810126582279,3.2911392405063324,0.002659229230933257
2.784810126582279,3.797468354430382,0.002646847432523092
2.784810126582279,4.303797468354432,0.002635302739723144
2.784810126582279,4.810126582278482,0.002624591424715712
2.784810126582279,5.3164556962025316,0.002614709792649412
2.784810126582279,5.822784810126585,0.0026056542334086845
2.784810126582279,6.329113924050635,0.002597421268797644
2.784810126582279,6.835443037974684,0.0025900075952602943
2.784810126582279,7.341772151898738,0.002583410122261839
2.784810126582279,7.8481012658227876,0.002577626006454873
2.784810126582279,8.354430379746837,0.0025726526817502577
2.784810126582279,8.860759493670887,0.0025684878854057482
2.784810126582279,9.367088607594937,0.0025651296802363995
2.784810126582279,9.87341772151899,0.002562576473039764
2.784810126582279,10.37974683544304,0.0025608270293162494
2.784810126582279,10.88607594936709,0.0025598804843510238
2.784810126582279,11.392405063291143,0.0025597363507088265
2.784810126582279,11.898734177215193,0.0025603945221772386
2.784810126582279,12.405063291139243,0.0025618552741776563
2.784810126582279,12.911392405063296,0.0025641192606466064
2.784810126582279,13.417721518987342,0.002567187507373426
2.784810126582279,13.924050632911396,0.002571061401763937
2.784810126582279,14.430379746835442,0.0025757426789837622
2.784810126582279,14.936708860759495,0.0025812334044197282
2.784810126582279,15.443037974683548,0.0025875359523835355
2.784810126582279,15.949367088607595,0.0025946529809688624
2.784810126582279,16.455696202531648,0.002602587402961651
2.784810126582279,16.9620253164557,0.0026113423526937614
2.784810126582279,17.468354430379748,0.0026209211487228557
2.784810126582279,17.9746835443038,0.002631327252216651
2.784810126582279,18.481012658227854,0.002642564220917988
2.784810126582279,18.9873417721519,0.0026546356585688386
2.784810126582279,19.493670886075954,0.0026675451596770627
2.784810126582279,20.0,0.0026812962495196386
3.2911392405063324,-20.0,0.004028619845222753
3.2911392405063324,-19.49367088607595,0.00399074199001691
3.2911392405063324,-18.9873417721519,0.003952554923376038
3.2911392405063324,-18.481012658227847,0.003914116983023689
3.2911392405063324,-17.974683544303797,0.0038754871094767345
3.2911392405063324,-17.468354430379748,0.0038367245173038817
3.2911392405063324,-16.962025316455694,0.0037978883725594487
3.2911392405063324,-16.455696202531644,0.0037590374800646996
3.2911392405063324,-15.949367088607595,0.0037202299839156714
3.2911392405063324,-15.443037974683545,0.003681523084248412
3.2911392405063324,-14.936708860759493,0.00364297277290158
3.2911392405063324,-14.430379746835442,0.0036046335901945272
3.2911392405063324,-13.924050632911392,0.003566558404598531
3.2911392405063324,-13.417721518987342,0.003528798216631728
3.2911392405063324,-12.91139240506329,0.003491401987865729
3.2911392405063324,-12.40506329113924,0.0034544164955040042
3.2911392405063324,-11.89873417721519,0.0034178862125878572
3.2911392405063324,-11.39240506329114,0.0033818532135124115
3.2911392405063324,-10.886075949367088,0.0033463571041984575
3.2911392405063324,-10.379746835443036,0.003311434975970349
3.2911392405063324,-9.873417721518987,0.0032771213819380906
3.2911392405063324,-9.367088607594937,0.003243448334474431
3.2911392405063324,-8.860759493670885,0.003210445322215114
3.2911392405063324,-8.354430379746834,0.0031781393448909604
3.2911392405063324,-7.848101265822784,0.003146554964222022
3.2911392405063324,-7.341772151898734,0.0031157143690634832
3.2911392405063324,-6.835443037974683,0.003085637452986718
3.2911392405063324,-6.329113924050631,0.003056341902502876
3.2911392405063324,-5.822784810126581,0.0030278432941863633
3.2911392405063324,-5.3164556962025316,0.003000155199027265
3.2911392405063324,-4.81012658227848,0.0029732892924310096
3.2911392405063324,-4.3037974683544284,0.00294725546838618
3.2911392405063324,-3.7974683544303787,0.00292206195643381
3.2911392405063324,-3.291139240506329,0.0028977154401900783
3.2911392405063324,-2.784810126582279,0.002874221176296124
3.2911392405063324,-2.278481012658226,0.002851583112790962
3.2911392405063324,-1.772151898734176,0.00282980400602398
3.2911392405063324,-1.2658227848101262,0.002808885535340239
3.2911392405063324,-0.7594936708860729,0.0027888284148832798
3.2911392405063324,-0.2531645569620231,0.0027696325019653193
3.2911392405063324,0.25316455696202667,0.0027512969015523435
3.2911392405063324,0.7594936708860764,0.0027338200665016294
3.2911392405063324,1.2658227848101262,0.0027171998932707447
3.2911392405063324,1.7721518987341796,0.0027014338128903428
3.2911392405063324,2.2784810126582293,0.002686518877058016
3.2911392405063324,2.784810126582279,0.0026724518392670944
3.2911392405063324,3.2911392405063324,0.002659229230933257
3.2911392405063324,3.797468354430382,0.002646847432523092
3.2911392405063324,4.303797468354432,0.002635302739723144
3.2911392405063324,4.810126582278482,0.002624591424715712
3.2911392405063324,5.3164556962025316,0.002614709792649412
3.2911392405063324,5.822784810126585,0.0026056542334086845
3.2911392405063324,6.329113924050635,0.002597421268797644
3.2911392405063324,6.835443037974684,0.0025900075952602943
3.2911392405063324,7.341772151898738,0.002583410122261839
3.2911392405063324,7.8481012658227876,0.002577626006454873
3.2911392405063324,8.354430379746837,0.0025726526817502577
3.2911392405063324,8.860759493670887,0.0025684878854057482
3.2911392405063324,9.367088607594937,0.0025651296802363995
3.2911392405063324,9.87341772151899,0.002562576473039764
3.2911392405063324,10.37974683544304,0.0025608270293162494
3.2911392405063324,10.88607594936709,0.0025598804843510238
3.2911392405063324,11.392405063291143,0.0025597363507088265
3.2911392405063324,11.898734177215193,0.0025603945221772386
3.2911392405063324,12.405063291139243,0.0025618552741776563
3.2911392405063324,12.911392405063296,0.0025641192606466064
3.2911392405063324,13.417721518987342,0.002567187507373426
3.2911392405063324,13.924050632911396,0.002571061401763937
3.2911392405063324,14.430379746835442,0.0025757426789837622
3.2911392405063324,14.936708860759495,0.0025812334044197282
3.2911392405063324,15.443037974683548,0.0025875359523835355
3.2911392405063324,15.949367088607595,0.0025946529809688624
3.2911392405063324,16.455696202531648,0.002602587402961651
3.2911392405063324,16.9620253164557,0.0026113423526937614
3.2911392405063324,17.468354430379748,0.0026209211487228557
3.2911392405063324,17.9746835443038,0.002631327252216651
3.2911392405063324,18.481012658227854,0.002642564220917988
3.2911392405063324,18.9873417721519,0.0026546356585688386
3.2911392405063324,19.493670886075954,0.0026675451596770627
3.2911392405063324,20.0,0.0026812962495196386
3.797468354430382,-20.0,0.004028619845222753
3.797468354430382,-19.49367088607595,0.00399074199001691
3.797468354430382,-18.9873417721519,0.003952554923376038
3.797468354430382,-18.481012658227847,0.003914116983023689
3.797468354430382,-17.974683544303797,0.0038754871094767345
3.797468354430382,-17.468354430379748,0.0038367245173038817
3.797468354430382,-16.962025316455694,0.0037978883725594487
3.797468354430382,-16.455696202531644,0.0037590374800646996
3.797468354430382,-15.949367088607595,0.0037202299839156714
3.797468354430382,-15.443037974683545,0.003681523084248412
3.797468354430382,-14.936708860759493,0.00364297277290158
3.797468354430382,-14.430379746835442,0.0036046335901945272
3.797468354430382,-13.924050632911392,0.003566558404598531
3.797468354430382,-13.417721518987342,0.003528798216631728
3.797468354430382,-12.91139240506329,0.003491401987865729
3.797468354430382,-12.40506329113924,0.0034544164955040042
3.797468354430382,-11.89873417721519,0.0034178862125878572
3.797468354430382,-11.39240506329114,0.0033818532135124115
3.797468354430382,-10.886075949367088,0.0033463571041984575
3.797468354430382,-10.379746835443036,0.003311434975970349
3.797468354430382,-9.873417721518987,0.0032771213819380906
3.797468354430382,-9.367088607594937,0.003243448334474431
3.797468354430382,-8.860759493670885,0.003210445322215114
3.797468354430382,-8.354430379746834,0.0031781393448909604
3.797468354430382,-7.848101265822784,0.003146554964222022
3.797468354430382,-7.341772151898734,0.0031157143690634832
3.797468354430382,-6.835443037974683,0.003085637452986718
3.797468354430382,-6.329113924050631,0.003056341902502876
3.797468354430382,-5.822784810126581,0.0030278432941863633
3.797468354430382,-5.3164556962025316,0.003000155199027265
3.797468354430382,-4.81012658227848,0.0029732892924310096
3.797468354430382,-4.3037974683544284,0.00294725546838618
3.797468354430382,-3.7974683544303787,0.00292206195643381
3.797468354430382,-3.291139240506329,0.0028977154401900783
3.797468354430382,-2.784810126582279,0.002874221176296124
3.797468354430382,-2.278481012658226,0.002851583112790962
3.797468354430382,-1.772151898734176,0.00282980400602398
3.797468354430382,-1.2658227848101262,0.002808885535340239
3.797468354430382,-0.7594936708860729,0.0027888284148832798
3.797468354430382,-0.2531645569620231,0.0027696325019653193
3.797468354430382,0.25316455696202667,0.0027512969015523435
3.797468354430382,0.7594936708860764,0.0027338200665016294
3.797468354430382,1.2658227848101262,0.0027171998932707447
3.797468354430382,1.7721518987341796,0.0027014338128903428
3.797468354430382,2.2784810126582293,0.002686518877058016
3.797468354430382,2.784810126582279,0.0026724518392670944
3.797468354430382,3.2911392405063324,0.002659229230933257
3.797468354430382,3.797468354430382,0.002646847432523092
3.797468354430382,4.303797468354432,0.002635302739723144
3.797468354430382,4.810126582278482,0.002624591424715712
3.797468354430382,5.3164556962025316,0.002614709792649412
3.797468354430382,5.822784810126585,0.0026056542334086845
3.797468354430382,6.329113924050635,0.002597421268797644
3.797468354430382,6.835443037974684,0.0025900075952602943
3.797468354430382,7.341772151898738,0.002583410122261839
3.797468354430382,7.8481012658227876,0.002577626006454873
3.797468354430382,8.354430379746837,0.0025726526817502577
3.797468354430382,8.860759493670887,0.0025684878854057482
3.797468354430382,9.367088607594937,0.0025651296802363995
3.797468354430382,9.87341772151899,0.002562576473039764
3.797468354430382,10.37974683544304,0.0025608270293162494
3.797468354430382,10.88607594936709,0.0025598804843510238
3.797468354430382,11.392405063291143,0.0025597363507088265
3.797468354430382,11.898734177215193,0.0025603945221772386
3.797468354430382,12.405063291139243,0.0025618552741776563
3.797468354430382,12.911392405063296,0.0025641192606466064
3.797468354430382,13.417721518987342,0.002567187507373426
3.797468354430382,13.924050632911396,0.002571061401763937
3.797468354430382,14.430379746835442,0.0025757426789837622
3.797468354430382,14.936708860759495,0.0025812334044197282
3.797468354430382,15.443037974683548,0.0025875359523835355
3.797468354430382,15.949367088607595,0.0025946529809688624
3.797468354430382,16.455696202531648,0.002602587402961651
3.797468354430382,16.9620253164557,0.0026113423526937614
3.797468354430382,17.468354430379748,0.0026209211487228557
3.797468354430382,17.9746835443038,0.002631327252216651
3.797468354430382,18.481012658227854,0.002642564220917988
3.797468354430382,18.9873417721519,0.0026546356585688386
3.797468354430382,19.493670886075954,0.0026675451596770627
3.797468354430382,20.0,0.0026812962495196386
4.303797468354432,-20.0,0.004028619845222753
4.303797468354432,-19.49367088607595,0.00399074199001691
4.303797468354432,-18.9873417721519,0.003952554923376038
4.303797468354432,-18.481012658227847,0.003914116983023689
4.303797468354432,-17.974683544303797,0.0038754871094767345
4.303797468354432,-17.468354430379748,0.0038367245173038817
4.303797468354432,-16.962025316455694,0.0037978883725594487
4.303797468354432,-16.455696202531644,0.0037590374800646996
4.303797468354432,-15.949367088607595,0.0037202299839156714
4.303797468354432,-15.443037974683545,0.003681523084248412
4.303797468354432,-14.936708860759493,0.00364297277290158
4.303797468354432,-14.430379746835442,0.0036046335901945272
4.303797468354432,-13.924050632911392,0.003566558404598531
4.303797468354432,-13.417721518987342,0.003528798216631728
4.303797468354432,-12.91139240506329,0.003491401987865729
4.303797468354432,-12.40506329113924,0.0034544164955040042
4.303797468354432,-11.89873417721519,0.0034178862125878572
4.303797468354432,-11.39240506329114,0.0033818532135124115
4.303797468354432,-10.886075949367088,0.0033463571041984575
4.303797468354432,-10.379746835443036,0.003311434975970349
4.303797468354432,-9.873417721518987,0.0032771213819380906
4.303797468354432,-9.367088607594937,0.003243448334474431
4.303797468354432,-8.860759493670885,0.003210445322215114
4.303797468354432,-8.354430379746834,0.0031781393448909604
4.303797468354432,-7.848101265822784,0.003146554964222022
4.303797468354432,-7.341772151898734,0.0031157143690634832
4.303797468354432,-6.835443037974683,0.003085637452986718
4.303797468354432,-6.329113924050631,0.003056341902502876
4.303797468354432,-5.822784810126581,0.0030278432941863633
4.303797468354432,-5.3164556962025316,0.003000155199027265
4.303797468354432,-4.81012658227848,0.0029732892924310096
4.303797468354432,-4.3037974683544284,0.00294725546838618
4.303797468354432,-3.7974683544303787,0.00292206195643381
4.303797468354432,-3.291139240506329,0.0028977154401900783
4.303797468354432,-2.784810126582279,0.002874221176296124
4.303797468354432,-2.278481012658226,0.002851583112790962
4.303797468354432,-1.772151898734176,0.00282980400602398
4.303797468354432,-1.2658227848101262,0.002808885535340239
4.303797468354432,-0.7594936708860729,0.0027888284148832798
4.303797468354432,-0.2531645569620231,0.0027696325019653193
4.303797468354432,0.25316455696202667,0.0027512969015523435
4.303797468354432,0.7594936708860764,0.0027338200665016294
4.303797468354432,1.2658227848101262,0.0027171998932707447
4.303797468354432,1.7721518987341796,0.0027014338128903428
4.303797468354432,2.2784810126582293,0.002686518877058016
4.303797468354432,2.784810126582279,0.0026724518392670944
4.303797468354432,3.2911392405063324,0.002659229230933257
4.303797468354432,3.797468354430382,0.002646847432523092
4.303797468354432,4.303797468354432,0.002635302739723144
4.303797468354432,4.810126582278482,0.002624591424715712
4.303797468354432,5.3164556962025316,0.002614709792649412
4.303797468354432,5.822784810126585,0.0026056542334086845
4.303797468354432,6.329113924050635,0.002597421268797644
4.303797468354432,6.835443037974684,0.0025900075952602943
4.303797468354432,7.341772151898738,0.002583410122261839
4.303797468354432,7.8481012658227876,0.002577626006454873
4.303797468354432,8.354430379746837,0.0025726526817502577
4.303797468354432,8.860759493670887,0.0025684878854057482
4.303797468354432,9.367088607594937,0.0025651296802363995
4.303797468354432,9.87341772151899,0.002562576473039764
4.303797468354432,10.37974683544304,0.0025608270293162494
4.303797468354432,10.88607594936709,0.0025598804843510238
4.303797468354432,11.392405063291143,0.0025597363507088265
4.303797468354432,11.898734177215193,0.0025603945221772386
4.303797468354432,12.405063291139243,0.0025618552741776563
4.303797468354432,12.911392405063296,0.0025641192606466064
4.303797468354432,13.417721518987342,0.002567187507373426
4.303797468354432,13.924050632911396,0.002571061401763937
4.303797468354432,14.430379746835442,0.0025757426789837622
4.303797468354432,14.936708860759495,0.0025812334044197282
4.303797468354432,15.443037974683548,0.0025875359523835355
4.303797468354432,15.949367088607595,0.0025946529809688624
4.303797468354432,16.455696202531648,0.002602587402961651
4.303797468354432,16.9620253164557,0.0026113423526937614
4.303797468354432,17.468354430379748,0.0026209211487228557
4.303797468354432,17.9746835443038,0.002631327252216651
4.303797468354432,18.481012658227854,0.002642564220917988
4.303797468354432,18.9873417721519,0.0026546356585688386
4.303797468354432,19.493670886075954,0.0026675451596770627
4.303797468354432,20.0,0.0026812962495196386
4.810126582278482,-20.0,0.004028619845222753
4.810126582278482,-19.49367088607595,0.00399074199001691
4.810126582278482,-18.9873417721519,0.003952554923376038
4.810126582278482,-18.481012658227847,0.003914116983023689
4.810126582278482,-17.974683544303797,0.0038754871094767345
4.810126582278482,-17.468354430379748,0.0038367245173038817
4.810126582278482,-16.962025316455694,0.0037978883725594487
4.810126582278482,-16.455696202531644,0.0037590374800646996
4.810126582278482,-15.949367088607595,0.0037202299839156714
4.810126582278482,-15.443037974683545,0.003681523084248412
4.810126582278482,-14.936708860759493,0.00364297277290158
4.810126582278482,-14.430379746835442,0.0036046335901945272
4.810126582278482,-13.924050632911392,0.003566558404598531
4.810126582278482,-13.417721518987342,0.003528798216631728
4.810126582278482,-12.91139240506329,0.003491401987865729
4.810126582278482,-12.40506329113924,0.0034544164955040042
4.810126582278482,-11.89873417721519,0.0034178862125878572
4.810126582278482,-11.39240506329114,0.0033818532135124115
4.810126582278482,-10.886075949367088,0.0033463571041984575
4.810126582278482,-10.379746835443036,0.003311434975970349
4.810126582278482,-9.873417721518987,0.0032771213819380906
4.810126582278482,-9.367088607594937,0.003243448334474431
4.810126582278482,-8.860759493670885,0.003210445322215114
4.810126582278482,-8.354430379746834,0.0031781393448909604
4.810126582278482,-7.848101265822784,0.003146554964222022
4.810126582278482,-7.341772151898734,0.0031157143690634832
4.810126582278482,-6.835443037974683,0.003085637452986718
4.810126582278482,-6.329113924050631,0.003056341902502876
4.810126582278482,-5.822784810126581,0.0030278432941863633
4.810126582278482,-5.3164556962025316,0.003000155199027265
4.810126582278482,-4.81012658227848,0.0029732892924310096
4.810126582278482,-4.3037974683544284,0.00294725546838618
4.810126582278482,-3.7974683544303787,0.00292206195643381
4.810126582278482,-3.291139240506329,0.0028977154401900783
4.810126582278482,-2.784810126582279,0.002874221176296124
4.810126582278482,-2.278481012658226,0.002851583112790962
4.810126582278482,-1.772151898734176,0.00282980400602398
4.810126582278482,-1.2658227848101262,0.002808885535340239
4.810126582278482,-0.7594936708860729,0.0027888284148832798
4.810126582278482,-0.2531645569620231,0.0027696325019653193
4.810126582278482,0.25316455696202667,0.0027512969015523435
4.810126582278482,0.7594936708860764,0.0027338200665016294
4.810126582278482,1.2658227848101262,0.0027171998932707447
4.810126582278482,1.7721518987341796,0.0027014338128903428
4.810126582278482,2.2784810126582293,0.002686518877058016
4.810126582278482,2.784810126582279,0.0026724518392670944
4.810126582278482,3.2911392405063324,0.002659229230933257
4.810126582278482,3.797468354430382,0.002646847432523092
4.810126582278482,4.303797468354432,0.002635302739723144
4.810126582278482,4.810126582278482,0.002624591424715712
4.810126582278482,5.3164556962025316,0.002614709792649412
4.810126582278482,5.822784810126585,0.0026056542334086845
4.810126582278482,6.329113924050635,0.002597421268797644
4.810126582278482,6.835443037974684,0.0025900075952602943
4.810126582278482,7.341772151898738,0.002583410122261839
4.810126582278482,7.8481012658227876,0.002577626006454873
4.810126582278482,8.354430379746837,0.0025726526817502577
4.810126582278482,8.860759493670887,0.0025684878854057482
4.810126582278482,9.367088607594937,0.0025651296802363995
4.810126582278482,9.87341772151899,0.002562576473039764
4.810126582278482,10.37974683544304,0.0025608270293162494
4.810126582278482,10.88607594936709,0.0025598804843510238
4.810126582278482,11.392405063291143,0.0025597363507088265
4.810126582278482,11.898734177215193,0.0025603945221772386
4.810126582278482,12.405063291139243,0.0025618552741776563
4.810126582278482,12.911392405063296,0.0025641192606466064
4.810126582278482,13.417721518987342,0.002567187507373426
4.810126582278482,13.924050632911396,0.002571061401763937
4.810126582278482,14.430379746835442,0.0025757426789837622
4.810126582278482,14.936708860759495,0.0025812334044197282
4.810126582278482,15.443037974683548,0.0025875359523835355
4.810126582278482,15.949367088607595,0.0025946529809688624
4.810126582278482,16.455696202531648,0.002602587402961651
4.810126582278482,16.9620253164557,0.0026113423526937614
4.810126582278482,17.468354430379748,0.0026209211487228557
4.810126582278482,17.9746835443038,0.002631327252216651
4.810126582278482,18.481012658227854,0.002642564220917988
4.810126582278482,18.9873417721519,0.0026546356585688386
4.810126582278482,19.493670886075954,0.0026675451596770627
4.810126582278482,20.0,0.0026812962495196386
5.3164556962025316,-20.0,0.004028619845222753
5.3164556962025316,-19.49367088607595,0.00399074199001691
5.3164556962025316,-18.9873417721519,0.003952554923376038
5.3164556962025316,-18.481012658227847,0.003914116983023689
5.3164556962025316,-17.974683544303797,0.0038754871094767345
5.3164556962025316,-17.468354430379748,0.0038367245173038817
5.3164556962025316,-16.962025316455694,0.0037978883725594487
5.3164556962025316,-16.455696202531644,0.0037590374800646996
5.3164556962025316,-15.949367088607595,0.0037202299839156714
5.3164556962025316,-15.443037974683545,0.003681523084248412
5.3164556962025316,-14.936708860759493,0.00364297277290158
5.3164556962025316,-14.430379746835442,0.0036046335901945272
5.3164556962025316,-13.924050632911392,0.003566558404598531
5.3164556962025316,-13.417721518987342,0.003528798216631728
5.3164556962025316,-12.91139240506329,0.003491401987865729
5.3164556962025316,-12.40506329113924,0.0034544164955040042
5.3164556962025316,-11.89873417721519,0.0034178862125878572
5.3164556962025316,-11.39240506329114,0.0033818532135124115
5.3164556962025316,-10.886075949367088,0.0033463571041984575
5.3164556962025316,-10.379746835443036,0.003311434975970349
5.3164556962025316,-9.873417721518987,0.0032771213819380906
5.3164556962025316,-9.367088607594937,0.003243448334474431
5.3164556962025316,-8.860759493670885,0.003210445322215114
5.3164556962025316,-8.354430379746834,0.0031781393448909604
5.3164556962025316,-7.848101265822784,0.003146554964222022
5.3164556962025316,-7.341772151898734,0.0031157143690634832
5.3164556962025316,-6.835443037974683,0.003085637452986718
5.3164556962025316,-6.329113924050631,0.003056341902502876
5.3164556962025316,-5.822784810126581,0.0030278432941863633
5.3164556962025316,-5.3164556962025316,0.003000155199027265
5.3164556962025316,-4.81012658227848,0.0029732892924310096
5.3164556962025316,-4.3037974683544284,0.00294725546838618
5.3164556962025316,-3.7974683544303787,0.00292206195643381
5.3164556962025316,-3.291139240506329,0.0028977154401900783
5.3164556962025316,-2.784810126582279,0.002874221176296124
5.3164556962025316,-2.278481012658226,0.002851583112790962
5.3164556962025316,-1.772151898734176,0.00282980400602398
5.3164556962025316,-1.2658227848101262,0.002808885535340239
5.3164556962025316,-0.7594936708860729,0.0027888284148832798
5.3164556962025316,-0.2531645569620231,0.0027696325019653193
5.3164556962025316,0.25316455696202667,0.0027512969015523435
5.3164556962025316,0.7594936708860764,0.0027338200665016294
5.3164556962025316,1.2658227848101262,0.0027171998932707447
5.3164556962025316,1.7721518987341796,0.0027014338128903428
5.3164556962025316,2.2784810126582293,0.002686518877058016
5.3164556962025316,2.784810126582279,0.0026724518392670944
5.3164556962025316,3.2911392405063324,0.002659229230933257
5.3164556962025316,3.797468354430382,0.002646847432523092
5.3164556962025316,4.303797468354432,0.002635302739723144
5.3164556962025316,4.810126582278482,0.002624591424715712
5.3164556962025316,5.3164556962025316,0.002614709792649412
5.3164556962025316,5.822784810126585,0.0026056542334086845
5.3164556962025316,6.329113924050635,0.002597421268797644
5.3164556962025316,6.835443037974684,0.0025900075952602943
5.3164556962025316,7.341772151898738,0.002583410122261839
5.3164556962025316,7.8481012658227876,0.002577626006454873
5.3164556962025316,8.354430379746837,0.0025726526817502577
5.3164556962025316,8.860759493670887,0.0025684878854057482
5.3164556962025316,9.367088607594937,0.0025651296802363995
5.3164556962025316,9.87341772151899,0.002562576473039764
5.3164556962025316,10.37974683544304,0.0025608270293162494
5.3164556962025316,10.88607594936709,0.0025598804843510238
5.3164556962025316,11.392405063291143,0.0025597363507088265
5.3164556962025316,11.898734177215193,0.0025603945221772386
5.3164556962025316,12.405063291139243,0.0025618552741776563
5.3164556962025316,12.911392405063296,0.0025641192606466064
5.3164556962025316,13.417721518987342,0.002567187507373426
5.3164556962025316,13.924050632911396,0.002571061401763937
5.3164556962025316,14.430379746835442,0.0025757426789837622
5.3164556962025316,14.936708860759495,0.0025812334044197282
5.3164556962025316,15.443037974683548,0.0025875359523835355
5.3164556962025316,15.949367088607595,0.0025946529809688624
5.3164556962025316,16.455696202531648,0.002602587402961651
5.3164556962025316,16.9620253164557,0.0026113423526937614
5.3164556962025316,17.468354430379748,0.0026209211487228557
5.3164556962025316,17.9746835443038,0.002631327252216651
5.3164556962025316,18.481012658227854,0.002642564220917988
5.3164556962025316,18.9873417721519,0.0026546356585688386
5.3164556962025316,19.493670886075954,0.0026675451596770627
5.3164556962025316,20.0,0.0026812962495196386
5.822784810126585,-20.0,0.004028619845222753
5.822784810126585,-19.49367088607595,0.00399074199001691
5.822784810126585,-18.9873417721519,0.003952554923376038
5.822784810126585,-18.481012658227847,0.003914116983023689
5.822784810126585,-17.974683544303797,0.0038754871094767345
5.822784810126585,-17.468354430379748,0.0038367245173038817
5.822784810126585,-16.962025316455694,0.0037978883725594487
5.822784810126585,-16.455696202531644,0.0037590374800646996
5.822784810126585,-15.949367088607595,0.0037202299839156714
5.822784810126585,-15.443037974683545,0.003681523084248412
5.822784810126585,-14.936708860759493,0.00364297277290158
5.822784810126585,-14.430379746835442,0.0036046335901945272
5.822784810126585,-13.924050632911392,0.003566558404598531
5.822784810126585,-13.417721518987342,0.003528798216631728
5.822784810126585,-12.91139240506329,0.003491401987865729
5.822784810126585,-12.40506329113924,0.0034544164955040042
5.822784810126585,-11.89873417721519,0.0034178862125878572
5.822784810126585,-11.39240506329114,0.0033818532135124115
5.822784810126585,-10.886075949367088,0.0033463571041984575
5.822784810126585,-10.379746835443036,0.003311434975970349
5.822784810126585,-9.873417721518987,0.0032771213819380906
5.822784810126585,-9.367088607594937,0.003243448334474431
5.822784810126585,-8.860759493670885,0.003210445322215114
5.822784810126585,-8.354430379746834,0.0031781393448909604
5.822784810126585,-7.848101265822784,0.003146554964222022
5.822784810126585,-7.341772151898734,0.0031157143690634832
5.822784810126585,-6.835443037974683,0.003085637452986718
5.822784810126585,-6.329113924050631,0.003056341902502876
5.822784810126585,-5.822784810126581,0.0030278432941863633
5.822784810126585,-5.3164556962025316,0.003000155199027265
5.822784810126585,-4.81012658227848,0.0029732892924310096
5.822784810126585,-4.3037974683544284,0.00294725546838618
5.822784810126585,-3.7974683544303787,0.00292206195643381
5.822784810126585,-3.291139240506329,0.0028977154401900783
5.822784810126585,-2.784810126582279,0.002874221176296124
5.822784810126585,-2.278481012658226,0.002851583112790962
5.822784810126585,-1.772151898734176,0.00282980400602398
5.822784810126585,-1.2658227848101262,0.002808885535340239
5.822784810126585,-0.7594936708860729,0.0027888284148832798
5.822784810126585,-0.2531645569620231,0.0027696325019653193
5.822784810126585,0.25316455696202667,0.0027512969015523435
5.822784810126585,0.7594936708860764,0.0027338200665016294
5.822784810126585,1.2658227848101262,0.0027171998932707447
5.822784810126585,1.7721518987341796,0.0027014338128903428
5.822784810126585,2.2784810126582293,0.002686518877058016
5.822784810126585,2.784810126582279,0.0026724518392670944
5.822784810126585,3.2911392405063324,0.002659229230933257
5.822784810126585,3.797468354430382,0.002646847432523092
5.822784810126585,4.303797468354432,0.002635302739723144
5.822784810126585,4.810126582278482,0.002624591424715712
5.822784810126585,5.3164556962025316,0.002614709792649412
5.822784810126585,5.822784810126585,0.0026056542334086845
5.822784810126585,6.329113924050635,0.002597421268797644
5.822784810126585,6.835443037974684,0.0025900075952602943
5.822784810126585,7.341772151898738,0.002583410122261839
5.822784810126585,7.8481012658227876,0.002577626006454873
5.822784810126585,8.354430379746837,0.0025726526817502577
5.822784810126585,8.860759493670887,0.0025684878854057482
5.822784810126585,9.367088607594937,0.0025651296802363995
5.822784810126585,9.87341772151899,0.002562576473039764
5.822784810126585,10.37974683544304,0.0025608270293162494
5.822784810126585,10.88607594936709,0.0025598804843510238
5.822784810126585,11.392405063291143,0.0025597363507088265
5.822784810126585,11.898734177215193,0.0025603945221772386
5.822784810126585,12.405063291139243,0.0025618552741776563
5.822784810126585,12.911392405063296,0.0025641192606466064
5.822784810126585,13.417721518987342,0.002567187507373426
5.822784810126585,13.924050632911396,0.002571061401763937
5.822784810126585,14.430379746835442,0.0025757426789837622
5.822784810126585,14.936708860759495,0.0025812334044197282
5.822784810126585,15.443037974683548,0.0025875359523835355
5.822784810126585,15.949367088607595,0.0025946529809688624
5.822784810126585,16.455696202531648,0.002602587402961651
5.822784810126585,16.9620253164557,0.0026113423526937614
5.822784810126585,17.468354430379748,0.0026209211487228557
5.822784810126585,17.9746835443038,0.002631327252216651
5.822784810126585,18.481012658227854,0.002642564220917988
5.822784810126585,18.9873417721519,0.0026546356585688386
5.822784810126585,19.493670886075954,0.0026675451596770627
5.822784810126585,20.0,0.0026812962495196386
6.329113924050635,-20.0,0.004028619845222753
6.329113924050635,-19.49367088607595,0.00399074199001691
6.329113924050635,-18.9873417721519,0.003952554923376038
6.329113924050635,-18.481012658227847,0.003914116983023689
6.329113924050635,-17.974683544303797,0.0038754871094767345
6.329113924050635,-17.468354430379748,0.0038367245173038817
6.329113924050635,-16.962025316455694,0.0037978883725594487
6.329113924050635,-16.455696202531644,0.0037590374800646996
6.329113924050635,-15.949367088607595,0.0037202299839156714
6.329113924050635,-15.443037974683545,0.003681523084248412
6.329113924050635,-14.936708860759493,0.00364297277290158
6.329113924050635,-14.430379746835442,0.0036046335901945272
6.329113924050635,-13.924050632911392,0.003566558404598531
6.329113924050635,-13.417721518987342,0.003528798216631728
6.329113924050635,-12.91139240506329,0.003491401987865729
6.329113924050635,-12.40506329113924,0.0034544164955040042
6.329113924050635,-11.89873417721519,0.0034178862125878572
6.329113924050635,-11.39240506329114,0.0033818532135124115
6.329113924050635,-10.886075949367088,0.0033463571041984575
6.329113924050635,-10.379746835443036,0.003311434975970349
6.329113924050635,-9.873417721518987,0.0032771213819380906
6.329113924050635,-9.367088607594937,0.003243448334474431
6.329113924050635,-8.860759493670885,0.003210445322215114
6.329113924050635,-8.354430379746834,0.0031781393448909604
6.329113924050635,-7.848101265822784,0.003146554964222022
6.329113924050635,-7.341772151898734,0.0031157143690634832
6.329113924050635,-6.835443037974683,0.003085637452986718
6.329113924050635,-6.329113924050631,0.003056341902502876
6.329113924050635,-5.822784810126581,0.0030278432941863633
6.329113924050635,-5.3164556962025316,0.003000155199027265
6.329113924050635,-4.81012658227848,0.0029732892924310096
6.329113924050635,-4.3037974683544284,0.00294725546838618
6.329113924050635,-3.7974683544303787,0.00292206195643381
6.329113924050635,-3.291139240506329,0.0028977154401900783
6.329113924050635,-2.784810126582279,0.002874221176296124
6.329113924050635,-2.278481012658226,0.002851583112790962
6.329113924050635,-1.772151898734176,0.00282980400602398
6.329113924050635,-1.2658227848101262,0.002808885535340239
6.329113924050635,-0.7594936708860729,0.0027888284148832798
6.329113924050635,-0.2531645569620231,0.0027696325019653193
6.329113924050635,0.25316455696202667,0.0027512969015523435
6.329113924050635,0.7594936708860764,0.0027338200665016294
6.329113924050635,1.2658227848101262,0.0027171998932707447
6.329113924050635,1.7721518987341796,0.0027014338128903428
6.329113924050635,2.2784810126582293,0.002686518877058016
6.329113924050635,2.784810126582279,0.0026724518392670944
6.329113924050635,3.2911392405063324,0.002659229230933257
6.329113924050635,3.797468354430382,0.002646847432523092
6.329113924050635,4.303797468354432,0.002635302739723144
6.329113924050635,4.810126582278482,0.002624591424715712
6.329113924050635,5.3164556962025316,0.002614709792649412
6.329113924050635,5.822784810126585,0.0026056542334086845
6.329113924050635,6.329113924050635,0.002597421268797644
6.329113924050635,6.835443037974684,0.0025900075952602943
6.329113924050635,7.341772151898738,0.002583410122261839
6.329113924050635,7.8481012658227876,0.002577626006454873
6.329113924050635,8.354430379746837,0.0025726526817502577
6.329113924050635,8.860759493670887,0.0025684878854057482
6.329113924050635,9.367088607594937,0.0025651296802363995
6.329113924050635,9.87341772151899,0.002562576473039764
6.329113924050635,10.37974683544304,0.0025608270293162494
6.329113924050635,10.88607594936709,0.0025598804843510238
6.329113924050635,11.392405063291143,0.0025597363507088265
6.329113924050635,11.898734177215193,0.0025603945221772386
6.329113924050635,12.405063291139243,0.0025618552741776563
6.329113924050635,12.911392405063296,0.0025641192606466064
6.329113924050635,13.417721518987342,0.002567187507373426
6.329113924050635,13.924050632911396,0.002571061401763937
6.329113924050635,14.430379746835442,0.0025757426789837622
6.329113924050635,14.936708860759495,0.0025812334044197282
6.329113924050635,15.443037974683548,0.0025875359523835355
6.329113924050635,15.949367088607595,0.0025946529809688624
6.329113924050635,16.455696202531648,0.002602587402961651
6.329113924050635,16.9620253164557,0.0026113423526937614
6.329113924050635,17.468354430379748,0.0026209211487228557
6.329113924050635,17.9746835443038,0.002631327252216651
6.329113924050635,18.481012658227854,0.002642564220917988
6.329113924050635,18.9873417721519,0.0026546356585688386
6.329113924050635,19.493670886075954,0.0026675451596770627
6.329113924050635,20.0,0.0026812962495196386
6.835443037974684,-20.0,0.004028619845222753
6.835443037974684,-19.49367088607595,0.00399074199001691
6.835443037974684,-18.9873417721519,0.003952554923376038
6.835443037974684,-18.481012658227847,0.003914116983023689
6.835443037974684,-17.974683544303797,0.0038754871094767345
6.835443037974684,-17.468354430379748,0.0038367245173038817
6.835443037974684,-16.962025316455694,0.0037978883725594487
6.835443037974684,-16.455696202531644,0.0037590374800646996
6.835443037974684,-15.949367088607595,0.0037202299839156714
6.835443037974684,-15.443037974683545,0.003681523084248412
6.835443037974684,-14.936708860759493,0.00364297277290158
6.835443037974684,-14.430379746835442,0.0036046335901945272
6.835443037974684,-13.924050632911392,0.003566558404598531
6.835443037974684,-13.417721518987342,0.003528798216631728
6.835443037974684,-12.91139240506329,0.003491401987865729
6.835443037974684,-12.40506329113924,0.0034544164955040042
6.835443037974684,-11.89873417721519,0.0034178862125878572
6.835443037974684,-11.39240506329114,0.0033818532135124115
6.835443037974684,-10.886075949367088,0.0033463571041984575
6.835443037974684,-10.379746835443036,0.003311434975970349
6.835443037974684,-9.873417721518987,0.0032771213819380906
6.835443037974684,-9.367088607594937,0.003243448334474431
6.835443037974684,-8.860759493670885,0.003210445322215114
6.835443037974684,-8.354430379746834,0.0031781393448909604
6.835443037974684,-7.848101265822784,0.003146554964222022
6.835443037974684,-7.341772151898734,0.0031157143690634832
6.835443037974684,-6.835443037974683,0.003085637452986718
6.835443037974684,-6.329113924050631,0.003056341902502876
6.835443037974684,-5.822784810126581,0.0030278432941863633
6.835443037974684,-5.3164556962025316,0.003000155199027265
6.835443037974684,-4.81012658227848,0.0029732892924310096
6.835443037974684,-4.3037974683544284,0.00294725546838618
6.835443037974684,-3.7974683544303787,0.00292206195643381
6.835443037974684,-3.291139240506329,0.0028977154401900783
6.835443037974684,-2.784810126582279,0.002874221176296124
6.835443037974684,-2.278481012658226,0.002851583112790962
6.835443037974684,-1.772151898734176,0.00282980400602398
6.835443037974684,-1.2658227848101262,0.002808885535340239
6.835443037974684,-0.7594936708860729,0.0027888284148832798
6.835443037974684,-0.2531645569620231,0.0027696325019653193
6.835443037974684,0.25316455696202667,0.0027512969015523435
6.835443037974684,0.7594936708860764,0.0027338200665016294
6.835443037974684,1.2658227848101262,0.0027171998932707447
6.835443037974684,1.7721518987341796,0.0027014338128903428
6.835443037974684,2.2784810126582293,0.002686518877058016
6.835443037974684,2.784810126582279,0.0026724518392670944
6.835443037974684,3.2911392405063324,0.002659229230933257
6.835443037974684,3.797468354430382,0.002646847432523092
6.835443037974684,4.303797468354432,0.002635302739723144
6.835443037974684,4.810126582278482,0.002624591424715712
6.835443037974684,5.3164556962025316,0.002614709792649412
6.835443037974684,5.822784810126585,0.0026056542334086845
6.835443037974684,6.329113924050635,0.002597421268797644
6.835443037974684,6.835443037974684,0.0025900075952602943
6.835443037974684,7.341772151898738,0.002583410122261839
6.835443037974684,7.8481012658227876,0.002577626006454873
6.835443037974684,8.354430379746837,0.0025726526817502577
6.835443037974684,8.860759493670887,0.0025684878854057482
6.835443037974684,9.367088607594937,0.0025651296802363995
6.835443037974684,9.87341772151899,0.002562576473039764
6.835443037974684,10.37974683544304,0.0025608270293162494
6.835443037974684,10.88607594936709,0.0025598804843510238
6.835443037974684,11.392405063291143,0.0025597363507088265
6.835443037974684,11.898734177215193,0.0025603945221772386
6.835443037974684,12.405063291139243,0.0025618552741776563
6.835443037974684,12.911392405063296,0.0025641192606466064
6.835443037974684,13.417721518987342,0.002567187507373426
6.835443037974684,13.924050632911396,0.002571061401763937
6.835443037974684,14.430379746835442,0.0025757426789837622
6.835443037974684,14.936708860759495,0.0025812334044197282
6.835443037974684,15.443037974683548,0.0025875359523835355
6.835443037974684,15.949367088607595,0.0025946529809688624
6.835443037974684,16.455696202531648,0.002602587402961651
6.835443037974684,16.9620253164557,0.0026113423526937614
6.835443037974684,17.468354430379748,0.0026209211487228557
6.835443037974684,17.9746835443038,0.002631327252216651
6.835443037974684,18.481012658227854,0.002642564220917988
6.835443037974684,18.9873417721519,0.0026546356585688386
6.835443037974684,19.493670886075954,0.0026675451596770627
6.835443037974684,20.0,0.0026812962495196386
7.341772151898738,-20.0,0.004028619845222753
7.341772151898738,-19.49367088607595,0.00399074199001691
7.341772151898738,-18.9873417721519,0.003952554923376038
7.341772151898738,-18.481012658227847,0.003914116983023689
7.341772151898738,-17.974683544303797,0.0038754871094767345
7.341772151898738,-17.468354430379748,0.0038367245173038817
7.341772151898738,-16.962025316455694,0.0037978883725594487
7.341772151898738,-16.455696202531644,0.0037590374800646996
7.341772151898738,-15.949367088607595,0.0037202299839156714
7.341772151898738,-15.443037974683545,0.003681523084248412
7.341772151898738,-14.936708860759493,0.00364297277290158
7.341772151898738,-14.430379746835442,0.0036046335901945272
7.341772151898738,-13.924050632911392,0.003566558404598531
7.341772151898738,-13.417721518987342,0.003528798216631728
7.341772151898738,-12.91139240506329,0.003491401987865729
7.341772151898738,-12.40506329113924,0.0034544164955040042
7.341772151898738,-11.89873417721519,0.0034178862125878572
7.341772151898738,-11.39240506329114,0.0033818532135124115
7.341772151898738,-10.886075949367088,0.0033463571041984575
7.341772151898738,-10.379746835443036,0.003311434975970349
7.341772151898738,-9.873417721518987,0.0032771213819380906
7.341772151898738,-9.367088607594937,0.003243448334474431
7.341772151898738,-8.860759493670885,0.003210445322215114
7.341772151898738,-8.354430379746834,0.0031781393448909604
7.341772151898738,-7.848101265822784,0.003146554964222022
7.341772151898738,-7.341772151898734,0.0031157143690634832
7.341772151898738,-6.835443037974683,0.003085637452986718
7.341772151898738,-6.329113924050631,0.003056341902502876
7.341772151898738,-5.822784810126581,0.0030278432941863633
7.341772151898738,-5.3164556962025316,0.003000155199027265
7.341772151898738,-4.81012658227848,0.0029732892924310096
7.341772151898738,-4.3037974683544284,0.00294725546838618
7.341772151898738,-3.7974683544303787,0.00292206195643381
7.341772151898738,-3.291139240506329,0.0028977154401900783
7.341772151898738,-2.784810126582279,0.002874221176296124
7.341772151898738,-2.278481012658226,0.002851583112790962
7.341772151898738,-1.772151898734176,0.00282980400602398
7.341772151898738,-1.2658227848101262,0.002808885535340239
7.341772151898738,-0.7594936708860729,0.0027888284148832798
7.341772151898738,-0.2531645569620231,0.0027696325019653193
7.341772151898738,0.25316455696202667,0.0027512969015523435
7.341772151898738,0.7594936708860764,0.0027338200665016294
7.341772151898738,1.2658227848101262,0.0027171998932707447
7.341772151898738,1.7721518987341796,0.0027014338128903428
7.341772151898738,2.2784810126582293,0.002686518877058016
7.341772151898738,2.784810126582279,0.0026724518392670944
7.341772151898738,3.2911392405063324,0.002659229230933257
7.341772151898738,3.797468354430382,0.002646847432523092
7.341772151898738,4.303797468354432,0.002635302739723144
7.341772151898738,4.810126582278482,0.002624591424715712
7.341772151898738,5.3164556962025316,0.002614709792649412
7.341772151898738,5.822784810126585,0.0026056542334086845
7.341772151898738,6.329113924050635,0.002597421268797644
7.341772151898738,6.835443037974684,0.0025900075952602943
7.341772151898738,7.341772151898738,0.002583410122261839
7.341772151898738,7.8481012658227876,0.002577626006454873
7.341772151898738,8.354430379746837,0.0025726526817502577
7.341772151898738,8.860759493670887,0.0025684878854057482
7.341772151898738,9.367088607594937,0.0025651296802363995
7.341772151898738,9.87341772151899,0.002562576473039764
7.341772151898738,10.37974683544304,0.0025608270293162494
7.341772151898738,10.88607594936709,0.0025598804843510238
7.341772151898738,11.392405063291143,0.0025597363507088265
7.341772151898738,11.898734177215193,0.0025603945221772386
7.341772151898738,12.405063291139243,0.0025618552741776563
7.341772151898738,12.911392405063296,0.0025641192606466064
7.341772151898738,13.417721518987342,0.002567187507373426
7.341772151898738,13.924050632911396,0.002571061401763937
7.341772151898738,14.430379746835442,0.0025757426789837622
7.341772151898738,14.936708860759495,0.0025812334044197282
7.341772151898738,15.443037974683548,0.0025875359523835355
7.341772151898738,15.949367088607595,0.0025946529809688624
7.341772151898738,16.455696202531648,0.002602587402961651
7.341772151898738,16.9620253164557,0.0026113423526937614
7.341772151898738,17.468354430379748,0.0026209211487228557
7.341772151898738,17.9746835443038,0.002631327252216651
7.341772151898738,18.481012658227854,0.002642564220917988
7.341772151898738,18.9873417721519,0.0026546356585688386
7.341772151898738,19.493670886075954,0.0026675451596770627
7.341772151898738,20.0,0.0026812962495196386
7.8481012658227876,-20.0,0.004028619845222753
7.8481012658227876,-19.49367088607595,0.00399074199001691
7.8481012658227876,-18.9873417721519,0.003952554923376038
7.8481012658227876,-18.481012658227847,0.003914116983023689
7.8481012658227876,-17.974683544303797,0.0038754871094767345
7.8481012658227876,-17.468354430379748,0.0038367245173038817
7.8481012658227876,-16.962025316455694,0.0037978883725594487
7.8481012658227876,-16.455696202531644,0.0037590374800646996
7.8481012658227876,-15.949367088607595,0.0037202299839156714
7.8481012658227876,-15.443037974683545,0.003681523084248412
7.8481012658227876,-14.936708860759493,0.00364297277290158
7.8481012658227876,-14.430379746835442,0.0036046335901945272
7.8481012658227876,-13.924050632911392,0.003566558404598531
7.8481012658227876,-13.417721518987342,0.003528798216631728
7.8481012658227876,-12.91139240506329,0.003491401987865729
7.8481012658227876,-12.40506329113924,0.0034544164955040042
7.8481012658227876,-11.89873417721519,0.0034178862125878572
7.8481012658227876,-11.39240506329114,0.0033818532135124115
7.8481012658227876,-10.886075949367088,0.0033463571041984575
7.8481012658227876,-10.379746835443036,0.003311434975970349
7.8481012658227876,-9.873417721518987,0.0032771213819380906
7.8481012658227876,-9.367088607594937,0.003243448334474431
7.8481012658227876,-8.860759493670885,0.003210445322215114
7.8481012658227876,-8.354430379746834,0.0031781393448909604
7.8481012658227876,-7.848101265822784,0.003146554964222022
7.8481012658227876,-7.341772151898734,0.0031157143690634832
7.8481012658227876,-6.835443037974683,0.003085637452986718
7.8481012658227876,-6.329113924050631,0.003056341902502876
7.8481012658227876,-5.822784810126581,0.0030278432941863633
7.8481012658227876,-5.3164556962025316,0.003000155199027265
7.8481012658227876,-4.81012658227848,0.0029732892924310096
7.8481012658227876,-4.3037974683544284,0.00294725546838618
7.8481012658227876,-3.7974683544303787,0.00292206195643381
7.8481012658227876,-3.291139240506329,0.0028977154401900783
7.8481012658227876,-2.784810126582279,0.002874221176296124
7.8481012658227876,-2.278481012658226,0.002851583112790962
7.8481012658227876,-1.772151898734176,0.00282980400602398
7.8481012658227876,-1.2658227848101262,0.002808885535340239
7.8481012658227876,-0.7594936708860729,0.0027888284148832798
7.8481012658227876,-0.2531645569620231,0.0027696325019653193
7.8481012658227876,0.25316455696202667,0.0027512969015523435
7.8481012658227876,0.7594936708860764,0.0027338200665016294
7.8481012658227876,1.2658227848101262,0.0027171998932707447
7.8481012658227876,1.7721518987341796,0.0027014338128903428
7.8481012658227876,2.2784810126582293,0.002686518877058016
7.8481012658227876,2.784810126582279,0.0026724518392670944
7.8481012658227876,3.2911392405063324,0.002659229230933257
7.8481012658227876,3.797468354430382,0.002646847432523092
7.8481012658227876,4.303797468354432,0.002635302739723144
7.8481012658227876,4.810126582278482,0.002624591424715712
7.8481012658227876,5.3164556962025316,0.002614709792649412
7.8481012658227876,5.822784810126585,0.0026056542334086845
7.8481012658227876,6.329113924050635,0.002597421268797644
7.8481012658227876,6.835443037974684,0.0025900075952602943
7.8481012658227876,7.341772151898738,0.002583410122261839
7.8481012658227876,7.8481012658227876,0.002577626006454873
7.8481012658227876,8.354430379746837,0.0025726526817502577
7.8481012658227876,8.860759493670887,0.0025684878854057482
7.8481012658227876,9.367088607594937,0.0025651296802363995
7.8481012658227876,9.87341772151899,0.002562576473039764
7.8481012658227876,10.37974683544304,0.0025608270293162494
7.8481012658227876,10.88607594936709,0.0025598804843510238
7.8481012658227876,11.392405063291143,0.0025597363507088265
7.8481012658227876,11.898734177215193,0.0025603945221772386
7.8481012658227876,12.405063291139243,0.0025618552741776563
7.8481012658227876,12.911392405063296,0.0025641192606466064
7.8481012658227876,13.417721518987342,0.002567187507373426
7.8481012658227876,13.924050632911396,0.002571061401763937
7.8481012658227876,14.430379746835442,0.0025757426789837622
7.8481012658227876,14.936708860759495,0.0025812334044197282
7.8481012658227876,15.443037974683548,0.0025875359523835355
7.8481012658227876,15.949367088607595,0.0025946529809688624
7.8481012658227876,16.455696202531648,0.002602587402961651
7.8481012658227876,16.9620253164557,0.0026113423526937614
7.8481012658227876,17.468354430379748,0.0026209211487228557
7.8481012658227876,17.9746835443038,0.002631327252216651
7.8481012658227876,18.481012658227854,0.002642564220917988
7.8481012658227876,18.9873417721519,0.0026546356585688386
7.8481012658227876,19.493670886075954,0.0026675451596770627
7.8481012658227876,20.0,0.0026812962495196386
8.354430379746837,-20.0,0.004028619845222753
8.354430379746837,-19.49367088607595,0.00399074199001691
8.354430379746837,-18.9873417721519,0.003952554923376038
8.354430379746837,-18.481012658227847,0.003914116983023689
8.354430379746837,-17.974683544303797,0.0038754871094767345
8.354430379746837,-17.468354430379748,0.0038367245173038817
8.354430379746837,-16.962025316455694,0.0037978883725594487
8.354430379746837,-16.455696202531644,0.0037590374800646996
8.354430379746837,-15.949367088607595,0.0037202299839156714
8.354430379746837,-15.443037974683545,0.003681523084248412
8.354430379746837,-14.936708860759493,0.00364297277290158
8.354430379746837,-14.430379746835442,0.0036046335901945272
8.354430379746837,-13.924050632911392,0.003566558404598531
8.354430379746837,-13.417721518987342,0.003528798216631728
8.354430379746837,-12.91139240506329,0.003491401987865729
8.354430379746837,-12.40506329113924,0.0034544164955040042
8.354430379746837,-11.89873417721519,0.0034178862125878572
8.354430379746837,-11.39240506329114,0.0033818532135124115
8.354430379746837,-10.886075949367088,0.0033463571041984575
8.354430379746837,-10.379746835443036,0.003311434975970349
8.354430379746837,-9.873417721518987,0.0032771213819380906
8.354430379746837,-9.367088607594937,0.003243448334474431
8.354430379746837,-8.860759493670885,0.003210445322215114
8.354430379746837,-8.354430379746834,0.0031781393448909604
8.354430379746837,-7.848101265822784,0.003146554964222022
8.354430379746837,-7.341772151898734,0.0031157143690634832
8.354430379746837,-6.835443037974683,0.003085637452986718
8.354430379746837,-6.329113924050631,0.003056341902502876
8.354430379746837,-5.822784810126581,0.0030278432941863633
8.354430379746837,-5.3164556962025316,0.003000155199027265
8.354430379746837,-4.81012658227848,0.0029732892924310096
8.354430379746837,-4.3037974683544284,0.00294725546838618
8.354430379746837,-3.7974683544303787,0.00292206195643381
8.354430379746837,-3.291139240506329,0.0028977154401900783
8.354430379746837,-2.784810126582279,0.002874221176296124
8.354430379746837,-2.278481012658226,0.002851583112790962
8.354430379746837,-1.772151898734176,0.00282980400602398
8.354430379746837,-1.2658227848101262,0.002808885535340239
8.354430379746837,-0.7594936708860729,0.0027888284148832798
8.354430379746837,-0.2531645569620231,0.0027696325019653193
8.354430379746837,0.25316455696202667,0.0027512969015523435
8.354430379746837,0.7594936708860764,0.0027338200665016294
8.354430379746837,1.2658227848101262,0.0027171998932707447
8.354430379746837,1.7721518987341796,0.0027014338128903428
8.354430379746837,2.2784810126582293,0.002686518877058016
8.354430379746837,2.784810126582279,0.0026724518392670944
8.354430379746837,3.2911392405063324,0.002659229230933257
8.354430379746837,3.797468354430382,0.002646847432523092
8.354430379746837,4.303797468354432,0.002635302739723144
8.354430379746837,4.810126582278482,0.002624591424715712
8.354430379746837,5.3164556962025316,0.002614709792649412
8.354430379746837,5.822784810126585,0.0026056542334086845
8.354430379746837,6.329113924050635,0.002597421268797644
8.354430379746837,6.835443037974684,0.0025900075952602943
8.354430379746837,7.341772151898738,0.002583410122261839
8.354430379746837,7.8481012658227876,0.002577626006454873
8.354430379746837,8.354430379746837,0.0025726526817502577
8.354430379746837,8.860759493670887,0.0025684878854057482
8.354430379746837,9.367088607594937,0.0025651296802363995
8.354430379746837,9.87341772151899,0.002562576473039764
8.354430379746837,10.37974683544304,0.0025608270293162494
8.354430379746837,10.88607594936709,0.0025598804843510238
8.354430379746837,11.392405063291143,0.0025597363507088265
8.354430379746837,11.898734177215193,0.0025603945221772386
8.354430379746837,12.405063291139243,0.0025618552741776563
8.354430379746837,12.911392405063296,0.0025641192606466064
8.354430379746837,13.417721518987342,0.002567187507373426
8.354430379746837,13.924050632911396,0.002571061401763937
8.354430379746837,14.430379746835442,0.0025757426789837622
8.354430379746837,14.936708860759495,0.0025812334044197282
8.354430379746837,15.443037974683548,0.0025875359523835355
8.354430379746837,15.949367088607595,0.0025946529809688624
8.354430379746837,16.455696202531648,0.002602587402961651
8.354430379746837,16.9620253164557,0.0026113423526937614
8.354430379746837,17.468354430379748,0.0026209211487228557
8.354430379746837,17.9746835443038,0.002631327252216651
8.354430379746837,18.481012658227854,0.002642564220917988
8.354430379746837,18.9873417721519,0.0026546356585688386
8.354430379746837,19.493670886075954,0.0026675451596770627
8.354430379746837,20.0,0.0026812962495196386
8.860759493670887,-20.0,0.004028619845222753
8.860759493670887,-19.49367088607595,0.00399074199001691
8.860759493670887,-18.9873417721519,0.003952554923376038
8.860759493670887,-18.481012658227847,0.003914116983023689
8.860759493670887,-17.974683544303797,0.0038754871094767345
8.860759493670887,-17.468354430379748,0.0038367245173038817
8.860759493670887,-16.962025316455694,0.0037978883725594487
8.860759493670887,-16.455696202531644,0.0037590374800646996
8.860759493670887,-15.949367088607595,0.0037202299839156714
8.860759493670887,-15.443037974683545,0.003681523084248412
8.860759493670887,-14.936708860759493,0.00364297277290158
8.860759493670887,-14.430379746835442,0.0036046335901945272
8.860759493670887,-13.924050632911392,0.003566558404598531
8.860759493670887,-13.417721518987342,0.003528798216631728
8.860759493670887,-12.91139240506329,0.003491401987865729
8.860759493670887,-12.40506329113924,0.0034544164955040042
8.860759493670887,-11.89873417721519,0.0034178862125878572
8.860759493670887,-11.39240506329114,0.0033818532135124115
8.860759493670887,-10.886075949367088,0.0033463571041984575
8.860759493670887,-10.379746835443036,0.003311434975970349
8.860759493670887,-9.873417721518987,0.0032771213819380906
8.860759493670887,-9.367088607594937,0.003243448334474431
8.860759493670887,-8.860759493670885,0.003210445322215114
8.860759493670887,-8.354430379746834,0.0031781393448909604
8.860759493670887,-7.848101265822784,0.003146554964222022
8.860759493670887,-7.341772151898734,0.0031157143690634832
8.860759493670887,-6.835443037974683,0.003085637452986718
8.860759493670887,-6.329113924050631,0.003056341902502876
8.860759493670887,-5.822784810126581,0.0030278432941863633
8.860759493670887,-5.3164556962025316,0.003000155199027265
8.860759493670887,-4.81012658227848,0.0029732892924310096
8.860759493670887,-4.3037974683544284,0.00294725546838618
8.860759493670887,-3.7974683544303787,0.00292206195643381
8.860759493670887,-3.291139240506329,0.0028977154401900783
8.860759493670887,-2.784810126582279,0.002874221176296124
8.860759493670887,-2.278481012658226,0.002851583112790962
8.860759493670887,-1.772151898734176,0.00282980400602398
8.860759493670887,-1.2658227848101262,0.002808885535340239
8.860759493670887,-0.7594936708860729,0.0027888284148832798
8.860759493670887,-0.2531645569620231,0.0027696325019653193
8.860759493670887,0.25316455696202667,0.0027512969015523435
8.860759493670887,0.7594936708860764,0.0027338200665016294
8.860759493670887,1.2658227848101262,0.0027171998932707447
8.860759493670887,1.7721518987341796,0.0027014338128903428
8.860759493670887,2.2784810126582293,0.002686518877058016
8.860759493670887,2.784810126582279,0.0026724518392670944
8.860759493670887,3.2911392405063324,0.002659229230933257
8.860759493670887,3.797468354430382,0.002646847432523092
8.860759493670887,4.303797468354432,0.002635302739723144
8.860759493670887,4.810126582278482,0.002624591424715712
8.860759493670887,5.3164556962025316,0.002614709792649412
8.860759493670887,5.822784810126585,0.0026056542334086845
8.860759493670887,6.329113924050635,0.002597421268797644
8.860759493670887,6.835443037974684,0.0025900075952602943
8.860759493670887,7.341772151898738,0.002583410122261839
8.860759493670887,7.8481012658227876,0.002577626006454873
8.860759493670887,8.354430379746837,0.0025726526817502577
8.860759493670887,8.860759493670887,0.0025684878854057482
8.860759493670887,9.367088607594937,0.0025651296802363995
8.860759493670887,9.87341772151899,0.002562576473039764
8.860759493670887,10.37974683544304,0.0025608270293162494
8.860759493670887,10.88607594936709,0.0025598804843510238
8.860759493670887,11.392405063291143,0.0025597363507088265
8.860759493670887,11.898734177215193,0.0025603945221772386
8.860759493670887,12.405063291139243,0.0025618552741776563
8.860759493670887,12.911392405063296,0.0025641192606466064
8.860759493670887,13.417721518987342,0.002567187507373426
8.860759493670887,13.924050632911396,0.002571061401763937
8.860759493670887,14.430379746835442,0.0025757426789837622
8.860759493670887,14.936708860759495,0.0025812334044197282
8.860759493670887,15.443037974683548,0.0025875359523835355
8.860759493670887,15.949367088607595,0.0025946529809688624
8.860759493670887,16.455696202531648,0.002602587402961651
8.860759493670887,16.9620253164557,0.0026113423526937614
8.860759493670887,17.468354430379748,0.0026209211487228557
8.860759493670887,17.9746835443038,0.002631327252216651
8.860759493670887,18.481012658227854,0.002642564220917988
8.860759493670887,18.9873417721519,0.0026546356585688386
8.860759493670887,19.493670886075954,0.0026675451596770627
8.860759493670887,20.0,0.0026812962495196386
9.367088607594937,-20.0,0.004028619845222753
9.367088607594937,-19.49367088607595,0.00399074199001691
9.367088607594937,-18.9873417721519,0.003952554923376038
9.367088607594937,-18.481012658227847,0.003914116983023689
9.367088607594937,-17.974683544303797,0.0038754871094767345
9.367088607594937,-17.468354430379748,0.0038367245173038817
9.367088607594937,-16.962025316455694,0.0037978883725594487
9.367088607594937,-16.455696202531644,0.0037590374800646996
9.367088607594937,-15.949367088607595,0.0037202299839156714
9.367088607594937,-15.443037974683545,0.003681523084248412
9.367088607594937,-14.936708860759493,0.00364297277290158
9.367088607594937,-14.430379746835442,0.0036046335901945272
9.367088607594937,-13.924050632911392,0.003566558404598531
9.367088607594937,-13.417721518987342,0.003528798216631728
9.367088607594937,-12.91139240506329,0.003491401987865729
9.367088607594937,-12.40506329113924,0.0034544164955040042
9.367088607594937,-11.89873417721519,0.0034178862125878572
9.367088607594937,-11.39240506329114,0.0033818532135124115
9.367088607594937,-10.886075949367088,0.0033463571041984575
9.367088607594937,-10.379746835443036,0.003311434975970349
9.367088607594937,-9.873417721518987,0.0032771213819380906
9.367088607594937,-9.367088607594937,0.003243448334474431
9.367088607594937,-8.860759493670885,0.003210445322215114
9.367088607594937,-8.354430379746834,0.0031781393448909604
9.367088607594937,-7.848101265822784,0.003146554964222022
9.367088607594937,-7.341772151898734,0.0031157143690634832
9.367088607594937,-6.835443037974683,0.003085637452986718
9.367088607594937,-6.329113924050631,0.003056341902502876
9.367088607594937,-5.822784810126581,0.0030278432941863633
9.367088607594937,-5.3164556962025316,0.003000155199027265
9.367088607594937,-4.81012658227848,0.0029732892924310096
9.367088607594937,-4.3037974683544284,0.00294725546838618
9.367088607594937,-3.7974683544303787,0.00292206195643381
9.367088607594937,-3.291139240506329,0.0028977154401900783
9.367088607594937,-2.784810126582279,0.002874221176296124
9.367088607594937,-2.278481012658226,0.002851583112790962
9.367088607594937,-1.772151898734176,0.00282980400602398
9.367088607594937,-1.2658227848101262,0.002808885535340239
9.367088607594937,-0.7594936708860729,0.0027888284148832798
9.367088607594937,-0.2531645569620231,0.0027696325019653193
9.367088607594937,0.25316455696202667,0.0027512969015523435
9.367088607594937,0.7594936708860764,0.0027338200665016294
9.367088607594937,1.2658227848101262,0.0027171998932707447
9.367088607594937,1.7721518987341796,0.0027014338128903428
9.367088607594937,2.2784810126582293,0.002686518877058016
9.367088607594937,2.784810126582279,0.0026724518392670944
9.367088607594937,3.2911392405063324,0.002659229230933257
9.367088607594937,3.797468354430382,0.002646847432523092
9.367088607594937,4.303797468354432,0.002635302739723144
9.367088607594937,4.810126582278482,0.002624591424715712
9.367088607594937,5.3164556962025316,0.002614709792649412
9.367088607594937,5.822784810126585,0.0026056542334086845
9.367088607594937,6.329113924050635,0.002597421268797644
9.367088607594937,6.835443037974684,0.0025900075952602943
9.367088607594937,7.341772151898738,0.002583410122261839
9.367088607594937,7.8481012658227876,0.002577626006454873
9.367088607594937,8.354430379746837,0.0025726526817502577
9.367088607594937,8.860759493670887,0.0025684878854057482
9.367088607594937,9.367088607594937,0.0025651296802363995
9.367088607594937,9.87341772151899,0.002562576473039764
9.367088607594937,10.37974683544304,0.0025608270293162494
9.367088607594937,10.88607594936709,0.0025598804843510238
9.367088607594937,11.392405063291143,0.0025597363507088265
9.367088607594937,11.898734177215193,0.0025603945221772386
9.367088607594937,12.405063291139243,0.0025618552741776563
9.367088607594937,12.911392405063296,0.0025641192606466064
9.367088607594937,13.417721518987342,0.002567187507373426
9.367088607594937,13.924050632911396,0.002571061401763937
9.367088607594937,14.430379746835442,0.0025757426789837622
9.367088607594937,14.936708860759495,0.0025812334044197282
9.367088607594937,15.443037974683548,0.0025875359523835355
9.367088607594937,15.949367088607595,0.0025946529809688624
9.367088607594937,16.455696202531648,0.002602587402961651
9.367088607594937,16.9620253164557,0.0026113423526937614
9.367088607594937,17.468354430379748,0.0026209211487228557
9.367088607594937,17.9746835443038,0.002631327252216651
9.367088607594937,18.481012658227854,0.002642564220917988
9.367088607594937,18.9873417721519,0.0026546356585688386
9.367088607594937,19.493670886075954,0.0026675451596770627
9.367088607594937,20.0,0.0026812962495196386
9.87341772151899,-20.0,0.004028619845222753
9.87341772151899,-19.49367088607595,0.00399074199001691
9.87341772151899,-18.9873417721519,0.003952554923376038
9.87341772151899,-18.481012658227847,0.003914116983023689
9.87341772151899,-17.974683544303797,0.0038754871094767345
9.87341772151899,-17.468354430379748,0.0038367245173038817
9.87341772151899,-16.962025316455694,0.0037978883725594487
9.87341772151899,-16.455696202531644,0.0037590374800646996
9.87341772151899,-15.949367088607595,0.0037202299839156714
9.87341772151899,-15.443037974683545,0.003681523084248412
9.87341772151899,-14.936708860759493,0.00364297277290158
9.87341772151899,-14.430379746835442,0.0036046335901945272
9.87341772151899,-13.924050632911392,0.003566558404598531
9.87341772151899,-13.417721518987342,0.003528798216631728
9.87341772151899,-12.91139240506329,0.003491401987865729
9.87341772151899,-12.40506329113924,0.0034544164955040042
9.87341772151899,-11.89873417721519,0.0034178862125878572
9.87341772151899,-11.39240506329114,0.0033818532135124115
9.87341772151899,-10.886075949367088,0.0033463571041984575
9.87341772151899,-10.379746835443036,0.003311434975970349
9.87341772151899,-9.873417721518987,0.0032771213819380906
9.87341772151899,-9.367088607594937,0.003243448334474431
9.87341772151899,-8.860759493670885,0.003210445322215114
9.87341772151899,-8.354430379746834,0.0031781393448909604
9.87341772151899,-7.848101265822784,0.003146554964222022
9.87341772151899,-7.341772151898734,0.0031157143690634832
9.87341772151899,-6.835443037974683,0.003085637452986718
9.87341772151899,-6.329113924050631,0.003056341902502876
9.87341772151899,-5.822784810126581,0.0030278432941863633
9.87341772151899,-5.3164556962025316,0.003000155199027265
9.87341772151899,-4.81012658227848,0.0029732892924310096
9.87341772151899,-4.3037974683544284,0.00294725546838618
9.87341772151899,-3.7974683544303787,0.00292206195643381
9.87341772151899,-3.291139240506329,0.0028977154401900783
9.87341772151899,-2.784810126582279,0.002874221176296124
9.87341772151899,-2.278481012658226,0.002851583112790962
9.87341772151899,-1.772151898734176,0.00282980400602398
9.87341772151899,-1.2658227848101262,0.002808885535340239
9.87341772151899,-0.7594936708860729,0.0027888284148832798
9.87341772151899,-0.2531645569620231,0.0027696325019653193
9.87341772151899,0.25316455696202667,0.0027512969015523435
9.87341772151899,0.7594936708860764,0.0027338200665016294
9.87341772151899,1.2658227848101262,0.0027171998932707447
9.87341772151899,1.7721518987341796,0.0027014338128903428
9.87341772151899,2.2784810126582293,0.002686518877058016
9.87341772151899,2.784810126582279,0.0026724518392670944
9.87341772151899,3.2911392405063324,0.002659229230933257
9.87341772151899,3.797468354430382,0.002646847432523092
9.87341772151899,4.303797468354432,0.002635302739723144
9.87341772151899,4.810126582278482,0.002624591424715712
9.87341772151899,5.3164556962025316,0.002614709792649412
9.87341772151899,5.822784810126585,0.0026056542334086845
9.87341772151899,6.329113924050635,0.002597421268797644
9.87341772151899,6.835443037974684,0.0025900075952602943
9.87341772151899,7.341772151898738,0.002583410122261839
9.87341772151899,7.8481012658227876,0.002577626006454873
9.87341772151899,8.354430379746837,0.0025726526817502577
9.87341772151899,8.860759493670887,0.0025684878854057482
9.87341772151899,9.367088607594937,0.0025651296802363995
9.87341772151899,9.87341772151899,0.002562576473039764
9.87341772151899,10.37974683544304,0.0025608270293162494
9.87341772151899,10.88607594936709,0.0025598804843510238
9.87341772151899,11.392405063291143,0.0025597363507088265
9.87341772151899,11.898734177215193,0.0025603945221772386
9.87341772151899,12.405063291139243,0.0025618552741776563
9.87341772151899,12.911392405063296,0.0025641192606466064
9.87341772151899,13.417721518987342,0.002567187507373426
9.87341772151899,13.924050632911396,0.002571061401763937
9.87341772151899,14.430379746835442,0.0025757426789837622
9.87341772151899,14.936708860759495,0.0025812334044197282
9.87341772151899,15.443037974683548,0.0025875359523835355
9.87341772151899,15.949367088607595,0.0025946529809688624
9.87341772151899,16.455696202531648,0.002602587402961651
9.87341772151899,16.9620253164557,0.0026113423526937614
9.87341772151899,17.468354430379748,0.0026209211487228557
9.87341772151899,17.9746835443038,0.002631327252216651
9.87341772151899,18.481012658227854,0.002642564220917988
9.87341772151899,18.9873417721519,0.0026546356585688386
9.87341772151899,19.493670886075954,0.0026675451596770627
9.87341772151899,20.0,0.0026812962495196386
10.37974683544304,-20.0,0.004028619845222753
10.37974683544304,-19.49367088607595,0.00399074199001691
10.37974683544304,-18.9873417721519,0.003952554923376038
10.37974683544304,-18.481012658227847,0.003914116983023689
10.37974683544304,-17.974683544303797,0.0038754871094767345
10.37974683544304,-17.468354430379748,0.0038367245173038817
10.37974683544304,-16.962025316455694,0.0037978883725594487
10.37974683544304,-16.455696202531644,0.0037590374800646996
10.37974683544304,-15.949367088607595,0.0037202299839156714
10.37974683544304,-15.443037974683545,0.003681523084248412
10.37974683544304,-14.936708860759493,0.00364297277290158
10.37974683544304,-14.430379746835442,0.0036046335901945272
10.37974683544304,-13.924050632911392,0.003566558404598531
10.37974683544304,-13.417721518987342,0.003528798216631728
10.37974683544304,-12.91139240506329,0.003491401987865729
10.37974683544304,-12.40506329113924,0.0034544164955040042
10.37974683544304,-11.89873417721519,0.0034178862125878572
10.37974683544304,-11.39240506329114,0.0033818532135124115
10.37974683544304,-10.886075949367088,0.0033463571041984575
10.37974683544304,-10.379746835443036,0.003311434975970349
10.37974683544304,-9.873417721518987,0.0032771213819380906
10.37974683544304,-9.367088607594937,0.003243448334474431
10.37974683544304,-8.860759493670885,0.003210445322215114
10.37974683544304,-8.354430379746834,0.0031781393448909604
10.37974683544304,-7.848101265822784,0.003146554964222022
10.37974683544304,-7.341772151898734,0.0031157143690634832
10.37974683544304,-6.835443037974683,0.003085637452986718
10.37974683544304,-6.329113924050631,0.003056341902502876
10.37974683544304,-5.822784810126581,0.0030278432941863633
10.37974683544304,-5.3164556962025316,0.003000155199027265
10.37974683544304,-4.81012658227848,0.0029732892924310096
10.37974683544304,-4.3037974683544284,0.00294725546838618
10.37974683544304,-3.7974683544303787,0.00292206195643381
10.37974683544304,-3.291139240506329,0.0028977154401900783
10.37974683544304,-2.784810126582279,0.002874221176296124
10.37974683544304,-2.278481012658226,0.002851583112790962
10.37974683544304,-1.772151898734176,0.00282980400602398
10.37974683544304,-1.2658227848101262,0.002808885535340239
10.37974683544304,-0.7594936708860729,0.0027888284148832798
10.37974683544304,-0.2531645569620231,0.0027696325019653193
10.37974683544304,0.25316455696202667,0.0027512969015523435
10.37974683544304,0.7594936708860764,0.0027338200665016294
10.37974683544304,1.2658227848101262,0.0027171998932707447
10.37974683544304,1.7721518987341796,0.0027014338128903428
10.37974683544304,2.2784810126582293,0.002686518877058016
10.37974683544304,2.784810126582279,0.0026724518392670944
10.37974683544304,3.2911392405063324,0.002659229230933257
10.37974683544304,3.797468354430382,0.002646847432523092
10.37974683544304,4.303797468354432,0.002635302739723144
10.37974683544304,4.810126582278482,0.002624591424715712
10.37974683544304,5.3164556962025316,0.002614709792649412
10.37974683544304,5.822784810126585,0.0026056542334086845
10.37974683544304,6.329113924050635,0.002597421268797644
10.37974683544304,6.835443037974684,0.0025900075952602943
10.37974683544304,7.341772151898738,0.002583410122261839
10.37974683544304,7.8481012658227876,0.002577626006454873
10.37974683544304,8.354430379746837,0.0025726526817502577
10.37974683544304,8.860759493670887,0.0025684878854057482
10.37974683544304,9.367088607594937,0.0025651296802363995
10.37974683544304,9.87341772151899,0.002562576473039764
10.37974683544304,10.37974683544304,0.0025608270293162494
10.37974683544304,10.88607594936709,0.0025598804843510238
10.37974683544304,11.392405063291143,0.0025597363507088265
10.37974683544304,11.898734177215193,0.0025603945221772386
10.37974683544304,12.405063291139243,0.0025618552741776563
10.37974683544304,12.911392405063296,0.0025641192606466064
10.37974683544304,13.417721518987342,0.002567187507373426
10.37974683544304,13.924050632911396,0.002571061401763937
10.37974683544304,14.430379746835442,0.0025757426789837622
10.37974683544304,14.936708860759495,0.0025812334044197282
10.37974683544304,15.443037974683548,0.0025875359523835355
10.37974683544304,15.949367088607595,0.0025946529809688624
10.37974683544304,16.455696202531648,0.002602587402961651
10.37974683544304,16.9620253164557,0.0026113423526937614
10.37974683544304,17.468354430379748,0.0026209211487228557
10.37974683544304,17.9746835443038,0.002631327252216651
10.37974683544304,18.481012658227854,0.002642564220917988
10.37974683544304,18.9873417721519,0.0026546356585688386
10.37974683544304,19.493670886075954,0.0026675451596770627
10.37974683544304,20.0,0.0026812962495196386
10.88607594936709,-20.0,0.004028619845222753
10.88607594936709,-19.49367088607595,0.00399074199001691
10.88607594936709,-18.9873417721519,0.003952554923376038
10.88607594936709,-18.481012658227847,0.003914116983023689
10.88607594936709,-17.974683544303797,0.0038754871094767345
10.88607594936709,-17.468354430379748,0.0038367245173038817
10.88607594936709,-16.962025316455694,0.0037978883725594487
10.88607594936709,-16.455696202531644,0.0037590374800646996
10.88607594936709,-15.949367088607595,0.0037202299839156714
10.88607594936709,-15.443037974683545,0.003681523084248412
10.88607594936709,-14.936708860759493,0.00364297277290158
10.88607594936709,-14.430379746835442,0.0036046335901945272
10.88607594936709,-13.924050632911392,0.003566558404598531
10.88607594936709,-13.417721518987342,0.003528798216631728
10.88607594936709,-12.91139240506329,0.003491401987865729
10.88607594936709,-12.40506329113924,0.0034544164955040042
10.88607594936709,-11.89873417721519,0.0034178862125878572
10.88607594936709,-11.39240506329114,0.0033818532135124115
10.88607594936709,-10.886075949367088,0.0033463571041984575
10.88607594936709,-10.379746835443036,0.003311434975970349
10.88607594936709,-9.873417721518987,0.0032771213819380906
10.88607594936709,-9.367088607594937,0.003243448334474431
10.88607594936709,-8.860759493670885,0.003210445322215114
10.88607594936709,-8.354430379746834,0.0031781393448909604
10.88607594936709,-7.848101265822784,0.003146554964222022
10.88607594936709,-7.341772151898734,0.0031157143690634832
10.88607594936709,-6.835443037974683,0.003085637452986718
10.88607594936709,-6.329113924050631,0.003056341902502876
10.88607594936709,-5.822784810126581,0.0030278432941863633
10.88607594936709,-5.3164556962025316,0.003000155199027265
10.88607594936709,-4.81012658227848,0.0029732892924310096
10.88607594936709,-4.3037974683544284,0.00294725546838618
10.88607594936709,-3.7974683544303787,0.00292206195643381
10.88607594936709,-3.291139240506329,0.0028977154401900783
10.88607594936709,-2.784810126582279,0.002874221176296124
10.88607594936709,-2.278481012658226,0.002851583112790962
10.88607594936709,-1.772151898734176,0.00282980400602398
10.88607594936709,-1.2658227848101262,0.002808885535340239
10.88607594936709,-0.7594936708860729,0.0027888284148832798
10.88607594936709,-0.2531645569620231,0.0027696325019653193
10.88607594936709,0.25316455696202667,0.0027512969015523435
10.88607594936709,0.7594936708860764,0.0027338200665016294
10.88607594936709,1.2658227848101262,0.0027171998932707447
10.88607594936709,1.7721518987341796,0.0027014338128903428
10.88607594936709,2.2784810126582293,0.002686518877058016
10.88607594936709,2.784810126582279,0.0026724518392670944
10.88607594936709,3.2911392405063324,0.002659229230933257
10.88607594936709,3.797468354430382,0.002646847432523092
10.88607594936709,4.303797468354432,0.002635302739723144
10.88607594936709,4.810126582278482,0.002624591424715712
10.88607594936709,5.3164556962025316,0.002614709792649412
10.88607594936709,5.822784810126585,0.0026056542334086845
10.88607594936709,6.329113924050635,0.002597421268797644
10.88607594936709,6.835443037974684,0.0025900075952602943
10.88607594936709,7.341772151898738,0.002583410122261839
10.88607594936709,7.8481012658227876,0.002577626006454873
10.88607594936709,8.354430379746837,0.0025726526817502577
10.88607594936709,8.860759493670887,0.0025684878854057482
10.88607594936709,9.367088607594937,0.0025651296802363995
10.88607594936709,9.87341772151899,0.002562576473039764
10.88607594936709,10.37974683544304,0.0025608270293162494
10.88607594936709,10.88607594936709,0.0025598804843510238
10.88607594936709,11.392405063291143,0.0025597363507088265
10.88607594936709,11.898734177215193,0.0025603945221772386
10.88607594936709,12.405063291139243,0.0025618552741776563
10.88607594936709,12.911392405063296,0.0025641192606466064
10.88607594936709,13.417721518987342,0.002567187507373426
10.88607594936709,13.924050632911396,0.002571061401763937
10.88607594936709,14.430379746835442,0.0025757426789837622
10.88607594936709,14.936708860759495,0.0025812334044197282
10.88607594936709,15.443037974683548,0.0025875359523835355
10.88607594936709,15.949367088607595,0.0025946529809688624
10.88607594936709,16.455696202531648,0.002602587402961651
10.88607594936709,16.9620253164557,0.0026113423526937614
10.88607594936709,17.468354430379748,0.0026209211487228557
10.88607594936709,17.9746835443038,0.002631327252216651
10.88607594936709,18.481012658227854,0.002642564220917988
10.88607594936709,18.9873417721519,0.0026546356585688386
10.88607594936709,19.493670886075954,0.0026675451596770627
10.88607594936709,20.0,0.0026812962495196386
11.392405063291143,-20.0,0.004028619845222753
11.392405063291143,-19.49367088607595,0.00399074199001691
11.392405063291143,-18.9873417721519,0.003952554923376038
11.392405063291143,-18.481012658227847,0.003914116983023689
11.392405063291143,-17.974683544303797,0.0038754871094767345
11.392405063291143,-17.468354430379748,0.0038367245173038817
11.392405063291143,-16.962025316455694,0.0037978883725594487
11.392405063291143,-16.455696202531644,0.0037590374800646996
11.392405063291143,-15.949367088607595,0.0037202299839156714
11.392405063291143,-15.443037974683545,0.003681523084248412
11.392405063291143,-14.936708860759493,0.00364297277290158
11.392405063291143,-14.430379746835442,0.0036046335901945272
11.392405063291143,-13.924050632911392,0.003566558404598531
11.392405063291143,-13.417721518987342,0.003528798216631728
11.392405063291143,-12.91139240506329,0.003491401987865729
11.392405063291143,-12.40506329113924,0.0034544164955040042
11.392405063291143,-11.89873417721519,0.0034178862125878572
11.392405063291143,-11.39240506329114,0.0033818532135124115
11.392405063291143,-10.886075949367088,0.0033463571041984575
11.392405063291143,-10.379746835443036,0.003311434975970349
11.392405063291143,-9.873417721518987,0.0032771213819380906
11.392405063291143,-9.367088607594937,0.003243448334474431
11.392405063291143,-8.860759493670885,0.003210445322215114
11.392405063291143,-8.354430379746834,0.0031781393448909604
11.392405063291143,-7.848101265822784,0.003146554964222022
11.392405063291143,-7.341772151898734,0.0031157143690634832
11.392405063291143,-6.835443037974683,0.003085637452986718
11.392405063291143,-6.329113924050631,0.003056341902502876
11.392405063291143,-5.822784810126581,0.0030278432941863633
11.392405063291143,-5.3164556962025316,0.003000155199027265
11.392405063291143,-4.81012658227848,0.0029732892924310096
11.392405063291143,-4.3037974683544284,0.00294725546838618
11.392405063291143,-3.7974683544303787,0.00292206195643381
11.392405063291143,-3.291139240506329,0.0028977154401900783
11.392405063291143,-2.784810126582279,0.002874221176296124
11.392405063291143,-2.278481012658226,0.002851583112790962
11.392405063291143,-1.772151898734176,0.00282980400602398
11.392405063291143,-1.2658227848101262,0.002808885535340239
11.392405063291143,-0.7594936708860729,0.0027888284148832798
11.392405063291143,-0.2531645569620231,0.0027696325019653193
11.392405063291143,0.25316455696202667,0.0027512969015523435
11.392405063291143,0.7594936708860764,0.0027338200665016294
11.392405063291143,1.2658227848101262,0.0027171998932707447
11.392405063291143,1.7721518987341796,0.0027014338128903428
11.392405063291143,2.2784810126582293,0.002686518877058016
11.392405063291143,2.784810126582279,0.0026724518392670944
11.392405063291143,3.2911392405063324,0.002659229230933257
11.392405063291143,3.797468354430382,0.002646847432523092
11.392405063291143,4.303797468354432,0.002635302739723144
11.392405063291143,4.810126582278482,0.002624591424715712
11.392405063291143,5.3164556962025316,0.002614709792649412
11.392405063291143,5.822784810126585,0.0026056542334086845
11.392405063291143,6.329113924050635,0.002597421268797644
11.392405063291143,6.835443037974684,0.0025900075952602943
11.392405063291143,7.341772151898738,0.002583410122261839
11.392405063291143,7.8481012658227876,0.002577626006454873
11.392405063291143,8.354430379746837,0.0025726526817502577
11.392405063291143,8.860759493670887,0.0025684878854057482
11.392405063291143,9.367088607594937,0.0025651296802363995
11.392405063291143,9.87341772151899,0.002562576473039764
11.392405063291143,10.37974683544304,0.0025608270293162494
11.392405063291143,10.88607594936709,0.0025598804843510238
11.392405063291143,11.392405063291143,0.0025597363507088265
11.392405063291143,11.898734177215193,0.0025603945221772386
11.392405063291143,12.405063291139243,0.0025618552741776563
11.392405063291143,12.911392405063296,0.0025641192606466064
11.392405063291143,13.417721518987342,0.002567187507373426
11.392405063291143,13.924050632911396,0.002571061401763937
11.392405063291143,14.430379746835442,0.0025757426789837622
11.392405063291143,14.936708860759495,0.0025812334044197282
11.392405063291143,15.443037974683548,0.0025875359523835355
11.392405063291143,15.949367088607595,0.0025946529809688624
11.392405063291143,16.455696202531648,0.002602587402961651
11.392405063291143,16.9620253164557,0.0026113423526937614
11.392405063291143,17.468354430379748,0.0026209211487228557
11.392405063291143,17.9746835443038,0.002631327252216651
11.392405063291143,18.481012658227854,0.002642564220917988
11.392405063291143,18.9873417721519,0.0026546356585688386
11.392405063291143,19.493670886075954,0.0026675451596770627
11.392405063291143,20.0,0.0026812962495196386
11.898734177215193,-20.0,0.004028619845222753
11.898734177215193,-19.49367088607595,0.00399074199001691
11.898734177215193,-18.9873417721519,0.003952554923376038
11.898734177215193,-18.481012658227847,0.003914116983023689
11.898734177215193,-17.974683544303797,0.0038754871094767345
11.898734177215193,-17.468354430379748,0.0038367245173038817
11.898734177215193,-16.962025316455694,0.0037978883725594487
11.898734177215193,-16.455696202531644,0.0037590374800646996
11.898734177215193,-15.949367088607595,0.0037202299839156714
11.898734177215193,-15.443037974683545,0.003681523084248412
11.898734177215193,-14.936708860759493,0.00364297277290158
11.898734177215193,-14.430379746835442,0.0036046335901945272
11.898734177215193,-13.924050632911392,0.003566558404598531
11.898734177215193,-13.417721518987342,0.003528798216631728
11.898734177215193,-12.91139240506329,0.003491401987865729
11.898734177215193,-12.40506329113924,0.0034544164955040042
11.898734177215193,-11.89873417721519,0.0034178862125878572
11.898734177215193,-11.39240506329114,0.0033818532135124115
11.898734177215193,-10.886075949367088,0.0033463571041984575
11.898734177215193,-10.379746835443036,0.003311434975970349
11.898734177215193,-9.873417721518987,0.0032771213819380906
11.898734177215193,-9.367088607594937,0.003243448334474431
11.898734177215193,-8.860759493670885,0.003210445322215114
11.898734177215193,-8.354430379746834,0.0031781393448909604
11.898734177215193,-7.848101265822784,0.003146554964222022
11.898734177215193,-7.341772151898734,0.0031157143690634832
11.898734177215193,-6.835443037974683,0.003085637452986718
11.898734177215193,-6.329113924050631,0.003056341902502876
11.898734177215193,-5.822784810126581,0.0030278432941863633
11.898734177215193,-5.3164556962025316,0.003000155199027265
11.898734177215193,-4.81012658227848,0.0029732892924310096
11.898734177215193,-4.3037974683544284,0.00294725546838618
11.898734177215193,-3.7974683544303787,0.00292206195643381
11.898734177215193,-3.291139240506329,0.0028977154401900783
11.898734177215193,-2.784810126582279,0.002874221176296124
11.898734177215193,-2.278481012658226,0.002851583112790962
11.898734177215193,-1.772151898734176,0.00282980400602398
11.898734177215193,-1.2658227848101262,0.002808885535340239
11.898734177215193,-0.7594936708860729,0.0027888284148832798
11.898734177215193,-0.2531645569620231,0.0027696325019653193
11.898734177215193,0.25316455696202667,0.0027512969015523435
11.898734177215193,0.7594936708860764,0.0027338200665016294
11.898734177215193,1.2658227848101262,0.0027171998932707447
11.898734177215193,1.7721518987341796,0.0027014338128903428
11.898734177215193,2.2784810126582293,0.002686518877058016
11.898734177215193,2.784810126582279,0.0026724518392670944
11.898734177215193,3.2911392405063324,0.002659229230933257
11.898734177215193,3.797468354430382,0.002646847432523092
11.898734177215193,4.303797468354432,0.002635302739723144
11.898734177215193,4.810126582278482,0.002624591424715712
11.898734177215193,5.3164556962025316,0.002614709792649412
11.898734177215193,5.822784810126585,0.0026056542334086845
11.898734177215193,6.329113924050635,0.002597421268797644
11.898734177215193,6.835443037974684,0.0025900075952602943
11.898734177215193,7.341772151898738,0.002583410122261839
11.898734177215193,7.8481012658227876,0.002577626006454873
11.898734177215193,8.354430379746837,0.0025726526817502577
11.898734177215193,8.860759493670887,0.0025684878854057482
11.898734177215193,9.367088607594937,0.0025651296802363995
11.898734177215193,9.87341772151899,0.002562576473039764
11.898734177215193,10.37974683544304,0.0025608270293162494
11.898734177215193,10.88607594936709,0.0025598804843510238
11.898734177215193,11.392405063291143,0.0025597363507088265
11.898734177215193,11.898734177215193,0.0025603945221772386
11.898734177215193,12.405063291139243,0.0025618552741776563
11.898734177215193,12.911392405063296,0.0025641192606466064
11.898734177215193,13.417721518987342,0.002567187507373426
11.898734177215193,13.924050632911396,0.002571061401763937
11.898734177215193,14.430379746835442,0.0025757426789837622
11.898734177215193,14.936708860759495,0.0025812334044197282
11.898734177215193,15.443037974683548,0.0025875359523835355
11.898734177215193,15.949367088607595,0.0025946529809688624
11.898734177215193,16.455696202531648,0.002602587402961651
11.898734177215193,16.9620253164557,0.0026113423526937614
11.898734177215193,17.468354430379748,0.0026209211487228557
11.898734177215193,17.9746835443038,0.002631327252216651
11.898734177215193,18.481012658227854,0.002642564220917988
11.898734177215193,18.9873417721519,0.0026546356585688386
11.898734177215193,19.493670886075954,0.0026675451596770627
11.898734177215193,20.0,0.0026812962495196386
12.405063291139243,-20.0,0.004028619845222753
12.405063291139243,-19.49367088607595,0.00399074199001691
12.405063291139243,-18.9873417721519,0.003952554923376038
12.405063291139243,-18.481012658227847,0.003914116983023689
12.405063291139243,-17.974683544303797,0.0038754871094767345
12.405063291139243,-17.468354430379748,0.0038367245173038817
12.405063291139243,-16.962025316455694,0.0037978883725594487
12.405063291139243,-16.455696202531644,0.0037590374800646996
12.405063291139243,-15.949367088607595,0.0037202299839156714
12.405063291139243,-15.443037974683545,0.003681523084248412
12.405063291139243,-14.936708860759493,0.00364297277290158
12.405063291139243,-14.430379746835442,0.0036046335901945272
12.405063291139243,-13.924050632911392,0.003566558404598531
12.405063291139243,-13.417721518987342,0.003528798216631728
12.405063291139243,-12.91139240506329,0.003491401987865729
12.405063291139243,-12.40506329113924,0.0034544164955040042
12.405063291139243,-11.89873417721519,0.0034178862125878572
12.405063291139243,-11.39240506329114,0.0033818532135124115
12.405063291139243,-10.886075949367088,0.0033463571041984575
12.405063291139243,-10.379746835443036,0.003311434975970349
12.405063291139243,-9.873417721518987,0.0032771213819380906
12.405063291139243,-9.367088607594937,0.003243448334474431
12.405063291139243,-8.860759493670885,0.003210445322215114
12.405063291139243,-8.354430379746834,0.0031781393448909604
12.405063291139243,-7.848101265822784,0.003146554964222022
12.405063291139243,-7.341772151898734,0.0031157143690634832
12.405063291139243,-6.835443037974683,0.003085637452986718
12.405063291139243,-6.329113924050631,0.003056341902502876
12.405063291139243,-5.822784810126581,0.0030278432941863633
12.405063291139243,-5.3164556962025316,0.003000155199027265
12.405063291139243,-4.81012658227848,0.0029732892924310096
12.405063291139243,-4.3037974683544284,0.00294725546838618
12.405063291139243,-3.7974683544303787,0.00292206195643381
12.405063291139243,-3.291139240506329,0.0028977154401900783
12.405063291139243,-2.784810126582279,0.002874221176296124
12.405063291139243,-2.278481012658226,0.002851583112790962
12.405063291139243,-1.772151898734176,0.00282980400602398
12.405063291139243,-1.2658227848101262,0.002808885535340239
12.405063291139243,-0.7594936708860729,0.0027888284148832798
12.405063291139243,-0.2531645569620231,0.0027696325019653193
12.405063291139243,0.25316455696202667,0.0027512969015523435
12.405063291139243,0.7594936708860764,0.0027338200665016294
12.405063291139243,1.2658227848101262,0.0027171998932707447
12.405063291139243,1.7721518987341796,0.0027014338128903428
12.405063291139243,2.2784810126582293,0.002686518877058016
12.405063291139243,2.784810126582279,0.0026724518392670944
12.405063291139243,3.2911392405063324,0.002659229230933257
12.405063291139243,3.797468354430382,0.002646847432523092
12.405063291139243,4.303797468354432,0.002635302739723144
12.405063291139243,4.810126582278482,0.002624591424715712
12.405063291139243,5.3164556962025316,0.002614709792649412
12.405063291139243,5.822784810126585,0.0026056542334086845
12.405063291139243,6.329113924050635,0.002597421268797644
12.405063291139243,6.835443037974684,0.0025900075952602943
12.405063291139243,7.341772151898738,0.002583410122261839
12.405063291139243,7.8481012658227876,0.002577626006454873
12.405063291139243,8.354430379746837,0.0025726526817502577
12.405063291139243,8.860759493670887,0.0025684878854057482
12.405063291139243,9.367088607594937,0.0025651296802363995
12.405063291139243,9.87341772151899,0.002562576473039764
12.405063291139243,10.37974683544304,0.0025608270293162494
12.405063291139243,10.88607594936709,0.0025598804843510238
12.405063291139243,11.392405063291143,0.0025597363507088265
12.405063291139243,11.898734177215193,0.0025603945221772386
12.405063291139243,12.405063291139243,0.0025618552741776563
12.405063291139243,12.911392405063296,0.0025641192606466064
12.405063291139243,13.417721518987342,0.002567187507373426
12.405063291139243,13.924050632911396,0.002571061401763937
12.405063291139243,14.430379746835442,0.0025757426789837622
12.405063291139243,14.936708860759495,0.0025812334044197282
12.405063291139243,15.443037974683548,0.0025875359523835355
12.405063291139243,15.949367088607595,0.0025946529809688624
12.405063291139243,16.455696202531648,0.002602587402961651
12.405063291139243,16.9620253164557,0.0026113423526937614
12.405063291139243,17.468354430379748,0.0026209211487228557
12.405063291139243,17.9746835443038,0.002631327252216651
12.405063291139243,18.481012658227854,0.002642564220917988
12.405063291139243,18.9873417721519,0.0026546356585688386
12.405063291139243,19.493670886075954,0.0026675451596770627
12.405063291139243,20.0,0.0026812962495196386
12.911392405063296,-20.0,0.004028619845222753
12.911392405063296,-19.49367088607595,0.00399074199001691
12.911392405063296,-18.9873417721519,0.003952554923376038
12.911392405063296,-18.481012658227847,0.003914116983023689
12.911392405063296,-17.974683544303797,0.0038754871094767345
12.911392405063296,-17.468354430379748,0.0038367245173038817
12.911392405063296,-16.962025316455694,0.0037978883725594487
12.911392405063296,-16.455696202531644,0.0037590374800646996
12.911392405063296,-15.949367088607595,0.0037202299839156714
12.911392405063296,-15.443037974683545,0.003681523084248412
12.911392405063296,-14.936708860759493,0.00364297277290158
12.911392405063296,-14.430379746835442,0.0036046335901945272
12.911392405063296,-13.924050632911392,0.003566558404598531
12.911392405063296,-13.417721518987342,0.003528798216631728
12.911392405063296,-12.91139240506329,0.003491401987865729
12.911392405063296,-12.40506329113924,0.0034544164955040042
12.911392405063296,-11.89873417721519,0.0034178862125878572
12.911392405063296,-11.39240506329114,0.0033818532135124115
12.911392405063296,-10.886075949367088,0.0033463571041984575
12.911392405063296,-10.379746835443036,0.003311434975970349
12.911392405063296,-9.873417721518987,0.0032771213819380906
12.911392405063296,-9.367088607594937,0.003243448334474431
12.911392405063296,-8.860759493670885,0.003210445322215114
12.911392405063296,-8.354430379746834,0.0031781393448909604
12.911392405063296,-7.848101265822784,0.003146554964222022
12.911392405063296,-7.341772151898734,0.0031157143690634832
12.911392405063296,-6.835443037974683,0.003085637452986718
12.911392405063296,-6.329113924050631,0.003056341902502876
12.911392405063296,-5.822784810126581,0.0030278432941863633
12.911392405063296,-5.3164556962025316,0.003000155199027265
12.911392405063296,-4.81012658227848,0.0029732892924310096
12.911392405063296,-4.3037974683544284,0.00294725546838618
12.911392405063296,-3.7974683544303787,0.00292206195643381
12.911392405063296,-3.291139240506329,0.0028977154401900783
12.911392405063296,-2.784810126582279,0.002874221176296124
12.911392405063296,-2.278481012658226,0.002851583112790962
12.911392405063296,-1.772151898734176,0.00282980400602398
12.911392405063296,-1.2658227848101262,0.002808885535340239
12.911392405063296,-0.7594936708860729,0.0027888284148832798
12.911392405063296,-0.2531645569620231,0.0027696325019653193
12.911392405063296,0.25316455696202667,0.0027512969015523435
12.911392405063296,0.7594936708860764,0.0027338200665016294
12.911392405063296,1.2658227848101262,0.0027171998932707447
12.911392405063296,1.7721518987341796,0.0027014338128903428
12.911392405063296,2.2784810126582293,0.002686518877058016
12.911392405063296,2.784810126582279,0.0026724518392670944
12.911392405063296,3.2911392405063324,0.002659229230933257
12.911392405063296,3.797468354430382,0.002646847432523092
12.911392405063296,4.303797468354432,0.002635302739723144
12.911392405063296,4.810126582278482,0.002624591424715712
12.911392405063296,5.3164556962025316,0.002614709792649412
12.911392405063296,5.822784810126585,0.0026056542334086845
12.911392405063296,6.329113924050635,0.002597421268797644
12.911392405063296,6.835443037974684,0.0025900075952602943
12.911392405063296,7.341772151898738,0.002583410122261839
12.911392405063296,7.8481012658227876,0.002577626006454873
12.911392405063296,8.354430379746837,0.0025726526817502577
12.911392405063296,8.860759493670887,0.0025684878854057482
12.911392405063296,9.367088607594937,0.0025651296802363995
12.911392405063296,9.87341772151899,0.002562576473039764
12.911392405063296,10.37974683544304,0.0025608270293162494
12.911392405063296,10.88607594936709,0.0025598804843510238
12.911392405063296,11.392405063291143,0.0025597363507088265
12.911392405063296,11.898734177215193,0.0025603945221772386
12.911392405063296,12.405063291139243,0.0025618552741776563
12.911392405063296,12.911392405063296,0.0025641192606466064
12.911392405063296,13.417721518987342,0.002567187507373426
12.911392405063296,13.924050632911396,0.002571061401763937
12.911392405063296,14.430379746835442,0.0025757426789837622
12.911392405063296,14.936708860759495,0.0025812334044197282
12.911392405063296,15.443037974683548,0.0025875359523835355
12.911392405063296,15.949367088607595,0.0025946529809688624
12.911392405063296,16.455696202531648,0.002602587402961651
12.911392405063296,16.9620253164557,0.0026113423526937614
12.911392405063296,17.468354430379748,0.0026209211487228557
12.911392405063296,17.9746835443038,0.002631327252216651
12.911392405063296,18.481012658227854,0.002642564220917988
12.911392405063296,18.9873417721519,0.0026546356585688386
12.911392405063296,19.493670886075954,0.0026675451596770627
12.911392405063296,20.0,0.0026812962495196386
13.417721518987342,-20.0,0.004028619845222753
13.417721518987342,-19.49367088607595,0.00399074199001691
13.417721518987342,-18.9873417721519,0.003952554923376038
13.417721518987342,-18.481012658227847,0.003914116983023689
13.417721518987342,-17.974683544303797,0.0038754871094767345
13.417721518987342,-17.468354430379748,0.0038367245173038817
13.417721518987342,-16.962025316455694,0.0037978883725594487
13.417721518987342,-16.455696202531644,0.0037590374800646996
13.417721518987342,-15.949367088607595,0.0037202299839156714
13.417721518987342,-15.443037974683545,0.003681523084248412
13.417721518987342,-14.936708860759493,0.00364297277290158
13.417721518987342,-14.430379746835442,0.0036046335901945272
13.417721518987342,-13.924050632911392,0.003566558404598531
13.417721518987342,-13.417721518987342,0.003528798216631728
13.417721518987342,-12.91139240506329,0.003491401987865729
13.417721518987342,-12.40506329113924,0.0034544164955040042
13.417721518987342,-11.89873417721519,0.0034178862125878572
13.417721518987342,-11.39240506329114,0.0033818532135124115
13.417721518987342,-10.886075949367088,0.0033463571041984575
13.417721518987342,-10.379746835443036,0.003311434975970349
13.417721518987342,-9.873417721518987,0.0032771213819380906
13.417721518987342,-9.367088607594937,0.003243448334474431
13.417721518987342,-8.860759493670885,0.003210445322215114
13.417721518987342,-8.354430379746834,0.0031781393448909604
13.417721518987342,-7.848101265822784,0.003146554964222022
13.417721518987342,-7.341772151898734,0.0031157143690634832
13.417721518987342,-6.835443037974683,0.003085637452986718
13.417721518987342,-6.329113924050631,0.003056341902502876
13.417721518987342,-5.822784810126581,0.0030278432941863633
13.417721518987342,-5.3164556962025316,0.003000155199027265
13.417721518987342,-4.81012658227848,0.0029732892924310096
13.417721518987342,-4.3037974683544284,0.00294725546838618
13.417721518987342,-3.7974683544303787,0.00292206195643381
13.417721518987342,-3.291139240506329,0.0028977154401900783
13.417721518987342,-2.784810126582279,0.002874221176296124
13.417721518987342,-2.278481012658226,0.002851583112790962
13.417721518987342,-1.772151898734176,0.00282980400602398
13.417721518987342,-1.2658227848101262,0.002808885535340239
13.417721518987342,-0.7594936708860729,0.0027888284148832798
13.417721518987342,-0.2531645569620231,0.0027696325019653193
13.417721518987342,0.25316455696202667,0.0027512969015523435
13.417721518987342,0.7594936708860764,0.0027338200665016294
13.417721518987342,1.2658227848101262,0.0027171998932707447
13.417721518987342,1.7721518987341796,0.0027014338128903428
13.417721518987342,2.2784810126582293,0.002686518877058016
13.417721518987342,2.784810126582279,0.0026724518392670944
13.417721518987342,3.2911392405063324,0.002659229230933257
13.417721518987342,3.797468354430382,0.002646847432523092
13.417721518987342,4.303797468354432,0.002635302739723144
13.417721518987342,4.810126582278482,0.002624591424715712
13.417721518987342,5.3164556962025316,0.002614709792649412
13.417721518987342,5.822784810126585,0.0026056542334086845
13.417721518987342,6.329113924050635,0.002597421268797644
13.417721518987342,6.835443037974684,0.0025900075952602943
13.417721518987342,7.341772151898738,0.002583410122261839
13.417721518987342,7.8481012658227876,0.002577626006454873
13.417721518987342,8.354430379746837,0.0025726526817502577
13.417721518987342,8.860759493670887,0.0025684878854057482
13.417721518987342,9.367088607594937,0.0025651296802363995
13.417721518987342,9.87341772151899,0.002562576473039764
13.417721518987342,10.37974683544304,0.0025608270293162494
13.417721518987342,10.88607594936709,0.0025598804843510238
13.417721518987342,11.392405063291143,0.0025597363507088265
13.417721518987342,11.898734177215193,0.0025603945221772386
13.417721518987342,12.405063291139243,0.0025618552741776563
13.417721518987342,12.911392405063296,0.0025641192606466064
13.417721518987342,13.417721518987342,0.002567187507373426
13.417721518987342,13.924050632911396,0.002571061401763937
13.417721518987342,14.430379746835442,0.0025757426789837622
13.417721518987342,14.936708860759495,0.0025812334044197282
13.417721518987342,15.443037974683548,0.0025875359523835355
13.417721518987342,15.949367088607595,0.0025946529809688624
13.417721518987342,16.455696202531648,0.002602587402961651
13.417721518987342,16.9620253164557,0.0026113423526937614
13.417721518987342,17.468354430379748,0.0026209211487228557
13.417721518987342,17.9746835443038,0.002631327252216651
13.417721518987342,18.481012658227854,0.002642564220917988
13.417721518987342,18.9873417721519,0.0026546356585688386
13.417721518987342,19.493670886075954,0.0026675451596770627
13.417721518987342,20.0,0.0026812962495196386
13.924050632911396,-20.0,0.004028619845222753
13.924050632911396,-19.49367088607595,0.00399074199001691
13.924050632911396,-18.9873417721519,0.003952554923376038
13.924050632911396,-18.481012658227847,0.003914116983023689
13.924050632911396,-17.974683544303797,0.0038754871094767345
13.924050632911396,-17.468354430379748,0.0038367245173038817
13.924050632911396,-16.962025316455694,0.0037978883725594487
13.924050632911396,-16.455696202531644,0.0037590374800646996
13.924050632911396,-15.949367088607595,0.0037202299839156714
13.924050632911396,-15.443037974683545,0.003681523084248412
13.924050632911396,-14.936708860759493,0.00364297277290158
13.924050632911396,-14.430379746835442,0.0036046335901945272
13.924050632911396,-13.924050632911392,0.003566558404598531
13.924050632911396,-13.417721518987342,0.003528798216631728
13.924050632911396,-12.91139240506329,0.003491401987865729
13.924050632911396,-12.40506329113924,0.0034544164955040042
13.924050632911396,-11.89873417721519,0.0034178862125878572
13.924050632911396,-11.39240506329114,0.0033818532135124115
13.924050632911396,-10.886075949367088,0.0033463571041984575
13.924050632911396,-10.379746835443036,0.003311434975970349
13.924050632911396,-9.873417721518987,0.0032771213819380906
13.924050632911396,-9.367088607594937,0.003243448334474431
13.924050632911396,-8.860759493670885,0.003210445322215114
13.924050632911396,-8.354430379746834,0.0031781393448909604
13.924050632911396,-7.848101265822784,0.003146554964222022
13.924050632911396,-7.341772151898734,0.0031157143690634832
13.924050632911396,-6.835443037974683,0.003085637452986718
13.924050632911396,-6.329113924050631,0.003056341902502876
13.924050632911396,-5.822784810126581,0.0030278432941863633
13.924050632911396,-5.3164556962025316,0.003000155199027265
13.924050632911396,-4.81012658227848,0.0029732892924310096
13.924050632911396,-4.3037974683544284,0.00294725546838618
13.924050632911396,-3.7974683544303787,0.00292206195643381
13.924050632911396,-3.291139240506329,0.0028977154401900783
13.924050632911396,-2.784810126582279,0.002874221176296124
13.924050632911396,-2.278481012658226,0.002851583112790962
13.924050632911396,-1.772151898734176,0.00282980400602398
13.924050632911396,-1.2658227848101262,0.002808885535340239
13.924050632911396,-0.7594936708860729,0.0027888284148832798
13.924050632911396,-0.2531645569620231,0.0027696325019653193
13.924050632911396,0.25316455696202667,0.0027512969015523435
13.924050632911396,0.7594936708860764,0.0027338200665016294
13.924050632911396,1.2658227848101262,0.0027171998932707447
13.924050632911396,1.7721518987341796,0.0027014338128903428
13.924050632911396,2.2784810126582293,0.002686518877058016
13.924050632911396,2.784810126582279,0.0026724518392670944
13.924050632911396,3.2911392405063324,0.002659229230933257
13.924050632911396,3.797468354430382,0.002646847432523092
13.924050632911396,4.303797468354432,0.002635302739723144
13.924050632911396,4.810126582278482,0.002624591424715712
13.924050632911396,5.3164556962025316,0.002614709792649412
13.924050632911396,5.822784810126585,0.0026056542334086845
13.924050632911396,6.329113924050635,0.002597421268797644
13.924050632911396,6.835443037974684,0.0025900075952602943
13.924050632911396,7.341772151898738,0.002583410122261839
13.924050632911396,7.8481012658227876,0.002577626006454873
13.924050632911396,8.354430379746837,0.0025726526817502577
13.924050632911396,8.860759493670887,0.0025684878854057482
13.924050632911396,9.367088607594937,0.0025651296802363995
13.924050632911396,9.87341772151899,0.002562576473039764
13.924050632911396,10.37974683544304,0.0025608270293162494
13.924050632911396,10.88607594936709,0.0025598804843510238
13.924050632911396,11.392405063291143,0.0025597363507088265
13.924050632911396,11.898734177215193,0.0025603945221772386
13.924050632911396,12.405063291139243,0.0025618552741776563
13.924050632911396,12.911392405063296,0.0025641192606466064
13.924050632911396,13.417721518987342,0.002567187507373426
13.924050632911396,13.924050632911396,0.002571061401763937
13.924050632911396,14.430379746835442,0.0025757426789837622
13.924050632911396,14.936708860759495,0.0025812334044197282
13.924050632911396,15.443037974683548,0.0025875359523835355
13.924050632911396,15.949367088607595,0.0025946529809688624
13.924050632911396,16.455696202531648,0.002602587402961651
13.924050632911396,16.9620253164557,0.0026113423526937614
13.924050632911396,17.468354430379748,0.0026209211487228557
13.924050632911396,17.9746835443038,0.002631327252216651
13.924050632911396,18.481012658227854,0.002642564220917988
13.924050632911396,18.9873417721519,0.0026546356585688386
13.924050632911396,19.493670886075954,0.0026675451596770627
13.924050632911396,20.0,0.0026812962495196386
14.430379746835442,-20.0,0.004028619845222753
14.430379746835442,-19.49367088607595,0.00399074199001691
14.430379746835442,-18.9873417721519,0.003952554923376038
14.430379746835442,-18.481012658227847,0.003914116983023689
14.430379746835442,-17.974683544303797,0.0038754871094767345
14.430379746835442,-17.468354430379748,0.0038367245173038817
14.430379746835442,-16.962025316455694,0.0037978883725594487
14.430379746835442,-16.455696202531644,0.0037590374800646996
14.430379746835442,-15.949367088607595,0.0037202299839156714
14.430379746835442,-15.443037974683545,0.003681523084248412
14.430379746835442,-14.936708860759493,0.00364297277290158
14.430379746835442,-14.430379746835442,0.0036046335901945272
14.430379746835442,-13.924050632911392,0.003566558404598531
14.430379746835442,-13.417721518987342,0.003528798216631728
14.430379746835442,-12.91139240506329,0.003491401987865729
14.430379746835442,-12.40506329113924,0.0034544164955040042
14.430379746835442,-11.89873417721519,0.0034178862125878572
14.430379746835442,-11.39240506329114,0.0033818532135124115
14.430379746835442,-10.886075949367088,0.0033463571041984575
14.430379746835442,-10.379746835443036,0.003311434975970349
14.430379746835442,-9.873417721518987,0.0032771213819380906
14.430379746835442,-9.367088607594937,0.003243448334474431
14.430379746835442,-8.860759493670885,0.003210445322215114
14.430379746835442,-8.354430379746834,0.0031781393448909604
14.430379746835442,-7.848101265822784,0.003146554964222022
14.430379746835442,-7.341772151898734,0.0031157143690634832
14.430379746835442,-6.835443037974683,0.003085637452986718
14.430379746835442,-6.329113924050631,0.003056341902502876
14.430379746835442,-5.822784810126581,0.0030278432941863633
14.430379746835442,-5.3164556962025316,0.003000155199027265
14.430379746835442,-4.81012658227848,0.0029732892924310096
14.430379746835442,-4.3037974683544284,0.00294725546838618
14.430379746835442,-3.7974683544303787,0.00292206195643381
14.430379746835442,-3.291139240506329,0.0028977154401900783
14.430379746835442,-2.784810126582279,0.002874221176296124
14.430379746835442,-2.278481012658226,0.002851583112790962
14.430379746835442,-1.772151898734176,0.00282980400602398
14.430379746835442,-1.2658227848101262,0.002808885535340239
14.430379746835442,-0.7594936708860729,0.0027888284148832798
14.430379746835442,-0.2531645569620231,0.0027696325019653193
14.430379746835442,0.25316455696202667,0.0027512969015523435
14.430379746835442,0.7594936708860764,0.0027338200665016294
14.430379746835442,1.2658227848101262,0.0027171998932707447
14.430379746835442,1.7721518987341796,0.0027014338128903428
14.430379746835442,2.2784810126582293,0.002686518877058016
14.430379746835442,2.784810126582279,0.0026724518392670944
14.430379746835442,3.2911392405063324,0.002659229230933257
14.430379746835442,3.797468354430382,0.002646847432523092
14.430379746835442,4.303797468354432,0.002635302739723144
14.430379746835442,4.810126582278482,0.002624591424715712
14.430379746835442,5.3164556962025316,0.002614709792649412
14.430379746835442,5.822784810126585,0.0026056542334086845
14.430379746835442,6.329113924050635,0.002597421268797644
14.430379746835442,6.835443037974684,0.0025900075952602943
14.430379746835442,7.341772151898738,0.002583410122261839
14.430379746835442,7.8481012658227876,0.002577626006454873
14.430379746835442,8.354430379746837,0.0025726526817502577
14.430379746835442,8.860759493670887,0.0025684878854057482
14.430379746835442,9.367088607594937,0.0025651296802363995
14.430379746835442,9.87341772151899,0.002562576473039764
14.430379746835442,10.37974683544304,0.0025608270293162494
14.430379746835442,10.88607594936709,0.0025598804843510238
14.430379746835442,11.392405063291143,0.0025597363507088265
14.430379746835442,11.898734177215193,0.0025603945221772386
14.430379746835442,12.405063291139243,0.0025618552741776563
14.430379746835442,12.911392405063296,0.0025641192606466064
14.430379746835442,13.417721518987342,0.002567187507373426
14.430379746835442,13.924050632911396,0.002571061401763937
14.430379746835442,14.430379746835442,0.0025757426789837622
14.430379746835442,14.936708860759495,0.0025812334044197282
14.430379746835442,15.443037974683548,0.0025875359523835355
14.430379746835442,15.949367088607595,0.0025946529809688624
14.430379746835442,16.455696202531648,0.002602587402961651
14.430379746835442,16.9620253164557,0.0026113423526937614
14.430379746835442,17.468354430379748,0.0026209211487228557
14.430379746835442,17.9746835443038,0.002631327252216651
14.430379746835442,18.481012658227854,0.002642564220917988
14.430379746835442,18.9873417721519,0.0026546356585688386
14.430379746835442,19.493670886075954,0.0026675451596770627
14.430379746835442,20.0,0.0026812962495196386
14.936708860759495,-20.0,0.004028619845222753
14.936708860759495,-19.49367088607595,0.00399074199001691
14.936708860759495,-18.9873417721519,0.003952554923376038
14.936708860759495,-18.481012658227847,0.003914116983023689
14.936708860759495,-17.974683544303797,0.0038754871094767345
14.936708860759495,-17.468354430379748,0.0038367245173038817
14.936708860759495,-16.962025316455694,0.0037978883725594487
14.936708860759495,-16.455696202531644,0.0037590374800646996
14.936708860759495,-15.949367088607595,0.0037202299839156714
14.936708860759495,-15.443037974683545,0.003681523084248412
14.936708860759495,-14.936708860759493,0.00364297277290158
14.936708860759495,-14.430379746835442,0.0036046335901945272
14.936708860759495,-13.924050632911392,0.003566558404598531
14.936708860759495,-13.417721518987342,0.003528798216631728
14.936708860759495,-12.91139240506329,0.003491401987865729
14.936708860759495,-12.40506329113924,0.0034544164955040042
14.936708860759495,-11.89873417721519,0.0034178862125878572
14.936708860759495,-11.39240506329114,0.0033818532135124115
14.936708860759495,-10.886075949367088,0.0033463571041984575
14.936708860759495,-10.379746835443036,0.003311434975970349
14.936708860759495,-9.873417721518987,0.0032771213819380906
14.936708860759495,-9.367088607594937,0.003243448334474431
14.936708860759495,-8.860759493670885,0.003210445322215114
14.936708860759495,-8.354430379746834,0.0031781393448909604
14.936708860759495,-7.848101265822784,0.003146554964222022
14.936708860759495,-7.341772151898734,0.0031157143690634832
14.936708860759495,-6.835443037974683,0.003085637452986718
14.936708860759495,-6.329113924050631,0.003056341902502876
14.936708860759495,-5.822784810126581,0.0030278432941863633
14.936708860759495,-5.3164556962025316,0.003000155199027265
14.936708860759495,-4.81012658227848,0.0029732892924310096
14.936708860759495,-4.3037974683544284,0.00294725546838618
14.936708860759495,-3.7974683544303787,0.00292206195643381
14.936708860759495,-3.291139240506329,0.0028977154401900783
14.936708860759495,-2.784810126582279,0.002874221176296124
14.936708860759495,-2.278481012658226,0.002851583112790962
14.936708860759495,-1.772151898734176,0.00282980400602398
14.936708860759495,-1.2658227848101262,0.002808885535340239
14.936708860759495,-0.7594936708860729,0.0027888284148832798
14.936708860759495,-0.2531645569620231,0.0027696325019653193
14.936708860759495,0.25316455696202667,0.0027512969015523435
14.936708860759495,0.7594936708860764,0.0027338200665016294
14.936708860759495,1.2658227848101262,0.0027171998932707447
14.936708860759495,1.7721518987341796,0.0027014338128903428
14.936708860759495,2.2784810126582293,0.002686518877058016
14.936708860759495,2.784810126582279,0.0026724518392670944
14.936708860759495,3.2911392405063324,0.002659229230933257
14.936708860759495,3.797468354430382,0.002646847432523092
14.936708860759495,4.303797468354432,0.002635302739723144
14.936708860759495,4.810126582278482,0.002624591424715712
14.936708860759495,5.3164556962025316,0.002614709792649412
14.936708860759495,5.822784810126585,0.0026056542334086845
14.936708860759495,6.329113924050635,0.002597421268797644
14.936708860759495,6.835443037974684,0.0025900075952602943
14.936708860759495,7.341772151898738,0.002583410122261839
14.936708860759495,7.8481012658227876,0.002577626006454873
14.936708860759495,8.354430379746837,0.0025726526817502577
14.936708860759495,8.860759493670887,0.0025684878854057482
14.936708860759495,9.367088607594937,0.0025651296802363995
14.936708860759495,9.87341772151899,0.002562576473039764
14.936708860759495,10.37974683544304,0.0025608270293162494
14.936708860759495,10.88607594936709,0.0025598804843510238
14.936708860759495,11.392405063291143,0.0025597363507088265
14.936708860759495,11.898734177215193,0.0025603945221772386
14.936708860759495,12.405063291139243,0.0025618552741776563
14.936708860759495,12.911392405063296,0.0025641192606466064
14.936708860759495,13.417721518987342,0.002567187507373426
14.936708860759495,13.924050632911396,0.002571061401763937
14.936708860759495,14.430379746835442,0.0025757426789837622
14.936708860759495,14.936708860759495,0.0025812334044197282
14.936708860759495,15.443037974683548,0.0025875359523835355
14.936708860759495,15.949367088607595,0.0025946529809688624
14.936708860759495,16.455696202531648,0.002602587402961651
14.936708860759495,16.9620253164557,0.0026113423526937614
14.936708860759495,17.468354430379748,0.0026209211487228557
14.936708860759495,17.9746835443038,0.002631327252216651
14.936708860759495,18.481012658227854,0.002642564220917988
14.936708860759495,18.9873417721519,0.0026546356585688386
14.936708860759495,19.493670886075954,0.0026675451596770627
14.936708860759495,20.0,0.0026812962495196386
15.443037974683548,-20.0,0.004028619845222753
15.443037974683548,-19.49367088607595,0.00399074199001691
15.443037974683548,-18.9873417721519,0.003952554923376038
15.443037974683548,-18.481012658227847,0.003914116983023689
15.443037974683548,-17.974683544303797,0.0038754871094767345
15.443037974683548,-17.468354430379748,0.0038367245173038817
15.443037974683548,-16.962025316455694,0.0037978883725594487
15.443037974683548,-16.455696202531644,0.0037590374800646996
15.443037974683548,-15.949367088607595,0.0037202299839156714
15.443037974683548,-15.443037974683545,0.003681523084248412
15.443037974683548,-14.936708860759493,0.00364297277290158
15.443037974683548,-14.430379746835442,0.0036046335901945272
15.443037974683548,-13.924050632911392,0.003566558404598531
15.443037974683548,-13.417721518987342,0.003528798216631728
15.443037974683548,-12.91139240506329,0.003491401987865729
15.443037974683548,-12.40506329113924,0.0034544164955040042
15.443037974683548,-11.89873417721519,0.0034178862125878572
15.443037974683548,-11.39240506329114,0.0033818532135124115
15.443037974683548,-10.886075949367088,0.0033463571041984575
15.443037974683548,-10.379746835443036,0.003311434975970349
15.443037974683548,-9.873417721518987,0.0032771213819380906
15.443037974683548,-9.367088607594937,0.003243448334474431
15.443037974683548,-8.860759493670885,0.003210445322215114
15.443037974683548,-8.354430379746834,0.0031781393448909604
15.443037974683548,-7.848101265822784,0.003146554964222022
15.443037974683548,-7.341772151898734,0.0031157143690634832
15.443037974683548,-6.835443037974683,0.003085637452986718
15.443037974683548,-6.329113924050631,0.003056341902502876
15.443037974683548,-5.822784810126581,0.0030278432941863633
15.443037974683548,-5.3164556962025316,0.003000155199027265
15.443037974683548,-4.81012658227848,0.0029732892924310096
15.443037974683548,-4.3037974683544284,0.00294725546838618
15.443037974683548,-3.7974683544303787,0.00292206195643381
15.443037974683548,-3.291139240506329,0.0028977154401900783
15.443037974683548,-2.784810126582279,0.002874221176296124
15.443037974683548,-2.278481012658226,0.002851583112790962
15.443037974683548,-1.772151898734176,0.00282980400602398
15.443037974683548,-1.2658227848101262,0.002808885535340239
15.443037974683548,-0.7594936708860729,0.0027888284148832798
15.443037974683548,-0.2531645569620231,0.0027696325019653193
15.443037974683548,0.25316455696202667,0.0027512969015523435
15.443037974683548,0.7594936708860764,0.0027338200665016294
15.443037974683548,1.2658227848101262,0.0027171998932707447
15.443037974683548,1.7721518987341796,0.0027014338128903428
15.443037974683548,2.2784810126582293,0.002686518877058016
15.443037974683548,2.784810126582279,0.0026724518392670944
15.443037974683548,3.2911392405063324,0.002659229230933257
15.443037974683548,3.797468354430382,0.002646847432523092
15.443037974683548,4.303797468354432,0.002635302739723144
15.443037974683548,4.810126582278482,0.002624591424715712
15.443037974683548,5.3164556962025316,0.002614709792649412
15.443037974683548,5.822784810126585,0.0026056542334086845
15.443037974683548,6.329113924050635,0.002597421268797644
15.443037974683548,6.835443037974684,0.0025900075952602943
15.443037974683548,7.341772151898738,0.002583410122261839
15.443037974683548,7.8481012658227876,0.002577626006454873
15.443037974683548,8.354430379746837,0.0025726526817502577
15.443037974683548,8.860759493670887,0.0025684878854057482
15.443037974683548,9.367088607594937,0.0025651296802363995
15.443037974683548,9.87341772151899,0.002562576473039764
15.443037974683548,10.37974683544304,0.0025608270293162494
15.443037974683548,10.88607594936709,0.0025598804843510238
15.443037974683548,11.392405063291143,0.0025597363507088265
15.443037974683548,11.898734177215193,0.0025603945221772386
15.443037974683548,12.405063291139243,0.0025618552741776563
15.443037974683548,12.911392405063296,0.0025641192606466064
15.443037974683548,13.417721518987342,0.002567187507373426
15.443037974683548,13.924050632911396,0.002571061401763937
15.443037974683548,14.430379746835442,0.0025757426789837622
15.443037974683548,14.936708860759495,0.0025812334044197282
15.443037974683548,15.443037974683548,0.0025875359523835355
15.443037974683548,15.949367088607595,0.0025946529809688624
15.443037974683548,16.455696202531648,0.002602587402961651
15.443037974683548,16.9620253164557,0.0026113423526937614
15.443037974683548,17.468354430379748,0.0026209211487228557
15.443037974683548,17.9746835443038,0.002631327252216651
15.443037974683548,18.481012658227854,0.002642564220917988
15.443037974683548,18.9873417721519,0.0026546356585688386
15.443037974683548,19.493670886075954,0.0026675451596770627
15.443037974683548,20.0,0.0026812962495196386
15.949367088607595,-20.0,0.004028619845222753
15.949367088607595,-19.49367088607595,0.00399074199001691
15.949367088607595,-18.9873417721519,0.003952554923376038
15.949367088607595,-18.481012658227847,0.003914116983023689
15.949367088607595,-17.974683544303797,0.0038754871094767345
15.949367088607595,-17.468354430379748,0.0038367245173038817
15.949367088607595,-16.962025316455694,0.0037978883725594487
15.949367088607595,-16.455696202531644,0.0037590374800646996
15.949367088607595,-15.949367088607595,0.0037202299839156714
15.949367088607595,-15.443037974683545,0.003681523084248412
15.949367088607595,-14.936708860759493,0.00364297277290158
15.949367088607595,-14.430379746835442,0.0036046335901945272
15.949367088607595,-13.924050632911392,0.003566558404598531
15.949367088607595,-13.417721518987342,0.003528798216631728
15.949367088607595,-12.91139240506329,0.003491401987865729
15.949367088607595,-12.40506329113924,0.0034544164955040042
15.949367088607595,-11.89873417721519,0.0034178862125878572
15.949367088607595,-11.39240506329114,0.0033818532135124115
15.949367088607595,-10.886075949367088,0.0033463571041984575
15.949367088607595,-10.379746835443036,0.003311434975970349
15.949367088607595,-9.873417721518987,0.0032771213819380906
15.949367088607595,-9.367088607594937,0.003243448334474431
15.949367088607595,-8.860759493670885,0.003210445322215114
15.949367088607595,-8.354430379746834,0.0031781393448909604
15.949367088607595,-7.848101265822784,0.003146554964222022
15.949367088607595,-7.341772151898734,0.0031157143690634832
15.949367088607595,-6.835443037974683,0.003085637452986718
15.949367088607595,-6.329113924050631,0.003056341902502876
15.949367088607595,-5.822784810126581,0.0030278432941863633
15.949367088607595,-5.3164556962025316,0.003000155199027265
15.949367088607595,-4.81012658227848,0.0029732892924310096
15.949367088607595,-4.3037974683544284,0.00294725546838618
15.949367088607595,-3.7974683544303787,0.00292206195643381
15.949367088607595,-3.291139240506329,0.0028977154401900783
15.949367088607595,-2.784810126582279,0.002874221176296124
15.949367088607595,-2.278481012658226,0.002851583112790962
15.949367088607595,-1.772151898734176,0.00282980400602398
15.949367088607595,-1.2658227848101262,0.002808885535340239
15.949367088607595,-0.7594936708860729,0.0027888284148832798
15.949367088607595,-0.2531645569620231,0.0027696325019653193
15.949367088607595,0.25316455696202667,0.0027512969015523435
15.949367088607595,0.7594936708860764,0.0027338200665016294
15.949367088607595,1.2658227848101262,0.0027171998932707447
15.949367088607595,1.7721518987341796,0.0027014338128903428
15.949367088607595,2.2784810126582293,0.002686518877058016
15.949367088607595,2.784810126582279,0.0026724518392670944
15.949367088607595,3.2911392405063324,0.002659229230933257
15.949367088607595,3.797468354430382,0.002646847432523092
15.949367088607595,4.303797468354432,0.002635302739723144
15.949367088607595,4.810126582278482,0.002624591424715712
15.949367088607595,5.3164556962025316,0.002614709792649412
15.949367088607595,5.822784810126585,0.0026056542334086845
15.949367088607595,6.329113924050635,0.002597421268797644
15.949367088607595,6.835443037974684,0.0025900075952602943
15.949367088607595,7.341772151898738,0.002583410122261839
15.949367088607595,7.8481012658227876,0.002577626006454873
15.949367088607595,8.354430379746837,0.0025726526817502577
15.949367088607595,8.860759493670887,0.0025684878854057482
15.949367088607595,9.367088607594937,0.0025651296802363995
15.949367088607595,9.87341772151899,0.002562576473039764
15.949367088607595,10.37974683544304,0.0025608270293162494
15.949367088607595,10.88607594936709,0.0025598804843510238
15.949367088607595,11.392405063291143,0.0025597363507088265
15.949367088607595,11.898734177215193,0.0025603945221772386
15.949367088607595,12.405063291139243,0.0025618552741776563
15.949367088607595,12.911392405063296,0.0025641192606466064
15.949367088607595,13.417721518987342,0.002567187507373426
15.949367088607595,13.924050632911396,0.002571061401763937
15.949367088607595,14.430379746835442,0.0025757426789837622
15.949367088607595,14.936708860759495,0.0025812334044197282
15.949367088607595,15.443037974683548,0.0025875359523835355
15.949367088607595,15.949367088607595,0.0025946529809688624
15.949367088607595,16.455696202531648,0.002602587402961651
15.949367088607595,16.9620253164557,0.0026113423526937614
15.949367088607595,17.468354430379748,0.0026209211487228557
15.949367088607595,17.9746835443038,0.002631327252216651
15.949367088607595,18.481012658227854,0.002642564220917988
15.949367088607595,18.9873417721519,0.0026546356585688386
15.949367088607595,19.493670886075954,0.0026675451596770627
15.949367088607595,20.0,0.0026812962495196386
16.455696202531648,-20.0,0.004028619845222753
16.455696202531648,-19.49367088607595,0.00399074199001691
16.455696202531648,-18.9873417721519,0.003952554923376038
16.455696202531648,-18.481012658227847,0.003914116983023689
16.455696202531648,-17.974683544303797,0.0038754871094767345
16.455696202531648,-17.468354430379748,0.0038367245173038817
16.455696202531648,-16.962025316455694,0.0037978883725594487
16.455696202531648,-16.455696202531644,0.0037590374800646996
16.455696202531648,-15.949367088607595,0.0037202299839156714
16.455696202531648,-15.443037974683545,0.003681523084248412
16.455696202531648,-14.936708860759493,0.00364297277290158
16.455696202531648,-14.430379746835442,0.0036046335901945272
16.455696202531648,-13.924050632911392,0.003566558404598531
16.455696202531648,-13.417721518987342,0.003528798216631728
16.455696202531648,-12.91139240506329,0.003491401987865729
16.455696202531648,-12.40506329113924,0.0034544164955040042
16.455696202531648,-11.89873417721519,0.0034178862125878572
16.455696202531648,-11.39240506329114,0.0033818532135124115
16.455696202531648,-10.886075949367088,0.0033463571041984575
16.455696202531648,-10.379746835443036,0.003311434975970349
16.455696202531648,-9.873417721518987,0.0032771213819380906
16.455696202531648,-9.367088607594937,0.003243448334474431
16.455696202531648,-8.860759493670885,0.003210445322215114
16.455696202531648,-8.354430379746834,0.0031781393448909604
16.455696202531648,-7.848101265822784,0.003146554964222022
16.455696202531648,-7.341772151898734,0.0031157143690634832
16.455696202531648,-6.835443037974683,0.003085637452986718
16.455696202531648,-6.329113924050631,0.003056341902502876
16.455696202531648,-5.822784810126581,0.0030278432941863633
16.455696202531648,-5.3164556962025316,0.003000155199027265
16.455696202531648,-4.81012658227848,0.0029732892924310096
16.455696202531648,-4.3037974683544284,0.00294725546838618
16.455696202531648,-3.7974683544303787,0.00292206195643381
16.455696202531648,-3.291139240506329,0.0028977154401900783
16.455696202531648,-2.784810126582279,0.002874221176296124
16.455696202531648,-2.278481012658226,0.002851583112790962
16.455696202531648,-1.772151898734176,0.00282980400602398
16.455696202531648,-1.2658227848101262,0.002808885535340239
16.455696202531648,-0.7594936708860729,0.0027888284148832798
16.455696202531648,-0.2531645569620231,0.0027696325019653193
16.455696202531648,0.25316455696202667,0.0027512969015523435
16.455696202531648,0.7594936708860764,0.0027338200665016294
16.455696202531648,1.2658227848101262,0.0027171998932707447
16.455696202531648,1.7721518987341796,0.0027014338128903428
16.455696202531648,2.2784810126582293,0.002686518877058016
16.455696202531648,2.784810126582279,0.0026724518392670944
16.455696202531648,3.2911392405063324,0.002659229230933257
16.455696202531648,3.797468354430382,0.002646847432523092
16.455696202531648,4.303797468354432,0.002635302739723144
16.455696202531648,4.810126582278482,0.002624591424715712
16.455696202531648,5.3164556962025316,0.002614709792649412
16.455696202531648,5.822784810126585,0.0026056542334086845
16.455696202531648,6.329113924050635,0.002597421268797644
16.455696202531648,6.835443037974684,0.0025900075952602943
16.455696202531648,7.341772151898738,0.002583410122261839
16.455696202531648,7.8481012658227876,0.002577626006454873
16.455696202531648,8.354430379746837,0.0025726526817502577
16.455696202531648,8.860759493670887,0.0025684878854057482
16.455696202531648,9.367088607594937,0.0025651296802363995
16.455696202531648,9.87341772151899,0.002562576473039764
16.455696202531648,10.37974683544304,0.0025608270293162494
16.455696202531648,10.88607594936709,0.0025598804843510238
16.455696202531648,11.392405063291143,0.0025597363507088265
16.455696202531648,11.898734177215193,0.0025603945221772386
16.455696202531648,12.405063291139243,0.0025618552741776563
16.455696202531648,12.911392405063296,0.0025641192606466064
16.455696202531648,13.417721518987342,0.002567187507373426
16.455696202531648,13.924050632911396,0.002571061401763937
16.455696202531648,14.430379746835442,0.0025757426789837622
16.455696202531648,14.936708860759495,0.0025812334044197282
16.455696202531648,15.443037974683548,0.0025875359523835355
16.455696202531648,15.949367088607595,0.0025946529809688624
16.455696202531648,16.455696202531648,0.002602587402961651
16.455696202531648,16.9620253164557,0.0026113423526937614
16.455696202531648,17.468354430379748,0.0026209211487228557
16.455696202531648,17.9746835443038,0.002631327252216651
16.455696202531648,18.481012658227854,0.002642564220917988
16.455696202531648,18.9873417721519,0.0026546356585688386
16.455696202531648,19.493670886075954,0.0026675451596770627
16.455696202531648,20.0,0.0026812962495196386
16.9620253164557,-20.0,0.004028619845222753
16.9620253164557,-19.49367088607595,0.00399074199001691
16.9620253164557,-18.9873417721519,0.003952554923376038
16.9620253164557,-18.481012658227847,0.003914116983023689
16.9620253164557,-17.974683544303797,0.0038754871094767345
16.9620253164557,-17.468354430379748,0.0038367245173038817
16.9620253164557,-16.962025316455694,0.0037978883725594487
16.9620253164557,-16.455696202531644,0.0037590374800646996
16.9620253164557,-15.949367088607595,0.0037202299839156714
16.9620253164557,-15.443037974683545,0.003681523084248412
16.9620253164557,-14.936708860759493,0.00364297277290158
16.9620253164557,-14.430379746835442,0.0036046335901945272
16.9620253164557,-13.924050632911392,0.003566558404598531
16.9620253164557,-13.417721518987342,0.003528798216631728
16.9620253164557,-12.91139240506329,0.003491401987865729
16.9620253164557,-12.40506329113924,0.0034544164955040042
16.9620253164557,-11.89873417721519,0.0034178862125878572
16.9620253164557,-11.39240506329114,0.0033818532135124115
16.9620253164557,-10.886075949367088,0.0033463571041984575
16.9620253164557,-10.379746835443036,0.003311434975970349
16.9620253164557,-9.873417721518987,0.0032771213819380906
16.9620253164557,-9.367088607594937,0.003243448334474431
16.9620253164557,-8.860759493670885,0.003210445322215114
16.9620253164557,-8.354430379746834,0.0031781393448909604
16.9620253164557,-7.848101265822784,0.003146554964222022
16.9620253164557,-7.341772151898734,0.0031157143690634832
16.9620253164557,-6.835443037974683,0.003085637452986718
16.9620253164557,-6.329113924050631,0.003056341902502876
16.9620253164557,-5.822784810126581,0.0030278432941863633
16.9620253164557,-5.3164556962025316,0.003000155199027265
16.9620253164557,-4.81012658227848,0.0029732892924310096
16.9620253164557,-4.3037974683544284,0.00294725546838618
16.9620253164557,-3.7974683544303787,0.00292206195643381
16.9620253164557,-3.291139240506329,0.0028977154401900783
16.9620253164557,-2.784810126582279,0.002874221176296124
16.9620253164557,-2.278481012658226,0.002851583112790962
16.9620253164557,-1.772151898734176,0.00282980400602398
16.9620253164557,-1.2658227848101262,0.002808885535340239
16.9620253164557,-0.7594936708860729,0.0027888284148832798
16.9620253164557,-0.2531645569620231,0.0027696325019653193
16.9620253164557,0.25316455696202667,0.0027512969015523435
16.9620253164557,0.7594936708860764,0.0027338200665016294
16.9620253164557,1.2658227848101262,0.0027171998932707447
16.9620253164557,1.7721518987341796,0.0027014338128903428
16.9620253164557,2.2784810126582293,0.002686518877058016
16.9620253164557,2.784810126582279,0.0026724518392670944
16.9620253164557,3.2911392405063324,0.002659229230933257
16.9620253164557,3.797468354430382,0.002646847432523092
16.9620253164557,4.303797468354432,0.002635302739723144
16.9620253164557,4.810126582278482,0.002624591424715712
16.9620253164557,5.3164556962025316,0.002614709792649412
16.9620253164557,5.822784810126585,0.0026056542334086845
16.9620253164557,6.329113924050635,0.002597421268797644
16.9620253164557,6.835443037974684,0.0025900075952602943
16.9620253164557,7.341772151898738,0.002583410122261839
16.9620253164557,7.8481012658227876,0.002577626006454873
16.9620253164557,8.354430379746837,0.0025726526817502577
16.9620253164557,8.860759493670887,0.0025684878854057482
16.9620253164557,9.367088607594937,0.0025651296802363995
16.9620253164557,9.87341772151899,0.002562576473039764
16.9620253164557,10.37974683544304,0.0025608270293162494
16.9620253164557,10.88607594936709,0.0025598804843510238
16.9620253164557,11.392405063291143,0.0025597363507088265
16.9620253164557,11.898734177215193,0.0025603945221772386
16.9620253164557,12.405063291139243,0.0025618552741776563
16.9620253164557,12.911392405063296,0.0025641192606466064
16.9620253164557,13.417721518987342,0.002567187507373426
16.9620253164557,13.924050632911396,0.002571061401763937
16.9620253164557,14.430379746835442,0.0025757426789837622
16.9620253164557,14.936708860759495,0.0025812334044197282
16.9620253164557,15.443037974683548,0.0025875359523835355
16.9620253164557,15.949367088607595,0.0025946529809688624
16.9620253164557,16.455696202531648,0.002602587402961651
16.9620253164557,16.9620253164557,0.0026113423526937614
16.9620253164557,17.468354430379748,0.0026209211487228557
16.9620253164557,17.9746835443038,0.002631327252216651
16.9620253164557,18.481012658227854,0.002642564220917988
16.9620253164557,18.9873417721519,0.0026546356585688386
16.9620253164557,19.493670886075954,0.0026675451596770627
16.9620253164557,20.0,0.0026812962495196386
17.468354430379748,-20.0,0.004028619845222753
17.468354430379748,-19.49367088607595,0.00399074199001691
17.468354430379748,-18.9873417721519,0.003952554923376038
17.468354430379748,-18.481012658227847,0.003914116983023689
17.468354430379748,-17.974683544303797,0.0038754871094767345
17.468354430379748,-17.468354430379748,0.0038367245173038817
17.468354430379748,-16.962025316455694,0.0037978883725594487
17.468354430379748,-16.455696202531644,0.0037590374800646996
17.468354430379748,-15.949367088607595,0.0037202299839156714
17.468354430379748,-15.443037974683545,0.003681523084248412
17.468354430379748,-14.936708860759493,0.00364297277290158
17.468354430379748,-14.430379746835442,0.0036046335901945272
17.468354430379748,-13.924050632911392,0.003566558404598531
17.468354430379748,-13.417721518987342,0.003528798216631728
17.468354430379748,-12.91139240506329,0.003491401987865729
17.468354430379748,-12.40506329113924,0.0034544164955040042
17.468354430379748,-11.89873417721519,0.0034178862125878572
17.468354430379748,-11.39240506329114,0.0033818532135124115
17.468354430379748,-10.886075949367088,0.0033463571041984575
17.468354430379748,-10.379746835443036,0.003311434975970349
17.468354430379748,-9.873417721518987,0.0032771213819380906
17.468354430379748,-9.367088607594937,0.003243448334474431
17.468354430379748,-8.860759493670885,0.003210445322215114
17.468354430379748,-8.354430379746834,0.0031781393448909604
17.468354430379748,-7.848101265822784,0.003146554964222022
17.468354430379748,-7.341772151898734,0.0031157143690634832
17.468354430379748,-6.835443037974683,0.003085637452986718
17.468354430379748,-6.329113924050631,0.003056341902502876
17.468354430379748,-5.822784810126581,0.0030278432941863633
17.468354430379748,-5.3164556962025316,0.003000155199027265
17.468354430379748,-4.81012658227848,0.0029732892924310096
17.468354430379748,-4.3037974683544284,0.00294725546838618
17.468354430379748,-3.7974683544303787,0.00292206195643381
17.468354430379748,-3.291139240506329,0.0028977154401900783
17.468354430379748,-2.784810126582279,0.002874221176296124
17.468354430379748,-2.278481012658226,0.002851583112790962
17.468354430379748,-1.772151898734176,0.00282980400602398
17.468354430379748,-1.2658227848101262,0.002808885535340239
17.468354430379748,-0.7594936708860729,0.0027888284148832798
17.468354430379748,-0.2531645569620231,0.0027696325019653193
17.468354430379748,0.25316455696202667,0.0027512969015523435
17.468354430379748,0.7594936708860764,0.0027338200665016294
17.468354430379748,1.2658227848101262,0.0027171998932707447
17.468354430379748,1.7721518987341796,0.0027014338128903428
17.468354430379748,2.2784810126582293,0.002686518877058016
17.468354430379748,2.784810126582279,0.0026724518392670944
17.468354430379748,3.2911392405063324,0.002659229230933257
17.468354430379748,3.797468354430382,0.002646847432523092
17.468354430379748,4.303797468354432,0.002635302739723144
17.468354430379748,4.810126582278482,0.002624591424715712
17.468354430379748,5.3164556962025316,0.002614709792649412
17.468354430379748,5.822784810126585,0.0026056542334086845
17.468354430379748,6.329113924050635,0.002597421268797644
17.468354430379748,6.835443037974684,0.0025900075952602943
17.468354430379748,7.341772151898738,0.002583410122261839
17.468354430379748,7.8481012658227876,0.002577626006454873
17.468354430379748,8.354430379746837,0.0025726526817502577
17.468354430379748,8.860759493670887,0.0025684878854057482
17.468354430379748,9.367088607594937,0.0025651296802363995
17.468354430379748,9.87341772151899,0.002562576473039764
17.468354430379748,10.37974683544304,0.0025608270293162494
17.468354430379748,10.88607594936709,0.0025598804843510238
17.468354430379748,11.392405063291143,0.0025597363507088265
17.468354430379748,11.898734177215193,0.0025603945221772386
17.468354430379748,12.405063291139243,0.0025618552741776563
17.468354430379748,12.911392405063296,0.0025641192606466064
17.468354430379748,13.417721518987342,0.002567187507373426
17.468354430379748,13.924050632911396,0.002571061401763937
17.468354430379748,14.430379746835442,0.0025757426789837622
17.468354430379748,14.936708860759495,0.0025812334044197282
17.468354430379748,15.443037974683548,0.0025875359523835355
17.468354430379748,15.949367088607595,0.0025946529809688624
17.468354430379748,16.455696202531648,0.002602587402961651
17.468354430379748,16.9620253164557,0.0026113423526937614
17.468354430379748,17.468354430379748,0.0026209211487228557
17.468354430379748,17.9746835443038,0.002631327252216651
17.468354430379748,18.481012658227854,0.002642564220917988
17.468354430379748,18.9873417721519,0.0026546356585688386
17.468354430379748,19.493670886075954,0.0026675451596770627
17.468354430379748,20.0,0.0026812962495196386
17.9746835443038,-20.0,0.004028619845222753
17.9746835443038,-19.49367088607595,0.00399074199001691
17.9746835443038,-18.9873417721519,0.003952554923376038
17.9746835443038,-18.481012658227847,0.003914116983023689
17.9746835443038,-17.974683544303797,0.0038754871094767345
17.9746835443038,-17.468354430379748,0.0038367245173038817
17.9746835443038,-16.962025316455694,0.0037978883725594487
17.9746835443038,-16.455696202531644,0.0037590374800646996
17.9746835443038,-15.949367088607595,0.0037202299839156714
17.9746835443038,-15.443037974683545,0.003681523084248412
17.9746835443038,-14.936708860759493,0.00364297277290158
17.9746835443038,-14.430379746835442,0.0036046335901945272
17.9746835443038,-13.924050632911392,0.003566558404598531
17.9746835443038,-13.417721518987342,0.003528798216631728
17.9746835443038,-12.91139240506329,0.003491401987865729
17.9746835443038,-12.40506329113924,0.0034544164955040042
17.9746835443038,-11.89873417721519,0.0034178862125878572
17.9746835443038,-11.39240506329114,0.0033818532135124115
17.9746835443038,-10.886075949367088,0.0033463571041984575
17.9746835443038,-10.379746835443036,0.003311434975970349
17.9746835443038,-9.873417721518987,0.0032771213819380906
17.9746835443038,-9.367088607594937,0.003243448334474431
17.9746835443038,-8.860759493670885,0.003210445322215114
17.9746835443038,-8.354430379746834,0.0031781393448909604
17.9746835443038,-7.848101265822784,0.003146554964222022
17.9746835443038,-7.341772151898734,0.0031157143690634832
17.9746835443038,-6.835443037974683,0.003085637452986718
17.9746835443038,-6.329113924050631,0.003056341902502876
17.9746835443038,-5.822784810126581,0.0030278432941863633
17.9746835443038,-5.3164556962025316,0.003000155199027265
17.9746835443038,-4.81012658227848,0.0029732892924310096
17.9746835443038,-4.3037974683544284,0.00294725546838618
17.9746835443038,-3.7974683544303787,0.00292206195643381
17.9746835443038,-3.291139240506329,0.0028977154401900783
17.9746835443038,-2.784810126582279,0.002874221176296124
17.9746835443038,-2.278481012658226,0.002851583112790962
17.9746835443038,-1.772151898734176,0.00282980400602398
17.9746835443038,-1.2658227848101262,0.002808885535340239
17.9746835443038,-0.7594936708860729,0.0027888284148832798
17.9746835443038,-0.2531645569620231,0.0027696325019653193
17.9746835443038,0.25316455696202667,0.0027512969015523435
17.9746835443038,0.7594936708860764,0.0027338200665016294
17.9746835443038,1.2658227848101262,0.0027171998932707447
17.9746835443038,1.7721518987341796,0.0027014338128903428
17.9746835443038,2.2784810126582293,0.002686518877058016
17.9746835443038,2.784810126582279,0.0026724518392670944
17.9746835443038,3.2911392405063324,0.002659229230933257
17.9746835443038,3.797468354430382,0.002646847432523092
17.9746835443038,4.303797468354432,0.002635302739723144
17.9746835443038,4.810126582278482,0.002624591424715712
17.9746835443038,5.3164556962025316,0.002614709792649412
17.9746835443038,5.822784810126585,0.0026056542334086845
17.9746835443038,6.329113924050635,0.002597421268797644
17.9746835443038,6.835443037974684,0.0025900075952602943
17.9746835443038,7.341772151898738,0.002583410122261839
17.9746835443038,7.8481012658227876,0.002577626006454873
17.9746835443038,8.354430379746837,0.0025726526817502577
17.9746835443038,8.860759493670887,0.0025684878854057482
17.9746835443038,9.367088607594937,0.0025651296802363995
17.9746835443038,9.87341772151899,0.002562576473039764
17.9746835443038,10.37974683544304,0.0025608270293162494
17.9746835443038,10.88607594936709,0.0025598804843510238
17.9746835443038,11.392405063291143,0.0025597363507088265
17.9746835443038,11.898734177215193,0.0025603945221772386
17.9746835443038,12.405063291139243,0.0025618552741776563
17.9746835443038,12.911392405063296,0.0025641192606466064
17.9746835443038,13.417721518987342,0.002567187507373426
17.9746835443038,13.924050632911396,0.002571061401763937
17.9746835443038,14.430379746835442,0.0025757426789837622
17.9746835443038,14.936708860759495,0.0025812334044197282
17.9746835443038,15.443037974683548,0.0025875359523835355
17.9746835443038,15.949367088607595,0.0025946529809688624
17.9746835443038,16.455696202531648,0.002602587402961651
17.9746835443038,16.9620253164557,0.0026113423526937614
17.9746835443038,17.468354430379748,0.0026209211487228557
17.9746835443038,17.9746835443038,0.002631327252216651
17.9746835443038,18.481012658227854,0.002642564220917988
17.9746835443038,18.9873417721519,0.0026546356585688386
17.9746835443038,19.493670886075954,0.0026675451596770627
17.9746835443038,20.0,0.0026812962495196386
18.481012658227854,-20.0,0.004028619845222753
18.481012658227854,-19.49367088607595,0.00399074199001691
18.481012658227854,-18.9873417721519,0.003952554923376038
18.481012658227854,-18.481012658227847,0.003914116983023689
18.481012658227854,-17.974683544303797,0.0038754871094767345
18.481012658227854,-17.468354430379748,0.0038367245173038817
18.481012658227854,-16.962025316455694,0.0037978883725594487
18.481012658227854,-16.455696202531644,0.0037590374800646996
18.481012658227854,-15.949367088607595,0.0037202299839156714
18.481012658227854,-15.443037974683545,0.003681523084248412
18.481012658227854,-14.936708860759493,0.00364297277290158
18.481012658227854,-14.430379746835442,0.0036046335901945272
18.481012658227854,-13.924050632911392,0.003566558404598531
18.481012658227854,-13.417721518987342,0.003528798216631728
18.481012658227854,-12.91139240506329,0.003491401987865729
18.481012658227854,-12.40506329113924,0.0034544164955040042
18.481012658227854,-11.89873417721519,0.0034178862125878572
18.481012658227854,-11.39240506329114,0.0033818532135124115
18.481012658227854,-10.886075949367088,0.0033463571041984575
18.481012658227854,-10.379746835443036,0.003311434975970349
18.481012658227854,-9.873417721518987,0.0032771213819380906
18.481012658227854,-9.367088607594937,0.003243448334474431
18.481012658227854,-8.860759493670885,0.003210445322215114
18.481012658227854,-8.354430379746834,0.0031781393448909604
18.481012658227854,-7.848101265822784,0.003146554964222022
18.481012658227854,-7.341772151898734,0.0031157143690634832
18.481012658227854,-6.835443037974683,0.003085637452986718
18.481012658227854,-6.329113924050631,0.003056341902502876
18.481012658227854,-5.822784810126581,0.0030278432941863633
18.481012658227854,-5.3164556962025316,0.003000155199027265
18.481012658227854,-4.81012658227848,0.0029732892924310096
18.481012658227854,-4.3037974683544284,0.00294725546838618
18.481012658227854,-3.7974683544303787,0.00292206195643381
18.481012658227854,-3.291139240506329,0.0028977154401900783
18.481012658227854,-2.784810126582279,0.002874221176296124
18.481012658227854,-2.278481012658226,0.002851583112790962
18.481012658227854,-1.772151898734176,0.00282980400602398
18.481012658227854,-1.2658227848101262,0.002808885535340239
18.481012658227854,-0.7594936708860729,0.0027888284148832798
18.481012658227854,-0.2531645569620231,0.0027696325019653193
18.481012658227854,0.25316455696202667,0.0027512969015523435
18.481012658227854,0.7594936708860764,0.0027338200665016294
18.481012658227854,1.2658227848101262,0.0027171998932707447
18.481012658227854,1.7721518987341796,0.0027014338128903428
18.481012658227854,2.2784810126582293,0.002686518877058016
18.481012658227854,2.784810126582279,0.0026724518392670944
18.481012658227854,3.2911392405063324,0.002659229230933257
18.481012658227854,3.797468354430382,0.002646847432523092
18.481012658227854,4.303797468354432,0.002635302739723144
18.481012658227854,4.810126582278482,0.002624591424715712
18.481012658227854,5.3164556962025316,0.002614709792649412
18.481012658227854,5.822784810126585,0.0026056542334086845
18.481012658227854,6.329113924050635,0.002597421268797644
18.481012658227854,6.835443037974684,0.0025900075952602943
18.481012658227854,7.341772151898738,0.002583410122261839
18.481012658227854,7.8481012658227876,0.002577626006454873
18.481012658227854,8.354430379746837,0.0025726526817502577
18.481012658227854,8.860759493670887,0.0025684878854057482
18.481012658227854,9.367088607594937,0.0025651296802363995
18.481012658227854,9.87341772151899,0.002562576473039764
18.481012658227854,10.37974683544304,0.0025608270293162494
18.481012658227854,10.88607594936709,0.0025598804843510238
18.481012658227854,11.392405063291143,0.0025597363507088265
18.481012658227854,11.898734177215193,0.0025603945221772386
18.481012658227854,12.405063291139243,0.0025618552741776563
18.481012658227854,12.911392405063296,0.0025641192606466064
18.481012658227854,13.417721518987342,0.002567187507373426
18.481012658227854,13.924050632911396,0.002571061401763937
18.481012658227854,14.430379746835442,0.0025757426789837622
18.481012658227854,14.936708860759495,0.0025812334044197282
18.481012658227854,15.443037974683548,0.0025875359523835355
18.481012658227854,15.949367088607595,0.0025946529809688624
18.481012658227854,16.455696202531648,0.002602587402961651
18.481012658227854,16.9620253164557,0.0026113423526937614
18.481012658227854,17.468354430379748,0.0026209211487228557
18.481012658227854,17.9746835443038,0.002631327252216651
18.481012658227854,18.481012658227854,0.002642564220917988
18.481012658227854,18.9873417721519,0.0026546356585688386
18.481012658227854,19.493670886075954,0.0026675451596770627
18.481012658227854,20.0,0.0026812962495196386
18.9873417721519,-20.0,0.004028619845222753
18.9873417721519,-19.49367088607595,0.00399074199001691
18.9873417721519,-18.9873417721519,0.003952554923376038
18.9873417721519,-18.481012658227847,0.003914116983023689
18.9873417721519,-17.974683544303797,0.0038754871094767345
18.9873417721519,-17.468354430379748,0.0038367245173038817
18.9873417721519,-16.962025316455694,0.0037978883725594487
18.9873417721519,-16.455696202531644,0.0037590374800646996
18.9873417721519,-15.949367088607595,0.0037202299839156714
18.9873417721519,-15.443037974683545,0.003681523084248412
18.9873417721519,-14.936708860759493,0.00364297277290158
18.9873417721519,-14.430379746835442,0.0036046335901945272
18.9873417721519,-13.924050632911392,0.003566558404598531
18.9873417721519,-13.417721518987342,0.003528798216631728
18.9873417721519,-12.91139240506329,0.003491401987865729
18.9873417721519,-12.40506329113924,0.0034544164955040042
18.9873417721519,-11.89873417721519,0.0034178862125878572
18.9873417721519,-11.39240506329114,0.0033818532135124115
18.9873417721519,-10.886075949367088,0.0033463571041984575
18.9873417721519,-10.379746835443036,0.003311434975970349
18.9873417721519,-9.873417721518987,0.0032771213819380906
18.9873417721519,-9.367088607594937,0.003243448334474431
18.9873417721519,-8.860759493670885,0.003210445322215114
18.9873417721519,-8.354430379746834,0.0031781393448909604
18.9873417721519,-7.848101265822784,0.003146554964222022
18.9873417721519,-7.341772151898734,0.0031157143690634832
18.9873417721519,-6.835443037974683,0.003085637452986718
18.9873417721519,-6.329113924050631,0.003056341902502876
18.9873417721519,-5.822784810126581,0.0030278432941863633
18.9873417721519,-5.3164556962025316,0.003000155199027265
18.9873417721519,-4.81012658227848,0.0029732892924310096
18.9873417721519,-4.3037974683544284,0.00294725546838618
18.9873417721519,-3.7974683544303787,0.00292206195643381
18.9873417721519,-3.291139240506329,0.0028977154401900783
18.9873417721519,-2.784810126582279,0.002874221176296124
18.9873417721519,-2.278481012658226,0.002851583112790962
18.9873417721519,-1.772151898734176,0.00282980400602398
18.9873417721519,-1.2658227848101262,0.002808885535340239
18.9873417721519,-0.7594936708860729,0.0027888284148832798
18.9873417721519,-0.2531645569620231,0.0027696325019653193
18.9873417721519,0.25316455696202667,0.0027512969015523435
18.9873417721519,0.7594936708860764,0.0027338200665016294
18.9873417721519,1.2658227848101262,0.0027171998932707447
18.9873417721519,1.7721518987341796,0.0027014338128903428
18.9873417721519,2.2784810126582293,0.002686518877058016
18.9873417721519,2.784810126582279,0.0026724518392670944
18.9873417721519,3.2911392405063324,0.002659229230933257
18.9873417721519,3.797468354430382,0.002646847432523092
18.9873417721519,4.303797468354432,0.002635302739723144
18.9873417721519,4.810126582278482,0.002624591424715712
18.9873417721519,5.3164556962025316,0.002614709792649412
18.9873417721519,5.822784810126585,0.0026056542334086845
18.9873417721519,6.329113924050635,0.002597421268797644
18.9873417721519,6.835443037974684,0.0025900075952602943
18.9873417721519,7.341772151898738,0.002583410122261839
18.9873417721519,7.8481012658227876,0.002577626006454873
18.9873417721519,8.354430379746837,0.0025726526817502577
18.9873417721519,8.860759493670887,0.0025684878854057482
18.9873417721519,9.367088607594937,0.0025651296802363995
18.9873417721519,9.87341772151899,0.002562576473039764
18.9873417721519,10.37974683544304,0.0025608270293162494
18.9873417721519,10.88607594936709,0.0025598804843510238
18.9873417721519,11.392405063291143,0.0025597363507088265
18.9873417721519,11.898734177215193,0.0025603945221772386
18.9873417721519,12.405063291139243,0.0025618552741776563
18.9873417721519,12.911392405063296,0.0025641192606466064
18.9873417721519,13.417721518987342,0.002567187507373426
18.9873417721519,13.924050632911396,0.002571061401763937
18.9873417721519,14.430379746835442,0.0025757426789837622
18.9873417721519,14.936708860759495,0.0025812334044197282
18.9873417721519,15.443037974683548,0.0025875359523835355
18.9873417721519,15.949367088607595,0.0025946529809688624
18.9873417721519,16.455696202531648,0.002602587402961651
18.9873417721519,16.9620253164557,0.0026113423526937614
18.9873417721519,17.468354430379748,0.0026209211487228557
18.9873417721519,17.9746835443038,0.002631327252216651
18.9873417721519,18.481012658227854,0.002642564220917988
18.9873417721519,18.9873417721519,0.0026546356585688386
18.9873417721519,19.493670886075954,0.0026675451596770627
18.9873417721519,20.0,0.0026812962495196386
19.493670886075954,-20.0,0.004028619845222753
19.493670886075954,-19.49367088607595,0.00399074199001691
19.493670886075954,-18.9873417721519,0.003952554923376038
19.493670886075954,-18.481012658227847,0.003914116983023689
19.493670886075954,-17.974683544303797,0.0038754871094767345
19.493670886075954,-17.468354430379748,0.0038367245173038817
19.493670886075954,-16.962025316455694,0.0037978883725594487
19.493670886075954,-16.455696202531644,0.0037590374800646996
19.493670886075954,-15.949367088607595,0.0037202299839156714
19.493670886075954,-15.443037974683545,0.003681523084248412
19.493670886075954,-14.936708860759493,0.00364297277290158
19.493670886075954,-14.430379746835442,0.0036046335901945272
19.493670886075954,-13.924050632911392,0.003566558404598531
19.493670886075954,-13.417721518987342,0.003528798216631728
19.493670886075954,-12.91139240506329,0.003491401987865729
19.493670886075954,-12.40506329113924,0.0034544164955040042
19.493670886075954,-11.89873417721519,0.0034178862125878572
19.493670886075954,-11.39240506329114,0.0033818532135124115
19.493670886075954,-10.886075949367088,0.0033463571041984575
19.493670886075954,-10.379746835443036,0.003311434975970349
19.493670886075954,-9.873417721518987,0.0032771213819380906
19.493670886075954,-9.367088607594937,0.003243448334474431
19.493670886075954,-8.860759493670885,0.003210445322215114
19.493670886075954,-8.354430379746834,0.0031781393448909604
19.493670886075954,-7.848101265822784,0.003146554964222022
19.493670886075954,-7.341772151898734,0.0031157143690634832
19.493670886075954,-6.835443037974683,0.003085637452986718
19.493670886075954,-6.329113924050631,0.003056341902502876
19.493670886075954,-5.822784810126581,0.0030278432941863633
19.493670886075954,-5.3164556962025316,0.003000155199027265
19.493670886075954,-4.81012658227848,0.0029732892924310096
19.493670886075954,-4.3037974683544284,0.00294725546838618
19.493670886075954,-3.7974683544303787,0.00292206195643381
19.493670886075954,-3.291139240506329,0.0028977154401900783
19.493670886075954,-2.784810126582279,0.002874221176296124
19.493670886075954,-2.278481012658226,0.002851583112790962
19.493670886075954,-1.772151898734176,0.00282980400602398
19.493670886075954,-1.2658227848101262,0.002808885535340239
19.493670886075954,-0.7594936708860729,0.0027888284148832798
19.493670886075954,-0.2531645569620231,0.0027696325019653193
19.493670886075954,0.25316455696202667,0.0027512969015523435
19.493670886075954,0.7594936708860764,0.0027338200665016294
19.493670886075954,1.2658227848101262,0.0027171998932707447
19.493670886075954,1.7721518987341796,0.0027014338128903428
19.493670886075954,2.2784810126582293,0.002686518877058016
19.493670886075954,2.784810126582279,0.0026724518392670944
19.493670886075954,3.2911392405063324,0.002659229230933257
19.493670886075954,3.797468354430382,0.002646847432523092
19.493670886075954,4.303797468354432,0.002635302739723144
19.493670886075954,4.810126582278482,0.002624591424715712
19.493670886075954,5.3164556962025316,0.002614709792649412
19.493670886075954,5.822784810126585,0.0026056542334086845
19.493670886075954,6.329113924050635,0.002597421268797644
19.493670886075954,6.835443037974684,0.0025900075952602943
19.493670886075954,7.341772151898738,0.002583410122261839
19.493670886075954,7.8481012658227876,0.002577626006454873
19.493670886075954,8.354430379746837,0.0025726526817502577
19.493670886075954,8.860759493670887,0.0025684878854057482
19.493670886075954,9.367088607594937,0.0025651296802363995
19.493670886075954,9.87341772151899,0.002562576473039764
19.493670886075954,10.37974683544304,0.0025608270293162494
19.493670886075954,10.88607594936709,0.0025598804843510238
19.493670886075954,11.392405063291143,0.0025597363507088265
19.493670886075954,11.898734177215193,0.0025603945221772386
19.493670886075954,12.405063291139243,0.0025618552741776563
19.493670886075954,12.911392405063296,0.0025641192606466064
19.493670886075954,13.417721518987342,0.002567187507373426
19.493670886075954,13.924050632911396,0.002571061401763937
19.493670886075954,14.430379746835442,0.0025757426789837622
19.493670886075954,14.936708860759495,0.0025812334044197282
19.493670886075954,15.443037974683548,0.0025875359523835355
19.493670886075954,15.949367088607595,0.0025946529809688624
19.493670886075954,16.455696202531648,0.002602587402961651
19.493670886075954,16.9620253164557,0.0026113423526937614
19.493670886075954,17.468354430379748,0.0026209211487228557
19.493670886075954,17.9746835443038,0.002631327252216651
19.493670886075954,18.481012658227854,0.002642564220917988
19.493670886075954,18.9873417721519,0.0026546356585688386
19.493670886075954,19.493670886075954,0.0026675451596770627
19.493670886075954,20.0,0.0026812962495196386
20.0,-20.0,0.004028619845222753
20.0,-19.49367088607595,0.00399074199001691
20.0,-18.9873417721519,0.003952554923376038
20.0,-18.481012658227847,0.003914116983023689
20.0,-17.974683544303797,0.0038754871094767345
20.0,-17.468354430379748,0.0038367245173038817
20.0,-16.962025316455694,0.0037978883725594487
20.0,-16.455696202531644,0.0037590374800646996
20.0,-15.949367088607595,0.0037202299839156714
20.0,-15.443037974683545,0.003681523084248412
20.0,-14.936708860759493,0.00364297277290158
20.0,-14.430379746835442,0.0036046335901945272
20.0,-13.924050632911392,0.003566558404598531
20.0,-13.417721518987342,0.003528798216631728
20.0,-12.91139240506329,0.003491401987865729
20.0,-12.40506329113924,0.0034544164955040042
20.0,-11.89873417721519,0.0034178862125878572
20.0,-11.39240506329114,0.0033818532135124115
20.0,-10.886075949367088,0.0033463571041984575
20.0,-10.379746835443036,0.003311434975970349
20.0,-9.873417721518987,0.0032771213819380906
20.0,-9.367088607594937,0.003243448334474431
20.0,-8.860759493670885,0.003210445322215114
20.0,-8.354430379746834,0.0031781393448909604
20.0,-7.848101265822784,0.003146554964222022
20.0,-7.341772151898734,0.0031157143690634832
20.0,-6.835443037974683,0.003085637452986718
20.0,-6.329113924050631,0.003056341902502876
20.0,-5.822784810126581,0.0030278432941863633
20.0,-5.3164556962025316,0.003000155199027265
20.0,-4.81012658227848,0.0029732892924310096
20.0,-4.3037974683544284,0.00294725546838618
20.0,-3.7974683544303787,0.00292206195643381
20.0,-3.291139240506329,0.0028977154401900783
20.0,-2.784810126582279,0.002874221176296124
20.0,-2.278481012658226,0.002851583112790962
20.0,-1.772151898734176,0.00282980400602398
20.0,-1.2658227848101262,0.002808885535340239
20.0,-0.7594936708860729,0.0027888284148832798
20.0,-0.2531645569620231,0.0027696325019653193
20.0,0.25316455696202667,0.0027512969015523435
20.0,0.7594936708860764,0.0027338200665016294
20.0,1.2658227848101262,0.0027171998932707447
20.0,1.7721518987341796,0.0027014338128903428
20.0,2.2784810126582293,0.002686518877058016
20.0,2.784810126582279,0.0026724518392670944
20.0,3.2911392405063324,0.002659229230933257
20.0,3.797468354430382,0.002646847432523092
20.0,4.303797468354432,0.002635302739723144
20.0,4.810126582278482,0.002624591424715712
20.0,5.3164556962025316,0.002614709792649412
20.0,5.822784810126585,0.0026056542334086845
20.0,6.329113924050635,0.002597421268797644
20.0,6.835443037974684,0.0025900075952602943
20.0,7.341772151898738,0.002583410122261839
20.0,7.8481012658227876,0.002577626006454873
20.0,8.354430379746837,0.0025726526817502577
20.0,8.860759493670887,0.0025684878854057482
20.0,9.367088607594937,0.0025651296802363995
20.0,9.87341772151899,0.002562576473039764
20.0,10.37974683544304,0.0025608270293162494
20.0,10.88607594936709,0.0025598804843510238
20.0,11.392405063291143,0.0025597363507088265
20.0,11.898734177215193,0.0025603945221772386
20.0,12.405063291139243,0.0025618552741776563
20.0,12.911392405063296,0.0025641192606466064
20.0,13.417721518987342,0.002567187507373426
20.0,13.924050632911396,0.002571061401763937
20.0,14.430379746835442,0.0025757426789837622
20.0,14.936708860759495,0.0025812334044197282
20.0,15.443037974683548,0.0025875359523835355
20.0,15.949367088607595,0.0025946529809688624
20.0,16.455696202531648,0.002602587402961651
20.0,16.9620253164557,0.0026113423526937614
20.0,17.468354430379748,0.0026209211487228557
20.0,17.9746835443038,0.002631327252216651
20.0,18.481012658227854,0.002642564220917988
20.0,18.9873417721519,0.0026546356585688386
20.0,19.493670886075954,0.0026675451596770627
20.0,20.0,0.0026812962495196386
