Time,e1,e2,e3,edot1,edot2,edot3,mu1,mu2,mu3,SetAngle1,SetAngle2,SetAngle3,ActualAngle1,ActualAngle2,ActualAngle3,X0,Y0,Z0,Actual_X,Actual_Y,Actual_Z,X_Set,Y_Set,Z_Set,refCurr1,refCurr2,refCurr3,ActualCurr1,ActualCurr2,ActualCurr3
0.0,0.0,0.0,0.0,0.0,0.0,0.0,0.004314471731743383,0.004314471731743383,0.004314471731743383,-0.005686595269523741,-0.005686595269523741,-0.005686595269523741,-0.0054323592152499935,-0.0054323592152499935,-0.0054323592152499935,0.0,0.0,-184.0,0.0,0.0,-184.00077892607328,0.0,-1.433179351732963e-14,-184.0000024755281,-0.2174888837468515,-0.21748888374685163,-0.21748888374685163,-0.006561687849937975,-0.00656168784993798,-0.00656168784993798
0.01,-0.00023698548822006065,-0.00023698548822006073,-0.00023698548822006073,-0.04228391812312464,-0.04228391812312466,-0.04228391812312466,0.004340727271912681,0.004340727271912681,0.004340727271912681,-0.005686595269523741,-0.005686595269523741,-0.005686595269523741,0.010538867421065719,0.010538867421065724,0.010538867421065724,0.0,0.0,-184.0,0.0,-1.4346887080876035e-14,-184.049562260785,0.0,-1.433179351732963e-14,-184.0000024755281,-1.0490139979109445,-1.049013997910945,-1.0490139979109452,-0.03125489204870589,-0.0312548920487059,-0.03125489204870591
0.02,-0.0008653632116843537,-0.0008653632116843539,-0.0008653632116843539,-0.07873363192418655,-0.07873363192418659,-0.07873363192418659,0.004339736707768193,0.004339736707768193,0.004339736707768193,-0.005686595269523741,-0.005686595269523741,-0.005686595269523741,0.048595366142813214,0.048595366142813234,0.048595366142813234,0.0,0.0,-184.0,0.0,-6.04117118684279e-17,-184.1658543659479,0.0,-1.433179351732963e-14,-184.0000024755281,-2.1379220443009257,-2.1379220443009266,-2.137922044300927,-0.06062124559402429,-0.06062124559402433,-0.06062124559402434
0.03,-0.0018235624101556637,-0.001823562410155665,-0.001823562410155665,-0.10880711632390302,-0.10880711632390307,-0.10880711632390307,0.004266500092858589,0.004266500092858589,0.004266500092858589,-0.005686595269523741,-0.005686595269523741,-0.005686595269523741,0.10518114925814968,0.10518114925814975,0.10518114925814975,0.0,0.0,-184.0,0.0,-7.32715869762437e-15,-184.338898931821,0.0,-1.433179351732963e-14,-184.0000024755281,-3.469860224730817,-3.4698602247308195,-3.4698602247308186,-0.09232672784657285,-0.09232672784657293,-0.09232672784657289
0.04,0.004284892781672305,-0.006664478184699898,-0.006664478184699898,-0.13197777973252417,-0.13197777973252423,-0.13197777973252425,0.003861833713547958,0.0029774596569761853,0.0029774596569761853,0.4142868312709749,-0.21306591342523187,-0.21306591342523187,0.17670494432451703,0.176224421725619,0.176224421725619,0.0,1.3888888888888888,-184.0,0.0,0.0010669843453657158,-184.55686822707642,0.0,1.388888929631816,-184.00000247525816,2.9721055920176926,-11.890782205541308,-11.890782205541308,0.11611768422061057,-0.3322989364180345,-0.33229893641803454
0.05,0.0027235589743136697,-0.007950386006479432,-0.007950362082422105,-0.17282917083496055,-0.12660707608200872,-0.12659949451256614,0.004257269401093702,0.00309559475126241,0.0030955976827059493,0.4142868312709749,-0.21306591342523187,-0.21306591342523187,0.26833318279061247,0.24967200353539493,0.24967006620557988,0.0,1.3888888888888888,-184.0,-3.730216462809846e-06,0.04149154375787868,-184.80054496430435,0.0,1.388888929631816,-184.00000247525816,0.6286212170396233,-12.917325677738965,-12.916539374631737,-0.04230844012754452,-0.2591660906899069,-0.25914845349582083
0.06,0.0008256127508234233,-0.009166384040737711,-0.009166081208087972,-0.20232812256707908,-0.11645843560002488,-0.1164062146604522,0.0044520249457488175,0.0029210156911828765,0.0029210493797487726,0.4142868312709749,-0.21306591342523187,-0.21306591342523187,0.37871624470349907,0.3187227132447689,0.31870193695887544,0.0,1.3888888888888888,-184.0,-4.0056994765017013e-05,0.13358379564876371,-185.05466936601763,0.0,1.388888929631816,-184.00000247525816,-1.44072393751527,-15.002115181035846,-14.997918000107305,-0.08589402809184135,-0.29187493700303224,-0.29178196640941756
0.07,-0.0013183812928547166,-0.010245914534229947,-0.010244559697007593,-0.22293131994839918,-0.10022185184267686,-0.10006243649165422,0.004362292538995768,0.002806180478391142,0.002806292496242895,0.4142868312709749,-0.21306591342523187,-0.21306591342523187,0.502686876830749,0.37961606215294197,0.3795284499117305,0.0,1.3888888888888888,-184.0,-0.00016914128918455191,0.27444350918874943,-185.306170004085,0.0,1.388888929631816,-184.00000247525816,-3.6864519428942826,-16.67877114804936,-16.66648539328311,-0.13045158776746632,-0.3156279065244835,-0.31535937865555835
0.08,0.0037734628666110173,-0.014697729071388093,-0.014693826506239837,-0.23405288397996538,-0.079854496154474,-0.07950916922345126,0.004224531612668405,0.002615407810149909,0.0026154612288638093,0.8377436556922286,-0.4169842784555035,-0.4169842784555035,0.635234602767875,0.4293668377430198,0.4291221031127496,0.0,2.7777777777777777,-184.0,-0.0004730673845127874,0.4597548416611179,-185.54362108007805,0.0,2.7777778591786118,-184.00000247444999,1.5767403283853654,-24.331505065040798,-24.304024828950887,0.06108385205702711,-0.525501937446105,-0.5249052743583141
0.09,0.0012659701201715359,-0.01524850692517735,-0.015239697451345333,-0.2613320674261767,-0.03653486815037696,-0.03590937065236384,0.0045005491263504565,0.0026082255875836827,0.0026083183033561476,0.8377436556922286,-0.4169842784555035,-0.4169842784555035,0.7802960533505369,0.45855461145418625,0.45801207021199813,0.0,2.7777777777777777,-184.0,-0.0010498734015788685,0.7194845691686431,-185.75135619468006,0.0,2.7777778591786118,-184.00000247444999,-1.2052165017944994,-24.13886053327521,-24.088197356352083,-0.10004835416053975,-0.42298555569128304,-0.42190753175962903
0.1,-0.0014402793059030347,-0.015400246693386053,-0.015383099568496157,-0.2767104547014722,0.0016475711734226539,0.0026705646998610574,0.004366063883232449,0.002606426112623755,0.0026065933037845673,0.8377436556922286,-0.4169842784555035,-0.4169842784555035,0.9361753658459326,0.46508639757391224,0.46404265004612816,0.0,2.7777777777777777,-184.0,-0.0020216025319195856,1.054675007676792,-185.92284569143138,0.0,2.7777778591786118,-184.00000247444999,-4.1184516064419245,-23.40449268479686,-23.319317998827426,-0.15455127631282387,-0.39980556287011604,-0.39800914356777306
0.11,-0.0042415167293447555,-0.01519688393370176,-0.015166731008319525,-0.2810906263428195,0.03477566923153131,0.036321789835820385,0.0038703091003815552,0.002608368105667669,0.002608691322978751,0.8377436556922286,-0.4169842784555035,-0.4169842784555035,1.0968539639665766,0.45156924931194653,0.44974965389288707,0.0,2.7777777777777777,-184.0,-0.0035268586004791025,1.446106339043055,-186.05683326327687,0.0,2.7777778591786118,-184.00000247444999,-7.869485069665956,-22.18222816677747,-22.048901656059584,-0.2212988542630256,-0.36988421942543964,-0.3670970446607548
0.12,0.00045791162424965726,-0.018193835887460662,-0.01814481151115575,-0.26700158548362657,0.0617689728935453,0.06394952587278241,0.004502521106109545,0.002591193350423806,0.0025913093154622266,1.264637646746067,-0.6174374392463308,-0.6174374392463308,1.253967250881494,0.4211264884483707,0.41818864385686116,0.0,4.166666666666666,-184.0,-0.005697261316214241,1.8680005275747213,-186.1508978724401,0.0,4.166666788627427,-184.00000247310643,-1.851015067251125,-26.51880238381595,-26.32476267539208,0.04535553979009776,-0.5153300368557904,-0.5113590864568396
0.13,-0.002316481343772721,-0.017346455001107323,-0.01727166964093861,-0.2820114990575059,0.10088276939939182,0.10379386415161407,0.004245424715417511,0.002593667080914853,0.002593941733932555,1.264637646746067,-0.6174374392463308,-0.6174374392463308,1.4135550491316244,0.370476238535675,0.3660201338352971,0.0,4.166666666666666,-184.0,-0.00864423973756081,2.3410712377194383,-186.20390931926252,0.0,4.166666788627427,-184.00000247310643,-5.141127397987216,-24.18106850740233,-23.911521140043778,-0.17479952358920905,-0.3852675237006184,-0.37972474254364624
0.14,-0.005148598408689833,-0.016176872002874685,-0.01606861996178064,-0.2819542155939561,0.12858944379413825,0.13230127052760648,0.0033360930573828407,0.0025994519969160484,0.0026001713601624017,1.264637646746067,-0.6174374392463308,-0.6174374392463308,1.5757154280844015,0.30193471663512034,0.2955149115015039,0.0,4.166666666666666,-184.0,-0.012455122145684443,2.8602135970721476,-186.22034194991227,0.0,4.166666788627427,-184.00000247310643,-10.40641208630087,-21.517320396085776,-21.152922657690407,-0.2732888621240005,-0.3324508305899915,-0.3250210503271984
0.15,-0.00786881022906934,-0.014786108208447422,-0.014636147389859962,-0.2630868236183662,0.14614071636988096,0.1506882549724529,0.003119936348170066,0.0026124591341716765,0.0026144194789697113,1.264637646746067,-0.6174374392463308,-0.6174374392463308,1.7304306654827009,0.2213019794652738,0.21244453337240593,0.0,4.166666666666666,-184.0,-0.01718357723621358,3.389788042190825,-186.20205527811433,0.0,4.166666788627427,-184.00000247310643,-14.585137388555887,-18.75003852773506,-18.27391550644942,-0.331794715638837,-0.2814848311119289,-0.2718886310143405
0.16,-0.002839995667497607,-0.016712664456873805,-0.016512732458433953,-0.23375653719177322,0.1537949188645194,0.15914993252863247,0.004148438799659872,0.0025962686620088164,0.0025973047967936614,1.6949213999856334,-0.8144214223418295,-0.8144214223418295,1.871288372214921,0.1341248000035792,0.12235775532760527,0.0,5.555555555555555,-184.0,-0.022823736221840512,3.9028352800347235,-186.1543608470364,0.0,5.555555717965612,-184.0000024712306,-5.199101365316798,-21.98835797015912,-21.40485292326061,0.024464350786389158,-0.41502715671634804,-0.4036605191931855
0.17,-0.0052406471100229605,-0.015062792267562384,-0.014804881105488742,-0.24027138300719764,0.17127513719648416,0.1774181732539159,0.0032570871788466403,0.002608937507609713,0.002611961095498389,1.6949213999856334,-0.8144214223418295,-0.8144214223418295,2.0089074033047796,0.03874274065221734,0.023609377487913058,0.0,5.555555555555555,-184.0,-0.029344142869043195,4.426765254034107,-186.08428094881396,0.0,5.555555717965612,-184.0000024712306,-10.20007508416092,-18.798549278759342,-18.075226917830012,-0.2578106448685754,-0.275974546926469,-0.26163024002225704
0.18,-0.007570732328062529,-0.01331308220176219,-0.012989961121644661,-0.22636920470483113,0.1764117387115753,0.1832194626381997,0.0031536369461589962,0.002639055600453577,0.0026475576516692594,1.6949213999856334,-0.8144214223418295,-0.8144214223418295,2.1415690808446386,-0.06174237418451768,-0.0806491962876567,0.0,5.555555555555555,-184.0,-0.03664663902779227,4.950670910106849,-185.99670075237316,0.0,5.555555717965612,-184.0000024712306,-13.56045902030425,-15.72113636865915,-14.84146830852161,-0.30322718496161627,-0.22343710215819546,-0.20621022368594602
0.19,-0.009723111429874889,-0.011568258674709911,-0.011174227699511987,-0.20425782083095673,0.17146932436339427,0.1787607557345981,0.0028624247418599924,0.0027033730131069975,0.0027248713886387135,1.6949213999856334,-0.8144214223418295,-0.8144214223418295,2.26355404926871,-0.16137580274936522,-0.1843719760156153,0.0,5.555555555555555,-184.0,-0.04455318229901593,5.448404180997082,-185.89887688578193,0.0,5.555555717965612,-184.0000024712306,-17.8035635022399,-12.73775258780118,-11.684118751378309,-0.3703521024694961,-0.17509301489613802,-0.15472432839149616
0.2,-0.00402500657346451,-0.013300365615378944,-0.012831765876357211,-0.1716297315121753,0.15762636548245854,0.16518783368345852,0.003906706555227173,0.002639694053248206,0.00265261894046349,2.128546368772262,-1.0079325314075522,-1.0079325314075522,2.369266978797021,-0.25500865626055275,-0.28229282192088523,0.0,6.944444444444445,-184.0,-0.052836128850496045,5.895953409486003,-185.79676158192848,0.0,6.944444647180646,-184.00000246882576,-6.213132890229114,-16.407253392081312,-15.237880086567909,0.03292523662460172,-0.326319128610136,-0.3045236523033364
0.21,-0.005810025841892129,-0.011715328905740752,-0.011169967530019441,-0.17850629922527672,0.15663461457343808,0.16435531471858827,0.002895950958075327,0.00269655293202538,0.002725752336961802,2.128546368772262,-1.0079325314075522,-1.0079325314075522,2.4716233673242067,-0.345626346313917,-0.37731561237321115,0.0,6.944444444444445,-184.0,-0.061338762251865346,6.3290141556480215,-185.69672214438697,0.0,6.944444647180646,-184.00000246882576,-11.414663813380301,-13.568361832834741,-12.21259316176256,-0.2579105079441619,-0.19474444255392717,-0.16901582303656645
0.22,-0.007550470099986502,-0.010202276026168001,-0.00958011193511471,-0.17027612564351732,0.14578820265485415,0.15340188939542862,0.0031507836981183026,0.00279616972260163,0.0028539700217632335,2.128546368772262,-1.0079325314075522,-1.0079325314075522,2.570855510809606,-0.4316527099800867,-0.46773507993020336,0.0,6.944444444444445,-184.0,-0.069812612148236,6.744611802992522,-185.60257745441282,0.0,6.944444647180646,-184.00000246882576,-12.800477095722266,-11.113107184490874,-9.59795596713272,-0.27555078690827317,-0.1572793531353277,-0.1288747916105674
0.23,-0.009182314326574535,-0.008837097424803668,-0.008140158724857623,-0.1559525027143344,0.12802258007684522,0.13537847482783735,0.002921754571815256,0.002942051190386083,0.0030384939338083177,2.128546368772262,-1.0079325314075522,-1.0079325314075522,2.6634788473291158,-0.5088195805891679,-0.5491711382107907,0.0,6.944444444444445,-184.0,-0.07804423318706338,7.12560076424619,-185.5204088397616,0.0,6.944444647180646,-184.00000246882576,-15.962179284670492,-8.954514309171213,-7.325462413997093,-0.32622111285008015,-0.12677609328014275,-0.09653553572899555
0.24,-0.0029973044446892777,-0.010995916166319007,-0.010226027240202247,-0.13327961330874766,0.1051794941067257,0.11260384477200015,0.004099371476747041,0.0027392024898189255,0.002796189864598301,2.5654628969160207,-1.1979673464295078,-1.1979673464295078,2.7451367646055065,-0.5740377849294059,-0.6185651443941087,0.0,8.333333333333332,-184.0,-0.0860952895921479,7.455610892841849,-185.45292462805276,0.0,8.333333576260197,-184.00000246589542,-4.481668125425701,-13.70919079530748,-11.901220673659344,0.06099940807569756,-0.2996505746840931,-0.26102471459279847
0.25,-0.0044501578959260865,-0.009965023535286829,-0.009125656342318654,-0.15109327946879977,0.09930818355701522,0.10592253741261025,0.0037873447362111188,0.002820174694433638,0.0029083838377028113,2.5654628969160207,-1.1979673464295078,-1.1979673464295078,2.829150272431632,-0.6326448836911132,-0.6811115842457649,0.0,8.333333333333332,-184.0,-0.09369221657874433,7.776307471141929,-185.40149470363679,0.0,8.333333576260197,-184.00000246589542,-6.914823319104857,-11.90957579593118,-9.973035509817944,-0.17216548479319846,-0.18638955742972743,-0.15096350310426174
0.26,-0.005989302409834182,-0.009035508318746758,-0.008134330658846813,-0.15367602004873235,0.08712368092867848,0.0929513646015978,0.0028582431810462248,0.002920943900573964,0.0030443075218771444,2.5654628969160207,-1.1979673464295078,-1.1979673464295078,2.917396731883005,-0.6851804900151889,-0.7371436973136917,0.0,8.333333333333332,-184.0,-0.10043876377803435,8.092980214630867,-185.36695886922433,0.0,8.333333576260197,-184.00000246589542,-11.568104614844044,-10.326010917777262,-8.295987179129009,-0.2530824693288633,-0.16388475424937313,-0.12708422519075208
0.27,-0.007491957704517299,-0.008248324984984373,-0.007292601797770753,-0.14739819483651745,0.07141342025987443,0.07663716964853741,0.003152855696343792,0.00302967797678624,0.0031382030492449683,2.5654628969160207,-1.1979673464295078,-1.1979673464295078,3.0031214089299043,-0.7293667029438277,-0.7844240388326823,0.0,8.333333333333332,-184.0,-0.10641409008249454,8.385543235665752,-185.34795207254803,0.0,8.333333576260197,-184.00000246589542,-12.425126752893428,-9.199928532170633,-7.261115242592203,-0.2642611229578062,-0.1502513793761244,-0.11557474154301164
0.28,-0.0012274612414319985,-0.01088721724151198,-0.009876754667924873,-0.1359315852523882,0.05356175452149147,0.05957451911159501,0.004338096981056345,0.0027487528942861487,0.002831119625066227,3.0056202528953464,-1.3845227226503565,-1.3845227226503565,3.084049347044428,-0.763899839402835,-0.8221197281709481,0.0,9.722222222222221,-184.0,-0.11252965569366147,8.646624735479394,-185.34479301062262,0.0,9.722222505192178,-184.00000246244346,-2.5309955449757067,-14.72834667151274,-12.428909896283256,0.07053662919045603,-0.33393951169372915,-0.28051398615774076
0.29,-0.0027338500784386127,-0.010334260490973865,-0.00927259585262593,-0.15906865495699707,0.05493929191617932,0.05950372763250266,0.004150050055566977,0.002790446235602731,0.0028950301329352295,3.0056202528953464,-1.3845227226503565,-1.3845227226503565,3.171463064500367,-0.7955497139549929,-0.8566330870431839,0.0,9.722222222222221,-184.0,-0.11807499538482387,8.915997727850343,-185.3537554210558,0.0,9.722222505192178,-184.00000246244346,-4.629009040601091,-13.627508501588874,-11.24417106381214,-0.13654478932214106,-0.2309830964293437,-0.1882902883522704
0.3,-0.004397721025621061,-0.009800646727805933,-0.008699986980810018,-0.17106339244433383,0.051636974703888436,0.05500671737246432,0.0038080365160295766,0.0028390677364496415,0.002967144048554241,3.0056202528953464,-1.3845227226503565,-1.3845227226503565,3.2674318073719557,-0.8259179361677643,-0.8891676859096574,0.0,9.722222222222221,-184.0,-0.12228089930899219,9.201413030277092,-185.37366659423435,0.0,9.722222505192178,-184.00000246244346,-7.14777449149718,-12.637984234144131,-10.194583268338047,-0.18389623176710831,-0.21582686016721533,-0.17239654976689045
0.31,-0.006119002761227045,-0.009314837784461207,-0.00818641977087358,-0.17022731616933323,0.045735842912922424,0.0480536197243349,0.0028457377873258496,0.002891264286578126,0.003041495223925804,3.0056202528953464,-1.3845227226503565,-1.3845227226503565,3.3659139331754413,-0.8534016531197031,-0.9181826456959894,0.0,9.722222222222221,-184.0,-0.12526559654397934,9.485819411177223,-185.40236239419633,0.0,9.722222505192178,-184.00000246244346,-12.099554110262973,-11.700704576813557,-9.21442552136434,-0.2679432995437406,-0.20235060651530803,-0.15843098638182682
0.32,-3.3301892822273915e-05,-0.01209463666303346,-0.010947807470142033,-0.16094208432329388,0.03786911757671106,0.039361305189520454,0.004417860233738807,0.0026827463691720824,0.0027452706760526724,3.448966665596679,-1.5675957892444874,-1.5675957892444874,3.460397295324273,-0.8769471989005367,-0.9427378804643122,0.0,11.11111111111111,-184.0,-0.12724565183037667,9.75228953770371,-185.43610787243202,0.0,11.111111433964691,-184.0000024584738,-1.5767461748517084,-17.264562946066707,-14.80732735411343,0.06482224815126808,-0.3815795115802321,-0.3385762927355084
0.33,-0.0017905140445965556,-0.011647005323661027,-0.010488468490572098,-0.18436725685585836,0.04856776575124433,0.04948878335814608,0.004294596662618707,0.002703608364871493,0.0027782677938291023,3.448966665596679,-1.5675957892444874,-1.5675957892444874,3.562211884495121,-0.9030945652820431,-0.9695236950498707,0.0,11.11111111111111,-184.0,-0.12850960124421612,10.04071483792934,-185.47086126282792,0.0,11.111111433964691,-184.0000024584738,-3.7880094885629365,-16.16752398289216,-13.672208173494138,-0.13097979437036625,-0.27802787327465917,-0.23413034408961203
0.34,-0.0037088613267063503,-0.01112904787988293,-0.009963858013326232,-0.19659038194050577,0.053858459271736915,0.0543370940815779,0.003977963573148595,0.00273290512429869,0.0028231825055183924,3.448966665596679,-1.5675957892444874,-1.5675957892444874,3.672773227104376,-0.933052444684514,-0.9998382882665268,0.0,11.11111111111111,-184.0,-0.12922933169569337,10.357000624386917,-185.5050695478861,0.0,11.111111433964691,-184.0000024584738,-6.39336804155133,-15.043179678327702,-12.51220337340325,-0.17957281610900197,-0.258044606491996,-0.21357064282529248
0.35,-0.005692776482406889,-0.010579006045650065,-0.009410704391440462,-0.19726991623150755,0.055398487634781585,0.05559927715310671,0.0029403052257913473,0.0027709449599799506,0.002879685488885015,3.448966665596679,-1.5675957892444874,-1.5675957892444874,3.7863805144394567,-0.9646351195129453,-1.0315843558508548,0.0,11.11111111111111,-184.0,-0.12957482355880834,10.683603563780894,-185.53815143026347,0.0,11.111111433964691,-184.0000024584738,-11.553039752181567,-13.845850952617862,-11.27228628097817,-0.27275907055011595,-0.23778556551973176,-0.19254443686693337
0.36,0.00019346183834265118,-0.013167159588038838,-0.011997521722184577,-0.18509278460920742,0.05351153960074763,0.05361862479390038,0.004438679219835182,0.002644964133273869,0.0026865904559160766,3.895449361510757,-1.7471839477341022,-1.7471839477341022,3.895259391675302,-0.996000442806259,-1.0630266383866724,0.0,12.5,-184.0,-0.12975021432901632,10.998960630007192,-185.56702100674426,0.0,12.500000362566114,-184.0000024539906,-1.6287996952789996,-18.76173480942686,-16.326068313540144,0.0559618507470379,-0.40080361681940174,-0.35985880934010595
0.37,-0.0017927572825978677,-0.01254310659330942,-0.011369477710002681,-0.20616642720305134,0.0676857229966555,0.06829745985637067,0.0043009749001057095,0.0026643348461889813,0.0027179691939282213,3.895449361510757,-1.7471839477341022,-1.7471839477341022,4.01005702737054,-1.0324510102651223,-1.0997327770504775,0.0,12.5,-184.0,-0.13026789379925194,11.338877381430777,-185.58930620032757,0.0,12.500000362566114,-184.0000024539906,-4.058130607894984,-17.303352152629,-14.80656737770973,-0.14333426978734878,-0.29384077526716423,-0.24954641537772346
0.38,-0.00391360649000351,-0.01182125794109961,-0.010638883286994107,-0.21547208924738842,0.07507180368125607,0.07616122037832758,0.0039386013760312295,0.002694113383185895,0.0027653918295800018,3.895449361510757,-1.7471839477341022,-1.7471839477341022,4.132049701318233,-1.0742028268553214,-1.14201304834043,0.0,12.5,-184.0,-0.1313109607040978,11.706809750801119,-185.6054229587924,0.0,12.500000362566114,-184.0000024539906,-6.953179236554388,-15.795785277967742,-13.221111269362343,-0.1961556397446434,-0.26677784310844627,-0.22090154051400085
0.39,-0.00606222333562173,-0.011054168398363179,-0.009858294768173976,-0.21116315248730885,0.07729998660952427,0.07886204111609435,0.0028392371029825163,0.002736667268337865,0.0028316185879815377,3.895449361510757,-1.7471839477341022,-1.7471839477341022,4.254801250119431,-1.1182530395105597,-1.1868637397908914,0.0,12.5,-184.0,-0.13287792688901018,12.081667018605941,-185.6161415170936,0.0,12.500000362566114,-184.0000024539906,-12.801454052804115,-14.201799545716018,-11.525279711066663,-0.29593632425807836,-0.23975390300741564,-0.19189586690653612
0.4,-0.00024593120497053145,-0.013364819367069947,-0.012150740361607942,-0.19600514965698926,0.07479648313097151,0.07682964525337274,0.00443247419522739,0.0026394208765021573,0.0026793090572564474,4.3450146033180586,-1.9232848701482805,-1.9232848701482805,4.370616625042372,-1.1619827487610028,-1.2316683511122646,0.0,13.88888888888889,-184.0,-0.1349722334356578,12.440270441715876,-185.620445711903,0.0,13.888889290984979,-184.00000244899834,-2.2421818612030076,-18.60635335594323,-16.02514191917295,0.04756526249976909,-0.3921417357653334,-0.34780964589279556
0.41,-0.00232666611454857,-0.012539892487031412,-0.011300268372027095,-0.21427187271347672,0.08669992196050344,0.08962485672753497,0.004228097206857791,0.0026640175276796654,0.002721141276453864,4.3450146033180586,-1.9232848701482805,-1.9232848701482805,4.490659409266878,-1.2098101731623307,-1.2810073256027812,0.0,13.88888888888889,-184.0,-0.13790895033921505,12.817637012728136,-185.61823129389884,0.0,13.888889290984979,-184.00000244899834,-4.839541124496082,-16.863405102511617,-14.159551450194343,-0.16046974227532715,-0.28317603925486307,-0.23418660812613795
0.42,-0.004510360508167735,-0.01164377669615654,-0.010371048615734735,-0.22016189288980037,0.09110246045331662,0.09470047299209422,0.0037737043030421098,0.0027023567296709707,0.002785206573672252,4.3450146033180586,-1.9232848701482805,-1.9232848701482805,4.616051280730027,-1.261372168935709,-1.334503551282213,0.0,13.88888888888889,-184.0,-0.14166222797032124,13.215539991016415,-185.61117458891468,0.0,13.888889290984979,-184.00000244899834,-8.070677134827646,-15.115281524501555,-12.27185477507624,-0.21886809841640392,-0.2529169337309177,-0.2012339322641303
0.43,-0.006672269558958818,-0.010735388140785142,-0.009423795363856582,-0.21008200827507306,0.08981144134153513,0.09391105141036,0.00297029239844516,0.002757679348909509,0.002875265277784031,4.3450146033180586,-1.9232848701482805,-1.9232848701482805,4.7392583439110405,-1.3133142479181532,-1.3887003009116203,0.0,13.88888888888889,-184.0,-0.1460338821737878,13.609527180763768,-185.60019908958026,0.0,13.888889290984979,-184.00000244899834,-13.160831925152667,-13.375727808562711,-10.385278620851851,-0.2966016546832203,-0.22473591350341376,-0.170360904490426
0.44,-0.0007856067360136332,-0.012880852608929603,-0.011526080061289731,-0.19274780732485594,0.08349628103864035,0.08798200259290068,0.004398648732942903,0.0026527718535215017,0.002708608454434506,4.7976077297920146,-2.0958964969277063,-2.0958964969277063,4.853944655274364,-1.3627978204449067,-1.4406830952104708,0.0,15.277777777777777,-184.0,-0.15087677313297065,13.979011964133287,-185.58628333665212,0.0,15.277778219210072,-184.00000244350161,-2.8222532394694486,-17.5984325647405,-14.637973369883463,0.04650517803930141,-0.37440073658541156,-0.3220304092306945
0.45,-0.002825899646215352,-0.011991385390753801,-0.010588247445472591,-0.20943198589732112,0.09134420051793159,0.09640106137803997,0.00414578682542331,0.0026857787175635904,0.00276814300481961,4.7976077297920146,-2.0958964969277063,-2.0958964969277063,4.971568869544287,-1.414092323433967,-1.4947781519755428,0.0,15.277777777777777,-184.0,-0.15630210279907394,14.359294976392128,-185.5697881727487,0.0,15.277778219210072,-184.00000244350161,-5.464626075814757,-15.82042973917778,-12.69431400850897,-0.17118940220370576,-0.26663509333923946,-0.20933718808852017
0.46,-0.00495080656619816,-0.011070221778369967,-0.009614814661655185,-0.2133021642296523,0.09189954732757638,0.09722989430781286,0.003511171512657665,0.0027350204473470374,0.002854652214209571,4.7976077297920146,-2.0958964969277063,-2.0958964969277063,5.093465464664859,-1.4668707111067272,-1.5505656798071288,0.0,15.277777777777777,-184.0,-0.16213170161116858,14.752669374725613,-185.5526112364631,0.0,15.277778219210072,-184.00000244350161,-9.167248886432942,-14.07983429228207,-10.786705225307971,-0.2396890223557767,-0.23756103991740662,-0.17720828401561506
0.47,-0.0070255510667710935,-0.010173348129315182,-0.008664048199366298,-0.20104957332661225,0.0871349862692985,0.09255335140242013,0.0031051845328401865,0.0028022452225821195,0.0029683384346405207,4.7976077297920146,-2.0958964969277063,-2.0958964969277063,5.211580846570941,-1.5179567160774552,-1.6047438712856485,0.0,15.277777777777777,-184.0,-0.16812175303734925,15.13386298309209,-185.53511236878347,0.0,15.277778219210072,-184.00000244350161,-12.984257102244698,-12.460480474330517,-9.031167183931423,-0.29282730439354604,-0.21252260657693406,-0.14982080439356144
0.48,-0.0009933850291658913,-0.01230126272956886,-0.010737604909511225,-0.18286559948754857,0.07789154199518325,0.08334770222692699,0.004377817014832521,0.0026731680587957756,0.0027578356965206304,5.253173196945098,-2.2650170345774976,-2.2650170345774976,5.320852901762637,-1.5647891098872349,-1.6546938713650063,0.0,16.666666666666664,-184.0,-0.17416125640360497,15.485856154769015,-185.51891032375323,0.0,16.66666714723052,-184.00000243750526,-2.9718618256742317,-16.75544636806257,-13.303483809280154,0.049366941014870366,-0.36380239113461965,-0.3012920584056582
0.49,-0.0029357068264767167,-0.011481803195926937,-0.009863303466537101,-0.1996792026245526,0.0833095730685371,0.08877056800364354,0.004124613885948537,0.0027111623921191154,0.002830470559226669,5.253173196945098,-2.2650170345774976,-2.2650170345774976,5.432868157569315,-1.6119376920424964,-1.704982998501302,0.0,16.666666666666664,-184.0,-0.18024654818024574,15.844823706658815,-185.503608212564,0.0,16.66666714723052,-184.00000243750526,-5.524765699614739,-15.133856563281558,-11.52053577828832,-0.17078656852480995,-0.25987571669548215,-0.19365554525663525
0.5,-0.004964680831706897,-0.010651075740581044,-0.008979012624903412,-0.2038843007097283,0.08213774126623022,0.08738631923178594,0.0035001750742183826,0.0027641886601227905,0.0029279086248911266,5.253173196945098,-2.2650170345774976,-2.2650170345774976,5.549289454349836,-1.6594396169720387,-1.7555409069761194,0.0,16.666666666666664,-184.0,-0.18617095800951292,16.214586090326453,-185.49058344094033,0.0,16.66666714723052,-184.00000243750526,-9.104445645358993,-13.575703191941425,-9.818189175469083,-0.23714895433999897,-0.23440347335043496,-0.16565632223089521
0.51,-0.006949590055274679,-0.009857923625927485,-0.008134951951454174,-0.19239327761163763,0.07637363864687552,0.08133556295577807,0.0030811161451164606,0.002831821046159291,0.0030455391600320326,5.253173196945098,-2.2650170345774976,-2.2650170345774976,5.662301949741319,-1.7045297479732886,-1.803531523033755,0.0,16.666666666666664,-184.0,-0.19179601361783513,16.571343294807846,-185.47961799328723,0.0,16.66666714723052,-184.00000243750526,-12.85565279029329,-12.153486338914863,-8.29609920734437,-0.2894069457796388,-0.21298485269325096,-0.1426188525981594
0.52,-0.0007861525027542948,-0.012034593950438866,-0.010263073285062221,-0.17546717751551444,0.06685431250067751,0.07168188610233585,0.004390543433440865,0.002684570247103768,0.0027954644775122625,5.711654620339391,-2.4306449530710497,-2.4306449530710497,5.767040475258921,-1.7450617638055728,-1.846836306410886,0.0,18.055555555555554,-184.0,-0.19717570845409374,16.899489038005566,-185.47158910402914,0.0,18.055556075035568,-184.00000243101414,-2.6930700331686843,-16.573405262380245,-12.676739473947697,0.052654693437580107,-0.36538759492646666,-0.29340505217547297
0.53,-0.0026602758036348984,-0.011325406858787898,-0.009507511152048738,-0.19341270431197372,0.07239783982594908,0.07687268083098464,0.004170160816624762,0.002720346631398098,0.0028674897257838835,5.711654620339391,-2.4306449530710497,-2.4306449530710497,5.875217315958024,-1.7859039832020742,-1.8903157797153574,0.0,18.055555555555554,-184.0,-0.20229561478709682,17.236093123898794,-185.4652567754094,0.0,18.055556075035568,-184.00000243101414,-5.116611404488209,-15.136101045796556,-11.108838472595279,-0.16335868877170054,-0.2655808101353367,-0.19203445227075727
0.54,-0.004635071382406139,-0.010600272678598262,-0.008739989602625883,-0.19933842156330378,0.07194715202374802,0.0759867414553627,0.0037155831156310652,0.0027684940558111966,0.0029597713634311714,5.711654620339391,-2.4306449530710497,-2.4306449530710497,5.988644933754078,-1.8274002207977953,-1.9342155090089284,0.0,18.055555555555554,-184.0,-0.2069665370996747,17.585971361683107,-185.4613850534481,0.0,18.055556075035568,-184.00000243101414,-8.153638136382071,-13.761082126957119,-9.626211794993656,-0.2187199793188355,-0.24305677781303753,-0.16767146893579915
0.55,-0.006592589204667279,-0.009902741453353313,-0.008004376326818143,-0.19021050324216213,0.06739056879500961,0.07102448113134383,0.0029417466388878067,0.0028281187490244346,0.003066445625281778,5.711654620339391,-2.4306449530710497,-2.4306449530710497,6.100200485577582,-1.8670832969695184,-1.9760579199081556,0.0,18.055555555555554,-184.0,-0.2111670749776416,17.927592832472456,-185.45973305250985,0.0,18.055556075035568,-184.00000243101414,-12.90792211832865,-12.453138415518085,-8.237341954358454,-0.29161531633334176,-0.22310575074353514,-0.14641942870315597
0.56,-0.0003635726647512466,-0.012099857062219221,-0.010166377577896166,-0.17484251342640816,0.059444672409659415,0.06293457347420639,0.0044149950612659625,0.002681938222227303,0.0028043000122726413,6.172994818480228,-2.5927789830078436,-2.5927789830078436,6.204133140316077,-1.9030381412780177,-2.0140155934949493,0.0,19.444444444444443,-184.0,-0.2150657635262656,18.243823050539103,-185.45995547976995,0.0,19.4444450026149,-184.00000242403354,-2.2715430838858075,-16.885757843726815,-12.669963417173987,0.05356823593371448,-0.3736040604125965,-0.2958678283012907
0.57,-0.002236360992133077,-0.011457141020478775,-0.009490445804932107,-0.19378279421270903,0.06642920349169384,0.0696179435880081,0.004236433780482439,0.002713121050386556,0.002869876964482234,6.172994818480228,-2.5927789830078436,-2.5927789830078436,6.31229704226898,-1.9401572436548278,-2.053021446198069,0.0,19.444444444444443,-184.0,-0.21874137822405307,18.57214875823652,-185.46053474209,0.0,19.4444450026149,-184.00000242403354,-4.622559264475514,-15.537672769979036,-11.215298598750843,-0.15637404891171902,-0.2765376252935382,-0.19769283086953132
0.58,-0.004221942317112731,-0.010782821044285872,-0.00878602616617729,-0.20106729242719634,0.06760791514826892,0.0704725022288008,0.003863972371351416,0.002755370720576208,0.002954201812964529,6.172994818480228,-2.5927789830078436,-2.5927789830078436,6.426425572586331,-1.9788359911304165,-2.0934062725061136,0.0,19.444444444444443,-184.0,-0.22206955980762264,18.91734137841481,-185.46196559962542,0.0,19.4444450026149,-184.00000242403354,-7.424319161634532,-14.229253725698127,-9.817773616234996,-0.20710756668208463,-0.2546839744398995,-0.1742701331482728
0.59,-0.006214058515432164,-0.01011941296458739,-0.008095505614644852,-0.19462909928849276,0.06473741363113168,0.06734144736606118,0.0028453470138615116,0.0028083359170748513,0.0030530785008665608,6.172994818480228,-2.5927789830078436,-2.5927789830078436,6.540098612515504,-2.0166605532851194,-2.132770075426125,0.0,19.444444444444443,-184.0,-0.2250762858907874,19.259622760646547,-185.46454682985936,0.0,19.4444450026149,-184.00000242403354,-12.873902299909288,-12.93249173362349,-8.437820308222609,-0.2972373021734616,-0.23427517024843547,-0.15240440348837023
0.6,2.1572250091014822e-05,-0.012272981157953,-0.010223533807191744,-0.17949162153792378,0.05842753083205279,0.0610008780823156,0.004431415874601475,0.0026747827102547505,0.0027994541478246412,6.637135857208807,-2.7514181125285178,-2.7514181125285178,6.64647086309564,-2.0517042871780506,-2.169276357188397,0.0,20.833333333333332,-184.0,-0.22793383562374228,19.579273152800482,-185.46718421906635,0.0,20.833333929958233,-184.00000241656872,-1.9699166860273825,-17.235777842946923,-12.795087543085193,0.051889369300027056,-0.3802501564631837,-0.2992419748470499
0.61,-0.0018988399279344231,-0.011634637684398638,-0.009559395576910913,-0.19870017997286682,0.06647782436128663,0.06905276279674549,0.004284953841900003,0.0027036534192497125,0.0028625371877680087,6.637135857208807,-2.7514181125285178,-2.7514181125285178,6.7573833246671695,-2.088635281931058,-2.207685212611762,0.0,20.833333333333332,-184.0,-0.23082126925898325,19.913342218229097,-185.46852672938064,0.0,20.833333929958233,-184.00000241656872,-4.319488522714981,-15.87847036745842,-11.334114617770169,-0.15395292160982893,-0.284677629339196,-0.20150825254026036
0.62,-0.003935648456388843,-0.010954371112398366,-0.008853642800372312,-0.20636999311664928,0.0686267787373614,0.07115174072066927,0.003932320382813578,0.0027435536288557332,0.002945313364936375,6.637135857208807,-2.7514181125285178,-2.7514181125285178,6.8744698071014785,-2.127709462907531,-2.2482167317118407,0.0,20.833333333333332,-184.0,-0.23367014615298493,20.266117187421813,-185.4692306321975,0.0,20.833333929958233,-184.00000241656872,-7.086901101451208,-14.546737755071304,-9.910204453738839,-0.20406399988083285,-0.26214869912142313,-0.17726377272249624
0.63,-0.005987525953241604,-0.010276211616164994,-0.008150374163503775,-0.20121452689061725,0.0665582339515698,0.06907149792892675,0.0028486467755387077,0.0027946485137717476,0.003044600029305391,6.637135857208807,-2.7514181125285178,-2.7514181125285178,6.991634176298966,-2.16642410199093,-2.2883699138777467,0.0,20.833333333333332,-184.0,-0.23648363541600712,20.618375101025777,-185.4701919124241,0.0,20.833333929958233,-184.00000241656872,-12.681005365897343,-13.210636807111538,-8.478870494096098,-0.2999656907933689,-0.24075351047756044,-0.15408472118275332
0.64,0.00023507194930237618,-0.012347070005432163,-0.010195408003749233,-0.18541859614863507,0.06085133395739418,0.06354204145926722,0.004439504783093507,0.002671800741166839,0.0028017343410182225,7.104019095007103,-2.9065615839906056,-2.9065615839906056,7.1014578009427565,-2.2027401486174853,-2.3261770676955313,0.0,22.22222222222222,-184.0,-0.23939739667835394,20.94879390013951,-185.47028054342238,0.0,22.222222857055737,-184.0000024086252,-1.8739159813231505,-17.33078016569764,-12.665123062175207,0.04909903258043071,-0.381741828410863,-0.296446582676029
0.65,-0.0017425157825995963,-0.011684653612364454,-0.009504734951596816,-0.2042563844542493,0.06887672898366143,0.07179221735013203,0.00430676270275828,0.0027010227501402043,0.0028681711951148957,7.104019095007103,-2.9065615839906056,-2.9065615839906056,7.215626019721963,-2.2410501015010618,-2.3661181707323826,0.0,22.22222222222222,-184.0,-0.24258219256227576,21.29350543774312,-185.46839670331104,0.0,22.222222857055737,-184.0000024086252,-4.255024733567464,-15.93589917397518,-11.152797192125051,-0.15577071511533802,-0.2873488804718228,-0.1992382587647901
0.66,-0.0038327086764818885,-0.010980991941403201,-0.008771198818314216,-0.21152167660997356,0.07089897634280803,0.07393660194275549,0.003955092794012063,0.0027416925620391197,0.0029558292910371207,7.104019095007103,-2.9065615839906056,-2.9065615839906056,7.335747714986018,-2.2814567545126914,-2.4082432042896063,0.0,22.22222222222222,-184.0,-0.2459370776131986,21.656421284918984,-185.46551732941174,0.0,22.222222857055737,-184.0000024086252,-7.050124135645409,-14.569214333312967,-9.680177092038546,-0.2062270390536559,-0.26427107726454,-0.17415322929859225
0.67,-0.005934512354048765,-0.01028134854839794,-0.008040555168913187,-0.20609984933371767,0.06859007292506132,0.07175070901954451,0.002856653531029996,0.002794099663155981,0.003060891142287997,7.104019095007103,-2.9065615839906056,-2.9065615839906056,7.455755558178233,-2.32138798338077,-2.449958083613525,0.0,22.22222222222222,-184.0,-0.249419660287733,22.01822348876276,-185.46288802349497,0.0,22.222222857055737,-184.0000024086252,-12.70545685855964,-13.203883363677708,-8.206733125855317,-0.30386248272149036,-0.24243692633847644,-0.15026585729203734
0.68,0.0002908753590943336,-0.012272616792537702,-0.00999875751031147,-0.18945493158922014,0.06255406967815975,0.06604931165570736,0.004443126140553086,0.002674693041456257,0.002819193168417955,7.573585229126211,-3.0582088904082383,-3.0582088904082383,7.568055203043427,-2.358745039066147,-2.4892285542667008,0.0,23.61111111111111,-184.0,-0.2531523373839388,22.35703717719402,-185.45955096380177,0.0,23.61111178389777,-184.0000024002087,-1.9188933225337066,-17.184207725294225,-12.225893090095207,0.046462606034526586,-0.37970389077692435,-0.28765693416710847
0.69,-0.001723805628589009,-0.01159744942570999,-0.009287482475540967,-0.20768064431220257,0.06982619251674269,0.07351789630159762,0.004310160010013557,0.002705469718170553,0.002892185757728415,7.573585229126211,-3.0582088904082383,-3.0582088904082383,7.684312607574008,-2.3977441346526476,-2.530307717192079,0.0,23.61111111111111,-184.0,-0.2572081665417689,22.708556049397675,-185.4546009956958,0.0,23.61111178389777,-184.0000024002087,-4.325754743096466,-15.783350412355423,-10.69356909100073,-0.15926248769774376,-0.286920201771916,-0.19255011736097283
0.7,-0.0038445682262250314,-0.010888170463870125,-0.008540769758356187,-0.2142687903063751,0.0711503280833027,0.07492517195399054,0.003953072143747081,0.002747894822603565,0.00298706470144597,7.573585229126211,-3.0582088904082383,-3.0582088904082383,7.806146649201718,-2.4384329078075444,-2.5731456787598392,0.0,23.61111111111111,-184.0,-0.2613996979439506,23.076573875665222,-185.44918120632954,0.0,23.61111178389777,-184.0000024002087,-7.1510499641924765,-14.421104067257163,-9.217386933739347,-0.2100506652454573,-0.2641269838459009,-0.16762115167904465
0.71,-0.005969359265965507,-0.01018957263769283,-0.0078040203818192586,-0.20797772665153247,0.06820624119512853,0.07206839466680232,0.002850018076048299,0.002801965989590747,0.003095961306273252,7.573585229126211,-3.0582088904082383,-3.0582088904082383,7.927421357656752,-2.4782683007270694,-2.6151726555906816,0.0,23.61111111111111,-184.0,-0.26567527842390626,23.441670225234134,-185.44457588511355,0.0,23.61111178389777,-184.0000024002087,-12.86571281366417,-13.071795048884928,-7.763774740441367,-0.3080567442228522,-0.2427660639038532,-0.14431548791399956
0.72,0.00028652950402457966,-0.012126719920829448,-0.009700597704797816,-0.19066436030860534,0.06162909899614478,0.06598286234080207,0.004443970672694283,0.0026807318755605685,0.002848107225035551,8.04577434244763,-3.206359771659947,-3.206359771659947,8.040561166904684,-2.5151960659153607,-2.6544490622281423,0.0,25.0,-184.0,-0.27025452057047683,23.782138017640474,-185.43985071818716,0.0,25.0000007104751,-184.0000023913248,-1.9844879628259346,-16.974935655438586,-11.654836074665862,0.044853493203106914,-0.3776110284378425,-0.27610838785248987
0.73,-0.0017377504861194326,-0.011465233768895439,-0.008995984062290609,-0.20841843749688485,0.06814070804586855,0.07244218198036236,0.004308638749141113,0.0027126139270097042,0.002927131116648213,8.04577434244763,-3.206359771659947,-3.206359771659947,8.15734017170142,-2.553370157906756,-2.6950937603255123,0.0,25.0,-184.0,-0.27507110409527574,24.133741099616586,-185.43415440597735,0.0,25.0000007104751,-184.0000023913248,-4.393331598524738,-15.612240076270645,-10.158143067134606,-0.16190936818403412,-0.2869681152239501,-0.1853731827390156
0.74,-0.003863218646743577,-0.010776052941652584,-0.008264327931212567,-0.21452240143839327,0.06890244053468442,0.07309992469612493,0.003949184605552421,0.0027557889309812083,0.0030271183438569703,8.04577434244763,-3.206359771659947,-3.206359771659947,8.279416142192913,-2.5928762149832356,-2.73702734134347,0.0,25.0,-184.0,-0.2798066062482819,24.500387630560784,-185.428629981963,0.0,25.0000007104751,-184.0000023913248,-7.219812655877344,-14.295800251324433,-8.732912322025886,-0.21258111751196523,-0.26511680817328726,-0.16152417859230447
0.75,-0.005987676033370248,-0.010102153960268312,-0.007548816141187416,-0.20769574792276108,0.06558348160435827,0.06974973643595314,0.0028473264321752035,0.002809823095634957,0.0031276936598178696,8.04577434244763,-3.206359771659947,-3.206359771659947,8.400641449784482,-2.6312760883955186,-2.777811278350543,0.0,25.0,-184.0,-0.2844602661795796,24.86286636109062,-185.42442929564479,0.0,25.0000007104751,-184.0000023913248,-12.932864718350293,-12.998903794942366,-7.3704644808203295,-0.31015609338340605,-0.24475726537247894,-0.1400118751298712
0.76,0.0003176241890652798,-0.012005668989339378,-0.009407728563815339,-0.19003479519856997,0.058822980635188156,0.06376591349943529,0.004443828727563892,0.0026860786882150897,0.002879387812300868,8.52052595098531,-3.351014210467858,-3.351014210467858,8.51349473689584,-2.6666215644258764,-2.815747162504555,0.0,26.38888888888889,-184.0,-0.2895136173663154,25.19992073427784,-185.42041601254365,0.0,26.388889636778583,-184.00000238197964,-1.9834388302222514,-16.853644355028155,-11.138879324099626,0.0442901595640788,-0.377596309694989,-0.2648778611883257
0.77,-0.0016994678500547589,-0.011374406002153087,-0.008729689068659584,-0.2076246488353961,0.06499415555043966,0.06953664690211073,0.0043131700628883584,0.002717811370696245,0.0029617638730130534,8.52052595098531,-3.351014210467858,-3.351014210467858,8.629852055442502,-2.7030472179536496,-2.8548366769310505,0.0,26.38888888888889,-184.0,-0.29471068368793474,25.54743074714402,-185.41571378534852,0.0,26.388889636778583,-184.00000238197964,-4.373118734087693,-15.54980618863201,-9.709038792930457,-0.16260041150927146,-0.2892856400510273,-0.18015006220568772
0.78,-0.0038163626901283054,-0.010717449078442222,-0.008029177968900243,-0.21362727922892588,0.06564835153680972,0.06985425347113763,0.003958865193814502,0.002760145184891736,0.0030628304638592877,8.52052595098531,-3.351014210467858,-3.351014210467858,8.751431571809828,-2.7407019743333154,-2.8949678288484972,0.0,26.38888888888889,-184.0,-0.2995468949249824,25.909489823042836,-185.41144959536425,0.0,26.388889636778583,-184.00000238197964,-7.168142684347664,-14.292581580045358,-8.358205701586558,-0.21268618472544695,-0.2684670443491153,-0.15765947799908892
0.79,-0.005932581385050262,-0.010075768547223425,-0.007346573668169078,-0.20700708511574634,0.06241560867129586,0.06648750060479444,0.0028568578448576057,0.0028123859879691133,0.0031393550209033467,8.52052595098531,-3.351014210467858,-3.351014210467858,8.872196924220825,-2.7772618521264527,-2.9338680369409675,0.0,26.38888888888889,-184.0,-0.30412179941380235,26.26742222316065,-185.4086681513602,0.0,26.388889636778583,-184.00000238197964,-12.820319877909292,-13.052842396346097,-7.127314611793648,-0.30994198309310694,-0.24902501519231893,-0.13849008092862658
0.8,0.0004242252490048448,-0.011948661506732475,-0.009174329485208021,-0.18923207803027794,0.05591090568752187,0.06110496698175203,0.004443859642866645,0.002688735522710966,0.002906412704003875,8.997779051935222,-3.4921724281528865,-3.4921724281528865,8.984594002404068,-2.81087753662716,-2.9701187433768115,0.0,27.77777777777778,-184.0,-0.30926777067019784,26.600239261514748,-185.40591575678778,0.0,27.777778562799575,-184.00000237217915,-1.9005004272992214,-16.848605786751047,-10.742302995896502,0.04415752542783738,-0.3794600875665206,-0.25585736297871553
0.81,-0.0015851613596700453,-0.011346585470256541,-0.008525061779345089,-0.20689574818108145,0.062116693869736575,0.06658723530777216,0.0043267707108355395,0.002719512217233877,0.0029901135266199386,8.997779051935222,-3.4921724281528865,-3.4921724281528865,9.100514830139439,-2.845635420941681,-3.0075497094650108,0.0,27.77777777777778,-184.0,-0.3144886853255932,26.943655329867788,-185.40232569194916,0.0,27.777778562799575,-184.00000237217915,-4.264424638166755,-15.59557524517563,-9.375786678573503,-0.16178446714436037,-0.29334882835893644,-0.17684225323997801
0.82,-0.0036956529573942964,-0.010717346192857781,-0.007854152238976425,-0.2130793362329434,0.06298396628974696,0.06691783027127464,0.003983547929229356,0.0027602812242598744,0.0030893381751677792,8.997779051935222,-3.4921724281528865,-3.4921724281528865,9.221738629778052,-2.8817150716499986,-3.0459868346655767,0.0,27.77777777777778,-184.0,-0.3190998098245334,27.301889222815237,-185.39907615694526,0.0,27.777778562799575,-184.00000237217915,-7.013052202200666,-14.38457168959841,-8.09214452808453,-0.21109748525408975,-0.273248020479759,-0.15549356191732372
0.83,-0.005809674284786348,-0.01010054042341358,-0.007199580861650123,-0.20723473182320393,0.060089436214815835,0.06385564727828323,0.00289019365991384,0.002810300976682535,0.0031342342540617426,8.997779051935222,-3.4921724281528865,-3.4921724281528865,9.3424232953034,-2.916869731339972,-3.0833008094675884,0.0,27.77777777777778,-184.0,-0.32332895192433725,27.656934894044305,-185.39721838838105,0.0,27.777778562799575,-184.00000237217915,-12.523369174716828,-13.185878043928154,-6.992739084357475,-0.3075802567944436,-0.254360055099289,-0.13852164940440206
0.84,0.0005881919843330474,-0.011933373824100264,-0.00898872642519568,-0.1893929041545423,0.054015549979001556,0.05923114508111093,0.004443608384646327,0.002689491143985078,0.0029292031691809193,9.477472172178379,-3.6298348801693767,-3.6298348801693767,9.454901515501394,-2.9493062041047575,-3.118303007649711,0.0,29.166666666666664,-184.0,-0.3283457427376454,27.987784526846283,-185.39502475212197,0.0,29.166667488529466,-184.0000023619296,-1.774784318965355,-16.894486361955202,-10.418741372896687,0.04394490718176224,-0.38176352664770613,-0.2484892057360266
0.85,-0.0014234210429902305,-0.01134982065539547,-0.0083593406440765,-0.207189666965977,0.06033666038078616,0.06458810157746893,0.00434534900961174,0.002719392584291565,0.0030140624475560856,9.477472172178379,-3.6298348801693767,-3.6298348801693767,9.570958809104175,-2.983011621256076,-3.154592896123358,0.0,29.166666666666664,-184.0,-0.3333995854375512,28.329595921767396,-185.39168720218908,0.0,29.166667488529466,-184.0000023619296,-4.120132257477146,-15.672778660047769,-9.096490456504196,-0.16064034155879456,-0.2976178305054768,-0.17411225776265607
0.86,-0.0035380408243375072,-0.010737200935584466,-0.00770802864379657,-0.21360726077956524,0.0614294338867177,0.06501447830424581,0.004015071503145822,0.0027589209528179432,0.0031099393047413883,9.477472172178379,-3.6298348801693767,-3.6298348801693767,9.692433246184807,-3.018152368597755,-3.1919136307185547,0.0,29.166666666666664,-184.0,-0.33767059311982955,28.68664733111156,-185.38850720560885,0.0,29.166667488529466,-184.0000023619296,-6.8273830210319515,-14.488466009226176,-7.865286511103137,-0.20928254789026038,-0.2779010734191367,-0.15364780042919646
0.87,-0.00566085164740307,-0.01013440421369638,-0.007070852056498413,-0.2086437835922922,0.05882181821392946,0.06231048670521698,0.0029539945776728147,0.0028073610648827975,0.00311763973772034,9.477472172178379,-3.6298348801693767,-3.6298348801693767,9.813674517482472,-3.052521091441687,-3.228253798936605,0.0,29.166666666666664,-184.0,-0.3415392491903015,29.04153516162135,-185.38660410541152,0.0,29.166667488529466,-184.0000023619296,-12.099716412491563,-13.314258858674712,-6.895234648634819,-0.3034145066738171,-0.2593067686546503,-0.1387986105846422
0.88,0.000765080678475083,-0.011917145806501855,-0.008810690688433306,-0.1906676019479523,0.05307297045261223,0.058382073007755844,0.0044424959039364035,0.0026902672922135815,0.002952091026491706,9.959543417142768,-3.7640022514240288,-3.7640022514240288,9.92691044454386,-3.084347462570304,-3.262617093903148,0.0,30.555555555555554,-184.0,-0.34650439211332396,29.373179297039872,-185.38406517992607,0.0,30.55555641396026,-184.00000235123719,-1.6560274557631423,-16.916952524467042,-10.089799783698538,0.04355550396602031,-0.38336957102173425,-0.24094975258210327
0.89,-0.0012594893293886023,-0.011343394615913806,-0.008191464232311534,-0.20851498920479816,0.05935794847092379,0.06350836628242652,0.004363243635532195,0.0027197995745186576,0.0030390407611871947,9.959543417142768,-3.7640022514240288,-3.7640022514240288,10.043713854333303,-3.117491236647579,-3.2983164253757757,0.0,30.555555555555554,-184.0,-0.35150607453145444,29.715853446805085,-185.38018068464226,0.0,30.55555641396026,-184.00000235123719,-3.994423235296538,-15.71439366902749,-8.797655658236444,-0.16009415480826156,-0.30105265529757397,-0.17073630479600446
0.9,-0.003387921879521777,-0.010740345717640938,-0.0075512827384006526,-0.21504657124046297,0.06049767385762011,0.0638999446511351,0.004044478532773231,0.0027587390130289187,0.0031281036341096104,9.959543417142768,-3.7640022514240288,-3.7640022514240288,10.165986715051545,-3.1520865951114017,-3.334998521532295,0.0,30.555555555555554,-184.0,-0.3555996219356874,30.07387942759011,-185.37641831748323,0.0,30.55555641396026,-184.00000235123719,-6.673706713777096,-14.547023146061923,-7.619617025907981,-0.20826474452865967,-0.28160697702140874,-0.1512422273957488
0.91,-0.00552730469679924,-0.010146387788433082,-0.006924046294394921,-0.2107036373906927,0.0579833608063923,0.06148959442473547,0.00303307304230282,0.002806351452712616,0.003084931381445482,9.959543417142768,-3.7640022514240288,-3.7640022514240288,10.288216877336833,-3.1859544742665724,-3.370788726692241,0.0,30.555555555555554,-184.0,-0.3593765389980758,30.430336423478288,-185.37391345218737,0.0,30.55555641396026,-184.00000235123719,-11.674202783796215,-13.390760513254591,-6.8030631324954,-0.2988306713425572,-0.2632710625649224,-0.13893623098785784
0.92,0.0009190208269769795,-0.011875843387286047,-0.008607833757731366,-0.19251412850459546,0.05236352293015071,0.058137058319290585,0.004440797472932278,0.0026922158885471395,0.0029794247195201523,10.443930519929495,-3.894675451382898,-3.894675451382898,10.402582824807295,-3.2173435214009403,-3.40489234116624,0.0,31.944444444444443,-184.0,-0.36469086579394405,30.764205090651597,-185.3706012937333,0.0,31.94444533908398,-184.00000234010827,-1.5720783395308469,-16.890123076211324,-9.704846685656632,0.04306257996379636,-0.3841241824620661,-0.2321855389081738
0.93,-0.0011236141420020718,-0.011310566051661905,-0.007994000629930602,-0.21028867737750837,0.05843161016483523,0.0628043819700242,0.004377355409010504,0.00272174112001512,0.0030689609280427476,10.443930519929495,-3.894675451382898,-3.894675451382898,10.520417127653104,-3.2499914441055315,-3.440261304994903,0.0,31.944444444444443,-184.0,-0.3700181342865687,31.108749253583415,-185.36595011164434,0.0,31.94444533908398,-184.00000234010827,-3.911022044137177,-15.707649544423495,-8.442500894892751,-0.16038152509780876,-0.3036617928035659,-0.16626582124983505
0.94,-0.0032694907500090964,-0.010717482381643148,-0.007362236061168537,-0.2167746841422576,0.059454553429123445,0.06298955553180884,0.004067287759859629,0.002760441254937885,0.0031394660510552577,10.443930519929495,-3.894675451382898,-3.894675451382898,10.643687147341415,-3.284009558663667,-3.476451173786675,0.0,31.944444444444443,-184.0,-0.3742808450609011,31.468355522257273,-185.36157892125973,0.0,31.94444533908398,-184.00000234010827,-6.572393518554116,-14.559105148783829,-7.349692082840754,-0.20820965527837854,-0.2845639531687174,-0.1484045395388396
0.95,-0.005426835272836106,-0.010134265312630099,-0.006743009844724632,-0.21271656844023099,0.05689427366748507,0.06087058587919131,0.003105091630662687,0.0028074885357341163,0.0030301007526091356,10.443930519929495,-3.894675451382898,-3.894675451382898,10.766966548770908,-3.317259791662761,-3.511802295709015,0.0,31.944444444444443,-184.0,-0.3784089438421446,31.82654550985586,-185.3584912081135,0.0,31.94444533908398,-184.00000234010827,-11.340286623165548,-13.42405385708385,-6.715463646575673,-0.29522009630649465,-0.26660402785665854,-0.13901391342684233
0.96,0.001039363916926106,-0.011813589007984703,-0.008369326427869701,-0.19426527699843515,0.05129417519214798,0.05793653345725378,0.0044389113759816115,0.0026952145109125987,0.0030133082263301154,10.930570890608767,-4.021855608971154,-4.021855608971154,10.882427968241105,-3.348025924421493,-3.545718714642632,0.0,33.33333333333333,-184.0,-0.3845749883086333,32.162472722953005,-185.35448334696318,0.0,33.33333426389309,-184.00000232854944,-1.522041512478407,-16.83581910736755,-9.256076324692575,0.04251386496505476,-0.384553919445192,-0.22255236633873932
0.97,-0.0010199690202749023,-0.011260790059520048,-0.007761529023029894,-0.2118846384162845,0.05707601649648267,0.06195294925467217,0.004387631651473476,0.0027247301402507007,0.0031031039797762214,10.930570890608767,-4.021855608971154,-4.021855608971154,11.001209601082895,-3.379944731568325,-3.5807096460724974,0.0,33.33333333333333,-184.0,-0.3905897316092346,32.508449708912245,-185.34932028493762,0.0,33.33333426389309,-184.00000232854944,-3.86219992900062,-15.681178606617792,-8.038988988967018,-0.16118954027183602,-0.30607023408209577,-0.16101280682718597
0.98,-0.003180986779202255,-0.01068219891144015,-0.007140141049735593,-0.21822789107491983,0.05794422113975958,0.061882033684033014,0.004084077774857334,0.0027630914097973303,0.003128080121354268,10.930570890608767,-4.021855608971154,-4.021855608971154,11.125339202588174,-3.413124212349502,-3.6162936264164847,0.0,33.33333333333333,-184.0,-0.3953099209939479,32.868987655166784,-185.3446807989448,0.0,33.33333426389309,-184.00000232854944,-6.506881584161693,-14.55666343879194,-7.101976032226234,-0.20866902465129952,-0.2874148849960495,-0.14606789764570308
0.99,-0.005352690257723086,-0.010114460687115419,-0.006530216772376363,-0.21424975403308683,0.05533035663636458,0.06015725622906613,0.003164066761247538,0.002809343602506905,0.0029623621053205254,10.930570890608767,-4.021855608971154,-4.021855608971154,11.249449184817133,-3.4454850619398845,-3.6511365327807033,0.0,33.33333333333333,-184.0,-0.40018435039887706,33.228101033574916,-185.34125873338306,0.0,33.33333426389309,-184.00000232854944,-11.091491684778518,-13.451981315066451,-6.614391320513086,-0.292610698617474,-0.27001023069663554,-0.1386696435824649
1.0,0.0011371058153933356,-0.011748334306155642,-0.008101194003062875,-0.19553972329263938,0.049770417864744045,0.05737399314874133,0.004436690938243091,0.002698451159231041,0.003053340307979619,11.419401665591604,-4.145544067270049,-4.145544067270049,11.365731251587896,-3.47536271745828,-3.684730475623105,0.0,34.72222222222222,-184.0,-0.4074570201063204,33.565084870318316,-185.33683978779976,0.0,34.72222318838043,-184.0000023165671,-1.487816391997857,-16.788793053658125,-8.765217072523898,0.042076981023027815,-0.38520471121336497,-0.21330054856137745
1.01,-0.0009341076892170896,-0.011212318945567734,-0.007503383491642021,-0.21299327876386281,0.05531242193640214,0.060683265252835156,0.0043956736053811195,0.0027277134008460747,0.0031326497039184283,11.419401665591604,-4.145544067270049,-4.145544067270049,11.48518343746004,-3.5063085058276826,-3.7191134689541787,0.0,34.72222222222222,-184.0,-0.41418793962476347,33.91142534387244,-185.33154993989652,0.0,34.72222318838043,-184.0000023165671,-3.824832051118296,-15.667044452075924,-7.631581421884469,-0.1620334562101198,-0.3088089309307472,-0.15585784330647576
1.02,-0.0031053497538302277,-0.010651959962791974,-0.006895893244978621,-0.21918681236361004,0.05609000431853907,0.060520965150406864,0.004098174334450769,0.002765417380990398,0.00307717527634949,11.419401665591604,-4.145544067270049,-4.145544067270049,11.609890545661832,-3.538438844112805,-3.7539006517315587,0.0,34.72222222222222,-184.0,-0.4194049465944747,34.271884950618734,-185.3269474144176,0.0,34.72222318838043,-184.0000023165671,-6.447208677368248,-14.567999520729861,-6.930231316232403,-0.20907043212160736,-0.2906044039956022,-0.145060036964876
1.03,-0.005286365931357062,-0.010102728599716324,-0.006297014435880627,-0.21525234726572112,0.05349866128643359,0.05924912012767115,0.0032200986290374795,0.002810503054441432,0.0029098104014459994,11.419401665591604,-4.145544067270049,-4.145544067270049,11.734539932883964,-3.569741231023145,-3.7881357001367175,0.0,34.72222222222222,-184.0,-0.4251620272948318,34.63101044632332,-185.32333269998236,0.0,34.72222318838043,-184.0000023165671,-10.86422571302922,-13.504925088807413,-6.442192425160762,-0.2900322851166862,-0.2739391529463939,-0.13690722938223251
1.04,0.0012308582877184615,-0.011693402347772303,-0.007816643166023915,-0.19634303198494318,0.048062328926631405,0.056228380617208515,0.004433650850378542,0.0027012553693727213,0.003096016010960721,11.91035975698433,-4.265742378015444,-4.265742378015444,11.851363765671657,-3.598607815774893,-3.821161300678056,0.0,36.11111111111111,-184.0,-0.4333029957879221,34.96807565633987,-185.31877501587792,0.0,36.11111211253885,-184.00000230416813,-1.4500982351829668,-16.766127408983564,-8.268972177086539,0.042029117510173956,-0.3862280934216379,-0.2057399728649611
1.05,-0.0008477635821252383,-0.011175559201393279,-0.007233958028198456,-0.21367392097881088,0.053447190817659744,0.05896868111537738,0.00440321495039634,0.002730034093744429,0.0031370274435161324,11.91035975698433,-4.265742378015444,-4.265742378015444,11.971232670872725,-3.62850576576665,-3.8546495134139906,0.0,36.11111111111111,-184.0,-0.44033867922908165,35.31387609542612,-185.3136516878519,0.0,36.11111211253885,-184.00000230416813,-3.7775221488864354,-15.674501392173362,-7.2923703414266265,-0.16256435011927559,-0.3119393690866903,-0.1520757270878119
1.06,-0.00302522273960823,-0.010634007484778565,-0.006643008866788022,-0.21976926237900918,0.05421346075788948,0.059038408934354324,0.004112816900557171,0.0027668488597241067,0.002997138239715331,11.91035975698433,-4.265742378015444,-4.265742378015444,12.096290717399379,-3.659558518866044,-3.888506343668398,0.0,36.11111111111111,-184.0,-0.4458486529793045,35.67360423571971,-185.30916125009094,0.0,36.11111211253885,-184.00000230416813,-6.373289613467508,-14.60075510118411,-6.820148550367565,-0.2091138719396844,-0.29417756290015074,-0.1448668430435024
1.07,-0.005212115688029234,-0.010103104710818378,-0.006056726129528275,-0.21594039963378606,0.05171634482644777,0.05806040022027419,0.0032852285177733757,0.002810576584426981,0.00290051491641002,11.91035975698433,-4.265742378015444,-4.265742378015444,12.221286849259503,-3.6898167154793695,-3.9220321966742344,0.0,36.11111111111111,-184.0,-0.45226422040290404,36.032234402573486,-185.3053582813097,0.0,36.11111211253885,-184.00000230416813,-10.606478624261431,-13.58759928151219,-6.148138901110367,-0.28663368850118653,-0.27836997002928315,-0.13301029454017246
1.08,0.0013338427782031148,-0.011649765377112209,-0.007530092887002779,-0.19692350567479056,0.04646562087540085,0.054423199031832015,0.004429422340181787,0.0027035349267698176,0.0031310805136538274,12.403381901833914,-4.3824522959027945,-4.3824522959027945,12.338519133132076,-3.7177240276744383,-3.9541835713886115,0.0,37.5,-184.0,-0.4605782603090265,36.36886489736454,-185.30090720652635,0.0,37.500001036361795,-184.00000229135898,-1.3982466873566115,-16.760355989178965,-7.8184545489570505,0.042586486721903176,-0.3873958194699692,-0.20090663832635142
1.09,-0.0007502837078122992,-0.011148720293919612,-0.006967242023199496,-0.2141879911029453,0.05173886342537761,0.05695500477271653,0.004411165551597489,0.002731763258535614,0.0030958204981915366,12.403381901833914,-4.3824522959027945,-4.3824522959027945,12.458698694199565,-3.7466554188512733,-3.9865273622763473,0.0,37.5,-184.0,-0.4672748939951544,36.71375742235984,-185.29611762381185,0.0,37.500001036361795,-184.00000229135898,-3.7110483747841907,-15.691057099415726,-7.082355469687888,-0.16270485398167356,-0.31517827753941713,-0.1505673094462219
1.1,-0.0029326071178224777,-0.010624221624126476,-0.006393970645824323,-0.22024333234106577,0.05252531201752624,0.057503339625516736,0.004129428834770615,0.002767666166062187,0.0029269364197970354,12.403381901833914,-4.3824522959027945,-4.3824522959027945,12.584033552221367,-3.7767328179324013,-4.019399394284052,0.0,37.5,-184.0,-0.47277284306097594,37.072657519085936,-185.2916629884413,0.0,37.500001036361795,-184.00000229135898,-6.283943081396275,-14.646897927593693,-6.684832091424852,-0.2088600032365094,-0.2979418010636177,-0.1439095098581969
1.11,-0.005124639966075595,-0.010109654859037476,-0.005822451263261752,-0.21658467915189444,0.05014025231277533,0.05648018692580298,0.003363063411796278,0.0028100844174910877,0.0029464581345716575,12.403381901833914,-4.3824522959027945,-4.3824522959027945,12.709338644384488,-3.8060619388811716,-4.0520711620848555,0.0,37.5,-184.0,-0.4793410165978731,37.43070946412325,-185.28770919022517,0.0,37.500001036361795,-184.00000229135898,-10.311179959678695,-13.685071334743524,-5.736923482436892,-0.2823228481826479,-0.2829964823179317,-0.1272495248992528
1.12,0.0014485616078514785,-0.011610234835555594,-0.007254950270205243,-0.1975504373575887,0.045080441643948733,0.052035283368503424,0.0044239845491373985,0.0027056323700623474,0.003138645696770713,12.898404711173644,-4.495675772702802,-4.495675772702802,12.827006056827521,-3.8331306056343077,-4.083036392067858,0.0,38.888888888888886,-184.0,-0.48698608569457624,37.7668368132686,-185.28363796643032,0.0,38.88888995984296,-184.0000022781467,-1.3313798290431764,-16.75215076047825,-7.478782782090482,0.043812156627345764,-0.38837123753898056,-0.19962215079803527
1.13,-0.00064176402164412,-0.01112391550002835,-0.006714965389948591,-0.21478461095807513,0.050232566363758016,0.05484106016824752,0.0044194550026812295,0.0027333744172537127,0.0030201847556246128,12.898404711173644,-4.495675772702802,-4.495675772702802,12.947537740023854,-3.8612135697390224,-4.114087527661956,0.0,38.888888888888886,-184.0,-0.49282451475631595,38.110936585103715,-185.27927147947648,0.0,38.88888995984296,-184.0000022781467,-3.630827559627405,-15.701589915507313,-6.979619419358387,-0.1626298727588412,-0.3182704402897336,-0.15066783554789537
1.14,-0.002829932683718256,-0.01061455256655952,-0.006159886590097932,-0.2208281996991336,0.05101912816407426,0.055849017874506066,0.004147504794510204,0.0027684686565521196,0.002897324761630943,12.898404711173644,-4.495675772702802,-4.495675772702802,13.07320723464891,-3.890424268878992,-4.145940441118865,0.0,38.888888888888886,-184.0,-0.49803162609899665,38.4692531827064,-185.2748202275831,0.0,38.88888995984296,-184.0000022781467,-6.189705918710993,-14.694507807569847,-6.459609540299757,-0.208545558876971,-0.30169106980884247,-0.14126784266589382
1.15,-0.005028325892728169,-0.01011464722980171,-0.00560616495068697,-0.2173500755560507,0.048718885048231936,0.05446961398280116,0.0034470396753111584,0.002809722909912397,0.003040707605203529,12.898404711173644,-4.495675772702802,-4.495675772702802,13.19889201975241,-3.918918667143112,-4.1775674796472195,0.0,38.888888888888886,-184.0,-0.5041972553895041,38.82684921384056,-185.27089792424147,0.0,38.88888995984296,-184.0000022781467,-10.008904515454635,-13.779831363450832,-5.26728459144202,-0.27771538053970934,-0.28753157433860893,-0.12073682298371895
1.16,-0.0071043941218663365,-0.009652500553967408,-0.005086800574624753,-0.19836277835839694,0.04381771345173249,0.04930091256707443,0.0031260955027586452,0.0028545938001329346,0.0034123364344821007,12.898404711173644,-4.495675772702802,-4.495675772702802,13.31670689791311,-3.945103796900225,-4.20700786047829,0.0,38.888888888888886,-184.0,-0.5106004358662738,39.16148020300985,-185.26754467191634,0.0,38.88888995984296,-184.0000022781467,-13.433466021821177,-13.006239530814568,-3.9228413387306573,-0.321854573752976,-0.2767046670866716,-0.1003249326276458
1.17,-0.0004899517623142835,-0.011107034184762526,-0.0064962048554351864,-0.21214340972025805,0.04780571477573952,0.05184860845296504,0.004428255046922338,0.002734537023290467,0.0029511507372079956,13.395364718780574,-4.605414951192703,-4.605414951192703,13.435650738034413,-3.9717816677614453,-4.236193423239704,0.0,40.27777777777778,-184.0,-0.5155477305914696,39.49913104571335,-185.26396198614734,0.0,40.27777888297614,-184.00000226453784,-3.4553938328921494,-15.74787218315278,-6.921025712658319,-0.16000830862569648,-0.32225990900514156,-0.1514527831823362
1.18,-0.002654376216118637,-0.010621026019362115,-0.005968162213466924,-0.21869751921897043,0.04877628419336281,0.053270656024227536,0.004176832952926623,0.0027680920943608236,0.002910046755154906,13.395364718780574,-4.605414951192703,-4.605414951192703,13.55999004292369,-3.9996654561975893,-4.266516844688327,0.0,40.27777777777778,-184.0,-0.5203654232749335,39.85200933496005,-185.2598451112029,0.0,40.27777888297614,-184.00000226453784,-5.964109479508268,-14.794300725053736,-6.20480546294029,-0.2051803154255288,-0.3065431250415993,-0.1384023067413234
1.19,-0.004835469086842931,-0.010142024181306317,-0.005441198304578537,-0.21608096050857856,0.04676759613166477,0.0516532676757016,0.003597525771197785,0.0028074021089362104,0.0031433511030878507,13.395364718780574,-4.605414951192703,-4.605414951192703,13.684741818869712,-4.026979415224867,-4.296595126214106,0.0,40.27777777777778,-184.0,-0.5258192041662454,40.20525514619017,-185.25634198595571,0.0,40.27777888297614,-184.00000226453784,-9.399246746467435,-13.929826267784806,-4.903397297748524,-0.2663527201437651,-0.29316309768652654,-0.11643423598456712
1.2,0.0017990575467912717,-0.01155193241365604,-0.006805955763148769,-0.19799878571751123,0.042239235464281995,0.04629541499520551,0.0044008444497136345,0.0027088133984788576,0.003049002488091813,13.894198429557996,-4.711672158907749,-4.711672158907749,13.802751353962924,-4.052300515422361,-4.324442463286472,0.0,41.666666666666664,-184.0,-0.5308084240535185,40.538506307895204,-185.2538535212082,0.0,41.66666780575572,-184.0000022505394,-1.0507216756190014,-16.755944080444266,-7.232366728125601,0.0518123850796556,-0.3906187874630964,-0.20588710280535086
1.21,-0.0002985671181804095,-0.011095047624930396,-0.006315214889360321,-0.21566542422936263,0.04727881104269867,0.050509587170016385,0.004441095609540452,0.0027353182038249184,0.0029105834814094544,13.894198429557996,-4.711672158907749,-4.711672158907749,13.923720255005593,-4.078694953955909,-4.352746111820088,0.0,41.666666666666664,-184.0,-0.5345950273431964,40.880367275485476,-185.25048700148952,0.0,41.66666780575572,-184.0000022505394,-3.3428924689766015,-15.762093260228864,-6.79835688646823,-0.16021541243081272,-0.32515335615428537,-0.15052559070741164
1.22,-0.0024977683036083997,-0.010614733735552342,-0.005799575324740888,-0.22214004729132059,0.04817811349554794,0.05200583258842205,0.004203186146982114,0.0027685959550545567,0.002952990415149513,13.894198429557996,-4.711672158907749,-4.711672158907749,14.050047615825974,-4.106248632568587,-4.382359253515222,0.0,41.666666666666664,-184.0,-0.5386770396619642,41.23749681406537,-185.2462917926001,0.0,41.66666780575572,-184.0000022505394,-5.861702709906906,-14.834099071054416,-5.881542200034836,-0.20551243088635415,-0.3098949769578756,-0.13402832146273364
1.23,-0.004713004572904439,-0.010141914417046732,-0.005287403683456704,-0.21950869619561153,0.04613906006060134,0.04997288952395899,0.0036755515217691626,0.002807448939631112,0.0032566409153705882,13.894198429557996,-4.711672158907749,-4.711672158907749,14.176758125615724,-4.133206853490095,-4.411565482906736,0.0,41.666666666666664,-184.0,-0.5431301312815778,41.59477670655405,-185.2429151283699,0.0,41.66666780575572,-184.0000022505394,-9.170859931248527,-13.99110201107726,-4.523718853781571,-0.26371109309993634,-0.2968887363870985,-0.11154455758514553
1.24,0.0019170671688265584,-0.011497359961801568,-0.006609761765873676,-0.2014131342951213,0.04161994410260344,0.044412521508972964,0.004395971474807874,0.0027117877230370315,0.0029841465033042065,14.394842367458807,-4.814449901717382,-4.814449901717382,14.296830063945423,-4.158165941039307,-4.438360377105287,0.0,43.05555555555556,-184.0,-0.5467793629587261,41.932152793125745,-185.2409694494377,0.0,43.05555672817623,-184.00000223615822,-1.0124201612126282,-16.686022198946496,-7.174653350727645,0.05277797226868651,-0.390309092305343,-0.20930825200819964
1.25,-0.00021321808099061812,-0.011048667694475406,-0.006134255526523566,-0.21876910747507208,0.04633123649863504,0.04915964499907068,0.004447148802553777,0.002738328945528122,0.0028953799942251866,14.394842367458807,-4.814449901717382,-4.814449901717382,14.41964974758034,-4.184074319067045,-4.465815535828791,0.0,43.05555555555556,-184.0,-0.5498644806496882,42.27770618755498,-185.23786232288228,0.0,43.05555672817623,-184.00000223615822,-3.333156835590487,-15.723276091014558,-6.603133641595952,-0.1620355861187924,-0.3272899662690639,-0.14827720844883413
1.26,-0.0024413763280685674,-0.010579087012150684,-0.005632442640719326,-0.2248630733121393,0.04701518079756226,0.05050536720318621,0.004212800465900506,0.0027713609810811604,0.003025649294801442,14.394842367458807,-4.814449901717382,-4.814449901717382,14.547614318561642,-4.211001198952963,-4.4946245680092165,0.0,43.05555555555556,-184.0,-0.5536060148391443,42.637945733115444,-185.2338196476152,0.0,43.05555672817623,-184.00000223615822,-5.872817828712481,-14.832160937322593,-5.505425924168864,-0.20756612990992596,-0.3127162088704021,-0.12885712797209067
1.27,-0.004681680735445004,-0.010118661181489727,-0.005137737379942997,-0.2218411892794862,0.04485076874221702,0.04804185205338507,0.0036932938100127264,0.002809594692229878,0.0033731508857927986,14.394842367458807,-4.814449901717382,-4.814449901717382,14.675739240975654,-4.237242660196316,-4.5228062218076905,0.0,43.05555555555556,-184.0,-0.5574644997472099,42.9975440100144,-185.23086394664853,0.0,43.05555672817623,-184.00000223615822,-9.17137229387917,-14.018139933478734,-4.165164759091255,-0.26529882451490616,-0.3002266426072147,-0.10709533927422299
1.28,0.0019574691218053886,-0.011426581894393911,-0.00641939996443347,-0.20332869216900712,0.0402947267175418,0.04243497027938346,0.004395255976688961,0.002715758366006198,0.0029295213562415927,14.89723312286779,-4.9137508572308715,-4.9137508572308715,14.797014263954756,-4.261442586590961,-4.548460560611523,0.0,44.44444444444444,-184.0,-0.5603752715774759,43.33658849720437,-185.2295663041025,0.0,44.444445650232446,-184.00000222140136,-1.0247324054317244,-16.60245452111938,-7.0946954017807276,0.05181852811385471,-0.3900233252539647,-0.21142029806484153
1.29,-0.0001899125293925441,-0.010993145673954569,-0.005961082268996901,-0.22029823044371247,0.04468308116109405,0.0475255448091717,0.004449146741214021,0.002742024033756973,0.002909800245920839,14.89723312286779,-4.9137508572308715,-4.9137508572308715,14.920790508839382,-4.286460720650689,-4.574944678719181,0.0,44.44444444444444,-184.0,-0.5633077291008348,43.683252188570435,-185.22687261184197,0.0,44.444445650232446,-184.00000222140136,-3.3627035017825255,-15.686591036656717,-6.344954595586131,-0.16405628009054837,-0.32967889049399196,-0.1450175140935265
1.3,-0.002431164558476362,-0.010541085991102539,-0.005476708831835306,-0.2259934027255266,0.045196868470566275,0.04861336658560767,0.004214678876451124,0.0027743769673458313,0.003118547784398391,14.89723312286779,-4.9137508572308715,-4.9137508572308715,15.049482477132672,-4.312374689904839,-4.60273774362785,0.0,44.44444444444444,-184.0,-0.5670486038190815,44.04391932656216,-185.22323625590732,0.0,44.444445650232446,-184.00000222140136,-5.9135671458374315,-14.841220011245081,-5.126416123328532,-0.20965187308933514,-0.31592004096586496,-0.12381200274179202
1.31,-0.004680602874329642,-0.010099200767827693,-0.005002748708094681,-0.222578009400435,0.04298536759421038,0.045869344284451496,0.003693941724698473,0.0028114506353812737,0.0034744072796328105,14.89723312286779,-4.9137508572308715,-4.9137508572308715,15.178108222294691,-4.337551834771396,-4.629716734552803,0.0,44.44444444444444,-184.0,-0.5706426132347535,44.403207928627566,-185.2208831181909,0.0,44.444445650232446,-184.00000222140136,-9.213322547815286,-14.06224265525444,-3.8707003567298077,-0.2672830707485701,-0.3040271248816387,-0.10377994507990257
1.32,0.0019827355570091743,-0.011364868957057628,-0.006244965840490613,-0.2036770450502502,0.03849513519573688,0.04042226829635429,0.004393586628160384,0.0027193335089031436,0.0028990524083770735,15.40130739936408,-5.009577868037077,-5.009577868037077,15.299659648011241,-4.360699350710512,-4.654169783340337,0.0,45.83333333333333,-184.0,-0.5732676405847461,44.74140495270378,-185.22020937994552,0.0,45.83333457191957,-184.00000220627564,-1.0283713796915517,-16.54999446813972,-6.967027138702646,0.051000485365118586,-0.3904646831359582,-0.21138407091416567
1.33,-0.0001667236773810199,-0.01095079437073282,-0.0058053612931810855,-0.2203895262764666,0.04267851136062117,0.04567397736254569,0.004450287696184885,0.0027449267583495108,0.0029494068764511746,15.40130739936408,-5.009577868037077,-5.009577868037077,15.423539973436585,-4.384598840074428,-4.679586975353743,0.0,45.83333333333333,-184.0,-0.5763055410081577,45.086864801137246,-185.21792012621296,0.0,45.83333457191957,-184.00000220627564,-3.371343375981393,-15.685931615695122,-6.0557589586635165,-0.16529376402399154,-0.332784878841938,-0.14131699749665746
1.34,-0.002407589868330673,-0.010519129172275127,-0.005340686849803017,-0.2258549163972383,0.04314826848036006,0.04652652818531209,0.004218357861453164,0.0027761894914106796,0.0032154154716856178,15.40130739936408,-5.009577868037077,-5.009577868037077,15.552196918593959,-4.4093425052567365,-4.706237335012094,0.0,45.83333333333333,-184.0,-0.5801051270030768,45.44589900147058,-185.21469208645954,0.0,45.83333457191957,-184.00000220627564,-5.915678915505371,-14.88550675223141,-4.789927439160128,-0.21069329524718866,-0.3197875184140696,-0.11959383342073523
1.35,-0.004654627060930672,-0.010097393214006933,-0.00488828261773544,-0.2222687386313603,0.04101518526437294,0.04372047052576857,0.0037077563734957807,0.0028117310490248185,0.0035521727335652547,15.40130739936408,-5.009577868037077,-5.009577868037077,15.680676206238049,-4.433370326158381,-4.731980072462535,0.0,45.83333333333333,-184.0,-0.5835340844440798,45.80323910070958,-185.21280562341317,0.0,45.83333457191957,-184.00000220627564,-9.174306788832347,-14.140923607789063,-3.64899184948123,-0.2674135048879264,-0.308450598807241,-0.10163330988525207
1.36,0.002040155515508235,-0.011321254544816708,-0.006089855599652416,-0.20328789229550343,0.03670804805848342,0.03859841942871205,0.004387968883569857,0.0027219311553762235,0.0028937122354652737,15.907002059787752,-5.101933934782608,-5.101933934782608,15.802042423865846,-4.455449508340678,-4.755309318745978,0.0,47.22222222222222,-184.0,-0.5860546542547661,46.13955202120165,-185.21249000843522,0.0,47.22222349323305,-184.0000021907881,-0.9919022935351054,-16.535074880598113,-6.791801137611611,0.051482744487951024,-0.3915898774758294,-0.2092979307520568
1.37,-0.0001050655083464358,-0.01092585743921154,-0.005668086012203213,-0.2199294034142181,0.04078616236826333,0.04386873706136871,0.004452760426123539,0.002746688675052394,0.0030060007622342124,15.907002059787752,-5.101933934782608,-5.101933934782608,15.925675139502161,-4.478275199121399,-4.77970397757747,0.0,47.22222222222222,-184.0,-0.5891963661506885,46.483059746577425,-185.21036462057364,0.0,47.22222349323305,-184.0000021907881,-3.334498979280653,-15.717675359329277,-5.759656782252722,-0.16558543501136042,-0.3364059832647809,-0.1375164487434427
1.38,-0.0023410649775363335,-0.010512991689500359,-0.005222449672084059,-0.22535666670983634,0.04129500844999765,0.044550801856585706,0.0042285883390984335,0.002776764376004503,0.003306561550984211,15.907002059787752,-5.101933934782608,-5.101933934782608,16.05405145789867,-4.5019446016838085,-4.805254248478086,0.0,47.22222222222222,-184.0,-0.5929494743227456,46.84001400978058,-185.20730003592627,0.0,47.22222349323305,-184.0000021907881,-5.858988076326014,-14.95461035958557,-4.5033274784414825,-0.2106079808395079,-0.3240180490372664,-0.1161995729878102
1.39,-0.004583327077828381,-0.010109089284186148,-0.004789589943908587,-0.2218341700233196,0.03930295890555498,0.04184231038625281,0.0037425664318174075,0.0028107814924055166,0.003611222298041337,15.907002059787752,-5.101933934782608,-5.101933934782608,16.18226265858747,-4.524959242087324,-4.829884930020662,0.0,47.22222222222222,-184.0,-0.5961888726318594,47.195363403615296,-185.20554247425858,0.0,47.22222349323305,-184.0000021907881,-9.033635701971225,-14.239196243797702,-3.477180188094834,-0.26554932762064143,-0.31313700528129956,-0.10018816639620917
1.4,0.002140625466510171,-0.011288378133400237,-0.005947370085452527,-0.20310484945974672,0.0352193960374883,0.03712097195461391,0.00437836786460232,0.002723923760865254,0.0029096643298490666,16.414254171537817,-5.190822209093098,-5.190822209093098,16.303529220422423,-4.546133859134478,-4.8522754956945064,0.0,48.61111111111111,-184.0,-0.5986457183690453,47.530328584955654,-185.2052256982465,0.0,48.61111241416859,-184.00000217494568,-0.9201001209185691,-16.53700107240248,-6.571497403980013,0.0531058281974749,-0.3929541337170743,-0.205460449484725
1.41,-3.110293510411033e-06,-0.010908571682518853,-0.005540920214283637,-0.2197888818151594,0.03920810500421615,0.042272318099185205,0.004456739607226097,0.0027479314989711486,0.003075968783509694,16.414254171537817,-5.190822209093098,-5.190822209093098,16.42707776016162,-4.568063423439292,-4.87578569647029,0.0,48.61111111111111,-184.0,-0.6018132225908249,47.87258165540638,-185.20298198000913,0.0,48.61111241416859,-184.00000217494568,-3.2647572812188037,-15.758308482683837,-5.456020967550818,-0.16539592933577255,-0.3400865892674812,-0.13354671896609002
1.42,-0.0022379563973506378,-0.010511364904325346,-0.0051122041659459605,-0.2252722385072563,0.039752792381479767,0.042808608287534536,0.004244242759764139,0.002776970799131703,0.003392524727446314,16.414254171537817,-5.190822209093098,-5.190822209093098,16.555391618865933,-4.59083820690286,-4.900359311488186,0.0,48.61111111111111,-184.0,-0.6054092879277884,48.22827826523523,-185.19983941081264,0.0,48.61111241416859,-184.00000217494568,-5.7659355639437475,-15.024692701485797,-4.246756802368653,-0.21000450548732966,-0.32817735277727705,-0.11323149975604749
1.43,-0.00448012321603114,-0.010122286788733906,-0.004696146353380365,-0.22191275175710065,0.03788093512629345,0.0402650971934543,0.0037857615295551613,0.002809683563305153,0.0036598342209468266,16.414254171537817,-5.190822209093098,-5.190822209093098,16.68360866444559,-4.613010798344736,-4.924038680297547,0.0,48.61111111111111,-184.0,-0.6084380082556323,48.58261936676172,-185.19795243139,0.0,48.61111241416859,-184.00000217494568,-8.851338503569465,-14.333562096963666,-3.3263873079934045,-0.26307743257265276,-0.31767860548097393,-0.09894847347831041
1.44,0.0022655461133002097,-0.011254343013016296,-0.0058071049343854375,-0.20361842045027517,0.03398550730174653,0.03595010736757028,0.004366747504275018,0.002726001756759081,0.002946379009911416,16.923001051032262,-5.2762459863421025,-5.2762459863421025,16.805149963778618,-4.633434451129851,-4.9456655214020415,0.0,50.0,-184.0,-0.6108723949424477,48.91746168839432,-185.1974108855442,0.0,50.00000133472221,-184.0000021587553,-0.838839745650144,-16.53428692332589,-6.299454582183519,0.054809922821534345,-0.39420613840753177,-0.1998939103312917
1.45,0.00011632176905918001,-0.010887828980723616,-0.005413940258725755,-0.2203408333166866,0.037838305747529465,0.040826290941182716,0.004461121526167032,0.0027494105567482897,0.0031604786819993203,16.923001051032262,-5.2762459863421025,-5.2762459863421025,16.929013372509495,-4.654596861888981,-4.9684005112416365,0.0,50.0,-184.0,-0.6140269863263221,49.25967108272819,-185.19494705354046,0.0,50.00000133472221,-184.0000021587553,-3.191074860858327,-15.789149517603873,-5.135036138299356,-0.16532388676940338,-0.3435444643218296,-0.1292542162085965
1.46,-0.002124170774427392,-0.010504485535620459,-0.005000784939037314,-0.22585517616113968,0.038365937058882936,0.041206677952126985,0.004261169059149207,0.0027775817897324456,0.0034757675063663363,16.923001051032262,-5.2762459863421025,-5.2762459863421025,17.057652840847865,-4.676576851212736,-4.992075345013414,0.0,50.0,-184.0,-0.617422914015062,49.61524670079898,-185.19169427498582,0.0,50.00000133472221,-184.0000021587553,-5.6727746277778595,-15.08084844735741,-4.003449018495608,-0.20957769069223567,-0.3320620131218897,-0.11042311670753426
1.47,-0.004372691987407862,-0.01012898509905892,-0.004599978998782631,-0.22261136803186038,0.03655825078558824,0.03884989441284976,0.003823445533714891,0.002809163283855224,0.0037028278910493425,16.923001051032262,-5.2762459863421025,-5.2762459863421025,17.18624202729704,-4.697975602684529,-5.014893268426927,0.0,50.0,-184.0,-0.6202831502924144,49.969646405429884,-185.18965395268373,0.0,50.00000133472221,-184.0000021587553,-8.691735836687279,-14.412886529014356,-3.180063375809285,-0.2612748224014237,-0.3219438519170706,-0.09767533043255715
1.48,-0.006516573536757719,-0.00978266369031626,-0.004232106174482414,-0.2047352177503396,0.03279534041171315,0.034924069919888286,0.0029121844074177167,0.0028421082457842674,0.0038197901447747044,16.923001051032262,-5.2762459863421025,-5.2762459863421025,17.307967834429153,-4.717592932201446,-5.035739311242549,-0.0,50.0,-184.0,-0.6227699440792399,50.304113573028125,-185.18895259553156,0.0,50.00000133472221,-184.0000021587553,-13.88352820750078,-13.81266133082035,-2.4991180853505384,-0.33989768140912613,-0.3136052148206192,-0.08783686114017415
1.49,-0.008434076776248356,-0.009482617756702075,-0.003908994102718014,-0.18033185915191643,0.027533428534540962,0.03006528971963637,0.003025917130621095,0.0028738550083644765,0.0038929362498317894,16.923001051032262,-5.2762459863421025,-5.2762459863421025,17.416406263742342,-4.734475783399101,-5.053969833673873,-0.0,50.0,-184.0,-0.6254831316656396,50.60141268567041,-185.18906863795064,0.0,50.00000133472221,-184.0000021587553,-15.553687727972072,-13.351923741977757,-2.113781269390147,-0.3659990422302824,-0.3080084693221154,-0.08271889784954874
1.5,-0.010066815642715499,-0.009241102520447075,-0.003637833458505102,-0.14823095742077244,0.02127282094999159,0.02463948763756581,0.0028249762173042006,0.002901741707120731,0.003947842382227904,16.923001051032262,-5.2762459863421025,-5.2762459863421025,17.50807563663884,-4.747950758774531,-5.069192961876114,-0.0,50.0,-184.0,-0.6289717426703195,50.85201397523294,-185.19009786804548,0.0,50.00000133472221,-184.0000021587553,-18.32681091100761,-13.013986479723357,-1.757019987472034,-0.4032237909416778,-0.30481582853573763,-0.07847550844020058
1.51,-0.011345684573768333,-0.009065321469850604,-0.0034227739864195472,-0.11069618274128719,0.014518097162562043,0.018915610337302078,0.002725582280614338,0.002923488208761123,0.0039894911763906785,16.923001051032262,-5.2762459863421025,-5.2762459863421025,17.579178940757988,-4.757633972066336,-5.08118605739213,-0.0,50.0,-184.0,-0.6335474145517379,51.04596934656139,-185.1914317912983,0.0,50.00000133472221,-184.0000021587553,-20.078059482549385,-12.817135862063143,-1.5220132898093148,-0.42154047356317054,-0.30414520057940414,-0.07636512358150507
1.52,-0.011826945140832545,0.04697198975994744,-0.037029569838659335,-0.07114631343156802,0.007748609726374684,0.013124691557494643,0.0026981077890254395,0.0027446104431443413,0.002587925088366666,16.94641070099624,-2.0717196219911873,-7.210784685467542,17.627920340920827,-4.760633754853518,-5.091728932529782,-10.064926004433003,48.97649706262472,-185.33870967741936,-0.6483588430279651,51.17788223233373,-185.19389879092984,-10.064926295432254,48.97649836439596,-185.33871183506614,-17.82265486415985,75.84499172423132,-60.55737642743251,-0.3312120224083592,2.3673396376181057,-1.8609738987273483
1.53,-0.01233901126559983,0.04550099710380041,-0.03584515706390705,-0.035004783064014444,-0.2438658283180075,0.1889604411537259,0.0026743768475355634,0.0035701875917886873,0.0025878707954879103,16.94641070099624,-2.0717196219911873,-7.210784685467542,17.65518825141419,-4.663684218678903,-5.168672458775296,-10.064926004433003,48.97649706262472,-185.33870967741936,-0.9890528863395425,51.229184661183446,-185.2293159965158,-10.064926295432254,48.97649836439596,-185.33871183506614,-18.095406753108616,52.18755151092508,-53.24274018405212,-0.36602197122128627,0.7005697568770299,-0.8969109910448302
1.54,-0.012501007746860415,0.04212367887307832,-0.03320281599101392,-0.0013320255866307502,-0.4066002120685627,0.32109025522491286,0.0026673949271396446,0.004263831864535567,0.0025878260005423323,16.94641070099624,-2.0717196219911873,-7.210784685467542,17.6625608152906,-4.461151549201401,-5.3274566263114185,-10.064926004433003,48.97649706262472,-185.33870967741936,-1.6971077919762732,51.21127814029455,-185.28329422431983,-10.064926295432254,48.97649836439596,-185.33871183506614,-17.872299729657716,37.52098472033775,-45.23452892216311,-0.3526916635498138,0.4161803320778488,-0.723938348517308
1.55,-0.01234773154003005,0.0373701140461117,-0.029416827409389612,0.028261475182442916,-0.5263457435098098,0.42065365081736766,0.002672561769758471,0.004650616647993516,0.002587790408857314,16.94641070099624,-2.0717196219911873,-7.210784685467542,17.65211000600798,-4.182130500425028,-5.5498914373368455,-10.064926004433003,48.97649706262472,-185.33870967741936,-2.680077887927802,51.13753293822947,-185.339394407293,-10.064926295432254,48.97649836439596,-185.33871183506614,-17.24437546113384,27.776671977078013,-36.52270239738517,-0.33374309264487156,0.2217467903131455,-0.5484969740513966
1.56,-0.021195167972483775,0.09057647654162851,-0.05083313237850562,0.052790463493364116,-0.6149479775360367,0.48684948047082166,0.002587913435468385,0.004829198116694842,0.0025877660238124937,16.415310670689067,1.3076015945280586,-8.701293869212176,17.626038459788614,-3.844703713783775,-5.818330023985676,-19.71779275566593,45.94789058101153,-186.67741935483872,-3.868089778579857,51.01319989676404,-185.39469255365267,-19.7177933185832,45.94789180030093,-186.67742150654593,-30.215983619690963,74.16721681063801,-70.0630957760737,-0.7311074765218647,1.7034387493852583,-1.6622794426692755
1.57,-0.020257174780835996,0.08308747404150496,-0.04494425296674656,0.12212402573937164,-0.8409366217611691,0.6559236631252314,0.0025881944282072434,0.004997548351697682,0.0025877017484331787,16.415310670689067,1.3076015945280586,-8.701293869212176,17.568632504800586,-3.403698786163502,-6.164502717886182,-19.71779275566593,45.94789058101153,-186.67741935483872,-5.411988215654962,50.78680905029041,-185.4507977429343,-19.7177933185832,45.94789180030093,-186.67742150654593,-27.578947462807967,61.24754085914546,-56.38821125314132,-0.4810671841173516,0.698365434286768,-0.8149612561860137
1.58,-0.018741277488133368,0.07371087370379767,-0.03775830196892578,0.17353051321998755,-1.0105095856434247,0.7620283649621065,0.0025899482033864257,0.004998640553902439,0.0025876604098803314,16.415310670689067,1.3076015945280586,-8.701293869212176,17.47891547885985,-2.8569833064771806,-6.582007832909519,-19.71779275566593,45.94789058101153,-186.67741935483872,-7.303665412921723,50.44737629991778,-185.50856786434457,-19.7177933185832,45.94789180030093,-186.67742150654593,-24.472123310252346,49.95626808926639,-42.301216182268895,-0.4140366530088384,0.46003653358614904,-0.5471028862035517
1.59,-0.016791384598646097,0.06286958551670344,-0.02979457470926293,0.21035165624450303,-1.138078391522473,0.8170327883411687,0.002595713279024912,0.004998640553902439,0.002587638808174468,16.415310670689067,1.3076015945280586,-8.701293869212176,17.36516888840498,-2.2287538423253803,-7.041164450334738,-19.71779275566593,45.94789058101153,-186.67741935483872,-9.438008635498493,50.00992267616889,-185.57237710577476,-19.7177933185832,45.94789180030093,-186.67742150654593,-20.99236429989963,38.0334780888636,-28.200535174170497,-0.3449880947580792,0.2223455676711351,-0.29410895107406787
1.6,-0.0328894469204708,0.11057010670786396,-0.038774959261935554,0.23269930569314906,-1.2242627993122404,0.8247127985550066,0.002587856308601907,0.004998640553902439,0.00258763578625834,15.36472082258052,4.721795795456593,-9.688495250932984,17.234744854694643,-1.5412444784030215,-7.514933639618261,-28.563410754739614,41.03817206036381,-188.01612903225805,-11.71921503497677,49.488127946580306,-185.6486926228887,-28.56341155823119,41.038173151186605,-188.01613117619993,-46.086076040011925,78.51199837640635,-42.84813734758102,-1.1451213282603674,1.581024535420182,-0.9134448267857255
1.61,-0.02993033438179754,0.09706584904308425,-0.030147833780511862,0.3373747694936649,-1.435080009139578,0.8802545460376574,0.002587820277864662,0.004998640553902439,0.0025876148563198234,15.36472082258052,4.721795795456593,-9.688495250932984,17.05980316810196,-0.7564833456357275,-8.011703006424787,-28.563410754739614,41.03817206036381,-188.01612903225805,-14.239431426336052,48.78596409724344,-185.74942829840688,-28.56341155823119,41.038173151186605,-188.01613117619993,-39.4010827818814,63.01486093255327,-27.673513266363223,-0.6186765497135123,0.5597315602403176,-0.26826702834977273
1.62,-0.026152434160157223,0.0818850509810631,-0.021312910257459183,0.40665031276449815,-1.5776837174094374,0.8791047231154758,0.0025877954980269018,0.004998640553902439,0.0025876148563198234,15.36472082258052,4.721795795456593,-9.688495250932984,16.83953665178231,0.12116626390826957,-8.517574172530107,-28.563410754739614,41.03817206036381,-188.01612903225805,-16.96439747780391,47.89157490275029,-185.87811807755023,-28.56341155823119,41.038173151186605,-188.01613117619993,-32.20983443563163,47.12584901069949,-13.524279599788581,-0.4776436560181526,0.2510757509208749,-0.0311359042591104
1.63,-0.021834411987976032,0.06557895185850764,-0.012734578549036507,0.448335629005515,-1.6659385480048536,0.8344198664860465,0.002587780275186833,0.004998640553902439,0.0026386253815918366,15.36472082258052,4.721795795456593,-9.688495250932984,16.589897737518086,1.0601898744760407,-9.006289026240722,-28.563410754739614,41.03817206036381,-188.01612903225805,-19.782649661322296,46.84823077824136,-186.03714872087644,-28.56341155823119,41.038173151186605,-188.01613117619993,-24.7493681245355,31.12585065541811,-0.7489325786212924,-0.3402229316247737,-0.043825372028609186,0.17011842224698073
1.64,-0.04374924719445333,0.10639632598381626,-0.012592188679951322,0.46404758454159506,-1.7026430175710603,0.7554107817011559,0.0025877744819444767,0.004998640553902439,0.0026444928357033303,13.846087757337703,8.028891677462951,-10.134767845918113,16.324716209011545,2.03203829489042,-9.456408991255412,-36.239639361456,34.44834595378433,-189.3548387096774,-22.598196607972042,45.6960451147677,-186.23116990491013,-36.239640364877786,34.44834687507063,-189.35484084740733,-59.934015301127815,66.13914297531532,-2.3559816489199967,-1.4971219373953357,1.2097929750882677,-0.030472698714738195
1.65,-0.03830891811501541,0.08844906627963264,-0.00537322915026639,0.594224852999588,-1.8508646559190607,0.6882793842425298,0.002587725482163227,0.004998640553902439,0.003274938832391932,13.846087757337703,8.028891677462951,-10.134767845918113,16.006431923802598,3.067765600768664,-9.865874490306881,-36.239639361456,34.44834595378433,-189.3548387096774,-25.47092055323584,44.31065777648977,-186.4748883598336,-36.239640364877786,34.44834687507063,-189.35484084740733,-48.28991557800906,48.031621945902295,6.482405184473132,-0.6945112046560223,0.19032200995894502,0.24144739192166348
1.66,-0.03191059057126572,0.06947770111102718,0.0010499484609769183,0.6707901891309563,-1.9260892591124288,0.6034579958497488,0.0025876959915590294,0.004998640553902439,0.0043780353555117205,13.846087757337703,8.028891677462951,-10.134767845918113,15.635690003592124,4.158715858279691,-10.228986536095368,-36.239639361456,34.44834595378433,-189.3548387096774,-28.374631692951994,42.693760681715176,-186.76357199893138,-36.239640364877786,34.44834687507063,-189.35484084740733,-36.13782838215279,30.35354499565003,10.378040629346527,-0.46789626103151327,-0.12910522063407917,0.28281250593134044
1.67,-0.024974977168575052,0.050072518627425594,0.0065621922982934955,0.70625516996262,-1.9440808138220442,0.5051224941969696,0.0025876822074633998,0.004998640553902439,0.003227551641562516,13.846087757337703,8.028891677462951,-10.134767845918113,15.23650220639755,5.271268396108385,-10.53904352865355,-36.239639361456,34.44834595378433,-189.3548387096774,-31.230922885910154,40.927362936972,-187.08504177117698,-36.239640364877786,34.44834687507063,-189.35484084740733,-24.32217179350914,12.88712908959154,18.381111610079707,-0.25964404607541924,-0.429079688637158,0.399976386590167
1.68,-0.05133672391859853,0.08434315260140429,0.01291058292140021,0.7042172328571117,-1.909727486898181,0.3737555206595683,0.00258768300133132,0.004998640553902439,0.0020043944625541526,11.929991363927133,11.097850958755014,-10.020881574987662,14.829352343967907,6.375895912312608,-10.780950814770067,-42.432212874737544,26.44820051634812,-190.69354838709677,-33.95463241201956,39.07509264383801,-187.44964032445637,-42.432214031040004,26.44820123290964,-190.69355052271663,-68.17322408363118,42.8007269481779,37.875876092390634,-1.729228123337427,0.7079763578564762,0.7784764807360771
1.69,-0.043421114911765396,0.06477987870850932,0.015681944843733725,0.8434403484421813,-1.9764119920758723,0.19931917530149845,0.002587628413181633,0.004998640553902439,0.0018817095538264579,11.929991363927133,11.097850958755014,-10.020881574987662,14.368969996673702,7.499611208508701,-10.929842641538121,-42.432212874737544,26.44820051634812,-190.69354838709677,-36.556993936901314,36.97540524946331,-187.90057227481992,-42.432214031040004,26.44820123290964,-190.69355052271663,-51.985283629318104,24.709129874246113,40.8424851391289,-0.685878291221859,-0.23652290362993467,0.6773838765219478
1.7,-0.03455695982521692,0.04497911512564845,0.016783748119964748,0.9134179755507678,-1.9748917398902197,0.04115298968722868,0.0025876148563198234,0.004998640553902439,0.002036639589586326,11.929991363927133,11.097850958755014,-10.020881574987662,13.857392232744921,8.633713434032462,-10.984059586571966,-42.432212874737544,26.44820051634812,-190.69354838709677,-39.01951886109816,34.63589163370342,-188.43444141736532,-42.432214031040004,26.44820123290964,-190.69355052271663,-35.48650939174416,7.7632049854297325,35.54117153604267,-0.38773850766527335,-0.5213154148324426,0.5370172610193614
1.71,-0.025283662396511697,0.02548230100824947,0.016461046838904342,0.9312758777596677,-1.9217758750846716,-0.08773273553767397,0.0025876148563198234,0.004998640553902439,0.0022686222454376113,11.929991363927133,11.097850958755014,-10.020881574987662,13.325330444706726,9.747479162331544,-10.95836100119016,-42.432212874737544,26.44820051634812,-190.69354838709677,-41.30750671894201,32.17216652504299,-189.02109441636352,-42.432214031040004,26.44820123290964,-190.69355052271663,-19.44155723429917,-8.13590299001276,28.01937349701419,-0.11289526094885494,-0.7739441757727042,0.37276283234090507
1.72,-0.05487962482086872,0.054261369277278315,0.026835073113687546,0.9027338752836431,-1.8233113837861654,-0.1867265848218014,0.0025876148563198234,0.004998640553902439,0.0033333609767337265,9.707644493738394,13.818836824454419,-9.34366719483627,12.798513580607976,10.814982543889473,-10.869705528268259,-46.88760660735402,17.365262642241014,-192.03225806451613,-43.39821444388753,29.687774572477,-189.6324117839486,-46.88760786545802,17.365263125677554,-192.0322602030171,-68.29114296613494,19.485034365598132,31.50777814448124,-1.7936659548387188,0.2839503368014866,0.5509910236564637
1.73,-0.044990097488168734,0.035974034705027025,0.024367276166229773,1.0366938660825094,-1.817741407459442,-0.2894986140272566,0.0025876148563198234,0.004998640553902439,0.003769114390740822,9.707644493738394,13.818836824454419,-9.34366719483627,12.225518459171395,11.861586542433793,-10.722735323278865,-46.88760660735402,17.365262642241014,-192.03225806451613,-45.34677015720053,27.033996377109933,-190.2492016650948,-46.88760786545802,17.365263125677554,-192.0322602030171,-48.38843826749643,3.7874620656655145,23.30818646111666,-0.5710157550473053,-0.5416254858373123,0.23716176026228789
1.74,-0.03427599434135717,0.018099030447824183,0.021044517929132978,1.0904761647851426,-1.7562871750550115,-0.3638329053522429,0.0025876148563198234,0.0049820614732130385,0.004069915635528025,9.707644493738394,13.818836824454419,-9.34366719483627,11.608918896581942,12.881982136710944,-10.528223646366552,-46.88760660735402,17.365262642241014,-192.03225806451613,-47.15898900618271,24.23245545317727,-190.8493184322369,-46.88760786545802,17.365263125677554,-192.0322602030171,-29.157416084961117,-10.896544611683362,16.69765984746724,-0.23210445521020792,-0.7716676433408614,0.10699796550708168
1.75,-0.023354211210923542,0.0010655353421154534,0.01708263098919352,1.0852486408799917,-1.6542014877823612,-0.42040833905477326,0.0025876148563198234,0.004711803839330926,0.003836075643234978,9.707644493738394,13.818836824454419,-9.34366719483627,10.983761812277766,13.851847364106575,-10.298069191356591,-46.88760660735402,17.365262642241014,-192.03225806451613,-48.80562983531189,21.407558715650342,-191.42088773596925,-46.88760786545802,17.365263125677554,-192.0322602030171,-11.075113298902844,-25.407080545427664,12.054671471243635,0.07036128735495546,-0.9925786089447621,0.012571341798079954
1.76,-0.05497856991296471,0.025362324294390615,0.03408381226342075,1.0286830830291007,-1.4771298644674102,-0.4595075442694624,0.0025876148563198234,0.004998640553902439,0.0044547394328694504,7.289502771087802,16.10852817647714,-8.115462722650118,10.378813838270968,14.740619802248213,-10.041191600377516,-49.42341621640557,7.571388875228835,-193.3709677419355,-50.237300048457,18.674720824526638,-191.95535116432947,-49.423417523084495,7.571389105093812,-193.37096988732705,-64.58596204872252,0.8045036792320011,27.39645079469712,-1.7901581723493625,0.3134385111101225,0.5354739044618648
1.77,-0.043891902822614376,0.010725977976753731,0.028988600389048103,1.1494787434478162,-1.4357447548316518,-0.5427711629790015,0.0025876148563198234,0.004957803872331059,0.004690513199283016,7.289502771087802,16.10852817647714,-8.115462722650118,9.738089885015805,15.575811606100661,-9.744914639541168,-49.42341621640557,7.571388875228835,-193.3709677419355,-51.48111479542397,15.85680274002548,-192.45268544344304,-49.423417523084495,7.571389105093812,-193.37096988732705,-43.08251086408676,-11.630962622197579,19.67214974081027,-0.45164571789159447,-0.6909375512356686,0.10537887070161635
1.78,-0.03214917037465759,-0.003167169253434965,0.023238145593384774,1.1847210384242308,-1.34560630876957,-0.5982232162505221,0.0025876148563198234,0.004144093718969104,0.00480208799445385,7.289502771087802,16.10852817647714,-8.115462722650118,9.063635188157374,16.366418689478056,-9.412383455252959,-49.42341621640557,7.571388875228835,-193.3709677419355,-52.56037286569578,12.95361998552626,-192.91363325496013,-49.423417523084495,7.571389105093812,-193.37096988732705,-22.505211677085928,-26.248236227554305,12.77891149621968,-0.09480532695109976,-0.9278700010737296,-0.025940377739361895
1.79,-0.02039995458253288,-0.015785108239865564,0.017046576060060437,1.1582766540182894,-1.1812501294947457,-0.6335065300346777,0.0025877573258113896,0.00260500466075624,0.004708441954723975,7.289502771087802,16.10852817647714,-8.115462722650118,8.39229664212597,17.079485142280816,-9.05571833719996,-49.42341621640557,7.571388875228835,-193.3709677419355,-53.42676608620469,10.107851398509071,-193.33091956023657,-49.423417523084495,7.571389105093812,-193.37096988732705,-2.753054084356814,-55.8554237282886,6.743065185333974,0.22926687603394955,-1.3771606118546504,-0.1378458663416362
1.8,-0.05266240752471543,0.005001746513021765,0.04114834639547915,1.0793384386221572,-0.9676600405411819,-0.6501093151829452,0.0025876148563198234,0.004900015963650461,0.004877411433999933,4.800028895070863,17.9103755636512,-6.365434072045864,7.7538007550138355,17.67979498889643,-8.684911756639433,-49.93582535855264,-2.532458441935632,-194.70967741935485,-54.022025236472466,7.447135551132799,-193.70114329839663,-49.93582666015292,-2.5324584766411067,-194.7096795732227,-59.25063610650819,-8.628572899059364,28.673264284576657,-1.7219145711392454,0.2909026122788928,0.6068203167902069
1.81,-0.04115668214674505,-0.004514413043014365,0.03413277478840396,1.183817776834759,-0.9223471313713169,-0.7343232949766741,0.0025876148563198234,0.003808160415239582,0.004953398051910962,4.800028895070863,17.9103755636512,-6.365434072045864,7.090028580504156,18.22140570280183,-8.278661830319557,-49.93582535855264,-2.532458441935632,-194.70967741935485,-54.41770014559787,4.74693038071091,-194.0406761740213,-49.93582666015292,-2.5324584766411067,-194.7096795732227,-37.35303492594144,-21.00764859153855,20.230056737081757,-0.3476053869148986,-0.7179953178715751,0.0606952059189352
1.82,-0.029162955534096424,-0.01315786704289229,0.026483197470516695,1.2023190854118335,-0.8101372359610446,-0.7862784121691514,0.0025876148563198234,0.0026536530419495,0.004980120105553825,4.800028895070863,17.9103755636512,-6.365434072045864,6.402149734249454,18.709901831610853,-7.837539111675169,-49.93582535855264,-2.532458441935632,-194.70967741935485,-54.625680750334645,2.0056307310549526,-194.35108230772107,-49.93582666015292,-2.5324584766411067,-194.7096795732227,-16.37972992073487,-40.86635806237469,12.18897733509977,0.010130637481081561,-1.01606857397568,-0.08999885730005286
1.83,-0.017326577837692564,-0.02046702742311135,0.018448440130735988,1.1598933059663703,-0.6628601718742426,-0.8140401708534395,0.0025917917297705482,0.002588231918236961,0.004969916327354072,4.800028895070863,17.9103755636512,-6.365434072045864,5.72672632425433,19.12012661966969,-7.375724134386003,-49.93582535855264,-2.532458441935632,-194.70967741935485,-54.61975264822831,-0.6410137970609266,-194.6325523118732,-49.93582666015292,-2.5324584766411067,-194.7096795732227,2.4420013474526927,-50.98409750539067,4.109544102382417,0.31354854775565844,-1.1381641838994616,-0.23442634527751596
1.84,-0.048630501462554786,-0.003852941120470854,0.04906493047297654,1.0676504137672302,-0.5005819468741899,-0.8192143635296631,0.0025876148563198234,0.003988034757721105,0.004991668394400549,2.3690531850014525,19.19138800603038,-4.142161008286431,5.092633958154021,19.441257576581105,-6.905400299508428,-48.40385594331021,-12.53262661293602,-196.0483870967742,-54.4020026221725,-3.095205528043318,-194.8937055581741,-48.40385718763457,-12.532626912217655,-196.04838925773944,-53.08055258864049,-11.099922194309698,32.19945136084625,-1.5867238660178253,0.19393579980545084,0.7151020096431703
1.85,-0.03734758837296943,-0.008713483484230233,0.04030776102396229,1.1539210185051187,-0.46196600123617426,-0.9106808431744935,0.0025876148563198234,0.00300249584293357,0.004998640553902439,2.3690531850014525,19.19138800603038,-4.142161008286431,4.442610967484725,19.716752150069382,-6.3990666124655124,-48.40385594331021,-12.53262661293602,-196.0483870967742,-54.00991211705274,-5.577312468175232,-195.14218456699246,-48.40385718763457,-12.532626912217655,-196.04838925773944,-31.968914851812414,-21.601119781984167,22.445444837708127,-0.26946045732482105,-0.5886371897323158,0.04745581680312364
1.86,-0.025733642507444372,-0.01295640820357602,0.030885204894908716,1.1582568784805918,-0.3902668564953077,-0.9636031449555001,0.0025876148563198234,0.0026576214192460656,0.004998640553902439,2.3690531850014525,19.19138800603038,-4.142161008286431,3.7772833424284693,19.955627468176004,-5.856332584665634,-48.40385594331021,-12.53262661293602,-196.0483870967742,-53.46226729093677,-8.097016833084517,-195.3803833739235,-48.40385718763457,-12.532626912217655,-196.04838925773944,-12.3926596234692,-30.203167960310342,12.717181980490306,0.06054145513059044,-0.7094993779809405,-0.13204236236200056
1.87,-0.014398920759970901,-0.016391024057313686,0.021094831551225254,1.105286225908133,-0.30378726406047285,-0.9874358342888859,0.0026094631009105727,0.0025993913705949995,0.004998285153465876,2.3690531850014525,19.19138800603038,-4.142161008286431,3.1311854624466107,20.14741080771932,-5.294180913179868,-48.40385594331021,-12.53262661293602,-196.0483870967742,-52.77212143173741,-10.539338467236389,-195.61356513795295,-48.40385718763457,-12.532626912217655,-196.04838925773944,5.169031981033819,-35.13334602971106,3.0969552907361058,0.3397150376482713,-0.7657634695077604,-0.3013017169614615
1.88,-0.043079526950676295,-0.005900022647857328,0.05704802472021278,1.008371629369357,-0.21171964846899055,-0.9841887194513627,0.0025876148563198234,0.0028630665421416675,0.004998640553902439,0.12163208418505335,19.93763441104811,-1.5162301296317156,2.5307879074295414,20.288018897503346,-4.72728230607352,-44.89022697853708,-22.019707577881718,-197.38709677419354,-51.96202437011319,-12.819223257631931,-195.84984455497835,-44.89022811695655,-22.01970812968448,-197.3870989384351,-45.79942866364171,-11.882846448384829,36.337444501002736,-1.3855807237468947,-0.003404068713925821,0.8224273679971498
1.89,-0.0325151261146764,-0.007951362121704997,0.046590514056714896,1.0741110492107069,-0.19498309444237058,-1.0828467171750986,0.0025876148563198234,0.0031017179469849387,0.004998640553902439,0.12163208418505335,19.93763441104811,-1.5162301296317156,1.9229714896001266,20.40424012952563,-4.1232307545097715,-44.89022697853708,-22.019707577881718,-197.38709677419354,-51.02300384711498,-15.134174989367738,-196.08945006388635,-44.89022811695655,-22.01970812968448,-197.3870989384351,-26.67709017868563,-14.231741401674135,24.931937273900765,-0.20754652587517972,-0.3827494656530565,0.04015951594274025
1.9,-0.02177417251723274,-0.009744616736383604,0.03543963160991362,1.0657449946679334,-0.165078085379374,-1.1362206438998177,0.0025876148563198234,0.002858039190280784,0.004998640553902439,0.12163208418505335,19.93763441104811,-1.5162301296317156,1.3083555243381633,20.505218827744514,-3.4814739431532646,-44.89022697853708,-22.019707577881718,-197.38709677419354,-49.974072809261415,-17.49532214968166,-196.3342637299989,-44.89022811695655,-22.01970812968448,-197.3870989384351,-8.972162621725637,-18.2700575012591,13.659174753445136,0.08738732357693499,-0.4422852593718372,-0.1653829005345613
1.91,-0.01140643204257794,-0.011193218993159393,0.02394325918863815,1.0060476189733822,-0.12744340435458495,-1.1557089304598855,0.0026795457892808587,0.002735573403028208,0.004998640553902439,0.12163208418505335,19.93763441104811,-1.5162301296317156,0.7180116617209105,20.58602894879888,-2.8218502967827424,-44.89022697853708,-22.019707577881718,-197.38709677419354,-48.846032010433035,-19.80008183642319,-196.58927523413112,-44.89022811695655,-22.01970812968448,-197.3870989384351,6.763702202276242,-21.173807671769858,2.6441396405142767,0.3332759795674699,-0.47983441829550777,-0.3567979474370886
1.92,-0.03593396405057696,-0.008528570698800031,0.06365371179306703,0.9110756767637964,-0.08579664133277289,-1.1439134528932806,0.0025876148563198234,0.00300404473814509,0.004998640553902439,-1.831033947656842,20.150310163762008,1.4188759322032274,0.17457705063886922,20.64387841985885,-2.16141386489536,-39.538786846884925,-30.605299127383145,-198.7258064516129,-47.668310108025466,-21.971637412813266,-196.85941668185336,-39.53878783643194,-30.60529990752787,-198.72580861424166,-36.88978677757587,-12.569148004209787,39.3560215881389,-1.1297640546330854,-0.18847752384813152,0.8896557468418529
1.93,-0.026491714941444887,-0.00929502151081324,0.05157430308414473,0.9530048270628476,-0.0671388585374266,-1.245419061807912,0.0025876148563198234,0.0029020121422403964,0.004998640553902439,-1.831033947656842,20.150310163762008,1.4188759322032274,-0.3677764231384954,20.686595440029638,-1.464364885013406,-39.538786846884925,-30.605299127383145,-198.7258064516129,-46.38280019469307,-24.17108482081705,-197.14068683065454,-39.53878783643194,-30.60529990752787,-198.72580861424166,-20.076261157909318,-14.552468973535143,26.547732062757024,-0.13539439021642252,-0.35080809082010567,0.02134468247292788
1.94,-0.017039391631055802,-0.009841154780570405,0.03880957660703142,0.9317812018738904,-0.0441111722222253,-1.2959892981606576,0.0025926164029133536,0.002841154212083836,0.004998640553902439,-1.831033947656842,20.150310163762008,1.4188759322032274,-0.9078698830269705,20.71655794513483,-0.7303266985090254,-39.538786846884925,-30.605299127383145,-198.7258064516129,-44.99331700428657,-26.399652221578826,-197.43300101047828,-39.53878783643194,-30.60529990752787,-198.72580861424166,-4.795923524277873,-15.89468632684731,13.947418402492696,0.1150324731692244,-0.3667569636609746,-0.20571894432708052
1.95,-0.00804403484842093,-0.01015081887435193,0.02574997733034995,0.8674749927251605,-0.02019641481229728,-1.308650285550443,0.0029445427526716356,0.002810454200130261,0.004998640553902439,-1.831033947656842,20.150310163762008,1.4188759322032274,-1.419373787907366,20.732930009709268,0.018450786303614224,-39.538786846884925,-30.605299127383145,-198.7258064516129,-43.543857940936995,-28.56800087589569,-197.7400065925003,-39.53878783643194,-30.60529990752787,-198.72580861424166,8.097019202589445,-16.591903958098495,1.7552629208964887,0.3092284346874067,-0.37136739606999974,-0.41479638372986466
1.96,-0.027191269470737404,-0.015578817218682595,0.06739310273512708,0.778784120999637,0.0030957286725006618,-1.2865735672495164,0.0025876538384065114,0.002604702078270291,0.004998640553902439,-3.3976250655741933,19.843477867998725,4.549254063166903,-1.8850084792416848,20.73544998705154,0.7629128883251711,-32.56862413611111,-37.93790613463955,-200.06451612903226,-42.072508186990994,-30.612135982825496,-198.06266357409575,-32.56862494115453,-37.93790710799657,-200.0645182857905,-25.537495929349802,-24.554653740133855,40.17577540723053,-0.8116761784238035,-0.6071893090090935,0.9000204573052368
1.97,-0.019244629775614315,-0.015241386965261505,0.053901312249019034,0.7934054938275104,0.05568328407591389,-1.3843793985146402,0.002588653795717485,0.002607758183132851,0.004998640553902439,-3.3976250655741933,19.843477867998725,4.549254063166903,-2.3403452635127038,20.71329205287794,1.5406111288024968,-32.56862413611111,-37.93790613463955,-200.06451612903226,-40.47610782083074,-32.647513785341694,-198.3963050839118,-32.56862494115453,-37.93790710799657,-200.0645182857905,-11.869084141543473,-23.321493255209774,26.260455109478613,-0.04723127928550268,-0.4628528606562031,-0.02248488959261747
1.98,-0.011472416162075463,-0.014446830227756224,0.039786926575169856,0.7584006575793998,0.09757380846371518,-1.4272257190255586,0.0026825938738781795,0.0026176588618122493,0.004998640553902439,-3.3976250655741933,19.843477867998725,4.549254063166903,-2.7834440529996063,20.665418277926,2.351519069522321,-32.56862413611111,-37.93790613463955,-200.06451612903226,-38.75136477986672,-34.66852182729504,-198.74079685331907,-32.56862494115453,-37.93790710799657,-200.0645182857905,0.3754588489067803,-21.477116356355108,12.67228186249094,0.14799382078177578,-0.41963700919097285,-0.26392533752727326
1.99,-0.004234778653801785,-0.013283916490335057,0.025470829432663725,0.6919735806457709,0.13015286097720144,-1.4293469869881288,0.003676471569925264,0.002640575858051781,0.004998640553902439,-3.3976250655741933,19.843477867998725,4.549254063166903,-3.1942041132710237,20.596977217306048,3.1716702678306574,-32.56862413611111,-37.93790613463955,-200.06451612903226,-36.958445118752664,-36.605290874146384,-199.09749037890248,-32.56862494115453,-37.93790710799657,-200.0645182857905,8.665721782642839,-18.95209518091548,-0.27163913573272663,0.26062579541493813,-0.367244779398964,-0.48238712281445595
2.0,-0.017144461969319222,-0.02580588786946053,0.0671557901123356,0.6121284634195095,0.15281293859965345,-1.3944455067504116,0.002593086933320722,0.002587882490759396,0.004998640553902439,-4.509059462790818,19.04383146316589,7.7472394283460915,-3.562155273222413,20.512780447986884,3.980629509897891,-24.26509812655405,-43.717330807229104,-201.40322580645162,-35.148866427727995,-38.41347904638888,-199.46212184574892,-24.26509871976842,-43.71733192992601,-201.4032279551009,-12.60493426960747,-38.54371009156804,38.03120545934651,-0.4633595221379805,-0.9926495134729351,0.843518292135312
2.01,-0.011053725958580549,-0.02375321179797102,0.052644728227721274,0.5968384142328123,0.24035856051724533,-1.4809588837197474,0.0027109044887074244,0.0025878537355197868,0.004998640553902439,-4.509059462790818,19.04383146316589,7.7472394283460915,-3.909706955539377,20.390615855580023,4.816055362267739,-24.26509812655405,-43.717330807229104,-201.40322580645162,-33.194598667953365,-40.16390028693764,-199.8363106695243,-24.26509871976842,-43.71733192992601,-201.4032279551009,-2.5681185945576934,-33.42038203849564,23.49824672199702,0.04903054155527673,-0.5797118972741468,-0.0956675957663627
2.02,-0.0053342646911518216,-0.020998112851124906,0.03763580197887931,0.5482803810431397,0.30106221917750225,-1.5106432041393523,0.00328707762384548,0.0025878329817883546,0.004998640553902439,-4.509059462790818,19.04383146316589,7.7472394283460915,-4.234506185173556,20.229404715948096,5.6774548283628015,-24.26509812655405,-43.717330807229104,-201.40322580645162,-31.09314354851935,-41.849227222851624,-200.22069489123623,-24.26509871976842,-43.71733192992601,-201.4032279551009,5.014954859017389,-27.650139541210432,9.50222251505386,0.15809253610743104,-0.4646974678116186,-0.3399350611473273
2.03,-0.00018967253972256015,-0.017753427675895495,0.0225633760121884,0.485470501634687,0.34044616619673895,-1.498481335783722,0.0043012253088730735,0.002591882418801609,0.004998640553902439,-4.509059462790818,19.04383146316589,7.7472394283460915,-4.525620857088579,20.041362333176345,6.540117306017697,-24.26509812655405,-43.717330807229104,-201.40322580645162,-28.921423095372766,-43.42800632743468,-200.61009372340723,-24.26509871976842,-43.71733192992601,-201.4032279551009,8.845477613157172,-21.327465941432614,-3.7258265330937057,0.2032754615806107,-0.34681083541223146,-0.5594881771095844
2.04,-0.006351138530064082,-0.036074960030093695,0.0625270510942178,0.41271243401376373,0.35912206302307553,-1.4486079610593565,0.002996737109625376,0.002587812572909323,0.004998640553902439,-5.117937939749441,17.792183492275473,10.881522913645703,-4.777641647560483,19.83733275467777,7.383106831218574,-14.968156148667902,-47.70696282000244,-202.74193548387098,-26.746044703912208,-44.874124968907175,-200.99806215617832,-14.968156511304,-47.70696404214925,-202.7419376247799,1.0408904966113293,-51.088789779983685,32.9304597278922,-0.11664455827407673,-1.3238279661341283,0.7274433244108064
2.05,-0.0024367673477474344,-0.03178862993559417,0.04757567926236639,0.3699966904596395,0.4729544858165232,-1.516923971784125,0.004086604523238495,0.002587771185024553,0.004998640553902439,-5.117937939749441,17.792183492275473,10.881522913645703,-4.999231450983055,19.5859494434171,8.242732799451813,-14.968156148667902,-47.70696282000244,-202.74193548387098,-24.42183136136271,-46.21389527383725,-201.39452815932307,-14.968156511304,-47.70696404214925,-202.7419376247799,4.926661689235543,-41.23329149195101,18.525885705011383,0.10297610663825849,-0.6439407508575306,-0.18842340512158043
2.06,0.0009751018611407203,-0.026646838803306705,0.03230374104646164,0.316676693425498,0.5426491911477628,-1.5291497955862656,0.004183729957171081,0.0025877450915512933,0.004998640553902439,-5.117937939749441,17.792183492275473,10.881522913645703,-5.1916256998956785,19.287553676418057,9.118205842893593,-14.968156148667902,-47.70696282000244,-202.74193548387098,-21.949710396262603,-47.44902412427978,-201.79471704488915,-14.968156511304,-47.70696404214925,-202.7419376247799,7.502401941807815,-30.965614710848804,4.722105265370602,0.1312903119956214,-0.45089717100687965,-0.42474430276676156
2.07,0.0038165684768663027,-0.020997738288663914,0.017138010657251124,0.25629287182340454,0.578155888731935,-1.500472142658592,0.003537787542307223,0.0025877316162216052,0.0049768106675751175,-5.117937939749441,17.792183492275473,10.881522913645703,-5.350922062686887,18.96203852182115,9.985274303144609,-14.968156148667902,-47.70696282000244,-202.74193548387098,-19.42373515026754,-48.564272243088645,-202.1907012838326,-14.968156511304,-47.70696404214925,-202.7419376247799,10.64395163319096,-20.726246442077276,-8.449728020859542,0.16855616990579533,-0.2685312759609541,-0.6388473379900735
2.08,0.004633169920178551,-0.043904559925029785,0.053897653039490484,0.186879210919621,0.5820161340154247,-1.4350672548713972,0.003279626905148612,0.0025877301445783644,0.004998640553902439,-5.1965517370208145,16.145820959469717,13.828449135605824,-5.4724022436913975,18.626552222634405,10.82351605651512,-5.058416099371614,-49.74346616959476,-204.0806451612903,-16.92533999001863,-49.54449767920488,-202.5824982500965,-5.0584162211115995,-49.743467437990894,-204.08064729706786,11.452421401108253,-58.962372269640426,25.6888137916685,0.1266177352281637,-1.552279497614239,0.5770085669522029
2.09,0.00615126561824661,-0.037300878383244085,0.039211113741334735,0.12181852425398534,0.7076694441797419,-1.4807470598780466,0.0028700760764049154,0.002587681656420149,0.004998640553902439,-5.1965517370208145,16.145820959469717,13.828449135605824,-5.555585148091184,18.24195641620259,11.666722768896822,-5.058416099371614,-49.74346616959476,-204.0806451612903,-14.296597020033987,-50.381734172961934,-202.98126540697024,-5.0584162211115995,-49.743467437990894,-204.08064729706786,13.33462076080273,-44.834488462439914,11.799060698076916,0.1733043947613585,-0.6373947974740266,-0.2905258451027393
2.1,0.006997343903513198,-0.02982152557225254,0.02440931281345643,0.05436658475318299,0.7738500915797241,-1.4737028593426398,0.0027294500757394247,0.0025876557744186814,0.004998640553902439,-5.1965517370208145,16.145820959469717,13.828449135605824,-5.600206643701742,17.809896677657935,12.514171454350922,-5.058416099371614,-49.74346616959476,-204.0806451612903,-11.541992704663999,-51.07626178617452,-203.38546895208208,-5.0584162211115995,-49.743467437990894,-204.08064729706786,13.447946443894818,-30.61045338732811,-1.3489547188567736,0.1538035511251431,-0.37869432137937653,-0.5101585998023568
2.11,0.007187589605799308,-0.021931405699031015,0.00989018824871049,-0.00886620021041403,0.7949621621313103,-1.4287113200528447,0.0027983106529626822,0.0025876474855481826,0.004955623431646226,-5.1965517370208145,16.145820959469717,13.828449135605824,-5.607524091770146,17.35686153349636,13.343274244273926,-5.058416099371614,-49.74346616959476,-204.0806451612903,-8.768091636952702,-51.635475807802074,-203.78860879641786,-5.0584162211115995,-49.743467437990894,-204.08064729706786,11.78223778119766,-16.697508152789858,-13.69258532634099,0.1058751357234708,-0.13857263481387785,-0.7055745411097377
2.12,0.014846822441087551,-0.04835964249695096,0.04232172304060511,-0.06356753804554864,0.7755768024507268,-1.3474396112536935,0.0021397967183532885,0.002587655096977232,0.004998640553902439,-4.7349263829926675,14.180433204893431,16.48159680052191,-5.5810285646862345,16.905190620558354,14.134728813101555,5.058416099371602,-49.74346616959476,-205.41935483870967,-6.066225496711428,-52.070562873188486,-204.18503694079862,5.058416220608108,-49.74346743012905,-205.41935697308665,29.531509452640964,-62.39873512780034,16.750509499797815,0.6598735647643179,-1.6983486721822922,0.4251834195748173
2.13,0.013611319554802936,-0.03980695886812474,0.02864413611234118,-0.1643007608794332,0.9003483912084635,-1.3700386397833775,0.0024363128695261914,0.0025876148563198234,0.004998640553902439,-4.7349263829926675,14.180433204893431,16.48159680052191,-5.5049238659565,16.409164866595532,14.918855610783972,5.058416099371602,-49.74346616959476,-205.41935483870967,-3.2706304794228966,-52.326339052987656,-204.5979004599866,5.058416220608108,-49.74346743012905,-205.41935697308665,21.14603578027677,-44.418863333587026,4.3771438632250055,0.2138175745842971,-0.5753944019593126,-0.38272652996692175
2.14,0.011570657420423722,-0.03046125806111244,0.015051692059149524,-0.2327287499859454,0.9542891612084892,-1.345132865847605,0.002826803309271913,0.0025876148563198234,0.004967447994476586,-4.7349263829926675,14.180433204893431,16.48159680052191,-5.3842285002331325,15.870919816005973,15.696017613687305,5.058416099371602,-49.74346616959476,-205.41935483870967,-0.384698137549178,-52.41609954827973,-205.0174198085548,5.058416220608108,-49.74346743012905,-205.41935697308665,13.408723531480659,-26.911255107468392,-7.3233121239905685,0.06447813385992483,-0.26522956988093904,-0.5731392519944557
2.15,0.008978961129169863,-0.020869667027452743,0.001894674828381182,-0.2776673262570888,0.9557061441813163,-1.2868157992741585,0.0033825514176247023,0.0025876148563198234,0.004770599401762894,-4.7349263829926675,14.180433204893431,16.48159680052191,-5.233278422825677,15.321562981406855,16.446330255926586,5.058416099371602,-49.74346616959476,-205.41935483870967,2.4792362168533653,-52.385345858920566,-205.424460809519,5.058416220608108,-49.74346743012905,-205.41935697308665,6.745891375359034,-10.330268816610115,-18.82299751694303,-0.059163523697571406,0.013861255446918665,-0.7532657325252392
2.16,0.02340754553827075,-0.04975119701700037,0.029281957131877756,-0.304739089868859,0.911020362178041,-1.1771533489405126,0.0038361043682911154,0.0025876148563198234,0.004998640553902439,-3.739906463975168,11.990139297888026,18.75748987862911,-5.062857668824353,14.786815610279366,17.14795340811037,14.968156148667887,-47.706962820002445,-206.75806451612902,5.21491031613097,-52.262149700719135,-205.80612611869014,14.968156506731518,-47.70696401977221,-206.75806665252486,23.09002698021981,-60.64220554720549,8.965115131826611,0.48913453305887494,-1.724824609728053,0.437184375924458
2.17,0.019910935624568776,-0.03987920993515512,0.017398064369866073,-0.3795043883239982,1.0272390707091361,-1.1830659300253943,0.003960018329400014,0.0025876148563198234,0.004978193154239877,-3.739906463975168,11.990139297888026,18.75748987862911,-4.858627139417131,14.215815866376452,17.82830569631508,14.968156148667887,-47.706962820002445,-206.75806451612902,7.9933187323566415,-51.98196739541297,-206.1686347103622,14.968156506731518,-47.70696401977221,-206.75806665252486,16.711128380753664,-40.81602574756175,-1.9805157609032316,0.08300004127771095,-0.4802745112787079,-0.43615342821752645
2.18,0.015808670680952014,-0.029344937304923074,0.005744428879366992,-0.43277720165479283,1.065902741328874,-1.1465086475078592,0.0038229379543243567,0.0025876148563198234,0.0049163682269639025,-3.739906463975168,11.990139297888026,18.75748987862911,-4.62063229148006,13.610371199924334,18.493748558297057,14.968156148667887,-47.706962820002445,-206.75806451612902,10.823704096534145,-51.55580710751778,-206.51512500525976,14.968156506731518,-47.70696401977221,-206.75806665252486,11.07668326575541,-21.85987869433644,-12.311324152458834,-0.02957343607969344,-0.15006487303720195,-0.6004814100197944
2.19,0.011275682926941408,-0.018739461334518565,-0.0053780749215403545,-0.46711009674910964,1.048265394765698,-1.0780683278134862,0.004077257958567967,0.0025891332695386618,0.0030873500976774885,-3.739906463975168,11.990139297888026,18.75748987862911,-4.359056893094652,13.004032187763915,19.12670511261556,14.968156148667887,-47.706962820002445,-206.75806451612902,13.59199337016887,-51.02798242642315,-206.84376805452484,14.968156506731518,-47.70696401977221,-206.75806665252486,4.649857762379056,-3.64202619137548,-31.65384613184388,-0.14605376082238677,0.15456271547709355,-0.9826647443872234
2.2,0.03275785366002441,-0.04882522808602188,0.01664496378154834,-0.4830526958232098,0.9824094170730688,-0.943566827546173,0.00452983414855885,0.0025876148563198234,0.004974296722472223,-2.235637985467809,9.684471310182719,20.596913316477227,-4.084003450856908,12.424028922276753,19.69795411783087,24.26509812655404,-43.71733080722911,-208.09677419354838,16.17054700209598,-50.41743004287811,-207.14613789081804,24.265098706893365,-43.717331896580205,-208.096776333825,25.997882963267102,-57.19631858766099,1.9515410198813403,0.5679897482165513,-1.6968986928489103,0.3869748451112234
2.21,0.02744318980867206,-0.03830135211455038,0.007160480784169532,-0.5624821780820308,1.0864694953819756,-0.9391243382489968,0.004734168590832794,0.0025876148563198234,0.004937716222714866,-2.235637985467809,9.684471310182719,20.596913316477227,-3.7754426576646325,11.816429060096906,20.240286323833068,24.26509812655404,-43.71733080722911,-208.09677419354838,18.7501416273215,-49.64977790148911,-207.43015533834833,24.265098706893365,-43.717331896580205,-208.096776333825,18.023771273822756,-36.538271960802916,-7.0329479229365095,0.05069371575462759,-0.39343129909788693,-0.4515225830720739
2.22,0.02152192591477633,-0.02725310959918603,-0.0020272698967366276,-0.6131614961209044,1.1107268729213686,-0.8981729929894604,0.004826436883987711,0.0025876148563198234,0.004347367724728037,-2.235637985467809,9.684471310182719,20.596913316477227,-3.4333979895810605,11.182367517843053,20.764200006689816,24.26509812655404,-43.71733080722911,-208.09677419354838,21.351404348324305,-48.740954494259746,-207.70054703911987,24.265098706893365,-43.717331896580205,-208.096776333825,10.795772601269396,-16.969262531829358,-16.875365239464188,-0.08527742103735107,-0.057048141670106446,-0.612009812246932
2.23,0.01520606565356502,-0.01628212698725187,-0.010586972710659781,-0.6438215477809915,1.0780007710333388,-0.8131065016851238,0.00469781077727782,0.002595469391079178,0.0027954277689868946,-2.235637985467809,9.684471310182719,20.596913316477227,-3.069878040085178,10.555952551235466,21.249438761190667,24.26509812655404,-43.71733080722911,-208.09677419354838,23.852670945482842,-47.73682545094358,-207.9579329316747,24.265098706893365,-43.717331896580205,-208.096776333825,4.294672164551368,1.6045402552080097,-36.39154445960866,-0.20364654525987436,0.24616113450885357,-0.9280956200858324
2.24,0.04308112073931255,-0.04609285756057313,0.005805635651145835,-0.6552388285997583,0.9983766743012747,-0.6844085433613484,0.004883525571475401,0.0025876148563198234,0.004862009726998742,-0.2651349697802034,7.382100992436891,21.962833856707654,-2.6949783630538096,9.964294342779274,21.66993532077236,32.568624136111104,-37.937906134639555,-209.43548387096774,26.133568964945667,-46.66122323496531,-208.2022759440112,32.568624915647824,-37.93790706927181,-209.43548601478076,30.69004746674274,-52.301588512539716,-3.446341012884047,0.6788090057325099,-1.6000686608672219,0.27923117392788366
2.25,0.03597770729181616,-0.03549317858611786,-0.0010450585811519475,-0.7452729670807998,1.0876181500075046,-0.6744707350269458,0.004960059530488706,0.0025876148563198234,0.004485739208008382,-0.2651349697802034,7.382100992436891,21.962833856707654,-2.283416675874276,9.353175376870528,22.061175052878518,32.568624136111104,-37.937906134639555,-209.43548387096774,28.393364944699965,-45.43056601607096,-208.4405666113466,32.568624915647824,-37.93790706927181,-209.43548601478076,21.708474640324987,-31.871213992929466,-11.02606093798197,0.060871913544560535,-0.3172485361704951,-0.4460474884408902
2.26,0.02819581289694363,-0.024506505249800747,-0.00755494554821573,-0.8012239060103354,1.098851610227831,-0.6246885286277676,0.004985796080173226,0.0025876148563198234,0.0031759827980697977,-0.2651349697802034,7.382100992436891,21.962833856707654,-1.8344896499343366,8.723377712309816,22.43112436181374,32.568624136111104,-37.937906134639555,-209.43548387096774,30.648504818242355,-44.054859406318975,-208.6760953963867,32.568624915647824,-37.93790706927181,-209.43548601478076,13.147322645258333,-12.444389973038808,-23.584687356856087,-0.09973317471008522,0.012101687670686343,-0.6353079728282107
2.27,0.019994415044362564,-0.013717163937533555,-0.013372027544388654,-0.8319484699103852,1.054998841292604,-0.5412653879890977,0.004988384705522571,0.002618479022258216,0.00264615203646339,-0.2651349697802034,7.382100992436891,21.962833856707654,-1.3629631500733854,8.107995266339858,22.759437706944613,32.568624136111104,-37.937906134639555,-209.43548387096774,32.77931560776124,-42.58486307375156,-208.91010124069172,32.568624915647824,-37.93790706927181,-209.43548601478076,4.741053280894567,5.330830101662253,-36.171983988610535,-0.2500938877087522,0.2985529667508469,-0.8368289917128149
2.28,0.053035629554817595,-0.04166192964137366,-0.0029597297203107775,-0.8391254523820927,0.9688054498403921,-0.4348805853723253,0.004997103682401503,0.0025876148563198234,0.0041596325255977475,2.107996036567394,5.202341717491665,22.83667578954966,-0.8815269483819195,7.53254396713752,23.031508135072258,39.53878684688493,-30.605299127383134,-210.7741935483871,34.696044481040964,-41.06453142836162,-209.1472057898027,39.538787794262944,-30.60529987044348,-210.77419569333654,35.760276553980546,-45.77558268910021,-8.745692838749045,0.7894681546538351,-1.4273631413652323,0.1134025107182273
2.29,0.04402963280199272,-0.031468626373505434,-0.007234326953205028,-0.9389764192075253,1.0396417991383842,-0.4103037859759457,0.004998640553902439,0.0025876148563198234,0.00315472310409944,2.107996036567394,5.202341717491665,22.83667578954966,-0.36049563040690885,6.9456597921215995,23.27445298834144,39.53878684688493,-30.605299127383134,-210.7741935483871,36.57327659763029,-39.391227496228204,-209.3890726153211,39.538787794262944,-30.60529987044348,-210.77419569333654,25.458778502649754,-26.264838403565975,-17.8767251587752,0.06873067514596287,-0.24045497969841598,-0.47687441745047876
2.3,0.03428804886326354,-0.021035959125524972,-0.011073970513984677,-0.9982216566064284,1.0380228057240737,-0.35885272786719735,0.004998640553902439,0.0025876148563198234,0.002750377890258722,2.107996036567394,5.202341717491665,22.83667578954966,0.20087061963677483,6.348316039485483,23.491367211593552,39.53878684688493,-30.605299127383134,-210.7741935483871,38.41594554316853,-37.56786470221312,-209.63625581293408,39.538787794262944,-30.60529987044348,-210.77419569333654,15.152588681821937,-8.189898731659214,-26.14551963964354,-0.12202662442783475,0.06365015663330394,-0.6147024014922342
2.31,0.024124085206390887,-0.010905494128616328,-0.01429271440083163,-1.0268008264756148,0.9856397015829538,-0.2898080939154745,0.004998640553902439,0.0027022259445809572,0.0026234183819736196,2.107996036567394,5.202341717491665,22.83667578954966,0.7846903615073336,5.771145644184353,23.67176467725737,39.53878684688493,-30.605299127383134,-210.7741935483871,40.13312347064792,-35.66311050468974,-209.89249965336725,39.538787794262944,-30.60529987044348,-210.77419569333654,4.965712268655289,7.878612554017283,-31.79201296880591,-0.302123293378447,0.31703286617495324,-0.6876971019857873
2.32,0.013833768543322772,-0.0015133799802821979,-0.016770126053298418,-1.0267446869146373,0.8986389151671301,-0.21261891018941043,0.004963737841485814,0.0041640981060690795,0.0025969253493388113,2.107996036567394,5.202341717491665,22.83667578954966,1.374122310218115,5.238099107740095,23.80926187732308,39.53878684688493,-30.605299127383134,-210.7741935483871,41.65798600490548,-33.740172371869235,-210.16190960714653,39.538787794262944,-30.60529987044348,-210.77419569333654,-4.423466909258291,15.925963748265621,-34.64998308605285,-0.4599514723127075,0.4162188501288349,-0.7120198742336428
2.33,0.05001848670554948,-0.02628233635431714,-0.012054728710319873,-1.1189371508497439,0.9334145494250842,-0.1682197561642193,0.004998640553902439,0.0025876148563198234,0.002689611602286048,4.799036371624525,3.2563779656583094,23.21463326443068,1.9977251034277894,4.708710923277345,23.91468663500677,44.890226978537086,-22.01970757788171,-212.11290322580646,43.103222424044546,-31.6901158381131,-210.4411202605813,44.89022805501005,-22.019708101742673,-212.11290536831197,27.77672785586081,-20.225071936308396,-22.922426078585534,0.056745824718123596,-0.17226262402697526,-0.5029840846488167
2.34,0.03848048751190525,-0.016977909510956686,-0.013471230751021857,-1.1768502994071053,0.9208612246660857,-0.11943538837405353,0.004998640553902439,0.0025928093317832074,0.0026394628090579187,4.799036371624525,3.2563779656583094,23.21463326443068,2.6619134872313177,4.176596890649423,23.993033886990197,44.890226978537086,-22.01970757788171,-212.11290322580646,44.49444216317159,-29.49469897236683,-210.73049958923392,44.89022805501005,-22.019708101742673,-212.11290536831197,15.882395698438234,-4.5192272389681225,-25.317804441966565,-0.16055294095842476,0.08795554217580544,-0.528801492398477
2.35,0.026559945775393765,-0.008046804315728344,-0.014389223318944266,-1.1993608547205183,0.8645992981849453,-0.06921605480317171,0.004998640553902439,0.002944681288137186,0.002620065965122113,4.799036371624525,3.2563779656583094,23.21463326443068,3.3460047416846663,3.668318432708872,24.042755481674348,44.890226978537086,-22.01970757788171,-212.11290322580646,45.770638968857384,-27.23648192574281,-211.0335876432026,44.89022805501005,-22.019708101742673,-212.11290536831197,4.289390496935046,8.829181637389478,-26.473899772208092,-0.3623494311370328,0.29218761716456065,-0.5333052837737429
2.36,0.06530240706545443,-0.028048222822539815,-0.0167218627246718,-1.1891021394617856,0.7829783923937469,-0.020549905619478972,0.004998640553902439,0.002587652192088052,0.0025967213421332997,7.704241968549939,1.6402187071901086,23.105170237632095,4.032067735811568,3.201612453223282,24.064064545218017,48.40385594331021,-12.532626612936024,-213.4516129032258,46.89362193045186,-24.982363763210838,-211.35128709340043,48.40385710432829,-12.532626900301063,-213.4516150397878,40.755249609775525,-27.250205724100237,-27.462414670892507,0.882842801982594,-0.9044286446237043,-0.5517907517829744
2.37,0.05277758937472714,-0.019999488870263992,-0.016615780994605756,-1.2893569832614196,0.8079795309286371,0.0344166512845264,0.004998640553902439,0.0025880254690713814,0.0025971351399706327,7.704241968549939,1.6402187071901086,23.105170237632095,4.754565442868456,2.739862203790727,24.054924658746067,48.40385594331021,-12.532626612936024,-213.4516129032258,47.937395461851644,-22.595329512285478,-211.67922663635125,48.40385710432829,-12.532626900301063,-213.4516150397878,27.345197761662153,-12.799462039624961,-26.664399135171152,0.0012970838129821092,-0.08695323246760382,-0.5066440262016344
2.38,0.03958473912583413,-0.012035456598686347,-0.01600868918651932,-1.337727538697814,0.7810387531907136,0.08097194574176562,0.004998640553902439,0.002660369670823165,0.002600815369648766,7.704241968549939,1.6402187071901086,23.105170237632095,5.513001457517876,2.2853232051635306,24.01752146149945,48.40385594331021,-12.532626612936024,-213.4516129032258,48.902166603282055,-20.081251553355585,-212.01775300251907,48.40385710432829,-12.532626900301063,-213.4516150397878,14.18484244171531,0.2640930525753965,-25.124194423605207,-0.23452988676497985,0.12456904769043872,-0.4672712692450475
2.39,0.026124438694926505,-0.00453816814710822,-0.014983959961063609,-1.3472189221554554,0.7202167701705624,0.11866436807871503,0.004998640553902439,0.003594375434625043,0.002610229249057353,7.704241968549939,1.6402187071901086,23.105170237632095,6.284550651926848,1.8593782698126087,23.956702855259593,48.40385594331021,-12.532626612936024,-213.4516129032258,49.75292075481778,-17.53044652713024,-212.36869911476228,48.40385710432829,-12.532626900301063,-213.4516150397878,1.6080364930337967,9.435582245175048,-22.801046870419015,-0.44876862822065994,0.2521489281835382,-0.4167029049456189
2.4,0.06516459905005151,-0.018857473320071975,-0.023704580567626643,-1.3211381784628993,0.6443795185956145,0.14669712157242262,0.004998640553902439,0.002589256872492272,0.0025878844436730583,10.706353684437484,0.4305323075002281,22.52822237301861,7.049589647500736,1.4736359278364284,23.87731190444555,49.93582535855264,-2.532458441935633,-214.79032258064515,50.47476342837023,-15.012971914605423,-212.72800187415655,49.93582655587083,-2.53245848608058,-214.7903247090112,38.233738924002346,-14.977412183872042,-35.82766553588159,0.8190861569103269,-0.5680681285934748,-0.8417980420223237
2.41,0.051388847310944896,-0.012381305527815181,-0.02181030003844059,-1.408130008417642,0.6395578123433814,0.21833259012074824,0.004998640553902439,0.002654084630585576,0.00258786110631206,10.706353684437484,0.4305323075002281,22.52822237301861,7.842966443063157,1.1034555690529977,23.765020719614647,49.93582535855264,-2.532458441935633,-214.79032258064515,51.08737271415726,-12.388733374097495,-213.09651413177818,49.93582655587083,-2.53245848608058,-214.7903247090112,24.01649539845683,-3.85013644665184,-31.376555232079497,-0.08790955414004627,0.011901045115148065,-0.5332253802628886
2.42,0.037092878505740806,-0.006196940808030758,-0.0193400726864692,-1.4408576605333767,0.5972464698072298,0.2677525359807743,0.004998640553902439,0.0030272467649138744,0.002588997523759718,10.706353684437484,0.4305323075002281,22.52822237301861,8.663700511226544,0.7516885329978632,23.620760318189085,49.93582535855264,-2.532458441935633,-214.79032258064515,51.58674331690552,-9.663864096617132,-213.47551879667157,49.93582655587083,-2.53245848608058,-214.7903247090112,10.274818285595861,5.169323438714827,-26.35280337756891,-0.32887884338069506,0.14902918523242464,-0.4342334662505224
2.43,0.022694184238700232,-0.000546692720654926,-0.0164759934497406,-1.4332922018909056,0.5371697448448877,0.29896830945793296,0.004998640553902439,0.004297416138887255,0.0025970038731982525,10.706353684437484,0.4305323075002281,22.52822237301861,9.488032307774034,0.4314523279040528,23.454975165730414,49.93582535855264,-2.532458441935633,-214.79032258064515,51.96800290527603,-6.928880493507079,-213.86121566111808,49.93582655587083,-2.53245848608058,-214.7903247090112,-2.6696388397090427,9.610106518802613,-20.74433508198905,-0.5447696356841263,0.2023928649484383,-0.330604825960108
2.44,0.060530031335857354,-0.0085954635583916,-0.0310634019183455,-1.3892911476539112,0.4659507408220034,0.31253043208387316,0.004998640553902439,0.002934775635069049,0.002587828992075018,13.683166615000156,-0.31666403326856596,21.51604044190462,10.295733286929893,0.14907058772544393,23.27695855155594,49.42341621640557,7.571388875228833,-216.1290322580645,52.23776019396714,-4.255994656234287,-214.24672633657315,49.42341740039225,7.571389070974364,-216.12903437787733,32.72998750995411,-1.20165700044499,-44.88659150204273,0.6993500977526415,-0.21505064480907224,-1.1299917341637096
2.45,0.046179771653778234,-0.0040959443012056115,-0.02738536806940567,-1.4568966157247891,0.4313609634781061,0.40278260834521673,0.004998640553902439,0.0037711584510568648,0.002587796899108723,13.683166615000156,-0.31666403326856596,21.51604044190462,11.120921390692727,-0.10643653288091937,23.061644263367604,49.42341621640557,7.571388875228833,-216.1290322580645,52.36197630759042,-1.5087489775800798,-214.64201161461307,49.42341740039225,7.571389070974364,-216.12903437787733,18.535362498659907,4.366376401339279,-36.54522943336971,-0.19294840174963804,0.08344502930582186,-0.5672427404938378
2.46,0.03150110221204211,-4.8400466704384e-05,-0.023036139591876614,-1.4706257237998817,0.3817836921594841,0.45691875392170994,0.004998640553902439,0.004268273132547899,0.00258777711407488,13.683166615000156,-0.31666403326856596,21.51604044190462,11.962497478316122,-0.33545683835160234,22.809513876448865,49.42341621640557,7.571388875228833,-216.1290322580645,52.34175070542042,1.310972734187426,-215.0435445510581,49.42341740039225,7.571389070974364,-216.12903437787733,4.986461219339625,7.593996386441973,-27.805616847488675,-0.42535048088264327,0.1229248382198262,-0.4044773859231289
2.47,0.01690561687526404,0.003458306546835741,-0.018300409978470433,-1.4448706526882968,0.32370806291711185,0.48314638294909923,0.0049756067790362336,0.0036917219016663868,0.0025903704166283775,13.683166615000156,-0.31666403326856596,21.51604044190462,12.797068185325307,-0.5329893635075761,22.536827968316047,49.42341621640557,7.571388875228833,-216.1290322580645,52.20290325705448,4.11431788045253,-215.4424929295833,49.42341740039225,7.571389070974364,-216.12903437787733,-7.964240516839875,11.403983783382582,-19.120668932077567,-0.6366382971755266,0.1731343159093168,-0.2510395811658862
2.48,0.0522340385735966,0.0019769608419026308,-0.037897390698126976,-1.38360809330509,0.25284331280313027,0.4834837090407233,0.004998640553902439,0.00400251561859255,0.002587767275981531,16.517481677844238,-0.5653902002473625,20.115119085885265,13.604889925467697,-0.6929832675521892,22.257539427199198,46.88760660735402,17.365262642241014,-217.46774193548387,51.96499676782113,6.822609095360654,-215.83882883860966,46.88760772920564,17.365263065447746,-217.46774404821323,25.560913648896737,8.289366262713573,-52.5866687601242,0.5575270230783204,-0.011426267714053683,-1.3715098882809371
2.49,0.03806708587591345,0.004237057420825656,-0.032404820065461415,-1.4289526848196088,0.20124062852700414,0.5889345059678017,0.004998640553902439,0.0033978838719453397,0.002587727503994765,16.517481677844238,-0.5653902002473625,20.115119085885265,14.418340854472058,-0.819354946883578,21.937613544675628,46.88760660735402,17.365262642241014,-217.46774193548387,51.55696530875312,9.572403309808227,-216.24082089483483,46.88760772920564,17.365263065447746,-217.46774404821323,11.877262416607168,11.013124160025287,-40.56024408942215,-0.29632565762926655,0.12962163295904713,-0.5820178945340709
2.5,0.023776003630911813,0.005920553088828587,-0.02617558252665808,-1.4234206960370197,0.1405164419549785,0.6449153166296154,0.004998640553902439,0.0029204869953947804,0.002587706002388053,16.517481677844238,-0.5653902002473625,20.115119085885265,15.236621674869198,-0.9122991013135887,21.577718446054625,46.88760660735402,17.365262642241014,-217.46774193548387,50.98022335298312,12.36138561080091,-216.64590529108432,46.88760772920564,17.365263065447746,-217.46774404821323,-1.15769870718032,13.36642570607607,-28.49650819661179,-0.5145554187763768,0.15128043693956442,-0.36276629210634076
2.51,0.009745632040845331,0.0069717390619639195,-0.01959445471840271,-1.381151516605957,0.07599410117849821,0.6635551124913174,0.004955149425577566,0.0027062490332096017,0.002588431859889514,16.517481677844238,-0.5653902002473625,20.115119085885265,16.037883178221172,-0.9688263628644638,21.199783072980175,46.88760660735402,17.365262642241014,-217.46774193548387,50.279647538144104,15.09785724450008,-217.05167407215976,46.88760772920564,17.365263065447746,-217.46774404821323,-13.407291117539494,14.208327321193606,-16.650742342403905,-0.7091407363824486,0.14511149616016175,-0.1580869891319737
2.52,0.04150549050082952,0.012043111350467234,-0.04315568912704287,-1.3038837864141897,0.01340569933421621,0.6484346404083952,0.004998640553902439,0.002053067759889933,0.002587704643265173,19.106057572804612,-0.29841189458372674,18.388234114382744,16.803448183132268,-0.9884223121092559,20.82228891443023,42.432212874737544,26.44820051634812,-218.80645161290323,49.49739387140081,17.70533507872507,-217.45653312685064,42.432213888461135,26.44820114653097,-218.80645372114623,16.9815096935589,27.84059437362425,-58.40821253041484,0.41331505145114145,0.5485064816027444,-1.573950392099962
2.53,0.028258789129456174,0.011624425409157892,-0.03595196448414739,-1.3277530442292367,-0.08107710342571282,0.7617636890910409,0.004998640553902439,0.0022786501587197857,0.0025876605136102523,19.106057572804612,-0.29841189458372674,18.388234114382744,17.562984707445594,-0.9593446986220129,20.404060585797602,42.432212874737544,26.44820051634812,-218.80645161290323,48.51317390857007,20.305114962335594,-217.88238394819123,42.432213888461135,26.44820114653097,-218.80645372114623,4.727642658716179,21.643337133102378,-42.63972630579036,-0.3866310573448541,0.21904596874910967,-0.5677154344898641
2.54,0.015075808945652469,0.010416252408284523,-0.02800722944103662,-1.3054168391301473,-0.15003399827201241,0.8141164449026617,0.004967535012474285,0.0026167166288320227,0.0025876399553909344,19.106057572804612,-0.29841189458372674,18.388234114382744,18.316838483418426,-0.8862956810008175,19.94613192835047,42.432212874737544,26.44820051634812,-218.80645161290323,47.337951026076546,22.902317340226045,-218.3196261305715,42.432213888461135,26.44820114653097,-218.80645372114623,-6.822154811402709,15.050090112977353,-27.118432608418935,-0.5752015789452485,0.08819920614556633,-0.29137776773888474
2.55,0.00229786730202014,0.008634333215073562,-0.019792044871179804,-1.250523910813677,-0.19839415064029164,0.8211261218903966,0.00479470645289521,0.003088170601373599,0.002588160800817732,19.106057572804612,-0.29841189458372674,18.388234114382744,19.04563402641807,-0.7815354094815763,19.47527963149307,42.432212874737544,26.44820051634812,-218.80645161290323,46.05893064876206,25.421819318552178,-218.74831529428337,42.432213888461135,26.44820114653097,-218.80645372114623,-18.094150630891967,9.026254751800012,-12.284706793664654,-0.7519952394096658,-0.026127900410864102,-0.03995605553015182
2.56,0.02972764320018001,0.020114407211224702,-0.0461660319142263,-1.1478708459150564,-0.23008386995236021,0.7879007214545235,0.004998640553902439,0.0032886307576521423,0.002587650259352191,21.365548269971764,0.48368329322580994,16.41534880919797,19.72878798987442,-0.6548753508347557,19.013784583108514,36.239639361456,34.448345953784326,-220.14516129032256,44.748260429957945,27.787040849866592,-219.15351528067836,36.23964022564761,34.44834676335252,-220.14516339676788,9.968655254721268,24.55052310308222,-59.45138931291461,0.4238497704939223,0.49249556903408287,-1.6617941306422614
2.57,0.01812314617874028,0.017350162691113915,-0.037557148861631195,-1.1566795955377933,-0.3081051934148969,0.9006298800790987,0.004982197242291097,0.003248211284505997,0.0025876148563198234,21.365548269971764,0.48368329322580994,16.41534880919797,20.393328776873247,-0.49239015237103684,18.515224747278012,36.239639361456,34.448345953784326,-220.14516129032256,43.26721927391352,30.116373391736015,-219.54665289285742,36.23964022564761,34.44834676335252,-220.14516339676788,-0.9353798415048806,18.924711292664018,-41.34964458578064,-0.43275145177628654,0.1103922946610378,-0.507636609219838
2.58,0.006712935863414038,0.013952739736181444,-0.02826848536872323,-1.1238947601004685,-0.3625049914316535,0.9439292253941525,0.0049321618205652,0.003384657528954984,0.0025876148563198234,21.365548269971764,0.48368329322580994,16.41534880919797,21.04504305751675,-0.29473463810111644,17.98084814771719,36.239639361456,34.448345953784326,-220.14516129032256,41.62064539904491,32.42397513525931,-219.9294034443201,36.23964022564761,34.44834676335252,-220.14516339676788,-11.150725902213791,12.131144881851238,-23.76360885334217,-0.5960930140495392,-0.021172821660669125,-0.1991232349087684
2.59,-0.004210215692262487,0.010126698683965213,-0.018831117667951425,-1.0611668988286755,-0.39601993376741745,0.936409149391149,0.0039172287807645945,0.0038188063436244302,0.0025890204113252825,21.365548269971764,0.48368329322580994,16.41534880919797,21.667072217018404,-0.07371252884895875,17.440829604477425,36.239639361456,34.448345953784326,-220.14516129032256,39.904838612059834,34.63540217073064,-220.29268074347468,36.23964022564761,34.44834676335252,-220.14516339676788,-24.61710483190612,5.312780594860021,-6.972971105478715,-0.8216136077319355,-0.1446324192831679,0.08173803306831488
2.6,0.018436583247616767,0.02838700239929638,-0.04677404466848689,-0.9368398985967648,-0.41176363147031664,0.8846317481200013,0.004983971459270494,0.004283690371719332,0.0025876148563198234,23.234630276352906,1.7624977512015216,14.292226246919443,22.232643926651118,0.16040196813952656,16.9199350532101,28.56341075473962,41.03817206036381,-221.48387096774195,38.19960006381859,36.65263810270582,-220.62435291029047,28.563411434256402,41.0381730155076,-221.4838730741722,3.886932468437426,24.985991718785893,-57.7618104680302,0.3968621556718061,0.5138065187474394,-1.6749142650011506
2.61,0.008997374255098334,0.023828722304739175,-0.037232404431374766,-0.9365771102650077,-0.4840290594253663,0.9896386245074452,0.0049520616050237,0.00453280727440283,0.0025876148563198234,23.234630276352906,1.7624977512015216,14.292226246919443,22.77263592579442,0.42525968159740474,16.368457995508095,28.56341075473962,41.03817206036381,-221.48387096774195,36.35028031607664,38.60519075532759,-220.93366304977957,28.563411434256402,41.0381730155076,-221.4838730741722,-5.233538827295895,17.291023379906797,-38.15771655154305,-0.44223176307703205,0.032623258235263686,-0.43027279418985
2.62,-0.00019004508266506903,0.01871878075383896,-0.02711860631682428,-0.9004797007294838,-0.5303782592861735,1.0206753607042118,0.0045946025260036015,0.004473625026046632,0.0025876148563198234,23.234630276352906,1.7624977512015216,14.292226246919443,23.29682368792582,0.720591290902865,15.78752426651966,28.56341075473962,41.03817206036381,-221.48387096774195,34.36103555879667,40.51845484395177,-221.22503367775622,28.563411434256402,41.0381730155076,-221.4838730741722,-14.4986991946283,10.913636621710083,-19.514950833592167,-0.5916168849802285,-0.0867288791440435,-0.10765430856175283
2.63,-0.008834527123786295,0.013240544233726989,-0.016993380463043162,-0.8264634598553251,-0.5593596419891029,0.9983762541476507,0.002994633267174268,0.004418242319768747,0.002592760211070951,23.234630276352906,1.7624977512015216,14.292226246919443,23.787579273682816,1.0360270192217023,15.208952536850715,28.56341075473962,41.03817206036381,-221.48387096774195,32.32989452888103,42.31219510804006,-221.49935202173737,28.563411434256402,41.0381730155076,-221.4838730741722,-32.33175305860403,4.609883195295081,-1.605284626871988,-0.8879046398551981,-0.2023336607669112,0.1880004033412846
2.64,0.008639518010848168,0.03791576052125173,-0.045153925788087634,-0.7052553011121662,-0.570093431280948,0.9308665810115481,0.004865096996565264,0.004749821718693732,0.0025876148563198234,24.672869282030717,3.500981383903185,12.126152144108088,24.218821622914174,1.3621241401077464,14.658450823050156,19.717792755665936,45.94789058101153,-222.82258064516128,30.337868860035876,43.888243047020254,-221.75397487466165,19.717793223230164,45.94789164268712,-222.82258275182383,-0.9769134068298573,29.009468382624828,-53.86536176069672,0.3040050244106071,0.6151527397391959,-1.6120931741958753
2.65,0.0015548924595527036,0.031714362541884256,-0.03522067233027415,-0.7000417549950997,-0.651830637135056,1.0227986567133778,0.004737609268429243,0.004879487845039154,0.0025876148563198234,24.672869282030717,3.500981383903185,12.126152144108088,24.623741559020132,1.721581485625035,14.085297375939737,19.717792755665936,45.94789058101153,-222.82258064516128,28.216470604794765,45.3790145758968,-221.99714518810484,19.717793223230164,45.94789164268712,-222.82258275182383,-8.454070626916577,20.403423633132817,-33.925054096613856,-0.43007721600620274,0.037574331550848786,-0.35197718150839347
2.66,-0.005263575634977313,0.024896995929658397,-0.024849381491758082,-0.6626940362788243,-0.702718586662021,1.0403784746571758,0.0031979340773642733,0.004930456993269156,0.0025876148563198234,24.672869282030717,3.500981383903185,12.126152144108088,25.012031031192677,2.1149707431811917,13.490380599148553,19.717792755665936,45.94789058101153,-222.82258064516128,25.9669355875349,46.80984032446025,-222.23356544538174,19.717793223230164,45.94789164268712,-222.82258275182383,-21.29655797900224,12.47812750193769,-14.787978993860124,-0.6744485907384655,-0.10947617000508139,-0.022569288381060596
2.67,-0.011486262775252498,0.017695339167172953,-0.01459948979468545,-0.5855199072605207,-0.7312372862076646,1.0050213750420753,0.002727694158876857,0.004894843275497554,0.002607307943639639,24.672869282030717,3.500981383903185,12.126152144108088,25.36399172983332,2.5291071683844595,12.905410119878603,19.717792755665936,45.94789058101153,-222.82258064516128,23.692632807231686,48.098283000816025,-222.46415349377764,19.717793223230164,45.94789164268712,-222.82258275182383,-33.676661753875095,4.844650245902382,2.8169856617982525,-0.832272445751605,-0.24710271556739147,0.2609577516556965
2.68,0.0004025908076947249,0.04769796854970399,-0.041551552934440794,-0.48167063479406197,-0.738956872918957,0.9268052333303418,0.004608510085998041,0.004956291597124902,0.0025876148563198234,25.657701315925028,5.64237176532368,10.029144431402703,25.66263230437647,2.952841780836897,12.355419235156917,10.064926004433014,48.97649706262472,-224.16129032258064,21.476751181249934,49.176124307111884,-222.69297302205268,10.064926242058748,48.97649818780421,-224.16129242812394,-5.277899707148457,33.78770146466902,-47.977902063237934,0.17461245321684166,0.7223483570293588,-1.4767285663056255
2.69,-0.004404565240719138,0.03974265793503479,-0.03175915939777732,-0.47072594475401686,-0.830984139690412,1.0014988959457798,0.0038390068516302445,0.0049950057621998755,0.0025876148563198234,25.657701315925028,5.64237176532368,10.029144431402703,25.936859445895518,3.413287722035718,11.79126601121973,10.064926004433014,48.97649706262472,-224.16129032258064,19.143971815894687,50.156463792070156,-222.92421171705638,10.064926242058748,48.97649818780421,-224.16129242812394,-12.743898712822228,24.042220782519905,-28.601771785816336,-0.4426117122965351,0.04818696971941026,-0.27112276701381066
2.7,-0.008873942977298765,0.03110447171243169,-0.021678603838016508,-0.42469342812141075,-0.8864869805810294,1.005395170512419,0.0029779152525995995,0.004998640553902439,0.0025876148563198234,25.657701315925028,5.64237176532368,10.029144431402703,26.190147797346548,3.9112394011454708,11.213773850383456,10.064926004433014,48.97649706262472,-224.16129032258064,16.694014562081126,51.046597172577385,-223.1589423218949,10.064926242058748,48.97649818780421,-224.16129242812394,-22.785758655802738,14.594231920202612,-10.3482440293878,-0.6010510861405239,-0.12703845072141165,0.03695851339956859
2.71,-0.01277090013491694,0.02206258880008341,-0.011839354417688519,-0.35811153173548377,-0.9146864701084809,0.959466047891863,0.002663630341288972,0.004998640553902439,0.0026632358037587144,25.657701315925028,5.64237176532368,10.029144431402703,26.40950299298635,4.43076516971505,10.652917502326629,10.064926004433014,48.97649706262472,-224.16129032258064,14.231866138990492,51.789681092006624,-223.40069451883937,10.064926242058748,48.97649818780421,-224.16129242812394,-31.026000095883333,5.250998290295982,6.114581986327661,-0.7176269236467239,-0.2928644697680087,0.29937582138008795
2.72,-0.006783044796538185,0.05594911604528084,-0.036175849886114636,-0.27768035961244014,-0.9172946984156299,0.876995485026964,0.0030094230142739967,0.004998640553902439,0.0025876151920375345,26.181032382006634,8.109987756862653,8.109987756862662,26.585657265680076,4.958026438028342,10.131343751687114,1.2246467991473532e-14,50.0,-225.5,11.840695784396068,52.3468758162459,-223.6540837125829,1.2033874066735997e-14,50.00000114325184,-225.5000021019788,-14.413623625744101,37.8995544217222,-39.866000569438,-0.13164180146353688,0.8072874300334175,-1.248471264074488
2.73,-0.00942694275100131,0.04616758322151607,-0.027010631434974203,-0.24811599625658268,-1.0154557844089658,0.9305323429865904,0.0028978956286439574,0.004998640553902439,0.0025876148563198234,26.181032382006634,8.109987756862653,8.109987756862662,26.735135387260247,5.523364823136411,9.604198123491535,1.2246467991473532e-14,50.0,-225.5,9.347221673817712,52.78507627807981,-223.91755687099163,1.2033874066735997e-14,50.00000114325184,-225.5000021019788,-19.366363875486904,26.667219903214193,-22.137290841695314,-0.4894622732494255,0.03999251782843356,-0.18616050074984153
2.74,-0.011661725627533481,0.03568113117224478,-0.01771997137769979,-0.20178725264246514,-1.070815676360736,0.9206874837890737,0.002710120537607031,0.004998640553902439,0.002590843831473109,26.181032382006634,8.109987756862653,8.109987756862662,26.860467678422655,6.12717629758777,9.072718830260023,1.2246467991473532e-14,50.0,-225.5,6.752512421885617,53.108781707116094,-224.19140953376203,1.2033874066735997e-14,50.00000114325184,-225.5000021019788,-24.152607023978064,15.522360427704696,-5.798224472853963,-0.5557094415779255,-0.16394241139900315,0.08543651534042325
2.75,-0.013387993574386803,0.02482033433815395,-0.00877727560170477,-0.14805452062925079,-1.0938761178127958,0.8666977011472531,0.0026419641102701803,0.004998640553902439,0.0028611962081434234,26.181032382006634,8.109987756862653,8.109987756862662,26.956270844791494,6.750596868190936,8.563653560524077,1.2246467991473532e-14,50.0,-225.5,4.160352061112217,53.29154014421755,-224.47923121820568,1.2033874066735997e-14,50.00000114325184,-225.5000021019788,-27.10942469032456,4.6220795813305715,8.343987256207589,-0.5890329710251379,-0.3542693799585898,0.30455222147241107
2.76,-0.01341466151045323,0.061003859765434765,-0.029225625243042896,-0.0917204244186756,-1.0869266483031923,0.7853384056405186,0.0026405475227340137,0.004998640553902439,0.00258765126552177,26.24660909502345,10.809060086860155,6.466856337413449,27.0202125309932,7.377247393767848,8.095529309774532,-10.06492600443299,48.97649706262473,-226.83870967741936,1.6500196377748568,53.323366766011596,-224.783074611883,-10.064926239113188,48.976498177952365,-226.83871177316854,-23.529068910918532,39.49025582204268,-29.988681869893146,-0.44980143213492735,0.8329115680815325,-0.9707948470584601
2.77,-0.01406513717864466,0.0495299847222298,-0.021126806324867714,-0.04306926156036456,-1.1829930382262095,0.8147656434633113,0.002625559477288806,0.004998640553902439,0.0025876397000274415,26.24660909502345,10.809060086860155,6.466856337413449,27.054675115021173,8.039354092617023,7.630680407744714,-10.06492600443299,48.97649706262473,-226.83870967741936,-0.9399270178472846,53.217189920396024,-225.09860422993657,-10.064926239113188,48.976498177952365,-226.83871177316854,-24.41235824205144,26.80342458847972,-14.85484970424516,-0.5129363102174331,-0.005125908463594687,-0.10071158185529411
2.78,-0.014238021748989027,0.03740456149942134,-0.013075880816165592,0.0032135285809736878,-1.2311322548225752,0.791165198643,0.002621965301760355,0.004998640553902439,0.002631933407041758,26.24660909502345,10.809060086860155,6.466856337413449,27.061951956051942,8.736635152932134,7.17097632064436,-10.06492600443299,48.97649706262473,-226.83870967741936,-3.6056878736180686,52.9768410821628,-225.42615617566378,-10.064926239113188,48.976498177952365,-226.83871177316854,-24.350381818563367,14.327481221022161,-1.13824929363321,-0.4984190772223987,-0.22935180383065473,0.12286296330278619
2.79,-0.01397321621530423,0.02499792722485958,-0.005465483740331331,0.04466973522143602,-1.2432594530118852,0.732021635050325,0.0026263766203206444,0.004998640553902439,0.0032351313863479203,26.24660909502345,10.809060086860155,6.466856337413449,27.04443720621503,9.447979975225442,6.738477465334054,-10.06492600443299,48.97649706262473,-226.83870967741936,-6.248972496399978,52.60785781666743,-225.76819932512447,-10.064926239113188,48.976498177952365,-226.83871177316854,-23.3649833400042,2.3443601215998973,9.44975119044326,-0.469264374141831,-0.43443601829337675,0.2768223962570595
2.8,-0.019921788943522367,0.06191365450628991,-0.020982401132165304,0.07979836048882989,-1.2223007040322158,0.6558247210472861,0.002588495414103705,0.004998640553902439,0.0025877017867017784,25.868788275619313,13.631391701024409,5.181935144702023,27.005106693602322,10.155179417052041,6.346047726771667,-19.717792755665915,45.947890581011535,-228.17741935483872,-8.798740011799142,52.125276110472285,-226.12201821860248,-19.717793211894122,45.94789162377691,-228.17742144237747,-31.540296689944228,37.83332974886729,-18.773151870481346,-0.7322576732893076,0.788951557396304,-0.660536386329473
2.81,-0.018752189652377238,0.04913930689892593,-0.01434318221369267,0.14314815645269385,-1.3079010171218035,0.6590845227496542,0.0025899598073636583,0.004998640553902439,0.0026128671627069183,25.868788275619313,13.631391701024409,5.181935144702023,26.93470248754408,10.891155766122493,5.966109161084707,-19.717792755665915,45.947890581011535,-228.17741935483872,-11.39546823604493,51.49358587907592,-226.48627677872685,-19.717793211894122,45.94789162377691,-228.17742144237747,-28.530817031610027,24.23447023809021,-6.876694278089009,-0.528364068947611,-0.08332514244971427,-0.014732353311789539
2.82,-0.017050483515446302,0.03583657564028184,-0.00793188797114347,0.19018271943295834,-1.3426647445715763,0.6219810671857723,0.002594619027522507,0.004998640553902439,0.002999789424617559,25.868788275619313,13.631391701024409,5.181935144702023,26.834587230524413,11.655112965876388,5.60106029452837,-19.717792755665915,45.947890581011535,-228.17741935483872,-14.033005510209295,50.71395313969737,-226.86181099632813,-19.717793211894122,45.94789162377691,-228.17742144237747,-24.869673232339608,11.031758953160718,3.382847712371369,-0.4529295188799716,-0.3157863047197567,0.14493836429097917
2.83,-0.014956085603077762,0.022397189269563522,-0.0020271672430385718,0.22305343755531254,-1.3395440624890649,0.5627137155659464,0.0026097606847947296,0.004998640553902439,0.0041296275226441964,25.868788275619313,13.631391701024409,5.181935144702023,26.71278551997245,12.424747703761787,5.266216481819798,-19.717792755665915,45.947890581011535,-228.17741935483872,-16.62489834626088,49.81877400929263,-227.246973796153,-19.717793211894122,45.94789162377691,-228.17742144237747,-20.46202469068019,-1.4069672016025676,9.073971360445839,-0.3688297292111675,-0.5243347619893591,0.2187436669300822
2.84,-0.026503625141452325,0.0585974064149527,-0.011844560767483789,0.24167719917205058,-1.3020296293214175,0.49265513257147653,0.002587853291469545,0.004998640553902439,0.0026784390351709967,25.072824513772424,16.462731340336575,4.318557792877297,26.57670510287016,13.181001679722877,4.968802522030622,-28.5634107547396,41.03817206036383,-229.51612903225805,-19.109754516118755,48.84466553663944,-227.63490257942738,-28.563411410302116,41.03817298911062,-229.5161311108858,-39.57797361666681,33.26271106137214,-6.409665895368773,-1.002910359931607,0.6881729082513893,-0.33062593879070395
2.85,-0.02360757388316148,0.04511765061305337,-0.007012592741183307,0.32061769617468366,-1.3708034591137699,0.46822178144526316,0.002587826165995126,0.004998640553902439,0.0030973424373019753,25.072824513772424,16.462731340336575,4.318557792877297,26.406723551183163,13.956425236729903,4.693753601694646,-28.5634107547396,41.03817206036383,-229.51612903225805,-21.599698849171396,47.710236083261236,-228.0322110383192,-28.563411410302116,41.03817298911062,-229.5161311108858,-32.86642393968382,19.44338549341234,1.4037547786896019,-0.550200283010228,-0.18089530489039496,0.06432093746703023
2.86,-0.020108961126119818,0.03128036988639288,-0.0025755132563523853,0.3702584954176882,-1.3883820219671676,0.42186486019408925,0.0025881926697442614,0.004998640553902439,0.004058968589098371,25.072824513772424,16.462731340336575,4.318557792877297,26.203558195521662,14.750025076290017,4.442250260463725,-28.5634107547396,41.03817206036383,-229.51612903225805,-24.090616438330557,46.41652426254911,-228.4380338410109,-28.563411410302116,41.03817298911062,-229.5161311108858,-25.59740686503185,6.290830236402636,5.989583084140655,-0.4132280950966807,-0.4075467629334096,0.12533056530003445
2.87,-0.016241839493390697,0.0174775793307399,0.0013449909388219689,0.39678566736043525,-1.3682811041067826,0.36649615847511063,0.0025979132966618065,0.004978622499752171,0.00416673477827217,25.072824513772424,16.462731340336575,4.318557792877297,25.980597571685813,15.539511086646272,4.22083993563999,-28.5634107547396,41.03817206036383,-229.51612903225805,-26.51440550848895,45.02309926153322,-228.84372537441863,-28.563411410302116,41.03817298911062,-229.5161311108858,-18.098887248219995,-6.19073714369522,9.249058522070415,-0.27941152022827614,-0.6123943186538823,0.16511982313116397
2.88,-0.032764391381835234,0.05169365902072548,-0.0022857388632035736,0.4014239171378654,-1.3142591291254964,0.301437886639896,0.002587797390823815,0.004998640553902439,0.004115998680691172,23.896348734382826,19.19163361210924,3.92046367885541,25.74954058006639,16.30602201411946,4.034270170024183,-36.239639361455986,34.44834595378434,-230.8548387096774,-28.814416527065756,43.58346771913396,-229.24468111359354,-36.239640186537805,34.44834673184497,-230.8548407800643,-46.96462727922316,26.782823525449484,4.47781075945233,-1.2465734377307438,0.5562891168362102,-0.056634212446794646
2.89,-0.028171653350494597,0.03820585728334186,0.0005074777023583305,0.49467384948424714,-1.3627848346872962,0.2586388150648208,0.0025877631081232745,0.004998640553902439,0.004213292120875718,23.896348734382826,19.19163361210924,3.92046367885541,25.48174292038601,17.080776034379713,3.876842662896653,-36.239639361455986,34.44834595378434,-230.8548387096774,-31.079491877117537,41.97899830842433,-229.6505256980087,-36.239640186537805,34.44834673184497,-230.8548407800643,-36.46647727743695,13.485062784531127,6.628003816095673,-0.5608881675925709,-0.2779206381159018,0.08819622481977915
2.9,-0.022915156841681217,0.024549812021939177,0.0028217838714674065,0.5460476934550206,-1.3622935962249165,0.20834842498906997,0.002587743806705251,0.004998640553902439,0.003798895096273517,23.896348734382826,19.19163361210924,3.92046367885541,25.177812613890023,17.862968163125977,3.7471555596978225,-36.239639361455986,34.44834595378434,-230.8548387096774,-33.31101357038752,40.213514460709554,-230.05627552524197,-36.239640186537805,34.44834673184497,-230.8548407800643,-25.878411279940796,0.7550512693008131,8.727482765331196,-0.3678354726796383,-0.4925229899237851,0.10974257317706153
2.91,-0.017322135578056175,0.011097356846774986,0.004602812544784868,0.5655497066537498,-1.3262510959764844,0.15257384566951068,0.0025926402093292,0.004958552123969112,0.0032979870121935912,23.896348734382826,19.19163361210924,3.92046367885541,24.856413458748083,18.631480328379737,3.648334907571346,-36.239639361455986,34.44834595378434,-230.8548387096774,-35.45001809712581,38.366546978481566,-230.45638607554594,-36.239640186537805,34.44834673184497,-230.8548407800643,-15.469896124907272,-11.313792263469637,10.766247870178407,-0.18706417428493288,-0.6859007418943289,0.12809854621470085
2.92,-0.03796486217912026,0.04227605417455338,0.007404015122895263,0.5558370611603775,-1.257400134369054,0.09289712550519047,0.0025877400997379825,0.004998640553902439,0.002586037250168696,22.391320623732398,21.717845639575888,4.012243839636033,24.53342816946406,19.368415806674104,3.5831847265653916,-42.43221287473754,26.44820051634814,-232.19354838709677,-37.445538676775165,36.50652856188843,-230.85066138945234,-42.432213833494316,26.448201113210228,-232.19355045088503,-52.73680859748796,19.175237410374855,17.242048621216973,-1.448443302667468,0.419210007194755,0.2889326625534376
2.93,-0.03175744945811987,0.02947401467459232,0.007924482959622121,0.6586226638703067,-1.2855095290864769,0.020242372564714447,0.0025877007042835205,0.004998640553902439,0.002577142455671645,22.391320623732398,21.717845639575888,4.012243839636033,24.17275980641643,20.102754985388508,3.5574347443596985,-42.43221287473754,26.44820051634814,-232.19354838709677,-39.3567205920306,34.48111383636131,-231.25554170288714,-42.432213833494316,26.448201113210228,-232.19355045088503,-38.895492666126216,6.797266494783493,16.038412866901652,-0.5550632435373866,-0.36756879076287824,0.17534688145517713
2.94,-0.024863868603110517,0.016683775850611537,0.007768056137394015,0.7082908379937425,-1.2686584356862527,-0.043474861514206285,0.0025876814142757987,0.004974488916926805,0.002747158884743692,22.391320623732398,21.717845639575888,4.012243839636033,23.775177309903672,20.83442396448495,3.5699891200352494,-42.43221287473754,26.44820051634814,-232.19354838709677,-41.18561437104977,32.29371127454941,-231.66756202484697,-42.432213833494316,26.448201113210228,-232.19355045088503,-25.084277407774106,-4.820761255996624,13.063354147917856,-0.3080873864076882,-0.5586838094364353,0.10540395355335468
2.95,-0.01769498068851527,0.004240655166479423,0.00703482534462771,0.7182526435851984,-1.2198492097054614,-0.0959655007216296,0.0025912502901934884,0.0048785431036483615,0.003062012463402486,22.391320623732398,21.717845639575888,4.012243839636033,23.364074891281415,21.544391441771097,3.6149398825078483,-42.43221287473754,26.44820051634814,-232.19354838709677,-42.896822924954975,30.046900337931728,-232.07461124431194,-42.432213833494316,26.448201113210228,-232.19355045088503,-11.711013525357604,-15.887764816437356,9.321154936659036,-0.08017155612432585,-0.7324569659875846,0.02688241582404378
2.96,-0.04144649715612703,0.03158070118003364,0.016099359392205345,0.6925987576521347,-1.1294385809300989,-0.1368680572560233,0.002587687523241342,0.004998640553902439,0.0023919249802098383,20.625440978679805,23.95836236159906,4.600000391608106,22.95906259655071,22.21440871061666,3.6862858209268055,-46.887606607354016,17.365262642241035,-233.53225806451613,-44.456234942729,27.8320674515465,-232.46687811662608,-46.88760765942921,17.36526303470163,-233.53226012362092,-55.84019187499221,11.764323249138542,28.68746294699456,-1.5948298228560789,0.44760053362745644,0.6394147943087755
2.97,-0.03384182281501974,0.020134515814745957,0.014185516836265177,0.7981451085219297,-1.142832315497192,-0.22768069447915187,0.002587646234832367,0.004993460402324589,0.0026847511038783625,20.625440978679805,23.95836236159906,4.600000391608106,22.518329887524157,22.870131558743445,3.8006815059302337,-46.887606607354016,17.365262642241035,-233.53225806451613,-45.891286434520836,25.47044464427564,-232.86631367515986,-46.88760765942921,17.36526303470163,-233.53226012362092,-38.89428065260191,0.9655186984979643,19.906799337033952,-0.5154708122831184,-0.42409508435222526,0.16373013393815006
2.98,-0.025581566125899735,0.00883873931228435,0.01156064106739045,0.8416295621529485,-1.1144096076842187,-0.2872647554307039,0.0025876291263198107,0.004951245534157536,0.0030920136793263714,20.625440978679805,23.95836236159906,4.600000391608106,22.042834518975933,23.51553924064427,3.9543496988548283,-46.887606607354016,17.365262642241035,-233.53225806451613,-47.21944742102761,22.96402270499139,-233.267570597376,-46.88760765942921,17.36526303470163,-233.53226012362092,-22.46187034030507,-9.216099822528856,11.833165313740757,-0.22636368355949255,-0.5880599976686597,0.011231032148135063
2.99,-0.017141950565933817,-0.002017891006263872,0.008466892382431354,0.8393899444559816,-1.0576697542669422,-0.32451671683707045,0.0025924228346212346,0.004348882578065582,0.0036932354891845796,20.625440978679805,23.95836236159906,4.600000391608106,21.559654374024305,24.134144580111165,4.1336320863049325,-46.887606607354016,17.365262642241035,-233.53225806451613,-48.427464760914866,20.43338418560879,-233.65392620052842,-46.88760765942921,17.36526303470163,-233.53226012362092,-6.848251171459265,-20.63666143215542,5.0526217327633285,0.03592142200926636,-0.7727141715672589,-0.11170802673999328
3.0,-0.0428717074159366,0.02097235562999994,0.023799049017690962,0.7969849546248525,-0.9478676917000003,-0.3452172399242171,0.0025876466907359783,0.004997705655886614,0.004012165542683577,18.6819325723832,25.85018696503498,5.671566391141009,21.09117813156044,24.70352406301288,4.328486360106409,-49.42341621640556,7.571388875228859,-234.8709677419355,-49.47815649215834,17.990310352648375,-234.01227352436126,-49.42341731841188,7.571389048356713,-234.87096979781262,-54.895513842180186,6.0894364152139095,23.255402158083978,-1.6233928813385632,0.37748744427309744,0.4931281951670145
3.01,-0.03423654808826532,0.01141250724566295,0.019918169940850425,0.898363523778138,-0.9499296942661231,-0.4161573003391252,0.0025876148563198234,0.004959123965019476,0.004129227993972095,18.6819325723832,25.85018696503498,5.671566391141009,20.591741413362957,25.25059590181025,4.554507945098445,-49.42341621640556,7.571388875228859,-234.8709677419355,-50.403872961093285,15.4436001764223,-234.35168929347455,-49.42341731841188,7.571389048356713,-234.87096979781262,-36.42923620302369,-3.2960664210219157,16.384535968970134,-0.44698134077990787,-0.44089128936927136,0.05567839326052732
3.02,-0.02502516534011623,0.0020770665429633572,0.01547208539900638,0.9319627136125074,-0.9165660176060388,-0.465279388029366,0.0025876148563198234,0.004781841090391279,0.003986331712907572,18.6819325723832,25.85018696503498,5.671566391141009,20.062339608920475,25.78342777828985,4.811963675115305,-49.42341621640556,7.571388875228859,-234.8709677419355,-51.2242882764166,12.784957416563932,-234.6769157380267,-49.42341731841188,7.571389048356713,-234.87096979781262,-18.757535870488823,-12.381063358819569,10.249359795884317,-0.13965115066301073,-0.5860276887249811,-0.06410566629476515
3.03,-0.015753338815284457,-0.006773366861124563,0.010636791511862198,0.9163432282877033,-0.8503786386755046,-0.49553547612669263,0.002598210170018992,0.0029747084407821516,0.004253627581323067,18.6819325723832,25.85018696503498,5.671566391141009,19.532260781724396,26.28646835301931,5.090628575947857,-49.42341621640556,7.571388875228859,-234.8709677419355,-51.92169909279488,10.136595330976668,-234.98629187814595,-49.42341731841188,7.571389048356713,-234.87096979781262,-1.4786984446638256,-30.416445963651157,3.5438329751561466,0.1449941593784313,-0.8508634482578034,-0.18708448158559107
3.04,-0.042220515822507576,0.011483005679475744,0.032209058677020674,0.8587623026403924,-0.7370304926952709,-0.5079169627230211,0.00258762237739633,0.004875865531108669,0.004601977210314622,16.656895630870522,27.349997803595997,7.19613817033026,19.025320821706178,26.734854509166325,5.3806193509537925,-49.93582535855264,-2.532458441935609,-236.20967741935482,-52.45216765299657,7.618461884323508,-235.27303969415442,-49.935826465615534,-2.532458494057198,-236.20967947248008,-52.122766076026004,1.2547078281394786,26.08755268055267,-1.5923783483733804,0.3085871105045045,0.5697306191924163
3.05,-0.03301894338978584,0.004072751046400647,0.026664196385803585,0.9501790288498685,-0.73326453952679,-0.5840842232875559,0.0025876148563198234,0.004855656507932357,0.004776895527649219,16.656895630870522,27.349997803595997,7.19613817033026,18.494036986147325,27.15851965937534,5.702186838287679,-49.93582535855264,-2.532458441935609,-236.20967741935482,-52.84601370636878,5.0228666757018665,-235.54538944488598,-49.935826465615534,-2.532458494057198,-236.20967947248008,-32.860776923107025,-6.510952240213069,17.743950855277433,-0.37376628398395145,-0.4334029373461192,0.028541192440339015
3.06,-0.02335387340256867,-0.0030913927368086958,0.02054342135114015,0.9718849378077443,-0.6992182103673141,-0.6317714913138275,0.0025876148563198234,0.004155145666364758,0.004830074796619902,16.656895630870522,27.349997803595997,7.19613817033026,17.93932860944167,27.566907317989045,6.05549330406502,-49.93582535855264,-2.532458441935609,-236.20967741935482,-53.127105738672775,2.338703413696049,-235.8078329445528,-49.935826465615534,-2.532458494057198,-236.20967947248008,-14.542331747781061,-15.465291636763329,10.156324610066122,-0.0590080387053134,-0.5806785548808366,-0.111925729207873
3.07,-0.013752282420615769,-0.00973001763755943,0.014057380967141361,0.9435613588116684,-0.6291808658075159,-0.6594374965900744,0.002617942916235373,0.002877481390660841,0.0047292454485973945,16.656895630870522,27.349997803595997,7.19613817033026,17.391085910229286,27.94302084444324,6.428588820715948,-49.93582535855264,-2.532458441935609,-236.20967741935482,-53.27797866127066,-0.3060459077902394,-236.06143430094198,-49.935826465615534,-2.532458494057198,-236.20967947248008,2.918371600356008,-30.873282027919522,3.1196258698130848,0.22688725947887042,-0.8280062130976269,-0.23937057061619998
3.08,-0.03962446874287101,0.0034034736913451935,0.041045060159232316,0.8746377874542851,-0.5263662281022388,-0.6675708186548035,0.0025876161212817243,0.0047398671051622834,0.004897341530156606,14.654146991811503,28.431773715603686,9.123707382544039,16.873029526733433,28.267349641212107,6.8111863872819445,-48.40385594331021,-12.532626612936044,-237.5483870967742,-53.27032212909305,-2.79965814227632,-236.30751229201016,-48.403857010740154,-12.532626886777035,-237.54838914649443,-47.27313273595959,-2.916414460017873,30.027985267341126,-1.4861314716994285,0.19711533438038142,0.6630601116105348
3.09,-0.03034761909148692,-0.0018648717633061307,0.03384894063964075,0.9514002446036772,-0.5182325452448331,-0.7522730630881109,0.0025876148563198234,0.004355431660089267,0.004964007255891136,14.654146991811503,28.431773715603686,9.123707382544039,16.33824024855961,28.568168743731555,7.227768239944446,-48.40385594331021,-12.532626612936044,-237.5483870967742,-53.12066546335008,-5.352015258461585,-236.55088176379024,-48.403857010740154,-12.532626886777035,-237.54838914649443,-28.220244328280124,-9.601869392163735,20.67966103882247,-0.29755399369049446,-0.42655679262941154,0.03015919263335197
3.1,-0.02074209703511426,-0.006859088678081882,0.026023082338885895,0.9603082860096619,-0.4779029675183909,-0.8035511697658491,0.0025876148563198234,0.0030285103106807163,0.004986612152713157,14.654146991811503,28.431773715603686,9.123707382544039,15.787667371670244,28.85185264642227,7.678948811666874,-48.40385594331021,-12.532626612936044,-237.5483870967742,-52.84380461426272,-7.970890460498545,-236.79437716875896,-48.403857010740154,-12.532626886777035,-237.54838914649443,-9.983782071674927,-20.982065245296774,11.798999409789714,0.010359426980110218,-0.5909538482246006,-0.13482027516230247
3.11,-0.011318329815602657,-0.011310424691233056,0.01782227295453115,0.9210122115627416,-0.41427592345297665,-0.8300037194770654,0.002683222294179676,0.0027358629130371463,0.004973541074457322,14.654146991811503,28.431773715603686,9.123707382544039,15.250228673846689,29.10310903216904,8.150199123323288,-48.40385594331021,-12.532626612936044,-237.5483870967742,-52.43273578374902,-10.531001028114185,-237.04020260751065,-48.403857010740154,-12.532626886777035,-237.54838914649443,6.479789549568281,-29.79298264056201,3.080341210188,0.27663653383601805,-0.7419117254088452,-0.2888824595158373
3.12,-0.0352404968090943,-0.0036267346074904117,0.04895484532006078,0.8463755348613567,-0.33086352203378155,-0.8332379294367279,0.0025876272571325734,0.0040162313012501475,0.004995603116324692,12.77833105003254,29.083704130962634,11.385111452287845,14.74784448113216,29.310691619233296,8.628988122789512,-44.89022697853709,-22.01970757788169,-238.88709677419354,-51.886683302388946,-12.936217621745868,-237.29232155954327,-44.890227963595,-22.019708060471608,-238.88709881898436,-40.36473438306298,-8.058746959664772,33.72805211111508,-1.2954747611058908,0.021480810573257725,0.7426524045521504
3.13,-0.026359975012547526,-0.00685564737386779,0.040058843270848826,0.9042338645247805,-0.3076169924731304,-0.9243042971347863,0.0025876148563198234,0.0030379387004671726,0.004998640553902439,12.77833105003254,29.083704130962634,11.385111452287845,14.236738824669555,29.493925876937507,9.143244413398882,-44.89022697853709,-22.01970757788169,-238.88709677419354,-51.18981422494887,-15.378571868543094,-237.55050280677537,-44.890227963595,-22.019708060471608,-238.88709881898436,-22.232203864006998,-16.251235013497695,23.21961483323872,-0.2139099085542149,-0.4695866611939232,0.023637775360057872
3.14,-0.017302842458414125,-0.009717448277461238,0.030504403617179016,0.8998320829967004,-0.26630596108106025,-0.9763818973027683,0.0025918553537294378,0.002866172916552035,0.004998640553902439,12.77833105003254,29.083704130962634,11.385111452287845,13.71832461451516,29.65544669455078,9.693484358914924,-44.89022697853709,-22.01970757788169,-238.88709677419354,-50.346899304449195,-17.85916264087518,-237.81584970982874,-44.890227963595,-22.019708060471608,-238.88709881898436,-5.6139496246044205,-21.769254499788154,12.739223550940665,0.06518006711052396,-0.5625323866592761,-0.167900170545704
3.15,-0.008536881558555531,-0.012088602039184937,0.02059262156216346,0.8516677632549117,-0.2117250693724611,-0.9989976067019515,0.0028889557850144045,0.00268898799967366,0.004995838104516361,12.77833105003254,29.083704130962634,11.385111452287845,13.219049974325367,29.78812081295437,10.26252043945025,-44.89022697853709,-22.01970757788169,-238.88709677419354,-49.379252399698,-20.269435560626075,-238.09229058246373,-44.890227963595,-22.019708060471608,-238.88709881898436,8.897892712549973,-26.630259688252202,2.5165813219959388,0.29196621962913233,-0.6270180796692472,-0.3466906745199466
3.16,-0.0292329645932064,-0.009999774893789781,0.05439050954110808,0.7763029294812013,-0.15025288762716563,-0.9941630620285576,0.002587654812068017,0.0028314981378919036,0.004998640553902439,11.127716779715376,29.30551074460525,13.89369428016753,12.757289674899281,29.88695075504908,10.835411316117083,-39.53878684688492,-30.60529912738315,-240.2258064516129,-48.308566299340214,-22.530024660367612,-238.38165775003705,-39.538787710512665,-30.60529979686685,-240.22580848963474,-31.184893273529866,-18.081155150257615,35.83718942628879,-1.0375091124441296,-0.31913263185110013,0.7845255054535671
3.17,-0.02119004338798236,-0.011296847152622691,0.04387621959108781,0.8119060011981366,-0.11072791966592548,-1.0854566464870328,0.0025876408248075387,0.0027285444876402167,0.004998640553902439,11.127716779715376,29.30551074460525,13.89369428016753,12.295294182531821,29.958868448825314,11.442323096371792,-39.53878684688492,-30.60529912738315,-240.2258064516129,-47.07956931191464,-24.799711408991755,-238.68065650235928,-39.538787710512665,-30.60529979686685,-240.22580848963474,-15.401409219476783,-20.950745096649854,23.834386898037316,-0.12786650573272312,-0.5016389819403557,-0.011695252742383895
3.18,-0.013136396519782795,-0.012163378894974985,0.0327344063081661,0.7938947827477966,-0.06681964636570592,-1.132529002380752,0.002630592871395186,0.0026824170690250186,0.004998640553902439,11.127716779715376,29.30551074460525,13.89369428016753,11.835118012319018,30.005996884946686,12.083202758217665,-39.53878684688492,-30.60529912738315,-240.2258064516129,-45.69686236493198,-27.07658540644941,-238.99030651675275,-39.538787710512665,-30.60529979686685,-240.22580848963474,-1.0233870055144096,-22.556827319567727,12.003816649775445,0.10853780302365267,-0.5156118621810089,-0.2248335735096669
3.19,-0.005471697502092976,-0.012591164954273149,0.021306796738418926,0.7395304002629853,-0.023370330044320826,-1.146314673155069,0.0032328443639900208,0.002664571056288129,0.004998640553902439,11.127716779715376,29.30551074460525,13.89369428016753,11.399239004353335,30.028028377033866,12.738563199727043,-39.53878684688492,-30.60529912738315,-240.2258064516129,-44.20591403660939,-29.270938366003485,-239.3135208972724,-39.538787710512665,-30.60529979686685,-240.22580848963474,10.156052163789417,-22.956804584943992,0.6396438757246716,0.27364050849475346,-0.508907423085457,-0.41999153314304527
3.2,-0.021844886833621846,-0.016064997078854892,0.056262071519010776,0.6673978020963449,0.017235129633226667,-1.1293951868851073,0.0025876973063927748,0.002600665191406574,0.004998640553902439,9.788122924079953,29.106885546045785,16.54932769610454,11.00092293747609,30.02593545823157,13.391553786608453,-32.56862413611113,-37.93790613463952,-241.56451612903226,-42.64924215332793,-31.32398430463894,-239.64788995168144,-32.5686248444734,-37.93790696139656,-241.5645181587653,-20.533878295517102,-26.76872159480874,35.02596134380445,-0.7413054689577033,-0.6240575011816774,0.760902882619916
3.21,-0.015045025397080497,-0.015574866821989941,0.044432177370061804,0.6782965856275404,0.07248621857903996,-1.2131127608844958,0.002604970728124407,0.002604384326918302,0.004998640553902439,9.788122924079953,29.106885546045785,16.54932769610454,10.61137225777149,29.994826639202987,14.073360815244406,-32.56862413611113,-37.93790613463952,-241.56451612903226,-40.9365153321656,-33.35265590552713,-239.99185622733827,-32.5686248444734,-37.93790696139656,-241.5645181587653,-7.7647261680531585,-25.1946511840366,22.005774123547823,-0.04104123484630879,-0.5191573337002154,-0.07864535487926252
3.22,-0.008409587729219292,-0.014597334801470518,0.03207176252292526,0.6467073818466554,0.11693902874594851,-1.249265408814527,0.0029334876545252407,0.0026152621271981254,0.004998640553902439,9.788122924079953,29.106885546045785,16.54932769610454,10.233177070977824,29.936328275153894,14.783421137151834,-32.56862413611113,-37.93790613463952,-241.56451612903226,-39.07227275009198,-35.35228129634836,-240.34692226831075,-32.5686248444734,-37.93790696139656,-241.5645181587653,3.443617601599869,-22.861918986885847,9.334820581686802,0.1365222511069252,-0.46673985729270134,-0.3026406352755864
3.23,-0.002237562350153155,-0.01323154448296271,0.019547647256496103,0.5908267603336322,0.15103701933958139,-1.2498739424634588,0.004093022062691449,0.0026415690553421994,0.004990261282501738,9.788122924079953,29.106885546045785,16.54932769610454,9.88283264310562,29.856182265337736,15.500840820950863,-32.56862413611113,-37.93790613463952,-241.56451612903226,-37.122264160970786,-37.2568424655947,-240.7125083922935,-32.5686248444734,-37.93790696139656,-241.5645181587653,9.837829342870396,-19.603454825826407,-2.573561416353369,0.2223923949884339,-0.4014109956858709,-0.5032583568765302
3.24,-0.01343367363512915,-0.022049554593636,0.054244182274176045,0.5231692187706536,0.17415410265534892,-1.2180490212991275,0.002630026360060586,0.00258787561714725,0.004998640553902439,8.828849778503123,28.507300577783056,19.24484744004178,9.568303635266783,29.759990962416012,16.207700267915445,-24.265098126554044,-43.71733080722911,-242.90322580645162,-35.14486019503136,-39.0270892121093,-241.0819627549701,-24.265098652293776,-43.7173317554395,-242.90322782716257,-8.779019264867996,-34.23852998097546,31.377538663302335,-0.4259007146666203,-0.885744744677467,0.6795909436399817
3.25,-0.00824228461389448,-0.01989300177154929,0.041603543613084215,0.5075627843677514,0.24325011871650148,-1.2876882489784218,0.0029750320826656034,0.0025884374560394404,0.004998640553902439,8.828849778503123,28.507300577783056,19.24484744004178,9.272214264152655,29.63283634208286,16.935137369820197,-24.265098126554044,-43.71733080722911,-242.90322580645162,-33.022277110760385,-40.73345324637314,-241.4607211723664,-24.265098652293776,-43.7173317554395,-242.90322782716257,0.41399356563226525,-29.05637084432043,17.969716582993517,0.0434070575890855,-0.5346751823517093,-0.1673148717283888
3.26,-0.0033856755647009573,-0.017192167426944405,0.028580012635179286,0.4654637410391642,0.28919741533703375,-1.3087214242429779,0.003908107482568082,0.0025938034341745552,0.004998640553902439,8.828849778503123,28.507300577783056,19.24484744004178,8.996447058682497,29.47556577619732,17.68232171982914,-24.265098126554044,-43.71733080722911,-242.90322580645162,-30.757709892421563,-42.37154005953054,-241.8492192843032,-24.265098652293776,-43.7173317554395,-242.90322782716257,6.2012718929454005,-23.166646990082597,5.207402441922481,0.12453417368662559,-0.4217300850508355,-0.3883389452631653
3.27,0.0009841861974367594,-0.014135643070714687,0.015546406360366471,0.4123737981818129,0.3163176941177392,-1.2938471233622382,0.004235801459647723,0.0026202157044857496,0.004969339827309311,8.828849778503123,28.507300577783056,19.24484744004178,8.749165832812327,29.298992649723296,18.428045139232545,-24.265098126554044,-43.71733080722911,-242.90322580645162,-28.432243580377815,-43.90457678476953,-242.2397486508427,-24.265098652293776,-43.7173317554395,-242.90322782716257,9.935234657956226,-16.829288810827713,-6.883831537802065,0.17260878799155435,-0.3070677126508966,-0.588218127449978
3.28,-0.004450906846438479,-0.02784355115907533,0.04873086697119555,0.3482477116941037,0.32510578619212743,-1.2463961121427478,0.0037016666344911082,0.002587824593215331,0.004998640553902439,8.300686654011697,27.53704111623567,21.874018730928498,8.5357913027896,29.112812795915854,19.154269304444938,-14.968156148667934,-47.70696282000243,-244.24193548387098,-26.11738442483512,-45.30588920365817,-242.6270777505337,-14.968156471866829,-47.706963849448854,-244.24193749574798,2.9246681125416325,-41.368919632000164,25.657747755478535,-0.126861130647031,-1.1287191514871622,0.562653979621115
3.29,-0.0011500553870882613,-0.024083616274816477,0.03590782774433465,0.3118227834328746,0.4076910102544595,-1.297956981963695,0.004228878842281202,0.0025877951206939925,0.004998640553902439,8.300686654011697,27.53704111623567,21.874018730928498,8.348960401245048,28.893227218835403,19.89113824968983,-14.968156148667934,-47.70696282000243,-244.24193548387098,-23.672906908335655,-46.604083266446054,-243.02173780282706,-14.968156471866829,-47.706963849448854,-244.24193749574798,5.906008862395089,-32.414462458734846,12.659780279927318,0.07398819340502014,-0.5435393885750617,-0.25886773930522283
3.3,0.001721093861377948,-0.01972209733837993,0.022874768981246185,0.2659355753261867,0.4552817304981681,-1.3022549461926736,0.004055461562689885,0.0025884637974059772,0.004998640553902439,8.300686654011697,27.53704111623567,21.874018730928498,8.18712213195538,28.64076222313887,20.637917482188854,-14.968156148667934,-47.70696282000243,-244.24193548387098,-21.101083578110973,-47.80309249569387,-243.41838647710912,-14.968156471866829,-47.706963849448854,-244.24193749574798,8.403960872365873,-23.248950611020714,0.20637236426867756,0.10356527841796033,-0.37541183702680936,-0.47027123031960855
3.31,0.004095454224406048,-0.015034456219731152,0.0099909759735069,0.212942265797111,0.47586432776909665,-1.2721230409200366,0.0034411473462961474,0.0026068285564495378,0.0049559343214217845,8.300686654011697,27.53704111623567,21.874018730928498,8.054162562139258,28.37115048805147,21.374191773933948,-14.968156148667934,-47.70696282000243,-244.24193548387098,-18.496336892431202,-48.88593910622157,-243.810043152124,-14.968156471866829,-47.706963849448854,-244.24193749574798,11.354110218576736,-14.12973732328683,-11.687398500134986,0.13921999625527362,-0.21590027679240156,-0.6625739965184261
3.32,0.004757520934463355,-0.03293736683024623,0.04061402935681391,0.15218980380213068,0.47119917113972043,-1.2096745780544225,0.0032518729648266095,0.0025877718354799873,0.004998640553902439,8.235422327420148,26.238955885524522,24.339419424184243,7.9543987899700594,28.098005250781853,22.08249774292206,-5.0584160993716045,-49.74346616959476,-245.5806451612903,-15.94127876799878,-49.83563632812372,-244.1967078267154,-5.058416208258208,-49.74346723749705,-245.58064716523248,12.185958417290125,-47.1125389242413,18.952546387706093,0.10787029794570034,-1.331685556194615,0.44836461545860634
3.33,0.005972417536437596,-0.02764093735658618,0.028265694719476153,0.09540676357308749,0.5642914116446044,-1.2423194027888202,0.0029430021676042847,0.0025877368913221855,0.004998640553902439,8.235422327420148,26.238955885524522,24.339419424184243,7.8880970891039,27.78996996506443,22.79111520000777,-5.0584160993716045,-49.74346616959476,-245.5806451612903,-13.278801675198375,-50.64612040694674,-244.5895133565153,-5.058416208258208,-49.74346723749705,-245.58064716523248,13.430666957637452,-34.958998888669164,6.575247037959014,0.1382685493039105,-0.5415563117857214,-0.34505067880228274
3.34,0.006605753971187622,-0.021709134389090945,0.015878049932211535,0.0373569666798852,0.6114262390645729,-1.2308867322377268,0.0028535288329697333,0.0025877188930317147,0.004970731184296358,8.235422327420148,26.238955885524522,24.339419424184243,7.8551241791961495,27.44760715662445,23.50003098249923,-5.0584160993716045,-49.74346616959476,-245.5806451612903,-10.510360857254879,-51.31865328372744,-244.98669445922403,-5.058416208258208,-49.74346723749705,-245.58064716523248,13.088927025960036,-22.733653611617793,-5.084154357571774,0.11415761926091499,-0.3218746196160307,-0.5384754765681479
3.35,0.00667689168686561,-0.01549860443249923,0.0037806574244085844,-0.016740067669054427,0.6239522701022159,-1.1879332407984187,0.0029407548152717844,0.002601599902917126,0.00486283991362165,8.235422327420148,26.238955885524522,24.339419424184243,7.854113068113817,27.091241483434718,24.19052637728388,-5.0584160993716045,-49.74346616959476,-245.5806451612903,-7.740102118090755,-51.85938150242444,-245.38112709600992,-5.058416208258208,-49.74346723749705,-245.58064716523248,11.301343774172443,-10.691415583793528,-16.219874632548297,0.06722274322332454,-0.115262780263986,-0.7152480266807333
3.36,0.013411447079675315,-0.03672039055968418,0.03103590630154557,-0.06362615042725533,0.604998182528328,-1.1032940295334832,0.0021441936486537513,0.002587721358023212,0.004998640553902439,8.646037867300002,24.67011605826358,26.558544753326572,7.882082113879818,26.738101218497384,24.844317880447814,5.058416099371567,-49.74346616959476,-246.91935483870967,-5.0637365322403305,-52.27400520654105,-245.76527017760546,5.058416207941874,-49.74346723235675,-246.9193568358926,28.980836196099936,-51.465107953580585,11.680140918180227,0.6116647480725914,-1.5129674133936917,0.45826836891476513
3.37,0.012242794259121836,-0.030043028894953194,0.019825530895521526,-0.1529054602753454,0.7032097620702252,-1.1216303012314472,0.0024532635893495195,0.002587683393710358,0.004991793831972018,8.646037867300002,24.67011605826358,26.558544753326572,7.953744058598562,26.350805672702613,25.486833113027682,5.058416099371567,-49.74346616959476,-246.91935483870967,-2.314684248160935,-52.50518790813868,-246.16343705275517,5.058416207941874,-49.74346723235675,-246.9193568358926,20.607980502853096,-35.85592293826722,0.8931489011350522,0.17965725445261888,-0.5164794963957697,-0.40541760392265214
3.38,0.01036358010357094,-0.02273880490378083,0.008712631829450812,-0.21310657418134596,0.7462620950012475,-1.09849798759425,0.00287354358957084,0.002587666584531175,0.004950550163155454,8.646037867300002,24.67011605826358,26.558544753326572,8.064733394890341,25.930082047570874,26.122065438460858,5.058416099371567,-49.74346616959476,-246.91935483870967,0.5152969350005713,-52.57127713758995,-246.56929583176898,5.058416207941874,-49.74346723235675,-246.9193568358926,12.932360499249418,-20.637488496189025,-9.329055037759861,0.033941011734605835,-0.24782576357102207,-0.571681098884153
3.39,0.00800063002472337,-0.015232458802872662,-0.0020134564593327076,-0.25252776145796546,0.7483759760054469,-1.0469305671490046,0.0034446982166710235,0.0026027561167292915,0.004349597914413732,8.646037867300002,24.67011605826358,26.558544753326572,8.202276113018334,25.50010058590006,26.73348699574393,5.058416099371567,-49.74346616959476,-246.91935483870967,3.316159877317781,-52.51678662182068,-246.963561274027,5.058416207941874,-49.74346723235675,-246.9193568358926,6.566962860179986,-6.041518318332015,-20.841980698846626,-0.08263964725136283,-0.0010985382515307223,-0.7594319213648547
3.4,0.020707201604615144,-0.03876176954128813,0.021346607524364458,-0.27643531132600463,0.7142306422242615,-0.9424253803936532,0.0036169750039837705,0.0025876790987197926,0.004998640553902439,9.526898555601122,22.90240858792926,28.467071097093566,8.35699721699603,25.08101971922955,27.29868553749681,14.9681561486679,-47.70696282000244,-248.25806451612902,5.971619057933474,-52.361427811973336,-247.33041982656553,14.968156468993344,-47.70696383485262,-248.258066507526,23.629553384674335,-51.45820176198039,6.5121142849192,0.4817890616513771,-1.5674079101111125,0.41015109536737254
3.41,0.01751043655559284,-0.030988824902879908,0.011811780521107429,-0.3490238374232793,0.8111001734819996,-0.9497495580838367,0.0034855747740352846,0.002587641141731852,0.004959802160236568,9.526898555601122,22.90240858792926,28.467071097093566,8.54395942480724,24.63113927037749,27.8446215369056,14.9681561486679,-47.70696282000244,-248.25806451612902,8.664464514663031,-52.042198705286694,-247.6842691370324,14.968156468993344,-47.70696383485262,-248.258066507526,17.974110153103272,-34.16816810920087,-3.10916653286277,0.08279975102942208,-0.4581871513439724,-0.42408246749257855
3.42,0.013728571530312705,-0.02264516694516161,0.002451614255806145,-0.399026575779839,0.8462646000996817,-0.9211425902907305,0.003596719965657886,0.0025876273008271864,0.004803204006594978,9.526898555601122,22.90240858792926,28.467071097093566,8.763393790523946,24.15133928442801,28.379140350900144,14.9681561486679,-47.70696282000244,-248.25806451612902,11.412466975599028,-51.572138450925834,-248.02995576739787,14.968156468993344,-47.70696383485262,-248.258066507526,10.87347328739939,-17.34687240937151,-12.314996106755318,-0.052895681018751396,-0.16459945998541728,-0.5725341165237577
3.43,0.009558609742652047,-0.014202361842180877,-0.006472170125970289,-0.42877262626668106,0.8362650630146528,-0.8606280148473681,0.004043847246545847,0.0026123475165614448,0.0028397007457730064,9.526898555601122,22.90240858792926,28.467071097093566,9.003909199316622,23.668417621554834,28.886651628800816,14.9681561486679,-47.70696282000244,-248.25806451612902,14.100176285373434,-50.99805977549189,-248.35947209096125,14.968156468993344,-47.70696383485262,-248.258066507526,4.163870036157003,-0.597966737090637,-31.958086972959876,-0.17340881740759634,0.11521074833562941,-0.898027013451916
3.44,0.02834528114610327,-0.03891336844027088,0.012578084773206766,-0.44145854536956064,0.7877137290394751,-0.7506936492865224,0.004392895195206672,0.0025876503327864767,0.004887255583376585,10.853646758145082,21.02119427271579,30.019209421694363,9.255633878263113,23.204281316116436,29.342146569243063,24.26509812655401,-43.717330807229125,-249.59677419354838,16.59862432392237,-50.33952413431315,-248.66207276743765,24.26509864419717,-43.71733173378546,-249.5967761795738,25.031876140647928,-49.656540621196214,2.089894609854097,0.5268401633303603,-1.5630653384681894,0.35207226659429036
3.45,0.02350015220372903,-0.030439992296560192,0.005001398360547693,-0.5118885395734486,0.8773789910966936,-0.7520720334551406,0.0046128077485464705,0.002587615040882965,0.0048821284098326,10.853646758145082,21.02119427271579,30.019209421694363,9.536820352941128,22.71473528823654,29.77562724056137,24.26509812655401,-43.717330807229125,-249.59677419354838,19.106327930489254,-49.5259991591928,-248.94857696040785,24.26509864419717,-43.71733173378546,-249.5967761795738,16.9239848802933,-31.122542813790552,-6.012144724560707,0.018212669188918482,-0.3891082616935946,-0.4169580593268203
3.46,0.018121263919257835,-0.021488854620914544,-0.002375395913464251,-0.5564724106996919,0.902162943598899,-0.7225274688556566,0.004526326841845828,0.0025876148563198234,0.004286459790658529,10.853646758145082,21.02119427271579,30.019209421694363,9.847458665454951,22.200736193740802,30.196458939785686,24.26509812655401,-43.717330807229125,-249.59677419354838,21.64558937471454,-48.57376076972798,-249.2236032468364,24.26509864419717,-43.71733173378546,-249.5967761795738,10.101708760731805,-13.46054380939923,-14.992597278510821,-0.10841758393935118,-0.08438062055847483,-0.5651801741892973
3.47,0.012394817750548237,-0.012552833480852787,-0.009278160121432899,-0.5830485398691804,0.8799937853667467,-0.6574400960271011,0.004522410016560839,0.00264191746895282,0.0029320381781327122,10.853646758145082,21.02119427271579,30.019209421694363,10.17697481098342,21.690259913414533,30.587982868193535,24.26509812655401,-43.717330807229125,-249.59677419354838,24.09527634563112,-47.527744702181046,-249.4873154205478,24.26509864419717,-43.71733173378546,-249.5967761795738,3.263874064241859,3.6593895578637983,-30.862039532648232,-0.2321856757804075,0.19796801179421547,-0.8240839084543455
3.48,0.03668761230281775,-0.03721306061446944,0.0050415645730413905,-0.5912018366704941,0.8201369794993936,-0.5566128859515505,0.004789844511955594,0.002587637586877755,0.004753104160484318,12.58297299514708,19.121626423162095,31.185921135613924,10.515666659507957,21.205517911287306,30.9294252248382,32.568624136111104,-37.93790613463955,-250.93548387096774,26.337870287335146,-46.4145131931739,-249.7382024652573,32.56862482840401,-37.93790693640828,-250.9354858513462,28.483482975698394,-45.831217510612426,-1.8079608156717366,0.6126871570516247,-1.4801388257491512,0.24999354990722075
3.49,0.030295071093048798,-0.028483660948196654,-0.0005605390824405809,-0.6694403521650418,0.8975891266269069,-0.5538333925338641,0.004899330559325084,0.0025876148563198234,0.0045330976415178395,12.58297299514708,19.121626423162095,31.185921135613924,10.88588275385422,20.701988370968095,31.249652119078245,32.568624136111104,-37.93790613463955,-250.93548387096774,28.5702708162385,-45.14995123408234,-249.98319130986033,32.56862482840401,-37.93790693640828,-250.9354858513462,19.486592281620577,-27.131197875516857,-8.679936793498634,0.01670030893288498,-0.3177782922310548,-0.4072446543876264
3.5,0.023319441699453797,-0.019395446071783617,-0.005947236891979735,-0.717092610875047,0.9106244546954763,-0.5211933651953063,0.004941616210597493,0.0025884368491719614,0.0028046906042395476,12.58297299514708,19.121626423162095,31.185921135613924,11.288154665573783,20.180805651799922,31.556185091616207,32.568624136111104,-37.93790613463955,-250.93548387096774,30.810013987411264,-43.745956911239254,-250.2261761727046,32.56862482840401,-37.93790693640828,-250.9354858513462,11.250709706518625,-8.883849252141763,-22.492501492166156,-0.13488850082190101,-0.0048469538870394525,-0.6542710689420889
3.51,0.01599157911390628,-0.010436418780518542,-0.010833309818919168,-0.7424242993163721,0.8774249491436218,-0.45898075961023205,0.00488764119904365,0.0027277645429284476,0.002770388666406774,12.58297299514708,19.121626423162095,31.185921135613924,11.709339066605345,19.669634768458184,31.832487214925923,32.568624136111104,-37.93790613463955,-250.93548387096774,32.93784844101682,-42.253840971287836,-250.46825343559962,32.56862482840401,-37.93790693640828,-250.9354858513462,3.147672561051583,7.3122861101547905,-30.363998445950863,-0.27943299079192774,0.25526016865922424,-0.7528033487071099
3.52,0.04465293789496472,-0.033753554685167775,-0.0016014899717927689,-0.7467707846391871,0.8109949007175863,-0.3750343125107856,0.004960924054174498,0.002587641183133596,0.00437071322280118,14.652863720787863,17.30295994673108,31.9521500982161,12.138194585913295,19.189317165054547,32.06571412999767,39.538786846884896,-30.60529912738318,-252.27419354838707,34.863196641190235,-40.71514528241647,-250.71239560807842,39.538787683856285,-30.60529977314483,-252.27419552227636,32.119826469397815,-39.94161876041924,-6.034767762326307,0.6930928819491622,-1.3225662644206853,0.10590902247578603
3.53,0.03665786428221851,-0.025213547310307838,-0.005335844622110675,-0.8321431414184409,0.8718875248248417,-0.36407022382134036,0.004995314565075536,0.002587617205211311,0.0031576745473601833,14.652863720787863,17.30295994673108,31.9521500982161,12.60055725749457,18.697510945825933,32.27853118874589,39.538786846884896,-30.60529912738318,-252.27419354838707,36.75973081792436,-39.02890923812991,-250.96087728732428,39.538787683856285,-30.60529977314483,-252.27419552227636,22.130571731233783,-21.68253563412475,-14.966707706917502,0.015573539954820033,-0.23395756847785856,-0.47743883735339004
3.54,0.028040171385780355,-0.0164544241532098,-0.008764197615718006,-0.881902278642814,0.8722642454464441,-0.3245422468824782,0.004998640553902439,0.002594745405261813,0.0029879158045005346,14.652863720787863,17.30295994673108,31.9521500982161,13.097009125168743,18.19589202471795,32.47262932358221,39.538786846884896,-30.60529912738318,-252.27419354838707,38.62748047676684,-37.1976845825084,-251.21503625283162,39.538787683856285,-30.60529977314483,-252.27419552227636,12.326395207768751,-4.875847547542212,-21.275014785194987,-0.16455145978040933,0.047612045594362024,-0.5594824725187351
3.55,0.019072905464915496,-0.007933841634936267,-0.011725516154553972,-0.9049670538555233,0.8297616301464585,-0.2706332970475602,0.004987591529940577,0.0029648751631966936,0.0027083202625722905,14.652863720787863,17.30295994673108,31.9521500982161,13.611969313260502,17.71034544040925,32.63912800779216,39.538786846884896,-30.60529912738318,-252.27419354838707,40.37455489806299,-35.28923704289744,-251.47867661325307,39.538787683856285,-30.60529977314483,-252.27419552227636,2.8334769439464305,9.802967108531385,-27.940731115004162,-0.33107742028324166,0.2781413208750285,-0.6541989162295531
3.56,0.05070236757815108,-0.02864539169965674,-0.007762839639079533,-0.9030621958198676,0.7612331910692799,-0.20576637909787274,0.004998640553902439,0.0025876607215120965,0.0031302404426598665,16.984144282095514,15.661875702081295,32.314153702292074,14.13189473696926,17.258626035271824,32.77075107971654,44.89022697853708,-22.019707577881718,-253.61290322580646,41.93478685690828,-33.35591651034671,-251.75292186549365,44.89022792423995,-22.01970804286552,-253.612905192117,34.65896252374738,-31.683155808468655,-14.451965273496908,0.7450624497767269,-1.0917197061664043,-0.17993563048198621
3.57,0.04112331080417103,-0.020726560074822153,-0.009682338636631815,-0.9909241839735096,0.8018093483967778,-0.17650338626309792,0.004998640553902439,0.002587644794685503,0.0028652855272934515,16.984144282095514,15.661875702081295,32.314153702292074,14.68508005664269,16.803446456907892,32.878807901005615,44.89022697853708,-22.019707577881718,-253.61290322580646,43.43581372480422,-31.278052947824218,-252.0365373384358,44.89022792423995,-22.01970804286552,-253.612905192117,23.350376050054663,-15.323596730331063,-19.340001038006573,-0.00961926748143097,-0.15119396433863605,-0.4819487225256095
3.58,0.030928782618659112,-0.012745855106122361,-0.011228427748959713,-1.0380452035510717,0.7888582455200212,-0.13575105147618777,0.004998640553902439,0.002639592701318206,0.002733613513372795,16.984144282095514,15.661875702081295,32.314153702292074,15.271702452559857,16.347160991699486,32.965022413879716,44.89022697853708,-22.019707577881718,-253.61290322580646,44.876404781852955,-29.06003376489809,-252.33128095131175,44.89022792423995,-22.01970804286552,-253.612905192117,12.167151945179945,-0.3257943896241031,-22.847620583335775,-0.21186995075023715,0.09718999983775603,-0.5286593719795168
3.59,0.02043371533365068,-0.005104469494433661,-0.012339972180696046,-1.0544239121704342,0.7394360810404181,-0.09065920036853822,0.0049950274926556315,0.0033953881781504823,0.0026755648462731514,16.984144282095514,15.661875702081295,32.314153702292074,15.87379442760303,15.912327719489001,33.026112405323744,44.89022697853708,-22.019707577881718,-253.61290322580646,46.18985221363078,-26.78072729594727,-252.63978082578106,44.89022792423995,-22.01970804286552,-253.612905192117,1.4507432226074983,11.002133698097266,-24.75560268513589,-0.3964808337005535,0.26319732003417945,-0.5462878635133246
3.6,0.053564432239744886,-0.022080161460638292,-0.013629758676566128,-1.042326460614388,0.6724416209031323,-0.044715292760556025,0.004998640553902439,0.002587695351245934,0.002634707162746518,19.48401174977032,14.286142401294937,32.27768790057632,16.475770918539386,15.512084633692456,33.06088022271515,48.403855943310205,-12.532626612936076,-254.9516129032258,47.339229005622755,-24.501837014173116,-252.95901933751034,48.40385695748156,-12.532626879693792,-254.95161486100542,34.72443451407255,-21.534711924054903,-24.212863255953355,0.7414611769325548,-0.8096208580227119,-0.5127392233903102
3.61,0.0426142408052444,-0.015192663449916044,-0.013810940110391967,-1.1252556980623927,0.6897904306381737,0.002811837776454675,0.004998640553902439,0.002603565070731718,0.002630135780031427,19.48401174977032,14.286142401294937,32.27768790057632,17.107177775870788,15.117160010270783,33.06857842074696,48.403855943310205,-12.532626612936076,-254.9516129032258,48.39667000985389,-22.091174922271573,-253.28844346666966,48.40385695748156,-12.532626879693792,-254.95161486100542,22.246583111364288,-7.934362489579291,-24.212859720145097,-0.06636270981834676,-0.06195283515037233,-0.5105972553496002
3.62,0.031122156704008863,-0.008413491588695865,-0.013545079050619413,-1.1636107856130404,0.6632438034759124,0.04518123934553286,0.004998640553902439,0.0029306319403234384,0.002635488187778548,19.48401174977032,14.286142401294937,32.27768790057632,17.76762551714445,14.730447735667767,33.05095122026544,48.403855943310205,-12.532626612936076,-254.9516129032258,49.35993742531093,-19.555419927706115,-253.63025537499388,48.40385695748156,-12.532626879693792,-254.95161486100542,10.072402920656968,4.075579150520484,-23.325308130139824,-0.28259214785285924,0.1305041705677435,-0.48309950632645615
3.63,0.019432493926606176,-0.002053399927604671,-0.012889593865320181,-1.1685274919017024,0.6114050247002849,0.08115899049212077,0.004989618697228665,0.0041204610163525475,0.00265254811186451,19.48401174977032,14.286142401294937,32.27768790057632,18.437492475025447,14.369100044084918,33.0113738509895,48.403855943310205,-12.532626612936076,-254.9516129032258,50.195369839719476,-16.98198438536036,-253.98390614978922,48.40385695748156,-12.532626879693792,-254.95161486100542,-1.3358334186990042,10.917780128274346,-21.324983347305384,-0.4759336104618242,0.22474942848296642,-0.4383446451420112
3.64,0.052679673506491775,-0.014372229921954693,-0.019250232082901664,-1.1428013495784297,0.5468966864834177,0.10961207981109305,0.004998640553902439,0.0026138608185394966,0.002589229447922321,22.051725866423457,13.24968718020039,31.857406475314807,19.09988467518186,14.041482459212617,32.95353311739676,49.93582535855264,-2.5324584419356455,-256.2903225806451,50.89193899520156,-14.438617181591379,-254.34225263479328,49.93582639849112,-2.5324585008869587,-256.2903245293707,31.855252769568235,-10.245166449015022,-31.61377551991365,0.6764098278363118,-0.5075632854656045,-0.7748105334080948
3.65,0.04078766895684677,-0.008897579468656047,-0.017794625826670685,-1.2138237241591026,0.5389080836672336,0.17033671617484253,0.004998640553902439,0.0028899356927245606,0.0025920767775246146,22.051725866423457,13.24968718020039,31.857406475314807,19.78454658113269,13.728768684526935,32.86691820651503,49.93582535855264,-2.5324584419356455,-256.2903225806451,51.467542084840304,-11.79061250296558,-254.71085187105302,49.93582639849112,-2.5324585008869587,-256.2903245293707,18.81170118206594,0.054863178303936444,-27.90652873371913,-0.1489769635445192,0.02558689609282786,-0.5241550136778678
3.66,0.028483804005189906,-0.0037009457803967583,-0.015841127727053372,-1.2385631696276007,0.5012736905383206,0.21361189997772,0.004998640553902439,0.0038383631204460585,0.002601450794673144,22.051725866423457,13.24968718020039,31.857406475314807,20.49071912922684,13.433276822864453,32.752595756448954,49.93582535855264,-2.5324584419356455,-256.2903225806451,51.91955005979581,-9.043857207811252,-255.0908747164515,49.93582639849112,-2.5324585008869587,-256.2903245293707,6.388373699567428,6.8426140250696905,-23.362764201350934,-0.365261001751797,0.12424298024416773,-0.43453853972175965
3.67,0.01612402938498575,0.001043833551603035,-0.013536247663391121,-1.2289455719870899,0.45106958699181326,0.2420592894478179,0.0049718240453597955,0.004259022669676474,0.002632732894655486,22.051725866423457,13.24968718020039,31.857406475314807,21.198144057831747,13.16435604037001,32.61899132694011,49.93582535855264,-2.5324584419356455,-256.2903225806451,52.24803816045317,-6.286072418549935,-255.47472854884333,49.93582639849112,-2.5324585008869587,-256.2903245293707,-5.363838701204149,11.12709686411969,-18.202948181839684,-0.5609055199556644,0.18249975769585733,-0.33934271744065625
3.68,0.04826324733435117,-0.0059511863869732284,-0.0246411521113854,-1.1880888392807727,0.387923396555884,0.25567670339513426,0.004998640553902439,0.003001805083793577,0.0025878485581525635,24.585835292801008,12.609516569468724,31.07746753262347,21.88953070976422,12.928220316495427,32.47387091773949,49.42341621640558,7.571388875228778,-257.6290322580645,52.4594184360472,-3.591773349797118,-255.85668387729467,49.42341723893087,7.571389025531225,-257.62903419773073,26.70997871959757,1.4879464724916889,-38.44889572421128,0.5699133253233591,-0.21082913601380252,-1.0147762620440475
3.69,0.0360104064110609,-0.002211053220428083,-0.021637062694432774,-1.2424964877685607,0.35817434495862327,0.3289204148660092,0.004998640553902439,0.004119907100250606,0.0025878232539804664,24.585835292801008,12.609516569468724,31.07746753262347,22.593922367525977,12.71589883822434,32.29801970553652,49.42341621640558,7.571388875228778,-257.6290322580645,52.52230180197286,-0.8267363266017291,-256.24807601181726,49.42341723893087,7.571389025531225,-257.62903419773073,13.912668836443967,5.7904466559180925,-31.004211330191705,-0.23880898740848358,0.06407644669438689,-0.5302536401576385
3.7,0.023508424196859723,0.0011467021890695372,-0.0180841792232872,-1.2512371101619408,0.31629252258482304,0.3734050448617201,0.004998640553902439,0.00416345284443838,0.0025909962120314652,24.585835292801008,12.609516569468724,31.07746753262347,23.310533919342095,12.52595820466476,32.092037476852354,49.42341621640558,7.571388875228778,-257.6290322580645,52.44158138422847,2.0088176353880023,-256.64360162893706,49.42341723893087,7.571389025531225,-257.62903419773073,1.6726199883177206,8.847236306730005,-23.167828766883538,-0.4478769173864435,0.10410596950435998,-0.38536707749099547
3.71,0.011105698624941152,0.00403934168893777,-0.014211702634102652,-1.226531891513567,0.2655937409960845,0.39524940297750105,0.004958567886343325,0.003478155847682105,0.002618025415825998,24.585835292801008,12.609516569468724,31.07746753262347,24.019560983550434,12.363187402084819,31.86903595452815,49.42341621640558,7.571388875228778,-257.6290322580645,52.24237637531285,4.825090112402473,-257.03511609583745,49.42341723893087,7.571389025531225,-257.62903419773073,-10.081930236008297,12.760666604286701,-15.289139428416023,-0.6394551569315411,0.15783203470946147,-0.24643891802703485
3.72,0.04110892127730004,0.002780196501551091,-0.029516731522025275,-1.1709694981490055,0.2032201887345348,0.3955544220554108,0.004998640553902439,0.0038093369494722274,0.0025877995121673155,26.991615919003348,12.404273683303941,29.973012310554374,24.70411830299301,12.2334822427099,31.640545929415424,46.88760660735403,17.365262642241003,-258.9677419354839,51.94346346273744,7.54096265958467,-257.42313339942103,46.88760757071559,17.36526299505849,-258.96774386647843,20.50430707707659,9.656044646722457,-44.09717355838727,0.45795193411475404,-0.015707693151393264,-1.2190119727318127
3.73,0.029130831371366017,0.004576500764571584,-0.02503754253819912,-1.2071038979282558,0.15788349785206335,0.47950259537767714,0.004998640553902439,0.0033036772993395355,0.002587768755456716,26.991615919003348,12.404273683303941,29.973012310554374,25.391749764414662,12.133302969788277,31.379748755817673,46.88760660735403,17.365262642241003,-258.9677419354839,51.477895588416054,10.29246785051414,-257.8164097861351,46.88760757071559,17.36526299505849,-258.96774386647843,8.169226599868407,11.9973992974614,-33.4443415511425,-0.3251080171537646,0.11181889203174884,-0.5283137238819233
3.74,0.017070942598174432,0.005869417893314188,-0.01997193489402227,-1.2001862262753251,0.10527499342913059,0.5240597788069792,0.0049764599865127455,0.002961641071940466,0.0025882130499425273,26.991615919003348,12.404273683303941,29.973012310554374,26.082148270072484,12.062261065973773,31.087134555276144,46.88760660735403,17.365262642241003,-258.9677419354839,50.848097284586416,13.078657905933042,-258.21227454642167,46.88760757071559,17.36526299505849,-258.96774386647843,-3.5344751334461155,13.5858627526166,-22.68779587612162,-0.5205592546079618,0.12261818140475737,-0.33412051939844334
3.75,0.005253428787779901,0.006621392545786253,-0.01462724767590684,-1.162244741533811,0.05062104603197693,0.5386478158211726,0.0049060237706567466,0.0028284285666472925,0.002610721974361167,26.991615919003348,12.404273683303941,29.973012310554374,26.756899075418705,12.022304958331768,30.78023571257231,46.88760660735403,17.365262642241003,-258.9677419354839,50.0993447463496,15.808643807656738,-258.6064350651052,46.88760757071559,17.36526299505849,-258.96774386647843,-14.633839226502916,13.733416886901251,-11.939746031154028,-0.697577483179599,0.10789416863461657,-0.14860241059587295
3.76,0.03230671274581265,0.011192271167591972,-0.033396175027614994,-1.0901811184344807,-0.00156926473589867,0.5255831095407036,0.004998640553902439,0.0021409914602820686,0.002587751526939046,29.18718370845649,12.653824496864777,28.591889761899882,27.399321084262997,12.013319939764322,30.474088295430988,42.43221287473758,26.448200516348074,-260.30645161290323,49.27483403698402,18.40289220634757,-258.99502361834936,42.43221374036805,26.44820105689429,-260.3064535357551,13.28956478804816,26.902503584401874,-49.03009156823419,0.39205187260061014,0.5006107435082328,-1.415867196725549
3.77,0.02122419360469452,0.01070034738432546,-0.027564955585701878,-1.1103969500277362,-0.08288879161499224,0.6162164871748733,0.004998640553902439,0.00237151337560414,0.002587717054077992,29.18718370845649,12.653824496864777,28.591889761899882,28.034710545779447,12.045877855947888,30.135599725873714,42.43221287473758,26.448200516348074,-260.30645161290323,48.256048127874436,20.982203319256723,-259.4003193387347,42.43221374036805,26.44820105689429,-260.3064535357551,2.3475019298416995,20.85264141869488,-34.87776384078112,-0.39468052551894905,0.18417259863611438,-0.5127659489933041
3.78,0.010204685771246336,0.009529607364012121,-0.021140701667257733,-1.0907106135444933,-0.14222253162754603,0.6581833327071781,0.004956544926363461,0.002715158718478621,0.0025877008742764174,29.18718370845649,12.653824496864777,28.591889761899882,28.66478952442201,12.11624885772232,29.765328820791638,42.43221287473758,26.448200516348074,-260.30645161290323,47.053410749807554,23.555957451264394,-259.81521175892374,42.43221374036805,26.44820105689429,-260.3064535357551,-7.977150453129158,14.500802385304493,-20.91425316932469,-0.5634638475103498,0.060242225910118484,-0.2654617415215612
3.79,-0.00046383706142327785,0.007864557231904656,-0.01449954248259705,-1.043137104093214,-0.1839505445697773,0.6637500340998158,0.004563843269598018,0.0031833339413667276,0.0026108652642683854,29.18718370845649,12.653824496864777,28.591889761899882,29.27315826922104,12.213948653768634,29.384697835346888,42.43221287473758,26.448200516348074,-260.30645161290323,45.75264215977161,26.048723331483735,-260.2209140945419,42.43221374036805,26.44820105689429,-260.3064535357551,-18.76599623860632,8.77881028393854,-7.391239430181368,-0.7368082803689316,-0.04690892085176018,-0.03579874890662373
3.8,0.023077076491889392,0.01817541400946565,-0.035843742944941026,-0.9489130453002308,-0.21143733677573381,0.6366348882018198,0.004998640553902439,0.0028796854095023694,0.0025877091969610817,31.107167126331206,13.359230512725812,26.99578820275603,29.839983438526836,12.330718506774604,29.01175991790455,36.239639361456014,34.44834595378431,-261.64516129032256,44.42475338018621,28.37508065523568,-260.60204152070065,36.23964009549331,34.448346659612156,-261.6451632054452,7.877448837162239,27.33381520273878,-50.24979069764698,0.38438857843795093,0.5582194064335358,-1.5130210677742486
3.81,0.013469860120052912,0.015602244496604384,-0.02888459633920054,-0.9580483598231017,-0.2877811578151197,0.7283337613405465,0.004962870604516691,0.0030069945268073814,0.002587673594267336,31.107167126331206,13.359230512725812,26.99578820275603,30.390204741748477,12.48211879056784,28.608705113427803,36.239639361456014,34.44834595378431,-261.64516129032256,42.92557756489479,30.65609499480744,-260.9787200681344,36.23964009549331,34.448346659612156,-261.6451632054452,-1.8015707438557143,19.773149329590808,-33.8478090163939,-0.4210265768722079,0.10742483375581818,-0.4638441386647379
3.82,0.004015080427270501,0.012432370334607229,-0.021368274874098203,-0.9315405580391448,-0.33756989181401215,0.7642196853871511,0.004871120524502609,0.0032954520541244097,0.002587659550981656,31.107167126331206,13.359230512725812,26.99578820275603,30.93026515009819,12.666466037020333,28.176241604451235,36.239639361456014,34.44834595378431,-261.64516129032256,41.261493987326446,32.91299028783562,-261.3512946039686,36.23964009549331,34.448346659612156,-261.6451632054452,-11.01503138461463,11.862729494981016,-17.88532585367189,-0.5696857795028821,-0.04053775041704326,-0.18459629757216073
3.83,-0.005034798226663306,0.008881777427144466,-0.013722833340049811,-0.8782345512251643,-0.3665190607512393,0.7589552016093384,0.0034218651433478766,0.0038307555570784345,0.002620436766069484,31.107167126331206,13.359230512725812,26.99578820275603,31.445466801434566,12.87145159537169,27.738713903363223,36.239639361456014,34.44834595378431,-261.64516129032256,39.53133904306429,35.07254257743018,-261.70650716194865,36.23964009549331,34.448346659612156,-261.6451632054452,-25.970426270541115,4.995894427186411,-2.2078687615166306,-0.845859120151474,-0.16105775477815715,0.08110414155498552
3.84,0.014597201025548068,0.02509291082767129,-0.03662986520749806,-0.7722235856510822,-0.3792917076517882,0.7180544832734681,0.004912177110986397,0.00415506438226546,0.002587677607164619,32.70365800985948,14.5027166646182,25.259908222304603,31.912143493369964,13.087429609809528,27.3162282148963,28.563410754739664,41.038172060363785,-262.98387096774195,37.8155233255054,37.03397531019812,-262.03111717684817,28.563411329269332,41.03817290208497,-262.98387287526685,3.762821263891113,24.60295073560924,-48.98750355980996,0.3575176433020816,0.492176488507518,-1.5286197684588148
3.85,0.006797475494596972,0.020901998234555574,-0.028874783752808497,-0.7750369883259561,-0.44440947296531585,0.8051862220537794,0.004913282778880517,0.0043704057100724825,0.0025876434671979597,32.70365800985948,14.5027166646182,25.259908222304603,32.35849129659246,13.33086778792849,26.86790195237809,28.563410754739664,41.038172060363785,-262.98387096774195,35.958739636376166,38.93345321178471,-262.33779583718126,28.563411329269332,41.03817290208497,-262.98387287526685,-4.641118055221714,16.864443908764944,-31.24124048593037,-0.41701491223199455,0.01700920206557301,-0.3992149530256124
3.86,-0.0008166685792606598,0.01620852186150909,-0.02063580225352607,-0.7470738874896222,-0.4873898494172734,0.8322857829561386,0.004518651814514253,0.004129730800928086,0.0025876648442392292,32.70365800985948,14.5027166646182,25.259908222304603,32.79302193899346,13.60215574371648,26.3945533453276,28.563410754739664,41.038172060363785,-262.98387096774195,33.96271434445743,40.79648265524849,-262.6317182831919,28.563411329269332,41.03817290208497,-262.98387287526685,-13.318687593258131,10.74923454706785,-14.32764867139734,-0.5585764196080837,-0.09942607476155058,-0.106278946112845
3.87,-0.007996284498962392,0.011179573408259869,-0.012370444250016543,-0.6868722207995551,-0.5127703891558435,0.8156499940264358,0.0031229606632259665,0.004294558131599369,0.002648792199439149,32.70365800985948,14.5027166646182,25.259908222304603,33.20070792490149,13.891640928905714,25.922170422575878,28.563410754739664,41.038172060363785,-262.98387096774195,31.924521369437414,42.542679704530364,-262.9120110982965,28.563411329269332,41.03817290208497,-262.98387287526685,-28.298788771633646,3.829450108866463,2.3193502095123066,-0.8013135451080355,-0.223844346133177,0.1697009577898197
3.88,0.007311685595790984,0.0329599755270803,-0.03570976349427529,-0.5886099461998904,-0.5205551914276917,0.7630925260197825,0.004731772422543764,0.0046357771162351714,0.002587659992797599,33.94497167002852,16.047642503342797,23.470579850984805,33.56025759580213,14.189801861652061,25.471647082070202,19.717792755665947,45.94789058101153,-264.3225806451613,29.926271607597126,44.07801917335545,-263.17407071454176,19.71779314965241,45.947891523396535,-264.3225825449036,0.03124841274800838,27.679054599882154,-46.1567144335873,0.2720477093005535,0.5746602280232738,-1.4815679998682076
3.89,0.00138003386034391,0.027310093418590087,-0.027555057993066623,-0.5874477380714723,-0.592876798069571,0.8407414816483914,0.004705467987818904,0.004792812637657237,0.0025876294760545154,33.94497167002852,16.047642503342797,23.470579850984805,33.89945175242299,14.517166754199925,25.00097978825985,19.717792755665947,45.94789058101153,-264.3225806451613,27.799322924631273,45.533895728147364,-263.4268343950317,19.71779314965241,45.947891523396535,-264.3225825449036,-7.017336184241198,18.93860861576727,-27.8833309767735,-0.4044523211850279,0.008393304869448533,-0.33377944608637683
3.9,-0.004358742107932301,0.0211211250453896,-0.019017358355322977,-0.5595510062685052,-0.63701374831915,0.8574259452100803,0.003861227392749786,0.004859003293681882,0.0025888292062661855,33.94497167002852,16.047642503342797,23.470579850984805,34.22653019257672,14.87417678085592,24.51111570299077,19.717792755665947,45.94789058101153,-264.3225806451613,25.54509811376536,46.93525578326757,-263.6746294057247,19.71779314965241,45.947891523396535,-264.3225825449036,-15.894345300916248,10.972002354532465,-10.411704290191674,-0.5534447108369275,-0.13794354705798986,-0.03422304006031018
3.91,-0.009644810282689154,0.014601774038660476,-0.010559554878733446,-0.49982311977830707,-0.661278758227361,0.8300890270748267,0.0028836525257564536,0.004735327155817271,0.002723948771727773,33.94497167002852,16.047642503342797,23.470579850984805,34.52579291911041,15.248989053042253,24.028317292871144,19.717792755665947,45.94789058101153,-264.3225806451613,23.266088031308847,48.20262140208708,-263.91814868529616,19.71779314965241,45.947891523396535,-264.3225825449036,-28.761991759953958,3.7064587143977956,6.127295151985883,-0.7560270299921498,-0.26750060509638696,0.2355195969467075
3.92,0.0009567854391371311,0.040954108861758154,-0.03311226034699333,-0.4155969179719276,-0.6663238232110008,0.7699209485458599,0.004614565085226954,0.004895999678250951,0.002587657315593658,34.81320475698164,17.938883680702073,21.72079296866429,34.782553806185724,15.631467315327797,23.572765490223674,10.064926004433069,48.976497062624716,-265.6612903225806,21.043210485712564,49.26752268929488,-264.1593884379477,10.064926204324259,48.97649806605486,-265.6612922141296,-3.651560746199998,31.22424710182448,-41.30213903423891,0.15040464668967984,0.6548439196168002,-1.3552739748939469
3.93,-0.0032075109122811085,0.03379670820066738,-0.024970739379423845,-0.40945528112735685,-0.7464571886725411,0.833572921912617,0.004109617372303164,0.0049607439552431225,0.0025876322986885967,34.81320475698164,17.938883680702073,21.72079296866429,35.020318613479645,16.045580511592,23.103604146234055,10.064926004433069,48.976497062624716,-265.6612903225806,18.70230947240535,50.2397104032432,-264.4025126417104,10.064926204324259,48.97649806605486,-265.6612922141296,-10.086274217076102,21.566512461207644,-23.34792874039972,-0.40815445305486947,0.009305322039272191,-0.2612213030804917
3.94,-0.007135883174367641,0.02605060976829937,-0.016569955225531896,-0.3745398165553511,-0.7938944892142271,0.8386701988205799,0.003133806901491694,0.004983108978815243,0.002594413960052759,34.81320475698164,17.938883680702073,21.72079296866429,35.2432806854727,16.4919743986185,22.622238192271826,10.064926004433069,48.976497062624716,-265.6612903225806,16.244960645832453,51.12951563230749,-264.6500593921194,10.064926204324259,48.97649806605486,-265.6612922141296,-19.316252834467218,12.419953353880063,-6.206282154215005,-0.5430386501882837,-0.15896772643471024,0.027505833395948455
3.95,-0.010614229692306743,0.017964871533046545,-0.008354135489609893,-0.32285250437556473,-0.8170655227884561,0.801891895291055,0.0027839514087008204,0.004967916038257776,0.002917298993258553,34.81320475698164,17.938883680702073,21.72079296866429,35.43949817645106,16.956446790616862,22.153824609345634,10.064926004433069,48.976497062624716,-265.6612903225806,13.775617227323384,51.876373009236424,-264.9043717746068,10.064926204324259,48.97649806605486,-265.6612922141296,-27.147253243918986,3.569565304823609,8.903681166319297,-0.6737545260379176,-0.31399793942611076,0.26946592208015074
3.96,-0.004956384219070187,0.04756667940624393,-0.028888044001414592,-0.255411319804582,-0.8175723108621369,0.7381269414885806,0.00350613444096872,0.004991172452451889,0.0025876697668881132,35.301618102210305,20.10428338439873,20.10428338439873,35.60036828331545,17.426739027150923,21.716232130011164,2.4492935982947064e-14,50.0,-267.0,11.373526027028978,52.44034445254583,-265.16728183233755,0.0,50.00000102218139,-267.00000188288845,-10.090475838417227,34.04396964776207,-34.121524109748556,-0.0706071483651207,0.7126755290002775,-1.1560770970317922
3.97,-0.007404967296253173,0.03886673988811917,-0.021172704251673946,-0.23152611830784553,-0.9019313374422165,0.7837890923677097,0.0031612696380801065,0.004998640553902439,0.0025876518738164947,35.301618102210305,20.10428338439873,20.10428338439873,35.73898444104551,17.929404260188004,21.27241816211295,2.4492935982947064e-14,50.0,-267.0,8.868356023989982,52.884223051651375,-265.43840274343717,0.0,50.00000102218139,-267.00000188288845,-15.58551056954047,23.32352060083063,-17.40038793692185,-0.4479338481502255,-0.005227707605647228,-0.1780645213341324
3.98,-0.009534161350733372,0.029565458931132604,-0.013342269076888236,-0.19593707210288377,-0.948835210426459,0.7763133499504274,0.002882668504047483,0.004998640553902439,0.002626856281335546,35.301618102210305,20.10428338439873,20.10428338439873,35.85887353270117,18.46484959113441,20.824427780711197,2.4492935982947064e-14,50.0,-267.0,6.263424976955969,53.215564496798955,-265.72034685577495,0.0,50.00000102218139,-267.00000188288845,-20.77548697888766,12.783405648236569,-1.8692123227884256,-0.5285952306843038,-0.19639257170931038,0.08144062743814268
3.99,-0.011251600145752882,0.019952188080422983,-0.005797545467346288,-0.15088165036939433,-0.9674307140902187,0.7319352096383174,0.00273264291230565,0.004992482294097677,0.0031133326588214183,35.301618102210305,20.10428338439873,20.10428338439873,35.95465457787652,19.01655845320158,20.394863029941945,2.4492935982947064e-14,50.0,-267.0,3.661560648804288,53.40492885878878,-266.01576537174475,0.0,50.00000102218139,-267.00000188288845,-24.48394098840956,2.617176357924885,10.73545103446447,-0.5767613716470235,-0.3728133519509328,0.276141259878741
4.0,-0.010550658191048612,0.05137626277581869,-0.023167695393312926,-0.10098411429055129,-0.9596867579847985,0.6680965868631763,0.002780579677344807,0.004998640553902439,0.002587697035610991,35.41262994469699,22.457802753338797,18.70928138467324,36.022756946535615,19.570159858535106,19.997726959233887,-10.064926004432936,48.97649706262474,-268.33870967741933,1.1369482972606306,53.43955850824557,-266.32265295870866,-10.064926202408543,48.97649806045484,-268.3387115512981,-19.31918652420684,34.90776019306955,-24.73928862484972,-0.3850835519312417,0.7266942131436058,-0.8931093635404537
4.01,-0.011352883604997643,0.04126175069397969,-0.016283382833033155,-0.062279400262285234,-1.0417351018465535,0.6924428596259555,0.0027235658149195804,0.004998640553902439,0.0025963368885946,35.41262994469699,22.457802753338797,18.70928138467324,36.06644126852389,20.15368097783348,19.60260423148641,-10.064926004432936,48.97649706262474,-268.33870967741933,-1.467001803478535,53.33425384870785,-266.64050410160615,-10.064926202408543,48.97649806045484,-268.3387115512981,-21.13347615504276,22.978980899605457,-10.362361507030661,-0.49437387173780556,-0.05058312752415291,-0.08830504442801294
4.02,-0.011756826860317204,0.030595792376794217,-0.009444356541911003,-0.02267377428022081,-1.0820688136914947,0.6717504394808443,0.0027002315859584345,0.004998640553902439,0.002819651224402641,35.41262994469699,22.457802753338797,18.70928138467324,36.0873239419145,20.766920989700814,19.21213632267723,-10.064926004432936,48.97649706262474,-268.33870967741933,-4.144210561110699,53.089993693761386,-266.971245636507,-10.064926202408543,48.97649806045484,-268.3387115512981,-21.864950310822973,11.28242231593215,2.6152260345551364,-0.49485472112173345,-0.25938061890342834,0.12296208378544148
4.03,-0.01177549996717664,0.019701066147951196,-0.002978581520163115,0.01467166885476333,-1.0909883144612873,0.6231657931029961,0.002698187568349767,0.004991110869934428,0.003954416576121028,35.41262994469699,22.457802753338797,18.70928138467324,36.086273085117085,21.3914813587775,18.844562103650254,-10.064926004432936,48.97649706262474,-268.33870967741933,-6.798460377059039,52.709608803554715,-267.31511016776767,-10.064926202408543,48.97649806045484,-268.3387115512981,-21.29118068331463,0.29351144947870084,10.718223538799284,-0.47344226975624776,-0.44664295975583107,0.23844640716409907
4.04,-0.015905739725767698,0.051583266563757835,-0.016210577112804603,0.04795322052740759,-1.0709873247305695,0.5611555634491958,0.002601730244898858,0.004998640553902439,0.0025973364642280124,35.15686155683235,24.904611916550913,17.613046548207237,36.06500996373572,22.011454179331697,18.50927674957291,-19.717792755665904,45.94789058101154,-269.6774193548387,-9.362972845331894,52.208844325881614,-267.6657427532123,-19.717793142301666,45.9478915125036,-269.6774212195751,-27.468011920865134,32.86017418958503,-13.939056725387237,-0.6697464456278611,0.6786282988617287,-0.597662039270758
4.05,-0.01511584417410039,0.04040589514410203,-0.010542815790146098,0.10131563901186699,-1.143300414920307,0.5616879521697556,0.0026088347453726286,0.004998640553902439,0.002743391887092152,35.15686155683235,24.904611916550913,17.613046548207237,36.01686754122713,22.655281812779055,18.185049574721955,-19.717792755665904,45.94789058101154,-269.6774193548387,-11.971818889327942,51.55211594036192,-268.02687673940005,-19.717793142301666,45.9478915125036,-269.6774212195751,-25.210274332307133,20.16595442254189,-2.569658651133678,-0.5149519534190788,-0.12648414228653285,0.0023133901100543166
4.06,-0.01386764765575943,0.02878925175309882,-0.005088763888230541,0.14242752439133163,-1.1715602913695695,0.5287011862064785,0.002627250309731988,0.004998640553902439,0.0034187079234005123,35.15686155683235,24.904611916550913,17.613046548207237,35.943057801105425,23.322290458581566,17.87456760455128,-19.717792755665904,45.94789058101154,-269.6774193548387,-14.617649146335664,50.73991738539455,-268.40024160803625,-19.717793142301666,45.9478915125036,-269.6774212195751,-22.062785685109926,7.987495987532496,6.038123902210352,-0.44927352442009527,-0.33953489573250895,0.13229754600247234
4.07,-0.012269291428498974,0.017073098035184697,-5.914523170819086e-05,0.17235345650149148,-1.166944228710294,0.4803182114883721,0.0026719300001570648,0.0049764712169708515,0.00430283421176362,35.15686155683235,24.904611916550913,17.613046548207237,35.84983008696147,23.99313286110076,17.589224784917,-19.717792755665904,45.94789058101154,-269.6774193548387,-17.21864973408942,49.806598560500575,-268.7801305456589,-19.717793142301666,45.9478915125036,-269.6774212195751,-18.015889111776552,-3.4271105186046724,10.741985558382835,-0.37221685304421753,-0.5307558538335808,0.19695090346201574
4.08,-0.02096893765133323,0.04821028116010034,-0.008405639805939336,0.19064139624352056,-1.1323571147870541,0.42000105738604576,0.002587870245400723,0.004998640553902439,0.0029651844879598566,34.55334159983446,27.34770085809911,16.877898478617265,35.74319033051554,24.651231293758105,17.335323879380887,-28.56341075473963,41.038172060363806,-271.01612903225805,-19.712845471208276,48.789793151778944,-269.1593188830254,-28.563411313818822,41.03817288655355,-271.01613088790896,-34.22415371382039,28.23881211016359,-1.9404333104506417,-0.9117429269775839,0.5806367436859826,-0.2815037675981599
4.09,-0.018668440988287793,0.03650247289122821,-0.004302972735854893,0.2558631608248472,-1.1894793522244453,0.39674384842226984,0.002589987057221027,0.004998640553902439,0.003730891033900261,34.55334159983446,27.34770085809911,16.877898478617265,35.60801515768075,25.324578428198976,17.101908853595376,-28.56341075473963,41.038172060363806,-271.01612903225805,-22.207498083386874,47.608852028349844,-269.5486977607584,-28.563411313818822,41.03817288655355,-271.01613088790896,-28.27200022623413,15.57599981132495,4.1635963015668915,-0.5212719030216784,-0.21602058563467208,0.061886509256853614
4.1,-0.015863130178264018,0.024508231229987798,-0.0005430421975273769,0.29787966447653913,-1.202454882728621,0.3577087310747431,0.002600858009659826,0.004998640553902439,0.004258819009470825,34.55334159983446,27.34770085809911,16.877898478617265,35.444983522494375,26.012347142688863,16.888767136280272,-28.56341075473963,41.038172060363806,-271.01612903225805,-24.702009543494746,46.267053266468984,-269.94500008802146,-28.563411313818822,41.03817288655355,-271.01613088790896,-21.666846392026176,3.5366430367146133,7.776669673906159,-0.3975565760455066,-0.42276263737158126,0.11049682933114066
4.11,-0.012741286634222804,0.012565600428648793,0.002779990511159236,0.3210883841068859,-1.1829207979608407,0.3101216549163276,0.00265185558936606,0.004961077294352111,0.003853758126056023,34.55334159983446,27.34770085809911,16.877898478617265,35.26489207372328,26.695313800177264,16.70115273332979,-28.56341075473963,41.038172060363806,-271.01612903225805,-27.129017208763464,44.824912362305014,-270.3384349941231,-28.563411313818822,41.03817288655355,-271.01613088790896,-14.798605950783724,-8.001089769609688,11.520290136432438,-0.2751076882813195,-0.6121342422769682,0.16202619899670934
4.12,-0.02559233039998965,0.04194993510384826,-0.00017538019389584658,0.32599561568754504,-1.1337179733200884,0.25102761565373216,0.0025878242810165545,0.004998640553902439,0.004247772541854473,33.63067447526988,29.694927738758487,16.54885879770599,35.07746830028381,27.35710876720415,16.54460516421906,-36.23963936145598,34.44834595378435,-272.35483870967744,-29.427416655572234,43.3355956621378,-270.72657776043775,-36.23964007047363,34.44834664054473,-272.35484055635914,-39.792666321067756,22.366895122726056,6.548452991077351,-1.1178207386815555,0.46915057587174797,-0.072668797436874
4.13,-0.02186427262973778,0.030328081146788255,0.0021454208590174773,0.40159331620296485,-1.1731892895519351,0.21390381138008066,0.0025877973295311656,0.004998640553902439,0.003960122008994445,33.63067447526988,29.694927738758487,16.54885879770599,34.860085228481815,28.024544187508432,16.413923555463022,-36.23963936145598,34.44834595378435,-272.35483870967744,-31.687679814015148,41.68439560343291,-271.1192345661454,-36.23964007047363,34.44834664054473,-272.35484055635914,-30.45540362477688,10.158753709425115,8.810108278561184,-0.5159953119196712,-0.3020795479262046,0.08647041458731157
4.14,-0.01759452688178531,0.01858422541775495,0.004039770502008544,0.4437719470237895,-1.1705497151206439,0.1684750239766099,0.0025921163348698257,0.004984811317134527,0.0034605650096904885,33.63067447526988,29.694927738758487,16.54885879770599,34.61318137675769,28.697083444238665,16.30802379379412,-36.23963936145598,34.44834595378435,-272.35483870967744,-33.91154544384034,39.875160289132836,-271.5119950338937,-36.23964007047363,34.44834664054473,-272.35484055635914,-20.976050167030202,-1.5249375014374096,11.131004190401976,-0.3439979336028019,-0.4984501537404064,0.11302115900278639
4.15,-0.013046231021409227,0.007037263289691342,0.005447300720586357,0.46009857601140386,-1.1373694595407882,0.11735952246244585,0.002640193933140381,0.004936284271197515,0.0030707006010948727,33.63067447526988,29.694927738758487,16.54885879770599,34.35179164292626,29.35660885433734,16.230333049484408,-36.23963936145598,34.44834595378435,-272.35483870967744,-36.03761040174548,37.98594884499387,-271.90016561276275,-36.23964007047363,34.44834664054473,-272.35484055635914,-11.411237178577265,-12.641661420785718,12.966019949812432,-0.17779055668899033,-0.6768609417993882,0.12871753399740718
4.16,-0.029448110466322674,0.03385936026122727,0.00813410106102147,0.45221040260732476,-1.0741229930993295,0.06332941326067722,0.0025877788492210036,0.004998640553902439,0.0024677365449906384,32.42870378604985,31.865117517355674,16.65254453329207,34.089020557181726,29.98733101386642,16.183335134238224,-42.43221287473755,26.448200516348113,-273.69354838709677,-38.012597533029435,36.08643832861734,-272.2827370018653,-42.432213705607104,26.448201036009962,-273.6935502248311,-44.68563184055239,15.509806471877674,20.188763645169633,-1.3105539658375585,0.3630151122286467,0.3194617338726341
4.17,-0.024401714392419782,0.022928830972417158,0.008384025105538206,0.5353149070571027,-1.0967961811975049,-0.004317978012453149,0.0025877478606500734,0.004998640553902439,0.002532649492228506,32.42870378604985,31.865117517355674,16.65254453329207,33.79582908184951,30.61421707424565,16.17277778559369,-42.43221287473755,26.448200516348113,-273.69354838709677,-39.89533277546649,34.02605476571659,-272.6778305562775,-42.432213705607104,26.448201036009962,-273.6935502248311,-32.140786794107356,4.283328712009202,17.94641185069057,-0.5055321575301002,-0.3785047553688224,0.17366223400125022
4.18,-0.01879820707631452,0.012025618872721688,0.008017175452676384,0.5758418323422341,-1.080703670857876,-0.061532269981344194,0.0025894170560556407,0.004960157530403293,0.002741067915505403,32.42870378604985,31.865117517355674,16.65254453329207,33.47263983138737,31.237838849400504,16.19701212204895,-42.43221287473755,26.448200516348113,-273.69354838709677,-41.691526548134604,31.80804068789746,-273.08129964645553,-42.432213705607104,26.448201036009962,-273.6935502248311,-19.53840158082617,-6.2491073436212545,14.218320363692257,-0.28127318769303505,-0.5516693791404802,0.09329435333417191
4.19,-0.012968367833973149,0.001436542727683121,0.0071405611275959235,0.5841740466404246,-1.0370731850744253,-0.1072877369163784,0.002639296213319119,0.004739745537482993,0.003072066313947697,32.42870378604985,31.865117517355674,16.65254453329207,33.138314200627924,31.84189266708333,16.24979341049053,-42.43221287473755,26.448200516348113,-273.69354838709677,-43.36755237010293,29.535538453431005,-273.4790992926989,-42.432213705607104,26.448201036009962,-273.6935502248311,-7.104103835943431,-16.63141055159634,10.019075947871519,-0.06899313858458427,-0.71678482205095,0.00941744057756906
4.2,-0.03215543082574257,0.025102785243759085,0.015367365565297497,0.5633614904060695,-0.9538195558270547,-0.14187290187616625,0.002587737244537338,0.004998640553902439,0.0023735141001627715,30.999971486436436,33.79207494697625,17.196770127752654,32.808924323296786,32.40907013718297,16.325210268415216,-46.88760660735401,17.365262642241046,-275.0322580645161,-44.884975428374624,27.303896219914353,-273.8592582904359,-46.88760752724908,17.365262974881674,-275.0322598931455,-47.39434044714226,9.445704342625357,29.705118742892818,-1.4519245073365201,0.34096329503682615,0.6376336308306221
4.21,-0.025969362133634988,0.015441642824172264,0.013456621698840987,0.649410641039802,-0.9644993781384407,-0.22347478776529903,0.002587704266202135,0.004968920589047483,0.00267608370380172,30.999971486436436,33.79207494697625,17.196770127752654,32.45039042962868,32.962520085332095,16.438926317927645,-46.88760660735401,17.365262642241046,-275.0322580645161,-46.273205224405174,24.93330842534086,-274.2464468760194,-46.88760752724908,17.365262974881674,-275.0322598931455,-31.857336803473387,-0.24014862504930085,20.428840090508185,-0.46767268770151815,-0.4163408764695809,0.14767379697965155
4.22,-0.019245217518521485,0.005910719109858853,0.010915905068100862,0.6854055972237554,-0.9400709027577746,-0.27564761360189693,0.0025887524537461506,0.004919490153264475,0.003098498264468258,30.999971486436436,33.79207494697625,17.196770127752654,32.06328475915376,33.507061669006326,16.587357251280515,-46.88760660735401,17.365262642241046,-275.0322580645161,-47.55474685784824,22.423355613151696,-274.63621154979865,-46.88760752724908,17.365262974881674,-275.0322598931455,-16.765208762057156,-9.496126209426809,12.05340471369424,-0.20304059280820308,-0.566029082786327,-0.007479917383659072
4.23,-0.01236890057506157,-0.003240752979591144,0.00797126750339422,0.6841126333960842,-0.8905423796637731,-0.3071581923506217,0.0026530584456315887,0.00412972672851358,0.003697499213166748,30.999971486436436,33.79207494697625,17.196770127752654,31.669577590089144,34.02839180087932,16.757776576603465,-46.88760660735401,17.365262642241046,-275.0322580645161,-48.71681537043768,19.89458653701751,-275.01096235750265,-46.88760752724908,17.365262974881674,-275.0322598931455,-2.1463096549406675,-20.780513431759708,5.240555298474292,0.04357768607907871,-0.7518166858584816,-0.1288953211146068
4.24,-0.033437612819977036,0.016864355401708275,0.02179278639805543,0.6504582010532522,-0.7934651917641273,-0.32357758508766526,0.0025877038614248163,0.004944550978956399,0.003918577861801365,29.410160452314862,35.42606373609048,18.17042972806722,31.287535411990135,34.505853001665294,16.940994831828494,-49.42341621640557,7.571388875228827,-276.3709677419355,-49.71789057292725,17.461247289485797,-275.35688341029214,-49.42341718879896,7.571389009490843,-276.3709695611497,-46.51465101519399,5.543879868440864,23.609795497092918,-1.4834962872652222,0.34623608786124443,0.47953576293830724
4.25,-0.026385100652106086,0.008849064664879114,0.018164485375458672,0.7342107837276625,-0.7970779832847762,-0.38909645053063147,0.0025876712978851616,0.004932048477351075,0.0037744603713294814,29.410160452314862,35.42606373609048,18.17042972806722,30.879573107420708,34.964617315356485,17.152277662772924,-49.42341621640557,7.571388875228827,-276.3709677419355,-50.59485284555794,14.92809977981573,-275.6881240863688,-49.42341718879896,7.571389009490843,-276.3709695611497,-29.73560128746681,-3.215243501339403,17.53531495023847,-0.4086072845982772,-0.41902813096805736,0.056197438019709056
4.26,-0.018850296609644546,0.0010099048246883235,0.014012397463485537,0.7628688473833886,-0.7700368611135686,-0.4337755856111453,0.0025891306607203866,0.004704296862764962,0.003791737886335066,29.410160452314862,35.42606373609048,18.17042972806722,30.446461117303407,35.41209835124848,17.392627411794713,-49.42341621640557,7.571388875228827,-276.3709677419355,-51.36673327609315,12.28418708809069,-276.01059679700893,-49.42341718879896,7.571389009490843,-276.3709695611497,-13.424772510748856,-11.68353430971774,10.398832305056873,-0.12518751496461655,-0.555778403352639,-0.0789571922753233
4.27,-0.011255131960634435,-0.006427140945691079,0.009519177678802337,0.7510234734239858,-0.7148442648706517,-0.45920578144487234,0.002692593094468381,0.002827522392894454,0.004186502005520734,29.410160452314862,35.42606373609048,18.17042972806722,30.01218641229563,35.83477871582434,17.651420179175172,-49.42341621640557,7.571388875228827,-276.3709677419355,-52.01769594419728,9.652544100306741,-276.3188225774325,-49.42341718879896,7.571389009490843,-276.3709695611497,3.092109781752004,-29.397597199949068,3.48833044591534,0.149818570492076,-0.8447561565045028,-0.2019638854935217
4.28,-0.033176180028986924,0.009725758881592439,0.028832624540689078,0.7062654066923528,-0.6201915253140539,-0.4679176866651401,0.002587682203475218,0.004709067400209366,0.004482304163242626,27.736821873230763,36.733071741996476,19.543540341987892,29.59604419109435,36.21185534308821,17.919107751008614,-49.93582535855264,-2.532458441935596,-277.7096774193548,-52.50634596826372,7.151585290844792,-276.6050634520544,-49.93582634447779,-2.5324585085730686,-277.7096792288085,-44.5050480035078,1.9583210465647578,25.78550667997881,-1.4581688851221666,0.28186537009448476,0.5449780735881123
4.29,-0.02560282724113172,0.0034746838216989095,0.023737767750836636,0.7827523455527945,-0.6195971779232295,-0.5356343735141661,0.0025876522808281023,0.004800543336905858,0.00467357569121995,27.736821873230763,36.733071741996476,19.543540341987892,29.158681365899312,36.56938166207084,18.214444841695958,-49.93582535855264,-2.532458441935596,-277.7096774193548,-52.86381081600888,4.573042576876289,-276.8795958485083,-49.93582634447779,-2.5324585085730686,-277.7096792288085,-26.71031724887766,-5.440685748049843,17.256315975097937,-0.3445593807012809,-0.40621759801060975,0.008620077817774338
4.3,-0.01763225071011376,-0.0025905215816773852,0.0181363174669128,0.8021663554911223,-0.5929805034685297,-0.5774595387059799,0.0025912118541010732,0.0042419591290139376,0.004594949978872307,27.736821873230763,36.733071741996476,19.543540341987892,28.70113927139153,36.915254920842344,18.537675431063505,-49.93582535855264,-2.532458441935596,-277.7096774193548,-53.11278028009083,1.906494420802295,-277.14661080318695,-49.93582634447779,-2.5324585085730686,-277.7096792288085,-9.747912974198938,-13.53624068072933,9.929643630668394,-0.052949871035751696,-0.539318435609722,-0.12579442399270915
4.31,-0.009700549950570014,-0.008244286392518174,0.012216284047219084,0.7799779977728238,-0.5374612853798636,-0.6010680477466867,0.0027869701504536553,0.0030778440602855775,0.004585656478423611,27.736821873230763,36.733071741996476,19.543540341987892,28.248176086340134,37.23582590542549,18.87811304861518,-49.93582535855264,-2.532458441935596,-277.7096774193548,-53.23741333682746,-0.723010657865453,-277.40689377946484,-49.93582634447779,-2.5324585085730686,-277.7096792288085,6.5528045321006685,-26.299974058880327,2.6813417002305044,0.21459017589962892,-0.7453550335162913,-0.25544110985065055
4.32,-0.031334976408751436,0.0035666411294809075,0.03625480601544773,0.7273066468730904,-0.4541039963544507,-0.6062608507553897,0.0025876739954495036,0.004662746346174253,0.004815471629149896,26.066087524252307,37.69269397945756,21.267689235111007,27.818701769291295,37.51473271021073,19.22601941698919,-48.40385594331021,-12.53262661293603,-279.0483870967742,-53.210841155241155,-3.207144053619481,-277.65952926706694,-48.40385690280674,-12.532626874422201,-279.04838889623375,-40.530042701737,-1.5671121356116011,28.842351912223243,-1.3613697116404497,0.17399410559093464,0.6196515092838004
4.33,-0.023617961900932793,-0.0009917063725487507,0.029731527584587802,0.7920660864459831,-0.4496101555062472,-0.6809860197524921,0.0025876486233150924,0.004464636739505801,0.004911025414962436,26.066087524252307,37.69269397945756,21.267689235111007,27.373752110709546,37.775165886587864,19.603530232128815,-48.40385594331021,-12.53262661293603,-279.0483870967742,-53.04643133854255,-5.752595791202731,-277.9101290563369,-48.40385690280674,-12.532626874422201,-279.04838889623375,-22.755185109916034,-7.781877729171432,19.4458527967014,-0.2766068163721671,-0.39865886006207124,0.004338072289281186
4.34,-0.015613600024948548,-0.005353818730438498,0.022658362246009922,0.8008080262340156,-0.42206511191161017,-0.7254006476767056,0.002599578500093826,0.0031350951145392558,0.004947503962392842,26.066087524252307,37.69269397945756,21.267689235111007,26.914881105402547,38.02335277735112,20.01120579855935,-48.40385594331021,-12.53262661293603,-279.0483870967742,-52.76101648852571,-8.366272730232076,-278.1624938923415,-48.40385690280674,-12.532626874422201,-279.04838889623375,-5.504059136656353,-18.02861125049769,10.770393934968638,0.019211714585742307,-0.5871609058945768,-0.153366684458436
4.35,-0.00774926943491927,-0.009292998268567332,0.015264599208960672,0.7692046889193132,-0.3696333819756193,-0.7476159918863012,0.002999429166969024,0.002920232829093321,0.004888355866851773,26.066087524252307,37.69269397945756,21.267689235111007,26.466300136389286,38.245971222959334,20.43598776243296,-48.40385594331021,-12.53262661293603,-279.0483870967742,-52.34613672241179,-10.923237762069125,-278.4178658092193,-48.40385690280674,-12.532626874422201,-279.04838889623375,9.437009425162564,-25.47366939370029,2.4148378385799836,0.25569287967638815,-0.6798681890546348,-0.30134631692083486
4.36,-0.027909257571004986,-0.00210116408184835,0.0428407341238613,0.7120829536935007,-0.3008971912651957,-0.7488842922081396,0.002587679936162609,0.004282715872487051,0.004962125445418909,24.487661409084392,38.295597512370065,23.27739976726422,26.0450222847665,38.43345046730047,20.866636892864033,-44.8902269785371,-22.01970757788168,-280.38709677419354,-51.80061407235967,-13.332822927480313,-278.6773840634926,-44.8902278722007,-22.019708020299664,-280.38709856364613,-34.41522580612799,-5.788953256602254,31.543123064912894,-1.1945062785417768,0.024985468327970863,0.6778447813187667
4.37,-0.020438910507438846,-0.005075198299034467,0.034857583552997784,0.7609519751953403,-0.2883981179419883,-0.8285284492355394,0.0025877918507402767,0.003402322951321403,0.0049943400183634044,24.487661409084392,38.295597512370065,23.27739976726422,25.615038323033566,38.60274448916786,21.32800519992221,-44.8902269785371,-22.01970757788168,-280.38709677419354,-51.11026808990179,-15.784042847647868,-278.9431823695747,-44.8902278722007,-22.019708020299664,-280.38709856364613,-17.307515157679582,-12.688157510462688,21.240763740212312,-0.19447903085857013,-0.44547272823959266,-0.006837536357208346
4.38,-0.01281368190854587,-0.007767016178719666,0.026303353456487544,0.7577713832559315,-0.25267183092175227,-0.8734124668936504,0.0026387574780685707,0.0031336008499496474,0.004998640553902439,24.487661409084392,38.295597512370065,23.27739976726422,25.178556156078603,38.754869667004414,21.820545086027774,-44.8902269785371,-22.01970757788168,-280.38709677419354,-50.27556509944001,-18.27249349552281,-279.2171642436137,-44.8902278722007,-22.019708020299664,-280.38709856364613,-1.4440077313918642,-18.233526364558603,11.193535403720213,0.0706607220209672,-0.5211222640130997,-0.1895837990278379
4.39,-0.005428083384178217,-0.010058812767000935,0.01744489525451326,0.7182595467379344,-0.20816053388438038,-0.892229735607803,0.0032509347241996174,0.0028286401132530314,0.004978445669909422,24.487661409084392,38.295597512370065,23.27739976726422,24.75782033654947,38.88356250219712,22.32903131725246,-44.8902269785371,-22.01970757788168,-280.38709677419354,-49.316676683109286,-20.690681690153227,-279.5021605434207,-44.8902278722007,-22.019708020299664,-280.38709856364613,11.331418812311227,-23.658718613043074,1.648097960372427,0.26648833070557426,-0.5992665706791408,-0.35526584951044526
4.4,-0.022969375456430075,-0.007561005063357218,0.0472027859665794,0.6598615160793561,-0.15451381854170812,-0.8866793161160944,0.002587700224863018,0.0031485997206372957,0.004998640553902439,23.088929908940077,38.54137001271528,25.49297239640171,24.366455974106927,38.983402095899976,22.840220948794023,-39.538786846884925,-30.60529912738314,-281.7258064516129,-48.25144984784792,-22.964209711486173,-279.7958273436415,-39.53878763744544,-30.605299729965857,-281.72580823128726,-25.81700882643233,-13.883896921717579,32.80859167936962,-0.9549405929277492,-0.2485495786866008,0.7021836982315434
4.41,-0.016139999941378547,-0.008959745368607552,0.0378372185008371,0.6891685784087905,-0.12512241642644392,-0.966061681317978,0.002597094982057893,0.0029478833933468057,0.004998640553902439,23.088929908940077,38.54137001271528,25.49297239640171,23.97419747630172,39.0616944834353,23.38072103139954,-39.538786846884925,-30.60529912738314,-281.7258064516129,-47.029045280950605,-25.24766073151085,-280.09942520725224,-39.53878763744544,-30.605299729965857,-281.72580823128726,-10.692888020360604,-17.553230590726976,21.417487465916373,-0.10695354309100112,-0.47230484176382637,-0.04338828489359437
4.42,-0.009307870387014361,-0.010011637860615652,0.027929212658558578,0.6731106042964564,-0.08831350836427054,-1.0064978433633953,0.002832181032831651,0.002827082334253205,0.004998640553902439,23.088929908940077,38.54137001271528,25.49297239640171,23.583861535270678,39.11983369507013,23.950551736316317,-39.538786846884925,-30.60529912738314,-281.7258064516129,-45.652205289680815,-27.53528807063354,-280.4154552681528,-39.53878763744544,-30.605299729965857,-281.72580823128726,3.037237932515053,-20.12755740694698,10.229972541021985,0.11826118188922778,-0.5044351553052525,-0.24367437376873152
4.43,-0.0028045227362983316,-0.010680384976714197,0.017780004541564753,0.6288685660723984,-0.0492054550088162,-1.017562239348445,0.00398626196011769,0.002768213013224983,0.004980279717119418,23.088929908940077,38.54137001271528,25.49297239640171,23.21388691847272,39.15590520820808,24.53253088230209,-39.538786846884925,-30.60529912738314,-281.7258064516129,-44.16111748824048,-29.73758445875572,-280.7439512385688,-39.53878763744544,-30.605299729965857,-281.72580823128726,11.592938706456158,-21.066172045679608,-0.23742438736595795,0.2423725012067448,-0.507633029772665,-0.42279051568597786
4.44,-0.016715656827010095,-0.012775518186140755,0.04837454834790744,0.5707114776226445,-0.010548849320050745,-1.001451552662376,0.0025948451533232427,0.0026579593245266136,0.004998640553902439,21.949256647356655,38.437258582854156,27.825085298637664,22.87382511148733,39.169518330398134,25.111761447712425,-32.56862413611115,-37.93790613463951,-283.06451612903226,-42.59518335948743,-31.799898536495935,-281.0783933265209,-32.56862478999973,-37.93790687096758,-283.06451789930725,-15.348484866778666,-23.229754823753375,31.6364721689036,-0.6687827917945653,-0.5646851099395835,0.6746517842012024
4.45,-0.01091539935759761,-0.012614915512422331,0.03789661120064103,0.5775573401266065,0.03629857094733255,-1.0736643008251707,0.002719626879153442,0.0026624832716840444,0.004998640553902439,21.949256647356655,38.437258582854156,27.825085298637664,22.541667489472403,39.157715283999174,25.715544684230533,-32.56862413611115,-37.93790613463951,-283.06451612903226,-40.86737323278909,-33.83228596291027,-281.42313018856765,-32.56862478999973,-37.93790687096758,-283.06451789930725,-3.0372063173418717,-22.459257217095075,19.333038673786813,-0.012842447814609505,-0.5066018492079126,-0.10904130951325312
4.46,-0.005276234452106399,-0.012028050173825244,0.02696570431885792,0.5491179183001007,0.07593915991731631,-1.1041186036140178,0.003318480804985596,0.002684601072002802,0.004998640553902439,21.949256647356655,38.437258582854156,27.825085298637664,22.220328787227256,39.121860145998824,26.343399207039027,-32.56862413611115,-37.93790613463951,-283.06451612903226,-38.981850280999964,-35.828236572576216,-281.7805014856201,-32.56862478999973,-37.93790687096758,-283.06451789930725,6.546877053980239,-20.654633029633086,7.508124790222092,0.1349340163130659,-0.46381482659286866,-0.3167768401163841
4.47,-2.3604977352542633e-05,-0.011086134584710972,0.01590422116660639,0.5040490843309325,0.10789167067274105,-1.1033166872337732,0.004312803045043915,0.0027333296496763557,0.004970845046451384,21.949256647356655,38.437258582854156,27.825085298637664,21.922022415191318,39.06610894494137,26.976958636256263,-32.56862413611115,-37.93790613463951,-283.06451612903226,-37.0029077829881,-37.72728524909184,-282.14518907156827,-32.56862478999973,-37.93790687096758,-283.06451789930725,11.73697940367667,-17.748490726399904,-3.530689775110471,0.2082988487914239,-0.40526379918968514,-0.5027818735539737
4.48,-0.009494003201777679,-0.01753791331551824,0.046127025121953824,0.44594919250494675,0.13126453304372038,-1.0738576419883348,0.0028373250657022977,0.002592937304608442,0.004998640553902439,21.135335479559792,37.99799754421689,30.180889717377095,21.65355727754764,38.99477397556366,27.600421193434187,-24.265098126554054,-43.717330807229104,-284.4032258064516,-34.9893395916572,-39.49016874511236,-282.5097618520686,-24.265098615448895,-43.717331646507176,-284.4032275676678,-3.671036947064335,-30.091309999809784,27.782831380391556,-0.362313873932693,-0.8121297884714398,0.5929573557678628
4.49,-0.005090108233420654,-0.015877208676430055,0.034995607978708876,0.4293930411649866,0.18962151516335288,-1.1330198456784901,0.003420507686645438,0.0026012966285040027,0.004998640553902439,21.135335479559792,37.99799754421689,30.180889717377095,21.4025493779253,38.8965613043689,28.240887303478218,-24.265098126554054,-43.717330807229104,-284.4032258064516,-32.826507763922514,-41.181311221542764,-282.8851827720017,-24.265098615448895,-43.717331646507176,-284.4032275676678,3.8687284499966963,-25.5002065158479,15.32311270421377,0.05521168720081339,-0.5124959304701788,-0.19284936081751053
4.5,-0.0009819861603271307,-0.013748099296547966,0.023546707437143488,0.39408045312077833,0.2296666655638304,-1.1496761052906055,0.004244003011745394,0.002628446544250592,0.004998640553902439,21.135335479559792,37.99799754421689,30.180889717377095,21.169252502168447,38.772365826827354,28.897627967019098,-24.265098126554054,-43.717330807229104,-284.4032258064516,-30.51805130907715,-42.80121863339295,-283.2691038714494,-24.265098615448895,-43.717331646507176,-284.4032275676678,8.219195532754867,-20.02298513243739,3.518175891987561,0.11617331466327042,-0.40805330594998596,-0.39662787583921594
4.51,0.002719662150556912,-0.011303539758759529,0.012106474836968362,0.34901924151399155,0.2542186726126554,-1.1348997378119545,0.003903422334562836,0.0027141661531237113,0.004960292179493451,21.135335479559792,37.99799754421689,30.180889717377095,20.959807937790014,38.630985333259346,29.552087284814768,-24.265098126554054,-43.717330807229104,-284.4032258064516,-28.14574770499422,-44.31594982496719,-283.6515381292195,-24.265098615448895,-43.717331646507176,-284.4032275676678,12.579075302059621,-14.15689604660163,-7.827265659562555,0.1793441295557496,-0.30211330884692444,-0.584229700809934
4.52,-0.001732524084069098,-0.02181191462974441,0.0409391617327991,0.29017843925470854,0.2634456262129484,-1.0912757562576139,0.004182246044595931,0.0025878459166297427,0.004998640553902439,20.697997365764714,37.2466457831564,32.47071936924852,20.78064923148091,38.48053890118757,30.188387689124163,-14.968156148667946,-47.70696282000243,-285.741935483871,-25.783194183271174,-45.693674036091615,-284.02986719138397,-14.968156450991614,-47.706963728345,-285.7419372361141,5.466275252512199,-35.450524371137156,22.416022525910634,-0.13806339231134052,-1.0175091246703893,0.4906777413535352
4.53,0.001017335399787822,-0.01876104711159754,0.029724604861521953,0.25927221925768756,0.3312414687378883,-1.1341598221770308,0.004161211405472498,0.002589749041703196,0.004998640553902439,20.697997365764714,37.2466457831564,32.47071936924852,20.625067680630526,38.302310219284955,30.832699512718044,-14.968156148667946,-47.70696282000243,-285.741935483871,-23.292869536296877,-46.96651659916996,-284.4146759973659,-14.968156450991614,-47.706963728345,-285.7419372361141,8.197863924481291,-27.370552643474046,10.34928019421224,0.0767947800314507,-0.5026544167789979,-0.27650532490228574
4.54,0.003391654744464012,-0.015211707345951897,0.018347590193240615,0.21838342143332395,0.37094067623632493,-1.1358800114885084,0.003646282540180533,0.0026059043617680483,0.00498346620723847,20.697997365764714,37.2466457831564,32.47071936924852,20.49141736833713,38.096802309358935,31.48447369257616,-14.968156148667946,-47.70696282000243,-285.741935483871,-20.677395182222238,-48.14011210510379,-284.8004178247634,-14.968156450991614,-47.706963728345,-285.7419372361141,11.187456023462394,-19.04109586516102,-1.259557189189567,0.116683625172626,-0.35065861977813806,-0.4729862910361928
4.55,0.005311786005426422,-0.0113882587838815,0.007120792066049986,0.16916943123466482,0.38838685350101937,-1.1075875238728174,0.0030816048918171817,0.002703744645484777,0.004937262745163683,20.697997365764714,37.2466457831564,32.47071936924852,20.384269428992805,37.87686046323723,32.12593751504819,-14.968156148667946,-47.70696282000243,-285.741935483871,-18.03184685754662,-49.19337883416498,-285.1818993669358,-14.968156450991614,-47.706963728345,-285.7419372361141,14.408301207406883,-10.534787471834672,-12.40893712749808,0.15733582049593964,-0.20192595255480478,-0.6534574184881125
4.56,0.006215384973519422,-0.025494147835281922,0.0337445888044573,0.11272851869085448,0.3848566660967335,-1.0499019452509988,0.0028603188520817426,0.0025878033664898255,0.004998640553902439,20.67036994542586,36.2161001001458,34.614166618657144,20.308091902896734,37.653849344199436,32.74158047363588,-5.058416099371616,-49.74346616959476,-287.0806451612903,-15.441194383950503,-50.10630500101316,-285.5595155220256,-5.058416201638469,-49.74346711128817,-287.0806469042501,16.165633960763397,-40.05759106067617,16.140319686177374,0.15949253201976527,-1.2050066651709521,0.39347225793229473
4.57,0.007041123362003465,-0.02117282277257171,0.023035584253915498,0.05755660655137543,0.4602541155910763,-1.0765258334011418,0.0027142717958197502,0.0025877758833230376,0.004998640553902439,20.67036994542586,36.2161001001458,34.614166618657144,20.26396209702496,37.40254697459418,33.356012682469654,-5.058416099371616,-49.74346616959476,-287.0806451612903,-12.750332968799167,-50.873369572092145,-285.9468663367478,-5.058416201638469,-49.74346711128817,-287.0806469042501,16.53916348023359,-29.005870786619127,4.726883965046985,0.1580278332682759,-0.4926673852728463,-0.35441507999061644
4.58,0.007318350593989997,-0.01633459115830893,0.012311416568333233,0.003945474092475573,0.49874736600169045,-1.0647503886332605,0.0027411491755313586,0.0025969488964191004,0.004960636970721087,20.67036994542586,36.2161001001458,34.614166618657144,20.251124678191374,37.12329730479455,33.96962383697099,-5.058416099371616,-49.74346616959476,-287.0806451612903,-9.959474696303309,-51.49856929756257,-286.3413164567832,-5.058416201638469,-49.74346711128817,-287.0806469042501,15.097958977314615,-17.699470189221397,-5.983469826565607,0.11667607750042601,-0.2905232595634869,-0.5317950808950789
4.59,0.0070895705329852565,-0.011268568499286036,0.0018578737702746873,-0.04371080420063278,0.5088941909085131,-1.0255032998195457,0.002902976347606838,0.002704223777377132,0.004768261498392029,20.67036994542586,36.2161001001458,34.614166618657144,20.26692036825182,36.83261134244118,34.56616466629999,-5.058416099371616,-49.74346616959476,-287.0806451612903,-7.17266279902457,-51.991039988466625,-286.73259072588496,-5.058416201638469,-49.74346711128817,-287.0806469042501,12.405100590725375,-6.271927535333753,-16.429579989865584,0.05676778821568376,-0.094428560048895,-0.6988352268671522
4.6,0.013350433045458243,-0.028331012143560486,0.025665614516939494,-0.08322334305395068,0.4934867939602001,-0.9478737572512973,0.0021936424745539374,0.0025877635508971715,0.004998640553902439,21.066993152478865,34.95071949889885,36.54438910716711,20.307578740144137,36.54466338537549,35.12882187506178,5.058416099371556,-49.74346616959476,-288.41935483870964,-4.489368310134507,-52.35734278555746,-287.11037688767095,5.0584162015451835,-49.743467108323706,-288.4193565717035,30.018811258445506,-43.74846357932026,9.89585255359992,0.6085045270819578,-1.3775355458803147,0.3709207403277015
4.61,0.012044524603466833,-0.022887497574422322,0.016041789345368263,-0.16231643296019002,0.5732297625385854,-0.9624920600408319,0.0025001571386147788,0.002587733492386616,0.004971453063189883,21.066993152478865,34.95071949889885,36.54438910716711,20.386547487030043,36.22894032404384,35.680354722387214,5.058416099371556,-49.74346616959476,-288.41935483870964,-1.7424925878441582,-52.54227411722995,-287.49996822131374,5.0584162015451835,-49.743467108323706,-288.4193565717035,21.25713817100884,-29.30258319220071,0.10505824577408485,0.16717820110390058,-0.4641404097368984,-0.3990201516558705
4.62,0.010117262692929119,-0.01693230250954869,0.006510997070211411,-0.21440702678967485,0.608549457157272,-0.9416389544968565,0.002912615199159435,0.002593849896912747,0.004929319987794769,21.066993152478865,34.95071949889885,36.54438910716711,20.499835075643922,35.88590731990554,36.225091830298766,5.058416099371556,-49.74346616959476,-288.41935483870964,1.0790557989917726,-52.56631382529821,-287.89588813318665,5.0584162015451835,-49.743467108323706,-288.4193565717035,13.332795519058992,-15.162289254735233,-9.269276902631256,0.01973916806319496,-0.2155376803526034,-0.5517307075937247
4.63,0.007778191124606759,-0.010810442165252065,-0.002675373430828354,-0.24734133773080438,0.6103241713832639,-0.8957304986276317,0.0034659039303869465,0.0027237272929882686,0.004236357514911242,21.066993152478865,34.95071949889885,36.54438910716711,20.63564623251903,35.535232126238824,36.74863541120312,5.058416099371556,-49.74346616959476,-288.41935483870964,3.865607479091212,-52.47411242726969,-288.2787893625768,5.0584162015451835,-49.743467108323706,-288.4193565717035,6.851211535419926,-1.331250447960575,-20.274721138497814,-0.09665492652912348,0.018699724128427814,-0.732557929114535
4.64,0.005192327476808478,-0.0048361275253471225,-0.011170712205464395,-0.2660230096335774,0.5833443875291405,-0.8037112692878319,0.004063838243552495,0.003528274483321342,0.0027502135573111283,21.066993152478865,34.95071949889885,36.54438910716711,20.784809409643845,35.19459978127331,37.229787328794544,5.058416099371556,-49.74346616959476,-288.41935483870964,6.491239511089849,-52.2860200593376,-288.63236548732846,5.0584162015451835,-49.743467108323706,-288.4193565717035,3.0007228555615293,10.65000099208136,-41.580144044706515,-0.1638943210241423,0.20643635767843788,-1.0740821259748667
4.65,0.016430796594270325,-0.023806463970036273,0.009893186983529922,-0.32926391835065655,0.6519013417364883,-0.799335972383941,0.00327935976281204,0.0025877033036796676,0.0049340783264821475,21.883477394414783,33.50733120841596,38.21006512015307,20.961240057816838,34.83370794935575,37.68894947797385,14.968156148667802,-47.706962820002474,-289.758064516129,9.115318152396817,-51.94180409073107,-288.97445340024126,14.96815645010324,-47.706963720028845,-289.75806623830323,19.34443225703716,-28.388269482176877,-2.497204953527573,0.09003941194191312,-0.42658403244442683,-0.3966792866430628
4.66,0.012871595726103913,-0.017081341306394715,0.0020078156331082564,-0.37464639960226054,0.6835866933814257,-0.7765696322876318,0.0034815631404913113,0.0025930856012123036,0.004773664853653791,21.883477394414783,33.50733120841596,38.21006512015307,21.167650021638153,34.44679161533532,38.13932301976956,14.968156148667802,-47.706962820002474,-289.758064516129,11.797058215227457,-51.4464870251417,-289.3131190373355,14.96815645010324,-47.706963720028845,-289.75806623830323,11.41526413377245,-12.844752341263465,-10.919746932569007,-0.05770736252410653,-0.15510890663376306,-0.5334591510028632
4.67,0.008970064673255673,-0.010245799586510618,-0.005525663702285466,-0.40004120465280374,0.6782383049904724,-0.7294398344183607,0.0039784786046369956,0.00275506526062806,0.0029729127352634077,21.883477394414783,33.50733120841596,38.21006512015307,21.39254105814714,34.05564997659628,38.567959950821226,14.968156148667802,-47.706962820002474,-289.758064516129,14.424357276874984,-50.8498058969501,-289.63754932833103,14.96815645010324,-47.706963720028845,-289.75806623830323,4.454325441076443,2.997519683235375,-27.462496127328286,-0.17705241385281206,0.11659731595797836,-0.8570457046042957
4.68,0.0260783862970293,-0.03073478965229237,0.011481526539429243,-0.4093930075811261,0.6429382734143798,-0.638528600584257,0.004274602980913415,0.0025877067655431067,0.0047045090802539935,23.096499507380617,31.95488589962691,39.57513191682278,21.62647316382855,33.67790615846715,38.95439819397274,24.26509812655408,-43.71733080722909,-291.0967741935484,16.87358997315293,-50.17359543665886,-289.9368380781967,24.2650986127358,-43.71733163449504,-291.0967759041823,25.577329949302257,-43.27343795796434,3.434723806167201,0.5255108512822355,-1.4486812536075604,0.32094858836297685
4.69,0.021593278643616876,-0.023798354455983217,0.005021612450750501,-0.47315886085589487,0.7199545833118702,-0.6423782782407326,0.004499068407332722,0.0025876768657471065,0.004832082266044946,23.096499507380617,31.95488589962691,39.57513191682278,21.886678124798358,33.2769367312865,39.32413705585541,24.26509812655408,-43.71733080722909,-291.0967741935484,19.340995027654355,-49.34597219594103,-290.22334606240156,24.2650986127358,-43.71733163449504,-291.0967759041823,17.225796125936974,-26.026124565871758,-4.345817103601165,0.014008548320543641,-0.367627373707484,-0.3834993218190813
4.7,0.016625330940072347,-0.016433736048564684,-0.0012929834234512994,-0.513798066201489,0.7437762546663789,-0.6197685987827181,0.004274861142415763,0.0025953921821403056,0.004448539320711838,23.096499507380617,31.95488589962691,39.57513191682278,22.173557662394177,32.85384571761735,39.684533255722876,24.26509812655408,-43.71733080722909,-291.0967741935484,21.845819404308987,-48.380660325141335,-290.5012565414354,24.2650986127358,-43.71733163449504,-291.0967759041823,10.58498751451038,-9.557370491958084,-12.335396348525734,-0.10881935388626521,-0.082909522898219,-0.5147575075496554
4.71,0.011344008462346511,-0.009050473498005251,-0.007251564907363783,-0.5370737870652534,0.7283568828926277,-0.5694760136089749,0.004386816300800405,0.002851005477495754,0.0031601470497552037,23.096499507380617,31.95488589962691,39.57513191682278,22.47738302177151,32.431905393524374,40.02289062086855,24.26509812655408,-43.71733080722909,-291.0967741935484,24.272984922241285,-47.32471017684168,-290.77027310624914,24.2650986127358,-43.71733163449504,-291.0967759041823,3.36977121009575,6.56079344442571,-25.34710437294224,-0.23921490092015668,0.1800580130210361,-0.7004831070485096
4.72,0.03329123106952092,-0.029616448712251886,0.005647137920325673,-0.5427195557752481,0.6843085713823772,-0.4900595061294921,0.004690392900648935,0.00258769074545006,0.004624462558269402,24.664244414469145,30.37227464383605,40.61699049499833,22.78868343067579,32.02891560879394,40.321921422037306,32.568624136111104,-37.937906134639555,-292.43548387096774,26.50952348997066,-46.20576436937418,-291.0267211687339,32.56862478408536,-37.93790685776119,-292.4354855697525,28.350086326277147,-40.0008951247881,-0.04511782974284667,0.5968978267335906,-1.3742483378249475,0.21972341524447653
4.73,0.02743018229336791,-0.02232409490227727,0.0007062303968552452,-0.613140966109409,0.7508428427957906,-0.4894812145465187,0.00482640496850054,0.002587664791479792,0.004632739217506664,24.664244414469145,30.37227464383605,40.61699049499833,23.128038276503943,31.608148063335165,40.604482618023056,32.568624136111104,-37.937906134639555,-292.43548387096774,28.74313576745072,-44.936659917374406,-291.278284805336,32.56862478408536,-37.93790685776119,-292.4354855697525,19.150687788068144,-22.318038637241656,-6.583106434155511,0.006919966127769611,-0.2970474961363398,-0.3786279087107997
4.74,0.02104917958069824,-0.01471000314569848,-0.00407608912259505,-0.6553274271609032,0.7638135588668129,-0.46636419985145544,0.004879905790339451,0.0026074130311833266,0.0039340636119466685,24.664244414469145,30.37227464383605,40.61699049499833,23.495938582270558,31.17138673112587,40.877059504913845,32.568624136111104,-37.937906134639555,-292.43548387096774,30.98884116519215,-43.53020355240186,-291.52903472200944,32.56862478408536,-37.93790685776119,-292.4354855697525,10.707102612751376,-5.354071094130607,-14.385344432535112,-0.14692290335542504,-0.006903792953680464,-0.5082221657552166
4.75,0.014358594637211008,-0.007185614970956933,-0.008486701293122345,-0.6773752894607827,0.737905913168365,-0.41723061050887034,0.004769620620777188,0.0030666670563514005,0.003033994858791437,24.664244414469145,30.37227464383605,40.61699049499833,23.88043277835646,30.74194781538951,41.126808256095934,32.568624136111104,-37.937906134639555,-292.43548387096774,33.13220436817766,-42.03962344864194,-291.77991648138914,32.56862478408536,-37.93790685776119,-292.4354855697525,3.054920508896725,9.92338514293066,-25.000595639877833,-0.2819777854922929,0.23928607012994987,-0.6762712318094092
4.76,0.04007783164267931,-0.02673976575092074,4.4811260444199696e-05,-0.6799957121522872,0.6877780933798273,-0.3483226892039162,0.004910061185820411,0.0025876893973763152,0.004530502253312419,26.527674844532612,28.844302822630258,41.3240734130487,24.271218426035343,30.33605867653287,41.341742111596645,39.538786846884896,-30.60529912738319,-293.7741935483871,35.08392704082128,-40.50199831428079,-292.03064682434575,39.53878762668101,-30.605299718522893,-293.7741952355637,31.023075353895347,-34.259388113118156,-4.0623424401483055,0.6553498173286739,-1.2222639966915128,0.08813174671141201
4.77,0.03280642917468968,-0.019501963274985434,-0.003433572841345489,-0.7561445399913024,0.739023275560442,-0.341114804492714,0.004966091483939838,0.0025884561869130825,0.00405636594045206,26.527674844532612,28.844302822630258,41.3240734130487,24.691644219418514,29.919234240270182,41.54023242384017,39.538786846884896,-30.60529912738319,-293.7741935483871,37.00910157354848,-38.81666686955145,-292.28568978145313,39.53878762668101,-30.605299718522893,-293.7741952355637,20.978179254734528,-17.017457513479854,-10.052636183392503,-0.002625941073888781,-0.2121849184417498,-0.39717658746844964
4.78,0.02498360460762794,-0.012076736953686718,-0.006695273224364473,-0.7999447779244147,0.7394473422234518,-0.30957670095529066,0.004985340038478686,0.002660524135766767,0.0029681753458027796,26.527674844532612,28.844302822630258,41.3240734130487,25.142226801714553,29.494001022485858,41.725192694353154,39.538786846884896,-30.60529912738319,-293.7741935483871,38.909209295496694,-36.99045527549186,-292.5483809061123,39.53878762668101,-30.605299718522893,-293.7741952355637,11.546718605687055,-0.3203367660429211,-19.307629065003397,-0.17473378083511987,0.06783329451711154,-0.5354760307133547
4.79,0.016856556978080972,-0.004850759476456301,-0.00955889234791274,-0.8196549062783357,0.7044536916062304,-0.2652329622428744,0.004961874580186594,0.0035011797003693572,0.002883621133077493,26.527674844532612,28.844302822630258,41.3240734130487,25.608868670925997,29.082138093526893,41.88665414862399,39.538786846884896,-30.60529912738319,-293.7741935483871,40.68554249618096,-35.08578096449881,-292.82012760752264,39.53878762668101,-30.605299718522893,-293.7741952355637,2.5173286041124268,12.100773454602367,-24.42538344809359,-0.3308447741070306,0.2575630042203719,-0.6190304603955563
4.8,0.04505519934429181,-0.022311033979793227,-0.00545528629839942,-0.816847926339807,0.6514618479269844,-0.2079832148792548,0.004990951217874675,0.0025877034735493987,0.0030844169738631017,28.613109894133448,27.456372249855985,41.69358389334258,26.079364558641565,28.696649330603986,42.018093088008655,44.89022697853704,-22.01970757788181,-295.11290322580646,42.2778139377163,-33.15063759170887,-293.09827963134103,44.89022785490553,-22.01970801352696,-295.1129049021031,32.660463983429075,-25.854556965717848,-12.426498251623594,0.6879170051849011,-0.9929005427414704,-0.18072396527054113
4.81,0.03640209535994621,-0.015549191285962605,-0.007406616674883182,-0.8943599271655485,0.6838852452652209,-0.18196997494374365,0.004998640553902439,0.0026008130882328915,0.003158090606330261,28.613109894133448,27.456372249855985,41.69358389334258,26.578975545930554,28.308073042125265,42.128207927895396,44.89022697853704,-22.01970757788181,-295.11290322580646,43.80236915886796,-31.067539595966352,-293.38578097798865,44.89022785490553,-22.01970801352696,-295.1129049021031,21.61915922610906,-10.24397527188674,-15.819129587687456,-0.03105299683474912,-0.11586106111368966,-0.44743804976900636
4.82,0.027208965928146256,-0.008752105851402348,-0.009048817010257393,-0.9354843078015012,0.6710721844485691,-0.1484427952679915,0.004998640553902439,0.002889804688709814,0.002938043571667953,28.613109894133448,27.456372249855985,41.69358389334258,27.107897630279904,27.919557979969902,42.220331495149054,44.89022697853704,-22.01970757788181,-295.11290322580646,45.260879932023485,-28.845719820358077,-293.6867481023952,44.89022785490553,-22.01970801352696,-295.1129049021031,10.926288853574782,4.134048135272397,-19.94785147547031,-0.22294827262782066,0.12115187955334207,-0.509412037696111
4.83,0.017757247122646314,-0.0022483604408515823,-0.010315983049321131,-0.9491121037759009,0.6307843428008444,-0.10819978315900305,0.00498015380624505,0.0040855882889454,0.002800435103743685,28.613109894133448,27.456372249855985,41.69358389334258,27.65007046527982,27.549329460175223,42.2906017629125,44.89022697853704,-22.01970757788181,-295.11290322580646,46.58705347357067,-26.559842636907717,-294.0007621795312,44.89022785490553,-22.01970801352696,-295.1129049021031,1.0006885863448516,12.84102700053328,-22.396906831451844,-0.39361313517339175,0.24901149191512462,-0.5375073641431852
4.84,0.04711540306105222,-0.016605866616396625,-0.010525561198631794,-0.937204775788622,0.5762642870186663,-0.06481644191157371,0.004998640553902439,0.0025953039090893435,0.0027809477851832463,30.83641690507811,26.28879804694773,41.72996498975639,28.191531390558524,27.206724208593112,42.33653939752551,48.40385594331022,-12.532626612936005,-296.4516129032258,47.7456841213229,-24.265989069551786,-294.3207052922386,48.40385687759783,-12.5326268746539,-296.4516145696007,32.070240800171796,-15.886899179921155,-20.182896836096848,0.6728348637890467,-0.7260137435805544,-0.44367332671248505
4.85,0.037281541055680156,-0.010725340565180375,-0.010958612683483637,-1.0097248093446154,0.5873793523703515,-0.02558324628887127,0.004998640553902439,0.00273020853178508,0.002747265583754336,30.83641690507811,26.28879804694773,41.72996498975639,28.758463388104097,26.86973533041976,42.359090723384845,48.40385594331022,-12.532626612936005,-296.4516129032258,48.80412825952261,-21.83996478700536,-294.65280692642597,48.40385687759783,-12.5326268746539,-296.4516145696007,20.14923968598755,-2.638310456666755,-21.12744466383005,-0.08841251467968839,-0.017604868123893565,-0.492463501327474
4.86,0.026978077216206153,-0.004968347073964041,-0.011005300958415898,-1.0425903315128657,0.5624597059502935,0.011997030850067855,0.004998640553902439,0.003474987536589852,0.0027425922539215932,30.83641690507811,26.28879804694773,41.72996498975639,29.35051525038979,26.541443232234176,42.3596300994428,48.40385594331022,-12.532626612936005,-296.4516129032258,49.75814164056884,-19.28866726941629,-294.9997924077066,48.40385687759783,-12.5326268746539,-296.4516145696007,8.709620280777287,7.4760957293987955,-20.80690378129439,-0.29014118707429143,0.13868057740952908,-0.47496007663202916
4.87,0.016511673004824923,0.0004370261792069896,-0.010695908834869483,-1.045663468482063,0.5208043459963173,0.04573925863870229,0.004973644736825371,0.004326738536046709,0.0027626740609298824,30.83641690507811,26.28879804694773,41.72996498975639,29.950208882603743,26.234194969066817,42.33999699187699,48.40385594331022,-12.532626612936005,-296.4516129032258,50.57859370125716,-16.69385741859567,-295.3555414147653,48.40385687759783,-12.5326268746539,-296.4516145696007,-1.9689243968807402,13.21138502302323,-19.205517479652958,-0.4712841468043743,0.22370926497265706,-0.4380287396974562
4.88,0.04582555950877554,-0.00995648794780607,-0.015061759162578015,-1.0213336689081884,0.464412804802627,0.07417478971237237,0.004998640553902439,0.002794040090272107,0.0026096336017482737,33.10867200245259,25.411700762179535,41.44437425927077,30.542458093420436,25.955300768147875,42.302656833085,49.93582535855264,-2.532458441935658,-297.7903225806451,51.25342920868418,-14.123385628000952,-295.71244671613204,49.93582631060621,-2.5324585171777705,-297.7903242379092,28.887439867626878,-4.524299231931514,-27.58609720688098,0.6060231755428293,-0.4342349203985097,-0.7068880685621851
4.89,0.03521082181523105,-0.005333128736253301,-0.014017771646202326,-1.0825057172785821,0.4535187440554386,0.12568854182331896,0.004998640553902439,0.0032793264140487995,0.002624593255263063,33.10867200245259,25.411700762179535,41.44437425927077,31.15346179726106,25.691432381218718,42.24008398821603,49.93582535855264,-2.532458441935658,-297.7903225806451,51.79588740443743,-11.449190141223172,-296.08220826750266,49.93582631060621,-2.5324585171777705,-297.7903242379092,16.632510481729522,4.100166263877968,-24.369860667293416,-0.1677446028115763,0.05212072742143999,-0.5019718603350517
4.9,0.02424859036932203,-0.0009622962357553888,-0.012541865955069675,-1.1026832392524113,0.4219554866862667,0.1637528089871472,0.004998640553902439,0.004248430319862148,0.0026621361036704688,33.10867200245259,25.411700762179535,41.44437425927077,31.782526276125893,25.4428741731882,42.153407223169516,49.93582535855264,-2.532458441935658,-297.7903225806451,52.20908857857587,-8.674470783522207,-296.4625475640223,49.93582631060621,-2.5324585171777705,-297.7903242379092,5.04981875883904,9.086635224765516,-20.08869738124622,-0.3686952056974965,0.12437592003524249,-0.41816127743573633
4.91,0.013254288652200685,0.003033498281394764,-0.010751065277473715,-1.0924046518847015,0.3794430444164164,0.18977871542496788,0.004962401173416089,0.0038654594432628734,0.002751527716973656,33.10867200245259,25.411700762179535,41.44437425927077,32.41169835325242,25.21644062018528,42.04938105619124,49.93582535855264,-2.532458441935658,-297.7903225806451,52.49683440053969,-5.885342584295202,-296.8429078889351,49.93582631060621,-2.5324585171777705,-297.7903242379092,-6.1299148073592535,14.30115365842577,-15.395588885379347,-0.5548628345274605,0.2036618766571354,-0.3317709446838031
4.92,0.041507019338675955,-0.0027409739406761835,-0.01905076811549311,-1.0542314173537708,0.32021187323124284,0.20359783946268142,0.004998640553902439,0.0040465543550831234,0.002589431392581235,35.34257820501509,24.881088576978325,40.85518019482604,33.02558964091316,25.019727713397714,41.934412189924956,49.42341621640558,7.571388875228766,-299.1290322580645,52.66027282027339,-3.1613278837972185,-297.22094766353126,49.42341714644567,7.571388992251046,-299.12903390651087,23.920976839957067,4.799775486779599,-32.883176362919464,0.5098425267674505,-0.2090453454171409,-0.9146130206480874
4.93,0.030648271762247492,0.00034605908108664707,-0.01664693741174539,-1.1000990663200396,0.295306138852996,0.2640927386366023,0.004998640553902439,0.004230997960516393,0.0025962429562174285,35.34257820501509,24.881088576978325,40.85518019482604,33.649705428542354,24.844528214429058,41.79358505587536,49.42341621640558,7.571388875228766,-299.1290322580645,52.67278110919114,-0.36865320013939284,-297.60782873952377,49.42341714644567,7.571388992251046,-299.12903390651087,11.96536454819673,8.160141551760178,-26.061999383047254,-0.2508155432955887,0.0720680701109106,-0.48988953707205457
4.94,0.019590862657580144,0.0031050743367607714,-0.013784503870606812,-1.105720980506191,0.258636253203801,0.3015483488933254,0.004990501396020515,0.0037378641614252634,0.0026266845845805496,35.34257820501509,24.881088576978325,40.85518019482604,34.28339432780973,24.688603313193575,41.62754128031735,49.42341621640558,7.571388875228766,-299.1290322580645,52.543031893164034,2.4938685869907538,-297.99676296060204,49.42341714644567,7.571388992251046,-299.12903390651087,0.41164535782369455,11.830116046373194,-18.888517145867052,-0.4474966132950031,0.12524338127966175,-0.35803459455128095
4.95,0.008641740155387101,0.005440963635539364,-0.010650764942697677,-1.0818438430204773,0.2113232853648288,0.3202578387399741,0.00495014024186773,0.003041339278831253,0.002751254625853428,35.34257820501509,24.881088576978325,40.85518019482604,34.90920425978693,24.557545043906764,41.44702555423244,49.42341621640558,7.571388875228766,-299.1290322580645,52.29237937430017,5.333198694772198,-298.3818510344917,49.42341714644567,7.571388992251046,-299.12903390651087,-10.754429478663551,16.42991827771198,-11.538727707748563,-0.6295055137956346,0.19087200590358583,-0.22861332794425746
4.96,0.03501359607422516,0.0047124550483501615,-0.022542747586141387,-1.0301515809422268,0.15265903825124943,0.32114455918185797,0.004998640553902439,0.0032651364519056102,0.002587825981527146,37.458522168855566,24.73627985127445,39.989262295243776,35.51209248789246,24.45768350169749,41.26167177613645,46.887606607354066,17.365262642240907,-300.46774193548384,51.93678326067809,8.064312723141688,-298.76479348672257,46.88760747776472,17.365262949696884,-300.46774357467416,18.044345102775466,13.444759334392709,-37.22640900014972,0.408992824634428,0.026369736814560354,-1.0987734780357037
4.97,0.024487031930697012,0.006008155290727124,-0.018907215923082532,-1.0598612312948728,0.10860175900468941,0.38926435099799395,0.004998640553902439,0.002920205188571527,0.002589463719123231,37.458522168855566,24.73627985127445,39.989262295243776,36.11627214865801,24.386091514532836,41.04998857307712,46.887606607354066,17.365262642240907,-300.46774193548384,51.41270781517267,10.822691213505292,-299.15580380723685,46.88760747776472,17.365262949696884,-300.46774357467416,6.498419944643522,15.518083611819824,-27.574125695818704,-0.3311700145017009,0.14291738820627564,-0.4790767586169688
4.98,0.013909584504085304,0.0068254145166019575,-0.014792967129148571,-1.0517315259421944,0.05952514366245799,0.4257933132343713,0.0049639313398542285,0.002764033960045784,0.002609896872916351,37.458522168855566,24.73627985127445,39.989262295243776,36.72168649238044,24.34208466832821,40.812310034952276,46.887606607354066,17.365262642240907,-300.46774193548384,50.72378831613482,13.608722547291135,-299.5518481567808,46.88760747776472,17.365262949696884,-300.46774357467416,-4.383882633578376,16.094753509964946,-17.5495227582143,-0.5124464661281515,0.13704749998003907,-0.29898544762748436
4.99,0.0035654878177948657,0.007152669743789086,-0.010449897345894077,-1.0163282383970522,0.011234349962989533,0.4376486616641879,0.004854701736103558,0.002765634326429246,0.002757997369732555,37.458522168855566,24.73627985127445,39.989262295243776,37.31218108362804,24.326083558725195,40.56292883284379,46.887606607354066,17.365262642240907,-300.46774193548384,49.9176669885432,16.332807293822974,-299.9454998881144,46.88760747776472,17.365262949696884,-300.46774357467416,-14.772113611513735,15.047757899470547,-7.216646590528647,-0.6785329023405641,0.10414178910587102,-0.12083781630337355
5.0,0.027428144397672605,0.011595337078864176,-0.025411062762480507,-0.9484572288890605,-0.03247367752959511,0.42722860537462976,0.004998640553902439,0.0021670103026077484,0.0025877880106187365,39.38914553608942,24.998448122661333,38.88367471602111,37.87263241497498,24.336572884061784,40.31422032167223,42.43221287473754,26.448200516348138,-301.80645161290323,49.04082605304412,18.914591223776902,-300.3295395692699,42.43221365167993,26.448201004146,-301.80645324172525,11.615966402430665,28.759756102417466,-41.47611301778795,0.38708706491774875,0.5217625963385859,-1.2933422154827074
5.01,0.017785475792358008,0.010842754207159522,-0.020673275141910863,-0.9655436508396044,-0.10493629101398477,0.5006999766825287,0.004980310014617793,0.002418761990875787,0.002587778832567421,39.38914553608942,24.998448122661333,38.88367471602111,38.42539451391582,24.383554760941916,40.039201249549606,42.43221287473754,26.448200516348138,-301.80645161290323,47.97618385116586,21.47430668884523,-300.7271578301032,42.43221365167993,26.448201004146,-301.80645324172525,1.597731877305008,21.775394658103842,-28.27924583562621,-0.3858370050738528,0.1793994573289729,-0.4576400286963509
5.02,0.008210780391963324,0.009498981416271257,-0.015451684539804389,-0.9470831583605951,-0.155768032948395,0.535104799105191,0.004947329074062322,0.0027690564581922504,0.002602585955812452,39.38914553608942,24.998448122661333,38.88367471602111,38.97278283715058,24.46335749793743,39.73823061003719,42.43221287473754,26.448200516348138,-301.80645161290323,46.735458947864984,24.024972517043917,-301.13182229826435,42.43221365167993,26.448201004146,-301.80645324172525,-7.932131066718078,14.909666492053233,-15.151849878872278,-0.5417197695216628,0.04961723553387453,-0.22614102130233787
5.03,-0.0010441806677553567,0.007740680178521253,-0.010052085998996652,-0.9040782574815138,-0.18998714367709565,0.5395932375840605,0.004491814377674905,0.0032335404726170523,0.0027802771175183616,39.38914553608942,24.998448122661333,38.88367471602111,39.50043969814553,24.565976228847532,39.42876343032676,42.43221287473754,26.448200516348138,-301.80645161290323,45.4049328917709,26.49195665604232,-301.52444368905043,42.43221365167993,26.448201004146,-301.80645324172525,-18.125315613906828,8.925153449871644,-2.2198289357874446,-0.7063522601826423,-0.05943187182239658,-0.006518956778539504
5.04,0.019869596851370797,0.01743542722340452,-0.027385798276550077,-0.820468548072508,-0.2110461168863032,0.5184218532799801,0.004983385211257823,0.0027871060457983895,0.002587754218853472,41.08174006450399,25.669937556269307,37.587043352791504,39.99088359149365,24.68376217205054,39.12542273679398,36.239639361456014,34.44834595378431,-303.14516129032256,44.05514856424399,28.789440020993663,-301.8902831268813,36.23964001617068,34.4483466033935,-303.1451629073295,7.350972882804302,29.007577299693974,-42.51931163173097,0.3389960988048786,0.5920483032288325,-1.3846668868768146
5.05,0.011562894248094091,0.014902380863606624,-0.02171759801098272,-0.8282902090461355,-0.2808385149854009,0.5935183912487563,0.004950883323223533,0.0029465255070324787,0.0025877257522843563,41.08174006450399,25.669937556269307,37.587043352791504,40.4666148020271,24.832490450281632,38.79710044771562,36.239639361456014,34.44834595378431,-303.14516129032256,42.5397687974889,31.03808921465472,-302.25342741190786,36.23964001617068,34.4483466033935,-303.1451629073295,-1.6003896252540157,20.61339617103362,-27.20680591040313,-0.40064063914406184,0.1097063964102015,-0.4127175907419769
5.06,0.003390300422533965,0.011836312908797664,-0.015588273601946256,-0.805040560935699,-0.32448731893235155,0.6235321698380032,0.004844278633108665,0.0032650283537828282,0.002600936710327322,41.08174006450399,25.669937556269307,37.587043352791504,40.93341558718612,25.010542654584576,38.44439750745719,36.239639361456014,34.44834595378431,-303.14516129032256,40.86539651867092,33.26001117695813,-302.61378247867214,36.23964001617068,34.4483466033935,-303.1451629073295,-10.162226242521918,12.158154047444823,-12.17656721296202,-0.5392757373711594,-0.04528090099029254,-0.1503739491144816
5.07,-0.00442848906859461,0.008445767061396658,-0.009347829457687085,-0.7588068019489234,-0.3483007867775754,0.6196161337063107,0.0038436536137515936,0.00380925316896935,0.002834087889506535,41.08174006450399,25.669937556269307,37.587043352791504,41.37857725473126,25.206070654896752,38.087253117996234,36.239639361456014,34.44834595378431,-303.14516129032256,39.13105461578465,35.383970136692604,-302.95700736367485,36.23964001617068,34.4483466033935,-303.1451629073295,-21.704845492106042,4.977219592174802,2.5552642377382164,-0.7333070031691996,-0.17040813163037918,0.0974199068356149
5.08,0.013172718460399468,0.023477528534845082,-0.028212501697403858,-0.6693190934589405,-0.3570642483797716,0.58874535694966,0.00475349599358772,0.004062588257852242,0.002587727576240704,42.49843485760588,26.734100286424834,36.1599790772276,41.78256361838403,25.410042732059107,37.74167178531787,28.563410754739678,41.03817206036378,-304.48387096774195,37.41529746716318,37.31482333522609,-303.2708752075193,28.563411264407097,41.03817284527349,-304.48387257165666,4.527590980475871,25.303690232273173,-41.512500728615336,0.3237172483700236,0.5014513701608432,-1.39630503141694
5.09,0.006408101516989562,0.01954374179383106,-0.021851269401736317,-0.6724954868402983,-0.4166075166774049,0.6609819219174997,0.004853046061759201,0.004082126939896519,0.0025876997911982603,42.49843485760588,26.734100286424834,36.1599790772276,42.16971964119997,25.638463409287795,37.373860003613046,28.563410754739678,41.03817206036378,-304.48387096774195,35.562604200454665,39.18593312711664,-303.57041892864527,28.563411264407097,41.03817284527349,-304.48387257165666,-3.6570858767454597,18.064207346887464,-24.992367321321705,-0.39146228399268335,0.032799275705778945,-0.3566971997211313
5.1,-0.0002016237650691588,0.01514632565164914,-0.01508141491454329,-0.6488126751644242,-0.45623053500505,0.6843673348181256,0.004583655488550595,0.003928169604886346,0.002604586199868301,42.49843485760588,26.734100286424834,36.1599790772276,42.54696583536375,25.892592804357722,36.984853305614706,28.563410754739678,41.03817206036378,-304.48387096774195,33.572732051918145,41.01880582197583,-303.86154033347924,28.563411264407097,41.03817284527349,-304.48387257165666,-11.670883748608642,11.269083689746761,-9.021369089273898,-0.5217747930715969,-0.0954790994119858,-0.08000650179905106
5.11,-0.006455852811225515,0.01044870324887709,-0.00828066483858092,-0.5996056900170174,-0.47806363918947886,0.671497454574785,0.0028436148349261694,0.004189624244978136,0.00294599704305824,42.49843485760588,26.734100286424834,36.1599790772276,42.90226261564773,26.162893033787867,36.59612511191226,28.563410754739678,41.03817206036378,-304.48387096774195,31.54243511933014,42.73843610076392,-304.14154577173156,28.563411264407097,41.03817284527349,-304.48387257165666,-27.57926787768845,4.206043899729664,7.088422728203244,-0.7744877137148691,-0.22099471523171366,0.18536319644372568
5.12,0.0074505043451520425,0.03043937143958375,-0.02770301891099569,-0.5187085317902236,-0.48302283150987896,0.6326663342422211,0.004572395770140628,0.004529743029569817,0.0025877107263771884,43.61471841603768,28.155657096675057,34.673901671371,43.21797967176617,26.440026182024,36.22392196948552,19.717792755666043,45.947890581011485,-305.8225806451613,29.55086792050358,44.25739251009614,-304.4041851771623,19.717793103769278,45.94789146783725,-305.82258223535047,1.3534825686798508,28.008328607294867,-39.352136032055,0.242596702034144,0.5763404565759515,-1.3575821633255545
5.13,0.0022203087142821376,0.02520351865611903,-0.020941189693695295,-0.5183864929214881,-0.5488107262793412,0.6976305490435281,0.00471681157236556,0.0047043737030339604,0.0025876855657182597,43.61471841603768,28.155657096675057,34.673901671371,43.51711584675177,26.743323519627623,35.83358515070752,19.717792755666043,45.947890581011485,-305.8225806451613,27.430957356124168,45.700186193610854,-304.6599259097042,19.717793103769278,45.94789146783725,-305.82258223535047,-5.508770848346495,19.000510032328926,-22.058844974294633,-0.37907662183051266,0.00900753367921819,-0.2969785064308232
5.14,-0.002851946825363272,0.01948229783816713,-0.013850903792684721,-0.4956231576431432,-0.5883177502340996,0.7124922724731032,0.0041863215724169695,0.004695343253484797,0.002619150588426088,43.61471841603768,28.155657096675057,34.673901671371,43.806333331990004,27.07328104503628,35.42671305144122,19.717792755666043,45.947890581011485,-305.8225806451613,25.18589303004649,47.08798227482781,-304.91292749674534,19.717793103769278,45.94789146783725,-305.82258223535047,-13.01654113330675,11.094736390340056,-5.4686135736998205,-0.5027745650469283,-0.1340811780614935,-0.01262906905736137
5.15,-0.007573482760355743,0.013466147744394585,-0.006818266925339933,-0.44804325505308795,-0.6097545187655421,0.6908290330437076,0.0031676605978483968,0.004594980686126837,0.003074330436965078,43.61471841603768,28.155657096675057,34.673901671371,44.07399177643287,27.419104510229154,35.02519513268757,19.717792755666043,45.947890581011485,-305.8225806451613,22.916051405443106,48.34945587111594,-305.1638976795266,19.717793103769278,45.94789146783725,-305.82258223535047,-23.79305112098108,3.7969832244005874,9.639938548946489,-0.6672151210709689,-0.26442998541140617,0.23173080523080616
5.16,0.0023104025052758104,0.03746438115951817,-0.0257287349723353,-0.3791056591473205,-0.6129119675468081,0.6462998659901418,0.004604736455716038,0.004826048688808683,0.0025877054677873497,44.41712260401602,29.88184660701201,33.20802471955318,44.306773365999305,27.771240791061523,34.64424161382655,10.064926004432994,48.97649706262472,-307.1612903225806,20.696550250987514,49.41753494930334,-305.41120475447116,10.06492618068429,48.976498012721905,-307.1612918993113,-2.0788624757342347,30.855013935419205,-35.04425995416053,0.12642588291601656,0.640586461830991,-1.2460061245496543
5.17,-0.0014903769044288806,0.03088681511667729,-0.018897770105570255,-0.37446024828022617,-0.6854469766304357,0.69957517748127,0.004385531232630516,0.004915281029677081,0.0025891422848440147,44.41712260401602,29.88184660701201,33.20802471955318,44.52387219838307,28.151738059164238,34.250579002015336,10.064926004432994,48.97649706262472,-307.1612903225806,18.357700003180067,50.393716608720574,-305.66117874148375,10.06492618068429,48.976498012721905,-307.1612918993113,-7.889050468021723,21.049520296667467,-17.90642332512181,-0.3795605708356313,0.00518485960807696,-0.22726483984899795
5.18,-0.005117102933519857,0.023780425213266176,-0.011845533283340148,-0.3505345708325359,-0.7278058917559772,0.7041339944624,0.0033597982193416392,0.004949135577059899,0.0026700830409277605,44.41712260401602,29.88184660701201,33.20802471955318,44.73017720448458,28.56120000362976,33.84647105729439,10.064926004432994,48.97649706262472,-307.1612903225806,15.903925221997945,51.2910673128644,-305.9177409762322,10.06492618068429,48.976498012721905,-307.1612918993113,-16.2052938181028,11.982385698716216,-1.2706988477856866,-0.5273847596668428,-0.15863359564502114,0.056483267949113375
5.19,-0.008379417869550099,0.016373752389220453,-0.004944200300897816,-0.30549472460483046,-0.748008433693773,0.6743992123540954,0.0030435575088121796,0.004897864316307121,0.0034707870438697927,44.41712260401602,29.88184660701201,33.20802471955318,44.91444147777231,28.986606933835038,33.45290609302423,10.064926004432994,48.97649706262472,-307.1612903225806,13.437823752980972,52.04625882486042,-306.18136599491487,10.06492618068429,48.976498012721905,-307.1612918993113,-22.82363429945449,3.5423457310663156,11.63024375696576,-0.6150275298896161,-0.30627947886692425,0.2533751185567486
5.2,-0.002688002506517684,0.04313949297525532,-0.022245974858343787,-0.24832975388326312,-0.7474437542383597,0.6265707503118896,0.004177551730392831,0.004961308931926134,0.00258771307338949,44.90087678538442,31.844766997922733,31.84476699792274,45.06927702027382,29.416770774336026,33.08271933627289,3.6739403974420595e-14,50.0,-308.5,11.030706828810814,52.62426882479019,-306.4498191636809,1.4651189813714214e-14,50.00000097138312,-308.50000156437267,-6.619656458410277,32.77036935771516,-28.34034900105897,-0.031096312016805353,0.6773929801122964,-1.063000787209162
5.21,-0.005124747503517879,0.03519370158290169,-0.01570662720849303,-0.23481172817992732,-0.8231286528656182,0.6639595579622402,0.003361533691920416,0.004992820020468458,0.0025998478756513598,44.90087678538442,31.844766997922733,31.84476699792274,45.207801891620036,29.87578470820415,32.706598941101525,3.6739403974420595e-14,50.0,-308.5,8.51983576735687,53.08986283937146,-306.72794243828787,1.4651189813714214e-14,50.00000097138312,-308.50000156437267,-12.950522368615884,22.21371986884519,-11.96049333461103,-0.4335086178060971,-0.0133857126374226,-0.13739405514213218
5.22,-0.007294672533698976,0.026712124998330977,-0.009078592063120672,-0.2015909876778002,-0.8646869892504329,0.6566542534563545,0.0031554076081111576,0.004998640553902439,0.0028566233598592283,44.90087678538442,31.844766997922733,31.84476699792274,45.330185753619816,30.363973878626204,32.32745421705847,3.6739403974420595e-14,50.0,-308.5,5.911854678693341,53.43644619353647,-307.01835657773097,1.4651189813714214e-14,50.00000097138312,-308.50000156437267,-17.603458919055274,11.943769298010448,2.977881706977704,-0.4923304880691201,-0.19902121435903247,0.10920252908023549
5.23,-0.009107760381227403,0.0179570836165317,-0.0026913178661038817,-0.1633513255162772,-0.8806340275650117,0.6211984844588279,0.0029315727616445065,0.004981265159736171,0.004008791313597848,44.90087678538442,31.844766997922733,31.84476699792274,45.431826793947245,30.86637300608347,31.963628420636045,3.6739403974420595e-14,50.0,-308.5,3.305752430800206,53.63715341912707,-307.32112716296854,1.4651189813714214e-14,50.00000097138312,-308.50000156437267,-21.39070405699208,2.495958535804447,12.596676637373834,-0.5478141940037138,-0.3618532249924664,0.25419086465444557
5.24,-0.007576545229785792,0.04618423202458022,-0.017345279886819776,-0.11794713948729686,-0.872706239727849,0.57117550978614,0.003144011297315656,0.004998640553902439,0.002592553775402817,45.0681347044826,33.965218133719134,30.664319678291154,45.508919218222886,31.369966667032156,31.624855300984603,-10.064926004432923,48.97649706262474,-309.83870967741933,0.768535489171026,53.68134046312299,-307.63001745265666,-10.0649261795906,48.97649801203212,-309.8387112309897,-14.682491022932897,32.889737816035506,-18.995341197239718,-0.2986426305468825,0.675986168792173,-0.8091452939392472
5.25,-0.008605279386246556,0.036996361265208666,-0.011477621589507825,-0.08869320332257838,-0.9456260762718556,0.5890129742114205,0.0029933073041820907,0.004998640553902439,0.0026903018065568872,45.0681347044826,33.965218133719134,30.664319678291154,45.56607442680775,31.89994169616378,31.288230279882278,-10.064926004432923,48.97649706262474,-309.83870967741933,-1.8462807265574008,53.58393705687955,-307.95146765427035,-10.0649261795906,48.97649801203212,-309.8387112309897,-17.505501456025844,21.396256568760226,-4.792995037195689,-0.46098538089667973,-0.062180937344604725,-0.041133973163708544
5.26,-0.009307487055193464,0.027321502990490742,-0.005672892019926379,-0.054812600705440404,-0.9809823014106807,0.5695127056404391,0.002899666983464686,0.004998640553902439,0.003127503884938626,45.0681347044826,33.965218133719134,30.664319678291154,45.604356198767526,32.456128890611915,30.956908818955768,-10.064926004432923,48.97649706262474,-309.83870967741933,-4.53050662640463,53.34274817436339,-308.28829519870953,-10.0649261795906,48.97649801203212,-309.8387112309897,-19.134839345609098,10.29188352608759,6.8540940547064695,-0.47763445890947925,-0.2592085324022524,0.1452862785151636
5.27,-0.009664759626586306,0.017450532554908138,-0.00017745211108255443,-0.020175880128131367,-0.9880087296396638,0.5313607629003098,0.002857663677370713,0.004978476134801117,0.004317185075615809,45.0681347044826,33.965218133719134,30.664319678291154,45.62284492139136,33.02194084153294,30.644298941810547,-10.064926004432923,48.97649706262474,-309.83870967741933,-7.195218365153876,52.95904871699597,-308.635195416777,-10.0649261795906,48.97649801203212,-309.8387112309897,-19.123581482268342,0.015334402531303026,13.189153726485582,-0.46654920906520053,-0.4342458117009531,0.23775681388996878
5.28,-0.012143386790708255,0.045926071493053056,-0.011280872798981378,0.012977977625078477,-0.9688870795205452,0.4790432232377637,0.0026813034157434535,0.004998640553902439,0.0027050452705744913,44.92711496974967,36.15799217585362,29.739291216779275,45.62179854416373,33.58300835227352,30.357873197857792,-19.717792755665812,45.94789058101158,-311.1774193548387,-9.775317448180987,52.44658609736881,-308.9839736751903,-19.7177930996657,45.947891466042904,-311.1774208990427,-23.57173768114212,30.518313122240595,-7.674614770594602,-0.5978410118953709,0.6254115721143767,-0.5125154889574627
5.29,-0.011754884572955593,0.03582551811042034,-0.006469767192500142,0.05809176740438553,-1.0323655003860963,0.4749679939522539,0.0026978657485035814,0.004998640553902439,0.0030230621370843265,44.92711496974967,36.15799217585362,29.739291216779275,45.59706126441427,34.164708485556254,30.08288934493567,-19.717792755665812,45.94789058101158,-311.1774193548387,-12.394346686955494,51.76808383506418,-309.3458525783781,-19.7177930996657,45.947891466042904,-311.1774208990427,-22.007530329255626,18.437791931704087,2.540425181527414,-0.4922800747774151,-0.13603928940677668,0.0442570086092989
5.3,-0.010965165881429373,0.025344785322701235,-0.0018629214723029364,0.09487941824929688,-1.0563195954907783,0.4470070462926158,0.002741671794366821,0.004998640553902439,0.004159746099225705,44.92711496974967,36.15799217585362,29.739291216779275,45.549751161581106,34.766407464131326,29.820614976919508,-19.717792755665812,45.94789058101158,-311.1774193548387,-15.04851146192373,50.92611688372832,-309.72015738703584,-19.7177930996657,45.947891466042904,-311.1774208990427,-19.180631950732888,7.035294885294608,8.758997554759569,-0.4331837017513796,-0.3349207661793326,0.13773160018654523
5.31,-0.009852715486835417,0.014788905772323835,0.002399218187021712,0.12331827341735999,-1.0507538697041487,0.40743507754919,0.002829119185641529,0.004966534624220924,0.0040365104339606765,44.92711496974967,36.15799217585362,29.739291216779275,45.48443342341746,35.37073468320251,29.578750007979153,-19.717792755665812,45.94789058101158,-311.1774193548387,-17.662151844115886,49.95753829221367,-310.0963024126179,-19.7177930996657,45.947891466042904,-311.1774208990427,-15.723154299816908,-3.8930792968862056,14.177843887827672,-0.3668608151281807,-0.5180802959161716,0.22063851912368776
5.32,-0.016094691289870955,0.04248844942211927,-0.004446573650274899,0.14281240744351417,-1.0181509230727575,0.3515295413508798,0.0025999468744473354,0.004998640553902439,0.003702267045585972,44.492251628328546,38.33804508437962,29.130196351614295,45.40569358131032,35.96276215794737,29.36472473261125,-28.563410754739614,41.03817206036381,-312.51612903225805,-20.166833087964505,48.89680440394798,-310.4698852584695,-28.563411256111944,41.03817284166724,-312.51613056783077,-29.652959348831125,25.883331307977603,2.9587437172113633,-0.8247899747118814,0.5331211083527035,-0.24838960293381537
5.33,-0.01433709582142173,0.03197408788804457,-0.0010202904041688443,0.1977590737013212,-1.0672960819625237,0.33098088833189027,0.0026183535902788847,0.004998640553902439,0.00423699520156096,44.492251628328546,38.33804508437962,29.130196351614295,45.3021270127813,36.56735134161078,29.16985745148293,-28.563410754739614,41.03817206036381,-312.51612903225805,-22.668188977880263,47.6659441951265,-310.85392884037606,-28.563411256111944,41.03817284166724,-312.51613056783077,-24.102757531268615,14.007671783552462,7.19186321711522,-0.4860361721858708,-0.2198959800304368,0.07738129678241758
5.34,-0.01214577827794594,0.021222515470745273,0.00211517121086946,0.23430683603169453,-1.0770288952302405,0.29790645248154,0.0026750200025488207,0.004998640553902439,0.003994115408802138,44.492251628328546,38.33804508437962,29.130196351614295,45.17456811643104,37.18375529676276,28.99215743724663,-28.563410754739614,41.03817206036381,-312.51612903225805,-25.171131867077257,46.27270599889863,-311.2419621101419,-28.563411256111944,41.03817284166724,-312.51613056783077,-17.981630961705683,2.5397077895859406,11.086347268850563,-0.37205813815148037,-0.41634066547067466,0.1350875265398166
5.35,-0.009674299708954393,0.010535597599712898,0.00486281346818529,0.255329794480581,-1.057709705419022,0.25388539884686057,0.0028364354125020516,0.004957377125205592,0.003226752979402678,44.492251628328546,38.33804508437962,29.130196351614295,45.031846718294304,37.794805646829126,28.8373264286188,-28.563410754739614,41.03817206036381,-312.51612903225805,-27.604232802557167,44.776588927683726,-311.6258749230838,-28.563411256111944,41.03817284166724,-312.51613056783077,-11.717170445308787,-8.590730382680144,16.35264206948173,-0.260550841905099,-0.5990115153378702,0.21417293534661866
5.36,-0.019415115550312056,0.036641359372286963,0.0027652191247832247,0.26159953044176365,-1.0116083646069178,0.19583796285046068,0.0025889135139583325,0.004998640553902439,0.003813204949977174,43.78523475702713,40.426546870127645,28.882168901958554,44.88195873442392,38.38579452795841,28.712569915565908,-36.239639361455964,34.44834595378436,-313.85483870967744,-29.89825819225304,43.227849926329824,-312.0067002184298,-36.23964000349305,34.448346597226816,-313.85484023628277,-33.735864630888955,20.28837369795788,10.276417153080716,-1.0010782504913802,0.4319261675100564,-0.06472252413013228
5.37,-0.01641672751385248,0.02628348246521961,0.004547355779259243,0.3236061306401299,-1.0446163748294865,0.1607680916587505,0.002597230894813851,0.004998640553902439,0.0033113386874930916,43.78523475702713,40.426546870127645,28.882168901958554,44.70704531379135,38.98051536291181,28.612650752979853,-36.239639361455964,34.44834595378436,-313.85483870967744,-32.14727206251427,41.51700663064271,-312.3940498898987,-36.23964000349305,34.448346597226816,-313.85484023628277,-25.292862602720156,8.659856938883646,13.230171481881282,-0.4694746658599576,-0.30325783574991577,0.13164164670605566
5.38,-0.01296938588772889,0.015838208661576814,0.0059162277173408495,0.35876867435016646,-1.0401841300109687,0.11644009016992193,0.0026444421663848936,0.004970558972309581,0.0029387029475536662,43.78523475702713,40.426546870127645,28.882168901958554,44.507636668423274,39.57856904652437,28.536793603713434,-36.239639361455964,34.44834595378436,-313.85483870967744,-34.35295718670568,39.64872806870919,-312.7843059154182,-36.23964000349305,34.448346597226816,-313.85484023628277,-16.423768552541727,-2.4160815241185043,15.578347708793006,-0.30916915883232876,-0.4888670016621824,0.15794124367871154
5.39,-0.009289010099473805,0.005588898386200913,0.006815179902545376,0.37246607461917114,-1.0085686197483659,0.06783680679425999,0.0028651864945853853,0.004913278664252928,0.0027551068418017275,43.78523475702713,40.426546870127645,28.882168901958554,44.296101390265534,40.163851798589405,28.488083839300483,-36.239639361455964,34.44834595378436,-313.85483870967744,-36.45238466169979,37.70112106803997,-313.1722402816632,-36.23964000349305,34.448346597226816,-313.85484023628277,-7.206403459408039,-12.909702861338749,16.51601087654478,-0.14949991602889415,-0.6571778603070525,0.15840122458853065
5.4,-0.022136478684234406,0.029470487522449518,0.009680225141166954,0.36732791326086084,-0.9497056917421027,0.019225057421007368,0.002587809647558639,0.004998640553902439,0.002275753590552622,42.83661463662022,42.35570557428721,29.022879089677136,44.083078153825284,40.72217328597292,28.467635857633354,-42.4322128747375,26.448200516348198,-315.19354838709677,-38.39332422508763,35.74553278490921,-313.5539282774908,-42.432213635427246,26.448200994992575,-315.19354990333443,-37.95687266314133,13.69187726266813,25.446316819472557,-1.1889692427905492,0.32504582640501595,0.4164488721241055
5.41,-0.018040715635250892,0.019814969964924156,0.009496827618297066,0.43449051913832487,-0.9680404566744124,-0.04593350236794547,0.0025909937464930494,0.004991736119562883,0.0024346323258149687,42.83661463662022,42.35570557428721,29.022879089677136,43.84511747400286,41.27583089299816,28.481707990570257,-42.4322128747375,26.448200516348198,-315.19354838709677,-40.2337040729185,33.632842791889956,-313.94987905571094,-42.432213635427246,26.448200994992575,-315.19354990333443,-26.063619708418237,3.352768398404262,21.09079817649822,-0.4490423085269334,-0.3697069229097656,0.1981850426755084
5.42,-0.013491749551786891,0.010201541492206534,0.008747135642715509,0.46751235548338854,-0.9520406429071058,-0.0967236951747858,0.0026298465453967875,0.00495653639078973,0.0026989680830555767,42.83661463662022,42.35570557428721,29.022879089677136,43.58274451203727,41.8255778960688,28.52749593635006,-42.4322128747375,26.448200516348198,-315.19354838709677,-41.983942481354255,31.369324570184283,-314.3540427322308,-42.432213635427246,26.448200994992575,-315.19354990333443,-13.927957502636021,-6.405231842087351,15.845290830309146,-0.23430173994982564,-0.5300229441052408,0.09479503988910937
5.43,-0.008760187692109844,0.0008836689349084326,0.007562244292541764,0.47392574929988274,-0.9116466769179175,-0.13440506936620836,0.0029136611023189143,0.004697069562945162,0.003065094782945996,42.83661463662022,42.35570557428721,29.022879089677136,43.31142350000153,42.356999278685606,28.597472522110294,-42.4322128747375,26.448200516348198,-315.19354838709677,-43.61471212373668,29.06077221661572,-314.7492694095109,-42.432213635427246,26.448200994992575,-315.19354990333443,-1.9334534415083506,-16.141442398296633,10.69714239871471,-0.03048283659029225,-0.6851678106213932,-0.0019841941016281762
5.44,-0.02414909824307132,0.02208224067466069,0.01546516203917081,0.4583559231083213,-0.8361384997253832,-0.16049086158774273,0.0025877765839185762,0.004996353062304512,0.002441208280556986,41.68744555413606,44.07158149332292,29.561405104056142,43.04391688796715,42.85483308373872,28.685232843038808,-46.88760660735404,17.365262642240975,-316.5322580645161,-45.08961188708579,26.802382787702868,-315.1222329348431,-46.887607459537676,17.3652629378509,-316.5322595683427,-39.811391312373665,8.769758525105964,30.82145536051344,-1.3186900217623763,0.32205637538124166,0.6438370437479212
5.45,-0.01912010945048015,0.013614626475366709,0.013426560871393156,0.5279330745984397,-0.8449771282940901,-0.2320051416112081,0.002589042050739038,0.004962923742960559,0.0027147910996642233,41.68744555413606,44.07158149332292,29.561405104056142,42.75244829350415,43.33986321504497,28.80572246663573,-46.88760660735404,17.365262642240975,-316.5322580645161,-46.43799532550036,24.415968757971225,-315.4989670803183,-46.887607459537676,17.3652629378509,-316.5322595683427,-25.184648937738125,-0.21999489421343424,21.288849635159252,-0.4064003728945264,-0.39441904914171416,0.145236126103585
5.46,-0.01365321868978886,0.005269721046969322,0.01084565082302602,0.5572664772643332,-0.8226647064594936,-0.27621646277445233,0.0026251081320771827,0.004903080439660087,0.0031092829117369183,41.68744555413606,44.07158149332292,29.561405104056142,42.43771952405036,43.81658901401224,28.956009186796173,-46.88760660735404,17.365262642240975,-316.5322580645161,-47.68264573136208,21.901206562512286,-315.8761909785743,-46.887607459537676,17.3652629378509,-316.5322595683427,-10.780001552578119,-8.857361351037289,12.583190258791248,-0.15470323455565133,-0.5343186972893595,-0.013236307090639242
5.47,-0.008064056460616698,-0.0027335214882406866,0.007932626582977331,0.5559265232628093,-0.7784730512145228,-0.30110943059913076,0.0029920908295599114,0.004224693149180739,0.0036768510473410053,41.68744555413606,44.07158149332292,29.561405104056142,42.11772309753692,44.27246508389524,29.12424421117375,-46.88760660735404,17.365262642240975,-316.5322580645161,-48.81129828761572,19.377543201516556,-316.2366880320169,-46.887607459537676,17.3652629378509,-316.5322595683427,2.9955739923986764,-18.93126436930885,5.512400224328791,0.0762682778808107,-0.6982927678210528,-0.13680219609153613
5.48,-0.02526610407241392,0.015438081628787015,0.02102184572340904,0.5313436308816356,-0.695515025903699,-0.31182424917009544,0.0025877493578752887,0.004812174615658321,0.003838471879002601,40.39030249884148,45.53470806981918,30.487806917152746,41.806551271130296,44.690524757798805,29.301823805258728,-49.42341621640557,7.571388875228838,-317.8709677419355,-49.78666489789147,16.952761020301498,-316.56774845073954,-49.423417128304976,7.57138897902542,-317.8709692313657,-38.972580805940616,6.114129020886785,24.840277163064034,-1.3406581081136466,0.31161261733501866,0.49946804164342035
5.49,-0.01950773710951914,0.00841179685284954,0.017541373644364366,0.5996752277305539,-0.6988263983746095,-0.3720728981802449,0.0025885601202269883,0.004860790089145718,0.0036147322477238907,40.39030249884148,45.53470806981918,30.487806917152746,41.47342711877941,45.09269856378883,29.504352645771107,-49.42341621640557,7.571388875228838,-317.8709677419355,-50.64135618524939,14.433204492035713,-316.8872703583529,-49.423417128304976,7.57138897902542,-317.8709692313657,-23.281524707275075,-2.4357721120795985,18.86635058658205,-0.3539407019317168,-0.39057613771498934,0.06887699694188676
5.5,-0.013351031993040219,0.0015389690810316825,0.013586617986673821,0.6235049227489982,-0.675120552846152,-0.41186205221176486,0.0026297863245742063,0.004733144061308821,0.003672481934256628,40.39030249884148,45.53470806981918,30.487806917152746,41.11950849875162,45.48501977932572,29.733117469016406,-49.42341621640557,7.571388875228838,-317.8709677419355,-51.39131475665704,11.809794375542257,-317.20087802174197,-49.423417128304976,7.57138897902542,-317.8709692313657,-7.702138493721372,-10.37650042732264,11.135824729867519,-0.08363735009564799,-0.5186526574347234,-0.07482325274325764
5.51,-0.007142642997993831,-0.004990595284288357,0.009337429855314494,0.6141061022950223,-0.6310523837554852,-0.43286058774753383,0.0030857250354501898,0.003467059326780041,0.0040870409391759325,40.39030249884148,45.53470806981918,30.487806917152746,40.76450118632102,45.85642406115322,29.97767793584846,-49.42341621640557,7.571388875228838,-317.8709677419355,-52.02472421658078,9.20253476520881,-317.50159836955595,-49.423417128304976,7.57138897902542,-317.8709692313657,7.201908269045116,-22.30753914517561,3.7242302817897848,0.16566367450396144,-0.7324804643834719,-0.20244497217183097
5.52,-0.025274570326587864,0.009792096795012362,0.02740672835986857,0.5820426569872328,-0.5505228645636658,-0.4378491670044667,0.002587730134462695,0.004516769068562146,0.004380101738982133,39.00900549613595,46.71892720929045,31.77332705966248,40.42284624927038,46.18985000155276,30.22882017909592,-49.93582535855264,-2.5324584419355842,-319.2096774193548,-52.50516428313413,6.721026296849785,-317.78079179865534,-49.9358262946884,-2.5324585293988098,-319.20967889318234,-37.59279281975248,3.2199151122424987,26.82228281246606,-1.3294634517181532,0.25377807421638715,0.5618477738019139
5.53,-0.019034734599602365,0.004241928913080173,0.022647167788667488,0.6452305336523652,-0.5504018909864055,-0.49964796628538893,0.0025890302093725184,0.004758298248447753,0.004578813526056233,39.00900549613595,46.71892720929045,31.77332705966248,40.062456105960614,46.507327573237255,30.504627767350208,-49.93582535855264,-2.5324584419355842,-319.2096774193548,-52.859072379523504,4.162491337917083,-318.05117816334774,-49.9358262946884,-2.5324585293988098,-319.20967889318234,-20.65365042611261,-4.12363758252433,17.993995509694834,-0.29647470850056556,-0.37676382134119396,0.017288758825737972
5.54,-0.01246104793237135,-0.0011502244592555,0.01742952533407982,0.6617996941807485,-0.5277513635848281,-0.5374474006844394,0.0026509796750383476,0.004457919984711657,0.00441736035844937,39.00900549613595,46.71892720929045,31.77332705966248,39.68507134332572,46.814887424221325,30.805647586814572,-49.93582535855264,-2.5324584419355842,-319.2096774193548,-53.10467800504406,1.520732152897837,-318.31690950635976,-49.9358262946884,-2.5324585293988098,-319.20967889318234,-4.430914312388215,-11.41574756589198,10.708896793664671,-0.0177970978442138,-0.4954871337653438,-0.11524544718429226
5.55,-0.005914297318779793,-0.006215815218310494,0.01192597500464554,0.6444019966705314,-0.483832408336615,-0.5581787373655651,0.0030691949138860085,0.002800309167070707,0.0044455130095401515,39.00900549613595,46.71892720929045,31.77332705966248,39.31113388312333,47.102407006206,31.12206151377983,-49.93582535855264,-2.5324584419355842,-319.2096774193548,-53.23168683732078,-1.0859585390484827,-318.5783177591834,-49.9358262946884,-2.5324585293988098,-319.20967889318234,10.897540608630571,-25.43734454367237,3.631696584147854,0.23355184764613376,-0.7268835290032379,-0.24064331933364458
5.56,-0.02396952805144914,0.004845760921888598,0.03420504347536968,0.6066264852278914,-0.4151438383281157,-0.5612548399431798,0.002587720733908801,0.004524544055887827,0.004731582411209709,37.61661185262126,47.60919599511811,33.371382371220065,38.95433814286941,47.355656949931436,31.44451856464391,-48.40385594331024,-12.532626612935932,-320.54838709677415,-53.214212234672466,-3.5581128490082685,-318.8311688292784,-48.403856865723455,-12.5326268826854,-320.5483885550338,-34.21887020508018,-0.0867170999495375,29.546350329836887,-1.2476350363953366,0.1483882048733079,0.6280623727445048
5.57,-0.01753659354218229,0.0006794331740279658,0.028168213010904553,0.6604180673619241,-0.4113443729943896,-0.6298894462053378,0.0025917830242885706,0.0045987000538530755,0.004851079923363261,37.61661185262126,47.60919599511811,33.371382371220065,38.583407757314866,47.593743187758896,31.793839134075967,-48.40385594331024,-12.532626612935932,-320.54838709677415,-53.05995132688333,-6.092788557736384,-319.0840405723604,-48.403856865723455,-12.5326268826854,-320.5483885550338,-17.128556388530757,-6.086392820643347,19.903202487655452,-0.23308696913814342,-0.37078252517575844,0.01285068772212395
5.58,-0.010861437535732321,-0.00332392308064855,0.02163018551143292,0.6678523457785446,-0.389279491804445,-0.6701510741635668,0.002717329190853693,0.004084473311407562,0.004900079605772179,37.61661185262126,47.60919599511811,33.371382371220065,38.20073071461033,47.82177445698349,32.17062483649826,-48.40385594331024,-12.532626612935932,-320.54838709677415,-52.78370170302784,-8.692582343753116,-319.341044991754,-48.403856865723455,-12.5326268826854,-320.5483885550338,-0.7300759343715523,-12.686702012462593,10.9904233303553,0.045680186114595886,-0.47846757213680335,-0.14848179953418933
5.59,-0.00429813361313236,-0.007006806853617209,0.014803405655092972,0.6430699463050821,-0.34668393389906044,-0.6899943484669834,0.003674858421157305,0.0030951292261346963,0.004796894411318985,37.61661185262126,47.60919599511811,33.371382371220065,37.826237059393264,48.03023998195317,32.562795189043264,-48.40385594331024,-12.532626612935932,-320.54838709677415,-52.38441454468123,-11.24043188195715,-319.60257556316583,-48.403856865723455,-12.5326268826854,-320.5483885550338,12.093387837588537,-21.72505338708988,3.251202478058514,0.24385350043932436,-0.6054546101177375,-0.28478796056979294
5.6,-0.021211173649001047,0.00011982252291697915,0.04014467766233565,0.6012263467285486,-0.2901666084492303,-0.6903375147967872,0.0025877228029516164,0.004504531045685182,0.004919784301819202,36.291673076538615,48.19916988627712,35.21967587980105,37.47179014160805,48.209125260837354,32.959959166114835,-44.890226978537065,-22.019707577881746,-321.88709677419354,-51.85503537520992,-13.652582142053763,-319.8649802692257,-44.8902278482069,-22.019708013944406,-321.887098218184,-28.475118451122444,-3.8861037393369706,31.605664777867382,-1.094163810751126,0.016720841920386573,0.6698735064104835
5.61,-0.014912944377068693,-0.0027569411847775394,0.03278804508806188,0.6412303971438094,-0.28072932774358395,-0.7632651870234594,0.0026065736091520687,0.004172199246751587,0.00496974813892301,36.291673076538615,48.19916988627712,35.21967587980105,37.1093131804121,48.37310556791628,33.385089016247335,-44.890226978537065,-22.019707577881746,-321.88709677419354,-51.1795466045671,-16.10689215498662,-320.1351459972294,-44.8902278482069,-22.019708013944406,-321.887098218184,-11.986668100089814,-8.994162568900133,21.180341164267855,-0.15257706937245583,-0.38385536521736047,-0.0031047999420767787
5.62,-0.008492170834759505,-0.005438436102326416,0.024910685143205713,0.6377082639455783,-0.2554914717134285,-0.8040481988186957,0.0029246315976937144,0.003089152412406395,0.004986784179850951,36.291673076538615,48.19916988627712,35.21967587980105,36.74182105760424,48.52518996243321,33.8386239050746,-44.890226978537065,-22.019707577881746,-321.88709677419354,-50.365479840175205,-18.599574419890345,-320.4168991689171,-44.8902278482069,-22.019708013944406,-321.887098218184,3.738524237569194,-16.724528460103617,11.475309364176292,0.11156770523720891,-0.5183485703786505,-0.1771654738132459
5.63,-0.0022678384125981443,-0.007770429388638367,0.016758723698893085,0.6072494400801226,-0.21489319212319938,-0.8208472660275815,0.004085742078994874,0.00312999465062144,0.004961972082217036,36.291673076538615,48.19916988627712,35.21967587980105,36.3870398875485,48.65645215938448,34.30652719769647,-44.890226978537065,-22.019707577881746,-321.88709677419354,-49.42055779289765,-21.021430403061267,-320.70864615941684,-44.8902278482069,-22.019708013944406,-321.887098218184,13.208388639675828,-19.83706116847721,2.3857390564108103,0.25350182582811387,-0.5480147526251884,-0.33531853043671317
5.64,-0.016998135479430188,-0.004607840582850464,0.043889493378139854,0.5621219082706878,-0.1682117042152039,-0.8152660816366653,0.0025937528510548537,0.0037254883991855326,0.004990462832613201,35.11325088798454,48.489204130275574,37.24372854702328,36.05439162938321,48.76287851776764,34.776637591684995,-39.53878684688494,-30.605299127383134,-323.2258064516129,-48.366110380809545,-23.308708476590546,-321.0045671747492,-39.538787625294866,-30.605299708365152,-323.2258078834588,-20.05455632684493,-9.765420256300732,32.06324029710578,-0.8697651074383461,-0.17814542394425067,0.6747037692441841
5.65,-0.011197593910721282,-0.006177903837774501,0.03528407216463725,0.5842207117466736,-0.14366993565844496,-0.8872535466457665,0.0027040573465784328,0.0028528230588328717,0.004998640553902439,35.11325088798454,48.489204130275574,37.24372854702328,35.72136743387607,48.85121668591038,35.27321655238926,-39.53878684688494,-30.605299127383134,-323.2258064516129,-47.15102805486633,-25.602740702271156,-321.31245052422406,-39.538787625294866,-30.605299708365152,-323.2258078834588,-4.653565343043934,-15.936958129816754,21.086512921521777,-0.04677802020869246,-0.4615495015940728,-0.03958915817414749
5.66,-0.005417436022588151,-0.00743833621012624,0.026188335369284,0.5689739087862233,-0.11184899179881826,-0.9236836031171967,0.003245066370656866,0.003152368246896676,0.004998640553902439,35.11325088798454,48.489204130275574,37.24372854702328,35.39120758807782,48.921614627563,35.79629303690085,-39.53878684688494,-30.605299127383134,-323.2258064516129,-45.77338636898043,-27.892863407936265,-321.6351967731856,-39.538787625294866,-30.605299708365152,-323.2258078834588,7.200734208147467,-16.727658772411097,10.199765750445863,0.14287950123074314,-0.464434090162683,-0.23306916427385593
5.67,9.722743605666828e-05,-0.008374915922096271,0.016877470487769886,0.5352261751979738,-0.07826563632876282,-0.9332594715647792,0.004328790909091794,0.003025932383480514,0.004975463184546063,35.11325088798454,48.489204130275574,37.24372854702328,35.07724730787348,48.973333965362066,36.33016715387362,-39.53878684688494,-30.605299127383134,-323.2258064516129,-44.27785701715907,-30.101951914047035,-321.967895473145,-39.538787625294866,-30.605299708365152,-323.2258078834588,14.121673914948243,-18.092656519413612,0.3352939341141632,0.24820041588661168,-0.4781826646405337,-0.40196566348331414
5.68,-0.01151808079667227,-0.009031786045077705,0.04457763288957084,0.48632193310458777,-0.04245390782419968,-0.9179369528647214,0.002693044736689794,0.0029322882804529568,0.004998640553902439,34.15552165160773,48.48517214062632,39.36185110672743,34.78723110978659,49.00487639107202,36.861196913078956,-32.568624136111154,-37.937906134639505,-324.56451612903226,-42.701403902642596,-32.175475046808096,-322.3026608314741,-32.568624787001816,-37.93790683518612,-324.5645175509211,-9.07963049563926,-18.22716797147505,30.353005281045238,-0.5864055979044157,-0.45842684256168154,0.6379693852519541
5.69,-0.006602424448305277,-0.009256671692717044,0.034982100294227325,0.4876552955328963,-0.006395628279667419,-0.9826551626308787,0.0030448431929410063,0.002902053478524024,0.004998640553902439,34.15552165160773,48.48517214062632,39.36185110672743,34.50596755534313,49.015706170963405,37.41405628928457,-32.568624136111154,-37.937906134639505,-324.56451612903226,-40.962216929903626,-34.21291745405593,-322.6516052356279,-32.568624787001816,-37.93790683518612,-324.5645175509211,2.288572829424726,-18.537169716190977,18.562758202751073,0.0375021940533752,-0.46454034630464147,-0.10860822160764205
5.7,-0.001845093950351595,-0.009132925701990424,0.024984239428838984,0.463878411424263,0.02723572274464829,-1.0093686469349699,0.004161412805574915,0.0029141704972643952,0.004998640553902439,34.15552165160773,48.48517214062632,39.36185110672743,34.234835524284875,49.006708514304115,37.98825334926724,-32.568624136111154,-37.937906134639505,-324.56451612903226,-39.06308375303299,-36.21156211840459,-323.01431558143867,-32.568624787001816,-37.93790683518612,-324.5645175509211,9.298101442031024,-17.370287637685337,7.462296939200924,0.14519407450841856,-0.4341455388355865,-0.3031507877895045
5.71,0.002605274674359559,-0.008694061164618128,0.014877734204471138,0.4276980261583863,0.0567940900842858,-1.0076051200724654,0.0040229624770619955,0.0029677737022038263,0.004966836236324238,34.15552165160773,48.48517214062632,39.36185110672743,33.981998041175004,48.97989747803682,38.567056499628784,-32.568624136111154,-37.937906134639505,-324.56451612903226,-37.064577876911464,-38.11715272752602,-323.37999511899665,-32.568624787001816,-37.93790683518612,-324.5645175509211,15.554558389011516,-15.460386162192876,-3.210450342511458,0.24387063365232206,-0.39363061295890833,-0.4831865363480573
5.72,-0.005137660003648681,-0.012995259330847997,0.04209734734812576,0.37322988067467744,0.08109644673818005,-0.9796492526467766,0.0033919452291084774,0.0026493700661121356,0.004998640553902439,33.48281765406046,48.198265628828,41.49111135104435,33.75563897403572,48.937760437921746,39.136034523665096,-24.265098126554143,-43.717330807229054,-325.9032258064516,-35.023479680016905,-39.88044135039948,-323.7442934251896,-24.265098617917104,-43.71733159922939,-325.9032272197968,1.9787880816419963,-25.74584110084484,26.389999383097724,-0.3171540114056876,-0.7195691129354141,0.5598191958918116
5.73,-0.001461415241828301,-0.011896448958738426,0.031954206609929314,0.3580796076720211,0.12991565639316266,-1.0315832803362428,0.0042051769484496414,0.0026888900136423236,0.004998640553902439,33.48281765406046,48.198265628828,41.49111135104435,33.54617628050785,48.872206400989334,39.71953008973802,-24.265098126554143,-43.717330807229054,-325.9032258064516,-32.828424440060196,-41.564514794682424,-324.1208518964491,-24.265098617917104,-43.71733159922939,-325.9032272197968,7.18983564064328,-21.58252829693924,14.646211713073864,0.07874635114867193,-0.4744716409972351,-0.1879143211761433
5.74,0.0019669780455007224,-0.010393802208421898,0.02153986886957271,0.3288517244340918,0.165149878327009,-1.0450287617609606,0.004042902627371261,0.002779329609728416,0.004998640553902439,33.48281765406046,48.198265628828,41.49111135104435,33.35147793961573,48.78415980545003,40.31682824124651,-24.265098126554143,-43.717330807229054,-325.9032258064516,-30.48387687595322,-43.178840116101625,-324.50301899594496,-24.265098617917104,-43.71733159922939,-325.9032272197968,11.770984044373852,-16.730271079708075,3.30150070963017,0.14936751626066483,-0.3823134112328855,-0.3833815816911085
5.75,0.005038704729233734,-0.008604292871925878,0.0111499021247905,0.2871275582605393,0.18845033995914878,-1.0299716478044816,0.003199453734972018,0.0029664097161868014,0.0049586507697334655,33.48281765406046,48.198265628828,41.49111135104435,33.177961293768874,48.68036161826782,40.91111135319566,-24.265098126554143,-43.717330807229054,-325.9032258064516,-28.071439953799644,-44.684645378691215,-324.88205623649395,-24.265098617917104,-43.71733159922939,-325.9032272197968,18.330835229811044,-11.86400078476829,-7.800822163402618,0.25229768974407113,-0.29405553612891216,-0.566942494556866
5.76,0.0017151819291516546,-0.01628842279429299,0.03704992353618186,0.22785250853765246,0.20063866105246392,-0.9886600360987735,0.004047878011656946,0.0025984573057159055,0.004998640553902439,33.145681281521796,47.645739403279215,43.55340084822574,33.03432656441566,48.566911165065136,41.4879363598849,-14.968156148667871,-47.70696282000245,-327.241935483871,-25.66430222110671,-46.03777576138587,-325.2595586269455,-14.968156454936727,-47.70696367354886,-327.2419368886992,9.10253268077426,-30.20956560473615,21.21721731347554,-0.1495974217614457,-0.898422922534791,0.465219070763401
5.77,0.0038612816661882654,-0.013938448607540677,0.026903313408781493,0.19993871867717442,0.2570561488826283,-1.0251389115108132,0.0035093175818167576,0.0026244036076470065,0.004998640553902439,33.145681281521796,47.645739403279215,43.55340084822574,32.91319649701356,48.42938235833954,42.07076121496212,-14.968156148667871,-47.70696282000245,-327.241935483871,-23.128148805715586,-47.27926769374138,-325.6443785933326,-14.968156454936727,-47.70696367354886,-327.2419368886992,12.761547900315918,-22.963410018923543,9.580330293944542,0.12911582732717208,-0.460403463159593,-0.27132423609793827
5.78,0.005647318980847249,-0.011164809097815476,0.016631841269212688,0.1597487093296512,0.29121822824482396,-1.0245419229251205,0.0029879651877508812,0.0027203326666319595,0.004974231976766065,33.145681281521796,47.645739403279215,43.55340084822574,32.81321960708415,48.26861258210947,42.65907741918814,-14.968156148667871,-47.70696282000245,-327.241935483871,-20.467609489621708,-48.41577207363943,-326.0316964960813,-14.968156454936727,-47.70696367354886,-327.2419368886992,16.521268672504533,-15.244657849964838,-1.6182598580197727,0.18144951859616804,-0.31983404741343724,-0.46019038680892904
5.79,0.006984086934966771,-0.008150205263400934,0.006517333900939226,0.11135314429779446,0.3071955900085214,-0.996864723741586,0.0026658293494816023,0.0030154697462250815,0.004929412529191849,33.145681281521796,47.645739403279215,43.55340084822574,32.73943768170178,48.0950729741092,43.236862720026004,-14.968156148667871,-47.70696282000245,-327.241935483871,-17.778698697004113,-49.42154117961854,-326.41729450995865,-14.968156454936727,-47.70696367354886,-327.2419368886992,19.293888820123712,-7.305740650634466,-12.246557881024536,0.21329245309824957,-0.18141014549559462,-0.6317484826023554
5.8,0.008376278525268233,-0.018910246099269168,0.030455863520019277,0.058870191515285615,0.3080172641245334,-0.9428833935990697,0.002427359957186467,0.0025895412114638533,0.004998640553902439,33.178119926105715,46.852375918681055,45.48051719110009,32.69517689525395,47.917487285434305,43.79014389294569,-5.0584160993716285,-49.74346616959476,-328.5806451612903,-15.145373956457398,-50.27625927198892,-326.79902441796446,-5.058416203581846,-49.7434670537854,-328.58064655610076,22.954707245449807,-34.31928292550836,14.823326937332125,0.29105799768915763,-1.090475858873029,0.35335422520624327
5.81,0.008649748227992915,-0.015447243242174391,0.020851453255048447,0.0026462543470035195,0.36939555960654225,-0.9644778980601857,0.0024695950334675185,0.00260375064403557,0.004997122322990036,33.178119926105715,46.852375918681055,45.48051719110009,32.68267531956238,47.71602892660511,44.3410714104871,-5.0584160993716285,-49.74346616959476,-328.5806451612903,-12.415905656081033,-50.97486555189655,-327.19372178357685,-5.058416203581846,-49.7434670537854,-328.58064655610076,21.036630305594386,-23.71415866271672,4.1870384158814735,0.20700742190061253,-0.43899274668269633,-0.34401807489446146
5.82,0.008400610319198587,-0.01155861355444765,0.011255536820842571,-0.046167201576838165,0.40119611937563526,-0.9517391965065201,0.0026241272158533044,0.0026947753039923946,0.004958844768739695,33.178119926105715,46.852375918681055,45.48051719110009,32.699696750660046,47.49154191090833,44.890000637184755,-5.0584160993716285,-49.74346616959476,-328.5806451612903,-9.593056676257312,-51.528247372518635,-327.5962212862347,-5.058416203581846,-49.7434670537854,-328.58064655610076,17.497984157319667,-12.557394082836618,-5.800101311753795,0.1321982051296018,-0.24079733855686083,-0.508996655796621
5.83,0.00771408315427724,-0.007481780672446203,0.0019237076492982785,-0.08556119987074999,0.40968634859192316,-0.9144526845939513,0.0028740419865454806,0.0030911276313224977,0.004772427102043391,33.178119926105715,46.852375918681055,45.48051719110009,32.74123219937098,47.25759365066107,45.42240163908621,-5.0584160993716285,-49.74346616959476,-328.5806451612903,-6.7815924982877895,-51.95307774557837,-327.9914829215042,-5.058416203581846,-49.7434670537854,-328.58064655610076,13.360584224552056,-1.6614452159219626,-15.481434301975089,0.051344749446651544,-0.05572014816410592,-0.6631234920154125
5.84,0.013980271312642123,-0.020881553355678317,0.02343074842741044,-0.11517348467249525,0.4000101611574909,-0.8441067183515909,0.0022708570592704803,0.0025877979022048115,0.004998308039230073,33.59594683120191,45.85225331964905,47.217394597378,32.80221348187533,47.02495078615234,45.92389674156797,5.058416099371543,-49.74346616959476,-329.91935483870964,-4.0764124110709945,-52.25987541923575,-328.36686504102045,5.058416203857572,-49.74346705326298,-329.91935622090284,31.751100045173732,-36.688713538580416,9.506661104503205,0.6312403223387536,-1.251057804445619,0.3885223399665098
5.85,0.012411015239801815,-0.016475233938496592,0.014861604987720378,-0.18428897005473646,0.46390533190877864,-0.8562805590004339,0.0025587728330576567,0.002596366817051974,0.00496678093005562,33.59594683120191,45.85225331964905,47.217394597378,32.89570902018571,46.769399078132004,46.414890967863855,5.058416099371543,-49.74346616959476,-329.91935483870964,-1.314626319110285,-52.39481532217149,-328.7489416186319,5.058416203857572,-49.74346705326298,-329.91935622090284,22.34772395898138,-22.8537204583906,0.37157824334301787,0.17047848862293544,-0.39560438706759093,-0.37677672721464284
5.86,0.010312595989027673,-0.011657220943321334,0.00639149035916553,-0.22772415380054814,0.4921565765316457,-0.8361060262814289,0.0029449066287376,0.002686454450665469,0.004925765772320035,33.59594683120191,45.85225331964905,47.217394597378,33.01831387596251,46.49189187953515,46.89891051891031,5.058416099371543,-49.74346616959476,-329.91935483870964,1.5114534325665874,-52.378607045878255,-329.13310540622064,5.058416203857572,-49.74346705326298,-329.91935622090284,13.891980054274402,-9.074588003503617,-8.424059137868532,0.016633819338871935,-0.15459134613783604,-0.5199036138909297
5.87,0.00788311960512822,-0.006709701291084391,-0.0017572159083565353,-0.25301143684837984,0.49314572636321263,-0.7940746455215623,0.003469901404887482,0.003062122143129304,0.004389084038797215,33.59594683120191,45.85225331964905,47.217394597378,33.158871561513095,46.20850113551251,47.363252456405306,5.058416099371543,-49.74346616959476,-329.91935483870964,4.2931776501430905,-52.25626392187245,-329.5006825077856,5.058416203857572,-49.74346705326298,-329.91935622090284,7.075489100137033,3.582045423090859,-18.040780883268642,-0.10271608861929404,0.056650693719234375,-0.6749362393263356
5.88,0.01924242342283744,-0.022149139030302134,0.016975133181031055,-0.26480300306631294,0.47480045647332547,-0.7155510233447571,0.0032894451566934536,0.0025877705005975396,0.004863874272062689,34.395991031903655,44.69022607906023,48.72315487137186,33.309291321820844,45.931216076726294,47.79205536489202,14.968156148667791,-47.706962820002474,-331.258064516129,6.9247709742686165,-52.04696984029698,-329.83790607586707,14.96815645729196,-47.706963672395155,-331.2580658828817,27.480128059235632,-36.284804817239916,6.6552700732485315,0.5627327802892564,-1.284441001625531,0.31397021856154234
5.89,0.01622151995366161,-0.016989786572438992,0.009739152381349259,-0.32645010503173416,0.5383960602256193,-0.7205998522180658,0.0032490810494954555,0.0025938577647350645,0.004870713375348468,34.395991031903655,44.69022607906023,48.72315487137186,33.48554403240137,45.63260402410813,48.20634963384749,14.968156148667791,-47.706962820002474,-331.258064516129,9.583945701902099,-51.682722731317185,-330.1676978279743,14.96815645729196,-47.706963672395155,-331.2580658828817,20.30835595085743,-21.100773514234955,-1.973438282328093,0.09877416520969885,-0.344268712624074,-0.37806582120933907
5.9,0.01272625148909401,-0.011450495486114654,0.002641420405691819,-0.36547943847867087,0.561838911624739,-0.6981231848958228,0.003436101512258689,0.00269280653223082,0.004796914747354584,34.395991031903655,44.69022607906023,48.72315487137186,33.6879327910624,45.314065359507254,48.61162497673082,14.968156148667791,-47.706962820002474,-331.258064516129,12.284213489397082,-51.17590730085879,-330.49369094071074,14.96815645729196,-47.706963672395155,-331.2580658828817,11.939684410958886,-5.901614900168884,-10.024618466046364,-0.05462540523810112,-0.08046396967329777,-0.5080667547129406
5.91,0.008946885571248453,-0.0058456324093834056,-0.004125925308914091,-0.3854503517176942,0.5554500623150087,-0.6557537385725922,0.0039125469142988305,0.0030671925186385096,0.003934684866611624,34.395991031903655,44.69022607906023,48.72315487137186,33.905518042528975,44.993443844253854,48.99679680493202,14.968156148667791,-47.706962820002474,-331.258064516129,14.91661608774814,-50.57641002700384,-330.8050558289076,14.96815645729196,-47.706963672395155,-331.2580658828817,4.400999541567736,7.8595498401293975,-20.008173302617926,-0.18495451423744946,0.14777929775385873,-0.6720601721310064
5.92,0.025303323446075776,-0.022547487439685265,0.011488070934582706,-0.39008376105588066,0.5300340403293098,-0.5776398092373283,0.004198757379146537,0.002587749851273266,0.004529893857676798,35.55605469292359,43.42244187468055,49.970254318663216,34.129287607474794,44.683083366585485,49.34557569993527,24.26509812655407,-43.7173308072291,-332.5967741935484,17.372665400455464,-49.90539927687697,-331.09112913197754,24.265098623802757,-43.717331598587876,-332.596775542821,26.77200929769082,-35.23573804789825,4.2531472424555306,0.5524307094729856,-1.2886503602254666,0.28067828781879706
5.93,0.021043803116050586,-0.016850624087895505,0.0056557129068552925,-0.4482188079636038,0.590233807950029,-0.5792882893857606,0.00440122507212157,0.0025942243174601224,0.0047674787706982165,35.55605469292359,43.42244187468055,49.970254318663216,34.376260590417125,44.353905887942894,49.67931226783812,24.26509812655407,-43.7173308072291,-332.5967741935484,19.83733383907242,-49.08963067037863,-331.3673718898238,24.265098623802757,-43.717331598587876,-332.596775542821,18.164969060341367,-18.70654505153279,-3.5258125722906897,0.029780292703074224,-0.288695771124049,-0.36423178105781523
5.94,0.016346925072131535,-0.010825001855371386,-3.065110500510837e-05,-0.4850624606139684,0.6075419971197852,-0.5575833950852463,0.0041249660368095605,0.002723048714516769,0.004589074095427274,35.55605469292359,43.42244187468055,49.970254318663216,34.64739868033921,44.00786521104645,50.00378287073762,24.26509812655407,-43.7173308072291,-332.5967741935484,22.323843011849338,-48.14070527287865,-331.6387482364546,24.265098623802757,-43.717331598587876,-332.596775542821,11.475715533794697,-2.8601765041595146,-10.996185872095046,-0.09360564837659173,-0.016077362614074747,-0.4854552952193499
5.95,0.01137047303720884,-0.0048025155695898825,-0.005405762520903967,-0.5052313989822554,0.5940564925626151,-0.5174231631843732,0.004250900456316745,0.0035393473525552567,0.0030806566999383974,35.55605469292359,43.42244187468055,49.970254318663216,34.9335811820307,43.66371156444511,50.30925065502889,24.26509812655407,-43.7173308072291,-332.5967741935484,24.726280127265603,-47.105750162272216,-331.90407193003614,24.265098623802757,-43.717331598587876,-332.596775542821,4.376673495281382,11.096050236323027,-23.424416935397684,-0.21565373549873568,0.21336177592728842,-0.7164641335785261
5.96,0.032113163282977975,-0.021835475439234697,0.006760658465773228,-0.5082929183670344,0.5630172564761421,-0.4475706287144044,0.00460301065097708,0.0025877373752695256,0.004427916678708208,37.035698130823874,42.11531818136849,50.94241368195404,35.22561947928926,43.33331521731791,50.58104412909643,32.56862413611109,-37.93790613463956,-333.93548387096774,26.945038338830035,-46.008090544336824,-332.156653016466,32.56862479681134,-37.93790683664148,-333.9354852022648,29.560771976211768,-32.82013797622853,1.1800398233770002,0.6235035784528326,-1.2382648981508897,0.1881969406104924
5.97,0.026625767813376,-0.01584745605553961,0.002256808605688443,-0.573725879100239,0.6160801199412528,-0.44583261904850996,0.004757060585992627,0.002599210608178107,0.004668288959497668,37.035698130823874,42.11531818136849,50.94241368195404,35.54329954697796,42.987867390444706,50.83856794574628,32.56862413611109,-37.93790613463956,-333.93548387096774,29.1558712153673,-44.76182885738772,-332.4079948039369,32.56862479681134,-37.93790683664148,-333.9354852022648,20.037521253134738,-15.788615309218528,-5.310592994420036,0.025357640814784824,-0.2317982070619589,-0.3565292425866972
5.98,0.020659692837158627,-0.009606016724759137,-0.0020991813275155202,-0.6123135874838597,0.6255811438330262,-0.42522226964461096,0.004802809738113721,0.002809802904337617,0.004306483524456943,37.035698130823874,42.11531818136849,50.94241368195404,35.887228334922405,42.629909511838065,51.086888932661154,32.56862413611109,-37.93790613463956,-333.93548387096774,31.367912458473246,-43.37914803277018,-332.66224134372703,32.56862479681134,-37.93790683664148,-333.9354852022648,11.438614039582713,0.49023976270628894,-11.928566244456057,-0.12914004435076898,0.04498087604081229,-0.4643851421003792
5.99,0.014412010728715008,-0.0034413994087141297,-0.006161987724421669,-0.6322257571426106,0.6057285987816933,-0.38617105431856236,0.004660489890948128,0.0038672060107370664,0.00280879828676009,37.035698130823874,42.11531818136849,50.94241368195404,36.24623048382217,42.27796025336355,51.31726692383641,32.56862413611109,-37.93790613463956,-333.93548387096774,33.48167469110192,-41.91531178638588,-332.91893938636133,32.56862479681134,-37.93790683664148,-333.9354852022648,4.481643014576877,13.171929805377076,-23.64948573385283,-0.25167767883023956,0.246599615695272,-0.6553176563542074
6.0,0.03847737679471719,-0.019779888487916786,0.0023224924051190587,-0.6337439912007324,0.5700033215260505,-0.32832775838448036,0.004856382953288725,0.002588338072857548,0.004544031227057641,38.77811114594491,40.84273270931099,51.63213309839797,36.61065016359704,41.94264671057002,51.51810608675189,39.53878684688488,-30.6052991273832,-335.2741935483871,35.41517726551545,-40.39883801974199,-333.17330305414856,39.53878763824305,-30.605299713475517,-335.27419486297686,31.869198805156195,-28.038701944949768,-2.386743875985707,0.6715186672319089,-1.1150430597316248,0.06651945707761801
6.01,0.03170031399002193,-0.013788196070746217,-0.0009545000357057409,-0.7046418064072589,0.6115550257897546,-0.32199805932595266,0.004932024586132144,0.0026218059359099676,0.004434946088325635,38.77811114594491,40.84273270931099,51.63213309839797,37.00248229973464,41.597614650771725,51.7051770448193,39.53878684688488,-30.6052991273832,-335.2741935483871,37.31996343374368,-38.73287039765251,-333.4346325140945,39.53878763824305,-30.605299713475517,-335.27419486297686,21.601305222962935,-11.287927067196456,-7.700529796452389,0.01511440542666965,-0.15734790147303518,-0.3624085210558871
6.02,0.02441203945807635,-0.0076474470126223215,-0.004065826016066421,-0.7451288595849754,0.6113208787165048,-0.3004907834921449,0.004959975774772675,0.003039889411086889,0.003917405025690541,38.77811114594491,40.84273270931099,51.63213309839797,37.422256598234455,41.24596820637588,51.882142558906075,39.53878684688488,-30.6052991273832,-335.2741935483871,39.19848189181038,-36.9274570956934,-333.70699583545763,39.53878763824305,-30.605299713475517,-335.27419486297686,12.040151031085857,4.142310725113974,-13.50667656540571,-0.15696348808113567,0.10030018168162687,-0.45592541250283236
6.03,0.01684394467838668,-0.0016592212910527815,-0.006874172371403531,-0.7631328048050262,0.5861601877560757,-0.2614152053595801,0.004918464291122143,0.004181980429291477,0.0030488304800136146,38.77811114594491,40.84273270931099,51.63213309839797,37.85678463099359,40.904404124984566,52.04072307179101,39.53878684688488,-30.6052991273832,-335.2741935483871,40.96130652151444,-35.04217176732488,-333.98822109835794,39.53878763824305,-30.605299713475517,-335.27419486297686,3.7578210574832474,14.180465800338787,-20.591877251092914,-0.30183626999688423,0.25428515695406756,-0.5542310654066425
6.04,0.04298850836110124,-0.016267988632221675,-0.0021443485551538854,-0.7601565757494795,0.5461829745091371,-0.21395142623184774,0.004968179430372904,0.0025970935040475806,0.004255144250775806,40.713355259320856,39.68166436730692,52.03847241579056,38.29470889620458,40.58187066317852,52.173694941674206,44.89022697853703,-22.01970757788182,-336.61290322580646,42.5506963704198,-33.11794206282549,-334.27194647193335,44.890227862508674,-22.0197080236644,-336.6129045263069,32.71549154924141,-20.542092381299934,-6.9531840056329,0.6835267834407429,-0.9205743018775022,-0.08482333013659595
6.05,0.034938185821738355,-0.010608667610701339,-0.004226905863554786,-0.8318435015309048,0.571731726647205,-0.1998844703629165,0.004995235058644024,0.0027384709208305696,0.0038624772822630563,40.713355259320856,39.68166436730692,52.03847241579056,38.75949034002581,40.25673162793054,52.291984039974565,44.89022697853703,-22.01970757788182,-336.61290322580646,44.08135769376428,-31.050093354080566,-334.5683104615497,44.890227862508674,-22.0197080236644,-336.6129045263069,21.728016670904132,-4.866455321720242,-11.446198291741112,-0.018260255737145577,-0.0612910521806798,-0.39205127348300844
6.06,0.02639035001437673,-0.004930907496277226,-0.006081035779847532,-0.869619068613425,0.5607304922449342,-0.17093150310390054,0.004998640553902439,0.0034920097828010583,0.002846393823652515,40.713355259320856,39.68166436730692,52.03847241579056,39.25125974618813,39.932186764487106,52.3964727753461,44.89022697853703,-22.01970757788182,-336.61290322580646,45.54530752508529,-28.843646255604458,-334.880356218179,44.890227862508674,-22.0197080236644,-336.6129045263069,11.711865799247906,8.127170533391512,-18.089150720265025,-0.19691888179830014,0.14704693634208535,-0.4952212825869318
6.07,0.01760618280770876,0.00052879018505958,-0.00759131020412962,-0.8819218917823933,0.5319096529898409,-0.13497679395624332,0.004979322786095808,0.004332955485024736,0.0031441589586401458,40.713355259320856,39.68166436730692,52.03847241579056,39.75511987213635,39.621097958943174,52.48094669526589,44.89022697853703,-22.01970757788182,-336.61290322580646,46.87608615550912,-26.562017091733058,-335.2016093727649,44.890227862508674,-22.0197080236644,-336.6129045263069,1.998565177427857,15.287224245589616,-18.39961115488976,-0.36443014710463295,0.25981605717919165,-0.4890250739998567
6.08,0.04460483903748791,-0.011393854818823268,-0.00651422444116645,-0.8705222876306314,0.4867044620796321,-0.0963390943580096,0.004998640553902439,0.0026989941314643135,0.0029294693310620316,42.763054931096,38.70695794117423,52.16554976138771,40.25811742651737,39.331490311473004,52.54417130092569,48.40385594331022,-12.532626612936015,-337.9516129032258,48.04385965504823,-24.26452420130036,-335.5251684393902,48.40385687897814,-12.532626896819314,-337.95161419268186,31.63942907566784,-9.752909487666823,-15.86831806920889,0.6594347106133417,-0.6480715962636419,-0.3685298757389418
6.09,0.035477078089293235,-0.00644655913002723,-0.0073178088847094536,-0.9367910237048865,0.4929187299771822,-0.06689000574823956,0.004998640553902439,0.003022800512024573,0.003149137390647502,42.763054931096,38.70695794117423,52.16554976138771,40.78428623456498,39.04814609942957,52.58849024818946,48.40385594331022,-12.532626612936015,-337.9516129032258,49.1068215319986,-21.835463890519712,-335.8641579884185,48.40385687897814,-12.532626896819314,-337.95161419268186,19.98572983343479,2.3169308340176125,-16.356856743936618,-0.07672402656759703,0.03251165104355953,-0.43457598423955107
6.1,0.025922570829313707,-0.0016118277942045456,-0.007820532054497398,-0.9664391927287103,0.47362169957425065,-0.036562134451604084,0.004998640553902439,0.004190202479136688,0.003105802017405743,42.763054931096,38.70695794117423,52.16554976138771,41.33325501465888,38.7723238036909,52.61555269424403,48.40385594331022,-12.532626612936015,-337.9516129032258,50.067178439706645,-19.279633508579685,-336.21822701206145,48.40385687897814,-12.532626896819314,-337.95161419268186,9.182191939635302,9.994454233401335,-16.6687719141253,-0.2669174173061377,0.15257303070211967,-0.4307819475993048
6.11,0.01622480194535214,0.0029580330241943953,-0.008018524227943913,-0.9685389829526416,0.44126499077490805,-0.00620581254627634,0.0049722861012421815,0.0039715764112412295,0.0030729158293946682,42.763054931096,38.70695794117423,52.16554976138771,41.88886548929114,38.51242863672315,52.625162657348696,48.40385594331022,-12.532626612936015,-337.9516129032258,50.89836327154111,-16.67208877214174,-336.57634111181176,48.40385687897814,-12.532626896819314,-337.95161419268186,-1.2524650785208216,17.29888255452786,-16.383723749052514,-0.4440951604578299,0.27106568734789444,-0.4176313359267105
6.12,0.04300526039911401,-0.00547880004190715,-0.010426379008053765,-0.9452352340999991,0.38837243665781873,0.022509034657187073,0.004998640553902439,0.003185812640689927,0.002784635270146458,44.84620137257076,37.98607313307515,52.02198255679299,42.43713823216102,38.27751443286056,52.61776296471984,49.93582535855264,-2.53245844193567,-339.2903225806451,51.57505409554369,-14.083752759073645,-336.934588691893,49.935826304362166,-2.5324585462699805,-339.29032386139943,28.074399669828416,1.1147045939296487,-22.36930380828876,0.5880265845573713,-0.3936687497365632,-0.5905786009575709
6.13,0.03319180020464629,-0.0016182112988941677,-0.009963183450684476,-1.0000523809367452,0.37868513226117795,0.06388067948805871,0.004998640553902439,0.004189782850481267,0.0028226388095290546,44.84620137257076,37.98607313307515,52.02198255679299,43.00192432556153,38.05720914491651,52.58896116960761,49.93582535855264,-2.53245844193567,-339.2903225806451,52.11231765707215,-11.391006255302438,-337.3072012667798,49.935826304362166,-2.5324585462699805,-339.29032386139943,16.476505504378142,7.351994675581626,-19.85779168175662,-0.15305207884809427,0.08042061881017853,-0.4543140306154449
6.14,0.023072918416059518,0.002039472369252171,-0.009135205422092452,-1.0171885058003998,0.3535291071118958,0.09714456545495281,0.004998640553902439,0.004048650711908756,0.002908009599001897,44.84620137257076,37.98607313307515,52.02198255679299,43.58250859770677,37.84914637121802,52.53965905208245,49.93582535855264,-2.53245844193567,-339.2903225806451,52.52175164974891,-8.592171072514594,-337.68718078794393,49.935826304362166,-2.5324585462699805,-339.29032386139943,5.260066617157827,12.795630049723934,-16.56686335035083,-0.3474191139542197,0.1671955873342371,-0.38917682662731934
6.15,0.012938907397248456,0.005373094175475379,-0.008017543827735119,-1.0062780142751877,0.31415608762500835,0.12250757959679236,0.004961765706347966,0.003130821294238943,0.0030583928285537318,44.84620137257076,37.98607313307515,52.02198255679299,44.162366354355534,37.66050541417016,52.47421512907336,49.93582535855264,-2.53245844193567,-339.2903225806451,52.79982404698127,-5.774697858854865,-338.06532559108746,49.935826304362166,-2.5324585462699805,-339.29032386139943,-5.825348843317655,20.933982745942703,-13.331495298250347,-0.5320043199793056,0.2989037589174397,-0.32807536921325625
6.16,0.038645754479059824,0.0010181264800426248,-0.013682657098355921,-0.9696275866978641,0.2536156199271454,0.14031406518205183,0.004998640553902439,0.004160065670978441,0.002631075458197703,46.88527042613676,37.574549160068045,51.621303701382125,44.72729201753468,37.50158032400341,52.3967347890351,49.42341621640558,7.571388875228753,-340.6290322580645,52.93263005107576,-3.023911952519148,-338.4439681129368,49.423417132242925,7.571388962524761,-340.62903353081157,23.238621220358347,8.427528211006983,-27.614053858230704,0.49863191776637844,-0.2319268087150354,-0.7864668906130222
6.17,0.028672012240509193,0.0034611665270343206,-0.011977161434435502,-1.009428533093846,0.23212366717107388,0.1906855594189026,0.004998640553902439,0.003629825517036841,0.002683388679622048,46.88527042613676,37.574549160068045,51.621303701382125,45.30041212925169,37.36311652738426,52.29639266695447,49.42341621640558,7.571388875228753,-340.6290322580645,52.906127043575026,-0.203933429837018,-338.83156527394334,49.423417132242925,7.571388962524761,-340.62903353081157,11.591629943154004,12.827344757887865,-21.65266998120784,-0.23790905327579348,0.1329556873504464,-0.4469862358025723
6.18,0.018537854068064297,0.0055926890136125396,-0.009877294281302795,-1.0124367557199097,0.19581576187305688,0.2235621138368577,0.0049845473720171,0.0029965720375217603,0.0028196351603846327,46.88527042613676,37.574549160068045,51.621303701382125,45.88106783297912,37.24313873152069,52.174280015593936,49.42341621640558,7.571388875228753,-340.6290322580645,52.73180288803729,2.6848195776161723,-339.2219876912111,49.423417132242925,7.571388962524761,-340.62903353081157,0.2783144330680381,17.991854566896414,-15.294037334524184,-0.4297460569323307,0.21124329734353745,-0.3300326003709195
6.19,0.008524243615570137,0.007295366806277848,-0.007529267138689177,-0.9884265010262145,0.14775477343382185,0.2418996624113673,0.004949429440912734,0.0025682632053991477,0.0031090635909278366,46.88527042613676,37.574549160068045,51.621303701382125,46.45328264749872,37.148396057029174,52.03877608837715,49.42341621640558,7.571388875228753,-340.6290322580645,52.42390553558264,5.545034126132008,-339.6114445026546,49.423417132242925,7.571388962524761,-340.62903353081157,-10.47350763822104,22.704105199078636,-8.858557482550907,-0.6042694507284635,0.27645283459027026,-0.21668454432269524
6.2,0.03250997046498627,0.007386750275181764,-0.01620133993619788,-0.9392153861150838,0.09162714809315371,0.24863198685021623,0.004998640553902439,0.00259126197545011,0.002598800388976117,48.811590294537304,37.51257911052519,50.98321721977464,47.003318548476045,37.08432728917014,51.896621804161754,46.887606607354066,17.365262642240893,-341.9677419354839,51.99450771941168,8.2926935872776,-339.99934847989005,46.887607456462455,17.365262925774793,-341.96774319886697,16.984968194193886,21.069386456239275,-31.739024200852068,0.3786472214306999,0.1723397471164465,-0.9824812097811852
6.21,0.022927375570255037,0.008045096533517926,-0.013372419985955397,-0.9636915651650526,0.04403886906339271,0.30410687348789867,0.004998640553902439,0.0025129500348552054,0.0026353964690081404,48.811590294537304,37.51257911052519,50.98321721977464,47.553175084133,37.04938080757945,51.73174885689894,46.887606607354066,17.365262642240893,-341.9677419354839,51.38508163766026,11.059637436972714,-340.3992437209108,46.887607456462455,17.365262925774793,-341.96774319886697,6.068610763159876,21.295191189679926,-22.454154515131826,-0.31710691004524116,0.21837272448022926,-0.4260287394941763
6.22,0.013323266080166651,0.00822707367269937,-0.010146861311236877,-0.9538424889009377,-0.002321710783051275,0.33456691983124803,0.004962548054852065,0.0025590341949759867,0.0027881828865766118,48.811590294537304,37.51257911052519,50.98321721977464,48.10273791572397,37.04158585414734,51.545310162684444,46.887606607354066,17.365262642240893,-341.9677419354839,50.607507067735284,13.846112907518782,-340.8060752740583,46.887607456462455,17.365262925774793,-341.96774319886697,-4.150568964750528,19.501666725656705,-12.428727467086395,-0.4866438911327122,0.17324424315410672,-0.2472867516925684
6.23,0.003955452821104655,0.007974434535423125,-0.006727102633910076,-0.9192985218144359,-0.04298504558241227,0.34533646103007054,0.004869070363186509,0.0027019742190702006,0.0030547711342299626,48.811590294537304,37.51257911052519,50.98321721977464,48.63736003742718,37.058350384654894,51.34885323524427,46.887606607354066,17.365262642240893,-341.9677419354839,49.7173177311345,16.566220771278047,-341.20662482058344,46.887607456462455,17.365262925774793,-341.96774319886697,-13.723373700757293,16.564151519246305,-2.988454382417986,-0.6384027083866092,0.11188234325332341,-0.0879578125125649
6.24,0.025740356565355338,0.012769723565681512,-0.01808345667288125,-0.8590243817910489,-0.07599778669328468,0.34111385001032973,0.004998640553902439,0.002195505484113391,0.002591049843203139,50.56900932762391,37.82274289595741,50.13538286953044,49.14393431276781,37.09605141563812,51.15123262239266,42.432212874737544,26.448200516348123,-343.3064516129032,48.762517511921196,19.14709088854292,-341.5896663536794,42.432213625372675,26.448200991521468,-343.3064528638503,11.20388928704608,32.01029313058138,-34.461185195147536,0.2900622205898957,0.6067400822467485,-1.1497022015822338
6.25,0.017029910101135526,0.011622159671018206,-0.014305444007569501,-0.8712434884878212,-0.14069833109287952,0.3992467058813556,0.004976246708304237,0.0024573393950840018,0.00261656602263996,50.56900932762391,37.82274289595741,50.13538286953044,49.64313777910228,37.16519291537199,50.93192923150309,42.432212874737544,26.448200516348123,-343.3064516129032,47.630408357056346,21.7056454921844,-341.9811870632372,42.432213625372675,26.448200991521468,-343.3064528638503,1.876941016335866,23.483448090427597,-21.554444446279263,-0.3602674405994842,0.19596555980515512,-0.3812761537875075
6.26,0.008401910743840557,0.009968190104042263,-0.010143593712236498,-0.8524915763513828,-0.1828891744567787,0.4262570791975856,0.004948646106668299,0.0028020967143574495,0.002781790857684735,50.56900932762391,37.82274289595741,50.13538286953044,50.13628222035438,37.262272935127655,50.692069135171906,42.432212874737544,26.448200516348123,-343.3064516129032,46.337140866633206,24.24987804113163,-342.37482616375837,42.432213625372675,26.448200991521468,-343.3064528638503,-7.094716907837336,15.592580440558088,-8.529044748279587,-0.5066225746894429,0.051841636067357005,-0.15340468680110464
6.27,8.208618923566391e-05,0.007985937224030182,-0.005844948441856235,-0.8119789609170778,-0.20855527567401322,0.4297535628586267,0.004622454013437362,0.0032579891021537874,0.003037527890880418,50.56900932762391,37.82274289595741,50.13538286953044,50.61052596640124,37.37723468889439,50.44569077871168,42.432212874737544,26.448200516348123,-343.3064516129032,44.96989008231313,26.706793094190633,-342.75138072457116,42.432213625372675,26.448200991521468,-343.3064528638503,-16.089493318903,9.087624416352755,2.9347314670362032,-0.6493438956566708,-0.06293639498828779,0.03913501680021907
6.28,0.019307656856244138,0.017793775281344737,-0.01941343025025266,-0.7393255573331339,-0.2214481886465005,0.41686224694429985,0.004928192288381702,0.0028744093821222606,0.0025887986289788263,52.11539051549147,38.50875402411578,49.115233355299694,51.052006255684745,37.50258774002691,50.202887728027605,36.23963936145603,34.4483459537843,-344.64516129032256,43.59271342574451,29.002580783268666,-343.09723553177787,36.23963998806592,34.44834660574332,-344.6451625250505,7.862785412454068,30.369729901397484,-34.542640945300015,0.3105594810060463,0.6268379631342552,-1.225151401610358
6.29,0.011830387976732637,0.015200728141782194,-0.014868372880872838,-0.745065624606949,-0.2836827865065455,0.4754419814436196,0.0048833841831839335,0.002969588541631852,0.0026085838913196885,52.11539051549147,38.50875402411578,49.115233355299694,51.480171019138574,37.654340148795804,49.939682325396134,36.23963936145603,34.4483459537843,-344.64516129032256,42.06372430092402,31.24829871774958,-343.4388050728259,36.23963998806592,34.44834660574332,-344.6451625250505,-0.7524541111382216,21.979115442750846,-19.8701146295914,-0.3687704257337361,0.1314794917990097,-0.3300877404268137
6.3,0.0044863058795967525,0.01213785998424155,-0.009964892592682517,-0.7228196564123391,-0.3217842956557593,0.498227221271965,0.004862949716474182,0.0032279487220985203,0.0027906074436900236,52.11539051549147,38.50875402411578,49.115233355299694,51.89957206765094,37.83189875263276,49.65759181299977,36.23963936145603,34.4483459537843,-344.64516129032256,40.39046541033791,33.45964636724908,-343.7775740017129,36.23963998806592,34.44834660574332,-344.6451625250505,-8.898916679571744,13.165269699258255,-5.153368951599754,-0.5000783774702657,-0.02830826605687314,-0.0749363477034614
6.31,-0.002531123351001585,0.008800368719595109,-0.004982949009448512,-0.6814193405898188,-0.34093206717726,0.4948406793751941,0.004257648402235206,0.003718840997171213,0.0034743814750769235,52.11539051549147,38.50875402411578,49.115233355299694,52.29914637513799,38.02412202009073,49.37246334915034,36.23963936145603,34.4483459537843,-344.64516129032256,38.66869457935528,35.56833377812338,-344.0996483686601,36.23963998806592,34.44834660574332,-344.6451625250505,-17.75852057158822,5.6059150511243905,7.3306579577043545,-0.6420657905543629,-0.15829874086161932,0.1299776425097038
6.32,0.013834259162535556,0.023619055862526994,-0.0201003370160584,-0.6077596853030858,-0.34526595405923566,0.4751525875741651,0.00458695047024725,0.0040123742296199385,0.0025881444618605694,53.42207379697339,39.55508283421945,47.971178704757435,52.66468478281961,38.22221405151718,49.09482595433711,28.56341075473969,41.03817206036376,-345.98387096774195,36.9671238358539,37.499810159942726,-344.39362046870366,28.563411238438306,41.0381728639837,-345.98387218308335,5.868096471511203,27.224822633295858,-33.69260351912608,0.2797573267374386,0.555056861777324,-1.2393698621918288
6.33,0.007699517567729353,0.019826834408169236,-0.014977870517952074,-0.609668988748336,-0.40059196082091725,0.5318713003597304,0.004754919131680623,0.004046231792202271,0.002606917519899922,53.42207379697339,39.55508283421945,47.971178704757435,53.015770504462246,38.4422867821695,48.79869093481121,28.56341075473969,41.03817206036376,-345.98387096774195,35.13712287273023,39.37099767385818,-344.6771377806757,28.563411238438306,41.0381728639837,-345.98387218308335,-2.349038756208698,19.576429166419537,-17.740728795105554,-0.3576937391282372,0.0630094709727479,-0.2777993742340418
6.34,0.0017108291839249556,0.015607741236340011,-0.009536028034903277,-0.5876642573326563,-0.43712886999823064,0.5495943828903213,0.004724323804533361,0.0038384613051764827,0.0028234478671154885,53.42207379697339,39.55508283421945,47.971178704757435,53.35754548259129,38.68603022888794,48.48605715934131,28.56341075473969,41.03817206036376,-345.98387096774195,33.180259955043375,41.19534320508423,-344.9561130336449,28.563411238438306,41.0381728639837,-345.98387218308335,-9.909267024536819,12.74020494465794,-2.2899311233112063,-0.479120165135559,-0.06531232174572109,-0.011796152632051835
6.35,-0.003968231450413362,0.011112887311929831,-0.004074887306725561,-0.5488546833038898,-0.4568993746832829,0.5400160546494637,0.003966260945094366,0.004038095107487106,0.0037511585379873128,53.42207379697339,39.55508283421945,47.971178704757435,53.68059316500826,38.944596992609746,48.17382409634653,28.56341075473969,41.03817206036376,-345.98387096774195,31.18709867073888,42.9056356656117,-345.2270686053881,28.563411238438306,41.0381728639837,-345.98387218308335,-18.329191050380135,5.205818885002265,10.14216102471917,-0.6144960010025083,-0.1972441115211982,0.18980273529398314
6.36,0.009219356080079844,0.03046780806705207,-0.019898443222399864,-0.4811956444627837,-0.4598903806219615,0.5146622340579587,0.004306296090211154,0.0044560117988964405,0.002588276109051337,54.471923508974236,40.927471297987296,46.76253585928209,53.971615970099364,39.20886069366188,47.872367904134116,19.717792755666053,45.94789058101148,-347.3225806451613,29.22533376844659,44.43267085798162,-345.4820604874063,19.717793083910134,45.947891501951155,-347.32258183972357,3.163009416820201,30.10989612474191,-32.24297480163862,0.2091159729040764,0.6312257116622352,-1.22240584725509
6.37,0.004374398020229098,0.025481553499577148,-0.014406245047189237,-0.4801018590872683,-0.5225392784805406,0.5664113329975644,0.004670839368264919,0.004640907461654972,0.0026131767322507583,54.471923508974236,40.927471297987296,46.76253585928209,54.248712132081415,39.49768699703723,47.555351418038896,19.717792755666053,45.94789058101148,-347.3225806451613,27.137771672005154,45.882184583220926,-345.73479348582754,19.717793083910134,45.947891501951155,-347.32258183972357,-3.9703571827776813,20.658480761059742,-15.286598879134424,-0.34780203572222484,0.04428759749628725,-0.2255034294233985
6.38,-0.00032404745666869683,0.020036606590746464,-0.008653576692683185,-0.4595075634199134,-0.5596578708312707,0.5777281627487286,0.004539455396515956,0.004655362392875354,0.002913317856676899,54.471923508974236,40.927471297987296,46.76253585928209,54.51665821805518,39.811682376360274,47.22527908290753,19.717792755666053,45.94789058101148,-347.3225806451613,24.93063416305879,47.267252399515044,-345.9890928212556,19.717793083910134,45.947891501951155,-347.32258183972357,-10.56045984492189,12.402381240302908,0.7201836438008502,-0.4541146320374664,-0.10334212364990662,0.04642837633985829
6.39,-0.004740408343060554,0.014315585325612834,-0.00294423221747675,-0.42448228944042177,-0.5797240054353988,0.5624928277260149,0.0036695615774366636,0.004490845534176551,0.003973106369073349,54.471923508974236,40.927471297987296,46.76253585928209,54.7675807472455,40.14052423352662,46.89913803333615,19.717792755666053,45.94789058101148,-347.3225806451613,22.69752610842032,48.531270495247774,-346.24356790904267,19.717793083910134,45.947891501951155,-347.32258183972357,-18.380692488955845,5.4379938485511135,12.262964029999061,-0.5838843610000547,-0.22615071235321582,0.23191319328008106
6.4,0.005026880728734806,0.03723684754275203,-0.018501873180612582,-0.36574689214271267,-0.582246315231935,0.5322442581721875,0.004386296364124219,0.004773462517465862,0.002589934073361962,55.25676388570875,42.57453388359117,45.55772680158112,54.98994516937177,40.475173582987324,46.58659949117751,10.064926004433007,48.97649706262472,-348.6612903225806,20.501747104799335,49.6153304493866,-346.4932283753943,10.06492617005744,48.976498059205156,-348.6612914972962,-0.28106571320260426,32.66369924227022,-28.446718609562552,0.09640808681569012,0.6850205276443542,-1.1299800336874117
6.41,0.0013676765695135318,0.030986477770290732,-0.012885339013409491,-0.3606984565707911,-0.6513752212809429,0.5748347553855943,0.004590263512845445,0.0048789409218881665,0.0026416187236583534,55.25676388570875,42.57453388359117,45.55772680158112,55.19898006846279,40.83674769596747,46.26296910644099,10.064926004433007,48.97649706262472,-348.6612903225806,18.186129948343563,50.60284754123615,-346.749114042563,10.06492617005744,48.976498059205156,-348.6612914972962,-6.005443668139525,22.47326630888639,-11.461481835686715,-0.34832151169642916,0.03908179836873237,-0.1584079145070469
6.42,-0.002137288754729405,0.024233802131219284,-0.007095771086754299,-0.3405338636994474,-0.6915183355271068,0.5778031432273016,0.004285579921881619,0.004920846691907625,0.0030906641644336316,55.25676388570875,42.57453388359117,45.55772680158112,55.398581982163044,41.22582196630074,45.93124934485349,10.064926004433007,48.97649706262472,-348.6612903225806,15.75806745459524,51.502169984910985,-347.01501069116085,10.06492617005744,48.976498059205156,-348.6612914972962,-11.591888707996409,13.120251335680495,3.931967569384967,-0.4376433047364596,-0.1291880043217521,0.0989403523986414
6.43,-0.005375963980545073,0.01719764771672938,-0.0014165722407856185,-0.3077418744696787,-0.7104933860665735,0.5575321001472304,0.003131056206355536,0.004860137874391584,0.004214552159514212,55.25676388570875,42.57453388359117,45.55772680158112,55.58214481059829,41.62993570708327,45.60710645573425,10.064926004433007,48.97649706262472,-348.6612903225806,13.311657800184406,52.270995533350245,-347.2882516040235,10.06492617005744,48.976498059205156,-348.6612914972962,-19.42885555432531,5.312617260919761,14.274711540965107,-0.5750149821129732,-0.2635857008021877,0.2653830867181863
6.44,0.0008656996001609185,0.04247708782822368,-0.01568964241275639,-0.25749113204029156,-0.7097696754856301,0.5225454870139631,0.0045006292047437765,0.0049360900888378405,0.0026008463162992034,55.77492628799408,44.430711048655304,44.43071104865531,55.740212226954505,42.03846268959928,45.29912834027625,4.898587196589413e-14,50.0,-350.0,10.910218767524398,52.866601515120195,-347.5626762402606,-4.947913506307222e-15,50.00000102555436,-350.0000011578493,-4.310140535204902,33.87888047879027,-21.836712934648457,-0.03523693739226593,0.703882015716076,-0.9619368418051935
6.45,-0.001672471671956166,0.0349338903999894,-0.010250951635561556,-0.2469548349318952,-0.7812451398682506,0.5512273545161934,0.004328474786133239,0.004978029131608107,0.002764330367958071,55.77492628799408,44.430711048655304,44.43071104865531,55.884796940486154,42.4741971869898,44.98643584554738,4.898587196589413e-14,50.0,-350.0,8.40519843294069,53.34395108033479,-347.8496018237578,-4.947913506307222e-15,50.00000102555436,-350.0000011578493,-8.83876432011878,22.987719095326053,-5.664381431908297,-0.36424983534001304,0.011708640636087782,-0.06803091976656678
6.46,-0.004027730105063965,0.02688622741035651,-0.004755930890581572,-0.22486602607044134,-0.8202491385309474,0.5444227137605933,0.003914943209229743,0.004991976996985183,0.003565406700307361,55.77492628799408,44.430711048655304,44.43071104865531,56.01842733434737,42.937385794783815,44.672116146620496,4.898587196589413e-14,50.0,-350.0,5.8045946183555746,53.705843044234,-348.1521184317066,-4.947913506307222e-15,50.00000102555436,-350.0000011578493,-13.10412053786647,12.926407106470768,7.180186633863383,-0.42967738326415894,-0.1678836165799785,0.1391790471481365
6.47,-0.006102710209007434,0.01858370335536652,0.0005657619391540303,-0.19045713725125493,-0.8349102545466724,0.5201474025211105,0.0028418008680961707,0.004980591939750692,0.004325801824966588,55.77492628799408,44.430711048655304,44.43071104865531,56.135252204353506,43.41379137054426,44.368674735535805,4.898587196589413e-14,50.0,-350.0,3.196305505586486,53.925531657380674,-348.46386049477695,-4.947913506307222e-15,50.00000102555436,-350.0000011578493,-19.549391184400267,4.102689526966492,16.081633165413724,-0.5295190135902567,-0.3206907813425391,0.28307796436451693
