Time,e1,e2,e3,edot1,edot2,edot3,mu1,mu2,mu3,SetAngle1,SetAngle2,SetAngle3,ActualAngle1,ActualAngle2,ActualAngle3,X0,Y0,Z0,Actual_X,Actual_Y,Actual_Z,X_Set,Y_Set,Z_Set,refCurr1,refCurr2,refCurr3,ActualCurr1,ActualCurr2,ActualCurr3
0.0,0.0,0.0,0.0,0.0,0.0,0.0,0.003435031471309918,0.003435031471309918,0.003435031471309918,-0.005686595269523741,-0.005686595269523741,-0.005686595269523741,-0.004909519518594475,-0.004909519518594474,-0.004909519518594474,0.0,0.0,-184.0,0.0,-1.2574596653209127e-18,-184.002375716508,0.0,-1.433179351732963e-14,-184.0000024755281,-0.2174888837468515,-0.21748888374685163,-0.21748888374685163,-0.006561687849937975,-0.00656168784993798,-0.00656168784993798
0.01,-0.0007208541657338545,-0.000720854165733855,-0.000720854165733855,-0.1287142545480793,-0.12871425454807936,-0.12871425454807936,0.003406772202953325,0.003406772202953325,0.003406772202953325,-0.005686595269523741,-0.005686595269523741,-0.005686595269523741,0.043676493277875955,0.043676493277875976,0.043676493277875976,0.0,0.0,-184.0,0.0,-1.4392204526146615e-14,-184.1508194034257,0.0,-1.433179351732963e-14,-184.0000024755281,-3.307929449175826,-3.307929449175827,-3.3079294491758273,-0.09801443402282585,-0.09801443402282588,-0.09801443402282588
0.02,-0.0026373793586026723,-0.002637379358602673,-0.002637379358602673,-0.24037648164937425,-0.2403764816493743,-0.24037648164937436,0.0032895338919929924,0.0032895338919929924,0.0032895338919929924,-0.005686595269523741,-0.005686595269523741,-0.005686595269523741,0.15977636050887412,0.15977636050887417,0.15977636050887417,0.0,0.0,-184.0,0.0,-1.4493247102228588e-14,-184.5060046321002,0.0,-1.433179351732963e-14,-184.0000024755281,-7.65658430670028,-7.656584306700282,-7.656584306700282,-0.20589720546329904,-0.20589720546329912,-0.20589720546329912
0.03,-0.005564693409623503,-0.005564693409623505,-0.005564693409623504,-0.332561750166521,-0.332561750166521,-0.332561750166521,0.003225711728556133,0.003225711728556133,0.003225711728556133,-0.005686595269523741,-0.005686595269523741,-0.005686595269523741,0.33266450693696975,0.3326645069369699,0.33266450693696986,0.0,0.0,-184.0,-1.4017655103646122e-16,-7.408814536865141e-15,-185.03614315305842,0.0,-1.433179351732963e-14,-184.0000024755281,-12.951903760154147,-12.951903760154153,-12.951903760154154,-0.3240636185500755,-0.32406361855007554,-0.32406361855007565
0.04,-0.001965432554502638,-0.012914803520874844,-0.01291480352087484,-0.40248899787325,-0.40248899787325026,-0.4024889978732501,0.0033211432224152307,0.0026475328205667484,0.0026475328205667484,0.4142868312709749,-0.21306591342523187,-0.21306591342523187,0.5505143174723535,0.5500963337528884,0.550096333752888,0.0,1.3888888888888888,-184.0,-5.627175708023201e-16,0.000933706948318252,-185.70536449999804,0.0,1.388888929631816,-184.00000247525816,-8.280894936214716,-28.299940014619615,-28.299940014619608,-0.11098453946435202,-0.7149635686234993,-0.7149635686234992
0.05,-0.006404833350249026,-0.01708796655344445,-0.017087905866620335,-0.4728421046263501,-0.42638768491909895,-0.4263681492252091,0.0032052246768034106,0.0024754075929381337,0.0024754057055646917,0.4142868312709749,-0.21306591342523187,-0.21306591342523187,0.808664538867894,0.7905022014720493,0.7904972507690795,0.0,1.3888888888888888,-184.0,-9.615405533407297e-06,0.040738020137656095,-186.46577619202878,0.0,1.388888929631816,-184.00000247525816,-14.994824813096125,-37.1660019359065,-37.16375077639978,-0.4032363264940725,-0.7621223602122978,-0.7620724624244184
0.06,-0.011391421956796167,-0.021395920882054494,-0.021395101207518002,-0.515461302867023,-0.4326211611949321,-0.4324762198474041,0.0027672600444713447,0.0026860017582098646,0.0026859442509397113,0.4142868312709749,-0.21306591342523187,-0.21306591342523187,1.0966508962754729,1.037621923267584,1.0375654053148,0.0,1.3888888888888888,-184.0,-0.0001102318170769236,0.13300271492911322,-187.27380988941232,0.0,1.388888929631816,-184.00000247525816,-25.62905079974768,-40.45562194822903,-40.44469201662585,-0.6019376090088048,-0.8171159050370913,-0.8168732364361012
0.07,-0.016639740139823847,-0.025717648837151642,-0.025713841827593776,-0.5280678507900985,-0.4310413884796392,-0.43058482599205744,0.002462438032107558,0.0030167074589602105,0.0030163058937561025,0.4142868312709749,-0.21306591342523187,-0.21306591342523187,1.3979114863714506,1.2851172435277713,1.2848704916398823,0.0,1.3888888888888888,-184.0,-0.00048331740708383434,0.25538796969775585,-188.09945368113034,0.0,1.388888929631816,-184.00000247525816,-37.972351957444765,-41.30805508205879,-41.28267136712831,-0.8152654339167307,-0.8323326139520562,-0.8317452603368393
0.08,-0.014496337761462138,-0.033552201975836506,-0.0335411668227207,-0.5206177059721261,-0.4236663233397874,-0.422698569572973,0.002553256698814245,0.0031969091144470906,0.0031967748610542395,0.8377436556922286,-0.4169842784555035,-0.4169842784555035,1.6982810570826257,1.5295168437104973,1.5288256145898143,0.0,2.7777777777777777,-184.0,-0.0013596497274869289,0.3840984574496019,-188.92070583417978,0.0,2.7777778591786118,-184.00000247444999,-32.34098360466296,-48.8283757161753,-48.76952764487999,-0.5801012611858537,-1.0289741245224377,-1.0276520865441583
0.09,-0.019709029513498684,-0.03763729271490836,-0.03761292663356476,-0.517706188907807,-0.39501981954431514,-0.39335855958697147,0.002581321399558035,0.0032007452624526317,0.00320117463414537,0.8377436556922286,-0.4169842784555035,-0.4169842784555035,1.9965807919777667,1.7619138457556494,1.7604179715031656,0.0,2.7777777777777777,-184.0,-0.002954405860389585,0.5368856056727945,-189.71738288007487,0.0,2.7777778591786118,-184.00000247444999,-39.92062157537241,-53.011324886290296,-52.895255569896136,-0.8379766708989197,-1.027742479456085,-1.0252120103264724
0.1,-0.024809141034554727,-0.04137377823075508,-0.04132858869642536,-0.5030221196300569,-0.3535770221220274,-0.3511412192907581,0.0029580649056885613,0.0030190043917842973,0.003024545738781877,0.8377436556922286,-0.4169842784555035,-0.4169842784555035,2.287927160497341,1.9735241959461505,1.970790814174771,0.0,2.7777777777777777,-184.0,-0.005419130010872892,0.7229013707697518,-190.46537283576865,0.0,2.7777778591786118,-184.00000247444999,-40.81485003494284,-60.26526266049724,-59.96680479293682,-0.8461149499041006,-1.146037984905506,-1.1400312376516184
0.11,-0.029737306061888874,-0.04459967321659288,-0.04452555448128659,-0.483387212753675,-0.29475701720842423,-0.29148503548927984,0.003220821538705903,0.0028313984716256523,0.0028404695584802646,0.8377436556922286,-0.4169842784555035,-0.4169842784555035,2.5691226772090654,2.154894036034912,2.1504546582494855,0.0,2.7777777777777777,-184.0,-0.008831564220337767,0.9566777690117655,-191.1405873607141,0.0,2.7777778591786118,-184.00000247444999,-42.62478913081608,-67.4927728509581,-66.98115908198767,-0.8772732013030194,-1.2510488063786633,-1.2413392509225385
0.12,-0.026960738885118636,-0.05063955243422465,-0.05052482833808511,-0.4520105872110442,-0.21749977783372365,-0.21272809465484355,0.00309996094681863,0.002428911976830376,0.0024270785111473844,1.264637646746067,-0.6174374392463308,-0.6174374392463308,2.8351983552080426,2.2957041245064,2.288846403369086,0.0,4.166666666666666,-184.0,-0.013682104138579097,1.2508739156464042,-191.7147004724671,0.0,4.166666788627427,-184.00000247310643,-38.424408866106425,-86.9282891295269,-86.53451698041584,-0.6789030592782486,-1.7011805410799619,-1.6935139454791015
0.13,-0.03134830201400947,-0.05216272692900083,-0.051990379237559226,-0.42582688173347016,-0.09975823022478499,-0.09324113543939222,0.0032011184142102,0.0023163799739914026,0.0023213364827032435,1.264637646746067,-0.6174374392463308,-0.6174374392463308,3.0849772073456445,2.376317437158624,2.366059784958572,0.0,4.166666666666666,-184.0,-0.020509444275235645,1.6481435165377234,-192.14307549953583,0.0,4.166666788627427,-184.00000247310643,-41.916554938865744,-90.71127461320515,-89.81080638842954,-0.8541367610974029,-1.5875748992498098,-1.5699424490496245
0.14,-0.03541711383156188,-0.052534845788399814,-0.052287672035189844,-0.39033647108614755,0.012566638073248537,0.02089572525327013,0.0032019731285959155,0.002305612367322329,0.002312733452781269,1.264637646746067,-0.6174374392463308,-0.6174374392463308,3.3160303627545766,2.391257758966249,2.376606930148532,0.0,4.166666666666666,-184.0,-0.029332197729806164,2.1551852222427716,-192.4098977996457,0.0,4.166666788627427,-184.00000247310643,-46.66054680630007,-88.76444811668726,-87.52224956499506,-0.9252336104812204,-1.5220298095411582,-1.4979814460929322
0.15,-0.039098542016252416,-0.05184799129570265,-0.0515057313834774,-0.3492162780154398,0.11225360998240065,0.12278907023766245,0.003173660758612931,0.0023254630072990635,0.0023355346283702397,1.264637646746067,-0.6174374392463308,-0.6174374392463308,3.5245700904732873,2.346282733773828,2.326055142820064,0.0,4.166666666666666,-184.0,-0.040519581765031905,2.7494592925984644,-192.52200843347643,0.0,4.166666788627427,-184.00000247310643,-51.54143557957085,-84.12981060676177,-82.49008214257881,-1.0010862444114832,-1.4151175220406325,-1.3835451764414028
0.16,-0.03481771017655651,-0.053700573224048365,-0.05324109848269957,-0.29993510687013347,0.19291149111124514,0.20555237493902376,0.0032297849248260164,0.0023161386785996293,0.0023411439346118336,1.6949213999856334,-0.8144214223418295,-0.8144214223418295,3.706992591338313,2.2507412267273543,2.2236817299590355,0.0,5.555555555555555,-184.0,-0.054197256701149575,3.4001291339625865,-192.49483035161543,0.0,5.555555717965612,-184.0000024712306,-43.964894360270826,-85.95936629360108,-83.3615693326644,-0.6624854792097936,-1.5521693356509745,-1.501730650846844
0.17,-0.03769597788544647,-0.051325790804643036,-0.05073027927920953,-0.2759953421943355,0.26782001577944914,0.2822367881600566,0.0032240189090071356,0.002475054066327027,0.002516186686300499,1.6949213999856334,-0.8144214223418295,-0.8144214223418295,3.8704014364472963,2.1106638246170535,2.0757068160162615,0.0,5.555555555555555,-184.0,-0.06996365563630136,4.108492532813014,-192.34829909210828,0.0,5.555555717965612,-184.0000024712306,-48.29857205857879,-74.54037771403067,-71.34916636681093,-0.9258948721752903,-1.2073364122152992,-1.148016354547619
0.18,-0.040300848738295675,-0.04838456515585917,-0.0476273228570315,-0.24664405919735496,0.312053243856578,0.33016892472294784,0.0030935164379042477,0.0025970472404295538,0.0026099577555202293,1.6949213999856334,-0.8144214223418295,-0.8144214223418295,4.017924654961146,1.939747093927116,1.8952972890782218,0.0,5.555555555555555,-184.0,-0.08885943070532368,4.8501409064454934,-192.11437611065125,0.0,5.555555717965612,-184.0000024712306,-54.21142368492146,-65.13723396570859,-62.586824961233155,-1.0235206126582415,-1.0419626895701535,-0.9917236417360638
0.19,-0.04256161421719719,-0.045126349739329635,-0.04416567460517559,-0.2077644426709889,0.3334316642096319,0.35545534875638124,0.002882662894789604,0.002758253266030886,0.002806138467274774,1.6949213999856334,-0.8144214223418295,-0.8144214223418295,4.145171124756572,1.75197808526064,1.6956536717318258,0.0,5.555555555555555,-184.0,-0.11243353096117636,5.583202283930015,-191.8182876917732,0.0,5.555555717965612,-184.0000024712306,-61.724925936077916,-55.750699502790425,-52.132084692335816,-1.1431655154898945,-0.8775042706073424,-0.8078210409813597
0.2,-0.03680902506556533,-0.0451651112203835,-0.04396485633322107,-0.15869911751624607,0.3307143222900539,0.3563418655490868,0.0031988132371499898,0.0027579683923336716,0.0028199638786787625,2.128546368772262,-1.0079325314075522,-1.0079325314075522,4.246785977298854,1.5607687778313386,1.4905177020922162,0.0,6.944444444444445,-184.0,-0.14000413445492155,6.264189005231755,-191.4848573190576,0.0,6.944444647180646,-184.00000246882576,-46.80457702016068,-56.48081374495473,-52.086921834036524,-0.5837659555690409,-1.0292801809375602,-0.940747526820589
0.21,-0.03837458396612676,-0.04185477700836698,-0.04038296659497886,-0.15162391927951635,0.3265070109716621,0.3550412698891463,0.0031377764249330264,0.0030080087408923127,0.0030884341636720145,2.128546368772262,-1.0079325314075522,-1.0079325314075522,4.335865404708255,1.3715655296397387,1.2855819128704533,0.0,6.944444444444445,-184.0,-0.17106869414570555,6.911149527892444,-191.13971837311476,0.0,6.944444647180646,-184.00000246882576,-50.507041644774134,-47.15228758928651,-42.51007674378879,-0.9358692149393402,-0.7391615027163317,-0.6516563671374019
0.22,-0.03981618524936053,-0.03871870161750526,-0.036938217685522856,-0.13730875568820458,0.3006232052070342,0.33396523058779903,0.003054623452423518,0.0032296171025286676,0.0032187205814872407,2.128546368772262,-1.0079325314075522,-1.0079325314075522,4.417613320609298,1.1934501457178917,1.0894877300769157,0.0,6.944444444444445,-184.0,-0.20650441127396504,7.516682456053621,-190.80773485128196,0.0,6.944444647180646,-184.00000246882576,-54.14723621391833,-40.194240963787784,-36.694858018662224,-0.9954921618382648,-0.6369290070134083,-0.5665415463754623
0.23,-0.04108314200679388,-0.03590292387166124,-0.03375433659371849,-0.11707072423283256,0.265237511505774,0.30471007599440114,0.0029582574304049926,0.0032189527217304503,0.0032286388878867214,2.128546368772262,-1.0079325314075522,-1.0079325314075522,4.489009360537285,1.0341740701860291,0.9087762258145481,0.0,6.944444444444445,-184.0,-0.24871354340975466,8.058337009822761,-190.50208868107768,0.0,6.944444647180646,-184.00000246882576,-57.593928547988334,-37.470814910063076,-33.03438638697912,-1.0499857143267517,-0.6042479591901581,-0.5150186306272869
0.24,-0.0344891829871066,-0.036782386627257246,-0.03421084573242776,-0.09100180552343286,0.22560474389893226,0.2700824876650937,0.0032475178152663125,0.00320213971227914,0.0032211606379450165,2.5654628969160207,-1.1979673464295078,-1.1979673464295078,4.546971954099767,0.8967412203127666,0.7468307810994493,0.0,8.333333333333332,-184.0,-0.29693697881273995,8.52243952610253,-190.22734064707092,0.0,8.333333576260197,-184.00000246589542,-43.13816366466632,-40.11610630703415,-34.87715971339799,-0.5692758404451311,-0.7254844951089278,-0.6217045412733012
0.25,-0.03546464986488215,-0.03471208624306492,-0.03167318620707851,-0.10007414446915924,0.19086125518987213,0.23939781128178936,0.0032395780778545586,0.0032026266908564754,0.0032075617046705106,2.5654628969160207,-1.1979673464295078,-1.1979673464295078,4.603195715302352,0.7801652905860279,0.603245990441686,0.0,8.333333333333332,-184.0,-0.35004091732248593,8.93831826000324,-189.9933917000187,0.0,8.333333576260197,-184.00000246589542,-44.86750320484213,-38.18552719860974,-32.39701665813169,-0.8317091134136434,-0.64179623003919,-0.5272915005574903
0.26,-0.036481940922307415,-0.03301113738286523,-0.029466443789177843,-0.10246936672110916,0.15273273191847075,0.20491223976220685,0.003218096739615807,0.003224752659932115,0.003210283659213107,2.5654628969160207,-1.1979673464295078,-1.1979673464295078,4.661595872958789,0.6849063529092962,0.47880117380289344,0.0,8.333333333333332,-184.0,-0.40742044573102815,9.314188322154369,-189.80545026855594,0.0,8.333333576260197,-184.00000246589542,-46.70339240255356,-36.517389169482065,-30.21042577403145,-0.8655668187225282,-0.6264233636154767,-0.5018050672197195
0.27,-0.03749984440220694,-0.031702529665586794,-0.02761522862684579,-0.10055189945428346,0.1128390938506161,0.16897895647897196,0.0031849962245424183,0.0032506754338109045,0.003142253730558004,2.5654628969160207,-1.1979673464295078,-1.1979673464295078,4.719781464601595,0.612218794273023,0.3747914553879511,0.0,8.333333333333332,-184.0,-0.46902368931244226,9.642095052432786,-189.6642318634104,0.0,8.333333576260197,-184.00000246589542,-48.58801402778078,-35.31173084698547,-29.22754075668191,-0.8989765026436487,-0.6198228478977902,-0.49839144971710503
0.28,-0.03079086053491832,-0.03405007455494353,-0.029375770784501425,-0.09395372689552028,0.07302009404205992,0.1338853932328186,0.003252868238239206,0.0032530868250693545,0.003219304659761016,3.0056202528953464,-1.3845227226503565,-1.3845227226503565,4.775393029476088,0.5623612682784014,0.29106425696323446,0.0,9.722222222222221,-184.0,-0.5356907859461242,9.916769407766843,-189.5678262814537,0.0,9.722222505192178,-184.00000246244346,-38.58929158963713,-39.34838665854776,-31.61406319582822,-0.5718998843278172,-0.7615041751338057,-0.5880846619978494
0.29,-0.03182871836986563,-0.03348338826201368,-0.028196217066099143,-0.10954523991653305,0.042972377418038686,0.10478902625163626,0.0032514749808534946,0.003258759097952704,0.0031796683773261843,3.0056202528953464,-1.3845227226503565,-1.3845227226503565,4.835610773404941,0.5316430977140493,0.22516220948364268,0.0,9.722222222222221,-184.0,-0.6050249810001017,10.161885564988212,-189.51621952100916,0.0,9.722222505192178,-184.00000246244346,-40.28226126881006,-39.12578487888676,-31.046436932991192,-0.7642879643063754,-0.7088745846086533,-0.5508624030813284
0.3,-0.032976140417400004,-0.03321466617137014,-0.027303393694182127,-0.11824151756704522,0.014019610660251855,0.07688506169115356,0.0032436366930836845,0.003260758395508858,0.0031331329543458526,3.0056202528953464,-1.3845227226503565,-1.3845227226503565,4.901822777334162,0.5178928985083001,0.17559478305361412,0.0,9.722222222222221,-184.0,-0.6757173122898487,10.384839692313777,-189.50671363889037,0.0,9.722222505192178,-184.00000246244346,-42.0346215677429,-39.28965496984229,-30.871542385385055,-0.7981842045458241,-0.7221030225588453,-0.5575796481109888
0.31,-0.034183298253977853,-0.03322238397918529,-0.0266781065032027,-0.12202171457491925,-0.012454584638845047,0.05113215346492176,0.0032375570719411174,0.003260740085506517,0.0030947734275488656,3.0056202528953464,-1.3845227226503565,-1.3845227226503565,4.971177079850991,0.5198357958834533,0.14123059078200578,0.0,9.722222222222221,-184.0,-0.7475082363454073,10.58172553322259,-189.53409838032982,0.0,9.722222505192178,-184.00000246244346,-43.72771388558154,-39.77544812297906,-30.900041088059822,-0.8296410905435654,-0.7400121307327935,-0.5670021253232514
0.32,-0.027664755758556023,-0.036673695108228516,-0.02949236626515457,-0.12119664826389151,-0.03587667855309769,0.027806347232415343,0.00315324605806999,0.0032149039400215977,0.0032285857761392943,3.448966665596679,-1.5675957892444874,-1.5675957892444874,5.041160257679185,0.535732782108308,0.12067699832812964,0.0,11.11111111111111,-184.0,-0.8197292206661939,10.750155743394052,-189.59269340505426,0.0,11.111111433964691,-184.0000024584738,-36.03076293277988,-45.48150908186474,-33.58158007736503,-0.5780131443399333,-0.9108824120040265,-0.654025376362485
0.33,-0.028971138252287948,-0.037086006418447386,-0.029302820247791066,-0.1365431732138432,-0.04575207713086092,0.01170931750227201,0.0032063206342512964,0.00320132384590289,0.003222805176503506,3.448966665596679,-1.5675957892444874,-1.5675957892444874,5.116779957750642,0.5599481465942514,0.11074924023785036,0.0,11.11111111111111,-184.0,-0.8875498219014488,10.911414814727822,-189.67738240554988,0.0,11.111111433964691,-184.0000024584738,-37.369136648115074,-46.379049534338826,-33.62550512347149,-0.729153186030908,-0.8656074952388925,-0.627276147393763
0.34,-0.030392331889405655,-0.037586933135649814,-0.02926670511879145,-0.14597903662720887,-0.05314389930544507,-0.0026916414442947918,0.0032391574889236367,0.0031816108484053144,0.0032216830299229746,3.448966665596679,-1.5675957892444874,-1.5675957892444874,5.198721965667042,0.5890534864102609,0.10949275345943077,0.0,11.11111111111111,-184.0,-0.948052024381948,11.072973487865148,-189.78286302916467,0.0,11.111111433964691,-184.0000024584738,-38.940651340374714,-47.43328331345608,-33.760452860811675,-0.7604651583858589,-0.8877177656089767,-0.6352182885178387
0.35,-0.03187986332371802,-0.03814300825259631,-0.029362391695010176,-0.15017951622109482,-0.057094532039725365,-0.014847866123312316,0.003230671239708875,0.0031558586600767048,0.0032246419559348494,3.448966665596679,-1.5675957892444874,-1.5675957892444874,5.284159661658349,0.6211203956568632,0.11565840823416594,0.0,11.11111111111111,-184.0,-0.9998679688004245,11.231693395377649,-189.9030625718119,0.0,11.111111433964691,-184.0000024584738,-41.00383117326265,-48.58071607919903,-33.94552971120982,-0.7986845029025357,-0.9104110790295812,-0.6433377964632482
0.36,-0.025586983258435184,-0.04185364822143976,-0.03270134153585507,-0.14904265068411618,-0.05753425221902437,-0.024698482188650818,0.0030182181090343168,0.00289412713968892,0.003262372485837179,3.895449361510757,-1.7471839477341022,-1.7471839477341022,5.370145669162835,0.6539468874842044,0.1278410268585386,0.0,12.5,-184.0,-1.0413806153521956,11.384587878995267,-190.03132009550396,0.0,12.500000362566114,-184.0000024539906,-34.847918054684925,-58.60445357795658,-37.71805646204234,-0.588684123501324,-1.1990397205071341,-0.7582771953801575
0.37,-0.02714531971810237,-0.04229872315152187,-0.03293955869867537,-0.1600033320682395,-0.034772777335279746,-0.023437588042779057,0.003120042692912899,0.0028559740798063246,0.0032616129951517922,3.895449361510757,-1.7471839477341022,-1.7471839477341022,5.459975210898504,0.6782200084715692,0.14144888875144965,0.0,12.5,-184.0,-1.063160038143533,11.554402778809587,-190.15515570102713,0.0,12.500000362566114,-184.0000024539906,-35.88365759074762,-59.52536579651061,-37.91041877287658,-0.7169276016171828,-1.0932348913085714,-0.7159862113477604
0.38,-0.028783782740606653,-0.04252412441568358,-0.03316448867067543,-0.16645111298313744,-0.012516409080797276,-0.021542879487981115,0.0031929523475539502,0.0028365224325583157,0.003260822617864717,3.895449361510757,-1.7471839477341022,-1.7471839477341022,5.554200929742271,0.6898592485509006,0.15422116345724743,0.0,12.5,-184.0,-1.0615276698355989,11.749300288495805,-190.26793732027087,0.0,12.500000362566114,-184.0000024539906,-37.25564995847641,-59.73490279113382,-38.0897433175266,-0.7439600739036789,-1.0918746352626871,-0.7200185425079029
0.39,-0.030466054115056707,-0.042529528081444244,-0.03336440608883827,-0.16903210348361516,0.009037964542464045,-0.018575788624268123,0.003222659778451594,0.0028360523204012285,0.0032601431943873483,3.895449361510757,-1.7471839477341022,-1.7471839477341022,5.650710248383744,0.6889426385585421,0.16549997951566578,0.0,12.5,-184.0,-1.037888660448125,11.964951874931579,-190.36700200137128,0.0,12.500000362566114,-184.0000024539906,-39.1323058501393,-59.20429536924533,-38.22499951500557,-0.7791042226642471,-1.0782003627411603,-0.7229603399457978
0.4,-0.024301583769270996,-0.045403577407324903,-0.03660311555653913,-0.16678492198297215,0.02845705598739322,-0.014719081426620107,0.0029170374436635503,0.0026027658478664072,0.0032170061732992236,4.3450146033180586,-1.9232848701482805,-1.9232848701482805,5.747045619791361,0.6761695894611953,0.1746216986791336,0.0,13.88888888888889,-184.0,-0.9949064273448,12.195523486402184,-190.4500625073993,0.0,13.888889290984979,-184.00000244899834,-34.1653577114363,-68.88462776854531,-42.61520686517351,-0.6004329200757205,-1.3819305674690618,-0.854727565380709
0.41,-0.026017407965586145,-0.04488333007842839,-0.03665787414846013,-0.1745290669783972,0.06864574749318443,0.001201560066732028,0.0030484240463336445,0.0026407504062186116,0.003215377458235344,4.3450146033180586,-1.9232848701482805,-1.9232848701482805,5.845735779040873,0.6442130946288189,0.176905389035104,0.0,13.88888888888889,-184.0,-0.9272660584632447,12.459858041861947,-190.50580532341078,0.0,13.888889290984979,-184.00000244899834,-35.17231813681949,-66.05059557766084,-42.46117744204296,-0.7153000644712729,-1.1791372718897448,-0.7919766247316115
0.42,-0.027791531559089963,-0.044025506459015054,-0.036569281083224124,-0.17943694264605964,0.0983812914503171,0.014885176983551362,0.003147716801843733,0.00270862119383517,0.0032180003326958365,4.3450146033180586,-1.9232848701482805,-1.9232848701482805,5.9476538066427915,0.5934143226092892,0.17105461275255235,0.0,13.88888888888889,-184.0,-0.8382205611111311,12.760960932491873,-190.53372747799864,0.0,13.888889290984979,-184.00000244899834,-36.57122388707588,-62.272801918957995,-42.131255130102055,-0.7423227529781509,-1.1081442311060852,-0.7839596161558258
0.43,-0.029601361323252418,-0.04292444540038607,-0.03635329513964641,-0.1818177018520683,0.11815949841447365,0.026807596301862247,0.0032135498942934553,0.002801893786057234,0.0032239920984235846,4.3450146033180586,-1.9232848701482805,-1.9232848701482805,6.051469156003431,0.529253623255094,0.15800727842196308,0.0,13.88888888888889,-184.0,-0.7368301695267158,13.088698307291182,-190.53964231781225,0.0,13.888889290984979,-184.00000244899834,-38.34325497581337,-57.966196631822044,-41.63386480645995,-0.7750993324991494,-1.0316156904055718,-0.7736267551713508
0.44,-0.023516213680509587,-0.04469404311310813,-0.03904113495564798,-0.18037810045550826,0.12787455261189237,0.03683894452772304,0.002852518066316913,0.002655199233581499,0.0031057747789135963,4.7976077297920146,-2.0958964969277063,-2.0958964969277063,6.155409512678375,0.4572944297637295,0.13868490041451217,0.0,15.277777777777777,-184.0,-0.6323533876189761,13.431836702400963,-190.52912666997065,0.0,15.277778219210072,-184.00000244350161,-34.24294920177094,-63.822621394317025,-46.61482367367429,-0.6192830498343547,-1.2650781684942372,-0.9312409409989858
0.45,-0.025365206814461846,-0.04326933929245634,-0.03854120058123768,-0.1878193152895471,0.1509321028741645,0.0591074533890697,0.003000589318021389,0.002773188116739679,0.003134927707905429,4.7976077297920146,-2.0958964969277063,-2.0958964969277063,6.261723200545935,0.3745268694866253,0.10885933993053962,0.0,15.277777777777777,-184.0,-0.527217085541432,13.803331852494457,-190.49585953012453,0.0,15.277778219210072,-184.00000244350161,-35.38829583803003,-58.313632996732316,-45.21278011246717,-0.7289917396560123,-1.031291059896339,-0.8273923132596946
0.46,-0.0272740957406626,-0.041705185351135834,-0.03785684174261486,-0.1931286347001675,0.1590208779138313,0.0753321218133422,0.0031186123817889457,0.002910107655848349,0.0031696183620909886,4.7976077297920146,-2.0958964969277063,-2.0958964969277063,6.371388209756389,0.28451508577762474,0.06874686741882957,0.0,15.277777777777777,-184.0,-0.4281078113075443,14.201325508919703,-190.44481758907415,0.0,15.277778219210072,-184.00000244350161,-36.86855486557374,-53.00598105737064,-43.61462211336295,-0.7573980547258807,-0.9422157010290199,-0.7972653836417581
0.47,-0.029224868010423177,-0.04012429537689544,-0.037036521039859424,-0.19627097282883157,0.15584261887091191,0.08684567188498142,0.0032067763313005275,0.003032511638774027,0.00320306789810711,4.7976077297920146,-2.0958964969277063,-2.0958964969277063,6.483323624687134,0.1941749550788636,0.02111163659082791,0.0,15.277777777777777,-184.0,-0.3432974516605751,14.612847746231854,-190.38591480360563,0.0,15.277778219210072,-184.00000244350161,-38.62072391787056,-48.63590183081938,-41.93771072408993,-0.7901150251696591,-0.8724247567183252,-0.7672596017702734
0.48,-0.023236312077178634,-0.04157588523310006,-0.03907559913050278,-0.19545809424725322,0.14419228886801583,0.09434358877113934,0.0028295575933048283,0.0029175681931497195,0.0031036244900281094,5.253173196945098,-2.2650170345774976,-2.2650170345774976,6.595803247080637,0.10875113840118598,-0.031728701115898275,0.0,16.666666666666664,-184.0,-0.27859856468597666,15.025739479442974,-190.32620799062983,0.0,16.66666714723052,-184.00000243750526,-34.96087940375654,-52.969585074803604,-45.88602012038578,-0.6461327417358148,-1.0540565195048004,-0.9077502734739633
0.49,-0.025237171774906864,-0.04012585509928575,-0.038027643193260366,-0.2030523085348351,0.1430997031717531,0.1114686947171949,0.0029920799755120725,0.0030323982147074983,0.0031614682342044156,5.253173196945098,-2.2650170345774976,-2.2650170345774976,6.710825277425811,0.025868856141739314,-0.0926518800107649,0.0,16.666666666666664,-184.0,-0.23499013942944966,15.450283538678226,-190.26142846497456,0.0,16.66666714723052,-184.00000243750526,-36.123478583318224,-48.94092839305813,-43.37732206420756,-0.7520036430200792,-0.885847788856376,-0.7871415926570664
0.5,-0.027297637680785636,-0.038748344691610107,-0.03685358080366345,-0.20816968547511738,0.13232274783349302,0.12143885206973788,0.003128108977676847,0.0031223371029329315,0.0032048410633409253,5.253173196945098,-2.2650170345774976,-2.2650170345774976,6.829161660138263,-0.05239980567367307,-0.1604607945713121,0.0,16.666666666666664,-184.0,-0.21419773941694975,15.884822806535793,-190.19591634345002,0.0,16.66666714723052,-184.00000243750526,-37.513609161717355,-45.88317743414105,-41.09263266422817,-0.7789061879972836,-0.8403639312656132,-0.7476025301738738
0.51,-0.029395060056494962,-0.03751229675055544,-0.03560797588020081,-0.21050343945234268,0.11578140637580651,0.1264606776331461,0.0032095360754249634,0.003182606638472642,0.003230436656661219,5.253173196945098,-2.2650170345774976,-2.2650170345774976,6.949446204069437,-0.12224678415868917,-0.23209253292627832,0.0,16.666666666666664,-184.0,-0.21768744746024654,16.318885247017494,-190.13632801753138,0.0,16.66666714723052,-184.00000243750526,-39.451933134583406,-43.7105571548044,-39.05033484966958,-0.8158484830381318,-0.8111372753559392,-0.7137542864496936
0.52,-0.023487476914331173,-0.03935350259368233,-0.0372233371091745,-0.20769510279461637,0.09570441486110828,0.12796294965837585,0.002856111005537458,0.0030859681419578774,0.003191486130186689,5.711654620339391,-2.4306449530710497,-2.4306449530710497,7.069377871692542,-0.18135065511084095,-0.30533855505800084,0.0,18.055555555555554,-184.0,-0.24567062438907347,16.74230640685011,-190.08592334839173,0.0,18.055556075035568,-184.00000243101414,-35.66605597407738,-48.109444242498384,-41.55552595708674,-0.6645594510114612,-0.971952262246622,-0.8139102149785552
0.53,-0.0256062873645701,-0.038440574041163356,-0.035891711811782176,-0.21427768074005404,0.08620366228477945,0.13598684423596677,0.003024684573645086,0.0031404120225522088,0.003224513962127915,5.711654620339391,-2.4306449530710497,-2.4306449530710497,7.191089736276623,-0.23302867540723324,-0.38201922811476374,0.0,18.055555555555554,-184.0,-0.2951672446114894,17.165594930066298,-190.04063763810288,0.0,18.055556075035568,-184.00000243101414,-36.7812843663619,-46.28866374238286,-39.25218157929267,-0.7726509989051579,-0.8675118333583601,-0.7175452996740027
0.54,-0.027769351600159753,-0.03765338897991211,-0.03451282585335311,-0.21753782095101726,0.07217652682944162,0.13887761983981828,0.0031585645989384544,0.0031788045516559014,0.0032278283661367475,5.711654620339391,-2.4306449530710497,-2.4306449530710497,7.31519426442293,-0.27731176243179717,-0.4611676748966027,0.0,18.055555555555554,-184.0,-0.3641979881529914,17.589267138853003,-190.00204523368558,0.0,18.055556075035568,-184.00000243101414,-38.1890936001407,-45.003464370131795,-37.379832689173696,-0.7994871554380425,-0.8523322436246433,-0.6865776797482469
0.55,-0.029946610390640144,-0.03701932278779973,-0.03312503622556383,-0.2171223193644841,0.056007398892941505,0.13820502760620015,0.0032076733055675924,0.003203652719399222,0.0032332431920175735,5.711654620339391,-2.4306449530710497,-2.4306449530710497,7.439888661979187,-0.3127064389320265,-0.5406249372724911,0.0,18.055555555555554,-184.0,-0.4514503834694266,18.005284165123175,-189.97284920876885,0.0,18.055556075035568,-184.00000243101414,-40.517469400584574,-44.164022403653945,-35.48525775239827,-0.8421375667339448,-0.845141791377873,-0.6561547698017492
0.56,-0.024036248887624373,-0.03938278612948149,-0.03459085297744948,-0.21083802400061402,0.03888478739957038,0.13448417481569921,0.002905735985449472,0.0030840425136934527,0.003229943577592464,6.172994818480228,-2.5927789830078436,-2.5927789830078436,7.562336708601855,-0.33857202494010324,-0.6186326674938596,0.0,19.444444444444443,-184.0,-0.5547191989741573,18.404473226171476,-189.95352046205616,0.0,19.4444450026149,-184.00000242403354,-36.05540166140785,-49.61539853789721,-37.37400559026231,-0.6700314165871419,-1.0229325350451348,-0.7402988886364702
0.57,-0.026176035754881255,-0.03901261888531936,-0.033227478893916335,-0.21535279966192677,0.03439199366755415,0.13675551600889155,0.003064040559928455,0.0031075423122044884,0.0032336613585618344,6.172994818480228,-2.5927789830078436,-2.5927789830078436,7.685122172820444,-0.35945411388504056,-0.696817977032438,0.0,19.444444444444443,-184.0,-0.6682223955617174,18.799446037801935,-189.93911407581055,0.0,19.4444450026149,-184.00000242403354,-37.20341823190818,-48.884032072643,-35.522106540510066,-0.7865484723532704,-0.9353178845432486,-0.6602411091686549
0.58,-0.028336416566435346,-0.038706491329763226,-0.03186767567294316,-0.21612826928822815,0.027330969521964343,0.13484746552958185,0.003184301812241509,0.0031256408006109914,0.0032397962175531683,6.172994818480228,-2.5927789830078436,-2.5927789830078436,7.808928998876631,-0.3765822792517994,-0.7746007242335894,0.0,19.444444444444443,-184.0,-0.7883833746138643,19.192537312979265,-189.92945456691993,0.0,19.4444450026149,-184.00000242403354,-38.67338900762303,-48.38046549542429,-33.70941744586986,-0.8138361772094933,-0.9311049330560967,-0.6315678660302221
0.59,-0.030483691727829776,-0.03847665551771451,-0.030544223957510393,-0.21271368563749385,0.019344424461560764,0.12989145611667197,0.003207236446804012,0.0031384486609500077,0.0032448226988455128,6.172994818480228,-2.5927789830078436,-2.5927789830078436,7.931730954575621,-0.38929028992250686,-0.8501301359818502,0.0,19.444444444444443,-184.0,-0.912869214511712,19.576351922493476,-189.9258438875348,0.0,19.4444450026149,-184.00000242403354,-41.20468971011348,-48.05265719320177,-31.967759808654613,-0.858772713456404,-0.9300637567774257,-0.6052864026877491
0.6,-0.024463747625248222,-0.04109733631030504,-0.03205125720118047,-0.20345517238839994,0.01109775026217274,0.12291284175676194,0.0029346480682478204,0.002957116609765985,0.0032450451489301367,6.637135857208807,-2.7514181125285178,-2.7514181125285178,8.050540782998374,-0.3974623891793314,-0.922092886508347,0.0,20.833333333333332,-184.0,-1.0393136324529384,19.942326813250798,-189.92760783766244,0.0,20.833333929958233,-184.00000241656872,-36.147043631198066,-55.124226750877206,-33.86975550105065,-0.6702288537785334,-1.150115215578917,-0.6834170956844501
0.61,-0.02651930837238156,-0.04093778069650157,-0.030822586247560582,-0.20604430996954168,0.018663898257374096,0.1218726939352638,0.003080706093235154,0.0029699749623670335,0.003249714775642787,6.637135857208807,-2.7514181125285178,-2.7514181125285178,8.168386859139899,-0.40695587730390503,-0.9923779796785706,0.0,20.833333333333332,-184.0,-1.1598310765754056,20.3056807003623,-189.9282728191697,0.0,20.833333929958233,-184.00000241656872,-37.268164665015554,-54.54756411285425,-32.25133440874048,-0.7914261266291852,-1.0441582773598734,-0.6150040240980442
0.62,-0.028576065557464225,-0.04072505979194268,-0.02962540908087668,-0.2049157522474366,0.023120373129960684,0.1176518442413695,0.0031878838864792284,0.0029868359196810962,0.003228696224639461,6.637135857208807,-2.7514181125285178,-2.7514181125285178,8.286147906133035,-0.41938834762235133,-1.0607180677091566,0.0,20.833333333333332,-184.0,-1.2706796030824052,20.66989533661538,-189.92701222435454,0.0,20.833333929958233,-184.00000241656872,-38.70161842781079,-53.86508434431917,-31.012428014847824,-0.8174959331897368,-1.0334258727714798,-0.5970308627101586
0.63,-0.03060164884975497,-0.040478006988765185,-0.02848003411522869,-0.19983528453773014,0.025743424184512326,0.11181232430729068,0.0032086816841112513,0.0030060193158058246,0.0031922739724540503,6.637135857208807,-2.7514181125285178,-2.7514181125285178,8.401884657549612,-0.43368384558640954,-1.1260019988761796,0.0,20.833333333333332,-184.0,-1.3717897901559535,21.028087545997533,-189.92486953958218,0.0,20.833333929958233,-184.00000241656872,-41.050021232841985,-53.099880404288854,-29.985988943947884,-0.8586593836164423,-1.021848588244327,-0.5828701291726583
0.64,-0.02439841235463397,-0.042921678887933475,-0.030105970978499978,-0.18945390641668255,0.026715222165265153,0.10513077240957869,0.0029249430020626055,0.0028021322914504945,0.0032410701292400414,7.104019095007103,-2.9065615839906056,-2.9065615839906056,8.512872458627733,-0.4490483964860911,-1.187660871932156,0.0,22.22222222222222,-184.0,-1.4635985605693944,21.37233941917939,-189.92134807832065,0.0,22.222222857055737,-184.0000024086252,-35.84875951072206,-60.87283849052252,-31.486640718862315,-0.6681638961441111,-1.2685130424467417,-0.6417292535769572
0.65,-0.026309316582119352,-0.042547764358380404,-0.02905989841147364,-0.1912534225168783,0.044314670688656355,0.1035026170709085,0.0030616662845319217,0.002834468517514458,0.0032142462317855643,7.104019095007103,-2.9065615839906056,-2.9065615839906056,8.622387410040488,-0.47137188939797653,-1.2474644841264608,0.0,22.22222222222222,-184.0,-1.537896212955702,21.71829584852742,-189.91016787275723,0.0,22.222222857055737,-184.0000024086252,-36.89494500887457,-59.23458337138558,-30.50877129117374,-0.7872326709455146,-1.1238592217015053,-0.5966999396425202
0.66,-0.028215427458062436,-0.04203705179366117,-0.028044433304288494,-0.18970130294897383,0.05587827742269333,0.09974404679256037,0.0031643020341248947,0.0028785140573263576,0.003172450364271923,7.104019095007103,-2.9065615839906056,-2.9065615839906056,8.731495732372407,-0.5012685872423736,-1.3054234006268084,0.0,22.22222222222222,-184.0,-1.5934796955051023,22.069109302455576,-189.89144702238085,0.0,22.222222857055737,-184.0000024086252,-38.21533869733744,-57.302750099260386,-29.75999408226789,-0.8110817572786296,-1.0899236025859806,-0.5866193825789099
0.67,-0.03009048216398197,-0.041437142702433885,-0.02707290584258207,-0.18516587165956344,0.06264773571659939,0.09491505974060833,0.0032113552254538743,0.002929232305166827,0.0031195115214998725,7.104019095007103,-2.9065615839906056,-2.9065615839906056,8.838646579065797,-0.5360018483423292,-1.360806863717406,0.0,22.22222222222222,-184.0,-1.6343386067046124,22.417502163896962,-189.8680299381021,0.0,22.222222857055737,-184.0000024086252,-40.071806803937726,-55.2487335492869,-29.172278748220517,-0.8440712922846142,-1.05541996536472,-0.5794248783255668
0.68,-0.023701194140783005,-0.0434413689385728,-0.028799641906607155,-0.17622518460848405,0.06492278616808346,0.08956694490438401,0.0028677433482048468,0.0027575472369556703,0.003205239933100647,7.573585229126211,-3.0582088904082383,-3.0582088904082383,8.941729639361924,-0.5731106959616785,-1.413261719923181,0.0,23.61111111111111,-184.0,-1.6646588848401516,22.755535451770513,-189.8416009876744,0.0,23.61111178389777,-184.0000024002087,-35.37081352457741,-61.92737744042158,-30.442095060811855,-0.6710889332812533,-1.2850737631722255,-0.6268664364873622
0.69,-0.02548187970529564,-0.04268930991904714,-0.02790664582913943,-0.17857746241201755,0.08137549143748751,0.08852889674359793,0.0030103651754671643,0.0028223131305933954,0.003165691074868607,7.573585229126211,-3.0582088904082383,-3.0582088904082383,9.043824693166012,-0.6170175537817671,-1.464335375014521,0.0,23.61111111111111,-184.0,-1.678712880741062,23.096621520570167,-189.807572765106,0.0,23.61111178389777,-184.0000024002087,-36.235468521357745,-58.978334702622995,-29.840397825096897,-0.7783713222783665,-1.1167839179906127,-0.5950788076511045
0.7,-0.027267879722150196,-0.041826230133467576,-0.027035611940934033,-0.17830987559077363,0.08930134222216525,0.08577370385373134,0.0031216083450452004,0.002896471039908483,0.00311729868426813,7.573585229126211,-3.0582088904082383,-3.0582088904082383,9.146127729754975,-0.6668829051009667,-1.5140779382985805,0.0,23.61111111111111,-184.0,-1.6782811393406107,23.44279665103311,-189.76776364992577,0.0,23.61111178389777,-184.0000024002087,-37.37466426994827,-55.98174747370714,-29.371259442165787,-0.7996036575742888,-1.0661673220946457,-0.5892768408331565
0.71,-0.02903880720545554,-0.040920743571775074,-0.026197272602661005,-0.17569602350072414,0.09064865291640034,0.08214950239368304,0.0031990787038152974,0.0029713490491147737,0.0030623651611735338,7.573585229126211,-3.0582088904082383,-3.0582088904082383,9.24742909829701,-0.7188058315232605,-1.5619000075898746,0.0,23.61111111111111,-184.0,-1.6699594018853448,23.786604077476447,-189.72649640595534,0.0,23.61111178389777,-184.0000024002087,-38.79132337690573,-53.18953185774903,-28.99564623612987,-0.8248296133647496,-1.0211228204019962,-0.5852763219172544
0.72,-0.022525869206815513,-0.04261905795116595,-0.027983664397472668,-0.16989054988344815,0.0864413737177572,0.07808774773884071,0.002771809409030426,0.0028283174615015313,0.0031695404877838222,8.04577434244763,-3.206359771659947,-3.206359771659947,9.346209481464925,-0.769554888607696,-1.607509478520821,0.0,25.0,-184.0,-1.6595929018035225,24.120847053221866,-189.68676957021728,0.0,25.0000007104751,-184.0000023913248,-34.92930769222467,-58.685296492347774,-30.131089955868184,-0.68328181860011,-1.2226863055597126,-0.6263499764056939
0.73,-0.0242461623797042,-0.041699104414442245,-0.027200582902543922,-0.1729147164432057,0.09438158093231878,0.07801658145532905,0.002912557828818744,0.0029072078924613012,0.003127085255444302,8.04577434244763,-3.206359771659947,-3.206359771659947,9.444892882139051,-0.8226004881233553,-1.652345082394159,0.0,25.0,-184.0,-1.6431320619159269,24.456284533891072,-189.6446458842633,0.0,25.0000007104751,-184.0000023913248,-35.7955223543353,-55.53177411639335,-29.683009552632377,-0.7753720228382464,-1.0638034603133244,-0.6004948439906977
0.74,-0.025981147520612674,-0.040750925936571356,-0.026427880689250942,-0.17375700986607986,0.09423279612347352,0.07652645367916182,0.0030462711994854474,0.0029848204767443922,0.0030782429537385184,8.04577434244763,-3.206359771659947,-3.206359771659947,9.54433967836796,-0.8768830252357116,-1.6965273079815988,0.0,25.0,-184.0,-1.622929969740309,24.79403687229759,-189.60185502835682,0.0,25.0000007104751,-184.0000023913248,-36.64321250774639,-52.69901842274093,-29.3183061976092,-0.7917723797998816,-1.018589077542885,-0.5960282408023606
0.75,-0.02771485543151822,-0.0398362671135766,-0.025674164829720493,-0.17271586567842798,0.08845806244038039,0.07435301058075895,0.003146069640728691,0.00305322674331963,0.0030247416461250203,8.04577434244763,-3.206359771659947,-3.206359771659947,9.643601031084957,-0.9289302377444248,-1.7395848255122615,0.0,25.0,-184.0,-1.6049568195087338,25.127884999307806,-189.56232965338225,0.0,25.0000007104751,-184.0000023913248,-37.795576100564666,-50.3235195774719,-28.994512845951856,-0.8128378373161791,-0.9827615984744327,-0.5924421228762815
0.76,-0.021138575988756902,-0.041528657294779794,-0.02746894738615125,-0.16910826206857035,0.07841673559570743,0.07185032725945587,0.0026679525737351075,0.0029215692372831243,0.003142466267095704,8.52052595098531,-3.351014210467858,-3.351014210467858,9.741427751133383,-0.9761754426792125,-1.7813030317310923,0.0,26.38888888888889,-184.0,-1.5938829113337012,25.452072508649174,-189.5284486355361,0.0,26.388889636778583,-184.00000238197964,-34.340807386318474,-55.40827203487038,-30.013229411096543,-0.6909107516366872,-1.1663281331948714,-0.6291421443125932
0.77,-0.022853296737841033,-0.040726110162132165,-0.026741199393704347,-0.17255289888651895,0.08001335111622387,0.07312572096892356,0.0027981589093219687,0.002986754011601515,0.0030988377857083644,8.52052595098531,-3.351014210467858,-3.351014210467858,9.83982003842691,-1.0221507832432302,-1.8230487022744493,0.0,26.38888888888889,-184.0,-1.5853905753013655,25.776315543962877,-189.49590633620474,0.0,26.388889636778583,-184.00000238197964,-35.38770092223444,-52.989113579257435,-29.572810061664885,-0.7745165629049127,-1.0345716687333424,-0.6048965399172727
0.78,-0.02458598687509328,-0.03994661204984416,-0.026008784066452136,-0.17363040500430807,0.0756071246574728,0.07322516724798525,0.0029401515922805373,0.003045395340709742,0.0030490983224065646,8.52052595098531,-3.351014210467858,-3.351014210467858,9.939149007841511,-1.0665355755713821,-1.865014552998659,0.0,26.38888888888889,-184.0,-1.5804985998648988,26.101390868547888,-189.4651165591938,0.0,26.388889636778583,-184.00000238197964,-36.15781773731467,-50.95199958615086,-29.197637170441947,-0.7892081056661023,-1.0039536513024685,-0.5998040629412467
0.79,-0.026321086280804817,-0.039233091044620735,-0.02527894580143622,-0.1731536888463453,0.06738050991403621,0.07271480964698426,0.0030681129069342304,0.0030937759876339867,0.0029948369282417927,8.52052595098531,-3.351014210467858,-3.351014210467858,10.038525301948184,-1.1069275721709388,-1.906799320877771,0.0,26.38888888888889,-184.0,-1.5831845982892945,26.42239257280018,-189.4387559447491,0.0,26.388889636778583,-184.00000238197964,-36.9985715019017,-49.33010686294879,-28.85142448920359,-0.8051839342373258,-0.9814738879463345,-0.5952946806517078
0.8,-0.01971072286331213,-0.041081354062164954,-0.027019989751533524,-0.1705598755380756,0.0564358075782703,0.07185929497625816,0.00258141045750638,0.0029584012228121136,0.0031163717633023234,8.997779051935222,-3.4921724281528865,-3.4921724281528865,10.136960414011305,-1.1416916202896727,-1.9481909925310552,0.0,27.77777777777778,-184.0,-1.5962738933566987,26.735136705944534,-189.4183233152345,0.0,27.777778562799575,-184.00000237217915,-33.37190246637297,-54.61833227847504,-29.73807453620901,-0.6819236814867083,-1.162686732974316,-0.6280285689016012
0.81,-0.02144383529534749,-0.040502761726376436,-0.026284927578365376,-0.17454366383988051,0.0575938554436539,0.07449412586570954,0.0026893845850067184,0.0030041439593250325,0.003068442156847214,8.997779051935222,-3.4921724281528865,-3.4921724281528865,10.23643109093053,-1.1748242938425129,-1.9904361477875985,0.0,27.77777777777778,-184.0,-1.6142914686335534,27.049589943976866,-189.39902073680335,0.0,27.777778562799575,-184.00000237217915,-34.82142730107932,-52.91698679569498,-29.24633016374079,-0.771822856794104,-1.0491606464148007,-0.6037581378214639
0.82,-0.023195631074108547,-0.03994241618834132,-0.02553073065841767,-0.17541684574771993,0.05429423119859873,0.07606821177468553,0.0028261654726106393,0.0030456997694312243,0.0030140074038713955,8.997779051935222,-3.4921724281528865,-3.4921724281528865,10.336840964957071,-1.206723121342818,-2.0337345174491492,0.0,27.77777777777778,-184.0,-1.6368400950198654,27.36611310266818,-189.38005505979496,0.0,27.777778562799575,-184.00000237217915,-35.72653165552622,-51.472684323003264,-28.819203074579683,-0.7883656315590583,-1.028130475579935,-0.5973206015096308
0.83,-0.024946827626025903,-0.03943081562696655,-0.02476452234912562,-0.17465252690693578,0.04823449267777509,0.07698534874339777,0.0029689203604880456,0.0030808839963195316,0.0029544742840372814,8.997779051935222,-3.4921724281528865,-3.4921724281528865,10.437124717943268,-1.2356749093606127,-2.0776842671190194,0.0,27.77777777777778,-184.0,-1.666527056307723,27.680059809829654,-189.3631838703785,0.0,27.777778562799575,-184.00000237217915,-36.43179070194659,-50.30502114858154,-28.4255635347641,-0.8015385188946685,-1.0125847329993187,-0.5915996647823262
0.84,-0.01830960487496547,-0.041394302332344736,-0.02639471924794183,-0.1722770084122363,0.040135492168757066,0.0773968681392081,0.0025179337732068995,0.002932746978107968,0.0030760538076139267,9.477472172178379,-3.6298348801693767,-3.6298348801693767,10.53648845241225,-1.260508695220582,-2.121999461910225,0.0,29.166666666666664,-184.0,-1.7051129071132953,27.988095157827537,-189.34959737627614,0.0,29.166667488529466,-184.0000023619296,-32.016032466567935,-56.036745807105966,-29.1773223333545,-0.6582812368647801,-1.201960568390074,-0.6204966839695029
0.85,-0.020067343563935303,-0.0409596368692243,-0.025599683836298542,-0.17735711685134112,0.04483736967633599,0.08089829502378552,0.002600885083889243,0.00296821467820499,0.0030191711801940495,9.477472172178379,-3.6298348801693767,-3.6298348801693767,10.637420324638335,-1.2856005801671693,-2.1677323580323002,0.0,29.166666666666664,-184.0,-1.7459872797616423,28.301560784620374,-189.33456969526696,0.0,29.166667488529466,-184.0000023619296,-33.95656841135258,-54.61450125844617,-28.635167735979778,-0.7644268544534103,-1.090540559887978,-0.596238112040886
0.86,-0.021847717239482922,-0.040505599736359296,-0.0247764202698914,-0.17818940443578576,0.04542814916627258,0.08338080598620101,0.002719062691988874,0.003003929115781666,0.0029554300347284504,9.477472172178379,-3.6298348801693767,-3.6298348801693767,10.739460793271595,-1.3116321527497248,-2.215039764727042,0.0,29.166666666666664,-184.0,-1.7880997205930724,28.62015515153391,-189.3167501776147,0.0,29.166667488529466,-184.0000023619296,-35.22632030424812,-53.297627432988484,-28.157762740673917,-0.7868210394386541,-1.0704475020606607,-0.5886716420157667
0.87,-0.02362395921481583,-0.04006110687108587,-0.023932494875660494,-0.1769183982185807,0.04326447626525506,0.08510858552617455,0.0028613930645484437,0.0030371016211792647,0.002886857980685961,9.477472172178379,-3.6298348801693767,-3.6298348801693767,10.841149938711656,-1.3369612513509115,-2.263487855171338,0.0,29.166666666666664,-184.0,-1.8338503404125888,28.9383084565276,-189.29759138013185,0.0,29.166667488529466,-184.0000023619296,-36.01523771720223,-52.140645621337164,-27.715356290614842,-0.8008874231789807,-1.053891286141213,-0.58184585278563
0.88,-0.01696555926561183,-0.041993039253625686,-0.025416980049240243,-0.1741919297416002,0.03879083458860645,0.08611052576945599,0.002471644418992545,0.002882244674269262,0.003005449443367084,9.959543417142768,-3.7640022514240288,-3.7640022514240288,10.941682731783684,-1.360318116188984,-2.3126858478800703,0.0,30.555555555555554,-184.0,-1.8849889268214735,29.25245139238602,-189.27853318797742,0.0,30.55555641396026,-184.00000235123719,-30.459437564415303,-58.09500478536052,-28.37106378430662,-0.6251754101778616,-1.2499095898405306,-0.6083832680237697
0.89,-0.01875348310211372,-0.04155095752909206,-0.02453417261445421,-0.18099153348566555,0.047183966147425455,0.08974935523743564,0.0025360278478842742,0.002919677655912065,0.0029360101486014265,9.959543417142768,-3.7640022514240288,-3.7640022514240288,11.0444267884476,-1.3860414839905593,-2.3634570565025426,0.0,30.555555555555554,-184.0,-1.9345294223289682,29.575757563079414,-189.255706005455,0.0,30.55555641396026,-184.00000235123719,-32.83500222678009,-56.485178416751125,-27.807332749329262,-0.7528180878503846,-1.1302226544150102,-0.5842400878237564
0.9,-0.02057385280246729,-0.041056013214651306,-0.023621578212533724,-0.18233167387308327,0.05084554803469369,0.0923719881318549,0.002630924304224728,0.0029604414160825238,0.0028611985633430837,9.959543417142768,-3.7640022514240288,-3.7640022514240288,11.148782145640546,-1.414588970324046,-2.4158904051717762,0.0,30.555555555555554,-184.0,-1.9817296492079308,29.907280909961205,-189.22800233519413,0.0,30.55555641396026,-184.00000235123719,-34.589432022262656,-54.89369170597813,-27.286251523856464,-0.7834573250990766,-1.104589510319499,-0.5758344775122661
0.91,-0.022390247622212728,-0.04054382614962693,-0.02268751501632993,-0.1807496910470463,0.05102316312862467,0.09411009031161767,0.0027610022915237403,0.003000985611895603,0.002784786762704833,9.959543417142768,-3.7640022514240288,-3.7640022514240288,11.252751201196485,-1.4439262747217119,-2.4695023684865145,0.0,30.555555555555554,-184.0,-2.0296678456920527,30.23971677650693,-189.19706174905346,0.0,30.55555641396026,-184.00000235123719,-35.66781220602722,-53.417770803900325,-26.770623017676204,-0.8019708215399848,-1.0819619532193838,-0.5676904118185861
0.92,-0.01572678856184309,-0.0423280591692362,-0.024022237401275577,-0.17749655115098362,0.04808695932801277,0.09483043295984467,0.002497435476445844,0.0028534631394121226,0.0028941755390691814,10.443930519929495,-3.894675451382898,-3.894675451382898,11.355323869010386,-1.4723339888915217,-2.5237667287614864,0.0,31.944444444444443,-184.0,-2.0807201222361313,30.56843451547143,-189.1649094738723,0.0,31.94444533908398,-184.00000234010827,-28.20099551003064,-59.14645661021139,-27.480227270162352,-0.5677661559976163,-1.2749863021761811,-0.5973408605244848
0.93,-0.017564713642001795,-0.04178864353844343,-0.023055526584585373,-0.1867318030848763,0.05717461205397196,0.09790075434515726,0.00249094570414551,0.0028996870458872087,0.0028146419312672748,10.443930519929495,-3.894675451382898,-3.894675451382898,11.461038599662203,-1.5036703436991652,-2.5793142968886156,0.0,31.944444444444443,-184.0,-2.1284843152137793,30.908776158276122,-189.12919364382105,0.0,31.94444533908398,-184.00000234010827,-31.691648067808718,-57.149150635483224,-26.848111367119994,-0.7411838103366987,-1.147301776722852,-0.5700479900534183
0.94,-0.01944791903962284,-0.0411934172347233,-0.022064729390000162,-0.18891438071197805,0.06079730468652265,0.09989447037280688,0.002568057368357372,0.0029493048167708045,0.0027356199382978976,10.443930519929495,-3.894675451382898,-3.894675451382898,11.56903692099337,-1.5379572664735004,-2.6361912020904907,0.0,31.944444444444443,-184.0,-2.1729991854743944,31.258699301882423,-189.08920450347048,0.0,31.94444533908398,-184.00000234010827,-33.901031123178896,-55.21957991221735,-26.222955023334734,-0.7798298260886857,-1.1160107445344438,-0.55991031243291
0.95,-0.02133033779324131,-0.04058503587580102,-0.021060072928384937,-0.18724669173295386,0.060282356280802404,0.1007355692936784,0.0026813492662093987,0.0029977683843309556,0.002662615145187891,10.443930519929495,-3.894675451382898,-3.894675451382898,11.67677949463224,-1.5727631065285659,-2.693794321473151,0.0,31.944444444444443,-184.0,-2.2178956200071984,31.609100764506557,-189.04688828199428,0.0,31.94444533908398,-184.00000234010827,-35.38758976072451,-53.46815718843039,-25.524377052564272,-0.8050117323248784,-1.0890379375149848,-0.5487827072559424
0.96,-0.01468934543487857,-0.04222203997571235,-0.02227461614940765,-0.1833821726398402,0.05612621207141655,0.100091844118824,0.0025436103700178215,0.0028625845157788884,0.0027519197795219676,10.930570890608767,-4.021855608971154,-4.021855608971154,11.782898078894549,-1.6060343696618227,-2.751375466793814,0.0,33.33333333333333,-184.0,-2.2657767409969365,31.95396885062277,-189.0047455192528,0.0,33.33333426389309,-184.00000232854944,-26.207302834146464,-58.77431838904621,-26.488538809961803,-0.5164063661576612,-1.2723985125914687,-0.5896329853144817
0.97,-0.016605635014161707,-0.041614651164383745,-0.021261319569185803,-0.19553120883296907,0.06297281763606238,0.10202417536519218,0.0024636678851252345,0.0029142990088480937,0.002676450928882131,10.930570890608767,-4.021855608971154,-4.021855608971154,11.893235620017531,-1.641139026623383,-2.809524430804491,0.0,33.33333333333333,-184.0,-2.3111477506750746,32.31130832194641,-188.9618215899646,0.0,33.33333426389309,-184.00000232854944,-30.782196371049153,-56.6184105568304,-25.664400312461446,-0.7363055452357663,-1.1456522762759136,-0.552751525961468
0.98,-0.018579989790101364,-0.040973887593416115,-0.020236567460713145,-0.19819472743286212,0.06432279093750547,0.10262604337806913,0.0025287418803878322,0.002967068447990495,0.0026105608787619903,10.930570890608767,-4.021855608971154,-4.021855608971154,12.006480775739577,-1.6779044597267727,-2.8682643886390835,0.0,33.33333333333333,-184.0,-2.3543868160828025,32.67777636834556,-188.91738281032258,0.0,33.33333426389309,-184.00000232854944,-33.386661753518936,-54.63994911241384,-24.78759120059166,-0.7797106752626142,-1.114326322029626,-0.5386805404075387
0.99,-0.020554349854529474,-0.040342692766517724,-0.019214487212333202,-0.19625621138731117,0.061562383766363596,0.10159412287826551,0.002629706454558696,0.003016242300516638,0.002556713763658806,10.930570890608767,-4.021855608971154,-4.021855608971154,12.119471422106615,-1.7138894190046916,-2.926755677524389,0.0,33.33333333333333,-184.0,-2.3986753546946886,33.04255134710895,-188.87334489767645,0.0,33.33333426389309,-184.00000232854944,-35.24641620328918,-52.92245354405061,-23.79817932737201,-0.8110469786464354,-1.0886398238572217,-0.523097699903662
1.0,-0.013960786744736109,-0.04191755329766814,-0.020372008615098816,-0.19152788107442456,0.05533106554652917,0.09861538747473078,0.0025819045357830927,0.0028886551988136023,0.002618581158397079,11.419401665591604,-4.145544067270049,-4.145544067270049,12.23047490646165,-1.7471043002943458,-2.9839874369674204,0.0,34.72222222222222,-184.0,-2.4459725572099136,33.39858294049121,-188.83228091106128,0.0,34.72222318838043,-184.0000023165671,-24.95164602997778,-57.959314972930834,-25.191333082360185,-0.48552112968113376,-1.263291995114699,-0.5808427954358704
1.01,-0.01596919605811259,-0.04133277000603851,-0.019381266115193682,-0.2053487473034027,0.059624586672803986,0.09899946542069844,0.0024876786231745707,0.0029378164877565307,0.0025647399594882886,11.419401665591604,-4.145544067270049,-4.145544067270049,12.34617012578913,-1.780773377142241,-3.0407480535744855,0.0,34.72222222222222,-184.0,-2.4914700184740104,33.76597618448575,-188.79357848950943,0.0,34.72222318838043,-184.0000023165671,-29.795604839076905,-55.99030019553872,-24.098596295511204,-0.7280933095598838,-1.14533182847958,-0.5307896322559227
1.02,-0.01804237211666901,-0.040736741927210864,-0.01839713815871541,-0.2079101263042026,0.05901408448478497,0.09767700383899729,0.0025077779013366946,0.002985925253562625,0.002521352126673689,11.419401665591604,-4.145544067270049,-4.145544067270049,12.46506173412297,-1.8148667293442486,-3.097048942839566,0.0,34.72222222222222,-184.0,-2.535237922258433,34.14107698177935,-188.7562590733749,0.0,34.72222318838043,-184.0000023165671,-33.180073122302794,-54.23351937191585,-22.959701366273492,-0.7846623540196149,-1.1183600589766947,-0.5128443172251705
1.03,-0.02010990643905136,-0.0401667967511134,-0.01743623026838062,-0.2051712524332486,0.05485340295037178,0.09450305523001233,0.002603333070776185,0.0030294232811660295,0.0024866057014110788,11.419401665591604,-4.145544067270049,-4.145544067270049,12.583342162734946,-1.8472653323571289,-3.151911972786254,0.0,34.72222222222222,-184.0,-2.579540514286218,34.511693011435625,-188.721705220896,0.0,34.72222318838043,-184.0000023165671,-35.276733554470134,-52.758693138570536,-21.821141773650133,-0.8197166477656685,-1.0971704322913358,-0.49541103995562613
1.04,-0.013561895008872837,-0.041752901601538495,-0.01861563608613439,-0.19922316144705748,0.04778120436058468,0.08936908228609887,0.0026053478466682004,0.0029026928856407718,0.00253021379004855,11.91035975698433,-4.265742378015444,-4.265742378015444,12.699026774204656,-1.8762956243734499,-3.2042848382867586,0.0,36.11111111111111,-184.0,-2.6256272935938707,34.870448142061626,-188.69207059077647,0.0,36.11111211253885,-184.00000230416813,-24.400258750713455,-57.760006582639335,-23.60964046989194,-0.4742519529704737,-1.2678526048245269,-0.5666633294519912
1.05,-0.015648462353481413,-0.041248656105918095,-0.017724273976278612,-0.21310409412425205,0.051285907207838696,0.08843387654936254,0.002500633307588091,0.0029447341199087497,0.0024963883581749294,11.91035975698433,-4.265742378015444,-4.265742378015444,12.81919428831147,-1.9053109591436783,-3.2552716606711547,0.0,36.11111111111111,-184.0,-2.6690578699679897,35.23884757872119,-188.66630586510826,0.0,36.11111211253885,-184.00000230416813,-29.43254727693275,-56.085325993359,-22.40185239103528,-0.7296953926977803,-1.1587495700996226,-0.5087283800523651
1.06,-0.01779586400157243,-0.04073721433587104,-0.016853185259359887,-0.2148935269153697,0.05054980186551728,0.08580086338094084,0.002498883909060768,0.0029858884418793464,0.0024681684760864252,11.91035975698433,-4.265742378015444,-4.265742378015444,12.942289618289259,-1.934554100257497,-3.3050219173045976,0.0,36.11111111111111,-184.0,-2.7096295022533035,35.61347473146991,-188.64292844800536,0.0,36.11111211253885,-184.00000230416813,-33.202103453079175,-54.583856312390054,-21.231852048116732,-0.792506207235119,-1.1360979293970985,-0.4906951101183102
1.07,-0.0199267861262388,-0.0402501574749438,-0.016018452606927407,-0.2109678428684025,0.046763267675289585,0.08114488174119727,0.002593254153614528,0.0030232553628545327,0.0024857495841320502,11.91035975698433,-4.265742378015444,-4.265742378015444,13.064133257444785,-1.9622270971888287,-3.352566263100876,0.0,36.11111111111111,-184.0,-2.748981899486463,35.98154548342925,-188.6227935091059,0.0,36.11111211253885,-184.00000230416813,-35.41300524880377,-53.34413676496162,-19.750235748581122,-0.8291576228225237,-1.1187571079925764,-0.4672528342363182
1.08,-0.013393831734559852,-0.04185269311703702,-0.01728253540626959,-0.20376401204699907,0.040388012808073914,0.0737534262001041,0.002615791087143348,0.0028942092283993793,0.002481579425746302,12.403381901833914,-4.3824522959027945,-4.3824522959027945,13.182677258878716,-1.9868697650053961,-3.396490980919885,0.0,37.5,-184.0,-2.787231513237091,36.335408224692976,-188.6082859630857,0.0,37.500001036361795,-184.00000229135898,-24.250936391945086,-58.38621235488063,-22.27843831990533,-0.47372496809823333,-1.2879745804635638,-0.5652378715437847
1.09,-0.015521421714290745,-0.041416679509050466,-0.016545605807475182,-0.21679596569313359,0.044977192992751124,0.07302249974854245,0.0025058977507838856,0.002930909322002287,0.002465851697035822,12.403381901833914,-4.3824522959027945,-4.3824522959027945,13.305143702710044,-2.0120394353454096,-3.4386308968639487,0.0,37.5,-184.0,-2.8209647109786506,36.6977806356146,-188.597121349966,0.0,37.500001036361795,-184.00000229135898,-29.358261889720843,-56.883653944661624,-21.08006274974134,-0.7349151541565192,-1.1834619185306512,-0.49371988354914575
1.1,-0.01770027936405319,-0.040961320996783235,-0.015830276163027852,-0.21755089659429044,0.04553357029794941,0.06998440801346727,0.002496534823990323,0.0029680791558883133,0.002493214708256714,12.403381901833914,-4.3824522959027945,-4.3824522959027945,13.429981293214489,-2.038143942548766,-3.479429547788776,0.0,37.5,-184.0,-2.850224348769909,37.06566021849101,-188.5872758695783,0.0,37.500001036361795,-184.00000229135898,-33.26513254256185,-55.51312756799977,-19.58480840759383,-0.7996291585835463,-1.16257762874663,-0.470393668718854
1.11,-0.019851918201840152,-0.040516840941102236,-0.015157578547225554,-0.21255256798491212,0.04314825752786638,0.06473249556139313,0.0025905705782232136,0.003003078453637796,0.0025217258062755796,12.403381901833914,-4.3824522959027945,-4.3824522959027945,13.552950216041227,-2.0634585005107255,-3.5176593711490316,0.0,37.5,-184.0,-2.875996696455175,37.42593807647705,-188.57990866887496,0.0,37.500001036361795,-184.00000229135898,-35.482676498062055,-54.321004398283456,-18.302206751344375,-0.8361216625642687,-1.1455843998258028,-0.4511957697430976
1.12,-0.013293653155414753,-0.04208645456274764,-0.016524506458489255,-0.204205009159737,0.03827430076181933,0.057532914945517835,0.0026222091450079036,0.0028743322541538623,0.0024666249785566335,12.898404711173644,-4.495675772702802,-4.495675772702802,13.67198238493031,-2.0865877103315165,-3.5522283052456953,0.0,38.888888888888886,-184.0,-2.8988999002320393,37.77126930209457,-188.57696226682825,0.0,38.88888995984296,-184.0000022781467,-24.12140835753362,-59.304356612622634,-21.492377633981633,-0.47419681492318594,-1.3126831397311747,-0.564784082732926
1.13,-0.015421716421044285,-0.041663266876726016,-0.01594322409771788,-0.21652302651119362,0.04434614530379373,0.05785005076010207,0.0025101350342356106,0.0029102190673479826,0.0024887027145534778,12.898404711173644,-4.495675772702802,-4.495675772702802,13.794434304864431,-2.1111063549655036,-3.5855041683231277,0.0,38.888888888888886,-184.0,-2.9165276565103304,38.12519168447916,-188.57536498706344,0.0,38.88888995984296,-184.0000022781467,-29.225652587539557,-57.797575526327655,-20.13310576369067,-0.7378532081444901,-1.2083314027543974,-0.48566503850952697
1.14,-0.017593968548615613,-0.04120672730111954,-0.015373648300038054,-0.21653154956869966,0.04624605950865127,0.055987228838364544,0.002491951561061155,0.0029482015210808296,0.002512205558828176,12.898404711173644,-4.495675772702802,-4.495675772702802,13.91884964251988,-2.1373547328339173,-3.618022400011465,0.0,38.888888888888886,-184.0,-2.929236253958003,38.48492893293844,-188.57313213826615,0.0,38.88888995984296,-184.0000022781467,-33.205660352632044,-56.34747246573197,-18.903092065183664,-0.8036519981302964,-1.1857003382541984,-0.4663967971357424
1.15,-0.01973068374710621,-0.04074848853368644,-0.014831995393586886,-0.21067382705374038,0.04503512183201647,0.0524231949871918,0.0025824635867265806,0.00298501025110704,0.0025367358746962443,12.898404711173644,-4.495675772702802,-4.495675772702802,14.040914291506526,-2.1635237269325964,-3.6488430730431918,0.0,38.888888888888886,-184.0,-2.9387440459626917,38.83735689141266,-188.57120235451572,0.0,38.88888995984296,-184.0000022781467,-35.427797516902004,-55.04816524813588,-17.846441032018017,-0.8399391946694316,-1.1665790339267295,-0.4504606806320317
1.16,-0.021788859214928347,-0.0403177105882044,-0.014334852736328937,-0.20150824957845195,0.04110587401318531,0.04727526043369542,0.002714653718838934,0.0030181349630181487,0.002561567778297408,12.898404711173644,-4.495675772702802,-4.495675772702802,14.15830153507506,-2.1879663659421236,-3.6770238810592666,0.0,38.888888888888886,-184.0,-2.946462454060567,39.174392398960926,-188.57153426374384,0.0,38.88888995984296,-184.0000022781467,-36.704724340242215,-53.955575407930915,-16.949757725305776,-0.8592587310374021,-1.151733525236375,-0.43768863775435396
1.17,-0.015190024714027833,-0.0417915904034202,-0.015769613321730463,-0.21154336158390566,0.046523875251847195,0.048768135777553054,0.0025202668790021867,0.002899434415448599,0.002495678519822939,13.395364718780574,-4.605414951192703,-4.605414951192703,14.277836420477952,-2.213620722744035,-3.704682400518331,0.0,40.27777777777778,-184.0,-2.950755203843606,39.51744565116466,-188.571697166865,0.0,40.27777888297614,-184.00000226453784,-28.65945765997148,-58.248164697945406,-19.946699596798002,-0.7320153725271412,-1.2245725317947584,-0.4884319095110253
1.18,-0.017314600619606546,-0.04131090023215091,-0.015278811816586177,-0.21184463649090393,0.048826844834801965,0.0491250900661279,0.002482613306157602,0.002939610060594266,0.0025163283966567447,13.395364718780574,-4.605414951192703,-4.605414951192703,14.399534689242156,-2.2412748257477455,-3.732815350015296,0.0,40.27777777777778,-184.0,-2.952005910892151,39.868165546813245,-188.56941042079825,0.0,40.27777888297614,-184.00000226453784,-32.80687848624342,-56.69490779972859,-18.818432179741286,-0.8008608081489227,-1.2001104142556485,-0.47017308617107667
1.19,-0.019404537131655908,-0.04082556717330373,-0.014793034589766774,-0.2059899805049298,0.04781854122189434,0.047881607497116764,0.002565890926388849,0.0029790177122339416,0.0025386007322996014,13.395364718780574,-4.605414951192703,-4.605414951192703,14.518918768153299,-2.2690065770998875,-3.760567620404331,0.0,40.27777777777778,-184.0,-2.952325495505311,40.212982677493734,-188.56563060597264,0.0,40.27777888297614,-184.00000226453784,-35.07624735415357,-55.292930508955365,-17.8212686830006,-0.8380089327991942,-1.1791772053802785,-0.45450932143641276
1.2,-0.012708929576118605,-0.04222131848881803,-0.016183171935004292,-0.19667670853084637,0.04389363846039341,0.045026708432701616,0.002662051673467839,0.002862647030368971,0.0024793960714258544,13.894198429557996,-4.711672158907749,-4.711672158907749,14.63386029660683,-2.2951762678330723,-3.787081757625743,0.0,41.666666666666664,-184.0,-2.953281228872881,40.54438368599052,-188.5623523740146,0.0,41.66666780575572,-184.0000022505394,-22.781237557576755,-59.80651407842504,-21.02778679478591,-0.4465175086157929,-1.3346807081083847,-0.5646571778892842
1.21,-0.0147710052045755,-0.04174287295798261,-0.01570769179658034,-0.21057310579166602,0.04977427647014541,0.04891403128787743,0.0025396611619098817,0.0029035325322052706,0.0024982237511340525,13.894198429557996,-4.711672158907749,-4.711672158907749,14.75261273460763,-2.322850578457479,-3.814504581229014,0.0,41.666666666666664,-184.0,-2.9530497511506626,40.887449753842915,-188.55756869297846,0.0,41.66666780575572,-184.0000022505394,-27.790716560279236,-58.11283309795673,-19.808718371084506,-0.7222268085330283,-1.230689147228654,-0.48912638494262095
1.22,-0.01689148846638014,-0.04123460196860349,-0.015207277571531605,-0.21174247094604803,0.05117024419385645,0.05073940972298507,0.002469345062766261,0.002945894969208768,0.0025194954413831332,13.894198429557996,-4.711672158907749,-4.711672158907749,14.874121166133152,-2.3520324893618527,-3.8432717964728846,0.0,41.666666666666664,-184.0,-2.9524698959943616,41.239959286243625,-188.55007848844957,0.0,41.66666780575572,-184.0000022505394,-32.346405846847645,-56.50240702378641,-18.609121509797852,-0.79821194306635,-1.2055379242031667,-0.4691913203393161
1.23,-0.018981089744360607,-0.04073107232659244,-0.014697902143705519,-0.20597399006938372,0.049204882124079134,0.05081792305324664,0.002545986936260822,0.0029863671351556048,0.0025431932943450093,13.894198429557996,-4.711672158907749,-4.711672158907749,14.99348941314783,-2.380751877527098,-3.872450617700404,0.0,41.666666666666664,-184.0,-2.9535944056816126,41.587187993955354,-188.54085769945272,0.0,41.66666780575572,-184.0000022505394,-34.74334841243625,-55.0866595983936,-17.52814326147712,-0.83770001995366,-1.184710386316272,-0.45167889807791517
1.24,-0.01225281663868305,-0.04205750333864316,-0.015991767654024505,-0.19644755352657053,0.044326321883066386,0.04904955162727908,0.0026961995611420164,0.002876779743172156,0.002486792580572956,14.394842367458807,-4.814449901717382,-4.814449901717382,15.108372916681722,-2.4073531460434974,-3.9010565750630732,0.0,43.05555555555556,-184.0,-2.957772308188745,41.92096750278886,-188.5320199353881,0.0,43.05555672817623,-184.00000223615822,-21.858645954052083,-59.362811864604616,-20.55496586122745,-0.4262295889527883,-1.3331714024658319,-0.557441125481577
1.25,-0.014320975700394145,-0.04158338814133819,-0.015474519473815451,-0.2117384694070001,0.04869571051298561,0.053221665916751926,0.0025622910105393346,0.0029169343236904086,0.002507879778340851,14.394842367458807,-4.814449901717382,-4.814449901717382,15.227545345067318,-2.434696503331165,-3.9308902032262982,0.0,43.05555555555556,-184.0,-2.962915088505656,42.26718931076973,-188.52236968108312,0.0,43.05555672817623,-184.00000223615822,-26.92867603881978,-57.749007739957946,-19.239273715582012,-0.7131393805759657,-1.2343315851281156,-0.4811761689229531
1.26,-0.01645919270899271,-0.041093052683759075,-0.014930106131412976,-0.21397549659877835,0.04882749761237982,0.055188700967397995,0.002469034626143751,0.0029574607548672567,0.0025321148457723634,14.394842367458807,-4.814449901717382,-4.814449901717382,15.35012536679145,-2.462779913645623,-3.9621859398359445,0.0,43.05555555555556,-184.0,-2.9694786717858004,42.62387526512279,-188.51107698000973,0.0,43.05555672817623,-184.00000223615822,-31.77770851754327,-56.2483062280721,-17.927541384007654,-0.7968457593470168,-1.2114223287039148,-0.4591515949164549
1.27,-0.018571231407666755,-0.04061850291740696,-0.014375790232725782,-0.20819572136870249,0.04589399364804482,0.05532138348979835,0.0025283823838711567,0.0029951610461548097,0.0025594446649875135,14.394842367458807,-4.814449901717382,-4.814449901717382,15.470776569966942,-2.4897849962733622,-3.993941814847187,0.0,43.05555555555556,-184.0,-2.979074721542696,42.97528192819804,-188.4988866569485,0.0,43.05555672817623,-184.00000223615822,-34.47478950039819,-54.961846705138456,-16.733318028855024,-0.8390244960906975,-1.1930751800569317,-0.43978937094843135
1.28,-0.011833224964248656,-0.0419213670252391,-0.015564407229890262,-0.19835155588166836,0.04033021572385525,0.05344529862657101,0.002729792886596238,0.002888329934769367,0.0025040983792895045,14.89723312286779,-4.9137508572308715,-4.9137508572308715,15.586844303145883,-2.514216637576061,-4.025089014489586,0.0,44.44444444444444,-184.0,-2.9925644653427437,43.31255116575965,-188.48772000208322,0.0,44.444445650232446,-184.00000222140136,-21.093951989823715,-59.14582247019214,-19.580109459180576,-0.4103410865378444,-1.3371751527456353,-0.5414729024355054
1.29,-0.01392673225456642,-0.04149283901020372,-0.015007523319830574,-0.21466337938826827,0.04376918895390023,0.056855857988826905,0.0025838392651174836,0.0029246036679487822,0.002528544155204017,14.89723312286779,-4.9137508572308715,-4.9137508572308715,15.707519618420884,-2.538899387170002,-4.057152013100857,0.0,44.44444444444444,-184.0,-3.0073898870551807,43.66235874288271,-188.47682691661606,0.0,44.444445650232446,-184.00000222140136,-26.24790482010138,-57.716787516747516,-18.189963967095718,-0.7075801650983342,-1.2447961131643388,-0.46519243363159923
1.3,-0.01609799158048597,-0.04105483031101052,-0.014430904183391019,-0.217550600160561,0.04340198608096247,0.058068566093127404,0.002482655381753055,0.0029605367514539804,0.002556619451853952,14.89723312286779,-4.9137508572308715,-4.9137508572308715,15.83202859375629,-2.563958312413857,-4.090249698371248,0.0,44.44444444444444,-184.0,-3.02352743863258,44.023004094386486,-188.4654378881111,0.0,44.444445650232446,-184.00000222140136,-31.20052572098626,-56.4054834049585,-16.815473199409038,-0.7931850162118307,-1.225235964712054,-0.442290124724029
1.31,-0.018245481210366343,-0.040635454309928334,-0.013851696059367424,-0.2115927106240317,0.040356932842419826,0.05750011872139633,0.0025154798353387987,0.002993842314496242,0.0025881689987779085,14.89723312286779,-4.9137508572308715,-4.9137508572308715,15.954695421924601,-2.5877979042927985,-4.123392039354213,0.0,44.44444444444444,-184.0,-3.0421656325156046,44.3781021438896,-188.4539398579023,0.0,44.444445650232446,-184.00000222140136,-34.31949788876233,-55.28461009973891,-15.557351245430441,-0.8424824679985372,-1.2097159574934413,-0.4220129825043977
1.32,-0.011509257071969814,-0.0419321234176807,-0.01496164258306465,-0.20119724838236608,0.03500759443878726,0.0549466309570579,0.0027570521254909213,0.0028874133375784107,0.0025306523848354504,15.40130739936408,-5.009577868037077,-5.009577868037077,16.072526983442483,-2.6091207985432368,-4.155529503087601,0.0,45.83333333333333,-184.0,-3.063806707055108,44.71815031592199,-188.44387619697696,0.0,45.83333457191957,-184.00000220627564,-20.576624158721376,-59.4546154002251,-18.283676753150676,-0.4010448480461639,-1.3513749530257808,-0.5206922386408985
1.33,-0.013634088701208802,-0.04155646077033839,-0.014396004497351025,-0.21793208906052952,0.038584732693241676,0.057265142700968885,0.0026009654673851295,0.002919211498820847,0.002558403806257664,15.40130739936408,-5.009577868037077,-5.009577868037077,16.195015201235133,-2.6307860597865846,-4.188034251375061,0.0,45.83333333333333,-184.0,-3.085524830334163,45.07049545880374,-188.43462393926904,0.0,45.83333457191957,-184.00000220627564,-25.804466593929238,-58.193330766578434,-16.88822947221262,-0.7060580742451582,-1.2639710007908265,-0.4457523900999085
1.34,-0.015838870399764338,-0.041167978902312295,-0.01382050768570564,-0.22093815056827099,0.03867802479664673,0.05755104648473861,0.0024928679810611717,0.002951416859926938,0.002589994522152686,15.40130739936408,-5.009577868037077,-5.009577868037077,16.321450442112937,-2.653035096808282,-4.221015341267534,0.0,45.83333333333333,-184.0,-3.1070451550507983,45.43368680824755,-188.4253256904643,0.0,45.83333457191957,-184.00000220627564,-30.845587230728196,-57.01452433971512,-15.523998065038054,-0.7931656658274554,-1.246479136322435,-0.4232596941588619
1.35,-0.018018609330837987,-0.040792195461733904,-0.013250745306037481,-0.21456659504525918,0.036326932737924124,0.05623798762466167,0.002506900951003164,0.002981611885754103,0.0026250043166623997,15.40130739936408,-5.009577868037077,-5.009577868037077,16.44593759293913,-2.6744179575374996,-4.253574967044363,0.0,45.83333333333333,-184.0,-3.12944574268435,45.79098603047492,-188.41607159832915,0.0,45.83333457191957,-184.00000220627564,-34.25902373928371,-55.99062799509149,-14.281175086146513,-0.8473343946761319,-1.2324151565368444,-0.4034217753098617
1.36,-0.011280022849284976,-0.04206399700496908,-0.014316039928640084,-0.203450702069799,0.03182871339688646,0.053107162399166914,0.0027770332420276496,0.002876230001321609,0.0025625488758313428,15.907002059787752,-5.101933934782608,-5.101933934782608,16.565219921740386,-2.6937417319395234,-4.2847634726782955,0.0,47.22222222222222,-184.0,-3.1532148228292947,46.1324087720272,-188.40808368751064,0.0,47.22222349323305,-184.0000021907881,-20.25562169278985,-60.11420444190328,-16.951009187270646,-0.39675259088598686,-1.3715430006591207,-0.5000119446824413
1.37,-0.013427676534925326,-0.04171636727014745,-0.013773694740766118,-0.22017394043697497,0.036118508963166464,0.05459269656093484,0.00261365896332438,0.002905756187782176,0.0025926994064107527,15.907002059787752,-5.101933934782608,-5.101933934782608,16.689010976078595,-2.7138433309404304,-4.3158890086119985,0.0,47.22222222222222,-184.0,-3.1753441125762345,46.48580532393789,-188.40077301813398,0.0,47.22222349323305,-184.0000021907881,-25.524329884945054,-58.91686735963777,-15.613853660067079,-0.7069310612290952,-1.2865240070952377,-0.42753007909902213
1.38,-0.015653919884923817,-0.04134817732230482,-0.01322831717050521,-0.2229908527914712,0.03701014475883395,0.05429392435367147,0.002501498424799336,0.002936547130391689,0.0026264782461514168,15.907002059787752,-5.101933934782608,-5.101933934782608,16.81666459940717,-2.7349756495265862,-4.347112131293474,0.0,47.22222222222222,-184.0,-3.195636835020724,46.84992946642901,-188.39324175274322,0.0,47.22222349323305,-184.0000021907881,-30.602057274479844,-57.768038904716775,-14.318354167775597,-0.7944965483934133,-1.2693025702603136,-0.40633748211661985
1.39,-0.01785213989854456,-0.04098461885985933,-0.012693267625452684,-0.21615196650177645,0.03546908557152172,0.052632033419668184,0.0025008763322080605,0.0029662060972170112,0.0026631819757014868,15.907002059787752,-5.101933934782608,-5.101933934782608,16.94218114888795,-2.7557044042038825,-4.377664314700853,0.0,47.22222222222222,-184.0,-3.2153936909693104,47.20788507863329,-188.3854567935779,0.0,47.22222349323305,-184.0000021907881,-34.22436325849227,-56.74043482302756,-13.143762700205032,-0.8522093452619823,-1.254902199126322,-0.38771108711239
1.4,-0.011098330337114437,-0.042200181520412015,-0.013734955002416963,-0.20431504327124037,0.03174292070340335,0.049375251549293585,0.002793070528492164,0.002864481097697256,0.0025949620702373213,16.414254171537817,-5.190822209093098,-5.190822209093098,17.062113164991203,-2.774824076094819,-4.406727316911862,0.0,48.61111111111111,-184.0,-3.235385345682426,47.54930496802185,-188.37846398395408,0.0,48.61111241416859,-184.00000217494568,-20.004771617121232,-60.718943910164754,-15.7894111086638,-0.39421714975418154,-1.3898066448489468,-0.4825115377763617
1.41,-0.013254256551889498,-0.041850974199639276,-0.013232228383103478,-0.22093117007813165,0.03648045451818841,0.05050228256660192,0.0026247743683147284,0.0028943569874018546,0.0026262205696053844,16.414254171537817,-5.190822209093098,-5.190822209093098,17.18636929763775,-2.795042348162344,-4.435565476069136,0.0,48.61111111111111,-184.0,-3.2527742903598593,47.902405867565086,-188.37179607234378,0.0,48.61111241416859,-184.00000217494568,-25.27529828911549,-59.493341028384634,-14.539888926573608,-0.7078020783761099,-1.3057535004959413,-0.4129505074040642
1.42,-0.015487086527029348,-0.041476987454524404,-0.01272852309411436,-0.22356362473695177,0.03775446046064103,0.05009642927439655,0.0025085833220587273,0.002925942990284583,0.0026606442116687283,16.414254171537817,-5.190822209093098,-5.190822209093098,17.314389520981212,-2.816528145747188,-4.464396059482339,0.0,48.61111111111111,-184.0,-3.267643283019014,48.2661240090175,-188.36463493669328,0.0,48.61111241416859,-184.00000217494568,-30.367723641352732,-58.30294265819705,-13.332442490771836,-0.7955661332762699,-1.2877265736226684,-0.39324527259875736
1.43,-0.01768935263400606,-0.04110433287436108,-0.012235006516494437,-0.21633889926906877,0.03650143063378207,0.04855195616279254,0.0024951865263377537,0.0029565547646817135,0.002697578056396143,16.414254171537817,-5.190822209093098,-5.190822209093098,17.440113832260508,-2.8377940919901445,-4.4925765937909965,0.0,48.61111111111111,-184.0,-3.2816477384379863,48.62345006290997,-188.35693637257282,0.0,48.61111241416859,-184.00000217494568,-34.14978827900098,-57.22715158743427,-12.235355433221196,-0.8558366223535755,-1.272465485263176,-0.3758503548506112
1.44,-0.0109081940700827,-0.042247944404227245,-0.013255438243415421,-0.20392164989155503,0.03297069431375159,0.04560948445566777,0.0028102089603726926,0.0028603439001237798,0.0026246970291903668,16.923001051032262,-5.2762459863421025,-5.2762459863421025,17.559946226330357,-2.85757902666899,-4.51940740725415,0.0,50.0,-184.0,-3.2959024620659507,48.96368817616335,-188.34966430143712,0.0,50.00000133472221,-184.0000021587553,-19.70387035289386,-60.99057565731764,-14.85280465835882,-0.39042279052486395,-1.4015321338616302,-0.4686206914186139
1.45,-0.013060770889170237,-0.04188786036481933,-0.012790605105416783,-0.22061295640066914,0.037464025086417406,0.04674842730968106,0.0026375635223105627,0.0028911926333662404,0.002656232626589419,16.923001051032262,-5.2762459863421025,-5.2762459863421025,17.684012270598302,-2.8784076252951905,-4.546078156670889,0.0,50.0,-184.0,-3.3077881233255795,49.31541172370127,-188.3425864933401,0.0,50.00000133472221,-184.0000021587553,-24.950587450102947,-59.732344263619716,-13.682409444667451,-0.7070324205973972,-1.3191813793908205,-0.4017758925671816
1.46,-0.015290626081629954,-0.04150549597325727,-0.01232336064946403,-0.22327766961439563,0.038467248260444176,0.046563931972997755,0.002516191831897987,0.002923535740952307,0.0026907323906541635,16.923001051032262,-5.2762459863421025,-5.2762459863421025,17.811863703182684,-2.9003576897006926,-4.57283332824527,0.0,50.0,-184.0,-3.317624292097954,49.67777601064344,-188.33502084392654,0.0,50.00000133472221,-184.0000021587553,-30.053564959792197,-58.51944651824329,-12.545088390904532,-0.794984439771768,-1.3008672692354715,-0.383147062980051
1.47,-0.01748960719777054,-0.0411273288157078,-0.011863156275824238,-0.21588634957622704,0.0369214623793794,0.045415606249636614,0.0024883936101784826,0.0029547103794682135,0.002727347562081413,16.923001051032262,-5.2762459863421025,-5.2762459863421025,17.93738809743262,-2.9219226913412997,-4.599128927952216,0.0,50.0,-184.0,-3.3272998303658574,50.033683791457705,-188.32690932234888,0.0,50.00000133472221,-184.0000021587553,-34.00702003390604,-57.428587540092316,-11.502098010260408,-0.8581006742895905,-1.285451708940032,-0.3665166375297918
1.48,-0.019581039722631477,-0.04077739728730699,-0.01142113435936537,-0.20305545454699125,0.03310470498321597,0.043015687290714186,0.0025747161857700004,0.0029827613906248827,0.0027646598458809244,16.923001051032262,-5.2762459863421025,-5.2762459863421025,18.056462015733498,-2.9417419212528135,-4.624310042515725,-0.0,50.0,-184.0,-3.3382136043792756,50.37105692182194,-188.31912947990085,0.0,50.00000133472221,-184.0000021587553,-36.03873509884192,-56.52294088994762,-10.621708002688033,-0.8891482879224081,-1.2738234561809096,-0.35289316221610395
1.49,-0.02152725373125186,-0.04047602210877129,-0.011010032747154008,-0.18745842025668283,0.02747672936859734,0.039373533316175185,0.002695374021193951,0.0030061697905491187,0.002801053225926846,16.923001051032262,-5.2762459863421025,-5.2762459863421025,18.16706861475736,-2.9586782649422827,-4.647649019148077,-0.0,50.0,-184.0,-3.3511942221042124,50.68324638404996,-188.31334453449705,0.0,50.00000133472221,-184.0000021587553,-37.15292197069214,-55.831381349160544,-9.875692971364154,-0.9039417649686817,-1.2663354874859203,-0.34190058317093047
1.5,-0.023310840959181123,-0.040238378880096425,-0.010641489584668554,-0.17085024749763528,0.020578492330913824,0.0346486158015489,0.0028356174379897143,0.0030241445246691093,0.0028347069700623076,16.923001051032262,-5.2762459863421025,-5.2762459863421025,18.268306756430583,-2.971893477269284,-4.668488855388476,-0.0,50.0,-184.0,-3.3666217838757055,50.96672807834543,-188.31124513546789,0.0,50.00000133472221,-184.0000021587553,-37.6317798141408,-55.365805371319325,-9.267006899980489,-0.9082562301501516,-1.2630208619998926,-0.33351677778657285
1.51,-0.024926908594513797,-0.04007404244169522,-0.010324861722185663,-0.1540285202359701,0.012981673712675362,0.029126140578326767,0.00296735694369865,0.003036166382828024,0.0028641578857379058,16.923001051032262,-5.2762459863421025,-5.2762459863421025,18.359936151860776,-2.9808718263597727,-4.686310415665275,-0.0,50.0,-184.0,-3.3845083030540923,51.22003265634922,-188.31420986430757,0.0,50.00000133472221,-184.0000021587553,-37.9208281832573,-55.12583696892974,-8.780997635250332,-0.9097982648928631,-1.2637215478056179,-0.32739159722950095
1.52,-0.025965421582115067,0.015942683262812375,-0.043830254554979756,-0.13704581154224604,0.005250934470122531,0.0231626845771004,0.003045972941895572,0.002627717989473968,0.0027247347017977683,16.94641070099624,-2.0717196219911873,-7.210784685467542,18.441800772835094,-2.983794152991225,-4.701872839492483,-10.064926004433003,48.97649706262472,-185.33870967741936,-3.409990444971855,51.44186864516998,-188.32357661750632,-10.064926295432254,48.97649836439596,-185.33871183506614,-35.81419979174855,29.838591898870053,-64.08859372472999,-0.8387127600873658,1.2944821324980043,-2.0032042714986176
1.53,-0.027199557691077403,0.014985235178016296,-0.042993121750959123,-0.11288650727019056,-0.16597379540897284,0.12452441491345127,0.003127024467287214,0.002663712145511818,0.002796007698084295,16.94641070099624,-2.0717196219911873,-7.210784685467542,18.511166848005143,-2.919942332442495,-4.755082529769818,-10.064926004433003,48.97649706262472,-185.33870967741936,-3.643145450228395,51.607446511403836,-188.36149285374523,-10.064926295432254,48.97649836439596,-185.33871183506614,-36.203111654244246,23.50119005802563,-58.62683031990938,-0.8720979402253484,0.006655744389863407,-1.1398788564853342
1.54,-0.028204093107587536,0.012532792783588195,-0.04130999722146471,-0.09047398714589386,-0.3071695848463516,0.20119824277533188,0.003180038593895717,0.0027913215626927425,0.002972245692498366,16.94641070099624,-2.0717196219911873,-7.210784685467542,18.56744553610103,-2.7714497281123265,-4.855800592217323,-10.064926004433003,48.97649706262472,-185.33870967741936,-4.139394619353671,51.70830510542785,-188.43620520318916,-10.064926295432254,48.97649836439596,-185.33871183506614,-36.76848057108886,15.067580029054122,-50.690938050077484,-0.8768363544031097,-0.17832829694036825,-0.9830759241028063
1.55,-0.02899114350459253,0.00878004181108897,-0.038968609647059435,-0.06922915902516584,-0.4278240189674928,0.25823576488683886,0.003212336428786198,0.003115957197767414,0.0031900498686932397,16.94641070099624,-2.0717196219911873,-7.210784685467542,18.611328701840463,-2.5496407639309404,-4.993112224651575,-10.064926004433003,48.97649706262472,-185.33870967741936,-4.855034730980125,51.74629237686868,-188.54656021656675,-10.064926295432254,48.97649836439596,-185.33871183506614,-37.32320172329213,5.500821207784707,-42.44185647029068,-0.8815358950844111,-0.37551097366139746,-0.8294258049110427
1.56,-0.038839574822017664,0.0629145691830803,-0.062162994761697496,-0.04867409629287058,-0.5280421526739929,0.2997606972197672,0.003117894304280895,0.002052732702974451,0.002175716648332245,16.415310670689067,1.3076015945280586,-8.701293869212176,18.642916547500185,-2.2639758346371006,-5.158451478279592,-19.71779275566593,45.94789058101153,-186.67741935483872,-5.754805744185481,51.72199790305588,-188.68996613151296,-19.7177933185832,45.94789180030093,-186.67742150654593,-48.6046484595944,121.45692945172814,-111.2892527614257,-1.2130007629750301,3.21096631765471,-2.971507513412119
1.57,-0.03896874425505348,0.05587697345048055,-0.058110314583487824,0.013228147904116016,-0.817178744539582,0.47880669304338785,0.003110259636309045,0.002582497212885904,0.0021663735236321195,16.415310670689067,1.3076015945280586,-8.701293869212176,18.646977297705636,-1.8458010890055279,-5.400112303626831,-19.71779275566593,45.94789058101153,-186.67741935483872,-7.072327622580391,51.57761784895223,-188.87451598323042,-19.7177933185832,45.94789180030093,-186.67742150654593,-47.97228878731118,77.93068118737618,-96.82715698041453,-1.040022432647225,0.719430250661465,-1.6810009823726997
1.58,-0.03854285331308227,0.04656020751143308,-0.052571840056785266,0.06529574553850687,-1.0169919840700545,0.6080155811996173,0.0031348374100935196,0.002895009067075199,0.002304554211976166,16.415310670689067,1.3076015945280586,-8.701293869212176,18.619642448530893,-1.3008637732707256,-5.724573578893921,-19.71779275566593,45.94789058101153,-186.67741935483872,-8.809788822396282,51.311313800479226,-189.07259958511932,-19.7177933185832,45.94789180030093,-186.67742150654593,-46.7384372949198,50.35916826164695,-76.48013021133562,-1.0050519150086705,0.1968945468640798,-1.2980154317765085
1.59,-0.037646560999594014,0.03554736695198851,-0.04600698978890262,0.10802814551062509,-1.1644005514316473,0.6885498883587557,0.0031782983880901026,0.0029567955117513448,0.0025623078503189027,16.415310670689067,1.3076015945280586,-8.701293869212176,18.56589802266405,-0.6616548958463446,-6.1050321197097,-19.71779275566593,45.94789058101153,-186.67741935483872,-10.850037670545158,50.93905356547131,-189.27328357861938,-19.7177933185832,45.94789180030093,-186.67742150654593,-44.92231408160222,28.847790000872163,-55.237959767308595,-0.9636237386225082,-0.19501674999310004,-0.9151011532266548
1.6,-0.05471548551864763,0.08284214641739092,-0.05615906584870045,0.14062615176049065,-1.2763577860633297,0.716109419479294,0.002251478329026817,0.0021348586996002236,0.0022012430122813577,15.36472082258052,4.721795795456593,-9.688495250932984,18.49022407791638,0.05132480945570129,-6.51292153790379,-28.563410754739614,41.03817206036381,-188.01612903225805,-13.096753346648159,50.4643652124861,-189.4854985636627,-28.56341155823119,41.038173151186605,-188.01613117619993,-94.85884867920934,134.48179265223857,-86.01469345500061,-2.4875241974531455,3.154012392670782,-2.1258362395592756
1.61,-0.052473747764814616,0.06821112879014829,-0.04844886144241228,0.27851311589710115,-1.5943041326901282,0.8002357990988624,0.0024573932491127244,0.0019093966320190545,0.002437402450827086,15.36472082258052,4.721795795456593,-9.688495250932984,18.354682431319688,0.9064522484404507,-6.958683892135593,-28.563410754739614,41.03817206036381,-188.01612903225805,-15.710709067181964,49.737405584642126,-189.7460600811933,-28.56341155823119,41.038173151186605,-188.01613117619993,-80.27813270063675,105.83467033557,-61.971140152289514,-1.5016952382623987,0.9507183625400641,-0.9997145325080533
1.62,-0.049147927726250484,0.051018549519631876,-0.04028935963368416,0.3735057335373864,-1.8046164344118294,0.8208507462105498,0.002500275170838725,0.0021421010682619365,0.0030202870435580296,15.36472082258052,4.721795795456593,-9.688495250932984,18.158818980610246,1.902946185437935,-7.427075887228752,-28.563410754739614,41.03817206036381,-188.01612903225805,-18.663593938241206,48.74037715270475,-190.05882936253005,-28.56341155823119,41.038173151186605,-188.01613117619993,-71.75745680203327,51.93350917486313,-35.828742925414424,-1.3408313564470216,-0.010883380325933709,-0.5565408977286403
1.63,-0.0450062155937509,0.03223569792169356,-0.03217148271388007,0.4431617381001117,-1.9266972752029041,0.8005069237864296,0.002661125993089394,0.0019272102637010195,0.0032598302630641347,15.36472082258052,4.721795795456593,-9.688495250932984,17.91769036163201,2.9856466563084845,-7.890885095756567,-28.563410754739614,41.03817206036381,-188.01612903225805,-21.79201859759244,47.53353756953014,-190.3953982679008,-28.56341155823119,41.038173151186605,-188.01613117619993,-59.3612319251636,11.580070184844955,-21.682702455643348,-1.1062375141853655,-0.734121279712847,-0.33699993337474693
1.64,-0.06683740732787691,0.07042718596385038,-0.03215651238089415,0.4828062787181238,-1.9609105099557462,0.762215120717983,0.001956958609161679,0.0019271379100512568,0.0032626948794244426,13.846087757337703,8.028891677462951,-10.134767845918113,17.645999761472726,4.1085742053706005,-8.335855389510487,-36.239639361456,34.44834595378433,-189.3548387096774,-24.97486707138263,46.18112856035134,-190.72730092553428,-36.239640364877786,34.44834687507063,-189.35484084740733,-128.13247938324352,97.02277451707211,-23.288640392551955,-3.369580107463387,2.4295083328138576,-0.5140803753113338
1.65,-0.06087396083411023,0.04951517554907579,-0.024737176846224257,0.6697696943624624,-2.1635173911995653,0.7231972627800037,0.002069140887747729,0.002042556252707467,0.002952272680724666,13.846087757337703,8.028891677462951,-10.134767845918113,17.294724458959394,5.316530994313471,-8.758610373533454,-36.239639361456,34.44834595378433,-189.3548387096774,-28.298524340294186,44.51168136658005,-191.07487200655362,-36.239640364877786,34.44834687507063,-189.35484084740733,-103.16835308550706,40.26054080927487,-15.158695342873825,-1.773744207771219,-0.3185623575797879,-0.2572041290784413
1.66,-0.053496013135749865,0.0273757120332678,-0.01777174636896417,0.7848828825055563,-2.240278373325822,0.6727750858162157,0.0022780781186147515,0.0019193933424176829,0.0024980383674536796,13.846087757337703,8.028891677462951,-10.134767845918113,16.865727225114565,6.588851784919666,-9.154734069032058,-36.239639361456,34.44834595378433,-189.3548387096774,-31.712082485441947,42.54180887834031,-191.41383072640554,-36.239640364877786,34.44834687507063,-189.35484084740733,-76.33307015921727,-9.679111653362662,-7.890942208614221,-1.2922889644407922,-1.1903761560481023,-0.1449608019153743
1.67,-0.045264261629327396,0.005022255250738239,-0.011400480021424492,0.8468641954619177,-2.216735237563351,0.6047694451261773,0.002612743030955025,0.0018907710659730368,0.002766465473829283,13.846087757337703,8.028891677462951,-10.134767845918113,16.390827774971633,7.867699558081797,-9.515767110618595,-36.239639361456,34.44834595378433,-189.3548387096774,-35.07871619915242,40.39868556384403,-191.7133182807099,-36.239640364877786,34.44834687507063,-189.35484084740733,-50.945028578820825,-60.98461865469416,2.452126690316765,-0.8437578069484788,-2.055754094335974,0.010700379096555458
1.68,-0.07013686315627801,0.036998017830599195,-0.003823159837350737,0.8590036949742589,-2.0990706888476267,0.5195661808801575,0.0018912688004849142,0.0018886712954156405,0.0033542100267680928,11.929991363927133,11.097850958755014,-10.020881574987662,15.897425169603931,9.099786676040988,-9.830991108868508,-42.432212874737544,26.44820051634812,-190.69354838709677,-38.26564354291157,38.19577932681602,-191.9614945308768,-42.432214031040004,26.44820123290964,-190.69355052271663,-128.37672650162872,17.501435452424637,11.310641955012928,-3.2767636017485224,0.9672815217612913,0.15718666502617845
1.69,-0.060491113917414546,0.015595057503535736,0.000814311827639469,1.0271511621551863,-2.1443779099405953,0.41733976926575955,0.0021625570465254565,0.0019602367743093347,0.003352727503576066,11.929991363927133,11.097850958755014,-10.020881574987662,15.336408008517916,10.32703988913999,-10.090839201657674,-42.432212874737544,26.44820051634812,-190.69354838709677,-41.34097515770875,35.75996573920299,-192.18746559129096,-42.432214031040004,26.44820123290964,-190.69355052271663,-87.59052639784139,-32.965005872633604,15.049872774114924,-1.4029694458490514,-1.555535616682287,0.16281694076194314
1.7,-0.04974162250431216,-0.0055534395248477975,0.00439069092351585,1.1047565546631433,-2.076834642034798,0.3079649965972575,0.0024645717637688507,0.0019072207361401092,0.003265515858561669,11.929991363927133,11.097850958755014,-10.020881574987662,14.716419266963397,11.534378768919721,-10.289451580961313,-42.432212874737544,26.44820051634812,-190.69354838709677,-44.262005970926886,33.123524621394346,-192.39437242533097,-42.432214031040004,26.44820123290964,-190.69355052271663,-55.003498282674514,-80.20952465030828,17.72165438402837,-0.8454780511414755,-2.3279079328641887,0.17544631873041888
1.71,-0.03854045711210702,-0.025568000977567062,0.006847988798555998,1.12423057477457,-1.9288514880080385,0.1943328568571543,0.0030505719444141694,0.0019275116055898667,0.003257313770051384,11.929991363927133,11.097850958755014,-10.020881574987662,14.073818269669383,12.672223989637903,-10.423720532953723,-42.432212874737544,26.44820051634812,-190.69354838709677,-46.91839023243542,30.428252894146787,-192.57705744752664,-42.432214031040004,26.44820123290964,-190.69355052271663,-26.333892794542315,-120.30333463527396,18.454846306694126,-0.3691928341754069,-2.9689014182631155,0.15458278170176024
1.72,-0.06615926209087167,0.003773179556455175,0.019982952237616453,1.1070261765399325,-1.7139270983959474,0.0802950104974596,0.0020117407375083644,0.00201105841205515,0.0027880228313583565,9.707644493738394,13.818836824454419,-9.34366719483627,13.433149472651845,13.701510548007308,-10.492152592663455,-46.88760660735402,17.365262642241014,-192.03225806451613,-49.22384719282467,27.77889017975375,-192.7378295466631,-46.88760786545802,17.365263125677554,-192.0322602030171,-104.12437095059475,-43.876010788019364,38.125514963762,-2.9413190317580185,-0.19726373918445161,0.7173872842267585
1.73,-0.05425501187884596,-0.013172969845132748,0.019924163861270022,1.2345036342907167,-1.6580009789625525,-0.07323722084618096,0.0022691558401279717,0.0021249510005578996,0.0027836208719805556,9.707644493738394,13.818836824454419,-9.34366719483627,12.74509739403828,14.668015340775717,-10.480194658241087,-46.88760660735402,17.365262642241014,-192.03225806451613,-51.24713964710826,24.99112508653942,-192.91073641794546,-46.88760786545802,17.365263125677554,-192.0322602030171,-65.21010956252938,-75.48022623347234,33.605320149324776,-0.9777709784230648,-2.123212915787566,0.3289546234863342
1.74,-0.04162880430850274,-0.029110876738000585,0.018392751027574344,1.275868600393484,-1.5353460598850956,-0.21739453430799924,0.0027223800841776323,0.002237237478724532,0.002686289485242861,9.707644493738394,13.818836824454419,-9.34366719483627,12.019681440998163,15.573915766544665,-10.384236191803577,-46.88760660735402,17.365262642241014,-192.03225806451613,-52.98830215933733,22.084227925683223,-193.11408615105293,-46.88760786545802,17.365263125677554,-192.0322602030171,-31.81365203683358,-100.07007832450905,27.81234973153991,-0.402445498814398,-2.498758718038412,0.1878226236264195
1.75,-0.02890350355658869,-0.043630245990987,0.01547253688657993,1.2643518887533596,-1.381745833478971,-0.35089904970263397,0.0027597135847277606,0.0024750865991245204,0.002644463609060753,9.707644493738394,13.818836824454419,-9.34366719483627,11.291434289519529,16.396880418019435,-10.209362908630455,-46.88760660735402,17.365262642241014,-192.03225806451613,-54.411579758879306,19.173631387372556,-193.3549475063867,-46.88760786545802,17.365263125677554,-192.0322602030171,-11.262298487668598,-112.76173653002496,19.62783605956692,-0.07603407465059339,-2.6829327379002215,0.007903117348926788
1.76,-0.05868284361203585,-0.016445283541585753,0.032758563313257244,1.2205593223757043,-1.185252765332711,-0.46402770697079376,0.0021496709269782466,0.0024695522636645033,0.0036529649389396403,7.289502771087802,16.10852817647714,-8.115462722650118,10.580480813335729,17.11900057864856,-9.964795782292038,-49.42341621640557,7.571388875228835,-193.3709677419355,-55.49517063167528,16.3391049423489,-193.62928757361894,-49.423417523084495,7.571389105093812,-193.37096988732705,-78.11449289606183,-57.764487367973594,34.302605879358545,-2.3647407269306324,-0.5644754845449026,0.5526307133679205
1.77,-0.045908127582389685,-0.028032744442084534,0.027318368572622653,1.3026775012428122,-1.127458007215235,-0.6051784663425014,0.002406038677198947,0.0030430353591407175,0.003495735969354814,7.289502771087802,16.10852817647714,-8.115462722650118,9.84503563784124,17.77887854646738,-9.645257710980031,-49.42341621640557,7.571388875228835,-193.3709677419355,-56.30784812874771,13.428201720033323,-193.9389022410152,-49.423417523084495,7.571389105093812,-193.37096988732705,-44.25801078955046,-63.582069904658184,24.792770303458063,-0.6096362045334965,-1.7628092261452142,0.025521741121824676
1.78,-0.032825507512606794,-0.03888835869667706,0.020556093886748977,1.3056096046546835,-1.0487287316669716,-0.7323751243267409,0.002634827225774818,0.003183165748710435,0.0028336495187107234,7.289502771087802,16.10852817647714,-8.115462722650118,9.095578524379908,18.39623507543269,-9.250600052795408,-49.42341621640557,7.571388875228835,-193.3709677419355,-56.894891514855814,10.441756530158996,-194.30210598883514,-49.423417523084495,7.571389105093812,-193.37096988732705,-18.14851481456121,-74.7852546375301,16.259459820739135,-0.18514130798936376,-1.9417591023101546,-0.1572132412484619
1.79,-0.01994080707436216,-0.04875623698377368,0.012630450511479901,1.269930381920456,-0.9247901972500701,-0.8367525002957544,0.002469139327122928,0.0024396277099215857,0.0027937193463624306,7.289502771087802,16.10852817647714,-8.115462722650118,8.359559183618872,18.954109679242237,-8.790703322284298,-49.42341621640557,7.571388875228835,-193.3709677419355,-57.23873472403336,7.475765844050342,-194.71630759466498,-49.423417523084495,7.571389105093812,-193.37096988732705,3.4580057849343957,-110.95258245365333,1.911479386946365,0.16897792328020356,-2.5411321724174134,-0.4374015803783456
1.8,-0.051028612737363144,-0.025587192664236535,0.034383523658206405,1.2040708818514965,-0.7423875195897532,-0.9098457261176428,0.0023708026756340595,0.0030182338161460855,0.0035439426008840097,4.800028895070863,17.9103755636512,-6.365434072045864,7.653745163363257,19.419361476444287,-8.282268525565767,-49.93582535855264,-2.532458441935632,-194.70967741935485,-57.293471766450594,4.629276727504494,-195.1543139798422,-49.93582666015292,-2.5324584766411067,-194.7096795732227,-56.82843366072755,-50.9263050990266,27.451446860717542,-1.9317014208121661,-0.3444970951934612,0.4951275369648335
1.81,-0.03864559183964264,-0.032864027886297054,0.024547282054212055,1.246678609546852,-0.7052336385215383,-1.0362829850439634,0.0027780694068776767,0.0032619789126458526,0.0031131889525313097,4.800028895070863,17.9103755636512,-6.365434072045864,6.942830502789281,19.833439486353488,-7.71189317707694,-49.93582535855264,-2.532458441935632,-194.70967741935485,-57.121177996749594,1.7514117523555675,-195.62698120773075,-49.93582666015292,-2.5324584766411067,-194.7096795732227,-27.115177953739153,-57.13449640026081,13.739938780253393,-0.35794722639325405,-1.5431731347038882,-0.28926394414000434
1.82,-0.026240700257815164,-0.03958537478976104,0.013638920899437634,1.2300203870572812,-0.6417765321972803,-1.1300380127605456,0.0028348910093070638,0.003070660984285329,0.0026948513180487157,4.800028895070863,17.9103755636512,-6.365434072045864,6.233239445205211,20.214775399872543,-7.0817262759200945,-49.93582535855264,-2.532458441935632,-194.70967741935485,-56.76703759619795,-1.1639674237788735,-196.14246888207597,-49.93582666015292,-2.5324584766411067,-194.7096795732227,-6.974642635691096,-69.2202828685121,-3.9707286920681253,-0.02250025146287347,-1.7419827443293416,-0.6265870729384119
1.83,-0.014177437813301358,-0.04551182838878032,0.0020013358420430533,1.1825929231681718,-0.5466009111056792,-1.1859712732525916,0.002530608590954936,0.0025952466067151432,0.0029066221924297494,4.800028895070863,17.9103755636512,-6.365434072045864,5.544947017695795,20.548664725035866,-6.411947212398992,-49.93582535855264,-2.532458441935632,-194.70967741935485,-56.23397383194748,-4.027755936029165,-196.67894986621857,-49.93582666015292,-2.5324584766411067,-194.7096795732227,11.94594804393807,-89.51309419149437,-22.826458073802407,0.28487375403889653,-2.06561076829495,-0.9616844459039658
1.84,-0.04517239816802906,-0.027940076747895393,0.02880818083504548,1.1081127248318312,-0.4201796431258169,-1.205403675944765,0.002666765655160875,0.003149740872361681,0.0029126435158689373,2.3690531850014525,19.19138800603038,-4.142161008286431,4.8930080332409425,20.81656553428011,-5.722538915942518,-48.40385594331021,-12.53262661293602,-196.0483870967742,-55.51519575746472,-6.756143517630626,-197.2129188063593,-48.40385718763457,-12.532626912217655,-196.04838925773944,-42.5070059776093,-45.224587090277446,17.938358418789413,-1.592146876915958,-0.5226279429929138,0.523963585656989
1.85,-0.033915375511683936,-0.03202571136031174,0.016123080197641,1.1257165729017138,-0.3917911014983821,-1.3072333594123844,0.0030470966906703026,0.0032015894853417255,0.0025096667786996237,2.3690531850014525,19.19138800603038,-4.142161008286431,4.247827335712965,21.048542439067713,-4.990650329242322,-48.40385594331021,-12.53262661293602,-196.0483870967742,-54.632115008994305,-9.484941696957032,-197.76312596219344,-48.40385718763457,-12.532626912217655,-196.04838925773944,-19.192483635629845,-50.27115328158553,-4.1051594740815,-0.26382170148058653,-1.3424613871561089,-0.68703666833943
1.86,-0.022766984110889017,-0.03570849965207856,0.0027449011281393404,1.1022311927835673,-0.34789692966368746,-1.3559905031377577,0.002764380688390327,0.0032143486648003447,0.002542982421013854,2.3690531850014525,19.19138800603038,-4.142161008286431,3.6105541538770463,21.256991864582446,-4.221618696909171,-48.40385594331021,-12.53262661293602,-196.0483870967742,-53.62094554589058,-12.220994041887634,-198.32512337426544,-48.40385718763457,-12.532626912217655,-196.04838925773944,-4.026068500758362,-54.54280065400379,-28.497471727851973,-0.018458256754878374,-1.4030031693304128,-1.1192645253971356
1.87,-0.01198491660272584,-0.03891421319009425,-0.01086373539979961,1.0539683659144383,-0.29752986309663076,-1.3593008216117157,0.0027331761356484373,0.0032303852633165223,0.0025471562393187793,2.3690531850014525,19.19138800603038,-4.142161008286431,2.995715718959413,21.437751849088713,-3.4419673305871754,-48.40385594331021,-12.53262661293602,-196.0483870967742,-52.52044233341989,-14.891016268802284,-198.87164010258772,-48.40385718763457,-12.532626912217655,-196.04838925773944,12.71918000718691,-58.12435843999133,-52.35314158638317,0.25590672433572226,-1.450618959858676,-1.5401357149109431
1.88,-0.041047776170152483,-0.028549766531383802,0.02159416582758991,0.9827421730780722,-0.23800175141943353,-1.3148029474454177,0.002992286114108628,0.0032071338362756477,0.0026604695432714633,0.12163208418505335,19.93763441104811,-1.5162301296317156,2.4166476316678973,21.587051305146,-2.6769846113722626,-44.89022697853708,-22.019707577881718,-197.38709677419354,-51.36949759167051,-17.42531987814278,-199.38114102780307,-44.89022811695655,-22.01970812968448,-197.3870989384351,-33.46220185108297,-41.45820107340819,5.1481898176301915,-1.3309596041428213,-0.8402922223624696,0.5057988796568298
1.89,-0.031120867749787142,-0.03079238126341316,0.007927649484491917,0.9903326838113147,-0.21005240037033873,-1.3926749703788337,0.0031990058507979395,0.0032070075269797467,0.002617293207582746,0.12163208418505335,19.93763441104811,-1.5162301296317156,1.84806533877761,21.713752546609772,-1.8904255767953988,-44.89022697853708,-22.019707577881718,-197.38709677419354,-50.11821267995583,-19.94044692416485,-199.8831819317885,-44.89022811695655,-22.01970812968448,-197.3870989384351,-16.17715870182366,-44.540383441367695,-19.991250659266672,-0.25577573608179177,-1.19878057433224,-0.987955598860175
1.9,-0.021324285186155815,-0.03270225475688854,-0.006130397441733795,0.9685882713851048,-0.17470333360642548,-1.4090663042866438,0.002680916191763904,0.003209511007298841,0.002527731818996253,0.12163208418505335,19.93763441104811,-1.5162301296317156,1.2881049800153657,21.821130703937797,-1.0842938867149479,-44.89022697853708,-22.019707577881718,-197.38709677419354,-48.77632807416659,-22.442002460638424,-200.37266021103292,-44.89022811695655,-22.01970812968448,-197.3870989384351,-4.513601913729779,-46.67170990776988,-45.548056385397494,-0.06844635066372672,-1.2253645664630402,-1.4222019311335583
1.91,-0.011847863242263581,-0.03423980223454004,-0.020087945092087778,0.9266739747510585,-0.13634918667388785,-1.3760689607716436,0.0027285947225702423,0.003230193856092316,0.0023762514098743586,0.12163208418505335,19.93763441104811,-1.5162301296317156,0.747695964502452,21.907019921073847,-0.2867489425017968,-44.89022697853708,-22.019707577881718,-197.38709677419354,-47.391926849747804,-24.86366853110889,-200.8225075856521,-44.89022811695655,-22.01970812968448,-197.3870989384351,10.953398560570832,-48.20206299333337,-73.56452260076745,0.1845990876921313,-1.241914801921138,-1.875438426510422
1.92,-0.03701021767660342,-0.03167684457505543,0.017700276622206884,0.8607530477624474,-0.09717310168995918,-1.313181964842487,0.0031992962795682226,0.003256199941521834,0.002516013519438175,-1.831033947656842,20.150310163762008,1.4188759322032274,0.23979715230376314,21.970655843599985,0.48116480348829777,-39.538786846884925,-30.605299127383145,-198.7258064516129,-46.00577581272742,-27.145260444383602,-201.22387837197056,-39.53878783643194,-30.60529990752787,-198.72580861424166,-27.60003781111276,-42.13222055632947,-1.3713208655266798,-1.1437868683451822,-1.035360806389141,0.5125193697744412
1.93,-0.02835994723063006,-0.0324634897314503,0.004080953232128263,0.8604028149345218,-0.06308038890622764,-1.3845637403639963,0.003185616040524329,0.003260520375767315,0.0025283416008806156,-1.831033947656842,20.150310163762008,1.4188759322032274,-0.25533334882925296,22.013744626682893,1.264557591046657,-39.538786846884925,-30.605299127383145,-198.7258064516129,-44.53485270964637,-29.39439306274457,-201.6160686774986,-39.53878783643194,-30.60529990752787,-198.72580861424166,-14.880600989181977,-42.84289678434098,-27.268476761841658,-0.27691891771999,-1.1321421671492582,-1.123964404511336
1.94,-0.01986443708863802,-0.032899971456731014,-0.00985217313589903,0.8387154194775547,-0.02766598671229093,-1.394143485973345,0.002589613357094808,0.003261654236714139,0.0025743313833636794,-1.831033947656842,20.150310163762008,1.4188759322032274,-0.7407678685485783,22.036721579675266,2.0631689109718803,-39.538786846884925,-30.605299127383145,-198.7258064516129,-42.97922494222837,-31.617882447735653,-201.9939248231173,-39.53878783643194,-30.60529990752787,-198.72580861424166,-5.611005492627783,-42.9183073392274,-51.16586428726359,-0.12598228153769517,-1.1245836188813019,-1.5208738136534112
1.95,-0.011675927598028168,-0.03298200908966481,-0.02360890961988273,0.7987768762813955,0.007462547496896332,-1.3546808051667605,0.002742899376603224,0.003261619284741507,0.0025944099009633068,-1.831033947656842,20.150310163762008,1.4188759322032274,-1.2075031573806179,22.039419594327534,2.8489116938884798,-39.538786846884925,-30.605299127383145,-198.7258064516129,-41.3931107718653,-33.7558804846821,-202.33364424285287,-39.53878783643194,-30.60529990752787,-198.72580861424166,7.978149647141011,-42.83938693962551,-73.79432399377168,0.09348197452819595,-1.1147219391806789,-1.8670024689454592
1.96,-0.03136073228588955,-0.03807946873541934,0.017811161478013114,0.7364415472465985,0.04054838609543168,-1.2892628569515467,0.0032606036168872496,0.0031590382072961398,0.0025413357366165334,-3.3976250655741933,19.843477867998725,4.549254063166903,-1.6432042718979332,22.022553152372787,3.603880197915641,-32.56862413611111,-37.93790613463955,-200.06451612903226,-39.816063891134036,-35.75616353116722,-202.63429476457802,-32.56862494115453,-37.93790710799657,-200.0645182857905,-21.837864973773197,-49.45340829583299,-0.9064692716688312,-0.9568919847806551,-1.314537386712051,0.576466725078741
1.97,-0.02402300815102655,-0.03737689062188082,0.004397528770651402,0.7260998426675513,0.09258047529841684,-1.3663225040826033,0.002894238806666686,0.0031903283368090694,0.002579279183747254,-3.3976250655741933,19.843477867998725,4.549254063166903,-2.0626950300686557,21.97943671851179,4.375785232555383,-32.56862413611111,-37.93790613463955,-200.06451612903226,-38.138809367667825,-37.708813985744655,-202.93396737531222,-32.56862494115453,-37.93790710799657,-200.0645182857905,-13.748702599487022,-47.059640398946534,-26.063718820140704,-0.3015624380655107,-1.1618888110443515,-1.1046057468033872
1.98,-0.016891993050763728,-0.03619572350846423,-0.009384024951731906,0.7002498522641806,0.138157960353945,-1.381510538052933,0.00246936061835092,0.003219737889095227,0.002597130714121195,-3.3976250655741933,19.843477867998725,4.549254063166903,-2.4697047995722534,21.909181971615904,5.16603248401425,-32.56862413611111,-37.93790613463955,-200.06451612903226,-36.35491918270333,-39.62267338833364,-203.22735172978238,-32.56862494115453,-37.93790710799657,-200.0645182857905,-4.88201035987078,-44.27924153694832,-50.05537274793896,-0.1546973764183583,-1.1035575350999407,-1.5068722961112206
1.99,-0.01011653793361924,-0.034589080008305406,-0.023046818279389897,0.6557919859043035,0.17827357086653262,-1.3471985240568474,0.0028837731654543586,0.0032040738667773903,0.0025666492272006115,-3.3976250655741933,19.843477867998725,4.549254063166903,-2.8552397849549958,21.814862337598154,5.946670232290057,-32.56862413611111,-37.93790613463955,-200.06451612903226,-34.52748875809184,-41.44244399962381,-203.49625987516325,-32.56862494115453,-37.93790710799657,-200.0645182857905,6.995014635760128,-41.86788551986953,-73.79352672966748,0.031196738169341046,-1.0530462560752631,-1.8728494035582115
2.0,-0.02329058363557271,-0.04657113915182831,0.019603156179988257,0.5933136395064714,0.2122766802424479,-1.2861344079723043,0.00283397195396406,0.0025874979520701686,0.0025923670332706774,-4.509059462790818,19.04383146316589,7.7472394283460915,-3.2087328773659864,21.69912472620464,6.69904628756741,-24.26509812655405,-43.717330807229104,-201.40322580645162,-32.70229744559889,-43.12195064447595,-203.73990251552937,-24.26509871976842,-43.71733192992601,-201.4032279551009,-16.376845573677954,-70.6643152577666,2.196725216826393,-0.7951012290122212,-1.9551504319342699,0.6499818044999892
2.01,-0.017433347220507073,-0.04391024498536833,0.006192786694138225,0.5742974235688856,0.3014378866919225,-1.3682127824730734,0.0024865097292479255,0.0028726272685434505,0.002650923888488373,-4.509059462790818,19.04383146316589,7.7472394283460915,-3.5429301330133107,21.54202978430633,7.471059116905657,-24.26509812655405,-43.717330807229104,-201.40322580645162,-30.736110035017685,-44.729210028804694,-203.9852694829243,-24.26509871976842,-43.71733192992601,-201.4032279551009,-9.725326559583472,-57.4625915325544,-22.70054966091783,-0.27631193127026704,-1.2783106237131951,-1.0499057921236084
2.02,-0.011891612653606623,-0.04054428748715616,-0.007638754156595956,0.5347041708895076,0.3622032827616519,-1.388593970480512,0.0027250393934796224,0.0030709632431129555,0.002573489023781958,-4.509059462790818,19.04383146316589,7.7472394283460915,-3.858069133231333,21.345811855899896,8.264451542350026,-24.26509812655405,-43.717330807229104,-201.40322580645162,-28.629739649366844,-46.27027646404037,-204.23314328054548,-24.26509871976842,-43.71733192992601,-201.4032279551009,0.04812103946157742,-47.74047471312754,-48.05999901029023,-0.1214016539937839,-1.0971263542895764,-1.4844365924671816
2.03,-0.006840599673254288,-0.036677207855088434,-0.02140637471955012,0.47921164464076726,0.40453210443902043,-1.3586713821453704,0.0031757346855284,0.003198228298680452,0.002457164838306962,-4.509059462790818,19.04383146316589,7.7472394283460915,-4.144222624492277,21.121902786575674,9.051304782226458,-24.26509812655405,-43.717330807229104,-201.40322580645162,-26.467227430352967,-47.699767534247435,-204.4747244588616,-24.26509871976842,-43.71733192992601,-201.4032279551009,7.532038567647761,-39.59088269670239,-74.4393423761815,-0.015717463980019834,-0.9531978124798363,-1.899878844734949
2.04,-0.01303321695978836,-0.0543040538876452,0.02001187011337696,0.4130312643379569,0.4344025237850423,-1.2986241809481343,0.0026394192076403715,0.0022981785797828724,0.0025962732296011216,-5.117937939749441,17.792183492275473,10.881522913645703,-4.394769354967578,20.87741676954921,9.810599534722483,-14.968156148667902,-47.70696282000244,-202.74193548387098,-24.30933829100002,-48.98337193701597,-204.7050292501718,-14.968156511304,-47.70696404214925,-202.7419376247799,-5.300895539647996,-88.55555086097611,2.5681702681945797,-0.48408440100846317,-2.5074218705149436,0.6334529484957361
2.05,-0.00912153910490869,-0.04919698999744826,0.006494040188001704,0.36925979747101734,0.5606760074962559,-1.3776095598694704,0.0029564353083912105,0.0024090172541080456,0.00263429088062022,-5.117937939749441,17.792183492275473,10.881522913645703,-4.616164934559623,20.57828432100172,10.588602021091585,-14.968156148667902,-47.70696282000244,-202.74193548387098,-21.98167987089403,-50.15341250331858,-204.94398841207564,-14.968156511304,-47.70696404214925,-202.7419376247799,0.8593227348372661,-71.82797193336411,-22.648500652798035,-0.16027375746168673,-1.4425733617871068,-1.0597277774832803
2.06,-0.005736844623977874,-0.04312730417268257,-0.007412327146284814,0.3118067510814413,0.6382154544203967,-1.3943189688490074,0.0032258111006195963,0.002784416819230097,0.002561017818233305,-5.117937939749441,17.792183492275473,10.881522913645703,-4.806747257251433,20.22632576066638,11.386066368053188,-14.968156148667902,-47.70696282000244,-202.74193548387098,-19.486258470672837,-51.20993327765264,-205.1932272817041,-14.968156511304,-47.70696404214925,-202.7419376247799,4.542342440337586,-50.241523151743635,-48.05968036874433,-0.11710201832146713,-1.052470326959399,-1.4939335730872152
2.07,-0.002970569328671055,-0.0365132694355802,-0.02121649844882445,0.24727023373535276,0.6757251990908217,-1.3604740055667968,0.0032775844032911037,0.0032196310430662786,0.0024448022166898642,-5.117937939749441,17.792183492275473,10.881522913645703,-4.961517966083827,19.845395015562875,12.174784250224608,-14.968156148667902,-47.70696282000244,-202.74193548387098,-16.936914647444162,-52.13545293710853,-205.44579103065803,-14.968156511304,-47.70696404214925,-202.7419376247799,7.022057613839002,-32.82201189911167,-74.48750592229202,-0.09553422458551554,-0.7611665926938873,-1.9096949061902406
2.08,-0.002247659426935514,-0.05839667466372428,0.01693841922306316,0.17829297630009613,0.6904106908070502,-1.2960072135132445,0.0033625677772217357,0.0021370725788917595,0.0025222361149023972,-5.1965517370208145,16.145820959469717,13.828449135605824,-5.077639752797108,19.45065416697306,12.933329124891333,-5.058416099371614,-49.74346616959476,-204.0806451612903,-14.414161187519582,-52.914689088454246,-205.69714593243984,-5.0584162211115995,-49.743467437990894,-204.08064729706786,6.68004107975807,-96.47077757891748,-2.318854403004265,-0.14261568176680078,-2.8151188051734786,0.47083755376813563
2.09,-0.0008245681721862352,-0.0506779165176276,0.0035392931240415815,0.1119330653106178,0.8210575233787613,-1.3591148967469548,0.003413638202656031,0.0023603213760500655,0.0025581843032557805,-5.1965517370208145,16.145820959469717,13.828449135605824,-5.155329178800142,19.00189220346384,13.703668216767463,-5.058416099371614,-49.74346616959476,-204.0806451612903,-11.737012080644767,-53.55134265399029,-205.96139369591458,-5.0584162211115995,-49.743467437990894,-204.08064729706786,6.672615980623013,-68.92160016455784,-27.60880415482614,-0.1415657281870522,-1.3178842829058026,-1.151661062098675
2.1,-8.524808983439991e-05,-0.04206088596649998,-0.01010736173785981,0.042409295643411914,0.8864812101188528,-1.3632303454809669,0.0034334025748005903,0.0028764933201349124,0.002592565760501692,-5.1965517370208145,16.145820959469717,13.828449135605824,-5.1936925994520085,18.504741043597708,14.485550251298116,-5.058416099371614,-49.74346616959476,-204.0806451612903,-8.918157519880237,-54.05093549395709,-206.2396496935145,-5.0584162211115995,-49.743467437990894,-204.08064729706786,5.569074997263124,-40.75505406281675,-51.23139345633459,-0.1815302274775936,-0.8215604520330944,-1.554076802565157
2.11,-4.440365793101364e-05,-0.033063811745995375,-0.02352286619145022,-0.0269906725050724,0.9060618633668741,-1.3178798401780538,0.0034344219846834927,0.0032250776611319016,0.0026235779066714014,-5.1965517370208145,16.145820959469717,13.828449135605824,-5.192065561555697,17.988295243097873,15.251402413789762,-5.058416099371614,-49.74346616959476,-204.0806451612903,-6.0827894252112165,-54.41366250403977,-206.5265966531269,-5.0584162211115995,-49.743467437990894,-204.08064729706786,4.065093592950445,-22.610449995257127,-72.44273154021266,-0.22860918185442505,-0.5292393766092109,-1.8645394294682598
2.12,0.007369578673635788,-0.058307960763044175,0.00996507902011301,-0.09411139949046421,0.9033729437180424,-1.2473169883968072,0.0032309481392226017,0.00215358096848872,0.0027792713956334867,-4.7349263829926675,14.180433204893431,16.48159680052191,-5.151234013946293,17.468048306932182,15.982978008992207,5.058416099371602,-49.74346616959476,-205.41935483870967,-3.3058965314375115,-54.63692352706727,-206.81804868172054,5.058416220608108,-49.74346743012905,-205.41935697308665,13.49099778098289,-89.21494421468024,-11.927667573084337,0.06526685691654033,-2.687968274450664,0.1657712564206508
2.13,0.005968131099293825,-0.048561229289178665,-0.0027967424167330557,-0.1762195519676876,1.013816122694657,-1.2847966435432872,0.0033136676151738027,0.0025107905842758414,0.002689169365407886,-4.7349263829926675,14.180433204893431,16.48159680052191,-5.066327850530299,16.90432937368293,16.71547504987726,5.058416099371602,-49.74346616959476,-205.41935483870967,-0.42107757867776013,-54.70384941256796,-207.1229302953415,5.058416220608108,-49.74346743012905,-205.41935697308665,8.798103125094011,-55.5509177139303,-34.87627517264156,-0.19391201995288107,-1.0366236956624761,-1.2504042062621896
2.14,0.0037806577385056106,-0.03816983800618873,-0.015602882975454424,-0.2525600253797301,1.0515972255957895,-1.2691599532165625,0.0033151538877783686,0.003211628344261928,0.0024215187780646753,-4.7349263829926675,14.180433204893431,16.48159680052191,-4.936659636349482,16.307078978843638,17.448024113330113,5.058416099371602,-49.74346616959476,-205.41935483870967,2.5480485131026227,-54.625438176911665,-207.44548042487924,5.058416220608108,-49.74346743012905,-205.41935697308665,3.774866126666054,-26.309944695114766,-61.90685152682587,-0.30059918374911676,-0.5450293761501823,-1.7156490781725269
2.15,0.0008738733719606678,-0.027622330919929605,-0.028003705985724714,-0.3207032303943202,1.0534778771129907,-1.2150205309052728,0.0032579712846407373,0.0031773781807796437,0.0028609181930854787,-4.7349263829926675,14.180433204893431,16.48159680052191,-4.766257773789352,15.70278041147599,18.15534896219511,5.058416099371602,-49.74346616959476,-205.41935483870967,5.486249533607096,-54.4113666472524,-207.77862929135608,5.058416220608108,-49.74346743012905,-205.41935697308665,-1.9633666509434757,-11.63842039567859,-71.2039697104614,-0.4187260771068584,-0.30647276432561754,-1.8430083226228477
2.16,0.014702662457810295,-0.05540363143247218,-4.5589333383722064e-05,-0.3792762112509981,1.0345089708380846,-1.1414014774960184,0.002675830691317048,0.00231855273748678,0.0030104796301111793,-3.739906463975168,11.990139297888026,18.75748987862911,-4.559797333740952,15.104060372091302,18.82607852231309,14.968156148667887,-47.706962820002445,-206.75806451612902,8.339477802058255,-54.072936058787036,-208.11769605074994,14.968156506731518,-47.70696401977221,-206.75806665252486,19.30297148028309,-73.35726055427253,-23.40098322037475,0.2852807264111184,-2.3435035688014634,-0.21099001587221208
2.17,0.01035707488829829,-0.044502379640090794,-0.011581828499105551,-0.47424010140656603,1.1183738051955057,-1.150996896329127,0.0029797980887394486,0.0026949599646925496,0.0026811223423702205,-3.739906463975168,11.990139297888026,18.75748987862911,-4.305682895602678,14.475620280901687,19.486884677232247,14.968156148667887,-47.706962820002445,-206.75806451612902,11.246475378589825,-53.5720225774771,-208.47269499066837,14.968156506731518,-47.70696401977221,-206.75806665252486,8.352082460109637,-41.5561692842893,-45.98960943624554,-0.2939688272515054,-0.77251867162826,-1.42016029484279
2.18,0.005191412515361898,-0.03316930647679675,-0.022882142777884973,-0.5488962664377564,1.139835118509768,-1.1085319997711542,0.003362922964310586,0.0030141860502119,0.002763719120414525,-3.739906463975168,11.990139297888026,18.75748987862911,-4.00552005369844,13.825275840295312,20.131766336221865,14.968156148667887,-47.706962820002445,-206.75806451612902,14.176361808911986,-52.91363261443818,-208.84050731215342,14.968156506731518,-47.70696401977221,-206.75806665252486,-1.2549763432843988,-18.55499201647874,-62.31187170106662,-0.4765974278148081,-0.39787864525659383,-1.6492757219344951
2.19,-0.0006436433897079041,-0.021803850007255376,-0.03368896082435768,-0.6096472057087833,1.1300191252728877,-1.0559814399158507,0.0034269959050743145,0.002668996825955749,0.003205862774589679,-3.739906463975168,11.990139297888026,18.75748987862911,-3.6677981567046833,13.174793807840278,20.74787037968813,14.968156148667887,-47.706962820002445,-206.75806451612902,17.051195725356685,-52.1281104397225,-209.2160756038414,14.968156506731518,-47.70696401977221,-206.75806665252486,-10.47913038321443,-3.156557110506375,-68.36777860993648,-0.6508768126475569,-0.14198478042668475,-1.753713836654833
2.2,0.019254267891667974,-0.050918793836043086,-0.01174881763704555,-0.6540167801962006,1.0942843059975185,-0.9770600997946229,0.0027371556606936797,0.0024347255621682187,0.0027367860237606017,-2.235637985467809,9.684471310182719,20.596913316477227,-3.3004620019020585,12.538151948905268,21.326316783314383,24.26509812655404,-43.71733080722911,-208.09677419354838,19.818770901181434,-51.23939145557988,-209.59434178978816,24.265098706893365,-43.717331896580205,-208.096776333825,19.19483315366757,-59.1036518450898,-40.09154782371403,0.3701692610281417,-2.0852506373543713,-0.5893552807944622
2.21,0.01213886600795331,-0.03953685395438816,-0.02139783857401828,-0.7507155083193128,1.1567963534892254,-0.9454906826201703,0.0028297865280949696,0.0029745298757416043,0.002686136348534203,-2.235637985467809,9.684471310182719,20.596913316477227,-2.8876832379795134,11.883364517631684,21.876829296949424,24.26509812655404,-43.71733080722911,-208.09677419354838,22.571704670326536,-50.17951703105632,-209.97867178546846,24.265098706893365,-43.717331896580205,-208.096776333825,4.208704858556749,-27.816462860434157,-56.94753622161819,-0.45088756545637937,-0.5415517376086812,-1.5217688601584884
2.22,0.00423901512801457,-0.027900515694245204,-0.030602562921119236,-0.819048083742486,1.1644201773498972,-0.8995879291591857,0.0034006875492065478,0.002959392071200784,0.0032375949099523946,-2.235637985467809,9.684471310182719,20.596913316477227,-2.4312577374713977,11.216393556570257,22.401563556595494,24.26509812655404,-43.71733080722911,-208.09677419354838,25.301455783240776,-48.96282741189499,-210.37066048338454,24.265098706893365,-43.717331896580205,-208.096776333825,-8.864606071971338,-10.0725281709507,-59.81147007341814,-0.6873410381790727,-0.24810507989250255,-1.5680473253972311
2.23,-0.0042332787190798304,-0.01635016350894472,-0.039282447546953425,-0.8670506152610389,1.1434806533787891,-0.8384823951007557,0.0033394011322653416,0.002473124374098074,0.003090639486796927,-2.235637985467809,9.684471310182719,20.596913316477227,-1.9432075668993107,10.555959375257682,22.895226477210013,24.26509812655404,-43.71733080722911,-208.09677419354838,27.953334124704135,-47.63420610324357,-210.764792420246,24.265098706893365,-43.717331896580205,-208.096776333825,-21.67325647282455,7.208157990031093,-74.12648831352415,-0.9224046645796344,0.041986729051188706,-1.8121537581965068
2.24,0.02135028143595983,-0.045339259149068584,-0.023310752558903247,-0.886015203496315,1.0971912668225579,-0.7361641308921443,0.0028966493424610034,0.0026719918558899903,0.0028356102443091863,-0.2651349697802034,7.382100992436891,21.962833856707654,-1.4366259135332928,9.916182239281289,23.340758123292733,32.568624136111104,-37.937906134639555,-209.43548387096774,30.453619964183066,-46.21781605816788,-211.14668908652865,32.568624915647824,-37.93790706927181,-209.43548601478076,15.28580799305479,-43.19552246212447,-51.12684190710117,0.4449649036347632,-1.7374173226441,-0.7202848881265655
2.25,0.011903999443963403,-0.03409334543450124,-0.030514760761244764,-0.9818016569113385,1.133389567166081,-0.7019618563721695,0.002825946713275096,0.003029253897211903,0.0032512893291338756,-0.2651349697802034,7.382100992436891,21.962833856707654,-0.8905261978717158,9.270520321491215,23.751165857610456,32.568624136111104,-37.937906134639555,-209.43548387096774,32.8916893076205,-44.646121688780795,-211.53031631115854,32.568624915647824,-37.93790706927181,-209.43548601478076,-2.4202054005437534,-19.35708579827031,-54.72490657244764,-0.6343470797724303,-0.4159958336974911,-1.4301435546768972
2.26,0.0017414884709861479,-0.02276154560341906,-0.0372644646787087,-1.0405210931870132,1.1291172456323437,-0.6503540522087996,0.0032457708183649897,0.0027297500746036405,0.003194627014692036,-0.2651349697802034,7.382100992436891,21.962833856707654,-0.30504666941874753,8.621645458517845,24.13483643027014,32.568624136111104,-37.937906134639555,-209.43548387096774,35.28140755377603,-42.93402049208676,-211.92049237430416,32.568624915647824,-37.93790706927181,-209.43548601478076,-17.975643379492244,-3.2068060475389957,-64.4710901950801,-0.9129800766852423,-0.14722735147571334,-1.589893283650625
2.27,-0.008857543686765851,-0.011609987980834874,-0.04337715923476443,-1.071118734366783,1.0994203344096463,-0.5743285098171663,0.0029400040749994758,0.002712015494845724,0.0027630879854295574,-0.2651349697802034,7.382100992436891,21.962833856707654,0.30379128069975153,7.984565223414352,24.480519302794626,32.568624136111104,-37.937906134639555,-209.43548387096774,37.56030719309542,-41.122126490828336,-212.30224199928276,32.568624915647824,-37.93790706927181,-209.43548601478076,-36.82061945977253,15.952855239983451,-82.88814939852861,-1.2548125549860256,0.17430478939186914,-1.8946324448836047
2.28,0.021880001936411597,-0.03892703619542204,-0.03328282931294552,-1.0592022831214147,1.048520110350866,-0.463216935907683,0.002879992090202345,0.0031809372226929426,0.003207348177497989,2.107996036567394,5.202341717491665,22.83667578954966,0.9162076592724774,7.372132827483833,24.77028556630214,39.53878684688493,-30.605299127383134,-210.7741935483871,39.652688020195626,-39.24786684829154,-212.6530745172139,39.538787794262944,-30.60529987044348,-210.77419569333654,11.025224021440806,-26.971166507380044,-53.7116570114435,0.5101790750431371,-1.3435002967887422,-0.7484303206446073
2.29,0.010699958257950833,-0.02831279785670733,-0.03771671292951162,-1.1523430247925806,1.0629846468825526,-0.42077648931126893,0.0028113861227953853,0.003193551647686587,0.0031790529686114297,2.107996036567394,5.202341717491665,22.83667578954966,1.5613184925211268,6.763674272455637,25.021482568337646,39.53878684688493,-30.605299127383134,-210.7741935483871,41.64851394533901,-37.239067451261114,-213.00330797661474,39.538787794262944,-30.60529987044348,-210.77419569333654,-9.093291577971701,-10.638230835932658,-60.07612127954851,-0.8021371180479941,-0.29070416074461564,-1.451798534515416
2.3,-0.0011138450052404283,-0.017742759199212033,-0.04160212400805008,-1.1997171805904432,1.0492001337716674,-0.3599016374750173,0.0028746496565071316,0.0025342281273382514,0.0029963444987409476,2.107996036567394,5.202341717491665,22.83667578954966,2.2407114447592247,6.158963249684176,25.240526951649738,39.53878684688493,-30.605299127383134,-210.7741935483871,43.56352355105534,-35.09969811344638,-213.35627736583697,39.538787794262944,-30.60529987044348,-210.77419569333654,-28.805210445432984,3.455521964525922,-68.58158157194406,-1.1519916356912017,-0.054150230805745915,-1.5831585651992603
2.31,-0.013206725245246562,-0.007443984725664626,-0.04479966192083973,-1.2105986170273242,1.0103687903197907,-0.28503117600176753,0.0025495393584831316,0.0031025637705521768,0.0028131784886786396,2.107996036567394,5.202341717491665,22.83667578954966,2.9339453988301516,5.571244186193064,25.419364938977218,39.53878684688493,-30.605299127383134,-210.7741935483871,45.345502771943366,-32.883965362396275,-213.69372055331294,39.538787794262944,-30.60529987044348,-210.77419569333654,-54.00308942471275,20.416116002249403,-76.91374735361046,-1.5990214051112834,0.2184417299802136,-1.7068844572534585
2.32,-0.0251578433680816,0.0023629037435753814,-0.04716209658005527,-1.179936832191883,0.9537322832404671,-0.19368123533882575,0.0028468295499002702,0.003385624123027322,0.0025352119797289316,2.107996036567394,5.202341717491665,22.83667578954966,3.616848805092147,5.012697473131017,25.549392442420817,39.53878684688493,-30.605299127383134,-210.7741935483871,46.942141653535465,-30.6539524162607,-213.9942909331893,39.538787794262944,-30.60529987044348,-210.77419569333654,-67.4060070842637,32.60665635837093,-87.49661896898574,-1.779081651847553,0.40527489880436784,-1.8610043187135967
2.33,0.009577551221477285,-0.022091259171845352,-0.0421538549568824,-1.2564455225725981,0.9486488926259824,-0.1304675291518417,0.002794589566840508,0.0027376496820189903,0.0028684959746310733,4.799036371624525,3.2563779656583094,23.21463326443068,4.322599882704634,4.467829587509433,25.636968256999186,44.890226978537086,-22.01970757788171,-212.11290322580646,48.407525860850924,-28.318062189932334,-214.29098546447008,44.89022805501005,-22.019708101742673,-212.11290536831197,-13.829752132698363,-6.082190245676643,-66.56779303190531,-0.9183128015292337,-0.25123478142251626,-1.4845773546995464
2.34,-0.0032338916977445037,-0.012710473263603576,-0.04309057046636661,-1.294939009525828,0.9254303904653066,-0.06330669663603009,0.0026799921458107584,0.0026619405207559664,0.0027875940620342536,4.799036371624525,3.2563779656583094,23.21463326443068,5.058614831711676,3.93183186157038,25.686781685214907,44.890226978537086,-22.01970757788171,-212.11290322580646,49.76394769752606,-25.857448546016,-214.58844117281546,44.89022805501005,-22.019708101742673,-212.11290536831197,-37.25425816873236,9.558624604223466,-69.09822923247795,-1.3286076435028054,0.013112098213268851,-1.5083490495530205
2.35,-0.016208222497392955,-0.003701985768084212,-0.04335476146377554,-1.291210903497857,0.8783535954815924,0.0035623710394620464,0.00239105438414728,0.003359068242361059,0.002765031486383518,4.799036371624525,3.2563779656583094,23.21463326443068,5.801480432381199,3.4184744542969665,25.69809718589687,44.890226978537086,-22.01970757788171,-212.11290322580646,50.976226236726625,-23.34627694362518,-214.8722523510633,44.89022805501005,-22.019708101742673,-212.11290536831197,-65.7826495613418,22.251938513602028,-68.90081654761117,-1.8238895026240902,0.20878073685256174,-1.4847267015013392
2.36,0.02179650616503334,-0.0234589867677048,-0.04487848656921267,-1.2515423575347928,0.8148284454006623,0.06630601863434092,0.002733076518178564,0.002847772175141961,0.002641114968938616,7.704241968549939,1.6402187071901086,23.105170237632095,6.528304271235882,2.9373774102060426,25.67220136500075,48.40385594331021,-12.532626612936024,-213.4516129032258,52.02301865041113,-20.855964980881964,-215.12766360325153,48.40385710432829,-12.532626900301063,-213.4516150397878,6.111823427084734,-11.509611166802022,-71.70589741469283,0.520672513419461,-0.9558437845702616,-1.5835526520657075
2.37,0.008721830530759145,-0.015329384867064196,-0.04380147102184062,-1.3374025577145596,0.8041681288048782,0.13856365751017738,0.002741435085634603,0.0025141193889236637,0.0027271307144842707,7.704241968549939,1.6402187071901086,23.105170237632095,7.281442485734219,2.4726205145306546,25.606507801881065,48.40385594331021,-12.532626612936024,-213.4516129032258,52.93916950874242,-18.256668833261465,-215.38899890334238,48.40385710432829,-12.532626900301063,-213.4516150397878,-17.93417999828066,0.481121857018044,-66.39130356695391,-1.0201966942813023,-0.17542858551896118,-1.4031276456885482
2.38,-0.004855351850395928,-0.007489257484897292,-0.04209413379596333,-1.3672010451151722,0.7642250009686528,0.19459869699232263,0.002602202329328045,0.00312575020559705,0.0029049291590951824,7.704241968549939,1.6402187071901086,23.105170237632095,8.06081499057442,2.025827718029205,25.50556795933007,48.40385594331021,-12.532626612936024,-213.4516129032258,53.73253864921168,-15.55616862724902,-215.65870653551494,48.40385710432829,-12.532626900301063,-213.4516150397878,-43.42399882693452,13.070850190632925,-58.872700598769555,-1.4540398832868697,0.019158202421559873,-1.2593097025914883
2.39,-0.018482949049408365,-0.0001491032749251879,-0.03991325282683239,-1.349993149753599,0.7076303981138738,0.23535079954778432,0.002353369201695066,0.00343399655629934,0.003104614979153345,7.704241968549939,1.6402187071901086,23.105170237632095,8.840328237377415,1.6085800423173395,25.378354157550916,48.40385594331021,-12.532626612936024,-213.4516129032258,54.39694820019459,-12.847555382264103,-215.9245958843481,48.40385710432829,-12.532626900301063,-213.4516150397878,-73.25502436071335,22.126121317455574,-51.149790451497104,-1.9598663819463649,0.1552869557401673,-1.120105688744675
2.4,0.020674885796251347,-0.014561694917174265,-0.04746580300349962,-1.2993041133730638,0.6369687850323628,0.2635176054160492,0.002625840497195512,0.002549938134454377,0.002611309365886006,10.706353684437484,0.4305323075002281,22.52822237301861,9.597436352731654,1.228283090836372,25.23201479044881,49.93582535855264,-2.532458441935633,-214.79032258064515,54.93120930351554,-10.208132157821495,-216.1760549811499,49.93582655587083,-2.53245848608058,-214.7903247090112,3.0739193086347028,-3.327101449918556,-72.31470770862916,0.5383372906143244,-0.7363657377766766,-1.8305884162837944
2.41,0.00714922134299717,-0.008341328817563729,-0.04440724543489044,-1.3793833813352983,0.6036461065097819,0.3337247923006842,0.0026368105319599863,0.003050427195742841,0.002806111287091056,10.706353684437484,0.4305323075002281,22.52822237301861,10.376010800238623,0.874136933179526,25.053136250039007,49.93582535855264,-2.532458441935633,-214.79032258064515,55.3327878580965,-7.4928089936410815,-216.44579215579947,49.93582655587083,-2.53245848608058,-214.7903247090112,-22.59908675397446,7.165500689199331,-61.027663191213314,-1.1240235362454274,-0.12630197240058197,-1.2594368043398414
2.42,-0.00679144071441945,-0.0025812245458462415,-0.04080323672569486,-1.3990166307787806,0.5516995641812142,0.37920448594360423,0.002549567083170302,0.003396462357619679,0.003038323783620957,10.706353684437484,0.4305323075002281,22.52822237301861,11.175608547318015,0.5471479725881021,24.844149861096952,49.93582535855264,-2.532458441935633,-214.79032258064515,55.605517296960265,-4.706135925526783,-216.7346442890113,49.93582655587083,-2.53245848608058,-214.7903247090112,-48.605794315313,14.247466191743477,-49.98738829930861,-1.5698665964338263,-0.023797770561808342,-1.061543423291456
2.43,-0.02066372784984627,0.002604056252630194,-0.03684534156900471,-1.3688601168645653,0.49034375665212016,0.4073325119389058,0.0024083956902149436,0.0034141494516669495,0.003197507646069458,10.706353684437484,0.4305323075002281,22.52822237301861,11.96843433848523,0.25361532566323686,24.61584332733502,49.93582535855264,-2.532458441935633,-214.79032258064515,55.75833267867655,-1.9425168076161166,-217.0258256393105,49.93582655587083,-2.53245848608058,-214.7903247090112,-76.40625299897755,20.493814435342433,-41.13931857239517,-2.012817913626131,0.06301711191770862,-0.911325100319537
2.44,0.017912655344920397,-0.00591523262350631,-0.05033609914182047,-1.3076544233595657,0.4195824147238347,0.4244753113339791,0.002525289184848061,0.0032226363414509015,0.002418633155279953,13.683166615000156,-0.31666403326856596,21.51604044190462,12.732926330194623,-0.0016520925122011933,24.374845663231476,49.42341621640557,7.571388875228833,-216.1290322580645,55.79462708638582,0.7260799504490205,-217.3094686181288,49.42341740039225,7.571389070974364,-216.12903437787733,-1.7509048908524432,6.487811515886088,-79.48630578631216,0.4506308007000869,-0.4502929122940346,-2.146181837513167
2.45,0.0043717727461971,-0.0019664963057096363,-0.04555438410714241,-1.3753175732512646,0.37153836830947135,0.5122799773847014,0.002560089092049563,0.0032909596941722097,0.0025923180906818623,13.683166615000156,-0.31666403326856596,21.51604044190462,13.51164454816012,-0.22496587860330144,24.09640036177414,49.42341621640557,7.571388875228833,-216.1290322580645,55.67316252146251,3.4541258514528668,-217.61109829017633,49.42341740039225,7.571389070974364,-216.12903437787733,-27.65694768626611,11.031643893727626,-63.4498365186441,-1.2230619590270384,-0.1310097290128918,-1.2461245803589276
2.46,-0.009459890937651788,0.0014344602783471312,-0.04014327444862803,-1.3834290705806125,0.31315854532858545,0.5595119659845549,0.002593653749326026,0.003257631270770679,0.003031131896882577,13.683166615000156,-0.31666403326856596,21.51604044190462,14.304363435921985,-0.4164374615198367,23.78385230155716,49.42341621640557,7.571388875228833,-216.1290322580645,55.402183781295165,6.237593919275593,-217.9302968962943,49.42341740039225,7.571389070974364,-216.12903437787733,-51.9431764399348,14.363533081820835,-44.63511992821583,-1.626818179226575,-0.09249902885301514,-0.9203764984139109
2.47,-0.0231050076258682,0.0042207330635498225,-0.034416265584375216,-1.3424080152659044,0.24989847477478022,0.5808424794424107,0.0025747635295994995,0.0033223040263912667,0.003248579833096593,13.683166615000156,-0.31666403326856596,21.51604044190462,15.083600925893574,-0.5724339967802694,23.45459688862636,49.42341621640557,7.571388875228833,-216.1290322580645,55.01320664527218,8.975144604605164,-218.2541837371331,49.42341740039225,7.571389070974364,-216.12903437787733,-75.23476011824025,16.961240002552678,-32.70060109426167,-1.9825578060377356,-0.06888108309164609,-0.7234629174916684
2.48,0.013284003637812625,0.002012024835430065,-0.05301012169022101,-1.2745082676112145,0.18294519247219376,0.5880487435257185,0.0025903387198408,0.0033871274437029942,0.0022919794048752457,16.517481677844238,-0.5653902002473625,20.115119085885265,15.830376697191335,-0.6908734759411863,23.117571153297092,46.88760660735402,17.365262642241014,-217.46774193548387,54.52167673370803,11.600475536235555,-218.57533282120804,46.88760772920564,17.365263065447746,-217.46774404821323,-8.408474251797243,12.37435805091017,-84.48383768418097,0.2539366375547484,-0.24842719955673273,-2.394372625569108
2.49,0.0001776052422463592,0.0035279301227815908,-0.04652481101901551,-1.3243824008179717,0.12478451864258247,0.6849670702458787,0.002593898156218676,0.003415491268119757,0.002530799175342764,16.517481677844238,-0.5653902002473625,20.115119085885265,16.583265662025948,-0.7743278774459782,22.741174956550363,46.88760660735402,17.365262642241014,-217.46774193548387,53.85982236270626,14.264263008060498,-218.90955024690373,46.88760772920564,17.365263065447746,-217.46774404821323,-32.8239059957341,12.836842206752877,-61.86806857757213,-1.2950318928443907,-0.1746331354335676,-1.1715178215625714
2.5,-0.013079078240929298,0.004436545927749164,-0.039392170286741524,-1.320212716941982,0.0627845061451781,0.7300264876476711,0.0024599435456464673,0.0033939951206352612,0.003083425401459978,16.517481677844238,-0.5653902002473625,20.115119085885265,17.3423004374574,-0.8228280743899018,22.330154661155735,46.88760660735402,17.365262642241014,-217.46774193548387,53.03925168573116,16.96068197514257,-219.25746299140408,46.88760772920564,17.365263065447746,-217.46774404821323,-58.96189915512238,12.505304127694961,-38.10890196731322,-1.7555972527998647,-0.19735199873987136,-0.7639106738764522
2.51,-0.026027173741486276,0.004725407450076763,-0.031992572171418154,-1.2714698864324068,0.0010718508998508874,0.7450156251032961,0.002757797933904531,0.003383096888619287,0.0032629265871404146,16.517481677844238,-0.5653902002473625,20.115119085885265,18.081251946941,-0.835843604061034,21.90544449031614,46.88760660735402,17.365262642241014,-217.46774193548387,52.10728613074337,19.588803079560922,-219.6088318241518,46.88760772920564,17.365263065447746,-217.46774404821323,-73.24479180328527,11.409219252987738,-24.827705550787247,-1.9580954776753516,-0.23514600841984418,-0.5468919489494963
2.52,0.00680312528144511,0.009061585775296968,-0.0546745753543309,-1.2009377767750127,-0.059185331640342655,0.7449326881180823,0.0029930229411466417,0.0030944865528044147,0.0022442114463355864,19.106057572804612,-0.29841189458372674,18.388234114382744,18.785858687916615,-0.8137644097533661,21.47698254111795,42.432212874737544,26.44820051634812,-218.80645161290323,51.08777026223186,22.09556897682915,-219.95935071181285,42.432213888461135,26.44820114653097,-218.80645372114623,-15.092544015042456,17.676600791851953,-84.97954944922304,0.015384092880418547,-0.04349752419041177,-2.4809606572678295
2.53,-0.0054457403238996616,0.008083437306210868,-0.04660230462042292,-1.2310188055737576,-0.1283219606277703,0.8431592746449751,0.0028888674461085466,0.003176220638982168,0.002526306387683086,19.106057572804612,-0.29841189458372674,18.388234114382744,19.488621739853816,-0.7538227810221152,21.009689901205835,42.432212874737544,26.44820051634812,-218.80645161290323,49.8917501353332,24.614589419268846,-220.31823888941767,42.432213888461135,26.44820114653097,-218.80645372114623,-35.9257206848949,13.757746372575994,-57.58058863718018,-1.3186800547882627,-0.235948052120814,-1.0549098525819827
2.54,-0.017683585227820486,0.00643982054896158,-0.037918787994681014,-1.2095591295376291,-0.19296900221149205,0.8821538702875895,0.002464201108386052,0.003282145577943693,0.0031612531828505664,19.106057572804612,-0.29841189458372674,18.388234114382744,20.188283368665516,-0.655978791980303,20.510175025513483,42.432212874737544,26.44820051634812,-218.80645161290323,48.53511723030501,27.133347666967413,-220.68656589450154,42.432213888461135,26.44820114653097,-218.80645372114623,-63.87283881560109,9.471200734400492,-30.705783463340875,-1.791494094521832,-0.32649452766313664,-0.6021889247886394
2.55,-0.029504868060980072,0.004180901407071525,-0.0290378836044502,-1.1588360635289627,-0.2520798825025292,0.8897057427362377,0.002969761241766275,0.003318742257497084,0.0032062686255854367,19.106057572804612,-0.29841189458372674,18.388234114382744,20.86262323429317,-0.5231975916748953,20.001022154331814,42.432212874737544,26.44820051634812,-218.80645161290323,47.07728063786897,29.562305803388337,-221.05722398297144,42.432213888461135,26.44820114653097,-218.80645372114623,-70.65951120426644,4.600814314336311,-17.186917250906045,-1.8886470718237103,-0.42596674991207467,-0.3819072820949918
2.56,-0.0012995887418315588,0.0150176384851947,-0.05460917465996695,-1.0904252456392978,-0.3039947138940499,0.8815830148052403,0.003129627846967565,0.0026623809531749238,0.002249854505259719,21.365548269971764,0.48368329322580994,16.41534880919797,21.50303069809634,-0.3587007781722848,19.492536691115617,36.239639361456,34.448345953784326,-220.14516129032256,45.5493966874881,31.866215280194158,-221.42747611596292,36.23964022564761,34.44834676335252,-220.14516339676788,-23.08590446158709,23.152530569602686,-80.51901228470773,-0.26899743150847716,0.18336311604974334,-2.428653191802798
2.57,-0.012317058787692292,0.011509577077623484,-0.045214063055152964,-1.0986762347179226,-0.3848166446075373,0.9706863053184777,0.002673528766521752,0.0028799603683678137,0.002657183646590458,21.365548269971764,0.48368329322580994,16.41534880919797,22.13407234659616,-0.1533140539630604,18.950029113209716,36.239639361456,34.448345953784326,-220.14516129032256,43.848993116080564,34.149112056504926,-221.80431883302052,36.23964022564761,34.44834676335252,-220.14516339676788,-46.358060892574755,13.508174690057022,-48.13916429313286,-1.482472175306087,-0.3190324844400377,-0.8569392903199983
2.58,-0.02310402778108317,0.007294190940692247,-0.035321785664922556,-1.0592431069250157,-0.4498211407435408,0.9981732622908874,0.0028524054007108652,0.003228668732147795,0.003198944122069709,21.365548269971764,0.48368329322580994,16.41534880919797,22.74974986462756,0.0918668752395958,18.381895209944414,36.239639361456,34.448345953784326,-220.14516129032256,41.99809497282224,36.383331284529014,-222.1857426142986,36.23964022564761,34.44834676335252,-220.14516339676788,-60.38783839606143,4.297266826708088,-23.471411838557717,-1.673971519532752,-0.49215162177045324,-0.4575984493268749
2.59,-0.03344639451380027,0.002490361101358968,-0.025329342395259913,-1.011504632558769,-0.5036223567925937,0.9970301759101865,0.0032024610426583154,0.003419848437824365,0.002995573396617081,21.365548269971764,0.48368329322580994,16.41534880919797,23.33950070492796,0.3701201778311206,17.80954797260163,36.239639361456,34.448345953784326,-220.14516129032256,40.06215340367853,38.51742886017842,-222.56986213092208,36.23964022564761,34.44834676335252,-220.14516339676788,-67.90755551287417,-3.650307718107646,-9.987326184188284,-1.8083222404902335,-0.6410591883290864,-0.23430409912096334
2.6,-0.01056369954149139,0.019538125709645554,-0.052498623679083034,-0.9367846901683275,-0.5443343858603702,0.9790422291890472,0.002841849388005327,0.00275608124900557,0.002358172831760095,23.234630276352906,1.7624977512015216,14.292226246919443,23.893872807050858,0.6749977983595776,17.243019321645413,28.56341075473962,41.03817206036381,-221.48387096774195,38.07817594407713,40.517144509331715,-222.94902953063746,28.563411434256402,41.0381730155076,-221.4838730741722,-35.74700462905608,23.61305188160986,-69.13890941088998,-0.5390923763331409,0.2720674288763649,-2.213151440741406
2.61,-0.019852798972492258,0.013586640171538433,-0.04222648875823215,-0.9120313890024043,-0.6305350320739479,1.0501094903319197,0.002588986698240219,0.002732466369705974,0.002957272066935572,23.234630276352906,1.7624977512015216,14.292226246919443,24.424122549307057,1.0205776759657346,16.65128830626351,28.56341075473962,41.03817206036381,-221.48387096774195,35.941224003950246,42.437664638061435,-223.32696702468021,28.563411434256402,41.0381730155076,-221.4838730741722,-55.955892865581795,10.658826869252467,-35.23928369813625,-1.5734146574275476,-0.4441056762311004,-0.6245879407497719
2.62,-0.028740138868893483,0.006919406118165425,-0.03162366436669317,-0.8697237067053403,-0.6935256581254816,1.064105414911528,0.00319910113114917,0.0032630477984798767,0.003190928994774353,23.234630276352906,1.7624977512015216,14.292226246919443,24.93089715941666,1.4060860429425204,16.04316533804571,28.56341075473962,41.03817206036381,-221.48387096774195,33.6741676767255,44.26932730338143,-223.70897342997333,28.563411434256402,41.0381730155076,-221.4838730741722,-57.852824954339596,-2.272600792908029,-16.26147025881896,-1.5942085776911676,-0.6763646048470032,-0.31898183177552863
2.63,-0.03716504973123452,-0.00028119351027497755,-0.02102255660221114,-0.8171833945848526,-0.7391904318588577,1.0541568727613009,0.0031982870751906802,0.0034327467474888403,0.002708387447853576,23.234630276352906,1.7624977512015216,14.292226246919443,25.410478496709406,1.8211675989340061,15.43644455515314,28.56341075473962,41.03817206036381,-221.48387096774195,31.34152211879245,45.98904261349671,-224.09113261102286,28.563411434256402,41.0381730155076,-221.4838730741722,-68.95808942550507,-12.852458007354537,-2.331546370745997,-1.7825026758646194,-0.8688792775342661,-0.08740083521566439
2.64,-0.019809048941822005,0.022504126865828374,-0.04843283660489861,-0.7327465959939231,-0.7658440482686352,1.0239955867615518,0.0025866471046881315,0.00302181826122943,0.002525372991418564,24.672869282030717,3.500981383903185,12.126152144108088,25.849886009843736,2.2563135462705843,14.841580074450096,19.717792755665936,45.94789058101153,-222.82258064516128,28.9879689315341,47.55446224199134,-224.46135117973938,19.717793223230164,45.94789164268712,-222.82258275182383,-49.883813674958255,20.628694267043045,-54.608158683980434,-0.8642411487582805,0.29925671072835747,-1.9158280202639921
2.65,-0.026971245240354158,0.01431997806257937,-0.03784745174435075,-0.6992162411465064,-0.8539547340622569,1.0712156811325164,0.003113325354706176,0.002693615537396124,0.003174462214459343,24.672869282030717,3.500981383903185,12.126152144108088,26.25805285993984,2.7298315678468392,14.233196092229566,19.717792755665936,45.94789058101153,-222.82258064516128,26.512947571935868,49.00194509165853,-224.82989887801637,19.717793223230164,45.94789164268712,-222.82258275182383,-52.48477161424201,5.435049392225006,-25.335416893714225,-1.4578818110508727,-0.6010513811642603,-0.4698026555021606
2.66,-0.0337400769180613,0.005443469803591047,-0.027099968476373054,-0.6568577046813939,-0.9116456409346113,1.073871811502021,0.0032584189915715735,0.003342629124282134,0.003120849200166949,24.672869282030717,3.500981383903185,12.126152144108088,26.64338276701813,3.241587614545239,13.617395260250559,19.717792755665936,45.94789058101153,-222.82258064516128,23.931213324340302,50.34792529969518,-225.20563156858344,19.717793223230164,45.94789164268712,-222.82258275182383,-59.21271207165924,-9.478549964717047,-9.256886772469759,-1.5703153603609943,-0.8640772880946983,-0.20300928388114461
2.67,-0.0400036466535334,-0.0038865625037354176,-0.01644575422539954,-0.5981627774358476,-0.9470829930723478,1.0554376983673208,0.0030412605195964974,0.003337576762924368,0.002500052557845423,24.672869282030717,3.500981383903185,12.126152144108088,26.99876681856844,3.7780595038063827,13.008131636655772,19.717792755665936,45.94789058101153,-222.82258064516128,21.30478226087415,51.56748776325322,-225.57645248770584,19.717793223230164,45.94789164268712,-222.82258275182383,-71.83779323938808,-23.291465463909653,6.067243189759908,-1.7808058277647427,-1.1120620586374448,0.05904830151284212
2.68,-0.028341635292680467,0.023949560621740737,-0.042700706352522155,-0.5100173793827074,-0.9531447357752876,1.014706171493232,0.00318052210847728,0.0031215390636295352,0.0028923294462612197,25.657701315925028,5.64237176532368,10.029144431402703,27.310876648352885,4.3257709831760485,12.416984649798247,10.064926004433014,48.97649706262472,-224.16129032258064,18.69037658890001,52.61995221542115,-225.9280344111068,10.064926242058748,48.97649818780421,-224.16129242812394,-48.31774824374788,16.63441719010676,-38.03160958656368,-0.7882071579023012,0.3752436824347815,-1.5230776977009342
2.69,-0.03328761432045391,0.013870551478795415,-0.032373232700916854,-0.4763578720778019,-1.0418605105788703,1.037283565323177,0.003215077780809283,0.002697476750551573,0.0032097481477762844,25.657701315925028,5.64237176532368,10.029144431402703,27.59197754452663,4.907702666144915,11.824554185232934,10.064926004433014,48.97649706262472,-224.16129032258064,15.991007287654314,53.539516766962166,-226.28213521000535,10.064926242058748,48.97649818780421,-224.16129242812394,-54.99243491833483,-0.666781351699478,-17.3414302371074,-1.4522505147860683,-0.7632788199000942,-0.3476577808688251
2.7,-0.037786752502006804,0.0031545191488148716,-0.022027693915621982,-0.426699546595815,-1.0917255430350998,1.029580252294733,0.003172200131251316,0.0031266227085136765,0.002764751214537104,25.657701315925028,5.64237176532368,10.029144431402703,27.846850357643905,5.5243779774018025,11.232347047760042,10.064926004433014,48.97649706262472,-224.16129032258064,13.208336929709017,54.33694399622687,-226.64187576464727,10.064926242058748,48.97649818780421,-224.16129242812394,-61.540389628948404,-17.9095491055116,-3.666805009793233,-1.5521158457150739,-1.066701710201034,-0.1220607154633897
2.71,-0.04172346819503092,-0.007903892604014334,-0.01186683040026329,-0.36455906226957324,-1.1132151454203232,1.0010341038784183,0.0029831915849379406,0.0029758790193454153,0.002727048632864052,25.657701315925028,5.64237176532368,10.029144431402703,28.06876574013525,6.159031820893723,10.651952764936263,10.064926004433014,48.97649706262472,-224.16129032258064,10.406603021864749,54.995011706987796,-226.99080990334497,10.064926242058748,48.97649818780421,-224.16129242812394,-70.7144837007091,-36.70809853856713,13.75374271830964,-1.6946945527024175,-1.4037376765944611,0.17068338605007094
2.72,-0.035823995304538725,0.02409812641170482,-0.0356103501459033,-0.28769993232599445,-1.094231489498853,0.9520777114434437,0.0032298836747385457,0.0030247686431803715,0.0031968739309408407,26.181032382006634,8.109987756862653,8.109987756862662,28.2499954113148,6.793073266359583,10.095397241453954,1.2246467991473532e-14,50.0,-225.5,7.656083335229994,55.49552444408835,-227.31339614030452,1.2033874066735997e-14,50.00000114325184,-225.5000021019788,-53.814534630326776,13.296230436854916,-24.617400419918862,-1.0568995864093953,0.459434202978759,-1.1923793464225692
2.73,-0.03847595567456624,0.012605277917108054,-0.026021274830530156,-0.24359643583681403,-1.1807851511073768,0.9571754807420212,0.0031952688985743055,0.0026949281734600017,0.0030402027092763955,26.181032382006634,8.109987756862653,8.109987756862662,28.399207524781215,7.4557327755344,9.546109737956646,1.2246467991473532e-14,50.0,-225.5,4.851258554450177,55.851673008611705,-227.63845658392353,1.2033874066735997e-14,50.00000114325184,-225.5000021019788,-57.75636986376448,-6.817164522667576,-10.640619663233357,-1.440585952791319,-0.9125331126032773,-0.2633270901965691
2.74,-0.04061424998280966,0.0005456037783524159,-0.016527614678222613,-0.18797125548134241,-1.221294675687445,0.9402432099407833,0.0030129526316819075,0.002824866080170443,0.002466510907815388,26.181032382006634,8.109987756862653,8.109987756862662,28.5184804619865,8.148821761248541,9.003243299868728,1.2246467991473532e-14,50.0,-225.5,1.9851040005202603,56.0675313619895,-227.96686477326517,1.2033874066735997e-14,50.00000114325184,-225.5000021019788,-63.737428088033475,-27.478624394018404,2.983721644754488,-1.5282979478135859,-1.2751197657992392,-0.030515150084374974
2.75,-0.04214949083045938,-0.011729300596694997,-0.007327368232415782,-0.12432450024157783,-1.227038783348288,0.9001782156659748,0.002868873771800544,0.0026151991097012276,0.003139357313741516,26.181032382006634,8.109987756862653,8.109987756862662,28.60275818248106,8.852215182601286,8.478522661818568,1.2246467991473532e-14,50.0,-225.5,-0.8692020602007543,56.13538488064459,-228.28195760966096,1.2033874066735997e-14,50.00000114325184,-225.5000021019788,-68.51102184008144,-51.49522175103159,18.78605281675382,-1.5903146089574385,-1.7009469128081631,0.22114494676889776
2.76,-0.04187164202484028,0.023289413101270084,-0.027297516498560104,-0.05555268058979689,-1.190351998217021,0.8444359579709043,0.002892582298726657,0.0028826798698960102,0.0031327875121649413,26.24660909502345,10.809060086860155,6.466856337413449,28.64851689932472,9.543998875094161,7.982279444624467,-10.06492600443299,48.97649706262473,-226.83870967741936,-3.6365625547426625,56.05673592740351,-228.56688985516834,-10.064926239113188,48.976498177952365,-226.83871177316854,-64.54070793510441,10.078093163977465,-14.897969619168787,-1.4245498157526968,0.4340320958447314,-0.9584663766776669
2.77,-0.042079531741265,0.010860044805653613,-0.018862948111808886,0.0077868084570420805,-1.2712251150061091,0.8370158355824263,0.002874916683259689,0.0027052067995872618,0.0025408003294712447,26.24660909502345,10.809060086860155,6.466856337413449,28.656785189479933,10.259938727970683,7.499785443422748,-10.06492600443299,48.97649706262473,-226.83870967741936,-6.434936179998125,55.81136322087647,-228.85400650461597,-10.064926239113188,48.976498177952365,-226.83871177316854,-64.08433971871604,-12.340054811568182,-4.459042720392888,-1.4771058097667416,-1.0374746867864761,-0.190841779823298
2.78,-0.04166822650677604,-0.002056597334368443,-0.010648074659024773,0.06747073681092133,-1.3022180049215313,0.8050709754540102,0.002909804056670676,0.0026423066583616548,0.0028341074715949716,26.24660909502345,10.809060086860155,6.466856337413449,28.629835789136447,11.001556089146494,7.03107479299329,-10.06492600443299,48.97649706262473,-226.83870967741936,-9.26877340742381,55.40348373598927,-229.1448848069667,-10.064926239113188,48.976498177952365,-226.83871177316854,-61.92537377144551,-36.34705932930929,10.362970763320483,-1.4235016639605131,-1.4567091142835091,0.05175587894561356
2.79,-0.04069757603904495,-0.015068902652008692,-0.00287034609199234,0.12026783270715861,-1.293082098504288,0.753488499847959,0.0029889810381988294,0.002412045569409954,0.0033938267454960286,26.24660909502345,10.809060086860155,6.466856337413449,28.571235742266673,11.746306634549693,6.588474185791384,-10.06492600443299,48.97649706262473,-226.83870967741936,-12.056982608921405,54.85542178688841,-229.4284836666954,-10.064926239113188,48.976498177952365,-226.83871177316854,-57.784095837037064,-64.10059878374845,21.052696919218803,-1.338304270075579,-1.9375944360552977,0.21436529785345032
2.8,-0.04583364376471738,0.021508565209059416,-0.01810410420688953,0.1652503499442806,-1.2466314813534012,0.6887159362055311,0.0025868964417569184,0.0027203729399861796,0.0025100834182998156,25.868788275619313,13.631391701024409,5.181935144702023,28.484734344789356,12.471550974693663,6.179623740926039,-19.717792755665915,45.947890581011535,-228.17741935483872,-14.727949541062932,54.1965428920858,-229.6902779883176,-19.717793211894122,45.94789162377691,-228.17742144237747,-73.78018689538712,6.414203390498374,-7.783607968681852,-1.871945125818321,0.3776917191014101,-0.7830359942545779
2.81,-0.04373877959215089,0.008559422626020802,-0.011318109101109156,0.23955313915786064,-1.3196899447331019,0.6633234277516424,0.002830257479486813,0.002775741095692381,0.0027737124405571873,25.868788275619313,13.631391701024409,5.181935144702023,28.36077610070184,13.216823005664391,5.792650909530696,-19.717792755665915,45.947890581011535,-228.17741935483872,-17.404018263872196,53.3651272967625,-229.96123207767346,-19.717793211894122,45.94789162377691,-228.17742144237747,-62.66606932780337,-17.66163534873254,4.511745350314075,-1.3830459463301683,-1.1470601910652125,-0.08961200127533343
2.82,-0.04105333638169839,-0.004788112580384474,-0.004942585291444604,0.2895068296711225,-1.3403928108391474,0.6143423054303763,0.003102311637155848,0.002652398680453998,0.0033077672708600367,25.868788275619313,13.631391701024409,5.181935144702023,28.204154400465963,13.982531270231037,5.43024902872414,-19.717792755665915,45.947890581011535,-228.17741935483872,-20.081295449594247,52.37178223724269,-230.247099056387,-19.717793211894122,45.94789162377691,-228.17742144237747,-52.14783504008887,-42.28263412381023,13.441645231983246,-1.1948956254526697,-1.5642391247205858,0.042506111490990955
2.83,-0.03795631359009222,-0.018109863054923014,0.0008759441306704779,0.32482506881868,-1.316700203243121,0.5542048223860517,0.003221909608187859,0.0023778408090723443,0.0034269418888905915,25.868788275619313,13.631391701024409,5.181935144702023,28.024736619775155,14.744160638285601,5.100362701309332,-19.717792755665915,45.947890581011535,-228.17741935483872,-22.68304336855637,51.266810541903574,-230.53477192814216,-19.717793211894122,45.94789162377691,-228.17742144237747,-44.79954344373536,-71.71464681845865,20.886840650650313,-1.0682118560798939,-2.0620881218050497,0.15158012920728947
2.84,-0.04844444675750553,0.01842999622299968,-0.009025520721604341,0.35192721707856683,-1.2616703269800031,0.4843408886549367,0.002548997748189818,0.002580085865612994,0.0029870195185280352,25.072824513772424,16.462731340336575,4.318557792877297,27.827548330497027,15.480097937998938,4.808034057973862,-28.5634107547396,41.03817206036383,-229.51612903225805,-25.144960055970575,50.08669248686819,-230.81162011254182,-28.563411410302116,41.03817298911062,-229.5161311108858,-75.32312254390561,0.7832345156279575,3.750438785601948,-2.0506433500138175,0.2888284198996152,-0.46221532689406547
2.85,-0.044444933232700656,0.0053897377866674034,-0.00441463976035604,0.4316201436907071,-1.3237289849407896,0.4384496493235978,0.0027128891796047512,0.0027245694569696622,0.003311136454176518,25.072824513772424,16.462731340336575,4.318557792877297,27.59425384339086,16.229929214110122,4.546685080070342,-28.5634107547396,41.03817206036383,-229.51612903225805,-27.579513578949854,48.73473337884436,-231.106553432791,-28.563411410302116,41.03817298911062,-229.5161311108858,-61.89405813684307,-23.306232649275437,9.78113130859397,-1.3182064334149781,-1.2556588007453753,-0.07071444553220316
2.86,-0.03983876488974508,-0.007927717346468632,-0.0003395026381872168,0.48044899195930657,-1.3324724009613267,0.38091317378706874,0.003048400864653204,0.0026887491306298965,0.0033112548256575987,25.072824513772424,16.462731340336575,4.318557792877297,27.327686256848363,16.993234964262438,4.316540764641231,-28.5634107547396,41.03817206036383,-229.51612903225805,-29.98620716297567,47.21921164984409,-231.41938435530292,-28.563411410302116,41.03817298911062,-229.5161311108858,-46.58032876073858,-46.81433923892617,14.217735166755414,-1.049566739356922,-1.6536341655540845,-0.01282619571809739
2.87,-0.03486514334405594,-0.021088511616373984,0.0031228520045761127,0.5090802363913779,-1.2949290160182927,0.3172834681197854,0.0032254695430109018,0.0024991372663988767,0.003264005211538001,25.072824513772424,16.462731340336575,4.318557792877297,27.0411599630405,17.74489318356414,4.12183527716185,-28.5634107547396,41.03817206036383,-229.51612903225805,-32.29372647469683,45.607369854336554,-231.73619009915697,-28.563411410302116,41.03817298911062,-229.5161311108858,-35.680718493365,-73.24238025951065,18.37976372675963,-0.8653939982231285,-2.0723955524176048,0.03801355051950714
2.88,-0.050210792193468856,0.013909349560805584,-0.0010300750494053046,0.5250969397486769,-1.2332873690929955,0.24802464952553785,0.0023749527041774516,0.002609089155781638,0.0032890979235376695,23.896348734382826,19.19163361210924,3.92046367885541,26.74217607534885,18.46624946857152,3.965520283544399,-36.239639361455986,34.44834595378434,-230.8548387096774,-34.448642316078356,43.943237516287134,-232.04881209360497,-36.239640186537805,34.44834673184497,-230.8548407800643,-79.6483532331051,-5.968743162975264,10.400263884743577,-2.2949176444440846,0.12055093588708404,-0.25141705417146537
2.89,-0.04442349914718574,0.0012456387993676765,0.001146659949733439,0.6113926393491237,-1.2792778455824438,0.19110161019089952,0.002676368781330886,0.0026931913220857736,0.0033734589979404405,23.896348734382826,19.19163361210924,3.92046367885541,26.40626469181945,19.1936386897679,3.8441635532202776,-36.239639361455986,34.44834595378434,-230.8548387096774,-36.54958252708789,42.109717007659846,-232.37698714553625,-36.239640186537805,34.44834673184497,-230.8548407800643,-57.889547523781445,-29.060824231555685,11.685086962820783,-1.1963822985993533,-1.3453981616905215,-0.11299644245018142
2.9,-0.038050857766699364,-0.01156266723353333,0.0027170176014400804,0.6535397627442443,-1.27642318481973,0.12873109485792558,0.003160465294937388,0.0025823720497381865,0.0034279489931146904,23.896348734382826,19.19163361210924,3.92046367885541,26.03890140744484,19.927088086547798,3.757773614107729,-36.239639361455986,34.44834595378434,-230.8548387096774,-38.597314014569164,40.1229984913715,-232.72209421126666,-36.239640186537805,34.44834673184497,-230.8548407800643,-37.63351362812427,-53.18430468104441,12.20015849776278,-0.8525116445844375,-1.7712179181592336,-0.1210434596263938
2.91,-0.03139204442816357,-0.024085956853068413,0.0036614262748306953,0.6736598356197212,-1.228510682426559,0.06630846016653151,0.0032608236911043816,0.0027369232560185463,0.003417328634809904,23.896348734382826,19.19163361210924,3.92046367885541,25.656316160425806,20.641733150321304,3.7072436835540334,-36.239639361455986,34.44834595378434,-230.8548387096774,-40.5269712562012,38.0642005905948,-233.07077973486574,-36.239640186537805,34.44834673184497,-230.8548407800643,-25.937660133943695,-70.33017557648468,12.204581559568117,-0.6583125368691446,-2.0049847379925003,-0.14172281338400317
2.92,-0.05087606526651689,0.008054096002281796,0.00557891573332564,0.6810063863727924,-1.1639525367629187,0.003417714023012724,0.002354318938277875,0.0029727953599315753,0.0033439547918937863,22.391320623732398,21.717845639575888,4.012243839636033,25.26629513779828,21.323790975238776,3.692787131287834,-42.43221287473754,26.44820051634814,-232.19354838709677,-42.302387783104436,35.97590083759894,-233.4176670292502,-42.432213833494316,26.448201113210228,-232.19355045088503,-77.14798498499648,-12.378087705131987,13.956855167523285,-2.309360990598748,-0.09612553177654387,-0.0951554610833206
2.93,-0.04353692543936516,-0.0038116044931231774,0.0052514725027204695,0.7642838976767742,-1.1926426611506253,-0.06215335261926128,0.0027494196343778605,0.002905852552980621,0.00336012862419481,22.391320623732398,21.717845639575888,4.012243839636033,24.841725545711835,22.004578219781425,3.7152926822730836,-42.43221287473754,26.44820051634814,-232.19354838709677,-44.000773661217615,33.73291725560584,-233.77592099164698,-42.432213833494316,26.448201113210228,-232.19355045088503,-50.56289491698153,-32.70644456192385,11.230044676314526,-1.029292553980857,-1.384352071997234,-0.1970156247173072
2.94,-0.03568119554938998,-0.015682522090251894,0.0042742650928408316,0.7984292753675146,-1.174905858927076,-0.12608614307571284,0.0032379709379204446,0.002496021939816456,0.003395900593084096,22.391320623732398,21.717845639575888,4.012243839636033,24.38983772346115,22.683443872745958,3.7749187136330216,-42.43221287473754,26.44820051634814,-232.19354838709677,-45.62043622355586,31.3576136899377,-234.14812346186605,-42.432213833494316,26.448201113210228,-232.19355045088503,-29.074277572569184,-59.2745083881626,8.41096562454207,-0.6734338921997605,-1.8411530439457926,-0.2619205607724535
2.95,-0.027612061395046128,-0.02715057509783514,0.0026860798821065346,0.81126658491013,-1.1230001603159916,-0.1851374759017344,0.0031503926939938746,0.0030472098855286404,0.0033898095148415905,22.391320623732398,21.717845639575888,4.012243839636033,23.92686878095052,23.337502657008365,3.8692789449427387,-42.43221287473754,26.44820051634814,-232.19354838709677,-47.10712449390037,28.933693525683523,-234.52137883336673,-42.432213833494316,26.448201113210228,-232.19355045088503,-17.61384845341773,-65.45724698523507,4.536671633039367,-0.4844909005324474,-1.899919235189827,-0.3465141829289921
2.96,-0.05031114331256864,0.001054066117329,0.010789517850281344,0.8112884349141319,-1.0598251893155477,-0.23929800066260906,0.002371770352421414,0.0032009608582403122,0.002941534851390214,20.625440978679805,23.95836236159906,4.600000391608106,23.46060283292853,23.95921153480844,3.996058276363962,-46.887606607354016,17.365262642241035,-233.53225806451613,-48.44551393698381,26.49863629377462,-234.89285869007017,-46.88760765942921,17.36526303470163,-233.53226012362092,-71.63152248636642,-18.781029471721332,16.93568864553707,-2.2379912379429583,-0.3401972652752937,0.06663667452400139
2.97,-0.04171122366780167,-0.009664131151176814,0.007976920309405514,0.8857778908800323,-1.0711310575226807,-0.312971011072004,0.0029061884500609396,0.002875720406515528,0.0031248066759739773,20.625440978679805,23.95836236159906,4.600000391608106,22.964340499047104,24.573351521552677,4.161274123094317,-46.887606607354016,17.365262642241035,-233.53225806451613,-49.685329023086034,23.930272160644712,-235.27261276787988,-46.88760765942921,17.36526303470163,-233.53226012362092,-41.09750168079019,-39.0827266936044,9.392666598354714,-0.8371606106208465,-1.4775831849180252,-0.30425182993200756
2.98,-0.03268730385574692,-0.020206076786023208,0.0044952884287000755,0.9122470201530891,-1.0344925238053961,-0.375314433876685,0.003223357640348908,0.002640100429748074,0.0033389766637881213,20.625440978679805,23.95836236159906,4.600000391608106,22.445937201243876,25.17506894454743,4.364269459961085,-46.887606607354016,17.365262642241035,-233.53225806451613,-50.814974915661146,21.259928650587067,-235.65987155775366,-46.88760765942921,17.36526303470163,-233.53226012362092,-21.525213210625004,-60.12555487309839,2.6896006791277087,-0.5189806874362607,-1.797545467776028,-0.43522894692194686
2.99,-0.02351990506862267,-0.03027395353586837,0.00044252775985507975,0.9179684320651043,-0.9836395531924702,-0.42843687981427997,0.0028528257753889135,0.0032017103670507214,0.0033591046132197145,20.625440978679805,23.95836236159906,4.600000391608106,21.92044745957177,25.748963412951948,4.599465439321032,-46.887606607354016,17.365262642241035,-233.53225806451613,-51.80546566478795,18.56209408161576,-236.04505117916764,-46.88760765942921,17.36526303470163,-233.53226012362092,-9.992438798017385,-63.59622896102206,-4.486196319927477,-0.3270014212945901,-1.854006826853675,-0.5719747731161052
3.0,-0.048298993320950834,-0.006740830778003082,0.014617028283986797,0.9080355547229564,-0.916119268516404,-0.4710894789779488,0.0024498801436472254,0.003183955293391214,0.0026796741021380094,18.6819325723832,25.85018696503498,5.671566391141009,21.3963314114534,26.289250821476983,4.861748547538352,-49.42341621640556,7.571388875228859,-234.8709677419355,-52.65164072307503,15.87745960160221,-236.42339066898865,-49.42341731841188,7.571389048356713,-234.87096979781262,-62.38959768081054,-26.52058440792435,18.17039559212031,-2.10253164506087,-0.5226809363857308,0.1954248346134533
3.01,-0.03880871437073008,-0.015886542102896917,0.009444235646021398,0.9686265836315053,-0.9019850904488987,-0.5495565110650145,0.0031225914506847643,0.002490954994316441,0.0030610536475688074,18.6819325723832,25.85018696503498,5.671566391141009,20.849842943903642,26.811852477926745,5.16231345842809,-49.42341621640556,7.571388875228859,-234.8709677419355,-53.368962725423984,13.09848787707839,-236.8047300853641,-49.42341731841188,7.571389048356713,-234.87096979781262,-30.34980385063362,-51.383264317985414,5.85695374551488,-0.6419313590524577,-1.641004491659627,-0.43676322625379915
3.02,-0.029002868691338113,-0.024649618273919593,0.003613046781230325,0.9867803835429206,-0.8546260185006984,-0.6085751845304969,0.003196345891003363,0.002945226639829158,0.0034184928501615926,18.6819325723832,25.85018696503498,5.671566391141009,20.287107283517063,27.3111991766932,5.4997210320238645,-49.42341621640556,7.571388875228859,-234.8709677419355,-53.944722392906996,10.253764431940866,-237.186721403539,-49.42341731841188,7.571389048356713,-234.87096979781262,-14.150732067465816,-56.755358003974436,-4.3154347909963064,-0.37600188128400996,-1.6901003890821757,-0.6247976301731445
3.03,-0.019132902500974436,-0.032924905419236705,-0.0027354906882468,0.984741403754271,-0.8038485050330172,-0.654141531173106,0.0025529060143283187,0.003256546297875828,0.0033974296992753776,18.6819325723832,25.85018696503498,5.671566391141009,19.72181511154658,27.78236706119401,5.8659912660579305,-49.42341621640556,7.571388875228859,-234.8709677419355,-54.38257609523646,7.401699583940672,-237.5645210179652,-49.42341731841188,7.571389048356713,-234.87096979781262,-1.5166915785282582,-62.42431081433957,-14.332356886328645,-0.16054395922031822,-1.7883368267454207,-0.8091579869493092
3.04,-0.04473722131898006,-0.01443127743211442,0.0171576479589481,0.9615898740288994,-0.7353150633955885,-0.6825939497144649,0.002684834005681374,0.002556600454532385,0.0026265005296979196,16.656895630870522,27.349997803595997,7.19613817033026,19.16429654755497,28.21902834821549,6.252992941804291,-49.93582535855264,-2.532458441935609,-236.20967741935482,-54.68245555681731,4.593362794793841,-237.9311988048363,-49.935826465615534,-2.532458494057198,-236.20967947248008,-47.78516838988652,-41.94315252513274,16.812282810811336,-1.8034171067693119,-0.9576837653225723,0.29562729618733646
3.05,-0.03481898034759057,-0.02161191978294491,0.009844128190098722,1.0047269761403632,-0.6988955646180282,-0.7634010431049876,0.0032006800011478652,0.0027015543355292868,0.0030254772930142443,16.656895630870522,27.349997803595997,7.19613817033026,18.594202845769342,28.628059906454556,6.6762125771215155,-49.93582535855264,-2.532458441935609,-236.20967741935482,-54.826305083892386,1.7388297699153012,-238.29762641220685,-49.935826465615534,-2.532458494057198,-236.20967947248008,-22.216693658563877,-52.058138020025126,0.7563316685811925,-0.5070146268328667,-1.5756256766724397,-0.5898229241824162
3.06,-0.024709238037370962,-0.028358864345361612,0.0018923495717049627,1.0127846753531309,-0.6548159732898896,-0.8185533035036486,0.002956193945063073,0.0031870203242604384,0.0034385014120137274,16.656895630870522,27.349997803595997,7.19613817033026,18.01461645921893,29.012097455718237,7.134873619371694,-49.93582535855264,-2.532458441935609,-236.20967741935482,-54.82172530127408,-1.155745085743092,-238.6656308519827,-49.935826465615534,-2.532458494057198,-236.20967947248008,-8.179998583329658,-53.541142847940485,-11.769195944049418,-0.2725042097454496,-1.5922115541160213,-0.815727763489084
3.07,-0.014627015803835852,-0.034638544228165924,-0.006509426967822113,1.0010848021920518,-0.6042228897396337,-0.8547445963434592,0.0025466751203770416,0.0032513883855294374,0.003204558545368035,16.656895630870522,27.349997803595997,7.19613817033026,17.4377511194315,29.368930947765556,7.61820814839168,-49.93582535855264,-2.532458441935609,-236.20967741935482,-54.68577576201842,-4.036793017350607,-239.0278174840653,-49.935826465615534,-2.532458494057198,-236.20967947248008,8.046814920736667,-60.93079647163303,-26.06285403095383,0.009539595049674257,-1.7115915661691594,-1.0765245779056893
3.08,-0.03974427936045466,-0.021454829425152255,0.01851684521473504,0.9672397166604827,-0.538193436676347,-0.8612936195190012,0.003068817950441222,0.0026901666826709054,0.0026930828201040037,14.654146991811503,28.431773715603686,9.123707382544039,16.875374992153347,29.69180891859878,8.113072147683406,-48.40385594331021,-12.532626612936044,-237.5483870967742,-54.428547804687156,-6.8414372419663145,-239.3724704743332,-48.403857010740154,-12.532626886777035,-237.54838914649443,-32.65557908371574,-47.34199176829507,13.10889851619846,-1.452056996612185,-1.1341058574531109,0.3961057362691099
3.09,-0.02988575745291644,-0.026644102731168517,0.00939232176689156,0.9925199925395101,-0.5009545593374845,-0.9437131947069995,0.0032008582143309462,0.003092531554885267,0.0030572101616861795,14.654146991811503,28.431773715603686,9.123707382544039,16.309572425836866,29.986839831025517,8.639981558587037,-48.40385594331021,-12.532626612936044,-237.5483870967742,-54.019006247977174,-9.65887444672333,-239.71747074048395,-48.403857010740154,-12.532626886777035,-237.54838914649443,-15.13312985217585,-48.753049373209386,-4.926274510329409,-0.3918494502790536,-1.4713759959273325,-0.7424637915620433
3.1,-0.019955074056334565,-0.031422127081907,-0.0003377300445392972,0.9910598184621819,-0.45772001851640265,-0.993502265092304,0.0025945667303669986,0.00321098001424896,0.0033264942891123384,14.654146991811503,28.431773715603686,9.123707382544039,15.740770064730583,30.25807742993745,9.20019178539597,-48.40385594331021,-12.532626612936044,-237.5483870967742,-53.46407348889831,-12.496098191108851,-240.06583307994384,-48.403857010740154,-12.532626886777035,-237.54838914649443,-2.169811869650522,-53.34825000386421,-19.669518241994798,-0.17324453279823201,-1.5452381399527342,-1.007026456202208
3.11,-0.010150543649640409,-0.03571934262052984,-0.010431993455949584,0.9678829154921957,-0.4055966983753775,-1.0177724488095192,0.002880542279133926,0.003197948224455757,0.0028521832890638036,14.654146991811503,28.431773715603686,9.123707382544039,15.180478901097448,30.501256004346697,9.779750725036383,-48.40385594331021,-12.532626612936044,-237.5483870967742,-52.78255929842567,-15.293849851511192,-240.4057002157853,-48.403857010740154,-12.532626886777035,-237.54838914649443,15.95203676953371,-59.39451319014395,-40.255361516354235,0.12875387393439755,-1.632232972671141,-1.379165370961337
3.12,-0.03342871346121146,-0.028071853020592008,0.0189159587734897,0.9261706554259405,-0.3452036520622286,-1.0023242152827683,0.0032131309793484546,0.0032074770958605363,0.0026960012710579673,12.77833105003254,29.083704130962634,11.385111452287845,14.640223359030577,30.711790641147374,10.359770403196084,-44.89022697853709,-22.01970757788169,-238.88709677419354,-52.00399594142107,-17.984865786667488,-240.7200742206938,-44.890227963595,-22.019708060471608,-238.88709881898436,-22.6861022388929,-45.35555191199349,9.24894375794328,-1.230324910019066,-1.1272067776023045,0.4197406199145532
3.13,-0.024076265435760996,-0.031328194913829654,0.00837718076588534,0.9361844574280914,-0.30686449181716474,-1.0836389819864651,0.0028986246466957176,0.0032280603593944105,0.0030274219566781176,12.77833105003254,29.083704130962634,11.385111452287845,14.104177468755509,30.896006648966573,10.967538604692205,-44.89022697853709,-22.01970757788169,-238.88709677419354,-51.08277278708943,-20.663299784543508,-241.03650327865958,-44.890227963595,-22.019708060471608,-238.88709881898436,-9.38850101497433,-49.309620665076096,-10.328232753586278,-0.3166790533510318,-1.4355778696740753,-0.8792912865484853
3.14,-0.014761380295275017,-0.03414482671873942,-0.0027160312628925765,0.9243830374866134,-0.2602581416251434,-1.1259239026901144,0.002540126271695105,0.003216558319001222,0.0030466124071816224,12.77833105003254,29.083704130962634,11.385111452287845,13.571278729680602,31.05468874272027,11.605390262048493,-44.89022697853709,-22.01970757788169,-238.88709677419354,-50.01416458132557,-23.33701257998968,-241.3560435765768,-44.890227963595,-22.019708060471608,-238.88709881898436,5.783276757999516,-53.20015744865072,-28.762971781901356,-0.05315930175229435,-1.4908335791388163,-1.2080238761506599
3.15,-0.005694128783919533,-0.03646990710104181,-0.014063674692173483,0.8896845483769344,-0.20901763397598028,-1.1353105029549293,0.00325923452796354,0.0031974693493412682,0.0025676403103375967,12.77833105003254,29.083704130962634,11.385111452287845,13.053849281718216,31.18494129957046,12.255851518671506,-44.89022697853709,-22.01970757788169,-238.88709677419354,-48.82981634829451,-25.941511529758976,-241.66664998138785,-44.890227963595,-22.019708060471608,-238.88709881898436,21.05410215478081,-56.23241576802109,-54.72142612725956,0.18866025580156645,-1.5271228468856048,-1.665487419297255
3.16,-0.02586353421236437,-0.03438459521155579,0.018506122147872006,0.8403442125469393,-0.15319059534017843,-1.108363708627251,0.003038629409779847,0.0032194459451222518,0.0026767675010939077,11.127716779715376,29.30551074460525,13.89369428016753,12.561183838746043,31.284151654646543,12.89789569931866,-39.53878684688492,-30.60529912738315,-240.2258064516129,-47.570795535635206,-28.415449431136857,-241.94992846939323,-39.538787710512665,-30.60529979686685,-240.22580848963474,-14.426795913327869,-50.37297166200176,5.406078144176265,-1.0428696115506362,-1.2989682731347485,0.33924595931363716
3.17,-0.017438977088286622,-0.03565867290301861,0.006930469164727587,0.8383303642970912,-0.10548992164574275,-1.1850806775427847,0.0024866971953271103,0.003235717352816812,0.0030248643528588705,11.127716779715376,29.30551074460525,13.89369428016753,12.078958494688331,31.354366165844542,13.564795391691826,-39.53878684688492,-30.60529912738315,-240.2258064516129,-46.16485012717982,-30.85178872483751,-242.23775315202542,-39.538787710512665,-30.60529979686685,-240.22580848963474,-2.627038659100353,-51.26543967849811,-15.461331763987035,-0.22463511178356335,-1.416581454281831,-1.0019373185584435
3.18,-0.009186852712171262,-0.036444350120784175,-0.0051351825064901435,0.811020744232548,-0.05653379571357774,-1.218939715228815,0.0029718285022197637,0.0032216137329126346,0.0029142085607436023,11.127716779715376,29.30551074460525,13.89369428016753,11.607839630159859,31.396577239438532,14.257858172597052,-39.53878684688492,-30.60529912738315,-240.2258064516129,-44.61042116495463,-33.25277555829547,-242.53210288850997,-39.538787710512665,-30.60529979686685,-240.22580848963474,12.85722434191052,-52.26758692410355,-36.6957082827256,0.027451224199295358,-1.420568095732729,-1.3692062185835872
3.19,-0.0013095901572304225,-0.03673824989672125,-0.017336844875687846,0.7671598401235337,-0.0069418015430888595,-1.213051953393964,0.0034232524670964057,0.0032129583860495874,0.002457297099609391,11.127716779715376,29.30551074460525,13.89369428016753,11.159080848832506,31.41056845170053,14.956341965280705,-39.53878684688492,-30.60529912738315,-240.2258064516129,-42.95542144928681,-35.556286570866945,-242.81979985168658,-39.538787710512665,-30.60529979686685,-240.22580848963474,24.28482272138569,-51.788958983011376,-65.84223278513088,0.20657354113241663,-1.3984590543755209,-1.8728201168735488
3.2,-0.017319042699432408,-0.04000416907844195,0.017069670477149024,0.7098851453757025,0.0416365506896862,-1.1783515435199021,0.0024827570898105396,0.0030412226752502903,0.0026194598984330183,9.788122924079953,29.106885546045785,16.54932769610454,10.73959992574937,31.396141653705733,15.639814936793536,-32.56862413611113,-37.93790613463952,-241.56451612903226,-41.247866293579214,-37.71208419148862,-243.08479131425128,-32.5686248444734,-37.93790696139656,-241.5645181587653,-6.610838452891793,-57.77473833989107,0.9733862222168259,-0.8650037198005326,-1.5781408434039994,0.27384506202175385
3.21,-0.010294211112695045,-0.039243686739699135,0.00482906429918889,0.6898459902667906,0.10219355146907318,-1.2486047499999737,0.0028670098593616515,0.003093112772026843,0.002844208756998098,9.788122924079953,29.106885546045785,16.54932769610454,10.338613039437918,31.34920906489963,16.34441602531491,-32.56862413611113,-37.93790613463952,-241.56451612903226,-39.38998732500802,-39.79898072742782,-243.36005489532923,-32.5686248444734,-37.93790696139656,-241.5645181587653,7.278033396379474,-54.82712521839087,-21.791652761974625,-0.10028459696762969,-1.4191273897053582,-1.1435927349579302
3.22,-0.003610972834779319,-0.037926029120551874,-0.007815942149637545,0.6487745021852831,0.15501155270796543,-1.2722016286421465,0.0033696979794138934,0.003157998980469923,0.0028076522670915276,9.788122924079953,29.106885546045785,16.54932769610454,9.95811779490823,31.270722434388354,17.07006716964874,-32.56862413611113,-37.93790613463952,-241.56451612903226,-37.383615525263885,-41.81380516734357,-243.64791995876712,-32.5686248444734,-37.93790696139656,-241.5645181587653,16.91640708726601,-50.70414598130883,-43.942703168923224,0.04666869717795961,-1.3353843408051116,-1.5217972927429158
3.23,0.0026029235202273404,-0.03611120740809959,-0.020463386965017982,0.5977593919186778,0.20245914349589153,-1.2510566899930817,0.003435050797190935,0.003198961627128479,0.002507028072859685,9.788122924079953,29.106885546045785,16.54932769610454,9.605062206918486,31.164049892296838,17.793246266556388,-32.56862413611113,-37.93790613463952,-241.56451612903226,-35.29445154419046,-43.70726095864035,-243.93000242276486,-32.5686248444734,-37.93790696139656,-241.5645181587653,25.479312784529895,-46.11661867656123,-71.71636967221389,0.17623507903997118,-1.2467852747614516,-1.9741918617004266
3.24,-0.008499056549227696,-0.04431870528150572,0.014297364128446122,0.5343414791845517,0.24372422726311907,-1.2073786681877166,0.003036049493620779,0.002789003658641015,0.002621807331214873,8.828849778503123,28.507300577783056,19.24484744004178,9.28524838400543,31.03199221829966,18.495801641525407,-24.265098126554044,-43.71733080722911,-242.90322580645162,-33.17535434374886,-45.44038079399855,-244.196413521566,-24.265098652293776,-43.7173317554395,-242.90322782716257,6.105939125198618,-66.03483830422057,-5.0369052527396505,-0.5279139852833915,-1.8899840548843538,0.1881265354537002
3.25,-0.00335098305712353,-0.04146981230009483,0.0018174290565365347,0.4950299543606221,0.3131358993088636,-1.267667278500233,0.0033665207496934666,0.0030510855942853087,0.0027192983463789075,8.828849778503123,28.507300577783056,19.24484744004178,8.992754402205685,30.86507703863613,19.213511679273406,-24.265098126554044,-43.71733080722911,-242.90322580645162,-30.91238675528509,-47.070589433313714,-244.47917312122664,-24.265098652293776,-43.7173317554395,-242.90322782716257,12.971105399055126,-54.18749438394235,-28.335723260904064,-0.0647731340091525,-1.348080826679243,-1.2661655547442106
3.26,0.0013251023604620438,-0.0380472103435775,-0.010955848715503369,0.4439265286217451,0.3641118238475751,-1.2796933356355535,0.0033767815044792007,0.0032093488487000476,0.0026164350832729878,8.828849778503123,28.507300577783056,19.24484744004178,8.72780477418312,30.666126393969442,19.94581155798776,-24.265098126554044,-43.71733080722911,-242.90322580645162,-28.513766341138158,-48.60170314366559,-244.77785581643707,-24.265098652293776,-43.7173317554395,-242.90322782716257,18.9631547187647,-44.972298220627366,-52.571770210444086,0.023127662743546194,-1.18058722416208,-1.6977312995780611
3.27,0.0054565028136986105,-0.03416957570760926,-0.023592721325872645,0.38687790377995707,0.40588342524499377,-1.2458721720012735,0.0033112924065780234,0.003197872947994241,0.0026916756216639436,8.828849778503123,28.507300577783056,19.24484744004178,8.494406044112404,30.441609410680297,20.667753885184446,-24.265098126554044,-43.71733080722911,-242.90322580645162,-26.059306598721438,-49.994472031143154,-245.07276466065784,-24.265098652293776,-43.7173317554395,-242.90322782716257,24.230940757816935,-38.22284121827983,-72.40055224785935,0.09344642555955039,-1.058946001884346,-1.9815130353985324
3.28,-0.000251046157240864,-0.04686128432640113,0.010100853398211151,0.32049619004659863,0.4378613734267814,-1.1938020116189807,0.003254485165243371,0.0025472342813199975,0.0028157204151159163,8.300686654011697,27.53704111623567,21.874018730928498,8.296899987785507,30.19609955500019,21.364526468037766,-14.968156148667934,-47.70696282000243,-244.24193548387098,-23.600150865957986,-51.22171226434266,-245.35936895407815,-14.968156471866829,-47.706963849448854,-244.24193749574798,13.723750987380315,-72.10503770057294,-11.137432199979632,-0.30638624171329903,-2.16641602593869,0.04872702335970164
3.29,0.0026828745486793815,-0.041989500858831574,-0.002160153664425901,0.2689049671129094,0.5187557763801339,-1.2393323458629322,0.003281700428878217,0.0028825438623662266,0.0027834995560749747,8.300686654011697,27.53704111623567,21.874018730928498,8.131887150362893,29.912803487705613,22.06888535764121,-14.968156148667934,-47.70696282000243,-244.24193548387098,-21.007103816477958,-52.317862840751225,-245.66000449695017,-14.968156471866829,-47.706963849448854,-244.24193749574798,16.38805551472221,-53.13528761168747,-33.418752513731306,-0.07425502023344496,-1.266271045391979,-1.3498361496575404
3.3,0.005052848524959214,-0.036520881337007705,-0.014580761971465628,0.21057968213026357,0.5667136860191941,-1.237058271420405,0.003344201904928929,0.003216889815325625,0.002474450119356336,8.300686654011697,27.53704111623567,21.874018730928498,7.999451655924101,29.59684326316031,22.780130492631006,-14.968156148667934,-47.70696282000243,-244.24193548387098,-18.295682533088577,-53.29038186404389,-245.975000856683,-14.968156471866829,-47.706963849448854,-244.24193749574798,18.614621069511973,-37.3186269272601,-60.685657372038094,-0.05176186050046013,-0.9948010749159085,-1.8258511752458
3.31,0.006829179361860366,-0.030665130698504517,-0.02673418079516182,0.1499248106035253,0.5988554222487587,-1.195992995547639,0.0032691070497470084,0.0032525255209818757,0.002901141830865062,8.300686654011697,27.53704111623567,21.874018730928498,7.901176629937707,29.259571324170647,23.474040512714154,-14.968156148667934,-47.70696282000243,-244.24193548387098,-15.559771929512479,-54.1147900376296,-246.2880073481436,-14.968156471866829,-47.706963849448854,-244.24193749574798,19.684667064454217,-27.407027546119146,-71.1537605060959,-0.05308894347037945,-0.8238324994235584,-1.962953214505422
3.32,0.00683968154566289,-0.04721041036343304,0.004632215557265562,0.08623704200176269,0.6199859634017953,-1.138395476776559,0.003268408787749813,0.002493465702331652,0.0030486276609922834,8.235422327420148,26.238955885524522,24.339419424184243,7.838942585918032,28.90754832118156,24.13993700402272,-5.0584160993716045,-49.74346616959476,-245.5806451612903,-12.846493205285402,-54.779732096956,-246.59781648100605,-5.058416208258208,-49.74346723749705,-245.58064716523248,18.239749578921298,-69.38824098731183,-17.089588202498174,-0.1243869527690996,-2.185994215411598,-0.13708516128199527
3.33,0.007356600542895081,-0.04054016893880569,-0.006980968803409149,0.022865737277427172,0.6946384637799792,-1.1686916781418,0.0032318987001960205,0.003001271475376062,0.0029886124747037918,8.235422327420148,26.238955885524522,24.339419424184243,7.812980047638459,28.521661617130007,24.806387409682678,-5.0584160993716045,-49.74346616959476,-245.5806451612903,-10.02922231665301,-55.2998331793725,-246.92094754644398,-5.058416208258208,-49.74346723749705,-245.58064716523248,16.750169946518856,-44.15811229860771,-37.0231415708241,-0.14086188960034818,-1.0660913523974664,-1.3987432705016467
3.34,0.007236770886541816,-0.03336634942,-0.01860196926686375,-0.03984386022569647,0.733213399136707,-1.1490218705341204,0.003240699607775509,0.0032600132575329316,0.0025242831951013678,8.235422327420148,26.238955885524522,24.339419424184243,7.823417139439132,28.108529218998484,25.47083292783574,-5.0584160993716045,-49.74346616959476,-245.5806451612903,-7.1329532048486275,-55.681447986519885,-247.25761995795926,-5.058416208258208,-49.74346723749705,-245.58064716523248,15.494980924170509,-27.61398698747906,-64.3153698153636,-0.18052839927580247,-0.7889148931830836,-1.8447339016859967
3.35,0.0065055583667592565,-0.025899172357145894,-0.029857167586280153,-0.10016240073285344,0.7556605997151516,-1.1058633732043515,0.0032903278997945574,0.0030411931793136323,0.0030934889343046867,8.235422327420148,26.238955885524522,24.339419424184243,7.868756878232905,27.679480068249244,26.11318716522103,-5.0584160993716045,-49.74346616959476,-245.5806451612903,-4.242593512174852,-55.91395283678824,-247.59407964573504,-5.058416208258208,-49.74346723749705,-245.58064716523248,12.42670459706917,-17.630941180817043,-69.29424794693033,-0.24986795881837637,-0.6188220903090706,-1.9213923899405803
3.36,0.012355284049457238,-0.04564978985462215,-0.0018778034081966544,-0.15675237162753022,0.7675252548120529,-1.0467060726700113,0.002813526868363842,0.002585774329245395,0.0032313785104937905,8.646037867300002,24.67011605826358,26.558544753326572,7.947649940487937,27.240919171605672,26.726652510221918,5.058416099371567,-49.74346616959476,-246.91935483870967,-1.3950897196571674,-55.99979167085297,-247.9280075711471,5.058416207941874,-49.74346723235675,-246.9193568358926,22.159928258317645,-60.03010296047639,-23.402748263897465,0.06915336754939744,-2.0260747066068117,-0.3431610854767604
3.37,0.010362400255339799,-0.03758386484942283,-0.012478458778130308,-0.23149380593082464,0.8280959007501445,-1.0591333091990398,0.002979330276495182,0.003181739957099378,0.0026960944438632123,8.646037867300002,24.67011605826358,26.558544753326572,8.065967759772985,26.77585222973249,27.334079842690112,5.058416099371567,-49.74346616959476,-246.91935483870967,1.5165272321780945,-55.93323345339819,-248.2769874565091,5.058416207941874,-49.74346723235675,-246.9193568358926,15.62420583014013,-33.057628554467094,-47.128603691843544,-0.23639108230416978,-0.8468001832593443,-1.556249060495212
3.38,0.0076928402307361865,-0.029125693497956906,-0.022896828185101192,-0.29460794572503834,0.857644708868683,-1.0242476158162983,0.0031589290870236136,0.0032137515934633192,0.002826476955370941,8.646037867300002,24.67011605826358,26.558544753326572,8.222486928227807,26.28964238411005,27.928887064938657,5.058416099371567,-49.74346616959476,-246.91935483870967,4.45932513742501,-55.71487425892871,-248.63572794806709,5.058416207941874,-49.74346723235675,-246.9193568358926,9.378293419954936,-18.330290051620786,-61.62156300657648,-0.361156223134247,-0.6011061136727033,-1.758510807132517
3.39,0.004436743730033027,-0.02046174840363668,-0.032905332622660044,-0.3496636990045732,0.8717361311158549,-0.9797892103700103,0.0033104205249675327,0.002624014133645914,0.003197520924389338,8.646037867300002,24.67011605826358,26.558544753326572,8.412152326225769,25.792501299293736,28.499705752245582,5.058416099371567,-49.74346616959476,-246.91935483870967,7.373600011563236,-55.35501107032712,-248.99363182754965,5.058416207941874,-49.74346723235675,-246.9193568358926,2.9643130844018093,-7.5548179971790725,-68.56982177239152,-0.48470436483079066,-0.4127094336168933,-1.882602396276259
3.4,0.01605306785637689,-0.04259184281188794,-0.009049418102038242,-0.39566944823380135,0.8695054922043574,-0.9119690607112756,0.0026240002466855214,0.0028306578348679507,0.0029847877274116414,9.526898555601122,22.90240858792926,28.467071097093566,8.630476532332183,25.29227175088217,29.038211042417622,14.9681561486679,-47.70696282000244,-248.25806451612902,10.213855040699011,-54.86355415021797,-249.34390135524637,14.968156468993344,-47.70696383485262,-248.258066507526,22.7010138138906,-46.2731479289921,-33.17443375551106,0.18235625363491523,-1.8074935369192928,-0.533765045502366
3.41,0.011630365588310376,-0.03358876869117827,-0.01815789774509008,-0.4748342466025942,0.9170400516190008,-0.8980560866102294,0.002870072211590487,0.003217569642612802,0.00251212221796975,9.526898555601122,22.90240858792926,28.467071097093566,8.888110934127802,24.77419004356423,29.55867745802176,14.9681561486679,-47.70696282000244,-248.25806451612902,13.058421899462795,-54.211735642898944,-249.7042275931378,14.968156468993344,-47.70696383485262,-248.258066507526,11.60618349905727,-23.442551163594196,-56.244601251859855,-0.37992727976880364,-0.6671388712740061,-1.649538480185461
3.42,0.006543557652052723,-0.02428756697485418,-0.026920082495572595,-0.5343554246282226,0.9381046837467188,-0.8581765321292212,0.0032879209107327043,0.0029159013398311565,0.003110104681495413,9.526898555601122,22.90240858792926,28.467071097093566,9.18289681912105,24.240164736555165,30.058414946260132,14.9681561486679,-47.70696282000244,-248.25806451612902,15.893577858178384,-53.402775937071866,-250.06897013336726,14.968156468993344,-47.70696383485262,-248.258066507526,1.235938962127675,-10.449092355371253,-58.37681677942356,-0.5703044648915953,-0.44778382693850727,-1.6671774502561179
3.43,0.0009318816897703475,-0.014869001582686003,-0.03525790336610185,-0.5813144866645047,0.9418064275769318,-0.811480052475183,0.00343352781450616,0.0025349800469224317,0.003243854020112514,9.526898555601122,22.90240858792926,28.467071097093566,9.50704449177922,23.700431734086816,30.533373458806132,14.9681561486679,-47.70696282000244,-248.25806451612902,18.67922885215651,-52.46584603303377,-250.43004678085242,14.968156468993344,-47.70696383485262,-248.258066507526,-8.01924439003629,5.350186840362152,-67.62501236889194,-0.7412995793084484,-0.1674082536630277,-1.8263619501718367
3.44,0.01807530099563842,-0.038368456492208936,-0.015924530184745378,-0.6152338197644487,0.9241934239861153,-0.7407008817571585,0.002669657834505046,0.003132195228688718,0.002489442886836074,10.853646758145082,21.02119427271579,30.019209421694363,9.85400818628483,23.166047925646797,30.974170430546753,24.26509812655401,-43.717330807229125,-249.59677419354838,21.358113278589574,-51.41957100514643,-250.7817045457546,24.26509864419717,-43.71733173378546,-249.5967761795738,19.58889879263849,-32.1753780629069,-47.70596824022237,0.20839704337358905,-1.5336153873406766,-0.9373918408471822
3.45,0.011450839560402354,-0.02888638664394183,-0.023195546453971927,-0.6939705573660814,0.9603066504347035,-0.710935509340597,0.002884841845858638,0.0031850117897994556,0.0028261584226677576,10.853646758145082,21.02119427271579,30.019209421694363,10.237679285219912,22.621130058412007,31.388739530492355,24.26509812655401,-43.717330807229125,-249.59677419354838,23.99434760445336,-50.213853412091865,-251.13872612012383,24.26509864419717,-43.71733173378546,-249.5967761795738,4.934075716410223,-15.215033692531438,-53.920833810070874,-0.5604718174738739,-0.5187820928812391,-1.5550618474506306
3.46,0.004200433446857221,-0.019203507151015098,-0.0300995850083442,-0.7478677405512556,0.9722915489468095,-0.6729772366463569,0.0034019494502318397,0.002556198764099526,0.003243681385276225,10.853646758145082,21.02119427271579,30.019209421694363,10.656086893752551,22.065757628884928,31.782108954767146,24.26509812655401,-43.717330807229125,-249.59677419354838,26.600790763314752,-48.86098518777749,-251.49893867481182,24.26509864419717,-43.71733173378546,-249.5967761795738,-7.479650733997559,-2.120265644528336,-56.70990435406696,-0.7825958900870714,-0.2905392693788037,-1.6015624334163552
3.47,-0.0034999812590177093,-0.00951602417513131,-0.03657948516284737,-0.7857611678702604,0.9620179271289546,-0.6254796260440842,0.003373807585920845,0.0029406785807583203,0.003217701416499571,10.853646758145082,21.02119427271579,30.019209421694363,11.099363497473352,21.51143197876609,32.15057536262764,24.26509812655401,-43.717330807229125,-249.59677419354838,29.135107646402673,-47.39835473588453,-251.85432996922498,24.26509864419717,-43.71733173378546,-249.5967761795738,-19.873807707563493,16.39013289957017,-66.44635209343213,-1.0063268301156554,0.020017915091510026,-1.761648901761805
3.48,0.018713026093197166,-0.03319380688862639,-0.02211988492308814,-0.801510382384126,0.9341760419934797,-0.5571165698526429,0.00270417162519821,0.0032092454424686935,0.0027398538190866314,12.58297299514708,19.121626423162095,31.185921135613924,11.557566432060137,20.96951997115598,32.48524471367685,32.568624136111104,-37.93790613463955,-250.93548387096774,31.540514798299483,-45.85505589864499,-252.19668311667675,32.56862482840401,-37.93790693640828,-250.9354858513462,14.847784756187096,-22.76418404604259,-49.48178963104558,0.26187937027334757,-1.3677233329463834,-1.0223670458213074
3.49,0.01022264309894233,-0.023682754918895377,-0.027545113748546513,-0.8786402260281935,0.9583728923944873,-0.5272875352295995,0.0029917052577711867,0.002866220059824954,0.003146679189736141,12.58297299514708,19.121626423162095,31.185921135613924,12.047924014668341,20.42357646911881,32.79414910514354,32.568624136111104,-37.93790613463955,-250.93548387096774,33.88346330104193,-44.17070597220511,-252.54205539886232,32.56862482840401,-37.93790693640828,-250.9354858513462,-2.2961941771310754,-8.953390821599767,-50.960485715720715,-0.739038164594707,-0.41553856760648716,-1.464250395050321
3.5,0.0011592479174543369,-0.014073674406108572,-0.03261173182245125,-0.92613844133911,0.9594244798701358,-0.4884990172792968,0.003395110304508877,0.002575592314630906,0.003224016867003516,12.58297299514708,19.121626423162095,31.185921135613924,12.569827943274642,19.873093089775637,33.08217250082786,32.568624136111104,-37.93790613463955,-250.93548387096774,36.17843499387699,-42.35280549515737,-252.88953386799412,32.56862482840401,-37.93790693640828,-250.9354858513462,-16.51532658127016,7.909153936271953,-57.13389027394154,-0.9932655170715409,-0.11932107814097563,-1.5667921387748014
3.51,-0.008268392481001974,-0.00458702663004501,-0.037237376968990876,-0.95258346926617,0.9371912873109731,-0.4397619731810385,0.0030557929599432303,0.0033096844825301983,0.0031863839952234393,12.58297299514708,19.121626423162095,31.185921135613924,13.111352889747652,19.33092122549335,33.344347321552476,32.568624136111104,-37.93790613463955,-250.93548387096774,38.3762952708561,-40.444772032170796,-253.23167525341165,32.56862482840401,-37.93790693640828,-250.9354858513462,-33.798199255448445,23.63236377060123,-64.17694661780092,-1.3042803193765857,0.1336184538417782,-1.6735290718187237
3.52,0.018350854849231407,-0.027142648851583184,-0.02793276931531763,-0.9427149846269299,0.9017431273717613,-0.3774800110893596,0.0026715603081677443,0.003120645232198152,0.0031707594917417,14.652863720787863,17.30295994673108,31.9521500982161,13.656414549779564,18.806110843918383,33.57419365917269,39.538786846884896,-30.60529912738318,-252.27419354838707,40.432607414284,-38.49336648302459,-253.55106666535377,39.538787683856285,-30.60529977314483,-252.27419552227636,9.937822593763995,-15.048256182305122,-47.664858222227195,0.35721250062901877,-1.2348912677545936,-1.0460546155210422
3.53,0.008447843961179452,-0.01802079901787107,-0.03154789961896953,-1.0176857740681515,0.9149323272082629,-0.3448788189794019,0.003081134822482275,0.002506981633949907,0.003215304022780495,14.652863720787863,17.30295994673108,31.9521500982161,14.227441134411219,18.28306148259317,33.77924550404474,39.538786846884896,-30.60529912738318,-252.27419354838707,42.41101675625509,-36.42383074425831,-253.86928430610843,39.538787683856285,-30.60529977314483,-252.27419552227636,-8.869393966277249,-1.5893001563049098,-52.001902653482674,-0.8947436098607215,-0.29570101087210265,-1.4416541455841727
3.54,-0.0019741395920607197,-0.008922574101542069,-0.03477148859253332,-1.0586508732691058,0.9019159970384717,-0.3031940947010273,0.003203711543135352,0.0029966759341964267,0.003228998129024235,14.652863720787863,17.30295994673108,31.9521500982161,14.82678603517776,17.762653124015056,33.96152629024053,39.538786846884896,-30.60529912738318,-252.27419354838707,44.31505256030502,-34.23300383464783,-254.19114573441615,39.538787683856285,-30.60529977314483,-252.27419552227636,-25.767670051032873,15.877719427911813,-56.55240256556903,-1.194795855684233,-0.005947590910048151,-1.5077420712492386
3.55,-0.012658607820631274,-6.398428920817434e-05,-0.03754790985829326,-1.0705749113300356,0.8708676404659275,-0.2556550483066825,0.0026758127189920027,0.003412605679450024,0.0032145242453820665,14.652863720787863,17.30295994673108,31.9521500982161,15.43941975583306,17.25694399053545,34.11783952496944,39.538786846884896,-30.60529912738318,-252.27419354838707,46.10302535546459,-31.975299140331494,-254.50737684068153,39.538787683856285,-30.60529977314483,-252.27419552227636,-49.59896559456213,29.172300162680877,-60.10644985591322,-1.6178602533551312,0.21012786991199317,-1.5556550105092513
3.56,0.01744717936334894,-0.020226521642656592,-0.033489299528578154,-1.045799356519212,0.8264726609267485,-0.20047713412908205,0.0026332296101320312,0.0026099783696060266,0.003203505938405097,16.984144282095514,15.661875702081295,32.314153702292074,16.045352429144312,16.773121312550803,34.24427560733605,44.89022697853708,-22.019707577881718,-253.61290322580646,47.74256098754047,-29.711184243060597,-254.7962299572341,44.89022792423995,-22.01970804286552,-253.612905192117,5.412020768956617,-8.534875236427016,-51.630422562496605,0.27061066012498314,-1.1239835653632353,-1.2162610266595182
3.57,0.006537664845195301,-0.011925777935481774,-0.035274312977134126,-1.1164602214450687,0.8257628280329026,-0.1591491151619708,0.003117410856341771,0.002722289479759412,0.0032122050612628777,16.984144282095514,15.661875702081295,32.314153702292074,16.673802786286846,16.297964873594328,34.34409317859028,44.89022697853708,-22.019707577881718,-253.61290322580646,49.27993277611781,-27.342015357419914,-255.08735329189582,44.89022792423995,-22.01970804286552,-253.612905192117,-14.758989148156187,8.081999334270575,-54.04685348805172,-1.0283931439107463,-0.155765221800155,-1.4281642408272919
3.58,-0.004834429719161704,-0.003797371523154125,-0.036624110093555484,-1.1495467454488575,0.7999955239772736,-0.11483117231728647,0.003039587102514168,0.0033625629479093,0.0032126021545823675,16.984144282095514,15.661875702081295,32.314153702292074,17.32710253607882,15.833805320403705,34.418877893703936,44.89022697853708,-22.019707577881718,-253.61290322580646,50.71435084671169,-24.8659449863887,-255.38767089457343,44.89022792423995,-22.01970804286552,-253.612905192117,-34.011800601475606,20.902823179324436,-55.53947243343337,-1.3622463300353977,0.04799544093639044,-1.4425204409460497
3.59,-0.016351658557043403,0.004000517958033467,-0.03751432981603031,-1.146050582112029,0.761764838566851,-0.06730274217400296,0.0024730678067664555,0.003408140306709777,0.0031846546834761796,16.984144282095514,15.661875702081295,32.314153702292074,17.986512218997923,15.389269056371882,34.46713874634868,44.89022697853708,-22.019707577881718,-253.61290322580646,52.017652859795064,-22.34656828789914,-255.68118426818842,44.89022792423995,-22.01970804286552,-253.612905192117,-62.90096975921792,33.05603780541727,-56.27716996122904,-1.8749239536709783,0.24698897103656567,-1.4420101357790336
3.6,0.015995485615405314,-0.012671653577003894,-0.038554681287481185,-1.1141011958146063,0.7072614313122738,-0.01885084799016469,0.002622145290185938,0.0026647495326511668,0.0031341909851991968,19.48401174977032,14.286142401294937,32.27768790057632,18.632274663438817,14.971496995145136,34.48747913006796,48.403855943310205,-12.532626612936076,-254.9516129032258,53.16587118262249,-19.849720031988838,-255.9513188900885,48.40385695748156,-12.532626879693792,-254.95161486100542,0.41144556261740683,2.6278582493655547,-57.067999292732196,0.1571529501023466,-0.8649381680008654,-1.4414502349178677
3.61,0.0044313469755282164,-0.005668746947627756,-0.03846286960584955,-1.179521129049804,0.6889282870923596,0.03160428211369182,0.0029600123163776165,0.003263892309553328,0.003139199245484608,19.48401174977032,14.286142401294937,32.27768790057632,19.297917809786327,14.571636348859101,34.47935514087971,48.403855943310205,-12.532626612936076,-254.9516129032258,54.18407934744589,-17.262326387718108,-256.23446879008173,48.40385695748156,-12.532626879693792,-254.95161486100542,-20.579632230237948,14.893008061118364,-56.098973018199324,-1.1603357398697076,-0.08334518132092805,-1.4122757212836854
3.62,-0.007521864181551374,0.0010374876456106796,-0.03787983371680115,-1.2035388970638745,0.6539333789186077,0.07974165770551342,0.002914982804678322,0.0034407342933241484,0.0031685536099958812,19.48401174977032,14.286142401294937,32.27768790057632,19.983975076288537,14.189466577360264,34.44320669821947,48.403855943310205,-12.532626612936076,-254.9516129032258,55.0741538684667,-14.58158453682346,-256.5300841102721,48.40385695748156,-12.532626879693792,-254.95161486100542,-41.127073296986374,24.313040943784344,-53.72134159443478,-1.5159092691863993,0.0657163548881941,-1.3589441998049938
3.63,-0.019499178217117885,0.007337131159004834,-0.03682851160666756,-1.1858346315686388,0.6087913197826226,0.1255574123882921,0.0025221038153398763,0.0032333257128219334,0.0032049665055854386,19.48401174977032,14.286142401294937,32.27768790057632,20.66896462598067,13.831175987658442,34.38036161390587,48.403855943310205,-12.532626612936076,-254.9516129032258,55.82240300045626,-11.88194236621,-256.81883485166406,48.40385695748156,-12.532626879693792,-254.95161486100542,-69.04020777414571,34.972919857797315,-50.36952495887838,-1.9739755187988377,0.2364131578869641,-1.2911247613029033
3.64,0.013659991140869299,-0.004990924364882243,-0.04267981422226308,-1.1481947228414857,0.5461222409756423,0.16611256332490323,0.0026820341734837636,0.003304616058313359,0.0028326255120542333,22.051725866423457,13.24968718020039,31.857406475314807,21.335714534371675,13.504328275359814,34.29273608814367,49.93582535855264,-2.5324584419356455,-256.2903225806451,56.41503381980438,-9.229686999853723,-257.0934921318038,49.93582639849112,-2.5324585008869587,-256.2903245293707,-4.696383196041083,12.20010515150245,-66.05436439545045,0.08236062217444966,-0.6205223201424284,-1.785315386225752
3.65,0.0018010089421007236,0.000324348546288461,-0.04064949063539136,-1.204827810467287,0.5153085357679518,0.22914749659418154,0.002862925190878867,0.003409904864788567,0.0030483340983197397,22.051725866423457,13.24968718020039,31.857406475314807,22.017733840028487,13.201805355044048,34.1730172504455,49.93582535855264,-2.5324584419356455,-256.2903225806451,56.85230052312927,-6.500122114058751,-257.3844702691844,49.93582639849112,-2.5324585008869587,-256.2903245293707,-26.050541057064613,19.336165944155102,-56.59685341159189,-1.2642314579075866,-0.05842385270779104,-1.363137751075099
3.66,-0.010352322797127889,0.005244014913101752,-0.03808658056803049,-1.2187850415053227,0.47148967712584733,0.2767921180712356,0.0027075890739993187,0.003347798843120691,0.003224425123053096,22.051725866423457,13.24968718020039,31.857406475314807,22.71464483043232,12.922488576241863,34.02350077847023,49.93582535855264,-2.5324584419356455,-256.2903225806451,57.143643305671105,-3.6952482512965616,-257.6888002730929,49.93582639849112,-2.5324585008869587,-256.2903245293707,-49.20327767258776,26.26301336830704,-48.28322652103818,-1.677621968276452,0.04929932804922118,-1.2144798462108113
3.67,-0.022405698239083283,0.009681237928665681,-0.03508941021815437,-1.1891789142864173,0.4194398690316861,0.3175755697656815,0.0026647145218689477,0.003040002853685255,0.003224236109486107,22.051725866423457,13.24968718020039,31.857406475314807,23.403385974582815,12.671301001278216,33.84947616406744,49.93582535855264,-2.5324584419356455,-256.2903225806451,57.29067509650849,-0.9014554287528369,-257.98835817835356,49.93582639849112,-2.5324585008869587,-256.2903245293707,-70.8348720610434,34.32852284840623,-42.69751389487895,-1.9983691611492052,0.1704976832466612,-1.1118870337140225
3.68,0.010160097832578985,0.002351046796107703,-0.04533956447903498,-1.144975903014531,0.3535528738530282,0.35032671667024284,0.0028479605991161465,0.0033002254938659867,0.002727165317484553,24.585835292801008,12.609516569468724,31.07746753262347,24.070089833258667,12.45466061128844,33.65451493672434,49.42341621640558,7.571388875228778,-257.6290322580645,57.28832687118454,1.822357112418007,-258.2818894461717,49.42341723893087,7.571389025531225,-257.62903419773073,-10.038120032647798,18.606775778026744,-68.81531675754563,-0.031410047820278376,-0.4183014572669396,-1.9613161816634572
3.69,-0.0016025156613377889,0.005665679987035294,-0.041421754861962756,-1.1899964357059873,0.3104606361825751,0.4195873585396276,0.0028972699565265473,0.0032648106338768195,0.002963743400195418,24.585835292801008,12.609516569468724,31.07746753262347,24.745938024221093,12.267390760247153,33.42640684301733,49.42341621640558,7.571388875228778,-257.6290322580645,57.11662473039786,4.601708678117997,-258.5916116538532,49.42341723893087,7.571389025531225,-257.62903419773073,-30.69044087705435,22.557201641138423,-54.79381585473213,-1.3454740547574302,-0.06219976920680127,-1.2798231921437306
3.7,-0.013545669174842123,0.008488983753338175,-0.036955533952688135,-1.191310539476521,0.25856783341438727,0.4664607890910378,0.0025489146242580582,0.0031148917925942566,0.003188355737521855,24.585835292801008,12.609516569468724,31.07746753262347,25.430051158388004,12.108627629034142,33.16790954522199,49.42341621640558,7.571388875228778,-257.6290322580645,56.78578918133827,7.431260973408447,-258.91442624839965,49.42341723893087,7.571389025531225,-257.62903419773073,-56.83656547265195,26.8749958980615,-42.13079868518278,-1.806293680923713,-0.001691689735994729,-1.05695395817417
3.71,-0.025262708189979888,0.01076953647779702,-0.03208920445597141,-1.1532635606521853,0.20200542048222078,0.5013771830424947,0.002880268759284899,0.0029433032717886684,0.0032322618051763043,24.585835292801008,12.609516569468724,31.07746753262347,26.099124471674376,11.981244461790558,32.88715709126838,49.42341621640558,7.571388875228778,-257.6290322580645,56.31129529761768,10.219443964833753,-259.2336264406276,49.42341723893087,7.571389025531225,-257.62903419773073,-69.40064854742994,29.998886714102035,-33.20304872559739,-1.9670070555514179,0.03222226910723483,-0.9013510074684066
3.72,0.005447959097896082,0.00886207748507778,-0.04621456748070474,-1.1037323696864718,0.13864411567729923,0.5251821618922168,0.003163429430070455,0.0031116723024907193,0.0025492952413980526,26.991615919003348,12.404273683303941,29.973012310554374,26.743378115494735,11.888830718768467,32.5900627236381,46.88760660735403,17.365262642241003,-258.9677419354839,55.70221394199525,12.918994639092498,-259.5508126223254,46.88760757071559,17.36526299505849,-258.96774386647843,-14.791098299552559,24.050473018376863,-70.75530798671936,-0.17105264785962257,-0.19297418319735962,-2.12997999909839
3.73,-0.005821018984127568,0.0099500016098438,-0.04052573188503916,-1.1351879952522714,0.08295812057651807,0.595446823142652,0.0030738080691579237,0.0030160602129977723,0.003002400478214968,26.991615919003348,12.404273683303941,29.973012310554374,27.39022558199707,11.829764342049232,32.26057516015101,46.88760660735403,17.365262642241003,-258.9677419354839,54.91779889209381,15.64685015863657,-259.88207232246634,46.88760757071559,17.36526299505849,-258.96774386647843,-34.08337576888425,24.036691079287007,-48.21430860466335,-1.3908611556880763,-0.10379894727818711,-1.1171857257191664
3.74,-0.01713530343245301,0.010459086932342487,-0.034339494371169565,-1.1206261814681522,0.02508681508268316,0.6352558393411394,0.002476886908494276,0.0029706816411018983,0.003254938948207317,26.991615919003348,12.404273683303941,29.973012310554374,28.037372212748018,11.803897627439598,31.903937152202875,46.88760660735403,17.365262642241003,-258.9677419354839,53.97382162932262,18.38708579538655,-260.22600481559397,46.88760757071559,17.36526299505849,-258.96774386647843,-62.86870031844293,24.2664403380302,-32.473586690747574,-1.8828422095982456,-0.11558772190365438,-0.8503112568529941
3.75,-0.02811447808058487,0.010397657781298725,-0.02783253320142054,-1.0793567750473771,-0.03187971247769671,0.6612740104441269,0.003155476220997839,0.0029761720613241055,0.0031618924246548503,26.991615919003348,12.404273683303941,29.973012310554374,28.664057274255004,11.810685673810362,31.52969921139029,46.88760660735403,17.365262642241003,-258.9677419354839,52.898489166918935,21.05628152307896,-260.56708999652164,46.88760757071559,17.36526299505849,-258.96774386647843,-65.89378489910128,21.961861992598426,-22.858727778421507,-1.9028617282363642,-0.17276459731206645,-0.6863264070957382
3.76,-0.0003147251803933271,0.014127410265473012,-0.0452270323514215,-1.0261809915130986,-0.08701966903377628,0.678189463366583,0.0032776922453114335,0.002703185165730598,0.0026154325406341594,29.18718370845649,12.653824496864777,28.591889761899882,29.264550855516337,11.849843588888117,31.14365791158197,42.43221287473758,26.448200516348074,-260.30645161290323,51.709617423620855,23.62498536641343,-260.90488923398533,42.43221374036805,26.44820105689429,-260.3064535357551,-20.71043511026341,28.849990545778468,-63.15203714385668,-0.36372396011698077,0.05151975047957593,-2.004776479375639
3.77,-0.010726791851548345,0.012866891084455018,-0.038070543729369744,-1.0428123546647525,-0.1561755800219862,0.7372327901829174,0.002826191933236014,0.0027774367679521284,0.0031594837060675914,29.18718370845649,12.653824496864777,28.591889761899882,29.86146133803037,11.92592078248059,30.73070923394633,42.43221287473758,26.448200516348074,-260.30645161290323,50.3539620426494,26.185723435354944,-261.2576322676215,42.43221374036805,26.44820105689429,-260.3064535357551,-42.42457213192871,23.526970754911133,-37.82563633692223,-1.528163130926924,-0.18313297698783904,-0.9055549290020414
3.78,-0.02100955353516154,0.01097060359026214,-0.030509391336477953,-1.011155123543471,-0.21558296062517082,0.7694456247107037,0.0026737907652347234,0.0029257747387054114,0.003251208027937845,29.18718370845649,12.653824496864777,28.591889761899882,30.44863220638913,12.03792270589443,30.295724990668383,42.43221287473758,26.448200516348074,-260.30645161290323,48.84781634180967,28.71072275731682,-261.61979965800697,42.43221374036805,26.44820105689429,-260.3064535357551,-62.17054216560139,18.153704083162463,-22.828276691497862,-1.8243665143334344,-0.2926025971782768,-0.6538922896394149
3.79,-0.030884880310112828,0.00852227571528158,-0.022702748697806696,-0.9674210115700262,-0.26772616011631034,0.7882462396821623,0.0032030071566012596,0.0031070140467466135,0.002786009842858818,29.18718370845649,12.653824496864777,28.591889761899882,31.011894474317888,12.181147671324782,29.84742032543088,42.43221287473758,26.448200516348074,-260.30645161290323,47.22712878651825,31.143433489016623,-261.9767971008584,42.43221374036805,26.44820105689429,-260.3064535357551,-66.07736038766845,11.906955658777376,-13.20280172888487,-1.8933501038045706,-0.41175322149729143,-0.48800866483022753
3.8,-0.006732025726170154,0.01790691961895252,-0.04262436896918392,-0.905901055974086,-0.31194707907887786,0.795579798894802,0.003186734026532435,0.002661220354484377,0.002827861852647866,31.107167126331206,13.359230512725812,26.99578820275603,31.54520717424284,12.351733214867922,29.39181220705021,36.239639361456014,34.44834595378431,-261.64516129032256,45.51850762899613,33.45714707186174,-262.32240043844587,36.23964009549331,34.448346659612156,-261.6451632054452,-27.962197655988028,28.88015667312267,-50.333240249920216,-0.5185076315983358,0.1644929980183751,-1.7924444236590478
3.81,-0.015826083381058398,0.014347177119420407,-0.03437154065896336,-0.9005296909443108,-0.38740662096911826,0.8421590259996465,0.002493384070134662,0.0026923083199279297,0.0032437074389616155,31.107167126331206,13.359230512725812,26.99578820275603,32.06532862382475,12.559758941691088,28.916699191553782,36.239639361456014,34.44834595378431,-261.64516129032256,43.66342624036989,35.71336958921704,-262.6787999400785,36.23964009549331,34.448346659612156,-261.6451632054452,-53.12773950243538,20.092212385390358,-27.33493675538279,-1.6724699170614628,-0.3109226186601522,-0.7061561327288594
3.82,-0.024613482932610564,0.010146938385809934,-0.02580314110913534,-0.8600151206085627,-0.4446958539908161,0.8665120313077979,0.0029423397005398037,0.0029984895754697014,0.0030342970785467616,31.107167126331206,13.359230512725812,26.99578820275603,32.5664517725776,12.803620548535598,28.424456858818047,36.239639361456014,34.44834595378431,-261.64516129032256,41.67228437098062,37.88930632794611,-263.0393166183158,36.23964009549331,34.448346659612156,-261.6451632054452,-58.7002323496344,9.816477925351878,-14.304817086011573,-1.7263759265664995,-0.5018382039904086,-0.4870571826973492
3.83,-0.03297479540992876,0.0054429903390600665,-0.017068868497187584,-0.8150690452569268,-0.48976046061416534,0.8767815874052912,0.0032545986136493033,0.0033429496164395145,0.0024748147815764074,31.107167126331206,13.359230512725812,26.99578820275603,33.04288233646648,13.075656194066195,27.92352325153778,36.239639361456014,34.44834595378431,-261.64516129032256,39.58740336916846,39.960478073723294,-263.392470678217,36.23964009549331,34.448346659612156,-261.6451632054452,-64.84582815655695,0.7864162957728934,-1.1456442570104286,-1.8358551975175497,-0.6657349594358255,-0.25234048596342745
3.84,-0.01293865482637735,0.020303077503811245,-0.03863243697408025,-0.7524276587539053,-0.5244839083962092,0.867607812341653,0.0026458776892530214,0.0028128830850433716,0.003128936661310524,32.70365800985948,14.5027166646182,25.259908222304603,33.48827227631958,13.370169164938462,27.42316906492815,28.563410754739664,41.038172060363785,-262.98387096774195,37.44893894300073,41.89620210696198,-263.7332218722631,28.563411329269332,41.03817290208497,-262.98387287526685,-40.513257536490244,25.460383399934905,-35.78406019138417,-0.8733802155631363,0.17894021226257556,-1.539714656932171
3.85,-0.02036020393007898,0.014609072471513995,-0.0297209512004461,-0.7266173130754685,-0.6004116627008474,0.903882977784099,0.00261786966318729,0.002680036167985448,0.0032230343761856474,32.70365800985948,14.5027166646182,25.259908222304603,33.91162373978509,13.700433146867873,26.910879179264576,28.563410754739664,41.038172060363785,-262.98387096774195,35.18900541455327,43.728181139146486,-264.0807914168522,28.563411329269332,41.03817290208497,-262.98387287526685,-54.22742734332985,14.05526716894025,-18.250994641289193,-1.6256162727643826,-0.4793559399189767,-0.538848316503956
3.86,-0.02741214638346834,0.008297367794078359,-0.020584587293788537,-0.6874686823109867,-0.6536063953752369,0.9195332754315271,0.0031393049314336428,0.003158893849930503,0.0026315974536423726,32.70365800985948,14.5027166646182,25.259908222304603,34.313416034720106,14.06501342127242,26.386591649240064,28.563410754739664,41.038172060363785,-262.98387096774195,32.81040151025713,45.45835700057844,-264.4313874136464,28.563411329269332,41.03817290208497,-262.98387287526685,-55.49228680715179,0.7921108142256632,-6.069594976784185,-1.6362668910507694,-0.7161790389172584,-0.3287491444909677
3.87,-0.0340514025895674,0.0015406857736133261,-0.011387875130433045,-0.6431149462214639,-0.6918312323977883,0.9161259862261503,0.003256745594614382,0.0034417710464571907,0.002767571620301878,32.70365800985948,14.5027166646182,25.259908222304603,34.69121583473107,14.454259251392884,25.859988125386383,28.563410754739664,41.038172060363785,-262.98387096774195,30.363675643877556,47.07430426478651,-264.775211230647,28.563411329269332,41.03817290208497,-262.98387287526685,-63.25160076765782,-10.38421288914914,12.167047638785492,-1.765962284413755,-0.9157313989576161,-0.0159024751122183
3.88,-0.018508443711261258,0.021440733343909113,-0.03357005245624256,-0.5837309837139956,-0.7157861533904734,0.8935553391751958,0.0025258172412549146,0.002913643632296591,0.0032290057730659395,33.94497167002852,16.047642503342797,23.470579850984805,35.038853824048786,14.860925329669639,25.342368912797518,19.717792755665947,45.94789058101153,-264.3225806451613,27.898221040502346,48.545343506290074,-265.10931974998704,19.71779314965241,45.947891523396535,-264.3225825449036,-48.35480144184218,21.15603364627618,-25.04057935731653,-1.1364479008989061,0.17909709815884867,-1.3423049752979872
3.89,-0.024186876696710824,0.013832059369805583,-0.024459198021352435,-0.5520141391392943,-0.7906306139635338,0.9192647671502382,0.002907743301448232,0.002718774842876813,0.002929917041933442,33.94497167002852,16.047642503342797,23.470579850984805,35.362199765008086,15.300750308380861,24.819242306690764,19.717792755665947,45.94789058101153,-264.3225806451613,25.333699071243018,49.892075341311745,-265.4498439410986,19.71779314965241,45.947891523396535,-264.3225825449036,-51.02436357296564,6.671970084120257,-11.383858409000009,-1.52545812914514,-0.6628649566005078,-0.4220395997474557
3.9,-0.029505456948465292,0.005648373143142871,-0.015221083128846569,-0.5149022517774428,-0.8381582257635742,0.9244701751688191,0.003220962690995066,0.003340406323788907,0.0025188802901397207,33.94497167002852,16.047642503342797,23.470579850984805,35.66478605594631,15.772255315130344,24.289760635338713,19.717792755665947,45.94789058101153,-264.3225806451613,22.67050780846744,51.12848111275898,-265.79337238155966,19.71779314965241,45.947891523396535,-264.3225825449036,-53.93490071030139,-8.222807623436362,4.392285441342533,-1.5728857954837199,-0.9241863176418456,-0.14208872457379257
3.91,-0.03442243169973347,-0.002914787917210393,-0.006056578995795037,-0.4711008527873681,-0.8684963086851126,0.9070384008802256,0.0032079311135936378,0.0033855645261049085,0.0032330223964867908,33.94497167002852,16.047642503342797,23.470579850984805,35.94393800657277,16.26452333944006,23.765778181464054,19.717792755665947,45.94789058101153,-264.3225806451613,19.96834872812715,52.240437427589704,-266.13295988840355,19.71779314965241,45.947891523396535,-264.3225825449036,-61.38181942055084,-21.66384978972402,20.98548660543299,-1.690821208394459,-1.1622963443271495,0.12602553718781376
3.92,-0.023687226389039417,0.021342434679157807,-0.02769120650555229,-0.4160612679698145,-0.875856582891823,0.8752238884249213,0.002868446598734854,0.0028998010999945678,0.003153601798248444,34.81320475698164,17.938883680702073,21.72079296866429,36.19416058976632,16.767064517001007,23.25688863965626,10.064926004433069,48.976497062624716,-265.6612903225806,17.27979615064141,53.20726489588589,-266.46096123141155,10.064926204324259,48.97649806605486,-265.6612922141296,-47.41808340832725,16.28455889547219,-16.900543453369835,-1.1624378639099848,0.23198206707521452,-1.208362168629017
3.93,-0.02768636867466512,0.012132998561577013,-0.018824451734332504,-0.3845319843791439,-0.9483806127042143,0.8905384111865488,0.003152066562497298,0.002818635337027739,0.002539113162609439,34.81320475698164,17.938883680702073,21.72079296866429,36.421347391665364,17.29834327516111,22.74831806467852,10.064926004433069,48.976497062624716,-265.6612903225806,14.516148673669642,54.04602274696589,-266.7938885791645,10.064926204324259,48.97649806605486,-265.6612922141296,-48.89635562866137,-1.2157472717505482,-4.191256071488883,-1.4521266672077442,-0.8456324893261247,-0.30160358400557213
3.94,-0.03133137804620123,0.0024049293201115485,-0.009947348313129989,-0.34728067365508214,-0.9897924354890684,0.8817618696334167,0.0032145431259513373,0.003342032942361594,0.002899749467112173,34.81320475698164,17.938883680702073,21.72079296866429,36.62802575514724,17.857974696857564,22.24033232923799,10.064926004433069,48.976497062624716,-265.6612903225806,11.67798417590848,54.76439207642813,-267.1311496008187,10.064926204324259,48.97649806605486,-265.6612922141296,-53.63917824246966,-17.13764117910558,13.80968257832605,-1.527478093747291,-1.1242555179737919,0.0008042027311432303
3.95,-0.034570134550762965,-0.007620409109008686,-0.0012685263432265503,-0.3037386837636269,-1.009244707972132,0.8545143811180109,0.00322886899582228,0.0030891703790808167,0.0034099366044663447,34.81320475698164,17.938883680702073,21.72079296866429,36.81105985467121,18.433345694047283,21.744709912474114,10.064926004433069,48.976497062624716,-265.6612903225806,8.829134930146443,55.35004272593224,-267.4658804450601,10.064926204324259,48.97649806605486,-265.6612922141296,-57.734500976813365,-34.786430314503974,27.127333553756415,-1.584746996304327,-1.4394067467250826,0.2166213123416661
3.96,-0.028810421396216923,0.020134704177777685,-0.02114187400834472,-0.25301665641307164,-0.9927287787619045,0.8154924226179933,0.003213386500742357,0.002767815238056321,0.0026681792572150168,35.301618102210305,20.10428338439873,20.10428338439873,36.966726243890534,19.00845740872316,21.268621485300134,2.4492935982947064e-14,50.0,-267.0,6.03015469078751,55.80051434724117,-267.7813826882024,0.0,50.00000102218139,-267.00000188288845,-46.574240845019006,11.478395384170408,-10.991202166879296,-1.1906515250206,0.3262177977459987,-1.1361059555312216
3.97,-0.031158913296876256,0.009763670519184975,-0.012938824152601613,-0.21799532160805377,-1.061881202885214,0.8178394918091777,0.0032053590539507545,0.0029457383000550596,0.002645865976951552,35.301618102210305,20.10428338439873,20.10428338439873,37.09916021152792,19.605965435993344,20.79884331160041,2.4492935982947064e-14,50.0,-267.0,3.1850449425338327,56.11801923707797,-268.09862147818546,0.0,50.00000102218139,-267.00000188288845,-50.23854043389791,-8.67871282759333,5.834522276852057,-1.437231279838895,-1.0076045640750253,-0.14849083861719614
3.98,-0.03311958024913453,-0.0010625967903362676,-0.004866142180236399,-0.17754347628169054,-1.0956919780755139,0.7962566188042711,0.0032066773229813142,0.0031174500626985693,0.003311940826782028,35.301618102210305,20.10428338439873,20.10428338439873,37.20915845859449,20.228053728221273,20.337638425552118,2.4492935982947064e-14,50.0,-267.0,0.29286373757469764,56.29812436377769,-268.42397592420303,0.0,50.00000102218139,-267.00000188288845,-52.87988152908288,-26.43944312481787,19.76711659393297,-1.4707051056701503,-1.318711625442535,0.07450437618340347
3.99,-0.0346554689592492,-0.01207589531127684,0.0029158292568449706,-0.13344619783235126,-1.1004358996698507,0.7618096285427437,0.0032302689031102703,0.002685184355296459,0.00343207279806481,35.301618102210305,20.10428338439873,20.10428338439873,37.29461093917996,20.85912523497626,19.893799206202146,2.4492935982947064e-14,50.0,-267.0,-2.5824621480638426,56.341696070845785,-268.74503270030175,0.0,50.00000102218139,-267.00000188288845,-53.907233806795965,-50.17705657209249,31.834134039638222,-1.4756024882055228,-1.7386477075100875,0.2716066113265125
4.0,-0.03379426022000731,0.018158697098751064,-0.014057255891678,-0.08651897899124059,-1.0681260544563103,0.7145386854723847,0.0032511646053378935,0.0026616149236822267,0.002576498747164078,35.41262994469699,22.457802753338797,18.70928138467324,37.353643383303314,21.479483837872067,19.473604218952083,-10.064926004432936,48.97649706262474,-268.33870967741933,-5.371870090210506,56.260756067060484,-269.04197157209535,-10.064926202408543,48.97649806045484,-268.3387115512981,-50.48040786461863,5.837815555928509,-0.54335541048255,-1.346313822822143,0.2081696679627677,-0.9059299571605125
4.01,-0.03443500011424905,0.00706563148214423,-0.006962013642673903,-0.04523553208741314,-1.1313521738928622,0.6999824368679195,0.003254412211280078,0.0030705072302069777,0.0031693701714157144,35.41262994469699,22.457802753338797,18.70928138467324,37.38796041328002,22.11801698467015,19.068220021635696,-10.064926004432936,48.97649706262474,-268.33870967741933,-8.177515271323246,56.032986353762404,-269.34736907405755,-10.064926202408543,48.97649806045484,-268.3387115512981,-50.98980041381076,-14.794703898403279,13.35854386268292,-1.404512575389919,-1.134233446123096,-0.059914454431232195
4.02,-0.03465342349719602,-0.004410126689893601,-0.0001243968410903351,-0.002542655973205959,-1.156185543594807,0.6689222561801247,0.003252913849935051,0.0030034101187261684,0.003433975865698437,35.41262994469699,22.457802753338797,18.70928138467324,37.39802389504711,22.77678029072867,18.67829406082897,-10.064926004432936,48.97649706262474,-268.33870967741933,-11.004735367646015,55.6553948291549,-269.66473729450075,-10.064926202408543,48.97649806045484,-268.3387115512981,-50.51533627721159,-34.31901897465473,23.588705397585773,-1.385125033684859,-1.472941996435583,0.10347123915498842
4.03,-0.0344398855390865,-0.015953517851450216,0.006347079482290685,0.04116345564250912,-1.1456603834132022,0.6280646061531696,0.0032544673537956382,0.0024882962366558903,0.003300305198956465,35.41262994469699,22.457802753338797,18.70928138467324,37.383276729400386,23.437300934976186,18.309898910527878,-10.064926004432936,48.97649706262474,-268.33870967741933,-13.788134025877358,55.14372655683149,-269.97666577146185,-10.064926202408543,48.97649806045484,-268.3387115512981,-48.90070555415728,-62.69596821954238,34.80451844308501,-1.3455551552514733,-1.9721725592735382,0.2869557498238465
4.04,-0.038254339287513095,0.015512557949881378,-0.006791224953715813,0.083632643929951,-1.1061199785331075,0.572700912741547,0.0031502550723986945,0.002636278789850576,0.0031828703899891768,35.15686155683235,24.904611916550913,17.613046548207237,37.34353495855468,24.080010169771775,17.969313818157605,-19.717792755665904,45.94789058101154,-269.6774193548387,-16.45764561784851,54.51776107361256,-270.2678375982969,-19.717793142301666,45.9478915125036,-269.6774212195751,-55.79533421174823,-0.2130092356888797,9.721964582365896,-1.5554407558859833,0.04573089572364521,-0.6473299722474792
4.05,-0.037131913975419484,0.004089137947618338,-0.0011936533031791652,0.13436694720709016,-1.160812177529705,0.5453076676339402,0.003193593098270253,0.0029790368308426993,0.003410377486298505,35.15686155683235,24.904611916550913,17.613046548207237,37.27639037712234,24.736996670906567,17.650395913131874,-19.717792755665904,45.94789058101154,-269.6774193548387,-19.11905257428828,53.73040441154985,-270.5732793430404,-19.717793142301666,45.9478915125036,-269.6774212195751,-52.07700803798586,-20.62257322617085,18.212605114113252,-1.3739577854717717,-1.2555684644342153,-0.02158611547735789
4.06,-0.03553046641855728,-0.007627025696872902,0.004051670001869401,0.18076477107237948,-1.1759956530965976,0.5062721633881154,0.003202269813319326,0.0029351151942667957,0.003397643240873595,35.15686155683235,24.904611916550913,17.613046548207237,37.181993095822335,25.408970326680162,17.35214460823978,-19.717792755665904,45.94789058101154,-269.6774193548387,-21.77834014751889,52.78188873613099,-270.89107319714293,-19.717793142301666,45.9478915125036,-269.6774212195751,-48.22138924563192,-40.653309200386126,25.965100883367416,-1.296992146000817,-1.6047657645652502,0.09961960165629884
4.07,-0.03347814374063507,-0.01928508133946588,0.008864771699470975,0.22490995562347235,-1.1506631597995287,0.4596679180990114,0.0032018889484085305,0.002540519432421151,0.003111440076478009,35.15686155683235,24.904611916550913,17.613046548207237,37.061891213534636,26.075243416802458,17.079096405862163,-19.717792755665904,45.94789058101154,-269.6774193548387,-24.366476719279742,51.7026908709816,-271.2021094913182,-19.717793142301666,45.9478915125036,-269.6774212195751,-43.52964871981689,-67.83578943561517,35.31310781447545,-1.2064875295152921,-2.0448041974145577,0.24646896713095287
4.08,-0.04154627080792783,0.012086735972220042,0.00031292163790253014,0.2629342162767853,-1.1071934650649558,0.3993373250760805,0.003026564083612969,0.00276779320842018,0.0033334428488391576,34.55334159983446,27.34770085809911,16.877898478617265,36.91823553882836,26.719361531400015,16.83717632782803,-28.56341075473963,41.038172060363806,-271.01612903225805,-26.82166890508778,50.51863629108879,-271.49888785655816,-28.563411313818822,41.03817288655355,-271.01613088790896,-59.44306313711897,-6.091437916995306,16.552200142264233,-1.731973432972254,-0.09372430479364803,-0.44590237293542856
4.09,-0.038591003013158875,0.0007111104259236445,0.004105214781667033,0.31865507205440835,-1.1515469673958838,0.3599101906470185,0.003223859510476354,0.002986795252002718,0.0033196384992478516,34.55334159983446,27.34770085809911,16.877898478617265,36.74590884918911,27.373046956235807,16.62232371805514,-28.56341075473963,41.038172060363806,-271.01612903225805,-29.245258941111718,49.168560829116345,-271.81260202458634,-28.563411313818822,41.03817288655355,-271.01613088790896,-49.56631314431033,-25.633954953124448,21.617100004167007,-1.2824133782626392,-1.3400215536736781,-0.017040144336868315
4.1,-0.03514814160738511,-0.010859097209000579,0.00744743132031328,0.3644206171111518,-1.1562208589062761,0.31239164509378664,0.00320926197287031,0.0027217581393283586,0.0031612049847979627,34.55334159983446,27.34770085809911,16.877898478617265,36.54605482566962,28.036018530128217,16.433579498792756,-28.56341075473963,41.038172060363806,-271.01612903225805,-31.63993722728488,47.65803415461069,-272.14008054721904,-28.563411313818822,41.03817288655355,-271.01613088790896,-42.730072903652534,-48.426041655335965,27.261545729918733,-1.154271468049694,-1.7442726934519108,0.06782176610201682
4.11,-0.03127483841306811,-0.022243418712626528,0.010290141966892263,0.40506655820852683,-1.11927044963868,0.2603747041292255,0.0031980875802248687,0.002709577872701528,0.0029747522993875015,34.55334159983446,27.34770085809911,16.877898478617265,36.32184361527573,28.68602315693817,16.27372168783974,-28.56341075473963,41.038172060363806,-271.01612903225805,-33.93481044796251,46.03017245837132,-272.46126531235313,-28.563411313818822,41.03817288655355,-271.01613088790896,-35.31318744207812,-68.0246401081035,32.296701953399435,-1.0198937564993116,-2.029941123989555,0.13497791880506174
4.12,-0.04314780116450356,0.007780539273213316,0.00682452694397212,0.43661543791848484,-1.072399330842972,0.19984823878992952,0.0028145139342233435,0.0030797250305122518,0.0032567170236169896,33.63067447526988,29.694927738758487,16.54885879770599,36.07725698046695,29.31121756162613,16.146609654074894,-36.23963936145598,34.44834595378435,-272.35483870967744,-36.08527639101073,44.31429757743567,-272.7738022176911,-36.23964007047363,34.44834664054473,-272.35484055635914,-62.559953864720384,-11.058380332077656,22.040178841645755,-1.9173359526688563,-0.22816834320769,-0.2337910750819392
4.13,-0.03840924441807314,-0.0031752918150440568,0.00855354451177709,0.49840534909034073,-1.1043969423674123,0.14925664255142654,0.003134805299655434,0.00309690751214376,0.003137744418355155,33.63067447526988,29.694927738758487,16.54885879770599,35.80253224092225,29.940188241355713,16.050534195566083,-36.23963936145598,34.44834595378435,-272.35483870967744,-38.17933524915069,42.432363551699936,-273.10104590858924,-36.23964007047363,34.44834664054473,-272.35484055635914,-46.35238129619243,-29.398490004876294,23.639995441331862,-1.1738294667616642,-1.3958015642834516,-0.04358515898430242
4.14,-0.03318342169890176,-0.01420979010884027,0.009747333168556749,0.5409338411834826,-1.0959506723466803,0.09502804597886241,0.0032432851362709644,0.00256818074057683,0.0030341545845630705,33.63067447526988,29.694927738758487,16.54885879770599,35.50073313662104,30.571680697927206,15.985238743977776,-36.23963936145598,34.44834595378435,-272.35483870967744,-40.21434363988146,40.39789151680691,-273.4409284723422,-36.23964007047363,34.44834664054473,-272.35484055635914,-34.211249657295376,-55.31554095848104,25.531334251616272,-0.9607090460710784,-1.8514559130510841,-0.025491400714845642
4.15,-0.027580999074662937,-0.024936100361016234,0.010402626718639452,0.574426944228117,-1.052354763608672,0.04098778166636203,0.0031486752552670914,0.002998761953278779,0.0029757280357493076,33.63067447526988,29.694927738758487,16.54885879770599,35.177877438581504,31.18370219249966,15.950802881732024,-36.23963936145598,34.44834595378435,-272.35483870967744,-42.12476033220235,38.26942119001869,-273.77387574657877,-36.23964007047363,34.44834664054473,-272.35484055635914,-25.27171115774884,-64.19926741636509,25.229255799427158,-0.8071413094694563,-1.9502651700368976,-0.049562450120069775
4.16,-0.04267151122852797,0.002682061009456671,0.012316397195457351,0.5998131510474809,-1.0012010125790367,-0.014331699590833129,0.002823833756894537,0.0033264698628916517,0.0028164228730318914,32.42870378604985,31.865117517355674,16.65254453329207,34.83867020130876,31.769357948853532,15.94810611905926,-42.43221287473755,26.448200516348113,-273.69354838709677,-43.886874731316205,36.07551224487269,-274.0991519460021,-42.432213705607104,26.448201036009962,-273.6935502248311,-57.673704124298894,-15.990672281846138,27.291177538383586,-1.870922312637255,-0.365511515249457,0.012749942903762175
4.17,-0.036338491581069055,-0.0074955727691209395,0.011810875020965617,0.6543109060940862,-1.021699282268877,-0.07914578043287455,0.0032243743239736187,0.003091045772586651,0.002855440718829042,32.42870378604985,31.865117517355674,16.65254453329207,34.473025463433245,32.35309961946358,15.980719320243717,-42.43221287473755,26.448200516348113,-273.69354838709677,-45.564494229776265,33.73494873604582,-274.44030305338663,-42.432213705607104,26.448201036009962,-273.6935502248311,-37.80956028619576,-34.06277094263158,23.85294987294892,-0.987887357879409,-1.465064443740284,-0.10757111104572302
4.18,-0.029589105999188292,-0.017612934166492344,0.010694411389071679,0.6905417279361825,-0.9962965028471528,-0.13688408107574337,0.003231305466561748,0.0024925910142796883,0.002949967578192438,32.42870378604985,31.865117517355674,16.65254453329207,34.08428999175791,32.93108141220421,16.0479487223826,-42.43221287473755,26.448200516348113,-273.69354838709677,-47.147446628126964,31.26760255100596,-274.7927807354088,-42.432213705607104,26.448201036009962,-273.6935502248311,-24.083685746542187,-60.30382558133627,20.748053023875087,-0.7520417829334558,-1.8887997880722982,-0.17766993116638657
4.19,-0.02252737535105409,-0.027311471902301654,0.009039013823935682,0.717508588396128,-0.9480843344190235,-0.18838822469275845,0.0027719305644205074,0.003119190512966913,0.0030964256811098568,32.42870378604985,31.865117517355674,16.65254453329207,33.678193043479716,33.48398913243139,16.145722850511934,-42.43221287473755,26.448200516348113,-273.69354838709677,-48.58644558568888,28.733813640958065,-275.1351108263065,-42.432213705607104,26.448201036009962,-273.6935502248311,-15.436654010554719,-62.65235310950488,15.569672708249568,-0.6011891462551975,-1.9071430343765752,-0.28068937415060075
4.2,-0.040189285134919706,-0.0028648743672218258,0.016392285071004598,0.7334047089338918,-0.8915729909089786,-0.23507889699360307,0.0030277916095364328,0.003383309405253616,0.0026130469888186367,30.999971486436436,33.79207494697625,17.196770127752654,33.2601472536323,34.00774716668603,16.271622302723756,-46.88760660735401,17.365262642241046,-275.0322580645161,-49.87356673045189,26.164669224673908,-275.46442552168486,-46.88760752724908,17.365262974881674,-275.0322598931455,-46.27349150860611,-21.37192197368344,29.07240051234009,-1.6967907018197457,-0.5155558023386416,0.18282438889439895
4.21,-0.03258626272281928,-0.011866792575539131,0.01361268311162056,0.7771303451613962,-0.8967764259857386,-0.3089542657687773,0.003260820879398372,0.002727051708930401,0.0027309673098299767,30.999971486436436,33.79207494697625,17.196770127752654,32.82231049187471,34.52324028758231,16.434885713654563,-46.88760660735401,17.365262642241046,-275.0322580645161,-51.04861615355367,23.48370214768472,-275.8094764926185,-46.88760752724908,17.365262974881674,-275.0322598931455,-27.60896761596162,-42.48568118730172,21.045958033811385,-0.7830178454605157,-1.5840459923612775,-0.22411440340094296
4.22,-0.024647066257643346,-0.02064306267866156,0.010199446566864834,0.8063631926154763,-0.857721902333135,-0.36574228539770054,0.002945022338667898,0.002635300008689321,0.002981959034541684,30.999971486436436,33.79207494697625,17.196770127752654,32.36580464554547,35.02370074569412,16.633627187196087,-46.88760660735401,17.365262642241046,-275.0322580645161,-52.09442306208804,20.710187154676564,-276.1605431390812,-46.88760752724908,17.365262974881674,-275.0322598931455,-14.871372024095734,-58.80214497895477,12.842901738846003,-0.5673712092554327,-1.8228268300175794,-0.380087513062088
4.23,-0.016473558508783293,-0.028954440390039582,0.006280816869017658,0.8238531807744587,-0.8094126165246031,-0.4120540298789497,0.002468502530538458,0.0032110449932377686,0.0032788137599622422,30.999971486436436,33.79207494697625,17.196770127752654,31.896592761810545,35.497133119993734,16.86075651367343,-46.88760660735401,17.365262642241046,-275.0322580645161,-52.990054298691824,17.89765927805313,-276.4995560207684,-46.88760752724908,17.365262974881674,-275.0322598931455,-1.8636077679307848,-60.4888760469674,4.151515362998419,-0.3329814289320968,-1.8427272467545643,-0.5400364430611727
4.24,-0.035979729767779856,-0.008234409578899538,0.018934195946690102,0.8214940949039499,-0.7532879989172414,-0.45075540632102395,0.003230753359761666,0.003060176104317449,0.0027172187750569596,29.410160452314862,35.42606373609048,18.17042972806722,31.424148971774954,35.94129906555294,17.112072678359468,-49.42341621640557,7.571388875228827,-276.3709677419355,-53.737453447603905,15.090260110975336,-276.8266956904438,-49.42341718879896,7.571389009490843,-276.3709695611497,-33.71939845631254,-28.710815826393848,25.936085549094635,-1.5272485430407576,-0.7328521368701507,0.2121712475343345
4.25,-0.0275467901899632,-0.01574413896390403,0.013979846481196323,0.8563793681908477,-0.7396139085321649,-0.5262579717533543,0.003146781829651272,0.0024967218643809283,0.0027107994091129374,29.410160452314862,35.42606373609048,18.17042972806722,30.939259845948055,36.37029564871098,17.399944137537545,-49.42341621640557,7.571388875228827,-276.3709677419355,-54.348173684324905,12.213039166962732,-277.16695457994524,-49.42341718879896,7.571389009490843,-276.3709695611497,-17.530444726299496,-49.194716353741136,15.319802108074878,-0.5942780554052082,-1.6521080433708164,-0.38742225628701127
4.26,-0.018856590405859963,-0.022906178970974134,0.00841310308900306,0.8774705897592222,-0.6958293453002113,-0.5791209731031085,0.002540526136939414,0.002802487749712279,0.003149420540301374,29.410160452314862,35.42606373609048,18.17042972806722,30.44021810505422,36.778096925684935,17.721833547283545,-49.42341621640557,7.571388875228827,-276.3709677419355,-54.807982977567356,9.275454696663187,-277.5083620054826,-49.42341718879896,7.571389009490843,-276.3709695611497,-4.517386718058083,-55.42989673524832,3.1802608891642166,-0.3655733243808308,-1.7241979702501802,-0.6075391655442828
4.27,-0.010055661901420598,-0.029615089455037324,0.002390618992974325,0.8785477511498515,-0.6504002598472611,-0.6197037159365859,0.002889605985150195,0.003231998052432414,0.003437934150635844,29.410160452314862,35.42606373609048,18.17042972806722,29.936033962533728,37.15987711950289,18.069163618940873,-49.42341621640557,7.571388875228827,-276.3709677419355,-55.12159762597938,6.330726709209318,-277.8404587078726,-49.42341718879896,7.571389009490843,-276.3709695611497,13.516337040655872,-58.42215338251508,-7.7414451344913,-0.058789113025991005,-1.7706872762990917,-0.8027895281625607
4.28,-0.030559245250320388,-0.013027109358929923,0.019988469620327354,0.8614250485225085,-0.5974484641079909,-0.648643890107237,0.0032457457100605767,0.0026398313969660404,0.002788439894186833,27.736821873230763,36.733071741996476,19.543540341987892,29.43799343809086,37.51377070993016,18.436158193120527,-49.93582535855264,-2.532458441935596,-277.7096774193548,-55.29648760592035,3.4298693392453794,-278.16479837173466,-49.93582634447779,-2.5324585085730686,-277.7096792288085,-22.857972004250893,-37.785257909406,21.44471635879755,-1.3474971811467573,-1.026106397317696,0.20721327088302602
4.29,-0.021771013116306137,-0.01887623722335474,0.013061095576607118,0.8884956331157533,-0.5688150691560527,-0.721777028213563,0.0027133274748388832,0.002541375059772447,0.002764605709513362,27.736821873230763,36.733071741996476,19.543540341987892,28.933202155404807,37.8469594716333,18.83686957820321,-49.93582535855264,-2.532458441935596,-277.7096774193548,-55.31799260494561,0.4946933159426484,-278.49786733978226,-49.93582634447779,-2.5324585085730686,-277.7096792288085,-9.267286003131822,-49.68873423636214,7.478798656437554,-0.4452195826457173,-1.6026577461615636,-0.5812968086765854
4.3,-0.012823557819381493,-0.02433644076683661,0.005566748232001761,0.8963156292616707,-0.5272833158372687,-0.7696425920946813,0.002653908302290793,0.002919871868302339,0.003344571134567441,27.736821873230763,36.733071741996476,19.543540341987892,28.420236152676615,38.1574228485574,19.268914957208676,-49.93582535855264,-2.532458441935596,-277.7096774193548,-55.18366573092752,-2.4719355254436755,-278.8310834178686,-49.93582634447779,-2.5324585085730686,-277.7096792288085,8.6609743760526,-52.429428360811244,-6.925593012918547,-0.13261164794816502,-1.6342223749157336,-0.8353589784961049
4.31,-0.0039248368068829365,-0.029381979784775636,-0.002325418131775281,0.8820942276348096,-0.4855242827847162,-0.8029235989440481,0.0033499546730731563,0.0032120078414191377,0.0034057579207102105,27.736821873230763,36.733071741996476,19.543540341987892,27.911286598806917,38.444099515270324,19.722920316148144,-49.93582535855264,-2.532458441935596,-277.7096774193548,-54.91277051105577,-5.412574462871844,-279.16103115461937,-49.93582634447779,-2.5324585085730686,-277.7096792288085,23.52263830197531,-55.341322000330486,-19.760198158154317,0.1087275718582034,-1.6775726980230379,-1.0634772288151486
4.32,-0.024407203025654023,-0.017227037213233376,0.019640598586851854,0.8542462185603836,-0.4362491424035527,-0.8166353091790719,0.00292566560583257,0.002479794591349181,0.002763154204466728,26.066087524252307,37.69269397945756,21.267689235111007,27.415216183757554,38.70463635097982,20.189923658146775,-48.40385594331021,-12.53262661293603,-279.0483870967742,-54.519829296976376,-8.279456396370819,-279.4826820570546,-48.40385690280674,-12.532626874422201,-279.04838889623375,-14.561448524880259,-43.98923432126852,16.182591313919666,-1.2344666188343931,-1.239390104003828,0.2414862935753406
4.33,-0.015737011364109654,-0.02141226361859694,0.011045231145275336,0.8716114102859039,-0.401790822270005,-0.8860915110081008,0.002497014722983456,0.00269322446161254,0.0029193079192423943,26.066087524252307,37.69269397945756,21.267689235111007,26.91780150126138,38.94233066991792,20.68590208367361,-48.40385594331021,-12.53262661293603,-279.0483870967742,-53.972191819631206,-11.151251072372498,-279.8086103430905,-48.40385690280674,-12.532626874422201,-279.04838889623375,1.206940557798305,-47.78472261383661,-1.5164265242228134,-0.26202502090298985,-1.5263175664196724,-0.7848526688703535
4.34,-0.007049412682728962,-0.025223998907510925,0.0019370048177690946,0.8632688926351126,-0.3643697371446112,-0.9284213387049283,0.003162260824579942,0.0030093155279296733,0.0033991157306399733,26.066087524252307,37.69269397945756,21.267689235111007,26.42063329696397,39.15858501593415,21.210086488747038,-48.40385594331021,-12.53262661293603,-279.0483870967742,-53.27453253533182,-14.024365623553203,-280.13904114448195,-48.40385690280674,-12.532626874422201,-279.04838889623375,18.001027860188923,-49.19291805504386,-16.649547517478823,0.011358846936233784,-1.5398424275752673,-1.050473047258517
4.35,0.0014588821423596743,-0.028659510099725005,-0.007490418282348088,0.8386387344455978,-0.3261702503539834,-0.9510560803357261,0.0034328380168367504,0.0032214704787834427,0.00311892933376663,26.066087524252307,37.69269397945756,21.267689235111007,25.93462931657091,39.35321729494551,21.75139541867635,-48.40385594331021,-12.53262661293603,-279.0483870967742,-52.45416674285062,-16.845397038372898,-280.46921137895777,-48.40385690280674,-12.532626874422201,-279.04838889623375,31.02401059728888,-50.88451217472817,-33.765419840502936,0.22631078862164694,-1.5634729953440005,-1.3566182025919253
4.36,-0.017896530144014156,-0.021160818745110777,0.01809843930046967,0.8012940276577359,-0.281844639538592,-0.9406895003781343,0.0025024675126253944,0.0027680666269999793,0.002659402786041838,24.487661409084392,38.295597512370065,23.27739976726422,25.46686205320566,39.5240485375411,22.295195948148447,-44.8902269785371,-22.01970757788168,-280.38709677419354,-51.54181394009563,-19.564074980752174,-280.784426506473,-44.8902278722007,-22.019708020299664,-280.38709856364613,-6.710541716424694,-42.87881945496287,9.876132183012533,-1.144741133792745,-1.2608997363071874,0.3165270535843206
4.37,-0.009838383964818787,-0.023804816191700717,0.008270167463025169,0.8029517560351958,-0.24888601274125144,-1.0069363085619392,0.002910065539695634,0.0029159277142498615,0.0031033721184146215,24.487661409084392,38.295597512370065,23.27739976726422,25.00543006384393,39.67357203768101,22.861504588110872,-44.8902269785371,-22.01970757788168,-280.38709677419354,-50.49112323141027,-22.25666001863854,-281.10358645619584,-44.8902278722007,-22.019708020299664,-280.38709856364613,11.191274236563936,-45.28162382546759,-9.813461511215605,-0.11655732079753021,-1.4472367192692073,-0.9618911376262882
4.38,-0.001906032874719965,-0.026097377809324085,-0.0020097336632835527,0.78331489291827,-0.21285443092236694,-1.041713160755945,0.0034144496233224028,0.003057377522335301,0.0032429921549671386,24.487661409084392,38.295597512370065,23.27739976726422,24.55214068229447,39.8028487836313,23.45235890494652,-44.8902269785371,-22.01970757788168,-280.38709677419354,-49.298640501901104,-24.92332851700522,-281.43242373013845,-44.8902278722007,-22.019708020299664,-280.38709856364613,23.814993599566716,-46.550685639687366,-26.395296913921538,0.0883125667693909,-1.4594360947152991,-1.2543189280674207
4.39,0.005761821337648687,-0.028015451981449724,-0.01249732559180955,0.7516108934083549,-0.1740518788066235,-1.049099738630988,0.0033342352848458674,0.003159770206367572,0.002700460818613232,24.487661409084392,38.295597512370065,23.27739976726422,24.114686983353902,39.9105030165242,24.05346566335965,-44.8902269785371,-22.01970757788168,-280.38709677419354,-47.997215320146104,-27.514016900444503,-281.75851766025585,-44.8902278722007,-22.019708020299664,-280.38709856364613,37.09422628439323,-47.26221685418681,-50.45377824824125,0.3102244191417164,-1.4612314980160637,-1.6835918394798406
4.4,-0.011374613296001312,-0.02523909998210594,0.015819696362259772,0.7044150079587709,-0.13283837170381715,-1.0213139890286056,0.0027687388655879947,0.002991775587839238,0.002627151103059041,23.088929908940077,38.54137001271528,25.49297239640171,23.700121113995426,39.994898791482775,24.645924461938705,-39.538786846884925,-30.60529912738314,-281.7258064516129,-46.63248612059108,-29.97242924563891,-282.0637487047483,-39.53878763744544,-30.605299729965857,-281.72580823128726,4.379819532711939,-43.69967763178181,2.719062447493025,-0.9207303485610964,-1.3248373177386157,0.17982247205194032
4.41,-0.0043710178081948214,-0.026376174476642977,0.005217782154430917,0.6920121621485598,-0.09751225171658517,-1.081514623674858,0.0033373890391358877,0.0030747856855263935,0.0031858590892760224,23.088929908940077,38.54137001271528,25.49297239640171,23.299851855985477,40.057991545067686,25.256200222165916,-39.538786846884925,-30.60529912738314,-281.7258064516129,-45.13808412878439,-32.37439043241412,-282.3786696743141,-39.53878763744544,-30.605299729965857,-281.72580823128726,16.984397027815078,-43.87397226209326,-16.48978890845361,-0.05188540265529726,-1.3849264129218657,-1.1025424619584978
4.42,0.002407109089450521,-0.027147646500440215,-0.005759826463630713,0.6646438171099421,-0.060239403998209054,-1.1069456256912376,0.003438077048681403,0.0031239457739584368,0.0031248966516362964,23.088929908940077,38.54137001271528,25.49297239640171,22.91312162771218,40.100049047449865,25.886473385525896,-39.538786846884925,-30.60529912738314,-281.7258064516129,-43.50735545562245,-34.72735423928124,-282.70479727473906,-39.53878763744544,-30.605299729965857,-281.72580823128726,27.549862602568858,-43.661096312947926,-34.8628700221931,0.11978185995886971,-1.3720963385537095,-1.4212007179113604
4.43,0.00885641655491276,-0.02753494227781128,-0.01681228359635284,0.6272596459801908,-0.02065663530228143,-1.0967531153211514,0.0031121604724810062,0.003146125595867664,0.002472250770855656,23.088929908940077,38.54137001271528,25.49297239640171,22.54580834681097,40.11995505846442,26.518885298358143,-39.538786846884925,-30.60529912738314,-281.7258064516129,-41.78521305464661,-36.981446899825364,-283.0243623485272,-39.53878763744544,-30.605299729965857,-281.72580823128726,41.16336553177629,-42.72419643347274,-64.70913676575252,0.3476195361470729,-1.3459286581645793,-1.9397587434860049
4.44,-0.005044531097860905,-0.02934077604081442,0.013109875510199931,0.5723113593964213,0.01826723620456123,-1.0634495809552584,0.0033020817970464697,0.0032239775440669064,0.0027341984880324996,21.949256647356655,38.437258582854156,27.825085298637664,22.205429500975658,40.11708791664229,27.135636143100896,-32.56862413611115,-37.93790613463951,-283.06451612903226,-40.01990166144441,-39.08253998289085,-283.3257973100021,-32.56862478999973,-37.93790687096758,-283.06451789930725,11.884575659546815,-43.924929256241356,-3.8222495649146953,-0.7359349083362037,-1.3661483875422649,-0.013534754087548655
4.45,0.0005754297828399202,-0.02894325652015639,0.00213214691121405,0.5496159914727597,0.05735237037915133,-1.1156939782217306,0.003423629521820425,0.003210650277959342,0.0030706568216852456,21.949256647356655,38.437258582854156,27.825085298637664,21.884970651415887,40.09207344935097,27.767013185898,-32.56862413611115,-37.93790613463951,-283.06451612903226,-38.128064026355766,-41.10615429054281,-283.6426461345439,-32.56862478999973,-37.93790687096758,-283.06451789930725,20.89128852888427,-42.46300936472913,-22.753191078648833,-0.024433674264253257,-1.3211667946260963,-1.2270498876892753
4.46,0.00589106679162571,-0.02815244305814124,-0.009136187602318546,0.5155674157487512,0.0969342152989401,-1.131384453724505,0.003325919517656644,0.003177595987916968,0.002862792137505325,21.949256647356655,38.437258582854156,27.825085298637664,21.582402401712635,40.04449003460214,28.413345458767406,-32.56862413611115,-37.93790613463951,-283.06451612903226,-36.105882803597844,-43.05929740885996,-283.97063969258573,-32.56862478999973,-37.93790687096758,-283.06451789930725,29.95428758749119,-40.406312550692164,-43.90733348469709,0.12291368503240886,-1.275296297132814,-1.6059524921322779
4.47,0.010822819527793515,-0.026958412631104434,-0.020345097839690296,0.47325848737966253,0.13787833040168143,-1.1064996088359174,0.0029386035632305574,0.0031125175099461855,0.002615796518849488,21.949256647356655,38.437258582854156,27.825085298637664,21.302324932447743,39.973732127600734,29.053953966351525,-32.56862413611115,-37.93790613463951,-283.06451612903226,-34.010030113282205,-44.8918445855918,-284.28918407271374,-32.56862478999973,-37.93790687096758,-283.06451789930725,41.36405303012103,-38.037171506759655,-68.17200864248453,0.30551681357645305,-1.2267543528906348,-1.9828464646169308
4.48,0.0010453456106664927,-0.03303373135426757,0.009909591381759286,0.41543567441551393,0.17588814855251034,-1.0693279450496385,0.0033527164699101416,0.0032072986242242863,0.002928676016812127,21.135335479559792,37.99799754421689,30.180889717377095,21.05167755818944,39.88029931791963,29.675080611219244,-24.265098126554054,-43.717330807229104,-284.4032258064516,-31.883027323030788,-46.56035642875325,-284.59480864843835,-24.265098615448895,-43.717331646507176,-284.4032275676678,17.66013875757355,-46.480972887707566,-9.117189897622154,-0.5520656879985768,-1.4881664856523125,-0.13145514680136852
4.49,0.005037452822222954,-0.03101513951177548,-0.0010772537901246881,0.38305886706903053,0.22201640973331585,-1.1124891565158124,0.0033280633381304126,0.003205039467015362,0.003078110464728904,21.135335479559792,37.99799754421689,30.180889717377095,20.824981245223213,39.762063525252366,30.306466267070782,-24.265098126554054,-43.717330807229104,-284.4032258064516,-29.631518685592702,-48.13009641329398,-284.91624760699426,-24.265098615448895,-43.717331646507176,-284.4032275676678,23.932199816924832,-41.806384403394915,-27.483771958058135,-0.018499304886824854,-1.2649656582673052,-1.3129417920380055
4.5,0.00864764392418832,-0.02856085905427408,-0.012259133652488985,0.3421266751364763,0.26415834927045745,-1.1170421369049885,0.00309099777230124,0.0032184288853339587,0.002665612097100665,21.135335479559792,37.99799754421689,30.180889717377095,20.62051007021156,39.6190445754104,30.947174139323224,-24.265098126554054,-43.717330807229104,-284.4032258064516,-27.25729508014514,-49.60559572991584,-285.2477168279422,-24.265098615448895,-43.717331646507176,-284.4032275676678,31.239828054193307,-35.900672021635465,-51.86655866267445,0.09674853070795898,-1.152079548371337,-1.7442100964099403
4.51,0.011817748611054502,-0.02569815001239295,-0.023257191359511764,0.2951206678179847,0.30382327997214126,-1.082581195266193,0.0028420163798883436,0.0031033514546295613,0.002829569021482267,21.135335479559792,37.99799754421689,30.180889717377095,20.44162074816682,39.452771504584355,31.57523350314374,-24.265098126554054,-43.717330807229104,-284.4032258064516,-24.83045512604027,-50.94168741216437,-285.5690376609887,-24.265098615448895,-43.717331646507176,-284.4032275676678,37.944205849641826,-31.359840259136465,-67.4426409643269,0.19362492714255863,-1.0707503507866991,-1.9606027625695095
4.52,0.00683039016191378,-0.03557486323394332,0.006099679010569847,0.2383962843815233,0.3395309414551505,-1.0411015119797447,0.003239535386316084,0.0032169912055100983,0.00321445442473498,20.697997365764714,37.2466457831564,32.47071936924852,20.293160000649426,39.26511373716741,32.18152076184481,-14.968156148667946,-47.70696282000243,-285.741935483871,-22.38591698013186,-52.111633402218935,-285.8812666111688,-14.968156450991614,-47.706963728345,-285.7419372361141,22.5460027889043,-46.6988590094624,-13.470545496731454,-0.34984892276954316,-1.5646050073228033,-0.23876094822874094
4.53,0.008982601275054347,-0.03189652133946075,-0.004549183019193714,0.19472317091331484,0.3890121274452538,-1.0743821842189918,0.003101262196026609,0.003202323831407978,0.003167137459791755,20.697997365764714,37.2466457831564,32.47071936924852,20.172443598103584,39.05163684465562,32.792988173326975,-14.968156148667946,-47.70696282000243,-285.741935483871,-19.828754479487525,-53.1634753208694,-286.2082343597693,-14.968156450991614,-47.706963728345,-285.7419372361141,26.147802335310505,-39.124889457040176,-30.992078725006152,-0.034002443896619064,-1.1734713743248637,-1.3673099987887332
4.54,0.010670662793364871,-0.02776802284183455,-0.015284264146468995,0.14760728865023262,0.431859740837861,-1.0657855581836833,0.0029520661116083408,0.0031375992845453816,0.002536622060231519,20.697997365764714,37.2466457831564,32.47071936924852,20.07842426670249,38.8126530159079,33.40730884051836,-14.968156148667946,-47.70696282000243,-285.741935483871,-17.166777295774562,-54.09746095123808,-286.5437417183919,-14.968156450991614,-47.706963728345,-285.7419372361141,30.08416240639098,-30.486986400029167,-58.14787399517104,0.02083402123602914,-1.0165376257402874,-1.841571872548458
4.55,0.011883523594878487,-0.023228003253431884,-0.025725054680026505,0.09904226835683051,0.47118088922009055,-1.0255478143781769,0.0028497045407860286,0.002828869067633265,0.003037174310326122,20.697997365764714,37.2466457831564,32.47071936924852,20.01174009054875,38.55031066033118,34.00317869316292,-14.968156148667946,-47.70696282000243,-285.741935483871,-14.472854208107897,-54.87813480442837,-286.86688801138746,-14.968156450991614,-47.706963728345,-285.7419372361141,31.422560366905305,-24.84272268134656,-65.08091886272035,0.026198134520907766,-0.9138130111155987,-1.9145907696173707
4.56,0.012107258585195568,-0.03631571847033699,0.001680164586927435,0.04721104792697694,0.5042226121387894,-0.9770122065637823,0.002832211006907573,0.0032138508346788094,0.0033574671332609815,20.67036994542586,36.2161001001458,34.614166618657144,19.974333767707883,38.26756624815578,34.57444809046361,-5.058416099371616,-49.74346616959476,-287.0806451612903,-11.777517641549933,-55.494240319615095,-287.17810382487295,-5.058416201638469,-49.74346711128817,-287.0806469042501,28.320920044789467,-44.368290008323484,-17.898311399028756,-0.08497532774424675,-1.5929402241707777,-0.3474908681624203
4.57,0.012256645153615908,-0.030998933754302294,-0.00827189840533793,-0.010673012442088679,0.5514339763930826,-1.0001024162653016,0.002820904810509116,0.0032524568431728097,0.0030399752979182086,20.67036994542586,36.2161001001458,34.614166618657144,19.96904456723474,37.9603780604798,35.145398562483045,-5.058416099371616,-49.74346616959476,-287.0806451612903,-8.993586573284077,-55.973544206940886,-287.50434500640347,-5.058416201638469,-49.74346711128817,-287.0806469042501,27.421577590137517,-32.82772241203975,-36.15926757913893,-0.07234550944461106,-1.019654806478999,-1.4503624037784772
4.58,0.011857426449803532,-0.025263184889361523,-0.01817926924944424,-0.06275324657775393,0.5913897864852978,-0.9760916051409154,0.0028517528742878365,0.002993630014786533,0.002512940032462856,20.67036994542586,36.2161001001458,34.614166618657144,19.994864856337845,37.62947066054307,35.71144007619174,-5.058416099371616,-49.74346616959476,-287.0806451612903,-6.1383116598206025,-56.312374334306284,-287.8378774375026,-5.058416201638469,-49.74346711128817,-287.0806469042501,26.277450760684495,-22.716121932751435,-61.34614162462177,-0.10797414026726888,-0.8433073813672602,-1.8538540745138319
4.59,0.010964141733886046,-0.019152327508438427,-0.02769637294663685,-0.11087057121136439,0.6257130407205633,-0.931745711709599,0.0029263306081621816,0.00255381114616957,0.0031429294727811693,20.67036994542586,36.2161001001458,34.614166618657144,20.048794025312233,37.2774359655381,36.25417787809911,-5.058416099371616,-49.74346616959476,-287.0806451612903,-3.2794701021991024,-56.4912179649108,-288.15711918299036,-5.058416201638469,-49.74346711128817,-287.0806469042501,22.23718143279873,-14.225477938772825,-63.549284307359784,-0.19166166782545568,-0.6858495884206459,-1.8736929829418598
4.6,0.016523718170039225,-0.034849686041362626,-0.003051061495128904,-0.15651027022041966,0.6470552672491309,-0.8792462863054024,0.0026089187181789516,0.0032509260822767942,0.0033801585274978096,21.066993152478865,34.95071949889885,36.54438910716711,20.129760531442507,36.90999506682369,36.77004959085032,5.058416099371556,-49.74346616959476,-288.41935483870964,-0.44905093293740345,-56.51689493497039,-288.4619751201671,5.0584162015451835,-49.743467108323706,-288.4193565717035,31.905641535809885,-38.25957436637612,-22.468724857057015,0.14932255192340382,-1.5992640978211288,-0.48003859093057893
4.61,0.014560801891734365,-0.02812922799653761,-0.011951486196038363,-0.22531244820428523,0.6894102575671728,-0.8882573237614096,0.002682251465071077,0.0031764930284073458,0.0027201831771404505,21.066993152478865,34.95071949889885,36.54438910716711,20.24597205657373,36.52269387136692,37.279938909639014,5.058416099371556,-49.74346616959476,-288.41935483870964,2.4324197940099626,-56.3943720520108,-288.782583162123,5.0584162015451835,-49.743467108323706,-288.4193565717035,26.120082979039946,-24.686788110155526,-43.48906875920862,-0.15814761876935965,-0.8447395953677067,-1.5531248276984035
4.62,0.012001247463595044,-0.021037197548823827,-0.020661499592646626,-0.27926762751241574,0.7246441635200024,-0.8526572970811893,0.002840440611877929,0.0026610635547479463,0.0026364799507062235,21.066993152478865,34.95071949889885,36.54438910716711,20.39565082730112,36.11436650085732,37.77680163789367,5.058416099371556,-49.74346616959476,-288.41935483870964,5.3448184506216005,-56.113709263019146,-289.10712731985717,5.0584162015451835,-49.743467108323706,-288.4193565717035,19.413351203469926,-13.62809019659664,-59.74241897227315,-0.2895952671925089,-0.649283315076227,-1.7924342912300275
4.63,0.008951622228506595,-0.013650189219135633,-0.028943107171889304,-0.3251278043273046,0.7472292572493996,-0.8082385096025236,0.003059103392344817,0.002599996188460434,0.0032106450032186895,21.066993152478865,34.95071949889885,36.54438910716711,20.572975473767055,35.689940607361414,38.24875429572489,5.058416099371556,-49.74346616959476,-288.41935483870964,8.232041843543959,-55.678993599711575,-289.418572403032,5.0584162015451835,-49.743467108323706,-288.4193565717035,10.875473580314832,1.7982959159680532,-61.87262810811792,-0.447354136447322,-0.37322545803208645,-1.8210115143176735
4.64,0.0054785343379194495,-0.006143486979223178,-0.03675108390749682,-0.3642637158971081,0.7513786520770326,-0.7558644303321179,0.003300644027892837,0.0032313710239671905,0.0032125690545045174,21.066993152478865,34.95071949889885,36.54438910716711,20.77416486635121,35.25967825256971,38.693018694133215,5.058416099371556,-49.74346616959476,-288.41935483870964,11.050391577842245,-55.11424911819783,-289.71761414217127,5.0584162015451835,-49.743467108323706,-288.4193565717035,3.546694508349573,17.32259558436478,-73.20472506376908,-0.5800870728928115,-0.11405898002926702,-2.011724521823746
4.65,0.01570350595712572,-0.023641728798135975,-0.01518034447083405,-0.43302484768977123,0.7845952037136443,-0.7420534952829698,0.002636106066726558,0.002862847040495619,0.002520701029727722,21.883477394414783,33.50733120841596,38.21006512015307,21.008890378282715,34.81676710820096,39.12216739081365,14.968156148667802,-47.706962820002474,-289.758064516129,13.861254827879995,-54.400395883690805,-290.02608491114205,14.96815645010324,-47.706963720028845,-289.75806623830323,22.05721716543905,-16.246481502589216,-48.785035363231046,-0.2901147612971287,-0.6752864262475221,-1.6016686686357955
4.66,0.011066720248460338,-0.015639549781583773,-0.022392509872414368,-0.4866126216710796,0.8107113604771846,-0.7026677629940474,0.0029174510783104915,0.002500997786648802,0.0027611799538039463,21.883477394414783,33.50733120841596,38.21006512015307,21.27754872182963,34.356872869401954,39.533081298985245,14.968156148667802,-47.706962820002474,-289.758064516129,16.666490740432756,-53.521759162058125,-290.33728432721836,14.96815645010324,-47.706963720028845,-289.75806623830323,10.259937074627361,-0.6148512049935143,-56.93473729438895,-0.5076385098319008,-0.39387114173300425,-1.7080967868167862
4.67,0.005960878753815402,-0.007484515795852187,-0.029191031539441803,-0.5287193756945496,0.816435789053206,-0.6610745115462433,0.0033232571748021806,0.003126147376930617,0.0032192487140770233,21.883477394414783,33.50733120841596,38.21006512015307,21.572447397374365,33.88940565737486,39.92021518336725,14.968156148667802,-47.706962820002474,-289.758064516129,19.41643472092923,-52.50719285587975,-290.64173293463335,14.96815645010324,-47.706963720028845,-289.75806623830323,-0.7276423418629531,16.291352919076015,-59.62263163783518,-0.7020054284865653,-0.11283773285199107,-1.7485516659436309
4.68,0.021661263968631717,-0.026455430983368444,-0.011717644428415164,-0.5604631945315202,0.8074645413161821,-0.6119744344365453,0.002935176321016138,0.0030800634958358586,0.0027393948442258104,23.096499507380617,31.95488589962691,39.57513191682278,21.888173584574837,33.42402523242709,40.28170832236247,24.26509812655408,-43.71733080722909,-291.0967741935484,22.073349601381047,-51.385903764960524,-290.9391037236799,24.2650986127358,-43.71733163449504,-291.0967759041823,25.804301891219094,-20.467538341440502,-35.510088091280664,0.21009003753635863,-1.402206831613824,-0.9000132780513428
4.69,0.015626166210255754,-0.018188355771765363,-0.017758675810856772,-0.6331040324027339,0.8382217275003514,-0.5908273972866865,0.0026388476989812034,0.002513289106720148,0.0024975821858009293,23.096499507380617,31.95488589962691,39.57513191682278,22.23779703765017,32.94885891094563,40.62627653048746,24.26509812655408,-43.71733080722909,-291.0967741935484,24.702450325893693,-50.11183976109938,-291.24662706652447,24.2650986127358,-43.71733163449504,-291.0967759041823,15.178819144654112,-5.858176571426179,-50.41940541047221,-0.46963836694380723,-0.4768291190947642,-1.579195624833928
4.7,0.00900210785479777,-0.009730569595985061,-0.023461434396988445,-0.6838081768733237,0.8486287998238857,-0.5530292062988249,0.003099586057926312,0.0029203781524873994,0.002847974215497874,23.096499507380617,31.95488589962691,39.57513191682278,22.62013621057791,32.46378939604458,40.95083918622421,24.26509812655408,-43.71733080722909,-291.0967741935484,27.29241713690388,-48.681192707338575,-291.55889576895504,24.2650986127358,-43.71733163449504,-291.0967759041823,-0.09217130996471448,13.250853487255219,-54.40870569327286,-0.7400853337692276,-0.15183817851069994,-1.6301094997985675
4.71,0.0019555263781732557,-0.0012749165079695146,-0.02877911058342586,-0.7197381638956851,0.8409313888174739,-0.514047962071793,0.003440932306311628,0.003413602814833767,0.003198037527685118,23.096499507380617,31.95488589962691,39.57513191682278,23.025857808381055,31.979838862820312,41.25327083742849,24.26509812655408,-43.71733080722909,-291.0967741935484,29.800871231252017,-47.13685942739138,-291.86977631018084,24.2650986127358,-43.71733163449504,-291.0967759041823,-12.044729832886766,26.937289783137796,-56.821844557595064,-0.9507883141239428,0.07558181932306758,-1.6661018942770747
4.72,0.021987859265505227,-0.020592546866497363,-0.015494746301201845,-0.7414997599316392,0.8197599093155298,-0.4686839015133406,0.0029680920265073457,0.0026320978960832973,0.0025070225999278438,24.664244414469145,30.37227464383605,40.61699049499833,23.447612039000624,31.504801247777124,41.53159815146062,32.568624136111104,-37.937906134639555,-292.43548387096774,32.19646000732399,-45.51040890022119,-292.1752678939532,32.56862478408536,-37.93790685776119,-292.4354855697525,21.029955061776167,-11.83109156412405,-42.272322173267625,0.20438057722040673,-1.2955034351473318,-1.1265613821254559
4.73,0.01414884662076421,-0.012255778828864083,-0.020037778731341827,-0.8119418977346836,0.8386822264329009,-0.4396462450456084,0.002702095210808013,0.0026959679936612363,0.0025992013149881213,24.664244414469145,30.37227464383605,40.61699049499833,23.9004051000761,31.026406545514565,41.790062530484306,32.568624136111104,-37.937906134639555,-292.43548387096774,34.53071675530872,-43.73994649788139,-292.48992161519124,32.56862478408536,-37.93790685776119,-292.4354855697525,5.796617476854446,7.365904245118823,-49.75918691510255,-0.684242222414101,-0.24815049512419515,-1.528725636494508
4.74,0.005767878310768915,-0.003877988444187519,-0.02424014771701044,-0.8565934725021367,0.8347290544567172,-0.40413715417683055,0.0033339041074364546,0.0033577303202910304,0.0029153030979172296,24.664244414469145,30.37227464383605,40.61699049499833,24.383048284542507,30.5467090007767,42.028796980787575,32.568624136111104,-37.937906134639555,-292.43548387096774,36.79701261584516,-41.83121001499786,-292.81311884159925,32.56862478408536,-37.93790685776119,-292.4354855697525,-10.016694722017926,22.445423616907448,-51.60889766362264,-0.9583718242883817,-0.001453274079406641,-1.5483990509761436
4.75,-0.002962257822963388,0.004380736807987784,-0.028080426819572124,-0.8838495485563416,0.8165450770703642,-0.36732467848815914,0.003381923681974094,0.003395987532468204,0.0031869903230858556,24.664244414469145,30.37227464383605,40.61699049499833,24.88471042946521,30.074642068099884,42.246709734464815,32.568624136111104,-37.937906134639555,-292.43548387096774,38.96380461663347,-39.830258796582754,-293.13655287502235,32.56862478408536,-37.93790685776119,-292.4354855697525,-24.158594583751892,35.908355711946214,-53.30363105099635,-1.2086197212205023,0.22509690459045417,-1.5697503998119628
4.76,0.020667225439183645,-0.014296161011787434,-0.019194238674806074,-0.8894807123636684,0.7817870365254905,-0.3266089611249723,0.002835972910870553,0.002563590778063302,0.0026253373230653346,26.527674844532612,28.844302822630258,41.3240734130487,25.395265000654035,29.618331503284598,42.44243358465555,39.538786846884896,-30.60529912738319,-293.7741935483871,41.00169281199712,-37.77955693908757,-293.45428843535325,39.53878762668101,-30.605299718522893,-293.7741952355637,14.76313342102155,-0.07986237944364452,-44.54293451037277,0.24066962862799748,-1.1330210065823125,-1.2337344441588705
4.77,0.011357209277698455,-0.006426437955709852,-0.022306971602419345,-0.9560034510406329,0.785390654301042,-0.29738425486192893,0.0028780710958187417,0.003210765957868804,0.0028496317760614348,26.527674844532612,28.844302822630258,41.3240734130487,25.931992543810935,29.167559467359442,42.61902531810546,39.538786846884896,-30.60529912738319,-293.7741935483871,42.95215058342987,-35.61041579083422,-293.7839130419585,39.53878762668101,-30.605299718522893,-293.7741952355637,-4.179319452456321,16.46005116065348,-46.6389163019239,-0.8963687389671636,-0.11307108231274816,-1.4388823778201667
4.78,0.001579658864794442,0.0013606810041595363,-0.025101366073360443,-0.9924897003198939,0.7713958278007289,-0.2643028302876885,0.0033350447520061294,0.0034410715515841477,0.0030320776262313743,26.527674844532612,28.844302822630258,41.3240734130487,26.49417563742672,28.72226263578965,42.77721992190939,39.538786846884896,-30.60529912738319,-293.7741935483871,44.81741680210372,-33.324434325822025,-294.1233724543285,39.53878762668101,-30.605299718522893,-293.7741952355637,-20.046423533592005,29.112855378676052,-48.26822761596237,-1.1734116094048224,0.09723593091587714,-1.460001980079215
4.79,-0.008445965363599817,0.008937530813795502,-0.027548352374913154,-1.0071465382370854,0.7441389227694384,-0.2282438272480741,0.0030228880018221926,0.0031051498905188893,0.0031539751189117574,26.527674844532612,28.844302822630258,41.3240734130487,27.069290613645965,28.28979383214446,42.91533923232886,39.538786846884896,-30.60529912738319,-293.7741935483871,46.56944803140064,-30.969962102744354,-294.4616521794404,39.53878762668101,-30.605299718522893,-293.7741952355637,-39.30557428105229,44.76457684610947,-50.22197620569418,-1.5178250536955862,0.3653661252415274,-1.4851314689692443
4.8,0.017956238347176634,-0.00808002947579961,-0.023168128803810806,-0.9874494510958667,0.6983855936584673,-0.18888630763660516,0.00265315413937161,0.0030740622640272365,0.0028238798793483715,28.613109894133448,27.456372249855985,41.69358389334258,27.641706753321703,27.879121080142273,43.0316887319432,44.89022697853704,-22.01970757788181,-295.11290322580646,48.17598443436912,-28.609259506904422,-294.78777077263237,44.89022785490553,-22.01970801352696,-295.1129049021031,7.345124182823119,10.403274438873238,-45.93884969696855,0.2682044424878877,-0.9645921817370074,-1.3175912803923253
4.81,0.007695764032545183,-0.0011088054534700853,-0.02487708805227129,-1.0468874198053695,0.6914688292158658,-0.15532732649109046,0.0031089098901197743,0.0034259786617036763,0.0029634262876268064,28.613109894133448,27.456372249855985,41.69358389334258,28.23237078727349,27.48037823553958,43.12763361277216,44.89022697853704,-22.01970757788181,-295.11290322580646,49.671596974413774,-26.157970870570516,-295.12214638129933,44.89022785490553,-22.01970801352696,-295.1129049021031,-12.48166042208119,22.5492641852405,-46.097965301758755,-1.0645832950654348,-0.03436405876861866,-1.3957997285938706
4.82,-0.0029384415902388716,0.0056972298457830806,-0.026233627561672135,-1.0732127010814274,0.6700243029869284,-0.11929732860979986,0.0031698544414558057,0.003337761603652342,0.0030648830060031177,28.613109894133448,27.456372249855985,41.69358389334258,28.84303365454598,27.091716927090975,43.20328400926259,44.89022697853704,-22.01970757788181,-295.11290322580646,51.06192959754629,-23.605436682476178,-295.4638772802358,44.89022785490553,-22.01970801352696,-295.1129049021031,-30.107810692765437,34.46727868067346,-46.29259809471272,-1.3736906103962185,0.16520069751855962,-1.3907287838351672
4.83,-0.013688933312072493,0.012216684582293802,-0.027221230241721073,-1.0707726130181212,0.6347416680815195,-0.08162211163752565,0.0026105848285256786,0.0028238942909980555,0.00312830097866476,28.613109894133448,27.456372249855985,41.69358389334258,29.45863185733324,26.72029423946885,43.25769840531623,44.89022697853704,-22.01970757788181,-295.11290322580646,52.322800419786724,-21.01081264143195,-295.80074709672607,44.89022785490553,-22.01970801352696,-295.1129049021031,-56.64700424566635,51.76414744358442,-46.41704585218493,-1.8433778326049022,0.458004565028823,-1.383204900092601
4.84,0.014588252499644128,-0.0020882435029149216,-0.027187685771283054,-1.03654615832773,0.5822381448938603,-0.04279688429084356,0.002667914438643665,0.0034093925039212795,0.003126320498486653,30.83641690507811,26.28879804694773,41.72996498975639,30.060719694417216,26.374981211644375,43.289966785199724,48.40385594331022,-12.532626612936005,-296.4516129032258,53.42595444609606,-18.44904981803798,-296.1213115480865,48.40385687759783,-12.5326268746539,-296.4516145696007,-0.6244997294286576,17.01669806828444,-45.07249155539395,0.05506470698926546,-0.7939372886591013,-1.3279241337359065
4.85,0.0038900519903422026,0.003666156774259688,-0.027418384401304507,-1.0869683475975525,0.5658931660418002,-0.006465142660932242,0.003137627887424655,0.003415342669560819,0.003139654054934763,30.83641690507811,26.28879804694773,41.72996498975639,30.67597354473169,26.046459159046968,43.30107815950586,48.40385594331022,-12.532626612936005,-296.4516129032258,54.402843721843844,-15.815157689057658,-296.45141352271787,48.40385687759783,-12.5326268746539,-296.4516145696007,-19.481312326986327,26.971465510679582,-44.29961472348336,-1.2039695787069498,0.009142223914086582,-1.3283154413921807
4.86,-0.007090903521841607,0.009173461729373167,-0.027274921903669425,-1.1032910281966688,0.5365602416243096,0.03148360614071859,0.0030451114095740883,0.003084742257985151,0.003131459177835393,30.83641690507811,26.28879804694773,41.72996498975639,31.3059096851261,25.73266139122575,43.29067844395451,48.40385594331022,-12.532626612936005,-296.4516129032258,55.258251861608414,-13.098086647788186,-296.7886905370872,48.40385687759783,-12.5326268746539,-296.4516145696007,-38.67528936454175,38.69156737180286,-43.359284325248034,-1.5438546456159774,0.20562052092467178,-1.3026631548954355
4.87,-0.018048263465717196,0.014320880983944406,-0.02674394930817492,-1.0827906633368483,0.49507266113039095,0.07115392640443016,0.0025251033606837774,0.002693571967012853,0.0030990119274992437,30.83641690507811,26.28879804694773,41.72996498975639,31.932322820835015,25.440186984460528,43.25797386406599,48.40385594331022,-12.532626612936005,-296.4516129032258,55.970964042710484,-10.368965504384098,-297.11859024863026,48.40385687759783,-12.5326268746539,-296.4516145696007,-66.97094212778742,53.52100258729858,-41.62794622373564,-1.9995222920606461,0.4443695633706669,-1.2644225220236773
4.88,0.010994843315886182,0.003669025635739398,-0.030802279700154034,-1.0444728707062014,0.43985475781822764,0.10971910380498874,0.002872273245937723,0.0033902276090004143,0.0032512187084242487,33.10867200245259,25.411700762179535,41.44437425927077,32.539224234199295,25.176273956174285,43.20267851210328,49.93582535855264,-2.532458441935658,-297.7903225806451,56.52064176900743,-7.694996399960592,-297.43406522010173,49.93582631060621,-2.5324585171777705,-297.7903242379092,-7.166887164285996,22.761809739979668,-45.78263040776315,-0.14771688176159758,-0.5954050202029316,-1.3912078507730858
4.89,0.0002710467169649844,0.00793946977367005,-0.029477951927542545,-1.0856677259148941,0.41326062335831637,0.15070544209594014,0.003140641721962625,0.0031729680472361832,0.0032187201015852146,33.10867200245259,25.411700762179535,41.44437425927077,33.15545806620657,24.93331774267835,43.12447052189683,49.93582535855264,-2.532458441935658,-297.7903225806451,56.92870238388174,-4.9616520757033955,-297.7611803654158,49.93582631060621,-2.5324585171777705,-297.7903242379092,-25.042332970410804,31.16705123302659,-42.87780590653294,-1.3030815073819284,0.041416428820315446,-1.2632742922506635
4.9,-0.010646256875965432,0.011871235495288845,-0.0277501136110615,-1.0917447522372856,0.37541493131780246,0.19085179498118984,0.002780851869077298,0.002850667311044523,0.0031426840824741523,33.10867200245259,25.411700762179535,41.44437425927077,33.781117796231214,24.71026082499934,43.02317006560521,49.93582535855264,-2.532458441935658,-297.7903225806451,57.19785021376253,-2.1651920190391745,-298.09685153170153,49.93582631060621,-2.5324585171777705,-297.7903242379092,-47.57907781553485,41.18537803984825,-39.533149379331135,-1.7047645170190113,0.20453652358770535,-1.19516754315326
4.91,-0.021405877811741858,0.015382046764131296,-0.02561585619653406,-1.058604884448245,0.3298903783793415,0.23177031337561496,0.002734137321356401,0.002647883014806792,0.003036453881932934,33.10867200245259,25.411700762179535,41.44437425927077,34.395557890704076,24.511767192538095,42.898550634895045,49.93582535855264,-2.532458441935658,-297.7903225806451,57.315094314459635,0.6142288906010991,-298.4232989500102,49.93582631060621,-2.5324585171777705,-297.7903242379092,-67.14017538504298,50.09808490388024,-35.75090715255265,-1.9906549124274477,0.3377942112392185,-1.1229750221316588
4.92,0.007222691000962067,0.009122058555084411,-0.03337357976512567,-1.016508358141215,0.2748579187150738,0.2690875728573502,0.0031684365633195375,0.003057016379571483,0.0032207232831619748,35.34257820501509,24.881088576978325,40.85518019482604,34.98760390897482,24.34281936504781,42.751616778618114,49.42341621640558,7.571388875228766,-299.1290322580645,57.27150367208356,3.325574001271577,-298.7384296666702,49.42341714644567,7.571388992251046,-299.12903390651087,-11.868969959506192,29.166604367690173,-46.99649169096118,-0.2508580599826624,-0.3577619192795915,-1.4968007942960093
4.93,-0.003174462882845397,0.01166427094089345,-0.030429317016364865,-1.0492595136411378,0.2353099044286107,0.3138125490839277,0.003225492660844682,0.0028672828503448276,0.0032255566843185455,35.34257820501509,24.881088576978325,40.85518019482604,35.58464620704777,24.199545310225314,42.58043400412407,49.42341621640558,7.571388875228766,-299.1290322580645,57.07190495558242,6.077726278718161,-299.06712823715753,49.42341714644567,7.571388992251046,-299.12903390651087,-28.735521387317625,34.636162136666634,-40.484982891970276,-1.3608300918696041,0.051069070443787695,-1.1774482363536147
4.94,-0.013673390358185822,0.013769266362797405,-0.027068141668226797,-1.0441398266324402,0.18992625556118298,0.35418919217463896,0.002620385048778121,0.0027222002180184585,0.0031439179252708994,35.34257820501509,24.881088576978325,40.85518019482604,36.18565575052354,24.081547384801397,42.385542893384866,49.42341621640558,7.571388875228766,-299.1290322580645,56.719824845224196,8.86714810681633,-299.4061434398209,49.42341714644567,7.571388992251046,-299.12903390651087,-54.077155605056966,40.18641468392768,-33.3446488739003,-1.8082549327776911,0.1340118536599045,-1.0465147350953723
4.95,-0.023897090332850257,0.015414182911874297,-0.02330185771915283,-1.0024877927206424,0.14302679492296722,0.3945349233645857,0.00289207913869518,0.002646661888992249,0.0028488573892007426,35.34257820501509,24.881088576978325,40.85518019482604,36.76896423610456,23.990012030233043,42.16745683679937,49.42341621640558,7.571388875228766,-299.1290322580645,56.21507158355972,11.611133030018985,-299.73354102660437,49.42341714644567,7.571388992251046,-299.12903390651087,-65.80437291640409,43.18792584453666,-28.4576344334571,-1.9586591367375494,0.16732931214672753,-0.9558166371853535
4.96,0.0032622152496815104,0.014035881305499764,-0.034270213512940906,-0.9543467187229545,0.09150896443608371,0.4300614645627365,0.003391478391854579,0.0027078695909196777,0.0031966821108947393,37.458522168855566,24.73627985127445,39.989262295243776,37.32685385581586,23.927150906574344,41.927831964399886,46.887606607354066,17.365262642240907,-300.46774193548384,55.55868750794457,14.272698415995118,-300.04758238553615,46.88760747776472,17.365262949696884,-300.46774357467416,-15.593263784454987,35.311432509897486,-45.48010815999193,-0.3417836854063568,-0.09746532029363812,-1.5379326844612637
4.97,-0.006466815219523303,0.01465710326804004,-0.02971586817635341,-0.9787007099842365,0.038258732536822486,0.47421324080302085,0.0031863457749216396,0.0026778632900713835,0.0032182972007487355,37.458522168855566,24.73627985127445,39.989262295243776,37.885128049065976,23.894596964237447,41.66445907083681,46.887606607354066,17.365262642240907,-300.46774193548384,54.73893258462441,16.948706843837876,-300.37674786068754,46.88760747776472,17.365262949696884,-300.46774357467416,-32.23759438726892,35.573555475164525,-35.26765759354925,-1.4123086358612773,0.010046776061971435,-1.0437647442338307
4.98,-0.01619003972782529,0.014761534723392145,-0.024757043918674615,-0.960104604468531,-0.011368428643829762,0.5136892695297149,0.0024791352851160947,0.002673246532767285,0.0029538741915685236,37.458522168855566,24.73627985127445,39.989262295243776,38.440902719032565,23.891421689339523,41.37807526444349,46.887606607354066,17.365262642240907,-300.46774193548384,53.76155974772422,19.628131028069394,-300.7149664270508,46.88760747776472,17.365262949696884,-300.46774357467416,-58.864607312081226,35.93655036524953,-25.988173243373897,-1.8668220200846128,0.003068289883769889,-0.8780745857955201
4.99,-0.0255363855850812,0.014395754544372641,-0.019410203100797774,-0.9134016034052581,-0.057204697033785286,0.5506579744821916,0.0030144299016660967,0.002690000532420245,0.002566172336065475,37.458522168855566,24.73627985127445,39.989262295243776,38.973716814154855,23.915005337414893,41.06965393704815,46.887606607354066,17.365262642240907,-300.46774193548384,52.638743527496594,22.23479365055137,-301.0376429446287,46.88760747776472,17.365262949696884,-300.46774357467416,-63.28724209216706,33.144877582051706,-18.16667765789784,-1.8978578741457761,-0.0609690757652249,-0.7346897723581002
5.0,-0.0007059026392993717,0.01814806389517515,-0.03304736308049938,-0.8625994607996599,-0.10260439410532092,0.5762992368753356,0.0034110671416886333,0.0026734059879879274,0.0032527038844183042,39.38914553608942,24.998448122661333,38.88367471602111,39.47949350330737,23.964977841810505,40.74379242566642,42.43221287473754,26.448200516348138,-301.80645161290323,51.388076583404484,24.742313378439956,-301.34438015807746,42.43221365167993,26.448201004146,-301.80645324172525,-19.145268494053905,36.872088123410066,-39.21961357430414,-0.453696586925992,0.09328335200163383,-1.5357095932331457
5.01,-0.009462003671608654,0.016763997823668386,-0.027053636445659723,-0.8767508006415135,-0.16540821354978147,0.6159645157488264,0.00294585534450197,0.0026097518726022604,0.0031183681681847784,39.38914553608942,24.998448122661333,38.88367471602111,39.981449945374266,24.04774478180225,40.398236320545095,42.43221287473754,26.448200516348138,-301.80645161290323,49.984074236974884,27.23223969091275,-301.66619630339386,42.43221365167993,26.448201004146,-301.80645324172525,-36.8173830649657,33.50398511261447,-27.600187969149744,-1.4717730958388673,-0.08221313163128251,-0.8760762095706358
5.02,-0.01809820267788964,0.014817407783600134,-0.02069679796218038,-0.8468937108115654,-0.21681959249066413,0.6516527138695688,0.002509861444179529,0.002670808070976742,0.002638742291675134,39.38914553608942,24.998448122661333,38.88367471602111,40.47435494611634,24.162158924209436,40.03198567700071,42.43221287473754,26.448200516348138,-301.80645161290323,48.42737337800442,29.687240534634668,-301.9939357453574,42.43221365167993,26.448201004146,-301.80645324172525,-58.48277969681088,28.638669358536095,-16.527418253787637,-1.8143618508596455,-0.18278534118534806,-0.6779819707945873
5.03,-0.02630706242221903,0.01240587197406734,-0.01402054268778019,-0.7996899961637222,-0.260367649520907,0.6780778623488803,0.0030699799824449475,0.002809805522942731,0.002578539828686435,39.38914553608942,24.998448122661333,38.88367471602111,40.941982049377124,24.30279747652404,39.64805055432316,42.43221287473754,26.448200516348138,-301.80645161290323,46.744423746966774,32.04522478709619,-302.30575559106853,42.43221365167993,26.448201004146,-301.80645324172525,-61.14188373691094,20.519273075568858,-1.7782535228543042,-1.8392981789077258,-0.33460583969621005,-0.41377833531887315
5.04,-0.00449566911944288,0.021306010655273322,-0.02980984976145995,-0.7494677727789786,-0.2985781744000022,0.6869566849118862,0.00333124354719407,0.0028880430703765473,0.0032370754432893183,41.08174006450399,25.669937556269307,37.587043352791504,41.382638058752484,24.46684383805605,39.25531620698661,36.239639361456014,34.44834595378431,-303.14516129032256,44.972856450305684,34.28404299612065,-302.60312928670294,36.23964001617068,34.4483466033935,-303.1451629073295,-22.487914283935968,33.74487831432728,-30.835500833356114,-0.5665914945600383,0.15888930892318534,-1.4955135192827649
5.05,-0.012053031408530868,0.017934494845631532,-0.022731711687868472,-0.7516540259061633,-0.3650417256234643,0.722295473168786,0.002711924761734949,0.0026625812536432434,0.00278832039855444,41.08174006450399,25.669937556269307,37.587043352791504,41.815266720325994,24.66361205676194,38.84791189510081,36.239639361456014,34.44834595378431,-303.14516129032256,43.06678537470342,36.47295134676727,-302.9128721438926,36.23964001617068,34.4483466033935,-303.1451629073295,-40.98065566444908,28.5527871944745,-19.03183465730532,-1.5125873350299879,-0.22314586905982015,-0.6999297132756888
5.06,-0.019393417919102984,0.013989574333889032,-0.015350312940933919,-0.7157897472525874,-0.41653366775029993,0.7494351175001648,0.002565340011785631,0.00271028717071207,0.002513212382375597,41.08174006450399,25.669937556269307,37.587043352791504,42.23365490491102,24.89251535565644,38.423505549545375,36.239639361456014,34.44834595378431,-303.14516129032256,41.02085737766545,38.591436678759,-303.22595295134295,36.23964001617068,34.4483466033935,-303.1451629073295,-56.78324070682887,19.094146598133367,-2.4795840205288093,-1.7533083383669552,-0.4047547012788465,-0.4024339780605853
5.07,-0.026302779489266848,0.009595366282661832,-0.0077864209574087795,-0.6707295475213884,-0.4566692302472049,0.7593165088281036,0.003069682327999879,0.0030475834422373465,0.003100053143307962,41.08174006450399,25.669937556269307,37.587043352791504,42.62695133479025,25.146527949529947,37.989662147061104,36.239639361456014,34.44834595378431,-303.14516129032256,38.88004744030006,40.59087241912946,-303.5284018081961,36.23964001617068,34.4483466033935,-303.1451629073295,-59.00465829264215,7.458048687941255,14.340713756552278,-1.7738972612474972,-0.6114463571878284,-0.12202549613999376
5.08,-0.008027619256972485,0.023426587955035882,-0.025114739057991997,-0.6228051022623687,-0.4870867354090757,0.7550663434906011,0.0030787304467699726,0.0031210946523004476,0.0029822058892953023,42.49843485760588,26.734100286424834,36.1599790772276,42.99431099638391,25.420359614166784,37.55534149435655,28.563410754739678,41.03817206036378,-304.48387096774195,36.688003028939406,42.45685589910172,-303.8195133098111,28.563411264407097,41.03817284527349,-304.48387257165666,-26.779034701014947,29.409618343471553,-22.625744741277202,-0.7187327781904634,0.16628994368862093,-1.4112593432682505
5.09,-0.014246764235128606,0.018157214779372044,-0.01738293597766194,-0.6134832545640321,-0.5550933945718954,0.7842785263105159,0.002566203192184961,0.002673881912698702,0.0024848413581903487,42.49843485760588,26.734100286424834,36.1599790772276,43.3496993957646,25.725903809242865,37.1108959753763,28.563410754739678,41.03817206036378,-304.48387096774195,34.37919315144273,44.24317441201814,-304.12061577159847,28.563411264407097,41.03817284527349,-304.48387257165666,-44.099252267890165,22.255057272425084,-7.657896027826764,-1.5284947565752054,-0.38696227857451493,-0.4811500924890225
5.1,-0.020190166853843783,0.012315604132501268,-0.00945812932022616,-0.5766275453599531,-0.605377552830463,0.796512968442431,0.002607884402982509,0.0028164822558959485,0.002946228241553484,42.49843485760588,26.734100286424834,36.1599790772276,43.68804402627844,26.063388594860932,36.65623607243303,28.563410754739678,41.03817206036378,-304.48387096774195,31.952735439082026,45.92758132863102,-304.428050357235,28.563411264407097,41.03817284527349,-304.48387257165666,-54.78228225521855,8.411857901359848,12.286790147077305,-1.684384192102867,-0.6412578413140912,-0.14226683840388188
5.11,-0.02572316406403108,0.006060190035622803,-0.0014987772128665089,-0.5341436276280311,-0.6400561634942338,0.7935056063513817,0.003028411107152431,0.0033174776369618774,0.0034199789298564893,42.49843485760588,26.734100286424834,36.1599790772276,44.002623308355105,26.423709619604814,36.200446290826584,28.563410754739678,41.03817206036378,-304.48387096774195,29.463169734411547,47.478421397234285,-304.7309785498244,28.563411264407097,41.03817284527349,-304.48387257165666,-56.42226694180126,-4.247469103188131,25.935570346406568,-1.6984640509055269,-0.8614413276108039,0.08426256188571722
5.12,-0.011341885932681484,0.024335176017092564,-0.019577729108159025,-0.4898124798566817,-0.6629431463314027,0.7775035231064578,0.002771615638428472,0.0032188251819714204,0.002574548594857229,43.61471841603768,28.155657096675057,34.673901671371,44.292721694508515,26.79997398007843,35.75074439770156,19.717792755666043,45.947890581011485,-305.8225806451613,26.952231869847875,48.888683123324476,-305.0257600459297,19.717793103769278,45.94789146783725,-305.82258223535047,-32.38216188258104,25.06313418386912,-13.659486801374745,-0.9119033223763362,0.1609321831276559,-1.2985773261300282
5.13,-0.01616621554332298,0.017301046381094476,-0.011673940141658345,-0.47115619651282176,-0.7312884941183498,0.7953974505432159,0.0024800412888599777,0.002632826540698482,0.0027430672162606137,43.61471841603768,28.155657096675057,34.673901671371,44.56778667194205,27.20659937935727,35.297167847248346,19.717792755666043,45.947890581011485,-305.8225806451613,24.346048256955683,50.19077778596335,-305.33215354210955,19.717793103769278,45.94789146783725,-305.82258223535047,-46.55888546450734,14.44827745180397,6.404330518332667,-1.5316041899356896,-0.5741250909628206,-0.23603163465459193
5.14,-0.020685339904730538,0.00971891313105,-0.003714266159493107,-0.43500267154697625,-0.7769496613836054,0.794621241372698,0.002638006615641002,0.0030366770390408164,0.0033658146682363477,43.61471841603768,28.155657096675057,34.673901671371,44.82459838953018,27.643517814289147,34.84122623434959,19.717792755666043,45.947890581011485,-305.8225806451613,21.64874933149407,51.36729572513924,-305.6495188933517,19.717793103769278,45.94789146783725,-305.82258223535047,-52.1226996130051,-2.0857857114376808,22.156606442380696,-1.604559657209856,-0.8681924105203634,0.02296062440970684
5.15,-0.02481589420566599,0.0017847308902108616,0.004171290102573111,-0.39503968808850015,-0.8047453198222112,0.7816120112013715,0.002961252622958868,0.003439607768844538,0.0034028974569072423,43.61471841603768,28.155657096675057,34.673901671371,45.05896870263004,28.099622656336777,34.39023940123681,19.717792755666043,45.947890581011485,-305.8225806451613,18.91418889968988,52.404077286820375,-305.96509438926824,19.717793103769278,45.94789146783725,-305.82258223535047,-53.60400412352677,-15.304638316323775,35.56952161397311,-1.6186789922101863,-1.0984753753240872,0.24900086993502954
5.16,-0.01454149571953589,0.02377907999522,-0.01374128832494148,-0.3550720394963964,-0.8180588339559166,0.7522004113972747,0.0025758086477412033,0.0031593053118914444,0.00259459054477264,44.41712260401602,29.88184660701201,33.20802471955318,45.27060061358791,28.566957877176026,33.95197483134621,10.064926004432994,48.97649706262472,-307.1612903225806,16.18840042243568,53.297693159884915,-306.2760784626156,10.06492618068429,48.976498012721905,-307.1612918993113,-38.351595516301416,19.864000160227704,-1.0075946980632153,-1.1185971645503145,0.15432195799656118,-1.1059276976945465
5.17,-0.017969386652761266,0.01519706328925774,-0.006162789489228104,-0.3299255718826046,-0.8841649542863109,0.757294394291666,0.002565528275235053,0.002655090703630299,0.003230001688448338,44.41712260401602,29.88184660701201,33.20802471955318,45.465416329510894,29.06205592277807,33.517767413843686,10.064926004432994,48.97649706262472,-307.1612903225806,13.39494662446724,54.06010093698973,-306.60290070466135,10.06492618068429,48.976498012721905,-307.1612918993113,-45.48189638150804,5.022972570505502,15.89145712418209,-1.4681889469991567,-0.7857254499490083,-0.0896829927185514
5.18,-0.02108805985250739,0.006128681620317655,0.0013638355659915113,-0.2965154544514662,-0.9221218426815742,0.7472440393554919,0.002770113773983821,0.0033060174709380135,0.0034415734971573303,44.41712260401602,29.88184660701201,33.20802471955318,45.64216738927064,29.58368816022578,33.087162134939604,10.064926004432994,48.97649706262472,-307.1612903225806,10.534451331056555,54.68750918681447,-306.9413790213887,10.06492618068429,48.976498012721905,-307.1612918993113,-47.56486482770881,-11.878121352660113,29.054126056583655,-1.4937586632903401,-1.0761337705471226,0.12946724831331197
5.19,-0.023855602577818935,-0.0032121744544245656,0.008724627655240735,-0.2602094057665565,-0.9411176565351116,0.7246975268138518,0.0029315815354330945,0.0033567540238900835,0.003123380030759977,44.41712260401602,29.88184660701201,33.20802471955318,45.79864324030391,30.119864224766758,32.666801504090664,10.064926004432994,48.97649706262472,-307.1612903225806,7.6610838221762565,55.177629403232025,-307.27940342438444,10.06492618068429,48.976498012721905,-307.1612918993113,-49.94864447950083,-27.180843548286482,44.480436495345515,-1.5269882379091566,-1.3439955111441886,0.39365168094979563
5.2,-0.017807370767998765,0.021630263540794448,-0.008032485387708066,-0.22222627967701186,-0.937431629914445,0.6833842331781823,0.0025053690082941964,0.0029033852604227178,0.0030782961214993786,44.90087678538442,31.844766997922733,31.84476699792274,45.93376924111506,30.659909531340777,32.26564259606949,3.6739403974420595e-14,50.0,-308.5,4.832497675703272,55.52763552848584,-307.61324971453314,1.4651189813714214e-14,50.00000097138312,-308.50000156437267,-43.22720019919152,14.24978011150778,9.61865201549702,-1.2874210050161914,0.21465132318320704,-0.9474378189760809
5.21,-0.019863085617530474,0.01187471146650132,-0.0011951453544685187,-0.19051304205315303,-0.9972809678598537,0.6797172690588843,0.002589540478037425,0.002823619618179284,0.003425057426706707,44.90087678538442,31.844766997922733,31.84476699792274,46.04966154618276,31.221753425214892,31.87436832602552,3.6739403974420595e-14,50.0,-308.5,1.9654955302271704,55.73187447193438,-307.9601953676705,1.4651189813714214e-14,50.00000097138312,-308.50000156437267,-45.23426310630441,-4.724698151250172,22.415912643739368,-1.4289738768021227,-0.9851019212382964,0.0012896847132277563
5.22,-0.021569793386540748,0.0017301129752599342,0.005518469892398792,-0.15409095830645742,-1.0253167075323089,0.6628935385850615,0.002698477524482245,0.0032809501469191512,0.0033470130116141513,44.90087678538442,31.844766997922733,31.84476699792274,46.145349011845866,31.804477868256875,31.490734403455598,3.6739403974420595e-14,50.0,-308.5,-0.945780206700417,55.79050832099852,-308.31402124397164,1.4651189813714214e-14,50.00000097138312,-308.50000156437267,-46.11715968935537,-21.397553165486727,34.74995017062001,-1.4346267723522848,-1.273252972359704,0.20840141076883212
5.23,-0.02290381364264482,-0.008575847251836022,0.01199281211670089,-0.11641517858202666,-1.0313058198179283,0.6321797544325106,0.0028022944064593977,0.0029976133227087656,0.002841105266389737,44.90087678538442,31.844766997922733,31.84476699792274,46.21962012481019,32.39515890098431,31.12163998766522,3.6739403974420595e-14,50.0,-308.5,-3.8431849084595124,55.70789945886962,-308.66432505001154,1.4651189813714214e-14,50.00000097138312,-308.50000156437267,-46.76782725370567,-41.47510371657426,51.85765072152324,-1.4360860713643404,-1.6293656856696317,0.49916618627170817
5.24,-0.020934018755872197,0.018244929149522693,-0.0025343544971517806,-0.07692267358342403,-1.0026396994883726,0.585566632314504,0.002654134769356497,0.002665317745144222,0.00340058484257612,45.0681347044826,33.965218133719134,30.664319678291154,46.27181601569511,32.97810519383871,30.775867990145393,-10.064926004432923,48.97649706262474,-309.83870967741933,-6.653880146522327,55.493596976561776,-309.0022604148213,-10.0649261795906,48.97649801203212,-309.8387112309897,-43.53388635045719,7.230748383591287,16.324424473718743,-1.3353364114780806,0.2176818896618351,-0.8100618403206239
5.25,-0.0215196234898275,0.007875352705704164,0.0032729085650308187,-0.04262135212598758,-1.0541416910873096,0.5731738364162079,0.0026948208728531974,0.003089950633752117,0.0034239891479631323,45.0681347044826,33.965218133719134,30.664319678291154,46.3033531275465,33.574557558183535,30.444069219105682,-10.064926004432923,48.97649706262474,-309.83870967741933,-9.471806495899955,55.132364576437176,-309.3465121064583,-10.0649261795906,48.97649801203212,-309.8387112309897,-42.895508697103274,-12.726025323314397,27.018890794844687,-1.3517958593143162,-1.1375663398614926,0.05244934274427617
5.26,-0.02174483967118368,-0.0027862101928245453,0.008878216203819234,-0.00591002965065481,-1.0723136429983786,0.5484857284669695,0.0027113753608227725,0.0031719274039789963,0.0031102822945600953,45.0681347044826,33.965218133719134,30.664319678291154,46.314148089448864,34.18632314999261,30.124390385823816,-10.064926004432923,48.97649706262474,-309.83870967741933,-12.309715625497747,54.623023029974924,-309.6957014207848,-10.0649261795906,48.97649801203212,-309.8387112309897,-42.295181055290286,-30.42036265337502,39.173100466777896,-1.332822406438291,-1.4452996927035433,0.2571611795377105
5.27,-0.021597918312488362,-0.013485903010583167,0.014165851440734012,0.031878547879329436,-1.0623827777733534,0.5106698965777613,0.0027005284516894634,0.0026279661000175405,0.0027012325364221355,45.0681347044826,33.965218133719134,30.664319678291154,46.303552154565324,34.798584506637724,29.823670993529678,-10.064926004432923,48.97649706262474,-309.83870967741933,-15.102948402812979,53.977501231849104,-310.039404916815,-10.0649261795906,48.97649801203212,-309.8387112309897,-41.00747802134201,-56.49530796829924,54.897330184334066,-1.299701190996787,-1.9041512165394936,0.5170326024177392
5.28,-0.02352241032063407,0.01438777295055127,0.0028661811363984713,0.07136962532936234,-1.0193809287031124,0.46169265275628024,0.0028530347183071013,0.0026757258299668564,0.003399532818099114,44.92711496974967,36.15799217585362,29.739291216779275,46.27057826893872,35.3927508421734,29.548604864841653,-19.717792755665812,45.94789058101158,-311.1774193548387,-17.77452870665234,53.21491595898058,-310.36438816334925,-19.7177930996657,45.947891466042904,-311.1774208990427,-41.80738583842289,-0.6772400577856845,21.93661944354447,-1.3352325002999235,-0.004446176210258946,-0.6188991423309137
5.29,-0.022614926702962834,0.0039082910444653285,0.0073755255913060536,0.10706407762638337,-1.0613301467695366,0.4390934060678171,0.0027789950526080015,0.00319742881779439,0.003220162210013381,44.92711496974967,36.15799217585362,29.739291216779275,46.21651087514417,35.99499082958897,29.291714684988715,-19.717792755665812,45.94789058101158,-311.1774193548387,-20.429147073606497,52.30607943183489,-310.6952473191491,-19.7177930996657,45.947891466042904,-311.1774208990427,-39.86836895792878,-18.917999169474218,31.084158233225242,-1.2621290777112537,-1.2517470502410386,0.08873000095694707
5.3,-0.021342372545007482,-0.006775906390844466,0.01158902507604842,0.1437947253873715,-1.0704453857900609,0.4052801267177739,0.002682212384714198,0.00309828880635652,0.002873450483787541,44.92711496974967,36.15799217585362,29.739291216779275,46.14149205496667,36.60751757398491,29.05229378037003,-19.717792755665812,45.94789058101158,-311.1774193548387,-23.077292887470545,51.24842199384735,-311.03264375893207,-19.7177930996657,45.947891466042904,-311.1774208990427,-37.58609793771449,-37.36473249861328,41.83552500743581,-1.2130399702969747,-1.5763680054732019,0.26532840370127064
5.31,-0.019696761304801802,-0.017372361832598382,0.015413490556600129,0.18192605766122097,-1.0441347271528383,0.36279523786714674,0.0025806774963970025,0.0025161742820141763,0.0026466881829632057,44.92711496974967,36.15799217585362,29.739291216779275,46.04501070648079,37.21290992354759,28.835642593495148,-19.717792755665812,45.94789058101158,-311.1774193548387,-25.649232659349128,50.06383215484665,-311.36293988873945,-19.7177930996657,45.947891466042904,-311.1774208990427,-33.333263142298286,-65.38189210411171,53.09358979640493,-1.1302823016883028,-2.036571803806377,0.44214764162537645
5.32,-0.025262955438158263,0.010498202702980075,0.008138968098319377,0.21826149553113508,-0.9963752352859565,0.31224362876427564,0.0030028193809070133,0.002936441393623528,0.003112823513041281,44.492251628328546,38.33804508437962,29.130196351614295,45.92699417395754,37.794252712513824,28.64609019236106,-28.563410754739614,41.03817206036381,-312.51612903225805,-28.07834188235847,48.77826600143632,-311.6744612145426,-28.563411256111944,41.03817284166724,-312.51613056783077,-39.573783544781165,-7.16653733562255,27.955045670434526,-1.359843519448463,-0.20400963589320717,-0.38616136398741335
5.33,-0.022881995885760786,0.00029858043923747246,0.011075376292825179,0.25415508787559915,-1.0299807122846167,0.2763583636850062,0.0028520007432850545,0.003270189775966246,0.0029059374901529134,44.492251628328546,38.33804508437962,29.130196351614295,45.78852821070414,38.38002601209587,28.480021450953434,-28.563410754739614,41.03817206036381,-312.51612903225805,-30.466954628945143,47.34911172334838,-311.99669414195256,-28.563411256111944,41.03817284166724,-312.51613056783077,-35.63736244511213,-23.49306614086797,34.750107226189755,-1.150761902425407,-1.3249258205802625,0.10667947470817116
5.34,-0.020147272759372448,-0.010028674882488486,0.013607865231777316,0.2891817802648453,-1.0302860968904524,0.2336698077925221,0.002712608705523873,0.002879597386010171,0.0027312437312377426,44.492251628328546,38.33804508437962,29.130196351614295,45.62983542390786,38.97156148026172,28.337389290154384,-28.563410754739614,41.03817206036381,-312.51612903225805,-32.82055893150791,45.775020968056815,-312.3299119133651,-28.563411256111944,41.03817284166724,-312.51613056783077,-29.91076175705885,-44.207508444221105,41.34254265399267,-1.0411328813886491,-1.6921567453407826,0.20803336825951707
5.35,-0.017059427328012466,-0.020144997026396827,0.015699491071342386,0.3247844188939411,-0.9908867423602803,0.18882446821221505,0.0025371599055434716,0.0026053132131338397,0.002636247029253175,44.492251628328546,38.33804508437962,29.130196351614295,45.45088270400658,39.548746636911176,28.220133215247102,-28.563410754739614,41.03817206036381,-312.51612903225805,-35.06842144006139,44.09266948117267,-312.65444645294383,-28.563411256111944,41.03817284166724,-312.51613056783077,-22.794499562921832,-66.71186101779084,46.63270491378328,-0.9127338672395724,-2.036084187310408,0.2814164213546107
5.36,-0.025984857448619558,0.006674974535916478,0.012986279602921813,0.3533299342279216,-0.9405877800422555,0.1383074726493365,0.0030740325276766975,0.0032703407902828704,0.0027694760925177095,43.78523475702713,40.426546870127645,28.882168901958554,45.25355300388445,40.09854467877174,28.130450406086357,-36.239639361455964,34.44834595378436,-313.85483870967744,-37.160615984101035,42.33380324490758,-312.9627447300013,-36.23964000349305,34.448346597226816,-313.85484023628277,-37.115944754601145,-11.545305686441798,34.004553808772,-1.4463889534230536,-0.327009816803337,-0.12253646192692996
5.37,-0.022243481839358092,-0.0029209263414219366,0.014101820416040134,0.39039636264055533,-0.9661340264484857,0.08945378753949448,0.002765996744889978,0.0033410757419792938,0.0027044827311058445,43.78523475702713,40.426546870127645,28.882168901958554,45.037118019940245,40.64928966364975,28.069348935183505,-36.239639361455964,34.44834595378436,-313.85483870967744,-39.18759883744074,40.43895684226531,-313.2869508444478,-36.23964000349305,34.448346597226816,-313.85484023628277,-31.64482561349716,-26.271950271631788,36.168090181043205,-1.0465526303503903,-1.3586059890405784,0.077338183139603
5.38,-0.01814206379127814,-0.012556994956082423,0.014731481563507454,0.42622543674080837,-0.955724008684764,0.041818072600665265,0.0025115191914728595,0.002673210795941642,0.002674559674540172,43.78523475702713,40.426546870127645,28.882168901958554,44.8000747014185,41.20057378819081,28.035980697312702,-36.239639361455964,34.44834595378436,-313.85483870967744,-41.151030487229605,38.404787821600486,-313.62265652697846,-36.23964000349305,34.448346597226816,-313.85484023628277,-22.59369640326533,-49.39689406191643,37.611616167743925,-0.8763784855663901,-1.7669339247660034,0.08923451792707196
5.39,-0.013694961295865893,-0.021870288488004208,0.014905089977425512,0.45829904760595824,-0.9082822926086764,-0.002612315735557291,0.0025973228914801245,0.0027207700699336274,0.002667059257186629,43.78523475702713,40.426546870127645,28.882168901958554,44.54349623257318,41.73136183192398,28.028579205050026,-36.239639361455964,34.44834595378436,-313.85483870967744,-42.98518974941802,36.2824972141924,-313.94607718151104,-36.23964000349305,34.448346597226816,-313.85484023628277,-9.721935446226247,-64.90572776764698,36.55629234246728,-0.6489574811211416,-1.9836924784067247,0.054505931638318995
5.4,-0.025554446616671278,0.003000997823529028,0.01708172922570128,0.47712829367752824,-0.8564798845200072,-0.04881630924714695,0.0030157804972802205,0.0034254056861078067,0.0026232157223275783,42.83661463662022,42.35570557428721,29.022879089677136,44.27313217490023,42.233315093642496,28.047378085593692,-42.4322128747375,26.448200516348198,-315.19354838709677,-44.65940127501719,34.11431936516658,-314.254931412772,-42.432213635427246,26.448200994992575,-315.19354990333443,-34.0883575675546,-14.59454767416106,37.310556151554415,-1.534010742323601,-0.41960776625117774,0.11035542959429648
5.41,-0.020568785168294967,-0.005704770123893921,0.01625956043948501,0.5144835541689885,-0.8734966963332846,-0.10769903880398363,0.0026306072193475263,0.0032611285658522117,0.0026172660970537856,42.83661463662022,42.35570557428721,29.022879089677136,43.9854439625488,42.73259250305115,28.097754964050477,-42.4322128747375,26.448200516348198,-315.19354838709677,-46.24632599455871,31.824595885438494,-314.58109717801096,-42.432213635427246,26.448200994992575,-315.19354990333443,-25.721435373673348,-28.7188651580809,34.476185044607156,-0.9076151470666868,-1.3830681478716025,-0.008814060315679814
5.42,-0.015240879409133434,-0.014360075852527743,0.014900268280558016,0.5470132015418104,-0.8531194124945056,-0.15764038566912858,0.00251800150623338,0.002560257571819461,0.0026672631436866637,42.83661463662022,42.35570557428721,29.022879089677136,43.678347067007465,43.227116934310885,28.178446380842715,-42.4322128747375,26.448200516348198,-315.19354838709677,-47.74238775883586,29.412177138027783,-314.9172621947555,-42.432213635427246,26.448200994992575,-315.19354990333443,-11.032693844613627,-52.03366381841158,30.510796849102285,-0.6401441873076673,-1.7839978461256805,-0.09040380671685216
5.43,-0.009632711227969604,-0.022622908036959988,0.01308712153230046,0.5700969061592985,-0.8026601035573836,-0.1999764456669325,0.002929581159644806,0.0027796422720565766,0.0027629366811804056,42.83661463662022,42.35570557428721,29.022879089677136,43.3557754322955,43.69758906770459,28.28473022887925,-42.4322128747375,26.448200516348198,-315.19354838709677,-49.09351054166092,26.94266374300425,-315.2409749775183,-42.432213635427246,26.448200994992575,-315.19354990333443,4.455232376022555,-62.47055887081262,24.166324192772713,-0.3779526630166966,-1.918040974968102,-0.2124988742232392
5.44,-0.02392235281952948,-0.00041277839040443354,0.020272440202146025,0.5806257845093509,-0.7497488279246768,-0.23811917251335318,0.0028860371701197682,0.0034315072006098008,0.002810435616741896,41.68744555413606,44.07158149332292,29.561405104056142,43.02449482266733,44.13858585419874,28.414025437034958,-46.88760660735404,17.365262642240975,-316.5322580645161,-50.28583343358859,24.46086235201671,-315.54968541734786,-46.887607459537676,17.3652629378509,-316.5322595683427,-29.233865848740287,-16.799018870247597,34.90352993017049,-1.5428294670710894,-0.49865436478846664,0.19717423438138787
5.45,-0.01790632333361175,-0.00800011605711859,0.01752680559996861,0.6161126810342227,-0.7580383272583157,-0.3013253325618173,0.0025028209133990563,0.0030811747468380115,0.0026431057724272673,41.68744555413606,44.07158149332292,29.561405104056142,42.67793228805501,44.57332018325545,28.574779490820458,-46.88760660735404,17.365262642240975,-316.5322580645161,-51.374860059459664,21.878426834995786,-315.87182659387855,-46.887607459537676,17.3652629378509,-316.5322595683427,-17.27732241088989,-31.142777843793983,29.777949755710335,-0.7303095345702371,-1.399949756056011,-0.1426113748205842
5.46,-0.011599764726852979,-0.015461516678271447,0.014224258605680662,0.640910377839621,-0.7313420365629872,-0.3519571373221704,0.0027493565192500944,0.0025084327694999157,0.0026983035564131664,41.68744555413606,44.07158149332292,29.561405104056142,42.31523301689991,44.999107929660994,28.766828499283964,-46.88760660735404,17.365262642240975,-316.5322580645161,-52.35078146557981,19.198954295725734,-316.20289842370084,-46.887607459537676,17.3652629378509,-316.5322595683427,1.8866155750869376,-52.29697044900125,21.449200692147787,-0.39411475759152986,-1.7549687268497043,-0.30146580510921356
5.47,-0.0051043359935879495,-0.022503985116350322,0.010485558815161777,0.6549332061581012,-0.6808923465374354,-0.3902727075937814,0.0032985826713936364,0.0027700438332905085,0.002968320821807544,41.68744555413606,44.07158149332292,29.561405104056142,41.94233196757841,45.3996759844041,28.98317764159727,-46.88760660735404,17.365262642240975,-316.5322580645161,-53.17455188723967,16.493950653215055,-316.52359423186704,-46.887607459537676,17.3652629378509,-316.5322595683427,16.39020104501227,-59.69442213370353,11.399741218640804,-0.15292282183974792,-1.8435372367794536,-0.48318267377141266
5.48,-0.021168390142303983,-0.0034887131972448637,0.022582062791159485,0.6580941525838435,-0.6284377527967432,-0.41996108251930736,0.002669993384881988,0.003374221019806417,0.0030301430644755914,40.39030249884148,45.53470806981918,30.487806917152746,41.56512002740989,45.77091538870351,29.218579644374064,-49.42341621640557,7.571388875228838,-317.8709677419355,-53.844187679537654,13.805682094391406,-316.82815762010233,-49.423417128304976,7.57138897902542,-317.8709692313657,-23.13183152076632,-18.738459713107574,30.924609076461703,-1.496739861028108,-0.5746097898613891,0.22033366967440757
5.49,-0.014403005280527403,-0.009818269987289074,0.017996882805617065,0.6876896149254674,-0.6295021413364464,-0.4861405908972066,0.0025580445867105354,0.0029119781818770876,0.0026656886204336266,40.39030249884148,45.53470806981918,30.487806917152746,41.1760198357223,46.133225891299084,29.48484368866801,-49.42341621640557,7.571388875228838,-317.8709677419355,-54.39677268220336,11.04116292162421,-317.14409120081694,-49.423417128304976,7.57138897902542,-317.8709692313657,-6.026494034514512,-33.309714900111054,23.665345340927775,-0.5116785726838483,-1.406234098356276,-0.3005941036139307
5.5,-0.007437172930042868,-0.01597546936849792,0.01284696758121262,0.70238582978172,-0.6002793817081659,-0.5358962506266697,0.003130120406600014,0.002487431997367764,0.002778769601695086,40.39030249884148,45.53470806981918,30.487806917152746,40.7761198937088,46.48417660189497,29.782661693406006,-49.42341621640557,7.571388875228838,-317.8709677419355,-54.82005847724211,8.209530007599001,-317.47101605821643,-49.423417128304976,7.57138897902542,-317.8709692313657,12.962983261916175,-50.70559362243901,11.61854854999139,-0.1909619293282646,-1.691983210616564,-0.5224722506619942
5.51,-0.00037278382557481837,-0.02171730108850245,0.0072946811396534805,0.7082885370117028,-0.5517739760007436,-0.5690452966415506,0.003432400331002083,0.0027093348557349238,0.0032364411451428167,40.39030249884148,45.53470806981918,30.487806917152746,40.371078851850854,46.810340910433524,30.10260870698908,-49.42341621640557,7.571388875228838,-317.8709677419355,-55.091123920590604,5.378851808836081,-317.78977110405424,-49.423417128304976,7.57138897902542,-317.8709692313657,26.571504511308518,-56.75005602596142,-0.3149810336023446,0.037366757322247326,-1.7650584583983928,-0.7319126120428796
5.52,-0.01741799770549257,-0.006288838168677313,0.023909478002492435,0.7026659346252762,-0.5014540926551598,-0.5916067534644754,0.002485999788189204,0.0032192388548816686,0.0031734340359089517,39.00900549613595,46.71892720929045,31.77332705966248,39.966418215446446,47.108212595348924,30.437932249534043,-49.93582535855264,-2.5324584419355842,-319.2096774193548,-55.214610700616944,2.5902982741071536,-318.0933109709625,-49.9358262946884,-2.5324585293988098,-319.20967889318234,-14.558090735490545,-21.399781664635192,26.455084214202063,-1.3796097777099758,-0.6672732068222765,0.20813247997000037
5.53,-0.010258595209335475,-0.011311017421091085,0.017592600078934817,0.722108252167519,-0.4967814399503681,-0.6596081182283784,0.0028703444181010208,0.0027743400209462176,0.0026461942641424316,39.00900549613595,46.71892720929045,31.77332705966248,39.555354312024775,47.395350596173536,30.80346104558817,-49.93582535855264,-2.5324584419355842,-319.2096774193548,-55.20909592583834,-0.24577941214379084,-318.40987512876814,-49.9358262946884,-2.5324585293988098,-319.20967889318234,5.349821057647102,-34.993581275353684,16.69255299552611,-0.3093944192943638,-1.3996595790636048,-0.47110528458231626
5.54,-0.0030006748153471596,-0.01613206716479998,0.010723409575220333,0.7277815009918517,-0.4667801776602507,-0.7058554143957725,0.003390063715413499,0.002481346212991156,0.002947393121142898,39.00900549613595,46.71892720929045,31.77332705966248,39.13922119070507,47.66973296274742,31.19955994495978,-49.93582535855264,-2.5324584419355842,-319.2096774193548,-55.064231628810056,-3.120237373907032,-318.7395051062447,-49.9358262946884,-2.5324585293988098,-319.20967889318234,21.682978975908842,-48.00105918144853,1.5679987198466292,-0.03510924756565725,-1.6099838986810886,-0.7425748663981434
5.55,0.00427213357360734,-0.02055609682483328,0.003502220157258984,0.7252578794455161,-0.42153314900964034,-0.7333007113219674,0.003399598201785045,0.0026298152720827628,0.003421110684448227,39.00900549613595,46.71892720929045,31.77332705966248,38.72272778105973,47.92058386487909,31.61479525839462,-49.93582535855264,-2.5324584419355842,-319.2096774193548,-54.77232686166815,-5.971636160591439,-319.0623156950135,-49.9358262946884,-2.5324585293988098,-319.20967889318234,35.72550235597928,-53.49489647081526,-11.068303765409865,0.20278741279541673,-1.680982210130076,-0.9620937766047435
5.56,-0.01285543478312523,-0.008973483616155575,0.023968955674522507,0.7080706918330275,-0.3746526382757843,-0.7482007024152838,0.0026516769145899137,0.0029711957848063816,0.003179763352720012,37.61661185262126,47.60919599511811,33.371382371220065,38.31236154061252,48.144949206075815,32.041601420063834,-48.40385594331024,-12.532626612935932,-320.54838709677415,-54.34287959379233,-8.755881919223455,-319.37283876030176,-48.403856865723455,-12.5326268826854,-320.5483885550338,-2.65247189333116,-25.60362624444603,21.44198575830528,-1.1946381383109548,-0.7999804024386246,0.18851085561933215
5.57,-0.005703711057314709,-0.01268817675714129,0.016082028111846114,0.7168624927418542,-0.3639307060260643,-0.8154583214447676,0.003261551911447479,0.0026754883387325764,0.00262303595743644,37.61661185262126,47.60919599511811,33.371382371220065,37.90233251961877,48.356894898019895,32.496964641202894,-48.40385594331024,-12.532626612935932,-320.54838709677415,-53.77521952705803,-11.555585455227376,-319.6992020590614,-48.403856865723455,-12.5326268826854,-320.5483885550338,14.368652087611098,-35.890640577493244,8.491252364480335,-0.15861455789099072,-1.377301687640522,-0.6619278471555048
5.58,0.0014583750806961282,-0.016174516599295696,0.007689202460612776,0.7145709612828471,-0.33390150223227827,-0.8552534756090031,0.0034417318808738304,0.002529168709124301,0.003207008186105571,37.61661185262126,47.60919599511811,33.371382371220065,37.49214967599927,48.55484418091429,32.9799871567241,-48.40385594331024,-12.532626612935932,-320.54838709677415,-53.06415263438418,-14.367935451339193,-320.03737180637296,-48.403856865723455,-12.5326268826854,-320.5483885550338,28.961251684990966,-44.18819040977654,-8.194038705575421,0.08742596560626797,-1.508511342784675,-0.9509553042717444
5.59,0.008547283524995564,-0.019298662367413066,-0.000991532489602931,0.7021420711198493,-0.29434694218319063,-0.8761804494205565,0.00313826966130899,0.0026659724633596267,0.0034044183326867854,37.61661185262126,47.60919599511811,33.371382371220065,37.08678058355363,48.73155922106397,33.478464356127,-48.40385594331024,-12.532626612935932,-320.54838709677415,-52.2176722516371,-17.137565196326342,-320.3701759430358,-48.403856865723455,-12.5326268826854,-320.5483885550338,44.81958413536527,-48.065796276100116,-22.438682512117044,0.3603212033521627,-1.5590355593493535,-1.2005962137184119
5.6,-0.007706691802320531,-0.01171696703022429,0.022469083284001212,0.671705026612013,-0.25248126140134347,-0.8794324772376242,0.0031069861836915723,0.0027640427136395463,0.003007964194702603,36.291673076538615,48.19916988627712,35.21967587980105,36.69455992719654,48.88501456901853,33.98340382210462,-44.890226978537065,-22.019707577881746,-321.88709677419354,-51.25392036852367,-19.81398944205098,-320.694501692725,-44.8902278482069,-22.019708013944406,-321.887098218184,7.970527352514344,-30.269790029717733,16.049853706614943,-1.0412715873078473,-0.9640241988039611,0.20904170453018095
5.61,-0.000966379575451759,-0.014159984372713263,0.01328507899078124,0.6723632061108935,-0.2338260737147434,-0.9417244888663301,0.003427444937292285,0.0025797165643856824,0.002741393698344849,36.291673076538615,48.19916988627712,35.21967587980105,36.3085536041516,49.02371395444799,34.512690739440856,-44.890226978537065,-22.019707577881746,-321.88709677419354,-50.14835082625416,-22.473923570043493,-321.03320994017366,-44.8902278482069,-22.019708013944406,-321.887098218184,21.904801850757128,-36.76728444338446,-1.1751427843714712,-0.04032016332673428,-1.3569385253043826,-0.8657945500880392
5.62,0.005710965861771666,-0.016326509264317002,0.0036795625731803616,0.662595852632197,-0.2011827880573043,-0.9727462498310515,0.003337012543403793,0.0024740165176502507,0.003370921121482377,36.291673076538615,48.19916988627712,35.21967587980105,35.92658334277681,49.145923134830454,35.064700902601814,-44.890226978537065,-22.019707577881746,-321.88709677419354,-48.8974169522034,-25.119501777108756,-321.37868400145237,-44.8902278482069,-22.019708013944406,-321.887098218184,35.785017927456856,-42.127606354948966,-17.36278555801971,0.19499133610388003,-1.4389681414318711,-1.1434838017508275
5.63,0.012226475134846426,-0.018126597768897246,-0.006124198346315279,0.6398986944269723,-0.1623118186721491,-0.9836211480177248,0.002823161645853912,0.0025109325305072675,0.003207940942980988,36.291673076538615,48.19916988627712,35.21967587980105,35.55467166314194,49.24681727404603,35.626915598686274,-44.890226978537065,-22.019707577881746,-321.88709677419354,-47.52010636842861,-27.69675220875823,-321.7179848840563,-44.8902278482069,-22.019708013944406,-321.887098218184,54.304777286870156,-45.29927107890906,-35.0193874380123,0.5114934611048255,-1.479822124303465,-1.4557427556705993
5.64,-0.0021458609465645484,-0.01445997366453955,0.019434317579530513,0.6012107024127932,-0.1201207525041691,-0.9651462940640836,0.0034095372015702334,0.0025551296481351703,0.0027278514841694176,35.11325088798454,48.489204130275574,37.24372854702328,35.20163568802127,49.324532546090225,36.18630909194609,-39.53878684688494,-30.605299127383134,-323.2258064516129,-46.04928884020952,-30.14735627471465,-322.0449718304569,-39.538787625294866,-30.605299708365152,-323.2258078834588,16.444359983557185,-34.98611614481122,9.725780698507243,-0.878431207250423,-1.149015015043636,0.266620655045129
5.65,0.0038423361479338336,-0.015526934723315566,0.009427269921489456,0.593683989971856,-0.09332855685964551,-1.0192340621292342,0.0034126410667868544,0.002505666067415559,0.0030064850651029965,35.11325088798454,48.489204130275574,37.24372854702328,34.859167116836986,49.38399643343445,36.76216430536125,-39.53878684688494,-30.605299127383134,-323.2258064516129,-44.44165552466525,-32.547882190852754,-322.37832576557787,-39.538787625294866,-30.605299708365152,-323.2258078834588,28.58270055222593,-36.82763514727652,-10.193447750971625,0.05455193509811778,-1.3186962526126278,-1.0414420811614196
5.66,0.009682866616440577,-0.01627825039022146,-0.0009027603699283127,0.5743435326477349,-0.059729683333688416,-1.040943584465288,0.003039858680556548,0.00247581308137357,0.0032447849732755484,35.11325088798454,48.489204130275574,37.24372854702328,34.525709566263274,49.42509988931924,37.35514867250951,-39.53878684688494,-30.605299127383134,-323.2258064516129,-42.692874434414314,-34.9059925094506,-322.71535274299254,-39.538787625294866,-30.605299708365152,-323.2258078834588,42.841370024016285,-38.302411558053215,-27.239886090124237,0.29758725874600483,-1.3351414144762441,-1.3375619588633842
5.67,0.01525280140303753,-0.016678796044856448,-0.01132270717978301,0.5406380876172411,-0.023521759234413474,-1.0381903294644765,0.002652879556328894,0.00246291894972354,0.0027822221762308194,35.11325088798454,48.489204130275574,37.24372854702328,34.208586312612425,49.44595727774341,37.95182415677468,-39.53878684688494,-30.605299127383134,-323.2258064516129,-40.837706867225805,-37.16819137461294,-323.0472941074242,-39.538787625294866,-30.605299708365152,-323.2258078834588,60.2645697505561,-38.50390555218247,-50.70589530290542,0.585888592178679,-1.3261591130916857,-1.7522511477765026
5.68,0.0037124655137740215,-0.01676565856577783,0.015457603021724942,0.49821030662888244,0.016742225533306964,-0.9987272665933097,0.0034048357299028926,0.0024655106208540762,0.002637975863333166,34.15552165160773,48.48517214062632,39.36185110672743,33.914241383763795,49.44466921355741,38.534155310604035,-32.568624136111154,-37.937906134639505,-324.56451612903226,-38.927583105278096,-39.275751084277495,-323.3600921176215,-32.568624787001816,-37.93790683518612,-324.5645175509211,24.33884725430654,-37.48181507205692,1.4798038516037542,-0.633048590278886,-1.3135715199483724,0.12416641027839492
5.69,0.008610130013215311,-0.016422493891786627,0.005172324355784852,0.4798130735489393,0.049413977651216856,-1.042756562437457,0.003132981415900984,0.0024704031828174638,0.0032337290325979546,34.15552165160773,48.48517214062632,39.36185110672743,33.6348556647289,49.423088904747665,39.12537794320803,-32.568624136111154,-37.937906134639505,-324.56451612903226,-36.89345147760729,-41.30412870290553,-323.6744370985558,-32.568624787001816,-37.93790683518612,-324.5645175509211,35.507994208407425,-35.48257508253576,-17.36785336939571,0.14653795771234893,-1.2559675647972925,-1.1741416919069727
5.7,0.013244221565285152,-0.01574594452579381,-0.005344184389635465,0.44805227622676325,0.08239532806082135,-1.055407631580081,0.0027530302693177296,0.0024966477427186724,0.003200881187577875,34.15552165160773,48.48517214062632,39.36185110672743,33.37123439608939,49.382442609858515,39.728518554745705,-32.568624136111154,-37.937906134639505,-324.56451612903226,-34.72880299922121,-43.259941941737786,-323.9950901625181,-32.568624787001816,-37.93790683518612,-324.5645175509211,48.59794009879602,-32.879033466967755,-35.37273933680779,0.3619445622364686,-1.202474136774166,-1.486055945463377
5.71,0.0174983046692756,-0.014741682379161736,-0.015829038344638335,0.40595975209223484,0.11553624834783144,-1.036267772656506,0.002641780770167845,0.002541072947348626,0.002514005476528658,34.15552165160773,48.48517214062632,39.36185110672743,33.1299331839464,49.32298924164359,40.327910815570725,-32.568624136111154,-37.937906134639505,-324.56451612903226,-32.486314365366766,-45.093001009829884,-324.3126275528562,-32.568624787001816,-37.93790683518612,-324.5645175509211,60.13235600025347,-27.65568837957567,-64.23510816568749,0.5393359912743434,-1.1010556005139203,-1.9855138001954882
5.72,0.009570690622732525,-0.018407624924193566,0.01122967751347359,0.36055207485682417,0.148677802705585,-0.9888581866363951,0.003028679191667038,0.002521767081881788,0.0028773122001120033,33.48281765406046,48.198265628828,41.49111135104435,32.91390292929332,49.24420382998917,40.90498356409388,-24.265098126554143,-43.717330807229054,-325.9032258064516,-30.22757139581862,-46.75838607989851,-324.61021872300813,-24.265098617917104,-43.71733159922939,-325.9032272197968,33.209224106740194,-37.00080244355297,-6.541192001387492,-0.31109207133851713,-1.441909790454664,-0.1193292172880648
5.73,0.013003223345612325,-0.016724328470186234,0.001100364451161684,0.3267766311282139,0.1838960700200003,-1.023520847880652,0.0027683636129964915,0.002464271216370801,0.0032851031470091116,33.48281765406046,48.198265628828,41.49111135104435,32.71929204865205,49.145768161629185,41.48679357132231,-24.265098126554143,-43.717330807229054,-325.9032258064516,-27.860328558382147,-48.32043678620528,-324.91532614726356,-24.265098617917104,-43.71733159922939,-325.9032272197968,42.329642840606766,-32.64052534407055,-23.360029879103333,0.2218357960696534,-1.170542059580194,-1.2764911250751307
5.74,0.016040478815141146,-0.014705374374669677,-0.009175403531925475,0.2839037928838008,0.216136161959784,-1.026659954862749,0.00262442150023565,0.002542829793828144,0.0029525945564957737,33.48281765406046,48.198265628828,41.49111135104435,32.54776039307705,49.02825960857458,42.07555737117565,-24.265098126554143,-43.717330807229054,-325.9032258064516,-25.378720960658672,-49.78004639550766,-325.2326628114171,-24.265098617917104,-43.71733159922939,-325.9032272197968,50.11736994356554,-25.285725972681256,-43.653978184622964,0.3419719081653116,-1.0327856155267634,-1.6359011477265495
5.75,0.018630641858743857,-0.01237189913458947,-0.019279566528961678,0.23887668016883368,0.2473599816371871,-0.9909931712707133,0.0026994529387506837,0.002707039783794082,0.0025597998321445913,33.48281765406046,48.198265628828,41.49111135104435,32.401933576966485,48.89278177308985,42.652238771581686,-24.265098126554143,-43.717330807229054,-325.9032258064516,-22.853078876398634,-51.095637609758306,-325.5453350467183,-24.265098617917104,-43.71733159922939,-325.9032272197968,54.24208117943125,-15.653399314083822,-68.40345472984836,0.3922283837429665,-0.862121661026267,-2.0230745302812867
5.76,0.0148784827566939,-0.01939368519167839,0.007079985810977352,0.19159428971795842,0.2730693544757085,-0.9410706049511973,0.0026681879607354892,0.002640362588183903,0.0032438569560391097,33.145681281521796,47.645739403279215,43.55340084822574,32.28249551349654,48.74100639591125,43.20221953667622,-14.968156148667871,-47.70696282000245,-327.241935483871,-20.342666214516488,-52.24123887282965,-325.84102559438446,-14.968156454936727,-47.70696367354886,-327.2419368886992,41.54305982310123,-34.71452577577945,-12.127325523213205,0.005782377841829933,-1.5270799103846877,-0.28125947163683124
5.77,0.016530043536089556,-0.016461317222445815,-0.0025236104867079057,0.14315808769121724,0.30854899930325175,-0.9673313380883537,0.002608722867511994,0.0025485281446179725,0.0033427220684206643,33.145681281521796,47.645739403279215,43.55340084822574,32.190660291598896,48.57103644906975,43.75345526608626,-14.968156148667871,-47.70696282000245,-327.241935483871,-17.743446332466156,-53.26261703281222,-326.15188392201674,-14.968156454936727,-47.70696367354886,-327.2419368886992,44.7446120847279,-27.187474067366196,-27.376891363198606,0.20972142668593677,-1.0405392499111479,-1.3338465269086286
5.78,0.01769284150552941,-0.01320134695759767,-0.012182161408105574,0.09477694177561416,0.33989174309634723,-0.9590568838696223,0.0026508805158200594,0.0026633683320105065,0.002701689762644276,33.145681281521796,47.645739403279215,43.55340084822574,32.12678963827653,48.38247218634075,44.306156910293915,-14.968156148667871,-47.70696282000245,-327.241935483871,-15.053417178576911,-54.15910675752064,-326.47734063053014,-14.968156454936727,-47.70696367354886,-327.2419368886992,46.01693255776147,-15.51349843430018,-50.55313425450745,0.21806983340713632,-0.8293536939573305,-1.7435757424167153
5.79,0.018393093912500658,-0.009639910059349499,-0.021538837336250394,0.049945586783943986,0.36862595648432184,-0.9129708269652189,0.002686307940532175,0.002912247647340334,0.002696215810249374,33.145681281521796,47.645739403279215,43.55340084822574,32.08923261754054,48.17680418626089,44.83949322216872,-14.968156148667871,-47.70696282000245,-327.241935483871,-12.35390210708681,-54.90008014844752,-326.79446200640314,-14.968156454936727,-47.70696367354886,-327.2419368886992,45.76668330581911,-4.124596408636153,-67.21135289105236,0.19824180171398553,-0.6334492760974703,-1.9801061968585236
5.8,0.019204766989625144,-0.019681041050898518,0.003250891788769583,0.0034996968624617687,0.38911412869418716,-0.8610049093863459,0.002733987766025406,0.00259077413106216,0.0034207903917108187,33.178119926105715,46.852375918681055,45.48051719110009,32.07792092374266,47.957403517675324,45.34405695164387,-5.0584160993716285,-49.74346616959476,-328.5806451612903,-9.69408497330235,-55.47450958885616,-327.09799337188736,-5.058416203581846,-49.7434670537854,-328.58064655610076,42.88353027277573,-32.287873558277404,-15.225252817449661,0.12953353109520988,-1.5906030693893163,-0.3707832986341687
5.81,0.01893681201263986,-0.01556692188007125,-0.005495078091486305,-0.05055529383731314,0.4275059385840752,-0.8773809943724634,0.0027173756083832276,0.002503993616577816,0.0032731247712032966,33.178119926105715,46.852375918681055,45.48051719110009,32.09631267929362,47.719611633397754,45.845614614087005,-5.0584160993716285,-49.74346616959476,-328.5806451612903,-6.964776099305191,-55.91123308810873,-327.41546714167384,-5.058416203581846,-49.7434670537854,-328.58064655610076,41.016176110242235,-20.881639505003324,-29.944633077287598,0.09211678340434867,-0.8943982311146252,-1.361428476773373
5.82,0.018156317581849657,-0.011120995141974843,-0.014193825128324677,-0.09963027758993422,0.4577569966162209,-0.8579316314984602,0.002673835205281715,0.002791044712101235,0.00256904054758063,33.178119926105715,46.852375918681055,45.48051719110009,32.14380890820344,47.46317670865827,46.3426833540644,-5.0584160993716285,-49.74346616959476,-328.5806451612903,-4.171524671781648,-56.2093677895845,-327.7428606834397,-5.058416203581846,-49.7434670537854,-328.58064655610076,39.15360048574912,-5.113669914432614,-53.80496634781643,0.04845749127858544,-0.6177349756785192,-1.7715199254206158
5.83,0.01691661895596719,-0.006402662788360436,-0.02250622038129102,-0.14352393584617482,0.4821074942052505,-0.8075289349576185,0.002616175198680768,0.0032074464306497204,0.0027702237965043343,33.178119926105715,46.852375918681055,45.48051719110009,32.21733940093675,47.19148798184872,46.815991379528306,-5.0584160993716285,-49.74346616959476,-328.5806451612903,-1.399936945588854,-56.348572500328416,-328.060748463217,-5.058416203581846,-49.7434670537854,-328.58064655610076,35.52125855735827,7.191358926709104,-64.6437203614574,-0.02799870165534732,-0.4097067283383447,-1.911963247735016
5.84,0.02254088892867745,-0.01894495931529716,2.43442010363637e-05,-0.1852935636177765,0.49769986052201504,-0.754138182324981,0.0030257346002169503,0.0025443821371724353,0.003434313061783288,33.59594683120191,45.85225331964905,47.217394597378,32.31547571445057,46.908863894759136,47.25959852280298,5.058416099371543,-49.74346616959476,-329.91935483870964,1.3090688076475157,-56.33010165313023,-328.36648977647485,5.058416203857572,-49.74346705326298,-329.91935622090284,38.98163589672413,-27.069453468549927,-17.08117138081039,0.14438804948664216,-1.5662537719295906,-0.4374601939341469
5.85,0.020364184530384466,-0.01375112803823797,-0.007605454292561986,-0.24247450548773056,0.5339101467008031,-0.7625309834153061,0.002817823612431139,0.002594014583584845,0.0031157802847244457,33.59594683120191,45.85225331964905,47.217394597378,32.443363509484605,46.60938170627808,47.696785755535984,5.058416099371543,-49.74346616959476,-329.91935483870964,4.06229104664678,-56.17015378708942,-328.6828612669057,5.058416203857572,-49.74346705326298,-329.91935622090284,35.40890072012189,-11.636659556397507,-31.988366117412006,-0.05444752795610717,-0.7041051267860284,-1.371714789378867
5.86,0.01765852658024447,-0.008269134420641366,-0.015119555496487802,-0.2922757795984223,0.5588833131046997,-0.7371841548479172,0.0026492664007420645,0.00305700059661802,0.0025234491965851653,33.59594683120191,45.85225331964905,47.217394597378,32.601190829187054,46.29389341505786,48.125667839135446,5.058416099371543,-49.74346616959476,-329.91935483870964,6.847915466933313,-55.86586462479239,-329.00810856554443,5.058416203857572,-49.74346705326298,-329.91935622090284,30.81274489330727,5.4973681289355,-53.42636636364567,-0.14691796247128155,-0.4091145160233577,-1.7320966114242924
5.87,0.014504007858650247,-0.002571042482559016,-0.022220290962917555,-0.33307711883226865,0.5776167377975594,-0.6864169952288612,0.0026848992073212324,0.0033991185914367178,0.002747647325878805,33.59594683120191,45.85225331964905,47.217394597378,32.78421873119524,45.966386820831126,48.529545162430914,5.058416099371543,-49.74346616959476,-329.91935483870964,9.586073610693617,-55.40746924421521,-329.3254358690094,5.058416203857572,-49.74346705326298,-329.91935622090284,22.42851164187572,18.17478162647688,-61.60935007967052,-0.30569206619164685,-0.1940466386575005,-1.8337063980631025
5.88,0.02495205651063548,-0.017013310344526356,-0.0025102343371311564,-0.3653631918689019,0.5876808461521342,-0.6328796038289484,0.003252600879380918,0.002473103104417227,0.003403073323395031,34.395991031903655,44.69022607906023,48.72315487137186,32.98777107129474,45.6310248825794,48.90357158459929,14.968156148667791,-47.706962820002474,-331.258064516129,12.240565759421663,-54.808398261930364,-329.62796079852876,14.96815645729196,-47.706963672395155,-331.2580658828817,34.59195705527829,-19.83983308344308,-18.352312291815615,0.18590835922515087,-1.4867829007549414,-0.4981771980450456
5.89,0.02094768630472521,-0.010954400586457802,-0.008897587535994567,-0.4263585368206546,0.6169664972505674,-0.6365771527500119,0.0028676920377452724,0.0028060443184017916,0.0029990224124924027,34.395991031903655,44.69022607906023,48.72315487137186,33.22052190135724,45.282400559525826,49.26934623074303,14.968156148667791,-47.706962820002474,-331.258064516129,14.911529556596731,-54.07083498105976,-329.93980868904634,14.96815645729196,-47.706963672395155,-331.2580658828817,29.12174465150439,-1.28022938138356,-32.792836261720964,-0.21165366059172602,-0.5030084595695198,-1.3546479669109193
5.9,0.01639827411418293,-0.004684165882539615,-0.015143630000526098,-0.47649921107291365,0.6343905362513084,-0.6105111580048371,0.0026128563810477097,0.0033217195383135195,0.002522356293981087,34.395991031903655,44.69022607906023,48.72315487137186,33.48398428603469,44.922176572248155,49.62556285037461,14.968156148667791,-47.706962820002474,-331.258064516129,17.586298605166647,-53.1893547638759,-330.26325833520156,14.96815645729196,-47.706963672395155,-331.2580658828817,21.347367481789302,15.079880159556964,-50.53388287826009,-0.3629616925094355,-0.22406442792189638,-1.648744830785827
5.91,0.011426563904845755,0.001731618460127371,-0.020991221507688507,-0.5118600526345308,0.64635686987997,-0.5620667072744632,0.0028868791963453664,0.0034415258205416225,0.0026579522167180913,34.395991031903655,44.69022607906023,48.72315487137186,33.77078375103355,44.5539359210071,49.957767752766266,14.968156148667791,-47.706962820002474,-331.258064516129,20.194512974378735,-52.16584423088426,-330.58044453146664,14.96815645729196,-47.706963672395155,-331.2580658828817,8.815051020577377,28.945641294173022,-58.40008021723285,-0.5874982213768436,0.012490672319034933,-1.7529444402200334
5.92,0.026418991188967178,-0.013910951518587678,-0.0045595082737819315,-0.5352051193665686,0.6481340863699625,-0.5102219342500828,0.003422409139675421,0.0025847420034632793,0.0033210530420181815,35.55605469292359,43.42244187468055,49.970254318663216,34.07359171154456,44.182079559521995,50.26101177980446,24.26509812655407,-43.7173308072291,-332.5967741935484,22.69934244071211,-51.02266042609205,-330.8810693207239,24.265098623802757,-43.717331598587876,-332.596775542821,29.559545102873308,-9.37898965809999,-19.954161183647805,0.1868060940168411,-1.3311508973070039,-0.558959136314998
5.93,0.02069155212195839,-0.007302038279038525,-0.009702306563886598,-0.5995466317496692,0.6676943812433994,-0.5113724525386802,0.002845216638407327,0.0031414829049877233,0.0029230212100292176,35.55605469292359,43.42244187468055,49.970254318663216,34.40518807330615,43.80249415298422,50.55537539415351,24.26509812655407,-43.7173308072291,-332.5967741935484,25.191676757089215,-49.74737891936158,-331.19326898516573,24.265098623802757,-43.717331598587876,-332.596775542821,22.563970065145554,8.399978609196001,-32.699516350667814,-0.37278435056652937,-0.3244326372740797,-1.3204334471168557
5.94,0.014414572385431423,-0.0005692452498803346,-0.014700773283231272,-0.6479912845942497,0.6771136857799771,-0.4868695754487491,0.0026891157146213653,0.0034308809581193034,0.0025430535437055233,35.55605469292359,43.42244187468055,49.970254318663216,34.76750152322024,43.41622234564945,50.840228758426655,24.26509812655407,-43.7173308072291,-332.5967741935484,27.664033038461483,-48.33256045259884,-331.52008253423526,24.265098623802757,-43.717331598587876,-332.596775542821,10.373813996583637,23.97534658610553,-46.560223864686954,-0.601635825806553,-0.05716191750466807,-1.548466934394923
5.95,0.007761542958484968,0.006228653858211697,-0.01933613340586615,-0.6768951877884924,0.6806688036288071,-0.4426770841731738,0.003201480634787447,0.003307551101671727,0.00256252968686931,35.55605469292359,43.42244187468055,49.970254318663216,35.15025289514653,43.026581240525886,51.10321880504939,24.26509812655407,-43.7173308072291,-332.5967741935484,30.055345538745645,-46.79329550321287,-331.84150104180776,24.265098623802757,-43.717331598587876,-332.596775542821,-3.741014666566363,39.742787417825376,-54.882157853806504,-0.8460304199756461,0.2138358572344585,-1.6686873879176014
5.96,0.026719693387517673,-0.009822299126611478,-0.006529052373858146,-0.6932669008995678,0.6695889039653156,-0.3945665391239038,0.003448057827818014,0.002911594535810417,0.003172436963078463,37.035698130823874,42.11531818136849,50.94241368195404,35.545118302276315,42.639507165387414,51.339333118163914,32.56862413611109,-37.93790613463956,-333.93548387096774,32.32418978142245,-45.15806002276826,-332.14887776792426,32.56862479681134,-37.93790683664148,-333.9354852022648,24.646247878709044,1.6346448689624415,-22.42328893808641,0.1726309517788906,-1.2003252504269437,-0.6323759323723472
5.97,0.019398919264119963,-0.0030485826869255384,-0.010490791448619308,-0.7586904473348575,0.6803520805424409,-0.39208506764344636,0.002746661072232799,0.0033886568786294334,0.0028486152707378957,37.035698130823874,42.11531818136849,50.94241368195404,35.967998604676076,42.25098443340965,51.56586865644025,32.56862413611109,-37.93790613463956,-333.93548387096774,34.55109992648755,-43.397631345513695,-332.4713341263722,32.56862479681134,-37.93790683664148,-333.9354852022648,15.346176674524235,16.798810928350264,-32.63165867913271,-0.5448531750463065,-0.1755599073087245,-1.2876283077749935
5.98,0.01155455234708369,0.003768321951407194,-0.01429593429191256,-0.8018659688367312,0.6819658510566621,-0.3682607581006331,0.002876268626890624,0.003414697107773492,0.0025764473214169377,37.035698130823874,42.11531818136849,50.94241368195404,36.41978696520322,41.860345771731964,51.78241887678571,32.56862413611109,-37.93790613463956,-333.93548387096774,36.73584166216634,-41.5047875966872,-332.80811615808824,32.56862479681134,-37.93790683664148,-333.9354852022648,-1.0197673291706306,32.390246646108814,-42.7231868032192,-0.8400039369557427,0.09217882497153754,-1.4515659446032347
5.99,0.003399965683496986,0.010559122579730462,-0.01777486208807988,-0.8242241905267822,0.6745764789776724,-0.3298674325399873,0.003421839697779611,0.0029618231773439353,0.0025578540360710693,37.035698130823874,42.11531818136849,50.94241368195404,36.88820280377605,41.47177106446911,51.97950167490962,32.56862413611109,-37.93790613463956,-333.93548387096774,38.826299975231194,-39.509244947951764,-333.1401313982294,32.56862479681134,-37.93790683664148,-333.9354852022648,-15.422725834055454,51.57923719183231,-50.35890153997204,-1.0877014733545456,0.4242735622155685,-1.5661431539826642
6.0,0.02551011311185658,-0.005032684932595344,-0.008808421932916755,-0.8327347115179344,0.6485883777079675,-0.288567475051058,0.0033385409126534937,0.003302773495419836,0.0030308431475410324,38.77811114594491,40.84273270931099,51.63213309839797,37.36486094854675,41.09372621780824,52.15348368843202,39.53878684688488,-30.6052991273832,-335.2741935483871,40.779218247753214,-37.44756626167702,-333.4644631220661,39.53878763824305,-30.605299713475517,-335.27419486297686,19.397737389469093,10.89560660864079,-25.603020297038604,0.15850778245541208,-1.092324750623257,-0.760763800625989
6.01,0.016801878118567037,0.0014922435521602662,-0.011667993919442732,-0.8953415279727256,0.6522196500915851,-0.27956954388182054,0.0026101164488315847,0.0034417112967564437,0.0028013475756725847,38.77811114594491,40.84273270931099,51.63213309839797,37.866998178171826,40.71988049546546,52.316567873273094,39.53878684688488,-30.6052991273832,-335.2741935483871,42.66328197688309,-35.26983015085317,-333.80459955622496,39.53878763824305,-30.605299713475517,-335.27419486297686,6.409680223104729,24.719844276089866,-32.97084108477725,-0.7427835755878156,-0.0437958456870001,-1.2628154099329219
6.02,0.007640721470308143,0.007987816577760376,-0.014333923993459008,-0.9293771105402002,0.6461134440426823,-0.25397751818249314,0.003210686121451756,0.003183776723900095,0.0025955225393430284,38.77811114594491,40.84273270931099,51.63213309839797,38.39370519688246,40.34811337609928,52.46777403974878,39.53878684688488,-30.6052991273832,-335.2741935483871,44.481253066929256,-32.970999524376154,-334.15451218630176,39.53878763824305,-30.605299713475517,-335.27419486297686,-11.722736612401812,41.28953210308948,-40.25611010215534,-1.057097330679816,0.24226810742303503,-1.3814716766253885
6.03,-0.0017451076974954738,0.014355998136662773,-0.016682685173009415,-0.9434376662989371,0.6266254536874264,-0.2180343643697883,0.0033648273297766347,0.002691886704007606,0.00246303403253118,38.77811114594491,40.84273270931099,51.63213309839797,38.93217647623489,39.98445707673694,52.60024325417758,39.53878684688488,-30.6052991273832,-335.2741935483871,46.186197252688864,-30.592261026176818,-334.50011028093087,39.53878763824305,-30.605299713475517,-335.27419486297686,-27.35466072261822,62.59105863216997,-47.758405750732436,-1.3280703158301015,0.6024452201062666,-1.498326528538584
6.04,0.022613899727489395,0.00018092210097586658,-0.011543667513277178,-0.9357962344893743,0.593897655362691,-0.1756271770685843,0.0029973904046751844,0.0034305128596159528,0.002754123576691633,40.713355259320856,39.68166436730692,52.03847241579056,39.472011126771115,39.63715008962586,52.70997896396481,44.89022697853703,-22.01970757788182,-336.61290322580646,47.73592720960506,-28.1769726406035,-334.8373987734919,44.890227862508674,-22.0197080236644,-336.6129045263069,14.00601719856315,19.51202314350867,-30.75773681908995,0.19300893421155585,-0.8850205285388275,-0.9496494857054376
6.05,0.01290090990205961,0.006114997555910273,-0.013214029316090947,-0.9910912615086838,0.5901220100103838,-0.15657561203392756,0.002753416266126153,0.0033142516316012624,0.002627421856260831,40.713355259320856,39.68166436730692,52.03847241579056,40.03116414735696,39.29754675674791,52.804397879931884,44.89022697853703,-22.01970757788182,-336.61290322580646,49.18749192910956,-25.65675116320053,-335.18314863429123,44.890227862508674,-22.0197080236644,-336.6129045263069,-4.440829794166934,33.2741115719659,-34.84593656705265,-0.9603344517092742,0.0920423330427215,-1.2615414584468407
6.06,0.00284410672978197,0.011941137269924962,-0.014620831807285017,-1.0145067626719744,0.5743842253860312,-0.12680847182091864,0.0033058814695175335,0.002845208666384678,0.0025469817686488106,40.713355259320856,39.68166436730692,52.03847241579056,40.60859666486066,38.96471535425034,52.88326317241239,44.89022697853703,-22.01970757788182,-336.61290322580646,50.54293168468747,-23.030909690860973,-335.5330523889736,44.890227862508674,-22.0197080236644,-336.6129045263069,-21.779939715392704,51.02982041947629,-38.79253901993939,-1.2573974209230423,0.3952795255385631,-1.3214938511266558
6.07,-0.007332541812933524,0.01752847615918729,-0.01570230117312854,-1.0168246913283439,0.5439503570083821,-0.09216915042268863,0.0031075500984758045,0.0026431836753468747,0.002498445604859909,40.713355259320856,39.68166436730692,52.03847241579056,41.19166467963512,38.64639071622104,52.943210375077655,44.89022697853703,-22.01970757788182,-336.61290322580646,51.764941158653656,-20.35205445870601,-335.87939992310595,44.890227862508674,-22.0197080236644,-336.6129045263069,-40.45995452667767,67.63309762696827,-41.2466786675881,-1.5833542975966761,0.6570163166685297,-1.3496777996963634
6.08,0.01841791741581278,0.005771287053677132,-0.014178474486190473,-0.9836301987868035,0.5113015054978399,-0.049142939971615486,0.0026728195608508886,0.003331276491378826,0.0025698706660840748,42.763054931096,38.70695794117423,52.16554976138771,41.76490942115265,38.34698011136043,52.980676874937615,48.40385594331022,-12.532626612936015,-337.9516129032258,52.827532811230114,-17.678374641497758,-336.2074942081523,48.40385687897814,-12.532626896819314,-337.95161419268186,6.664862907165605,28.693989682017968,-35.223597682196534,0.2162017735196907,-0.605825831688253,-1.1839357392827583
6.09,0.008272454926206763,0.01081599568218683,-0.014531259587742928,-1.0290222772522095,0.49624421361033366,-0.021949510330613944,0.003084038833333286,0.002939202579416709,0.0025514767448299243,42.763054931096,38.70695794117423,52.16554976138771,42.34817094103283,38.058944566830476,52.999211906797136,48.40385594331022,-12.532626612936015,-337.9516129032258,53.768071808205065,-14.926570655418194,-336.53442815171434,48.40385687897814,-12.532626896819314,-337.95161419268186,-13.682042657856634,43.25574567496732,-35.39157112325068,-1.1276241432146996,0.24295897429954813,-1.233837544409392
6.1,-0.0021112000093809202,0.01563141060881601,-0.014580046448778083,-1.042646047166176,0.467613671067758,0.009326449429233542,0.0032408198372069585,0.002638660021949141,0.002549016043400399,42.763054931096,38.70695794117423,52.16554976138771,42.94376349200925,37.784753541712114,53.000206342558826,48.40385594331022,-12.532626612936015,-337.9516129032258,54.58427453023923,-12.09337062980881,-336.86671777377325,48.40385687897814,-12.532626896819314,-337.95161419268186,-31.03601037697802,58.23190533355616,-35.04701825405423,-1.4267213356234527,0.4881692953272433,-1.2186767378965202
6.11,-0.012494413773865176,0.020106886482476605,-0.014303608485716546,-1.029138859442439,0.43121003453834483,0.04351980450299441,0.002683373101104241,0.0027975425405725547,0.002563199808833689,42.763054931096,38.70695794117423,52.16554976138771,43.53768242483604,37.53041008532805,52.982374016334425,48.40385594331022,-12.532626612936015,-337.9516129032258,55.25429103599337,-9.24019618909742,-337.195196229581,48.40385687897814,-12.532626896819314,-337.95161419268186,-55.28386826172059,66.07982217887938,-31.291894576226422,-1.8538597505587395,0.602429058274171,-1.140254905287395
6.12,0.013839544580566354,0.011655168609108535,-0.016155420607598447,-0.9772812075864659,0.39847639898586523,0.08354062048869106,0.002701936160385914,0.002868029415434583,0.0024804530551020888,44.84620137257076,37.98607313307515,52.02198255679299,44.109929063685904,37.29558741098302,52.94268233252145,49.93582535855264,-2.53245844193567,-339.2903225806451,55.77121826287668,-6.438732063130435,-337.49429664686323,49.935826304362166,-2.5324585462699805,-339.29032386139943,-2.435840016992895,41.10500515293504,-37.83025672861667,-0.0057235122628837825,-0.17958663659107876,-1.3960165879039381
6.13,0.00381696706457868,0.01547318963218658,-0.015147712111928113,-1.0129009411542986,0.366392592905918,0.11518868303953878,0.0033095747632972488,0.002644439253393186,0.002522171572143454,44.84620137257076,37.98607313307515,52.02198255679299,44.68562979624638,37.07874697028292,52.88310211713895,49.93582535855264,-2.53245844193567,-339.2903225806451,56.145834757493915,-3.5904701897105866,-337.7942780580841,49.935826304362166,-2.5324585462699805,-339.29032386139943,-20.187650941123728,52.23656910692267,-33.84736012359693,-1.2377234773741046,0.35982640423300544,-1.1674158825227954
6.14,-0.006358025810211276,0.01892190456113174,-0.013823451864414582,-1.0175099752218832,0.3268759432372563,0.1465232550411862,0.0031754193300796095,0.0027164833546154377,0.002589821545334564,44.84620137257076,37.98607313307515,52.02198255679299,45.268725983059284,36.8834277461531,52.805430942147794,49.93582535855264,-2.53245844193567,-339.2903225806451,56.37442000513592,-0.6888596372123938,-338.1056061298294,49.935826304362166,-2.5324585462699805,-339.29032386139943,-37.55616693815528,58.06238773151395,-27.99104088964687,-1.5410903480460707,0.44158923773621866,-1.0566776263889692
6.15,-0.01640083746533383,0.021978602469592268,-0.0121770672518271,-0.9864741153680997,0.28910937291463495,0.18011589775235343,0.0024712146353065884,0.0029512757368387703,0.0027020890489180558,44.84620137257076,37.98607313307515,52.02198255679299,45.8420998136216,36.71042635726632,52.70915223906207,49.93582535855264,-2.53245844193567,-339.2903225806451,56.45620647877709,2.1969466113139657,-338.40924283915166,49.935826304362166,-2.5324585462699805,-339.29032386139943,-65.63418540247338,61.235547132093046,-18.92166592252963,-2.0173234227924315,0.4847769895362565,-0.8912771765489215
6.16,0.009638335882756088,0.01749300698032774,-0.017181243524657663,-0.9291094049077626,0.25340142787019165,0.2133143994822047,0.003042099168927884,0.002641535325831926,0.0024783364013739495,46.88527042613676,37.574549160068045,51.621303701382125,46.386853737398816,36.558047381672615,52.59327992042794,49.42341621640558,7.571388875228753,-340.6290322580645,56.39735533966849,4.9936571607323,-338.6823292829107,49.423417132242925,7.571388962524761,-340.62903353081157,-9.107165429050996,51.26565301790431,-37.22652014522611,-0.21484106643793757,0.1899372552827358,-1.5274812402295095
6.17,0.00014880637863534663,0.01977474865295581,-0.014859089477099352,-0.956114443660812,0.20802493358957122,0.24693476142776352,0.0033686964652639827,0.0027726999960001266,0.0025618392054177425,46.88527042613676,37.574549160068045,51.621303701382125,46.93156796406833,36.429875929139484,52.4583384050892,49.42341621640558,7.571388875228753,-340.6290322580645,56.185693967821685,7.810626089237255,-338.9633963894656,49.423417132242925,7.571388962524761,-340.62903353081157,-24.11720759094551,52.70290918761745,-28.335721128703177,-1.2931499474628463,0.31973798983710777,-1.0332758684687828
6.18,-0.009410562225328656,0.021612732635695964,-0.01222172818626066,-0.9513662849478741,0.16438310490435518,0.2771732737872848,0.00295077667149804,0.0029303706096461568,0.0027590072570653334,46.88527042613676,37.574549160068045,51.621303701382125,47.47882783166623,36.327049976632374,52.30550563329463,49.42341621640558,7.571388875228753,-340.6290322580645,55.82298411499707,10.654169540711193,-339.25641861602907,49.423417132242925,7.571388962524761,-340.62903353081157,-43.1693984999737,53.136643312410136,-17.539898555998995,-1.6297006100907734,0.3170318187216892,-0.8396003654970865
6.19,-0.018718332375417757,0.023038594958476155,-0.009283017625816847,-0.9079709279591449,0.1255214431924917,0.30767342330591557,0.0025345241599053193,0.003079080287138399,0.002969469820970262,46.88527042613676,37.574549160068045,51.621303701382125,48.00943907537734,36.24755718706821,52.135383647268036,49.42341621640558,7.571388875228753,-340.6290322580645,55.322582029494605,13.445467505756952,-339.53860518113646,49.423417132242925,7.571388962524761,-340.62903353081157,-66.48023428921228,53.66879513958306,-6.161999786608193,-1.9923982924278691,0.3143231669029946,-0.6423361018774953
6.2,0.006145075109852738,0.023002363668454207,-0.017192777631551137,-0.8496745361520867,0.0869168495169783,0.3338166095350198,0.0033124796771712645,0.0030751781691983377,0.0025316408280499003,48.811590294537304,37.51257911052519,50.98321721977464,48.50868612728151,36.189990608745056,51.94890439616313,46.887606607354066,17.365262642240893,-341.9677419354839,54.69680711148851,16.12040846467262,-339.7956840116258,46.887607456462455,17.365262925774793,-341.96774319886697,-11.963628035485973,49.08839661832655,-32.21220850979525,-0.3032513865078973,0.19389479707400967,-1.5239047796541099
6.21,-0.002500699996743627,0.023595089148334858,-0.01365767439553156,-0.868409591827981,0.0375728612726008,0.3679412067074551,0.00339584091249226,0.0031394292101228384,0.0026108728481632985,48.811590294537304,37.51257911052519,50.98321721977464,49.00462996591804,36.15879983363992,51.74449217879452,46.887606607354066,17.365262642240893,-341.9677419354839,53.92200785816311,18.792536531778147,-340.06133555455415,46.887607456462455,17.365262925774793,-341.96774319886697,-25.739273585422424,47.65706657812683,-20.400203189072794,-1.3007485705162272,0.19091336803632755,-0.8628225432412966
6.22,-0.011142683083864124,0.023714201258260514,-0.00982240295939285,-0.8559524921035592,-0.008506903258027774,0.3957191860112446,0.0027891156608551115,0.0031522660097428584,0.002908024203487605,48.811590294537304,37.51257911052519,50.98321721977464,49.49887597481088,36.1545920220945,51.523174867953784,46.887606607354066,17.365262642240893,-341.9677419354839,53.00107746625382,21.464670091147838,-340.33721796421383,46.887607456462455,17.365262925774793,-341.96774319886697,-45.932440598400696,46.84577153683239,-6.660629340298712,-1.6552891210173335,0.16763272310205427,-0.6205289357845587
6.23,-0.0194620764664325,0.023398373920246462,-0.005721207171328402,-0.8077765948841561,-0.04991551697004626,0.4215639944310593,0.002568770284103494,0.0031180353428880096,0.003235441518891061,48.811590294537304,37.51257911052519,50.98321721977464,49.972630132960994,36.17504317923442,51.28673007622922,46.887606607354066,17.365262642240893,-341.9677419354839,51.95299085709783,24.054220461038533,-340.60442433703605,46.887607456462455,17.365262925774793,-341.96774319886697,-64.71405485118954,46.09180456952507,5.694486856422633,-1.9379469601884296,0.14230333883970828,-0.4093554990871029
6.24,0.0034551035938091834,0.028086307970317748,-0.016187684313228035,-0.7495398499110817,-0.0913907480726661,0.44127529187894954,0.003422201828227163,0.003549791694602741,0.002479224690558352,50.56900932762391,37.82274289595741,50.13538286953044,50.41442297162474,36.219112790258194,51.03730147908896,42.432212874737544,26.448200516348123,-343.3064516129032,50.79269790115515,26.505345400774953,-340.85529066215616,42.432213625372675,26.448200991521468,-343.3064528638503,-13.243057127012474,45.249892547345745,-26.33429717908278,-0.344308985538016,0.14235140390437628,-1.4844867306521494
6.25,-0.004153295039317828,0.026871529995065147,-0.011587490744702889,-0.7625511755287139,-0.1450489587428867,0.47269608251625694,0.003347419577737455,0.0034605104295247014,0.002750394355456867,50.56900932762391,37.82274289595741,50.13538286953044,50.85064626070448,36.29172326104355,50.772070898867405,42.432212874737544,26.448200516348123,-343.3064516129032,49.489987595785635,28.92919244396403,-341.11711869234995,42.432213625372675,26.448200991521468,-343.3064528638503,-26.475231232237938,42.267626335716805,-10.856649353406986,-1.2900960048851833,0.05284143679999375,-0.6683182121965696
6.26,-0.011715458488438135,0.02514458438445577,-0.0067330962025857755,-0.7465408180828571,-0.19459536098570782,0.49521866228651285,0.002739577607319782,0.003301048198349219,0.0031868702455394977,50.56900932762391,37.82274289595741,50.13538286953044,51.28283447819082,36.39348061459496,50.492667315739844,42.432212874737544,26.448200516348123,-343.3064516129032,48.049643822180045,31.32632684458099,-341.39176473829355,42.432213625372675,26.448200991521468,-343.3064528638503,-45.36419981664739,40.237140033787306,3.9242724824039286,-1.6169424491779654,0.007566824838621729,-0.412749335443278
6.27,-0.018941015728655364,0.022951559552922496,-0.0016690684401379219,-0.6989938215379571,-0.23885830073437642,0.5151002022639878,0.002544207977554407,0.0030697482850897367,0.003396408874337807,50.56900932762391,37.82274289595741,50.13538286953044,51.6939712261378,36.52164590830342,50.20140240181587,42.432212874737544,26.448200516348123,-343.3064516129032,46.49321369809754,33.61900302283988,-341.66458324971563,42.432213625372675,26.448200991521468,-343.3064528638503,-61.96132804869956,38.20788368467171,16.7070775838629,-1.8674250778028556,-0.04021400704531653,-0.19406024374954123
6.28,0.0013746041043031232,0.03230124434355364,-0.01424354653102855,-0.6417308362558293,-0.2815439589403367,0.528160574988155,0.0034414123152210602,0.0035049564084446575,0.0025663745328707295,52.11539051549147,38.50875402411578,49.115233355299694,52.07379803668853,36.67463515776709,49.90082009832633,36.23963936145603,34.4483459537843,-344.64516129032256,44.8378313424527,35.75553357294982,-341.93001937430677,36.23963998806592,34.44834660574332,-344.6451625250505,-14.816975517604298,45.70238488486652,-18.35176541354032,-0.3944928943109725,0.23073823719146,-1.383196763136575
6.29,-0.005140369678743983,0.029123138824996397,-0.008812779204797505,-0.652333297646995,-0.34481977700916877,0.5526354542009503,0.003296468870708994,0.00350838226730001,0.0030070409581518637,52.11539051549147,38.50875402411578,49.115233355299694,52.44725733714809,36.86020240219417,49.58839879271073,36.23963936145603,34.4483459537843,-344.64516129032256,43.04531133939359,37.837168880245265,-342.2149126493033,36.23963998806592,34.44834660574332,-344.6451625250505,-26.71415819423384,38.317094644035855,-1.3935504984593092,-1.2673587870056464,-0.07131123431744978,-0.4835256477534382
6.3,-0.011594008550233958,0.0253774384032327,-0.003192389099121562,-0.6357024177202228,-0.3977294138962979,0.5691578818019872,0.002749842861813706,0.003305237018099763,0.003381859484527498,52.11539051549147,38.50875402411578,49.115233355299694,52.81591778422541,37.07780040627549,49.26544882051479,36.23963936145603,34.4483459537843,-344.64516129032256,41.122128827924044,39.86720904417954,-342.518655540466,36.23963998806592,34.44834660574332,-344.6451625250505,-42.94590791706747,33.28968149490579,13.2029879346703,-1.5462666583651568,-0.16550747390925252,-0.23282037807958364
6.31,-0.017729584055004244,0.02114515892821367,0.0025750481005839543,-0.5917243529677114,-0.44306596294189865,0.5823584017385849,0.0024965719873234634,0.0028856860426227076,0.0034343573431463263,52.11539051549147,38.50875402411578,49.115233355299694,53.164814353186976,37.322852309372244,48.93426912890669,36.23963936145603,34.4483459537843,-344.64516129032256,39.09416385472889,41.778845945332144,-342.8271372914611,36.23963998806592,34.44834660574332,-344.6451625250505,-58.60003095740836,29.05303439740756,27.22494228052096,-1.787067282234392,-0.25167489738588655,0.007622681503738637
6.32,-0.0005365060238677888,0.03475515299057075,-0.011529627180475566,-0.5361647667703766,-0.4823117890704915,0.5877549268832861,0.0034117878398527927,0.0036835995057364224,0.0027553156473879847,53.42207379697339,39.55508283421945,47.971178704757435,53.48388616876141,37.5919277471548,48.597886661518,28.56341075473969,41.03817206036376,-345.98387096774195,36.98489378105566,43.52287692692447,-343.1335812560541,28.563411238438306,41.0381728639837,-345.98387218308335,-16.250116845513666,40.65214505541183,-8.579485799487907,-0.43683851902983034,0.20081634930617923,-1.2587356079507463
6.33,-0.00597292777757108,0.02955348571783123,-0.005537483758731088,-0.5431517989354868,-0.5474550205111106,0.6060585399776226,0.0032434216747970436,0.003626009006192786,0.0032722480311193503,53.42207379697339,39.55508283421945,47.971178704757435,53.795374329985016,37.89348488884877,48.2536548008006,28.56341075473969,41.03817206036376,-345.98387096774195,34.753574407639455,45.189045399509986,-343.4601054220749,28.563411238438306,41.0381728639837,-345.98387218308335,-26.60345592501398,31.340871123573777,7.533356657713664,-1.2387766721275881,-0.2430131365020413,-0.3158484440562777
6.34,-0.011328879625166821,0.023782194530772904,0.0005854776013487495,-0.5261614265934229,-0.6000610827175206,0.6166582057595784,0.0027727612229638465,0.0031596428998178277,0.0034361305766073217,53.42207379697339,39.55508283421945,47.971178704757435,54.10114931559742,38.22711789149219,47.90225585179287,28.56341075473969,41.03817206036376,-345.98387096774195,32.40320700141813,46.78313558048382,-343.8057934552165,28.563411238438306,41.0381728639837,-345.98387218308335,-40.318064554431864,25.05280513436713,22.019955554736796,-1.4726113140236772,-0.3606686514499809,-0.06623730804595683
6.35,-0.016391932231698436,0.017536473532344776,0.0067871771767678,-0.48685408713352524,-0.6428122487583237,0.6221416467904431,0.002471549120880148,0.0026435569844008313,0.0032719010157734527,53.42207379697339,39.55508283421945,47.971178704757435,54.388868038808,38.58734927099331,47.54664696041265,28.56341075473969,41.03817206036376,-345.98387096774195,29.96322176787024,48.24958787336634,-344.158926673126,28.563411238438306,41.0381728639837,-345.98387218308335,-54.64497347748525,16.38453509411501,38.523292308380555,-1.7034056231394925,-0.5273476604175292,0.22168839771825727
6.36,-0.0026498028308110655,0.034894515288985795,-0.008100430847058249,-0.434002532983064,-0.670644269575444,0.6172066926130156,0.0033429415663718846,0.0037246094479700337,0.0030722509574371993,54.471923508974236,40.927471297987296,46.76253585928209,54.64890547705984,38.96719277701564,47.1910972013211,19.717792755666053,45.94789058101148,-347.3225806451613,27.47136946476944,49.54490537388995,-344.5095030559026,19.717793083910134,45.947891501951155,-347.32258183972357,-18.35485759365687,34.632774739501734,1.1324491506381853,-0.5049453219661817,0.22620845431015166,-1.1850111616900798
6.37,-0.007033571023021157,0.0278024260208668,-0.001844637271542271,-0.43598722641181253,-0.7357256095026388,0.6298359009058584,0.003150108714182677,0.0035307523750594764,0.0034158678491665925,54.471923508974236,40.927471297987296,46.76253585928209,54.89983493064212,39.376975609688124,46.83209775882256,19.717792755666053,45.94789058101148,-347.3225806451613,24.87845096075788,50.741560697978514,-344.87701721996103,19.717793083910134,45.947891501951155,-347.32258183972357,-27.197156987725098,23.921832680466725,15.872106870823272,-1.2224008816065433,-0.42067349918150704,-0.16374048408264422
6.38,-0.011305913558172231,0.02016351723033627,0.004482638810676343,-0.4174799793627972,-0.7852135285776763,0.6341460818603137,0.0027747908782291128,0.0028018963154492196,0.0033922918958704017,54.471923508974236,40.927471297987296,46.76253585928209,55.14346187416554,39.81741821957323,46.46936123185028,19.717792755666053,45.94789058101148,-347.3225806451613,22.17986080017432,51.8451195377696,-345.2613055613021,19.717793083910134,45.947891501951155,-347.32258183972357,-38.40891530387849,15.028610113329249,30.897855212194344,-1.411114351649328,-0.5881592986001829,0.09629509055051258
6.39,-0.015294614463367329,0.012113143955381878,0.010814479739150507,-0.38104993594998876,-0.8178940276726779,0.6309096812252413,0.0025209025636553873,0.002831760805633461,0.002939335767534911,54.471923508974236,40.927471297987296,46.76253585928209,55.369815292974614,40.28041840069437,46.1068193772734,19.717792755666053,45.94789058101148,-347.3225806451613,19.415251612063873,52.813648572531534,-345.6499477422615,19.717793083910134,45.947891501951155,-347.32258183972357,-49.8106944980207,-1.8357632439312028,51.92158618276734,-1.5935719039832927,-0.8915794234973139,0.46284787391384735
6.4,-0.005146630446714928,0.03259561074687578,-0.003985030658440247,-0.333074550236887,-0.8312274831088965,0.6137362333960836,0.0032433720317025334,0.003673598541126784,0.0033547549237976705,55.25676388570875,42.57453388359117,45.55772680158112,55.57092259754169,40.755197418974014,45.7506992182419,10.064926004433007,48.97649706262472,-348.6612903225806,16.640075992083162,53.6150710828382,-346.03142314366386,10.06492617005744,48.976498059205156,-348.6612914972962,-21.16268991359157,27.183160838620623,10.139736369242465,-0.6215991952106407,0.1871789067760425,-1.0988034815218959
6.41,-0.00847361846870165,0.023914108932932998,0.0022086531413623156,-0.3275425822718814,-0.892568094613536,0.6209761948635545,0.0030236941811620146,0.0031495585018283517,0.003439264676651679,55.25676388570875,42.57453388359117,45.55772680158112,55.76094145157677,41.25577994554208,45.39559504888547,10.064926004433007,48.97649706262472,-348.6612903225806,13.78732287591306,54.29877862167177,-346.42504590839275,10.06492617005744,48.976498059205156,-348.6612914972962,-28.668109279431075,15.872345057102105,24.169772830540612,-1.2198977162960434,-0.6022049504594433,-0.019943695164050423
6.42,-0.01163898890836812,0.014745914438315633,0.008411650781641966,-0.3054935182195622,-0.9334592408173789,0.6185354764785277,0.0027935351765429528,0.002666941042025936,0.0031495387928307857,55.25676388570875,42.57453388359117,45.55772680158112,55.940963337702016,41.7832960128746,45.04037750867083,10.064926004433007,48.97649706262472,-348.6612903225806,10.847695802203786,54.86805114099277,-346.8298922552405,10.06492617005744,48.976498059205156,-348.6612914972962,-36.59518507404936,-0.15207161040118347,41.47131079193181,-1.348731242114493,-0.8992207354529115,0.28251312925984906
6.43,-0.014513725428441981,0.00529780620599174,0.01453363135315311,-0.2711285402810024,-0.9510477150812165,0.6048011333147408,0.0026100704808330074,0.0033380264244156667,0.002683512540171753,55.25676388570875,42.57453388359117,45.55772680158112,56.10364405391764,42.32552501946802,44.690483836613595,10.064926004433007,48.97649706262472,-348.6612903225806,7.878289185515813,55.298911272924556,-347.23156815659524,10.06492617005744,48.976498059205156,-348.6612914972962,-45.11994060334852,-17.786556226144942,64.11658116149806,-1.4864310918339536,-1.1955089840177548,0.6658593118589571
6.44,-0.007942926246507387,0.028175732706474332,0.000776550132191578,-0.2259729036026787,-0.9493211272828929,0.5797522894759395,0.0030703485546583354,0.003394056114830187,0.003432155311396375,55.77492628799408,44.430711048655304,44.43071104865531,56.243073074785315,42.87139945891828,44.352870229315364,4.898587196589413e-14,50.0,-350.0,4.937395623171133,55.5698131889695,-347.6222315132612,-4.947913506307222e-15,50.00000102555436,-350.0000011578493,-24.985730177262422,19.475405687874634,19.226240984718373,-0.7810169503850906,0.1255082178539632,-0.8824214060038417
6.45,-0.010146089666560831,0.018342115802072345,0.006590190927115214,-0.21173563315513994,-1.0040299328343991,0.579877321114664,0.0028809643322468253,0.0026694972361374887,0.003284967537464583,55.77492628799408,44.430711048655304,44.43071104865531,56.3682539762771,43.4375266930599,44.01993150848904,4.898587196589413e-14,50.0,-350.0,1.9423371839716816,55.70485554242429,-348.0183215607174,-4.947913506307222e-15,50.00000102555436,-350.0000011578493,-30.445908619786067,4.90332026614764,33.634466298836394,-1.219166681378702,-0.8319856940042996,0.13964728370432253
6.46,-0.012118824554060215,0.008142735568873904,0.012338891086950299,-0.18396479673703575,-1.0289315341664487,0.5690326219911878,0.0027066861530264347,0.003093546084349505,0.0028147439318342636,55.77492628799408,44.430711048655304,44.43071104865531,56.4796378377072,44.02318722088209,43.69124491764632,4.898587196589413e-14,50.0,-350.0,-1.1080307152668456,55.706777571455284,-348.41680470501456,-4.947913506307222e-15,50.00000102555436,-350.0000011578493,-35.90042243206713,-15.408839490697371,53.57473649884321,-1.3055169004533302,-1.181356729656045,0.4816947707242381
6.47,-0.01376824104229546,-0.0021775012481809464,0.017907728891590202,-0.14829440831296412,-1.0313305050811181,0.5452269110651643,0.002593016513696777,0.0032631298945713883,0.0026612604360661913,55.77492628799408,44.430711048655304,44.43071104865531,56.572055152466746,44.614506072659175,43.37359349728035,4.898587196589413e-14,50.0,-350.0,-4.14678394727238,55.564479536608744,-348.80598157793713,-4.947913506307222e-15,50.00000102555436,-350.0000011578493,-40.276977339600236,-32.25748203538396,70.71761764878647,-1.3663384080546959,-1.467134014123468,0.7524375283944297
