Time,e1,e2,e3,edot1,edot2,edot3,mu1,mu2,mu3,SetAngle1,SetAngle2,SetAngle3,ActualAngle1,ActualAngle2,ActualAngle3,X0,Y0,Z0,Actual_X,Actual_Y,Actual_Z,X_Set,Y_Set,Z_Set,refCurr1,refCurr2,refCurr3,ActualCurr1,ActualCurr2,ActualCurr3
0.0,0.0,0.0,0.0,0.0,0.0,0.0,0.004351608849062665,0.004351608849062665,0.004351608849062665,5.036570969495911,5.036570969495911,5.036570969495911,5.0368371913555094,5.0368371913555094,5.0368371913555094,0.0,0.0,-200.0,0.0,0.0,-200.00087761433926,0.0,-1.4389247772835927e-14,-200.00000245737616,-0.22997536201500873,-0.22997536201500882,-0.22997536201500882,-0.0069384076681152035,-0.006938407668115205,-0.006938407668115205
0.01,-0.00024824082206471865,-0.00024824082206471865,-0.00024824082206471865,-0.04429961826079981,-0.044299618260799846,-0.04429961826079983,0.00438284720030769,0.00438284720030769,0.00438284720030769,5.036570969495911,5.036570969495911,5.036570969495911,5.053567667188593,5.053567667188593,5.053567667188593,0.0,0.0,-200.0,0.0,-7.19481875963862e-15,-200.0558821991022,0.0,-1.4389247772835927e-14,-200.00000245737616,-1.1028194113048269,-1.1028194113048275,-1.1028194113048275,-0.0328117769979562,-0.03281177699795622,-0.03281177699795622
0.02,-0.0009068023066715752,-0.0009068023066715752,-0.0009068023066715752,-0.08253498994914643,-0.08253498994914646,-0.08253498994914645,0.004378271650361809,0.004378271650361809,0.004378271650361809,5.036570969495911,5.036570969495911,5.036570969495911,5.093454436507577,5.093454436507577,5.093454436507577,0.0,0.0,-200.0,0.0,0.0,-200.18706605807674,0.0,-1.4389247772835927e-14,-200.00000245737616,-2.2474389052662707,-2.2474389052662707,-2.2474389052662707,-0.06366240145195808,-0.06366240145195806,-0.06366240145195806
0.03,-0.0019115713426269276,-0.0019115713426269276,-0.0019115713426269276,-0.11411706815909695,-0.114117068159097,-0.114117068159097,0.004287135845330501,0.004287135845330502,0.004287135845330502,5.036570969495911,5.036570969495911,5.036570969495911,5.152793066695965,5.152793066695965,5.152793066695965,0.0,0.0,-200.0,0.0,-7.195969698933695e-15,-200.3823518358374,0.0,-1.4389247772835927e-14,-200.00000245737616,-3.6590918197275064,-3.6590918197275064,-3.659091819727507,-0.09720565958605262,-0.09720565958605264,-0.09720565958605264
0.04,-0.0031926314470512446,-0.0031926314470512446,-0.0031926314470512446,-0.13838562867648113,-0.13838562867648121,-0.1383856286764812,0.004049740987929548,0.004049740987929548,0.004049740987929548,5.036570969495911,5.036570969495911,5.036570969495911,5.227537942897154,5.227537942897154,5.227537942897154,0.0,0.0,-200.0,0.0,0.0,-200.62855519442658,0.0,-1.4389247772835927e-14,-200.00000245737616,-5.431173900671239,-5.431173900671242,-5.431173900671242,-0.13500614353833085,-0.13500614353833096,-0.13500614353833096
0.05,-0.00467095213956864,-0.00467095213956864,-0.00467095213956864,-0.15416582112638516,-0.15416582112638522,-0.15416582112638527,0.0036482958407892284,0.0036482958407892284,0.0036482958407892284,5.036570969495911,5.036570969495911,5.036570969495911,5.313089707261727,5.313089707261727,5.313089707261727,0.0,0.0,-200.0,0.0,-7.197876976144307e-15,-200.91064903229764,0.0,-1.4389247772835927e-14,-200.00000245737616,-7.771195944400534,-7.771195944400534,-7.771195944400533,-0.18035729368232448,-0.18035729368232453,-0.18035729368232448
0.06,-0.0062522824445575,-0.0062522824445575,-0.0062522824445575,-0.15972344123435464,-0.15972344123435467,-0.15972344123435475,0.003198502912952735,0.003198502912952735,0.003198502912952735,5.036570969495911,5.036570969495911,5.036570969495911,5.403948497675629,5.403948497675629,5.40394849767563,0.0,0.0,-200.0,2.450093871124316e-15,-1.5812531125672998e-14,-201.21058404192453,0.0,-1.4389247772835927e-14,-200.00000245737616,-10.754538476523605,-10.754538476523607,-10.754538476523608,-0.2335216972014843,-0.2335216972014843,-0.23352169720148433
0.07,-0.007828292649234195,-0.007828292649234195,-0.007828292649234209,-0.15429386968552272,-0.1542938696855228,-0.15429386968552275,0.002894709152428592,0.002894709152428592,0.002894709152428586,5.036570969495911,5.036570969495911,5.036570969495911,5.493877128597645,5.493877128597645,5.493877128597646,0.0,0.0,-200.0,0.0,-1.4400198470154955e-14,-201.50779440733018,0.0,-1.4389247772835927e-14,-200.00000245737616,-13.778167000639561,-13.778167000639568,-13.77816700063962,-0.28320637021800965,-0.2832063702180099,-0.28320637021801115
0.08,-0.009298203787968404,-0.009298203787968404,-0.009298203787968418,-0.1399374971555956,-0.13993749715559567,-0.13993749715559553,0.002776098434110953,0.002776098434110953,0.0027760984341109567,5.036570969495911,5.036570969495911,5.036570969495911,5.5772337947993265,5.5772337947993265,5.577233794799327,0.0,0.0,-200.0,0.0,-1.4402298617811328e-14,-201.78359110642302,0.0,-1.4389247772835927e-14,-200.00000245737616,-16.065624950236156,-16.065624950236163,-16.06562495023616,-0.31735723054658405,-0.3173572305465844,-0.31735723054658377
0.09,-0.010591125316728497,-0.010591125316728497,-0.010591125316728511,-0.11996491893758877,-0.11996491893758887,-0.11996491893758868,0.0027547829435703546,0.0027547829435703546,0.0027547829435703554,5.036570969495911,5.036570969495911,5.036570969495911,5.650145436722733,5.650145436722733,5.650145436722734,0.0,0.0,-200.0,0.0,-7.202080982685866e-15,-202.0250700461427,0.0,-1.4389247772835927e-14,-200.00000245737616,-17.56543172836426,-17.565431728364263,-17.565431728364274,-0.33680271223969155,-0.33680271223969166,-0.33680271223969166
0.1,-0.011666004950422706,-0.011666004950422706,-0.01166600495042272,-0.09696345251366915,-0.0969634525136693,-0.09696345251366903,0.002762103691175015,0.002762103691175015,0.0027621036911750175,5.036570969495911,5.036570969495911,5.036570969495911,5.710401997666087,5.710401997666087,5.710401997666088,0.0,0.0,-200.0,2.4637695577350355e-15,-8.625318253622573e-15,-202.2248054276263,0.0,-1.4389247772835927e-14,-200.00000245737616,-18.53034900374347,-18.53034900374348,-18.530349003743478,-0.3467083045515933,-0.3467083045515937,-0.34670830455159285
0.11,-0.012502239191870504,-0.012502239191870518,-0.012502239191870518,-0.07261293359085585,-0.07261293359085595,-0.07261293359085567,0.0027742492175111934,0.0027742492175111926,0.0027742492175111926,5.036570969495911,5.036570969495911,5.036570969495911,5.7569162491998895,5.7569162491998895,5.7569162491998895,0.0,0.0,-200.0,0.0,0.0,-202.3790930658237,0.0,-1.4389247772835927e-14,-200.00000245737616,-19.097087537965304,-19.09708753796533,-19.097087537965326,-0.3495678914670588,-0.3495678914670593,-0.3495678914670591
0.12,-0.013093920798681699,-0.013093920798681713,-0.013093920798681713,-0.048252376944094774,-0.048252376944094795,-0.04825237694409455,0.0027863106817990905,0.0027863106817990887,0.0027863106817990887,5.036570969495911,5.036570969495911,5.036570969495911,5.789424843160973,5.789424843160974,5.789424843160974,0.0,0.0,-200.0,0.0,-5.6980270063136496e-15,-202.48697797708,0.0,-1.4389247772835927e-14,-200.00000245737616,-19.320515898786216,-19.32051589878625,-19.320515898786244,-0.3467270562647968,-0.34672705626479744,-0.34672705626479716
0.13,-0.013446911351327334,-0.013446911351327348,-0.013446911351327334,-0.02492126702565321,-0.02492126702565317,-0.024921267025653032,0.002793619769956902,0.0027936197699569,0.002793619769956902,5.036570969495911,5.036570969495911,5.036570969495911,5.808321567921141,5.8083215679211415,5.808321567921141,0.0,0.0,-200.0,-2.4681679689074466e-15,-8.629141939009402e-15,-202.549710142356,0.0,-1.4389247772835927e-14,-200.00000245737616,-19.266534020122602,-19.266534020122634,-19.2665340201226,-0.33953950170875397,-0.3395395017087544,-0.33953950170875385
0.14,-0.013576118556285377,-0.013576118556285391,-0.013576118556285377,-0.003430033681402821,-0.003430033681402741,-0.0034300336814026737,0.002796081103639188,0.0027960811036391907,0.002796081103639188,5.036570969495911,5.036570969495911,5.036570969495911,5.814505925635806,5.814505925635807,5.814505925635806,0.0,0.0,-200.0,0.0,0.0,-202.57024384083226,0.0,-1.4389247772835927e-14,-200.00000245737616,-18.97571896644707,-18.975718966447065,-18.975718966447058,-0.3289144454421715,-0.3289144454421712,-0.3289144454421712
0.15,-0.01350353910309908,-0.013503539103099094,-0.01350353910309908,0.01559387075887129,0.015593870758871387,0.015593870758871404,0.002794101168515686,0.002794101168515686,0.002794101168515686,5.036570969495911,5.036570969495911,5.036570969495911,5.809273165995179,5.8092731659951795,5.809273165995179,0.0,0.0,-200.0,-2.4682107817310758e-15,-1.425022159249173e-15,-202.5528695944537,0.0,-1.4389247772835927e-14,-200.00000245737616,-18.488507531033626,-18.488507531033644,-18.48850753103362,-0.3157103070003649,-0.3157103070003654,-0.3157103070003646
0.16,-0.013256480681476446,-0.01325648068147646,-0.013256480681476446,0.03169690482126237,0.0316969048212625,0.03169690482126246,0.0027883020047566693,0.0027883020047566667,0.0027883020047566693,5.036570969495911,5.036570969495911,5.036570969495911,5.794212921479879,5.79421292147988,5.794212921479879,0.0,0.0,-200.0,-2.4675333690554194e-15,-8.628589140821094e-15,-202.5028717223878,0.0,-1.4389247772835927e-14,-200.00000245737616,-17.84584861531858,-17.845848615318616,-17.845848615318577,-0.300745198991824,-0.3007451989918245,-0.3007451989918238
0.17,-0.012865872648173127,-0.01286587264817314,-0.012865872648173127,0.0445900991256087,0.044590099125608865,0.04459009912560877,0.0027794717665458445,0.0027794717665458445,0.0027794717665458445,5.036570969495911,5.036570969495911,5.036570969495911,5.771112962110646,5.771112962110646,5.771112962110646,0.0,0.0,-200.0,0.0,-1.440730774359643e-14,-202.42620164261655,0.0,-1.4389247772835927e-14,-200.00000245737616,-17.088494593810804,-17.08849459381082,-17.088494593810804,-0.28478682721705567,-0.28478682721705606,-0.28478682721705567
0.18,-0.012364686025933574,-0.012364686025933588,-0.012364686025933574,0.05413524051733914,0.05413524051733932,0.05413524051733917,0.002769246439694564,0.0027692464396945633,0.002769246439694564,5.036570969495911,5.036570969495911,5.036570969495911,5.741869573281212,5.741869573281213,5.741869573281212,0.0,0.0,-200.0,-2.4651815189743377e-15,-1.4232732135811242e-15,-202.3291733269884,0.0,-1.4389247772835927e-14,-200.00000245737616,-16.252161366291624,-16.25216136629165,-16.252161366291624,-0.2684566879954997,-0.2684566879955001,-0.2684566879954997
0.19,-0.011786663818570894,-0.011786663818570908,-0.011786663818570894,0.0603000234131562,0.0603000234131564,0.06030002341315621,0.0027602095764403247,0.0027602095764403247,0.0027602095764403247,5.036570969495911,5.036570969495911,5.036570969495911,5.708417267672244,5.708417267672245,5.708417267672244,0.0,0.0,-200.0,-2.4636805503808456e-15,-8.625241064237365e-15,-202.2182241092279,0.0,-1.4389247772835927e-14,-200.00000245737616,-15.368050444435438,-15.368050444435454,-15.368050444435442,-0.2523221575499089,-0.25232215754990894,-0.252322157549909
0.2,0.23571833812816045,0.23571833812816045,0.23571833812816045,0.06319709804396216,0.06319709804396235,0.06319709804396216,0.0022099780513036796,0.0022099780513036796,0.0022099780513036796,19.181950665421784,19.181950665421784,19.181950665421784,5.677169708157791,5.677169708157792,5.677169708157791,0.0,0.0,-250.0,0.0,-1.4404858855583717e-14,-202.11462979936536,0.0,0.0,-250.00000223057026,411.4564090751188,411.4564090751188,411.45640907511887,3.5479991227751944,3.5479991227751944,3.5479991227751944
0.21,0.23210372483496394,0.23210372483496394,0.23210372483496394,-0.7018062356773478,-0.7018062356773476,-0.7018062356773478,0.0022224509319941966,0.0022224509319941966,0.0022224509319941966,19.181950665421784,19.181950665421784,19.181950665421784,5.9278325168507875,5.927832516850788,5.9278325168507875,0.0,0.0,-250.0,-2.4735551306979096e-15,-8.633849784719606e-15,-202.94680170857316,0.0,0.0,-250.00000223057026,383.5551892398388,383.5551892398388,383.5551892398388,3.3229981661142265,3.3229981661142265,3.3229981661142265
0.22,0.2210956993312144,0.22109569933121437,0.2210956993312144,-1.4204530330119414,-1.420453033011941,-1.4204530330119411,0.002225476815603892,0.002225476815603892,0.002225476815603892,19.181950665421784,19.181950665421784,19.181950665421784,6.599462180806274,6.599462180806275,6.599462180806274,0.0,0.0,-250.0,0.0,0.0,-205.18940856855298,0.0,0.0,-250.00000223057026,346.10874228888986,346.10874228888974,346.1087422888898,3.1116314610074483,3.1116314610074483,3.1116314610074483
0.23,0.2031464674614082,0.2031464674614082,0.2031464674614082,-2.0948314311731444,-2.0948314311731435,-2.094831431173144,0.002225476815603892,0.002225476815603892,0.002225476815603892,19.181950665421784,19.181950665421784,19.181950665421784,7.6662697255213095,7.6662697255213095,7.6662697255213095,0.0,0.0,-250.0,0.0,-1.4465498551266616e-14,-208.7891218619086,0.0,0.0,-250.00000223057026,298.4085202038187,298.4085202038187,298.4085202038187,2.9132848733050056,2.9132848733050056,2.9132848733050056
0.24,0.17868651373976385,0.17868651373976385,0.17868651373976385,-2.7271828193315346,-2.7271828193315337,-2.727182819331535,0.002225476815603892,0.002225476815603892,0.002225476815603892,19.181950665421784,19.181950665421784,19.181950665421784,9.103719519927049,9.103719519927049,9.103719519927049,0.0,0.0,-250.0,0.0,0.0,-213.70934233796044,0.0,0.0,-250.00000223057026,240.4364855286592,240.43648552865932,240.43648552865923,2.7272991708979335,2.727299170897934,2.7272991708979335
0.25,0.14817921723644012,0.14817921723644012,0.1481792172364401,-3.2933287540642437,-3.2933287540642424,-3.2933287540642437,0.002225476815603892,0.002225476815603892,0.002225476815603892,19.181950665421784,19.181950665421784,19.181950665421784,10.88316989776947,10.88316989776947,10.883169897769472,0.0,0.0,-250.0,5.431858059040071e-15,-1.7739492872782527e-14,-219.90419705187657,0.0,0.0,-250.00000223057026,173.42490998587786,173.42490998587786,173.42490998587778,1.9541201424020656,1.9541201424020644,1.9541201424020636
0.26,0.11321745598840222,0.11321745598840222,0.11321745598840219,-3.622940425499379,-3.622940425499379,-3.6229404254993796,0.002225476815603892,0.002225476815603892,0.002225476815603892,19.181950665421784,19.181950665421784,19.181950665421784,12.903726435898541,12.903726435898541,12.903726435898543,0.0,0.0,-250.0,0.0,0.0,-227.06549814855538,0.0,0.0,-250.00000223057026,104.35775869703991,104.35775869703994,104.35775869703978,0.6949015482497655,0.6949015482497666,0.6949015482497625
0.27,0.0763503249272608,0.0763503249272608,0.07635032492726074,-3.7036301566340915,-3.7036301566340915,-3.703630156634092,0.002225476815603892,0.002225476815603892,0.002225476815603892,19.181950665421784,19.181950665421784,19.181950665421784,15.019343692828892,15.019343692828892,15.019343692828896,0.0,0.0,-250.0,5.897641035928891e-15,-1.826163994010901e-14,-234.6914143425377,0.0,0.0,-250.00000223057026,37.973716001621334,37.97371600162135,37.973716001621206,-0.44494959938460127,-0.4449495993846006,-0.4449495993846035
0.28,0.0399039202449985,0.0399039202449985,0.03990392024499845,-3.5664104274466912,-3.566410427446691,-3.5664104274466917,0.002225476815603892,0.002225476815603892,0.002225476815603892,19.181950665421784,19.181950665421784,19.181950665421784,17.098573821549962,17.098573821549962,17.098573821549966,0.0,0.0,-250.0,6.1549300266295484e-15,-3.553550507717881e-15,-242.2943916666032,0.0,0.0,-250.00000223057026,-22.367552405813395,-22.367552405813388,-22.36755240581352,-1.4181548633607863,-1.4181548633607857,-1.4181548633607883
0.29,0.0058438390750197855,0.0058438390750197855,0.00584383907501973,-3.254713708840157,-3.2547137088401557,-3.254713708840156,0.0034802852629156524,0.0034802852629156524,0.003480285262915675,19.181950665421784,19.181950665421784,19.181950665421784,19.031985413155716,19.031985413155716,19.03198541315572,0.0,0.0,-250.0,6.240714170341536e-15,-1.119832065262514e-14,-249.44285739371628,0.0,0.0,-250.00000223057026,-52.12510874077612,-52.12510874077608,-52.125108740775886,-1.6220749182768024,-1.6220749182768008,-1.622074918276795
0.3,-0.024851443268368356,-0.024851443268368356,-0.02485144326836841,-2.891142256319639,-2.8911422563196383,-2.8911422563196387,0.0031783346899680936,0.0031783346899680936,0.0031783346899680936,19.181950665421784,19.181950665421784,19.181950665421784,20.76909697487581,20.76909697487581,20.769096974875815,0.0,0.0,-250.0,2.6609520229962948e-14,-1.5363013667775903e-14,-255.9161490458062,0.0,0.0,-250.00000223057026,-86.69368372602756,-86.69368372602752,-86.69368372602766,-2.284207831929241,-2.2842078319292396,-2.2842078319292423
0.31,-0.05137260296679674,-0.05137260296679674,-0.051372602966796854,-2.448045815965029,-2.4480458159650285,-2.448045815965029,0.0031783346899680936,0.0031783346899680936,0.0031783346899680936,19.181950665421784,19.181950665421784,19.181950665421784,22.26294474631527,22.26294474631527,22.262944746315274,0.0,0.0,-250.0,0.0,0.0,-261.5114230740188,0.0,0.0,-250.00000223057026,-110.86912780163854,-110.86912780163854,-110.86912780163875,-2.558046129360954,-2.558046129360954,-2.558046129360957
0.32,-0.07319870593069228,-0.07319870593069228,-0.07319870593069239,-1.9606574839952302,-1.96065748399523,-1.96065748399523,0.0031783346899680936,0.0031783346899680936,0.0031783346899680936,19.181950665421784,19.181950665421784,19.181950665421784,23.48538735279065,23.48538735279065,23.485387352790656,0.0,0.0,-250.0,2.1433352999972584e-14,-1.2374552124170442e-14,-266.1038183424205,0.0,0.0,-250.00000223057026,-128.38376913683638,-128.38376913683638,-128.38376913683655,-2.7104107908369612,-2.710410790836961,-2.710410790836964
0.33,-0.0900217559571237,-0.09002175595712375,-0.0900217559571238,-1.453314033767305,-1.4533140337673047,-1.4533140337673045,0.0031783346899680936,0.0031783346899680936,0.0031783346899680936,19.181950665421784,19.181950665421784,19.181950665421784,24.420166993892565,24.42016699389257,24.420166993892572,0.0,0.0,-250.0,0.0,-3.2425988600659655e-14,-269.62086786178736,0.0,0.0,-250.00000223057026,-139.32480479290953,-139.32480479290967,-139.3248047929097,-2.746473178860297,-2.746473178860301,-2.7464731788603
0.34,-0.10176738128934781,-0.10176738128934787,-0.10176738128934792,-0.9484237367821446,-0.9484237367821438,-0.9484237367821436,0.0031783346899680936,0.0031783346899680936,0.0031783346899680936,19.181950665421784,19.181950665421784,19.181950665421784,25.06429277133346,25.06429277133346,25.064292771333463,0.0,0.0,-250.0,1.4612625831915562e-14,-2.4314590682338758e-14,-272.04587767772773,0.0,0.0,-250.00000223057026,-144.04174648599542,-144.0417464859955,-144.04174648599556,-2.678672728443636,-2.678672728443638,-2.678672728443638
0.35,-0.10856842692869884,-0.10856842692869884,-0.10856842692869889,-0.46489233656559703,-0.4648923365655961,-0.46489233656559587,0.003165483426160874,0.003165483426160874,0.003165483426160874,19.181950665421784,19.181950665421784,19.181950665421784,25.426430883663024,25.426430883663024,25.426430883663024,0.0,0.0,-250.0,0.0,-7.963588154184512e-15,-273.4095163906332,0.0,0.0,-250.00000223057026,-143.64623155014925,-143.64623155014922,-143.64623155014925,-2.531997017116795,-2.531997017116794,-2.531997017116794
0.36,-0.11072515431281749,-0.11072515431281749,-0.11072515431281754,-0.018550359325969004,-0.018550359325968123,-0.018550359325967665,0.0031570703952451635,0.0031570703952451635,0.0031570703952451635,19.181950665421784,19.181950665421784,19.181950665421784,25.52469169641931,25.52469169641931,25.524691696419314,0.0,0.0,-250.0,7.861299222725728e-15,-4.538723222420896e-15,-273.77953118422386,0.0,0.0,-250.00000223057026,-138.02457649431972,-138.02457649431966,-138.0245764943198,-2.307099298679177,-2.3070992986791756,-2.3070992986791783
0.37,-0.10869314829414739,-0.10869314829414739,-0.10869314829414745,0.3759503333656962,0.37595033336569694,0.37595033336569755,0.0031560126324285632,0.0031560126324285632,0.0031560126324285632,19.181950665421784,19.181950665421784,19.181950665421784,25.385997307491163,25.385997307491163,25.385997307491166,0.0,0.0,-250.0,7.823772458843057e-15,-4.517057135191421e-15,-273.2572588238559,0.0,0.0,-250.00000223057026,-127.88275489085848,-127.88275489085842,-127.88275489085855,-2.0215355510655146,-2.021535551065513,-2.0215355510655164
0.38,-0.10305211233020889,-0.10305211233020889,-0.10305211233020889,0.7081160683509914,0.7081160683509922,0.7081160683509926,0.003159819183970026,0.003159819183970026,0.003159819183970026,19.181950665421784,19.181950665421784,19.181950665421784,25.044138726363247,25.044138726363247,25.044138726363247,0.0,0.0,-250.0,0.0,-7.937638972107779e-15,-271.9699906907614,0.0,0.0,-250.00000223057026,-114.28706531616126,-114.28706531616123,-114.28706531616119,-1.6963712318075226,-1.6963712318075221,-1.6963712318075204
0.39,-0.09446290939538105,-0.09446290939538105,-0.09446290939538105,0.9717884305913929,0.9717884305913939,0.9717884305913941,0.0031633849143932148,0.0031633849143932148,0.0031633849143932148,19.181950665421784,19.181950665421784,19.181950665421784,24.537307954567325,24.537307954567325,24.537307954567325,0.0,0.0,-250.0,0.0,-7.904056736738688e-15,-270.0618148850127,0.0,0.0,-250.00000223057026,-98.40446859227536,-98.40446859227536,-98.40446859227535,-1.3532422005842195,-1.3532422005842206,-1.3532422005842193
0.4,-0.08362372034923593,-0.08362372034923593,-0.08362372034923593,1.1650957640853714,1.165095764085372,1.1650957640853725,0.0031633849143932148,0.0031633849143932148,0.0031633849143932148,19.181950665421784,19.181950665421784,19.181950665421784,23.90559556445274,23.90559556445274,23.90559556445274,0.0,0.0,-250.0,0.0,0.0,-267.6843983774225,0.0,0.0,-250.00000223057026,-81.2277985759004,-81.22779857590038,-81.22779857590038,-1.0086945783467591,-1.0086945783467582,-1.0086945783467587
0.41,-0.07123583461892119,-0.07123583461892119,-0.07123583461892119,1.2888315152448568,1.2888315152448575,1.2888315152448575,0.0031633849143932148,0.0031633849143932148,0.0031633849143932148,19.181950665421784,19.181950665421784,19.181950665421784,23.189122785034797,23.189122785034797,23.189122785034797,0.0,0.0,-250.0,0.0,0.0,-264.98996801246716,0.0,0.0,-250.00000223057026,-63.47882115684203,-63.478821156842,-63.478821156841995,-0.6748889504102292,-0.6748889504102279,-0.6748889504102277
0.42,-0.05797847419564911,-0.05797847419564911,-0.05797847419564911,1.3463662368864022,1.346366236886403,1.3463662368864031,0.0031633849143932148,0.0031633849143932148,0.0031633849143932148,19.181950665421784,19.181950665421784,19.181950665421784,22.42659899240199,22.42659899240199,22.42659899240199,0.0,0.0,-250.0,0.0,0.0,-262.125630962121,0.0,0.0,-250.00000223057026,-45.935920462507816,-45.935920462507795,-45.935920462507795,-0.36392110021196433,-0.3639211002119639,-0.3639211002119641
0.43,-0.0444844474642665,-0.0444844474642665,-0.0444844474642665,1.343308552103153,1.3433085521031536,1.343308552103154,0.0031633849143932148,0.0031633849143932148,0.0031633849143932148,19.181950665421784,19.181950665421784,19.181950665421784,21.653948801326887,21.653948801326887,21.653948801326887,0.0,0.0,-250.0,0.0,-7.730019664709123e-15,-259.22778341821487,0.0,0.0,-250.00000223057026,-29.27760150617821,-29.27760150617822,-29.277601506178197,-0.08555211083428522,-0.08555211083428582,-0.0855521108342849
0.44,-0.031320466865965235,-0.031320466865965235,-0.031320466865965235,1.2870120255852642,1.2870120255852644,1.2870120255852646,0.0031633849143932148,0.0031633849143932148,0.0031633849143932148,19.181950665421784,19.181950665421784,19.181950665421784,20.903212694826646,20.903212694826646,20.903212694826646,0.0,0.0,-250.0,0.0,-1.5378466639931983e-14,-256.4175446859884,0.0,0.0,-250.00000223057026,-14.066168810831721,-14.066168810831739,-14.066168810831709,0.15292181436579677,0.15292181436579624,0.1529218143657971
0.45,-0.01897228785021554,-0.01897228785021554,-0.018972287850215486,1.1862376212206893,1.1862376212206893,1.1862376212206898,0.0029228643069227163,0.0029228643069227163,0.002922864306922717,19.181950665421784,19.181950665421784,19.181950665421784,20.20170438602481,20.20170438602481,20.201704386024808,0.0,0.0,-250.0,-1.9711311549798923e-14,3.7275977668811316e-15,-253.7973160344056,0.0,0.0,-250.00000223057026,-1.156735792444248,-1.1567357924442476,-1.1567357924441488,0.3377367623025798,0.3377367623025798,0.3377367623025822
0.46,-0.007833489383848702,-0.007833489383848702,-0.007833489383848646,1.0492550032697816,1.0492550032697814,1.0492550032697818,0.002751589967413027,0.002751589967413027,0.0027515899674130234,19.181950665421784,19.181950665421784,19.181950665421784,19.57154977906113,19.57154977906113,19.571549779061126,0.0,0.0,-250.0,-6.482858553911066e-15,-3.8783649716242544e-15,-251.44902195431928,0.0,0.0,-250.00000223057026,11.368204292561803,11.368204292561803,11.36820429256192,0.5110081198444907,0.5110081198444907,0.511008119844493
0.47,0.0017831604126232192,0.0017831604126232192,0.0017831604126232747,0.8884882325146101,0.8884882325146098,0.8884882325146098,0.003352642858254343,0.003352642858254343,0.0033526428582543316,19.181950665421784,19.181950665421784,19.181950665421784,19.02985022581584,19.02985022581584,19.029850225815835,0.0,0.0,-250.0,-1.2649128056818235e-14,-2.9216399709698814e-16,-249.43492736793192,0.0,0.0,-250.00000223057026,18.265205411987058,18.26520541198705,18.265205411987203,0.5813713113859015,0.5813713113859013,0.5813713113859047
0.48,0.009658268112058721,0.009658268112058721,0.009658268112058777,0.6981884928717157,0.6981884928717157,0.6981884928717151,0.0023512857577932507,0.0023512857577932507,0.00235128575779325,19.181950665421784,19.181950665421784,19.181950665421784,18.589773741703933,18.589773741703933,18.58977374170393,0.0,0.0,-250.0,-6.349714529309927e-15,-3.908571739379508e-15,-247.80206012087964,0.0,0.0,-250.00000223057026,33.06015180704444,33.06015180704444,33.060151807044534,0.7778704081145759,0.7778704081145761,0.7778704081145763
0.49,0.015463658675456793,0.015463658675456793,0.015463658675456848,0.48303447557615864,0.4830344755761588,0.48303447557615775,0.0022325591980096615,0.0022325591980096615,0.0022325591980096554,19.181950665421784,19.181950665421784,19.181950665421784,18.26951978425317,18.26951978425317,18.269519784253166,0.0,0.0,-250.0,-6.067137257239332e-15,-4.057115241880586e-15,-246.61581402277005,0.0,0.0,-250.00000223057026,39.293833379428946,39.29383337942895,39.29383337942915,0.8142845073751952,0.8142845073751955,0.8142845073751986
0.5,0.019105378923252758,0.019105378923252758,0.019105378923252814,0.268201505631518,0.2682015056315181,0.2682015056315168,0.0022072927509629962,0.0022072927509629962,0.0022072927509629962,19.181950665421784,19.181950665421784,19.181950665421784,18.073121844799154,18.073121844799154,18.07312184479915,0.0,0.0,-250.0,-6.28122752218658e-15,3.6264684007757085e-15,-245.88922379939223,0.0,0.0,-250.00000223057026,40.57255885817374,40.572558858173736,40.57255885817382,0.7699518330137106,0.7699518330137104,0.769951833013711
0.51,0.02067022716331335,0.02067022716331335,0.020670227163313404,0.06815307745688001,0.06815307745688018,0.06815307745687868,0.002208740509298874,0.002208740509298874,0.002208740509298873,19.181950665421784,19.181950665421784,19.181950665421784,17.9948048304087,17.9948048304087,17.994804830408697,0.0,0.0,-250.0,-6.270939333169902e-15,3.620528512077456e-15,-245.5996758392773,0.0,0.0,-250.00000223057026,38.10569508407108,38.10569508407108,38.10569508407119,0.6677547996983572,0.6677547996983572,0.6677547996983597
0.52,0.0203635590043153,0.0203635590043153,0.0203635590043153,-0.10728088460075878,-0.10728088460075867,-0.10728088460076021,0.0022114099057567735,0.0022114099057567735,0.0022114099057567735,19.181950665421784,19.181950665421784,19.181950665421784,18.022263645219983,18.022263645219983,18.022263645219983,0.0,0.0,-250.0,0.0,-1.5097819610655732e-14,-245.70118195851018,0.0,0.0,-250.00000223057026,32.95605627138804,32.95605627138805,32.956056271388,0.5282410092807509,0.5282410092807511,0.5282410092807497
0.53,0.018469114234801687,0.018469114234801687,0.01846911423480163,-0.25163785709938347,-0.2516378570993833,-0.25163785709938463,0.0022188276132447606,0.0022188276132447606,0.002218827613244761,19.181950665421784,19.181950665421784,19.181950665421784,18.13888533323077,18.13888533323077,18.13888533323077,0.0,0.0,-250.0,0.0,-1.5108216675493405e-14,-246.13244491464403,0.0,0.0,-250.00000223057026,25.764945186917505,25.764945186917515,25.76494518691735,0.36363972471046535,0.36363972471046546,0.36363972471046185
0.54,0.015321820593913127,0.015321820593913127,0.015321820593913071,-0.3608768590607929,-0.36087685906079275,-0.3608768590607936,0.0022473272666470503,0.0022473272666470503,0.002247327266647052,19.181950665421784,19.181950665421784,19.181950665421784,18.32526207506596,18.32526207506596,18.325262075065964,0.0,0.0,-250.0,6.3145168181287514e-15,-1.1208186590377513e-14,-246.82216097233876,0.0,0.0,-250.00000223057026,17.147609629790608,17.14760962979061,17.147609629790452,0.18553617597966143,0.18553617597966152,0.18553617597965874
0.55,0.011283507379916458,0.011283507379916458,0.011283507379916402,-0.43352075236664994,-0.4335207523666497,-0.4335207523666501,0.0023244519965528176,0.0023244519965528176,0.002324451996552815,19.181950665421784,19.181950665421784,19.181950665421784,18.560594828831032,18.560594828831032,18.560594828831036,0.0,0.0,-250.0,1.2691635788343698e-14,-7.327519338856922e-15,-247.69390677111676,0.0,0.0,-250.00000223057026,7.920795089758657,7.9207950897586565,7.920795089758546,0.008288695316530507,0.008288695316530408,0.008288695316528923
0.56,0.006715628982969568,0.006715628982969568,0.006715628982969513,-0.47076349714588034,-0.4707634971458801,-0.47076349714588017,0.003021439697159749,0.003021439697159749,0.003021439697159768,19.181950665421784,19.181950665421784,19.181950665421784,18.824261809229167,18.824261809229167,18.82426180922917,0.0,0.0,-250.0,3.2657975403463025e-14,-2.6440555708654577e-14,-248.671717178446,0.0,0.0,-250.00000223057026,-1.0154171835340626,-1.0154171835340564,-1.0154171835341523,-0.1513787393394377,-0.15137873933943752,-0.15137873933943902
0.57,0.0019280217968393742,0.0019280217968393742,0.0019280217968393187,-0.482918939595886,-0.48291893959588583,-0.48291893959588567,0.0045304028051960455,0.0045304028051960455,0.004530402805196054,19.181950665421784,19.181950665421784,19.181950665421784,19.099176645745267,19.099176645745267,19.09917664574527,0.0,0.0,-250.0,2.5997474521503755e-14,-1.5009648913240627e-14,-249.69244026579563,0.0,0.0,-250.00000223057026,-5.686776397054028,-5.686776397054022,-5.686776397054073,-0.2294315290794239,-0.2294315290794237,-0.22943152907942463
0.58,-0.0029011009867809245,-0.0029011009867809245,-0.00290110098678098,-0.48060231760314864,-0.4806023176031484,-0.48060231760314803,0.00431971039005059,0.00431971039005059,0.004319710390050575,19.181950665421784,19.181950665421784,19.181950665421784,19.375639891727204,19.375639891727204,19.375639891727207,0.0,0.0,-250.0,0.0,-7.611702430263454e-15,-250.7200993431302,0.0,0.0,-250.00000223057026,-10.199530216683343,-10.199530216683337,-10.199530216683426,-0.3084286728796469,-0.30842867287964676,-0.30842867287964837
0.59,-0.00759518874248194,-0.00759518874248194,-0.007595188742481995,-0.4554242423647279,-0.45542424236472767,-0.455424242364727,0.0029908909993178407,0.0029908909993178407,0.0029908909993178303,19.181950665421784,19.181950665421784,19.181950665421784,19.64296738286362,19.64296738286362,19.642967382863624,0.0,0.0,-250.0,2.6302388679958163e-14,-2.2810443949701287e-14,-251.71488469255684,0.0,0.0,-250.00000223057026,-19.417927362969657,-19.417927362969653,-19.417927362969806,-0.4633931102736495,-0.46339311027364943,-0.4633931102736517
0.6,-0.011873041580855781,-0.011873041580855781,-0.011873041580855836,-0.40255154365983725,-0.40255154365983714,-0.40255154365983625,0.0027756701414579817,0.0027756701414579817,0.0027756701414579765,19.181950665421784,19.181950665421784,19.181950665421784,19.884943145526556,19.884943145526556,19.88494314552656,0.0,0.0,-250.0,-8.741832111452492e-17,-1.5223034842443238e-14,-252.61621270323522,0.0,0.0,-250.00000223057026,-25.661812375387882,-25.661812375387875,-25.661812375388006,-0.5470454589995417,-0.5470454589995415,-0.547045458999543
0.61,-0.015552243019377132,-0.015552243019377132,-0.015552243019377132,-0.33852047545966174,-0.3385204754596616,-0.3385204754596607,0.0028465247329558345,0.0028465247329558345,0.0028465247329558345,19.181950665421784,19.181950665421784,19.181950665421784,20.092038095005112,20.092038095005112,20.092038095005112,0.0,0.0,-250.0,0.0,0.0,-253.38825368349055,0.0,0.0,-250.00000223057026,-28.77925230416396,-28.779252304163965,-28.779252304163936,-0.5805504069647429,-0.5805504069647429,-0.5805504069647422
0.62,-0.01856028264499171,-0.01856028264499171,-0.01856028264499171,-0.26947347333006066,-0.26947347333006055,-0.2694734733300598,0.002908770496162702,0.002908770496162702,0.002908770496162702,19.181950665421784,19.181950665421784,19.181950665421784,20.26041304449191,20.26041304449191,20.26041304449191,0.0,0.0,-250.0,0.0,-7.655729080368513e-15,-254.01636743989135,0.0,0.0,-250.00000223057026,-30.815897876409064,-30.815897876409064,-30.81589787640904,-0.5951266952838877,-0.5951266952838876,-0.595126695283887
0.63,-0.02087333135999586,-0.02087333135999586,-0.02087333135999586,-0.20143580138350517,-0.2014358013835051,-0.20143580138350436,0.003159609505872624,0.003159609505872624,0.003159609505872624,19.181950665421784,19.181950665421784,19.181950665421784,20.389081164009326,20.389081164009326,20.389081164009326,0.0,0.0,-250.0,0.0,0.0,-254.4966028256025,0.0,0.0,-250.00000223057026,-30.020745240738275,-30.020745240738282,-30.020745240738265,-0.5623685006719068,-0.5623685006719069,-0.5623685006719065
0.64,-0.022537396640514296,-0.022537396640514296,-0.022537396640514296,-0.13784010366550223,-0.1378401036655022,-0.13784010366550156,0.0031585813130511724,0.0031585813130511724,0.0031585813130511724,19.181950665421784,19.181950665421784,19.181950665421784,20.480785380419437,20.480785380419437,20.480785380419437,0.0,0.0,-250.0,0.0,-1.5334139679647586e-14,-254.8390025942226,0.0,0.0,-250.00000223057026,-30.859817544989287,-30.85981754498929,-30.859817544989284,-0.5589569253561998,-0.5589569253562,-0.5589569253561997
0.65,-0.0235740151710766,-0.0235740151710766,-0.0235740151710766,-0.07616765880640346,-0.07616765880640346,-0.0761676588064029,0.0031577318134155376,0.0031577318134155376,0.0031577318134155376,19.181950665421784,19.181950665421784,19.181950665421784,20.536664222091087,20.536664222091087,20.536664222091087,0.0,0.0,-250.0,0.0,0.0,-255.04769057116084,0.0,0.0,-250.00000223057026,-30.956763197541218,-30.95676319754123,-30.956763197541203,-0.5431523828157219,-0.5431523828157222,-0.5431523828157213
0.66,-0.024015209274140192,-0.024015209274140192,-0.024015209274140192,-0.018672883304144558,-0.018672883304144582,-0.018672883304144097,0.003157071665707928,0.003157071665707928,0.003157071665707928,19.181950665421784,19.181950665421784,19.181950665421784,20.558678639351072,20.558678639351072,20.558678639351072,0.0,0.0,-250.0,0.0,0.0,-255.12991720046017,0.0,0.0,-250.00000223057026,-30.394285052165095,-30.394285052165095,-30.394285052165092,-0.5174875545210915,-0.5174875545210915,-0.5174875545210915
0.67,-0.023913080831042988,-0.023913080831042988,-0.023913080831042988,0.03283423722730055,0.03283423722730051,0.032834237227300944,0.0031565888571310754,0.0031565888571310754,0.0031565888571310754,19.181950665421784,19.181950665421784,19.181950665421784,20.549914979204505,20.549914979204505,20.549914979204505,0.0,0.0,-250.0,0.0,-7.670658554689709e-15,-255.09718311750592,0.0,0.0,-250.00000223057026,-29.271952799592157,-29.271952799592153,-29.271952799592135,-0.48416594157560827,-0.4841659415756083,-0.4841659415756078
0.68,-0.02333533375989727,-0.02333533375989727,-0.02333533375989727,0.07699954072564916,0.0769995407256491,0.07699954072564949,0.0031562569155546725,0.0031562569155546725,0.0031562569155546725,19.181950665421784,19.181950665421784,19.181950665421784,20.51432734472571,20.51432734472571,20.51432734472571,0.0,0.0,-250.0,0.0,-1.5337618468691648e-14,-254.9642655435332,0.0,0.0,-250.00000223057026,-27.700263919611263,-27.700263919611267,-27.70026391961125,-0.44544105457922434,-0.44544105457922445,-0.445441054579224
0.69,-0.022360694451735552,-0.022360694451735552,-0.022360694451735552,0.1129255162016695,0.11292551620166945,0.1129255162016698,0.003156042923753665,0.003156042923753665,0.003156042923753665,19.181950665421784,19.181950665421784,19.181950665421784,20.456475273675192,20.456475273675192,20.456475273675192,0.0,0.0,-250.0,0.0,-1.5331622757914906e-14,-254.74822480010283,0.0,0.0,-250.00000223057026,-25.794749875737324,-25.79474987573733,-25.794749875737317,-0.4035171162052801,-0.40351711620528036,-0.4035171162052801
0.7,-0.021074430496699492,-0.021074430496699492,-0.021074430496699492,0.14015318480312194,0.14015318480312186,0.14015318480312222,0.00315591428257553,0.00315591428257553,0.00315591428257553,19.181950665421784,19.181950665421784,19.181950665421784,20.38126811774116,20.38126811774116,20.38126811774116,0.0,0.0,-250.0,0.0,0.0,-254.4674357805814,0.0,0.0,-250.00000223057026,-23.670596304431,-23.670596304431005,-23.670596304430994,-0.3604640080742394,-0.36046400807423945,-0.3604640080742393
0.71,-0.01955679989891118,-0.01955679989891118,-0.01955679989891118,0.1610615806736745,0.1610615806736744,0.16106158067367468,0.0029326005653748186,0.0029326005653748186,0.0029326005653748186,19.181950665421784,19.181950665421784,19.181950665421784,20.2931336771604,20.2931336771604,20.2931336771604,0.0,0.0,-250.0,0.0,0.0,-254.13847258625887,0.0,0.0,-250.00000223057026,-23.03815862803052,-23.038158628030523,-23.03815862803052,-0.3456082346587549,-0.3456082346587549,-0.34560823465875506
0.72,-0.017853980097838396,-0.017853980097838396,-0.017853980097838396,0.176513548183362,0.1765135481833619,0.17651354818336218,0.002883705354260216,0.002883705354260216,0.002883705354260216,19.181950665421784,19.181950665421784,19.181950665421784,20.194733804451747,20.194733804451747,20.194733804451747,0.0,0.0,-250.0,0.0,0.0,-253.7713106385557,0.0,0.0,-250.00000223057026,-20.799985100476015,-20.799985100476015,-20.799985100476004,-0.3029967806261001,-0.3029967806261001,-0.30299678062609975
0.73,-0.016044290251198023,-0.016044290251198023,-0.016044290251198023,0.18335096922682104,0.1833509692268209,0.18335096922682118,0.0028454591998770037,0.0028454591998770037,0.0028454591998770037,19.181950665421784,19.181950665421784,19.181950665421784,20.090702340474326,20.090702340474326,20.090702340474326,0.0,0.0,-250.0,0.0,0.0,-253.38327220746413,0.0,0.0,-250.00000223057026,-18.450643154117955,-18.450643154117955,-18.450643154117948,-0.2620661983518357,-0.26206619835183564,-0.26206619835183553
0.74,-0.014210930139171074,-0.014210930139171074,-0.014210930139171074,0.18217511852179555,0.18217511852179538,0.18217511852179563,0.002806581683868349,0.002806581683868349,0.002806581683868349,19.181950665421784,19.181950665421784,19.181950665421784,19.985769581187096,19.985769581187096,19.985769581187096,0.0,0.0,-250.0,0.0,7.641806026150368e-15,-252.99201705785174,0.0,0.0,-250.00000223057026,-16.18002280578099,-16.180022805780997,-16.180022805780986,-0.2247395795786942,-0.2247395795786945,-0.2247395795786941
0.75,-0.012429814098582292,-0.012429814098582292,-0.012429814098582292,0.17378817576402716,0.17378817576402703,0.17378817576402728,0.0027690428511742207,0.0027690428511742207,0.0027690428511742207,19.181950665421784,19.181950665421784,19.181950665421784,19.884237691288106,19.884237691288106,19.884237691288106,0.0,0.0,-250.0,0.0,-1.5273435343025835e-14,-252.61358379442336,0.0,0.0,-250.00000223057026,-14.068317014807157,-14.06831701480716,-14.068317014807153,-0.19225173942181883,-0.19225173942181914,-0.19225173942181872
0.76,-0.010767468456661822,-0.010767468456661822,-0.010767468456661822,0.15919483924686292,0.15919483924686278,0.159194839246863,0.0027469315075648497,0.0027469315075648497,0.0027469315075648497,19.181950665421784,19.181950665421784,19.181950665421784,19.78986089226965,19.78986089226965,19.78986089226965,0.0,0.0,-250.0,0.0,-7.632016232798826e-15,-252.26194607311973,0.0,0.0,-250.00000223057026,-12.132932850848576,-12.132932850848585,-12.13293285084857,-0.16451021325424892,-0.16451021325424922,-0.16451021325424883
0.77,-0.00928041644941835,-0.00928041644941835,-0.00928041644941835,0.13941556084135537,0.13941556084135526,0.13941556084135542,0.0027564685267855594,0.0027564685267855594,0.0027564685267855594,19.181950665421784,19.181950665421784,19.181950665421784,19.705819101902648,19.705819101902648,19.705819101902648,0.0,0.0,-250.0,0.0,-1.5255705104293744e-14,-251.94891998969732,0.0,0.0,-250.00000223057026,-10.406327929878016,-10.406327929878021,-10.406327929878012,-0.14164942202037545,-0.14164942202037556,-0.14164942202037528
0.78,-0.008015303321151357,-0.008015303321151357,-0.008015303321151357,0.11539963774428375,0.11539963774428363,0.11539963774428379,0.0028261193044792814,0.0028261193044792814,0.0028261193044792814,19.181950665421784,19.181950665421784,19.181950665421784,19.634730351269386,19.634730351269386,19.634730351269386,0.0,0.0,-250.0,0.0,0.0,-251.6842173712441,0.0,0.0,-250.00000223057026,-8.900073097456056,-8.90007309745606,-8.900073097456056,-0.1238003711707086,-0.12380037117070865,-0.12380037117070856
0.79,-0.007008388241993291,-0.007008388241993291,-0.007008388241993291,0.08829888530263166,0.08829888530263158,0.08829888530263169,0.0029571566527597064,0.0029571566527597064,0.0029571566527597064,19.181950665421784,19.181950665421784,19.181950665421784,19.578604379707457,19.578604379707457,19.578604379707457,0.0,0.0,-250.0,0.0,0.0,-251.47528049321616,0.0,0.0,-250.00000223057026,-7.71840685461302,-7.718406854613018,-7.718406854613015,-0.11246840583465548,-0.11246840583465541,-0.11246840583465532
0.8,-0.0062824145881893445,-0.0062824145881893445,-0.0062824145881893445,0.05964629308364098,0.05964629308364088,0.059646293083641,0.003104223612954134,0.003104223612954134,0.003104223612954134,19.181950665421784,19.181950665421784,19.181950665421784,19.538654361472553,19.538654361472553,19.538654361472553,0.0,0.0,-250.0,0.0,0.0,-251.32658859440335,0.0,0.0,-250.00000223057026,-6.996528093736836,-6.9965280937368375,-6.996528093736833,-0.10943818772489809,-0.10943818772489822,-0.10943818772489809
0.81,-0.005843563853623168,-0.005843563853623168,-0.005843563853623168,0.03113740360229585,0.031137403602295756,0.031137403602295867,0.0032178040217448424,0.0032178040217448424,0.0032178040217448424,19.181950665421784,19.181950665421784,19.181950665421784,19.515137454889608,19.515137454889608,19.515137454889608,0.0,0.0,-250.0,0.0,-7.618485370542698e-15,-251.23907072848328,0.0,0.0,-250.00000223057026,-6.761314815114823,-6.761314815114825,-6.761314815114822,-0.11459618456958365,-0.11459618456958368,-0.11459618456958369
0.82,-0.0056815750678265164,-0.0056815750678265164,-0.0056815750678265164,0.004335488711107548,0.004335488711107451,0.004335488711107552,0.003271594392281624,0.003271594392281624,0.003271594392281624,19.181950665421784,19.181950665421784,19.181950665421784,19.50737776191164,19.50737776191164,19.50737776191164,0.0,0.0,-250.0,0.0,0.0,-251.21019490052186,0.0,0.0,-250.00000223057026,-6.964052286531749,-6.964052286531751,-6.96405228653175,-0.12659234121805418,-0.12659234121805435,-0.12659234121805427
0.83,-0.005772137771164421,-0.005772137771164421,-0.005772137771164421,-0.01948318297947692,-0.019483182979477022,-0.01948318297947693,0.0032602660577163937,0.0032602660577163937,0.0032602660577163937,19.181950665421784,19.181950665421784,19.181950665421784,19.51391081751608,19.51391081751608,19.51391081751608,0.0,0.0,-250.0,0.0,0.0,-251.23450603450115,0.0,0.0,-250.00000223057026,-7.546684801673134,-7.546684801673135,-7.546684801673134,-0.14410643273067228,-0.1441064327306723,-0.14410643273067236
0.84,-0.0060796023681833344,-0.0060796023681833344,-0.0060796023681833344,-0.039294748250361666,-0.03929474825036178,-0.03929474825036169,0.0031917115193057562,0.0031917115193057562,0.0031917115193057562,19.181950665421784,19.181950665421784,19.181950665421784,19.532636686292562,19.532636686292562,19.532636686292562,0.0,0.0,-250.0,0.0,0.0,-251.3041931266062,0.0,0.0,-250.00000223057026,-8.459910702134623,-8.459910702134628,-8.459910702134623,-0.1660295977205769,-0.1660295977205771,-0.166029597720577
0.85,-0.00655940126569754,-0.00655940126569754,-0.00655940126569754,-0.054321312483966225,-0.05432131248396633,-0.05432131248396625,0.0030861109470062846,0.0030861109470062846,0.0030861109470062846,19.181950665421784,19.181950665421784,19.181950665421784,19.56095877251639,19.56095877251639,19.56095877251639,0.0,0.0,-250.0,0.0,0.0,-251.40960160514643,0.0,0.0,-250.00000223057026,-9.641016115786114,-9.641016115786119,-9.641016115786115,-0.1910732507850336,-0.1910732507850338,-0.19107325078503365
0.86,-0.007160752970102657,-0.007160752970102657,-0.007160752970102657,-0.06409453515374457,-0.06409453515374468,-0.06409453515374462,0.002973923479481785,0.002973923479481785,0.002973923479481785,19.181950665421784,19.181950665421784,19.181950665421784,19.595943187228464,19.595943187228464,19.595943187228464,0.0,0.0,-250.0,0.0,0.0,-251.53982182112463,0.0,0.0,-250.00000223057026,-10.97769017575222,-10.97769017575222,-10.97769017575222,-0.21709401761962982,-0.21709401761962982,-0.21709401761962985
0.87,-0.007830830269441036,-0.007830830269441036,-0.007830830269441036,-0.06863021272729738,-0.06863021272729751,-0.06863021272729748,0.0028778446826191705,0.0028778446826191705,0.0028778446826191705,19.181950665421784,19.181950665421784,19.181950665421784,19.634566711970145,19.634566711970145,19.634566711970145,0.0,0.0,-250.0,0.0,-7.62433936294138e-15,-251.68360813502824,0.0,0.0,-250.00000223057026,-12.333688147409612,-12.333688147409617,-12.333688147409616,-0.24182636663059073,-0.24182636663059084,-0.2418263666305909
0.88,-0.008519489342862396,-0.008519489342862396,-0.008519489342862396,-0.06840578068117954,-0.06840578068117968,-0.06840578068117968,0.00281160734564285,0.00281160734564285,0.00281160734564285,19.181950665421784,19.181950665421784,19.181950665421784,19.673986413260465,19.673986413260465,19.673986413260465,0.0,0.0,-250.0,0.0,-7.62628109063659e-15,-251.8303804466591,0.0,0.0,-250.00000223057026,-13.566018972079776,-13.56601897207978,-13.566018972079778,-0.2629291703294569,-0.26292917032945695,-0.262929170329457
0.89,-0.00918380729003948,-0.00918380729003948,-0.00918380729003948,-0.06430545122247888,-0.064305451222479,-0.06430545122247901,0.0027746409214080576,0.0027746409214080576,0.0027746409214080576,19.181950665421784,19.181950665421784,19.181950665421784,19.711794833384296,19.711794833384296,19.711794833384296,0.0,0.0,-250.0,0.0,0.0,-251.97117420247255,0.0,0.0,-250.00000223057026,-14.588771549190751,-14.588771549190756,-14.588771549190756,-0.2793921191988701,-0.27939211919887036,-0.2793921191988703
0.9,-0.009790156867051314,-0.009790156867051314,-0.009790156867051314,-0.0572606296847131,-0.05726062968471322,-0.05726062968471323,0.0027561959854172377,0.0027561959854172377,0.0027561959854172377,19.181950665421784,19.181950665421784,19.181950665421784,19.74611854067087,19.74611854067087,19.74611854067087,0.0,0.0,-250.0,0.0,-7.629846416393292e-15,-252.0990088292523,0.0,0.0,-250.00000223057026,-15.391662634694077,-15.391662634694079,-15.39166263469408,-0.29129763560731076,-0.29129763560731076,-0.291297635607311
0.91,-0.010314192130390754,-0.010314192130390754,-0.010314192130390754,-0.048194001726807,-0.04819400172680712,-0.048194001726807115,0.002751144875451368,0.002751144875451368,0.002751144875451368,19.181950665421784,19.181950665421784,19.181950665421784,19.775615283844193,19.775615283844193,19.775615283844193,0.0,0.0,-250.0,0.0,-1.5262617890400505e-14,-252.20887922370036,0.0,0.0,-250.00000223057026,-15.968052245647014,-15.968052245647016,-15.968052245647018,-0.29881323659909287,-0.298813236599093,-0.298813236599093
0.92,-0.010740437793051116,-0.010740437793051116,-0.010740437793051116,-0.037944456357543954,-0.03794445635754408,-0.03794445635754408,0.002752254027864465,0.002752254027864465,0.002752254027864465,19.181950665421784,19.181950665421784,19.181950665421784,19.799445576520437,19.799445576520437,19.799445576520437,0.0,0.0,-250.0,0.0,-7.632492456729566e-15,-252.29765193274815,0.0,0.0,-250.00000223057026,-16.345819739121616,-16.345819739121616,-16.345819739121616,-0.30269170419692026,-0.30269170419692026,-0.3026917041969203
0.93,-0.011060873793207138,-0.011060873793207138,-0.011060873793207138,-0.02718206280611293,-0.027182062806113075,-0.027182062806113065,0.002754046195243294,0.002754046195243294,0.002754046195243294,19.181950665421784,19.181950665421784,19.181950665421784,19.817187448533282,19.817187448533282,19.817187448533282,0.0,0.0,-250.0,0.0,7.633374719156712e-15,-252.36374916833404,0.0,0.0,-250.00000223057026,-16.55766954361673,-16.55766954361673,-16.557669543616726,-0.3036554789938292,-0.3036554789938291,-0.30365547899382916
0.94,-0.011273492695993648,-0.011273492695993648,-0.011273492695993648,-0.01646297520626771,-0.016462975206267858,-0.016462975206267837,0.0027556112578070203,0.0027556112578070203,0.0027556112578070203,19.181950665421784,19.181950665421784,19.181950665421784,19.82875729598796,19.82875729598796,19.82875729598796,0.0,0.0,-250.0,0.0,0.0,-252.40685491929227,0.0,0.0,-250.00000223057026,-16.618304410903118,-16.61830441090312,-16.618304410903125,-0.30209004018179975,-0.3020900401817999,-0.3020900401818
0.95,-0.011381428010304229,-0.011381428010304229,-0.011381428010304229,-0.006264267057734223,-0.006264267057734365,-0.006264267057734354,0.0027564724825390064,0.0027564724825390064,0.0027564724825390064,19.181950665421784,19.181950665421784,19.181950665421784,19.834361468682214,19.834361468682214,19.834361468682214,0.0,0.0,-250.0,0.0,-1.526845932117031e-14,-252.42773503816315,0.0,0.0,-250.00000223057026,-16.545599908708727,-16.545599908708734,-16.545599908708734,-0.298440590588024,-0.29844059058802436,-0.29844059058802436
0.96,-0.011392069326318144,-0.011392069326318144,-0.011392069326318144,0.003030547195728367,0.00303054719572822,0.0030305471957282337,0.0027563685916343374,0.0027563685916343374,0.0027563685916343374,19.181950665421784,19.181950665421784,19.181950665421784,19.83444480242725,19.834444802427253,19.83444480242725,0.0,0.0,-250.0,-6.5191913401544376e-15,-3.763856875136841e-15,-252.42804552768374,0.0,0.0,-250.00000223057026,-16.359987130577125,-16.359987130577128,-16.359987130577128,-0.293160131646595,-0.29316013164659505,-0.29316013164659493
0.97,-0.01131613759530653,-0.011316137595306586,-0.01131613759530653,0.011129067597167145,0.011129067597167244,0.011129067597167008,0.0027553660611391913,0.002755366061139195,0.0027553660611391913,19.181950665421784,19.181950665421784,19.181950665421784,19.829637804300564,19.829637804300567,19.829637804300564,0.0,0.0,-250.0,-6.518524386523358e-15,-1.1397466230745586e-14,-252.41013550285098,0.0,0.0,-250.00000223057026,-16.08248399544918,-16.082483995449245,-16.082483995449184,-0.28668571524588193,-0.2866857152458829,-0.28668571524588204
0.98,-0.011166793391215346,-0.011166793391215402,-0.011166793391215346,0.017826321788007218,0.01782632178800749,0.017826321788007082,0.00275374318357888,0.0027537431835788816,0.00275374318357888,19.181950665421784,19.181950665421784,19.181950665421784,19.82070577715551,19.820705777155514,19.82070577715551,0.0,0.0,-250.0,-6.423722677695285e-15,-3.708738017166876e-15,-252.37685719976506,0.0,0.0,-250.00000223057026,-15.734331255191345,-15.734331255191425,-15.734331255191346,-0.27943317660796746,-0.27943317660796924,-0.2794331766079675
0.99,-0.010958788996506874,-0.01095878899650693,-0.010958788996506874,0.02299975200450715,0.02299975200450761,0.022999752004507008,0.002751921964707281,0.002751921964707281,0.002751921964707281,19.181950665421784,19.181950665421784,19.181950665421784,19.808500532877655,19.80850053287766,19.808500532877655,0.0,0.0,-250.0,-1.9736237251501944e-14,-1.1394721889944967e-14,-252.33138557035585,0.0,0.0,-250.00000223057026,-15.336500795567444,-15.336500795567527,-15.336500795567451,-0.271790319545704,-0.27179031954570565,-0.27179031954570415
1.0,-0.010707668530508918,-0.010707668530508974,-0.010707668530508918,0.026606543372885996,0.026606543372886673,0.02660654337288585,0.0027498114474517393,0.002749811447451741,0.0027498114474517393,19.181950665421784,19.181950665421784,19.181950665421784,19.79085703493382,19.790857034933822,19.796516185551237,0.0,0.0,-250.0,0.014785976730524649,-0.008536687645637775,-252.27268355214952,0.0,0.0,-250.00000223057026,-14.912350125194244,-14.912350125194312,-14.912350125194248,-0.26416823892043123,-0.2641682389204315,-0.2641682389204313
1.01,-0.007630460090836622,-0.007630615417615283,-0.01281799268565803,0.5256469212695711,0.5255963387255965,-0.3964089440560038,0.002794620873735317,0.0027946174468638004,0.0027930387557662025,19.181950665421784,19.181950665421784,19.181950665421784,19.586425507336852,19.586438162901235,19.941311945471703,0.0,0.0,-250.0,0.9263335155083061,-0.5348570078415105,-251.94220841711504,0.0,0.0,-250.00000223057026,2.4812167109448695,2.5030461735661307,-31.057349056287574,0.1996403147971742,0.20005293428809678,-0.684810812896557
1.02,-9.387166516772183e-06,-1.1129188791203504e-05,-0.018819976960266716,0.9441370042660747,0.9438744742217652,-0.7574151791451521,0.0034663647834381204,0.0034663767931750276,0.002939857451504729,19.181950665421784,19.181950665421784,19.181950665421784,19.129302407802967,19.129413711456007,20.3029131204068,0.0,0.0,-250.0,3.0573193150004228,-1.7654777559210713,-251.23043467314184,0.0,0.0,-250.00000223057026,21.265870520849855,21.37793533860974,-50.09990565190815,0.6385646003144,0.64055636010903,-1.1154318652831021
1.03,0.008498475678658302,0.008501667112496003,-0.025702489858681454,0.766879061484056,0.7683389918565089,-0.6304737779022854,0.00240872162570117,0.002408436851980838,0.0031704636410927797,19.181950665421784,19.181950665421784,19.181950665421784,18.652251890758567,18.651968809967116,20.68995127565308,0.0,0.0,-250.0,5.298705965560119,-3.0583647332334865,-250.4691424989809,0.0,0.0,-250.00000223057026,37.95401848742957,38.23955266234328,-56.291602205149054,0.8664649302373678,0.8720373105376834,-1.171316258081607
1.04,0.015010374736939724,0.015046635221701354,-0.03125212336445682,0.5539730505142514,0.5589905391450761,-0.4916894001920219,0.0022381997895906053,0.002237801172870974,0.003166223449677875,19.181950665421784,19.181950665421784,19.181950665421784,18.291438965941413,18.28905002182769,20.999915105596106,0.0,0.0,-250.0,7.03746450856876,-4.055979483870566,-249.89044723264826,0.0,0.0,-250.00000223057026,46.89428700300702,47.477684727236145,-62.40652845755728,0.9456269654118076,0.9574448121638132,-1.2326776085260265
1.05,0.019338381182464337,0.019448577192155314,-0.0353727691168772,0.33400311325481513,0.3433890468968608,-0.34647424695639806,0.002205356427049511,0.00220483688370995,0.0031625252863947103,19.181950665421784,19.181950665421784,19.181950665421784,18.056049082620515,18.049172019913378,21.227675487388314,0.0,0.0,-250.0,8.24406963456194,-4.73931578444793,-249.52737604825361,0.0,0.0,-250.00000223057026,49.652880741141026,50.62752265807304,-65.47643927337145,0.9242191810710496,0.9440059676508531,-1.2417313937015357
1.06,0.02150876612714575,0.021736778449934324,-0.038037802720657765,0.12384300529258326,0.13750621596503348,-0.2016063300677686,0.002208878416070221,0.0022086242815844187,0.003159612469554817,19.181950665421784,19.181950665421784,19.181950665421784,17.943638525828046,17.929769242240464,21.372092405400842,0.0,0.0,-250.0,8.925976039981482,-5.1123150799370904,-249.38362608907352,0.0,0.0,-250.00000223057026,47.788995338841524,49.201572696390336,-65.84046262698433,0.8288509114410537,0.8574404407312479,-1.2055127852383727
1.07,0.021688152929485838,0.022072392342744662,-0.03928504985301745,-0.06481555054275694,-0.04777102526156759,-0.06321111068717472,0.0022121405069521673,0.0022118653262746795,0.0031575719183808146,19.181950665421784,19.181950665421784,19.181950665421784,17.94401900366259,17.92101189368476,21.435679404319973,0.0,0.0,-250.0,9.116373739375216,-5.195155474813861,-249.4421479995313,0.0,0.0,-250.00000223057026,42.668127251494745,44.54361305108189,-63.87613036638818,0.6856822723479359,0.7231601614020154,-1.132124513115592
1.08,0.02013737747747313,0.020704138851106113,-0.03920872366472844,-0.22405946145785807,-0.2050602082240149,0.06350234504325612,0.00221413895505382,0.0022131492912707334,0.003156350306830677,19.181950665421784,19.181950665421784,19.181950665421784,18.041808333556485,18.008241366878543,21.42412711428001,0.0,0.0,-250.0,8.867047261216154,-5.0198041611916135,-249.67157415269287,0.0,0.0,-250.00000223057026,35.043033778754435,37.37151350137138,-59.927089631629045,0.5091724564364531,0.5551268567992375,-1.0288220641604842
1.09,0.017181917313559003,0.017940810887825898,-0.037949305241018916,-0.34853635746939843,-0.32942989958747837,0.17440042272660367,0.0022274716412926236,0.0022226103655022846,0.003155793592276709,19.181950665421784,19.181950665421784,19.181950665421784,18.2180649068834,18.173494377811302,21.34571488775779,0.0,0.0,-250.0,8.243741305314703,-4.627048966630634,-250.03098800810844,0.0,0.0,-250.00000223057026,25.54288655791101,28.283408288119265,-54.36162791060796,0.3114628759276082,0.36435516696856085,-0.9029789267922613
1.1,0.013187779607580663,0.014129199727015596,-0.035682337532191744,-0.4353154012635739,-0.41801714010711755,0.2664947573383666,0.0022801817479679133,0.002263479814722103,0.0031556965443609074,19.181950665421784,19.181950665421784,19.181950665421784,18.45166564984918,18.396750871180828,21.210665203580323,0.0,0.0,-250.0,7.3222152176074955,-4.063869825755609,-250.4743006982433,0.0,0.0,-250.00000223057026,14.928024506939135,17.958465600833723,-47.59051258791761,0.10653421887996273,0.1636511967477221,-0.7624502240062362
1.11,0.008533594685797286,0.009630429961884068,-0.032606934598409076,-0.48453099381963405,-0.4706642485438852,0.3379399407094501,0.002562366115604186,0.0024226377114259616,0.003155849794108701,19.181950665421784,19.181950665421784,19.181950665421784,18.720941441954754,18.657326459827242,21.03048577729213,0.0,0.0,-250.0,6.18377146727293,-3.380155352018908,-250.95511714020122,0.0,0.0,-250.00000223057026,4.125827012661585,7.276777707972118,-40.06451462570623,-0.09005424031052207,-0.03226932666577077,-0.6153545187417323
1.12,0.0035727127563855987,0.004790479858210128,-0.028934625360324318,-0.5021376792667358,-0.4909185776773574,0.387977434345456,0.004185149743664426,0.0037615246173572873,0.003156075903768105,19.181950665421784,19.181950665421784,19.181950665421784,19.00606157803225,18.935651275229855,20.817333782917736,0.0,0.0,-250.0,4.90953312011757,-2.6235817314042595,-251.43273101518724,0.0,0.0,-250.00000223057026,-3.0353467871525095,-1.3902020155174037,-32.55406465874663,-0.2089375501408569,-0.17843567890034495,-0.4758228401727416
1.13,-0.0014656668835364983,-0.00014284480879289685,-0.02487885586851185,-0.5030382137994026,-0.49341561417395663,0.4168695817120529,0.00456834811910906,0.004651447103802884,0.003156250948541709,19.181950665421784,19.181950665421784,19.181950665421784,19.294704917368485,19.218379266683176,20.583418176664182,0.0,0.0,-250.0,3.5657893927298097,-1.8294111816823202,-251.8859237403818,0.0,0.0,-250.00000223057026,-7.89269320553256,-6.072990013411358,-25.42241178767101,-0.2931073484315397,-0.2575900324309747,-0.3478528399628788
1.14,-0.0064147931614713105,-0.0050235128592465705,-0.020645434819271502,-0.4839828039886759,-0.4806337100652958,0.42575507813081714,0.0032718571572029178,0.003707313180093706,0.0031458059005621307,19.181950665421784,19.181950665421784,19.181950665421784,19.57700752499718,19.4971633697349,20.340459227571692,0.0,0.0,-250.0,2.205217572766158,-1.0326685168107106,-252.3042354289205,0.0,0.0,-250.00000223057026,-17.29337238736748,-13.159792904995806,-18.032369719212593,-0.45628904263514536,-0.3812890943652511,-0.22111345608803468
1.15,-0.010996994258574977,-0.009627814801942358,-0.016403196780068408,-0.43334916389007533,-0.4392219084150783,0.4207138780812616,0.0027705378909959255,0.002787525201394277,0.00285455322261374,19.181950665421784,19.181950665421784,19.181950665421784,19.836508388986314,19.758430336511235,20.097760507650296,0.0,0.0,-250.0,0.8881120345980738,-0.27698369704634007,-252.6612629497205,0.0,0.0,-250.00000223057026,-26.206448189093773,-23.774066419927692,-12.229206979831561,-0.5845944192830953,-0.5466452633081654,-0.12524512130417348
1.16,-0.014974793369858852,-0.013693558435993625,-0.012300896595363597,-0.3673086170473734,-0.37831711131811063,0.39923780173353574,0.0028346327811221697,0.0028090051819905665,0.002766849722448452,19.181950665421784,19.181950665421784,19.181950665421784,20.060584653845055,19.987832682800526,19.86403808436835,0.0,0.0,-250.0,-0.32419514156584905,0.4073095634027175,-252.935658320687,0.0,0.0,-250.00000223057026,-30.408326475296434,-28.79264754231207,-5.938096229927281,-0.6350887764207976,-0.6105167212062886,-0.02616632596448661
1.17,-0.0182515810692227,-0.017105177728124643,-0.008498547245216037,-0.29456748141944605,-0.31001355026612454,0.36252173803481375,0.0029028054231443595,0.0028776436897940665,0.002766716855574905,19.181950665421784,19.181950665421784,19.181950665421784,20.244138072313643,20.17936256947699,19.648365562975325,0.0,0.0,-250.0,-1.391066603286113,0.9994505205087988,-253.12762760362648,0.0,0.0,-250.00000223057026,-33.22176107064194,-32.02757348836856,-0.19553682712609793,-0.6616134645403455,-0.6452367689014252,0.059801724745922366
1.18,-0.020787583213557614,-0.01981316342091677,-0.005139028710488713,-0.22114674923965527,-0.23855220618339892,0.3124688173728306,0.003159959360393723,0.002966433474766767,0.003237428199441194,19.181950665421784,19.181950665421784,19.181950665421784,20.385269979320068,20.330425679613093,19.458811280574277,0.0,0.0,-250.0,-2.283699217642735,1.4849117509905312,-253.2448691200487,0.0,0.0,-250.00000223057026,-32.649402537426425,-33.88607243431489,4.4230059334946805,-0.6283878631969945,-0.653142196903648,0.12112318601894115
1.19,-0.022618724262744805,-0.02183073855593265,-0.002330282321871713,-0.15193509393370475,-0.17233255179888302,0.2543343681089745,0.0031587959078625714,0.003159119873681497,0.003914315780307174,19.181950665421784,19.181950665421784,19.181950665421784,20.48621803784788,20.44225955080385,19.301238155005194,0.0,0.0,-250.0,-2.9895043418580314,1.8594847551137144,-253.30203493418645,0.0,0.0,-250.00000223057026,-33.97087434480018,-33.273358082066345,6.913077693180142,-0.6338330495173913,-0.6272012786140289,0.14460041843649923
1.2,-0.023762255909024588,-0.02319697176659352,-0.00011998368590782071,-0.08401588764033066,-0.10767603336017322,0.1936283974819208,0.003157831809794436,0.00315814759514667,0.004184955844534466,19.181950665421784,19.181950665421784,19.181950665421784,20.547862522061592,20.516845359935274,19.17808094119047,0.0,0.0,-250.0,-3.5070979574798753,2.1190594829733316,-253.30815441315337,0.0,0.0,-250.00000223057026,-34.15369791756148,-33.87961547939032,8.198850446187599,-0.6175410828720629,-0.6190433502287828,0.14800904623932035
1.21,-0.02424650087627267,-0.023931049821597994,0.0014811151439376724,-0.020077930378109666,-0.045981538343516024,0.13278605642049543,0.003157086276295756,0.0031573693127453385,0.004156287440143405,19.181950665421784,19.181950665421784,19.181950665421784,20.57197446515042,20.555394003841343,19.089826480957615,0.0,0.0,-250.0,-3.8383417716004855,2.266447633510869,-253.26923487417776,0.0,0.0,-250.00000223057026,-33.487696964195415,-33.65408637422846,8.782873561428723,-0.5881617094833858,-0.597785814215971,0.13986247747855302
1.22,-0.02412364057187144,-0.024074347057962853,0.0024804508234086975,0.037701682637921854,0.010676224770492992,0.0733946497967927,0.003156548554976591,0.003156783950011257,0.00404779982774273,19.181950665421784,19.181950665421784,19.181950665421784,20.56166562955276,20.560392537459087,19.0359581070689,0.0,0.0,-250.0,-3.99122268571239,2.308201064321468,-253.1924660984506,0.0,0.0,-250.00000223057026,-32.09146735500182,-32.696635965582345,8.709878859029997,-0.548297266552723,-0.5656849222737291,0.12092810659864196
1.23,-0.023464938159392434,-0.02368663655242592,0.0029018468230624928,0.08763848687038123,0.06065354689783065,0.017182185907691022,0.003156188301794334,0.0031563709248960377,0.004003359851828748,19.181950665421784,19.181950665421784,19.181950665421784,20.52111272198178,20.53535734377779,19.015010642242657,0.0,0.0,-250.0,-3.9790073362653526,2.2540262111603173,-253.08569521321255,0.0,0.0,-250.00000223057026,-30.091451481215014,-31.11545094331702,7.906108152667583,-0.5005689925136844,-0.5250408455860627,0.09046391075125389
1.24,-0.022355722555854107,-0.02284167481484589,0.002786985928754926,0.128553559979881,0.1027536982545852,-0.034082637892625216,0.003155965548322411,0.00315609840494834,0.00407311021002796,19.181950665421784,19.181950665421784,19.181950665421784,20.455269386408094,20.48458035965623,19.02449581274925,0.0,0.0,-250.0,-3.8197088732477047,2.1163642320489235,-252.95679572519686,0.0,0.0,-250.00000223057026,-27.6326967637791,-29.037827393742877,6.4318561294350785,-0.4477777126967366,-0.4783584435422143,0.05020729991043488
1.25,-0.02089035962576391,-0.021622734994395265,0.002193127081245194,0.15976585225634934,0.13622376778441894,-0.0790837685386959,0.0031558395576746544,0.0031559310605779774,0.004231592301340578,19.181950665421784,19.181950665421784,19.181950665421784,20.36957862179578,20.412873427841138,19.061061318200387,0.0,0.0,-250.0,-3.534948256268866,1.9096312806331623,-252.81339492074667,0.0,0.0,-250.00000223057026,-24.873376123287958,-26.60552003394659,4.504836852690443,-0.3927929751923076,-0.42825040850507967,0.004338784912637217
1.26,-0.019154683482970614,-0.020117231677489078,0.0011868945965304856,0.1844793746215746,0.16136793768040972,-0.11719249043082595,0.002914336940918639,0.0030149526554303866,0.004392132115429857,19.181950665421784,19.181950665421784,19.181950665421784,20.268740229053176,20.32520027704629,19.120857384022028,0.0,0.0,-250.0,-3.147986307769906,1.6464621403745918,-252.6615994308222,0.0,0.0,-250.00000223057026,-23.800055237292586,-25.029895349701214,2.5638986483982706,-0.368251939100717,-0.39978503736520854,-0.039310378023489544
1.27,-0.017208531786093606,-0.01838167219551129,-0.00016155533075529194,0.2013907705159574,0.1823275846070614,-0.1482131697973384,0.002870052575865544,0.0028955769795294,0.004461691447273394,19.181950665421784,19.181950665421784,19.181950665421784,20.156323058078307,20.224603699768696,19.19985406390166,0.0,0.0,-250.0,-2.6774318846099354,1.3391938090941915,-252.50356255077745,0.0,0.0,-250.00000223057026,-20.715639486611643,-22.99452133535416,0.28755435961090886,-0.311883363107277,-0.35542667250976057,-0.08737113473770397
1.28,-0.015148460965752342,-0.016484488100756867,-0.0017800653824940893,0.2083344840428016,0.19440572137910922,-0.17186010685171346,0.0028247740323802967,0.002855421408443768,0.0043464074209352615,19.181950665421784,19.181950665421784,19.181950665421784,20.037947082914116,20.115262664205854,19.29389851589589,0.0,0.0,-250.0,-2.145171955636338,1.0048048198615867,-252.34527320915652,0.0,0.0,-250.00000223057026,-17.650553484536893,-20.089337108641377,-2.304845713734868,-0.2588603189304852,-0.303519390534887,-0.13862415423541108
1.29,-0.013070960220960048,-0.01451522378400627,-0.003590716876268274,0.2059208845246632,0.1977212363509577,-0.18723855125918198,0.002782327800417505,0.002812288201434238,0.003980580064571725,19.181950665421784,19.181950665421784,19.181950665421784,19.919104548974378,20.00229052411382,19.398469674206016,0.0,0.0,-250.0,-1.5764320248462589,0.6589672200233871,-252.19347615970588,0.0,0.0,-250.00000223057026,-14.63405894535012,-17.17840996648774,-5.456331619028939,-0.2092379797488348,-0.2539512621998246,-0.1976232723493707
1.3,-0.011065032230560545,-0.012558164141355466,-0.005500491471869762,0.1950283704999448,0.19290513784863944,-0.1922738874096191,0.0027493822566883744,0.0027711242992117836,0.003420996306735054,19.181950665421784,19.181950665421784,19.181950665421784,19.80484312163264,19.890478981194327,19.508112278337666,0.0,0.0,-250.0,-0.9979459951024007,0.3178460000966689,-252.0531231005066,0.0,0.0,-250.00000223057026,-11.731961559045134,-14.307466621831722,-9.600130979344975,-0.1638569523854684,-0.20751542345712173,-0.2709638853599831
1.31,-0.009210211682051717,-0.010689923085645647,-0.007392081281533236,0.17661523975982282,0.18081696253038587,-0.18467089694073816,0.0027560900090495347,0.0027456882558851183,0.0029653765321503364,19.181950665421784,19.181950665421784,19.181950665421784,19.69966487769608,19.784168328359222,19.615983673925193,0.0,0.0,-250.0,-0.438824899982323,-0.0013052005357239624,-251.9265780513808,0.0,0.0,-250.00000223057026,-8.988314675565114,-11.550460254460495,-14.29631728570729,-0.1233448024512576,-0.16507324782786328,-0.3486548897647795
1.32,-0.007576652737102452,-0.008978524589025316,-0.009142295697920688,0.15159299585944172,0.16231575174209195,-0.16574053535752176,0.002865015737971514,0.0027647659957997167,0.0027851279670091872,19.181950665421784,19.181950665421784,19.181950665421784,19.60753711661682,19.687206840418018,19.71512719031524,0.0,0.0,-250.0,0.07283146038110913,-0.28194091458145876,-251.81518113042785,0.0,0.0,-250.00000223057026,-6.51339229694315,-9.036219391380676,-17.97763328953987,-0.0894295295574981,-0.12850034728789286,-0.40444513423872974
1.33,-0.006224047877965322,-0.007483771627531999,-0.010660894016195799,0.12123728447232901,0.13819797586091107,-0.13974681100775713,0.003091817721245847,0.0028783369630166,0.0027559432798816234,19.181950665421784,19.181950665421784,19.181950665421784,19.53180237650855,19.602974669919185,19.800619064038308,0.0,0.0,-250.0,0.5154565904507397,-0.5117521062681896,-251.72172677303115,0.0,0.0,-250.00000223057026,-4.581333931550313,-6.801060528523161,-20.309240144807767,-0.06656642606709369,-0.09837879255431839,-0.43568930772226516
1.34,-0.005194682965300623,-0.00625582281372411,-0.01189733720141778,0.0876681530449241,0.10965494745882003,-0.11009605457954783,0.0033553760661217966,0.0030896820625447192,0.0027654781691458146,19.181950665421784,19.181950665421784,19.181950665421784,19.474758123726403,19.53427376397202,19.8697494409689,0.0,0.0,-250.0,0.8747784863945877,-0.6840333481228209,-251.64983895031537,0.0,0.0,-250.00000223057026,-3.4108503856912726,-5.025112863493534,-21.732327503651334,-0.05760458883999597,-0.07747900796886807,-0.45116656819271245
1.35,-0.004507398214901426,-0.005329062404922591,-0.012827268177330986,0.05327212509155243,0.07856460971027929,-0.07890445932427927,0.00356359084896952,0.0033244073422979206,0.0027812617399453473,19.181950665421784,19.181950665421784,19.181950665421784,19.43734834423185,19.48296350335689,19.921240199442636,0.0,0.0,-250.0,1.1427159687875188,-0.7968719149310856,-251.6020069303526,0.0,0.0,-250.00000223057026,-2.9538906640324156,-3.913129021732957,-22.459165122471955,-0.06077167882489485,-0.06870260164800428,-0.454555429357849
1.36,-0.004159201797646561,-0.004717470786164912,-0.013444739619914325,0.020013514793814507,0.046985411480430575,-0.047831244589905196,0.0036832813074378773,0.0035104871434170513,0.0027940700627639746,19.181950665421784,19.181950665421784,19.181950665421784,19.419292229679023,19.449728258932716,19.954843340820926,0.0,0.0,-250.0,1.316915211276266,-0.85179627031001,-251.5788604016921,0.0,0.0,-250.00000223057026,-3.054593134196055,-3.4452515965532267,-22.61335402017194,-0.07285288620196488,-0.07082356727395174,-0.4484602042173206
1.37,-0.004130323608230901,-0.004416191066079211,-0.013758266465326963,-0.010641186136909231,0.01662416653521071,-0.01816545735686763,0.0037125409953209067,0.003613940109559799,0.002800147627165757,19.181950665421784,19.181950665421784,19.181950665421784,19.419375266258903,19.43419441157275,19.97111893415087,0.0,0.0,-250.0,1.3998523678318364,-0.8527417177429909,-251.57936058497202,0.0,0.0,-250.00000223057026,-3.603309571520508,-3.509432915967055,-22.294143045109085,-0.09168058888513887,-0.08144138785138927,-0.43484684337748275
1.38,-0.004388210193414732,-0.004405695645983754,-0.013787852794378996,-0.03754176788735189,-0.011236351527268701,0.009045026776363187,0.003658700520078319,0.003635899143546094,0.0028002668265003916,19.181950665421784,19.181950665421784,19.181950665421784,19.435667643575716,19.435171631153604,19.971272024162328,0.0,0.0,-250.0,1.3977783202115293,-0.805516849808691,-251.6011747342302,0.0,0.0,-250.00000223057026,-4.546004720380636,-4.004030690073411,-21.56639893320675,-0.11608839855654651,-0.09854874384962119,-0.415067205821319
1.39,-0.004889737612473133,-0.004655192506696437,-0.013562921311734255,-0.05968551444195366,-0.03557194238316641,0.032947433532744694,0.003527681141992302,0.0035794556317007174,0.002795135616834879,19.181950665421784,19.181950665421784,19.181950665421784,19.465641567382473,19.450838003957994,19.9570360018169,0.0,0.0,-250.0,1.3199392724926733,-0.7175626555283191,-251.6409428261343,0.0,0.0,-250.00000223057026,-5.8706196994652915,-4.878580336853512,-20.49437537482333,-0.14562933744673623,-0.12105388357839217,-0.3904687021830179
1.4,-0.005582206163977255,-0.00512451905163025,-0.01312012970692017,-0.07615145978806474,-0.055506664542043956,0.05292536953067706,0.0033378272704952033,0.0034573182199023117,0.0027849294904030777,19.181950665421784,19.181950665421784,19.181950665421784,19.506225204166586,19.478842824288677,19.930545239189307,0.0,0.0,-250.0,1.177988013568397,-0.5977632740760229,-251.69436760756474,0.0,0.0,-250.00000223057026,-7.568037768725597,-6.103219198563321,-19.147636582089692,-0.1799091092568599,-0.1482412187380582,-0.3623746597238954
1.41,-0.006404364784244554,-0.005765235732662355,-0.012501165361558375,-0.08617563562334145,-0.07024448823226372,0.06856354414380936,0.0031338533167202002,0.0032858032303075017,0.0027713162260708515,19.181950665421784,19.181950665421784,19.181950665421784,19.553867483534653,19.51636565215577,19.89421095301228,0.0,0.0,-250.0,0.9855196229783744,-0.4561631660542273,-251.75627497026042,0.0,0.0,-250.00000223057026,-9.540427844041053,-7.663296930673663,-17.59247646882838,-0.21683603041995833,-0.17959844305025316,-0.33203581937491966
1.42,-0.007289814831836439,-0.006521827722906992,-0.011750938690740342,-0.08949756263778819,-0.07919399657231842,0.07960571165159737,0.0029588688397227452,0.0031036057559784168,0.002759388601684231,19.181950665421784,19.181950665421784,19.181950665421784,19.604752854515766,19.56019367449104,19.850620265841677,0.0,0.0,-250.0,0.7576205032682172,-0.30329386045567464,-251.820910079561,0.0,0.0,-250.00000223057026,-11.586762997990995,-9.471558700072586,-15.89016676128214,-0.2528380431920263,-0.2134685775773853,-0.3005559019136466
1.43,-0.008173881728668897,-0.0073350723615016045,-0.010915994811246554,-0.08666720691240543,-0.08220053597232023,0.08598009074428162,0.0028427259981297272,0.0029496972754090916,0.002750070414252504,19.181950665421784,19.181950665421784,19.181950665421784,19.65521213799741,19.606928456927644,19.802442815636287,0.0,0.0,-250.0,0.5100970803885263,-0.149111424567998,-251.88263562469297,0.0,0.0,-250.00000223057026,-13.425341269453693,-11.345158726362918,-14.148409703060992,-0.28327576360210033,-0.2464514911770256,-0.26981925531285694
1.44,-0.00900140872859101,-0.008147934906296339,-0.01004242699468072,-0.07892597332357695,-0.07979136530646304,0.08782131862167497,0.0027842062771590405,0.0028441126163326995,0.00274621876476091,19.181950665421784,19.181950665421784,19.181950665421784,19.702158892477765,19.653335923257593,19.75231083384902,0.0,0.0,-250.0,0.2582542584945754,-0.0020251132895078485,-251.93678510638304,0.0,0.0,-250.00000223057026,-14.87386016504005,-13.066125659324879,-12.457560671176212,-0.3057060115742545,-0.2750878294515485,-0.24125375646863012
1.45,-0.009731239926582091,-0.008911737726045976,-0.009174395148021097,-0.06769853669409841,-0.0730340853359473,0.0853393988301941,0.0027579848848906154,0.002788496855118917,0.0027634260539436753,19.181950665421784,19.181950665421784,19.181950665421784,19.743316086339817,19.696690573556502,19.70274245082508,0.0,0.0,-250.0,0.015792349824845852,0.13139147244841334,-251.98027613686344,0.0,0.0,-250.00000223057026,-15.953401683258857,-14.4635847517268,-10.82989511992301,-0.3209116763533835,-0.296964763921616,-0.21499934368500806
1.46,-0.010335714954388953,-0.00958986330427003,-0.008353534602778045,-0.054276949071033725,-0.06315825627890391,0.078862593275332,0.0027514113314734768,0.002761018828636286,0.002804648647666325,19.181950665421784,19.181950665421784,19.181950665421784,19.777172145415406,19.734964154010363,19.65610301192852,0.0,0.0,-250.0,-0.20579707028948127,0.24605142716592027,-252.01172304727152,0.0,0.0,-250.00000223057026,-16.67753326088763,-15.539956279487246,-9.343702024453489,-0.32954812022165403,-0.3125698526440186,-0.19232341849069878
1.47,-0.010799239773984337,-0.010157310031762512,-0.007616960877551093,-0.039777422469821896,-0.0512737821728178,0.06892263548732738,0.002752760152223815,0.002751603881121981,0.0028769286985831748,19.181950665421784,19.181950665421784,19.181950665421784,19.802896136866845,19.76678728804662,19.614487849704215,0.0,0.0,-250.0,-0.3974478251073541,0.3383397791905469,-252.03111059541047,0.0,0.0,-250.00000223057026,-17.104421209803043,-16.29631956449803,-8.04569044389633,-0.3329483750034883,-0.3222091510779672,-0.17385413969790184
1.48,-0.011115939147381348,-0.010599549522465335,-0.006995617406638843,-0.025059126038420268,-0.03836584920328446,0.05623480487709441,0.002754420397237772,0.0027514200081080655,0.0029684289230023633,19.181950665421784,19.181950665421784,19.181950665421784,19.820199434970995,19.791382935787734,19.57962736396819,0.0,0.0,-250.0,-0.5525999434058019,0.40594247697693614,-252.03939243766155,0.0,0.0,-250.00000223057026,-17.284508286959195,-16.76283167827182,-7.027756341285162,-0.33216018112486995,-0.32674020987307895,-0.16096408134667012
1.49,-0.011287592279753567,-0.01091078017296504,-0.006511917094746411,-0.010827463959809921,-0.025209619948915397,0.0417415584369211,0.002755607845587686,0.0027529641477609303,0.0030614480193159963,19.181950665421784,19.181950665421784,19.181950665421784,19.82922378732657,19.80846196906407,19.552750933898114,0.0,0.0,-250.0,-0.667284158268075,0.44787074352508144,-252.03802732168455,0.0,0.0,-250.00000223057026,-17.23593402087341,-16.988914138859684,-6.345666454407729,-0.3276640713065568,-0.32718495156729527,-0.1543097823456107
1.5,-0.011322413316056379,-0.011091996137559179,-0.006178406402069403,0.0023281258956842034,-0.012418030934932196,0.026438770425899483,0.002755640035912209,0.0027538791709559706,0.0031410189284533626,19.181950665421784,19.181950665421784,19.181950665421784,19.83047287057525,19.818115766992964,19.534520472126065,0.0,0.0,-250.0,-0.7400133333453307,0.4645142650374797,-252.02865915755905,0.0,0.0,-250.00000223057026,-16.988847447737207,-17.004434584553433,-6.00544942132822,-0.32014851106928427,-0.3241955201414801,-0.15367633553132656
1.51,-0.011233818607895352,-0.011149731431642829,-0.005997770964997651,0.013943124972734392,-0.0005018958713728363,0.011304730231455616,0.002754469479751963,0.002754050382961247,0.003189492688986764,19.181950665421784,19.181950665421784,19.181950665421784,19.824741301296076,19.820747410964927,19.525034129083103,0.0,0.0,-250.0,-0.7715901105176894,0.457522249302228,-252.01293865067933,0.0,0.0,-250.00000223057026,-16.575436811742936,-16.83179561635472,-6.002344737528851,-0.3102899008398548,-0.31830518353904247,-0.15864848750031824
1.52,-0.0110392064342818,-0.011095068984030121,-0.005963477342720069,0.023672932407792533,0.010131165982604608,-0.002802899413833374,0.0027525094074782866,0.0027533088705208736,0.003203963983503179,19.181950665421784,19.181950665421784,19.181950665421784,19.813044999090586,19.81701466153042,19.523869300986753,0.0,0.0,-250.0,-0.7648426484875535,0.42961181773253143,-251.99241961029318,0.0,0.0,-250.00000223057026,-16.030393343961716,-16.5009645599064,-6.2935551530358005,-0.2987695875417736,-0.3101325918082809,-0.168266735335547
1.53,-0.010758781425791397,-0.010942600880438302,-0.0060612383120861035,0.03128949889492149,0.01917587967628303,-0.01517505117177209,0.002750070941872143,0.00275190998937605,0.003185855288182469,19.181950665421784,19.181950665421784,19.181950665421784,19.79655397565378,19.807770504140986,19.530167618594703,0.0,0.0,-250.0,-0.7242451878866532,0.38432490747585163,-251.96851528957558,0.0,0.0,-250.00000223057026,-15.390906175127084,-16.04193440088654,-6.835586117833832,-0.28628743521283234,-0.30026834079383413,-0.18159309165628315
1.54,-0.010414350295927743,-0.01070942414805448,-0.006270505186245556,0.03668651891841478,0.026427572738266073,-0.025254320397309293,0.0027478713005323757,0.0027498304528338034,0.0031410804877463686,19.181950665421784,19.181950665421784,19.181950665421784,19.7765231617979,19.79400564956615,19.54272069013039,0.0,0.0,-250.0,-0.6555426242470563,0.3257760507873131,-251.94246016840916,0.0,0.0,-250.00000223057026,-14.691664201368956,-15.488531733934868,-7.58031008840553,-0.2734393137252183,-0.28934833101881563,-0.1976526932638313
1.55,-0.010028291046622617,-0.01041411633166639,-0.006566026142796222,0.03984226153487092,0.03178015143081605,-0.03264132270199132,0.0027482631370210984,0.002748048271685629,0.0030768723559764875,19.181950665421784,19.181950665421784,19.181950665421784,19.75423554853899,19.77679014255841,19.56005970484915,0.0,0.0,-250.0,-0.5653636026078713,0.2584336845333401,-251.91529206060073,0.0,0.0,-250.00000223057026,-13.958168302414498,-14.869283278233814,-8.478156541912773,-0.2606563019274677,-0.27786842771595655,-0.21549748018559944
1.56,-0.00962282216225091,-0.010075925447102008,-0.00691952959609643,0.04080118636660782,0.035197966716597195,-0.03713080778974475,0.002754014522795085,0.0027480627653941256,0.0030089738966931918,19.181950665421784,19.181950665421784,19.181950665421784,19.730961209160526,19.75722846267327,19.580554564120803,0.0,0.0,-250.0,-0.4608447713901347,0.18691533478860314,-251.88788111968458,0.0,0.0,-250.00000223057026,-13.21687389839266,-14.212438889553196,-9.444796444940284,-0.24839841269981108,-0.2663126689701975,-0.2335821886730718
1.57,-0.00921925827079334,-0.009714113907879629,-0.007302116693595151,0.03969800233268012,0.036703368653487015,-0.03876221615936166,0.0027651999011270873,0.002752463859906979,0.0029441239418498038,19.181950665421784,19.181950665421784,19.181950665421784,19.707913083395937,19.736422685458347,19.6025527458647,0.0,0.0,-250.0,-0.3491729038830992,0.11570147588530522,-251.86101097801256,0.0,0.0,-250.00000223057026,-12.50640648218856,-13.538067129733673,-10.413887769493403,-0.23726975621639854,-0.2550252737761164,-0.2508556495907257
1.58,-0.008837037348089438,-0.009347367788907268,-0.007686216658638612,0.036760346441961925,0.03638912450565561,-0.0377528140491497,0.0027814761822242857,0.0027612653596676704,0.0028899692094794477,19.181950665421784,19.181950665421784,19.181950665421784,19.686191335207422,19.71543763532124,19.62448825771093,0.0,0.0,-250.0,-0.23721016219417226,0.048857095921534095,-251.83540602023953,0.0,0.0,-250.00000223057026,-11.861253767032885,-12.880732883832078,-11.307223663122254,-0.227805483503055,-0.2445642426675939,-0.2660137630858275
1.59,-0.008492828290213028,-0.008992998490388482,-0.008047514668423683,0.03230541048616387,0.03442653258776023,-0.03449747440679237,0.0028010682377170564,0.0027745591869948825,0.0028467718197066885,19.181950665421784,19.181950665421784,19.181950665421784,19.66673244582267,19.695254978290237,19.644991157804654,0.0,0.0,-250.0,-0.1310889820392237,-0.010216616121504065,-251.8117467168767,0.0,0.0,-250.00000223057026,-11.312509316060186,-12.267974695136934,-12.07807188555516,-0.2203982521523088,-0.23534292887109506,-0.2784392475920337
1.6,-0.008199837794329812,-0.008666230434865918,-0.008366205107203484,0.026694900938169057,0.031055997420428402,-0.02950034059327109,0.0028234194189515017,0.0027907766562106032,0.0028179326040477055,19.181950665421784,19.181950665421784,19.181950665421784,19.65027218289416,19.67673281670321,19.66295627841516,0.0,0.0,-250.0,-0.03592768733221408,-0.05893572244160442,-251.79065434219586,0.0,0.0,-250.00000223057026,-10.876542526721106,-11.731015090131145,-12.673923087980633,-0.2152471734072503,-0.22782525788981467,-0.2873740936885482
1.61,-0.007967463855512724,-0.008379530786666256,-0.00862795996668353,0.020325040994943415,0.026574079701099103,-0.023317192326245576,0.0028460625898735535,0.002809528042489947,0.0027990333733601772,19.181950665421784,19.181950665421784,19.181950665421784,19.63732616871936,19.66056832478294,19.677594334160236,0.0,0.0,-250.0,0.044399925340252396,-0.09561216839683744,-251.7726773609223,0.0,0.0,-250.00000223057026,-10.567095297415081,-11.284037335075531,-13.092842593166031,-0.21245574684650284,-0.22214616512612548,-0.2929940526684347
1.62,-0.007801046455774119,-0.008142285169808472,-0.008823801272955734,0.013607093519344637,0.021299492952342246,-0.0164664635556421,0.0028658232081114933,0.0028291182892344327,0.002787335827203286,19.181950665421784,19.181950665421784,19.181950665421784,19.62817675067497,19.647280840858606,19.6884204054092,0.0,0.0,-250.0,0.10727820224126858,-0.11945009721909788,-251.75823310254498,0.0,0.0,-250.00000223057026,-10.391857730260217,-10.940465478224176,-13.338544606467352,-0.21203594963879246,-0.2184485943633497,-0.29550944116135125
1.63,-0.0077017975450755505,-0.00796055955421665,-0.0089496778894253,0.006951907816453169,0.015571450602684228,-0.009415829374301663,0.002879229580049854,0.002847572324586512,0.0027804178907972913,19.181950665421784,19.181950665421784,19.181950665421784,19.622869890962694,19.637198450680877,19.695228810367254,0.0,0.0,-250.0,0.15131852251297562,-0.13049690666875755,-251.74755074056625,0.0,0.0,-250.00000223057026,-10.352343859015798,-10.707370862127545,-13.424396235122277,-0.21389369305476372,-0.2167467765900255,-0.29528601567458296
1.64,-0.0076669182570951455,-0.00783701797250419,-0.009005852087282384,0.0007472056781213653,0.009730060757123071,-0.002567514813328067,0.0028846378684611327,0.0028622666084347414,0.0027771658765066163,19.181950665421784,19.181950665421784,19.181950665421784,19.621223306454123,19.63045432220045,19.69805727695584,0.0,0.0,-250.0,0.17627486160064082,-0.12955920869459797,-251.74062918043217,0.0,0.0,-250.00000223057026,-10.43784464115287,-10.589128795430156,-13.36555839023146,-0.21771323971857479,-0.21701925829639895,-0.2926890933524374
1.65,-0.0076900984761358315,-0.0077709781025125935,-0.008996282624279817,-0.004690997791165018,0.004101382480804491,0.0037366701158310913,0.0028829145151543683,0.002871324002484841,0.002777054192339596,19.181950665421784,19.181950665421784,19.181950665421784,19.622857808433164,19.62699083250158,19.697151823678105,0.0,0.0,-250.0,0.1829410480564596,-0.1180619763732858,-251.7372365499737,0.0,0.0,-250.00000223057026,-10.625778248658401,-10.582672892933285,-13.181214314303483,-0.22302465986828862,-0.21911537416081517,-0.288144827492707
1.66,-0.007762309505384812,-0.007758669874704138,-0.008927961087154324,-0.009127024803681055,-0.0010226740148340636,0.009225596841565861,0.0028749938616064096,0.0028738592696296843,0.0027797824445779436,19.181950665421784,19.181950665421784,19.181950665421784,19.627243047495167,19.626575514589213,19.69292816331379,0.0,0.0,-250.0,0.17300838154813034,-0.0978770556528913,-251.73693985433866,0.0,0.0,-250.00000223057026,-10.892778130143999,-10.677640683929559,-12.893887428116901,-0.22936745990058593,-0.22276735066886644,-0.28211075059257773
1.67,-0.007872600158320198,-0.007793697156968371,-0.008810192429467623,-0.012404062536124031,-0.005406235178981028,0.01370134426094111,0.0028621686322750717,0.0028703595699740335,0.0027850087579470093,19.181950665421784,19.181950665421784,19.181950665421784,19.633743067298294,19.628828750492275,19.685930329649842,0.0,0.0,-250.0,0.14888562119439844,-0.07116580244867579,-251.7391468174254,0.0,0.0,-250.00000223057026,-11.213801489138405,-10.856373291075062,-12.529360851622886,-0.23626330240325485,-0.22760564544702444,-0.2750829566552568
1.68,-0.008008958867008309,-0.007867673852760326,-0.008653840761203513,-0.014460964594546133,-0.008881700095304656,0.017040526011614043,0.0028475076345331933,0.002862101067239984,0.0027929918937155632,19.181950665421784,19.181950665421784,19.181950665421784,19.64166673150155,19.633260862271115,19.676787484039554,0.0,0.0,-250.0,0.11348989367152179,-0.04021839895024498,-251.74316373078835,0.0,0.0,-250.00000223057026,-11.556545972037922,-11.097906860709012,-12.112089870252163,-0.24314947698757106,-0.2332261321093012,-0.2675022932724836
1.69,-0.00815929160775214,-0.007970941050517377,-0.00847066119529366,-0.015329510557028263,-0.011355533586783316,0.019181931863687725,0.0028331662697930133,0.002850991796743396,0.002804123292715504,19.181950665421784,19.181950665421784,19.181950665421784,19.650323391231446,19.63931351660462,19.66617628822143,0.0,0.0,-250.0,0.07004093213385715,-0.007292130719526532,-251.74827189057868,0.0,0.0,-250.00000223057026,-11.893620226974578,-11.378060992260215,-11.665922249008387,-0.24957800031004151,-0.23918978865969165,-0.2597915115174281
1.7,-0.008312238415488171,-0.008093325767067228,-0.008272669176194292,-0.015113632129956521,-0.012809491133572647,0.020128052679890398,0.0028202043657348823,0.0028387756448310097,0.0028184532055647296,19.181950665421784,19.181950665421784,19.181950665421784,19.659068450068393,19.646403193130364,19.654784678152055,0.0,0.0,-250.0,0.021853534869984505,0.025514882685857183,-251.75379509434023,0.0,0.0,-250.00000223057026,-12.204265504391541,-11.673231318603412,-11.214728959962091,-0.25523695096055155,-0.24509504903419,-0.25235222902136545
1.71,-0.008457749852939789,-0.00822483748055114,-0.008071521099411061,-0.013964062106165904,-0.013291056453213813,0.019941423249699525,0.002809136980984439,0.0028271388636837485,0.002835744792554791,19.181950665421784,19.181950665421784,19.181950665421784,19.66733498616405,19.65396054926552,19.64327661452905,0.0,0.0,-250.0,-0.027856841686158346,0.056352825669924764,-251.75914498622612,0.0,0.0,-250.00000223057026,-12.472872232119052,-11.960726634176913,-10.780892074520594,-0.25990728788840045,-0.2505791044842718,-0.2455397539530499
1.72,-0.00858748687382016,-0.00835625023741332,-0.007877968987578476,-0.012066089995195825,-0.01289630853228598,0.0187329158281471,0.0028002551509562603,0.00281646471918135,0.0028558744646830798,19.181950665421784,19.181950665421784,19.181950665421784,19.674655966227554,19.66146269351359,19.632261535316218,0.0,0.0,-250.0,-0.07613785028851161,0.0836846630742457,-251.76385078337285,0.0,0.0,-250.00000223057026,-12.687972961566038,-12.225577770007792,-10.382222331351867,-0.26345261833009087,-0.2554168658577691,-0.23963049074249013
1.73,-0.008695072252863867,-0.008479499732807705,-0.007701405897935276,-0.009622349488742823,-0.011756996157277074,0.016659322407452035,0.002793540465544024,0.0028073421117014493,0.0028773807114597745,19.181950665421784,19.181950665421784,19.181950665421784,19.680677661659175,19.66845530036181,19.62226837658311,0.0,0.0,-250.0,-0.12042569897403722,0.10633254233256466,-251.76757036039845,0.0,0.0,-250.00000223057026,-12.843054002225005,-12.453756578302801,-10.037668147454854,-0.26582471451203266,-0.25941266780004774,-0.2348996277578103
1.74,-0.008776179424478003,-0.008587982470235123,-0.007549373104454138,-0.006837891605359762,-0.010028800326645987,0.013931079034853303,0.002788813723359049,0.0027999875303706028,0.0028966460624211916,19.181950665421784,19.181950665421784,19.181950665421784,19.68516390085568,19.67456903156397,19.613716881744853,0.0,0.0,-250.0,-0.1586628447954044,0.1235091994741562,-251.77007903080906,0.0,0.0,-250.00000223057026,-12.93549034837917,-12.635291862328174,-9.76861701353014,-0.26704196438673844,-0.2624472436709747,-0.23163085878639725
1.75,-0.008828489228280889,-0.00867672175963985,-0.007427159665747363,-0.003908384990847775,-0.00787830989408728,0.010775186733821895,0.0027858471631286063,0.0027944019342707564,0.0029137496553612134,19.181950665421784,19.181950665421784,19.181950665421784,19.687992932271403,19.67952831410702,19.606897128397165,0.0,0.0,-250.0,-0.18937431767349003,0.1348261702445423,-251.77124971952028,0.0,0.0,-250.00000223057026,-12.967322779096387,-12.765371331675372,-9.575855611983398,-0.2671965344880424,-0.26448958239943193,-0.22977636758474926
1.76,-0.008851544936562816,-0.00874241407214299,-0.007337806823637771,-0.0010112444494925293,-0.005471945890258572,0.007416052587366135,0.002784432450737088,0.0027904712142807235,0.0029273437903264777,19.181950665421784,19.181950665421784,19.181950665421784,19.68914862609719,19.683153374212914,19.60197052052208,0.0,0.0,-250.0,-0.21167048135002778,0.14026272971960588,-251.7710446066873,0.0,0.0,-250.00000223057026,-12.94292524862254,-12.842287630723503,-9.462069222256028,-0.26641463013111993,-0.2655609641438541,-0.22931305726072235
1.77,-0.008846533701204196,-0.008783377311499696,-0.007282145498171411,0.0017005499466115574,-0.002967212559321312,0.004069881464971149,0.0027844102735479423,0.0027880420005181924,0.002936504043575169,19.181950665421784,19.181950665421784,19.181950665421784,19.688707611823492,19.68535678556281,19.598972368113483,0.0,0.0,-250.0,-0.22523132610932686,0.1401284107576424,-251.76949729123734,0.0,0.0,-250.00000223057026,-12.868823101279716,-12.867333068903037,-9.424901041435092,-0.2648512492506607,-0.2657301125774097,-0.2301355333206039
1.78,-0.0088160186491551,-0.008799424023407443,-0.007258950629012051,0.004102441648328167,-0.0005061714330320393,0.000931824637972884,0.0027856717928617727,0.0027869681626581672,0.0029408564056458584,19.181950665421784,19.181950665421784,19.181950665421784,19.686823711037345,19.686135842743525,19.597821455222856,0.0,0.0,-250.0,-0.23026163482346823,0.135013118200748,-251.7666955802049,0.0,0.0,-250.00000223057026,-12.753106074932555,-12.844192628861368,-9.457501587118333,-0.26267928291447107,-0.26510118154079715,-0.23206904309994578
1.79,-0.008763641156026458,-0.00879168029631483,-0.007265211463430565,0.006100509946474433,0.001789140112342427,-0.001834471468360397,0.0027881418435196283,0.002787131467648538,0.00294058836522543,19.181950665421784,19.181950665421784,19.181950665421784,19.68371076131316,19.685561932678148,19.598336109239597,0.0,0.0,-250.0,-0.22742135899175267,0.12572713179569145,-251.7627670855343,0.0,0.0,-250.00000223057026,-12.604910908410218,-12.778378664009583,-9.549353892049721,-0.2600802388856158,-0.2638030063761175,-0.2348866007919138
1.8,-0.008693809287061205,-0.00876236807239189,-0.007296490319400439,0.007632213687893957,0.003819659013474762,-0.004104338304454256,0.002791752103176299,0.002788442803805912,0.0029363571281217082,19.181950665421784,19.181950665421784,19.181950665421784,19.679624730241926,19.683767901340527,19.600255166472614,0.0,0.0,-250.0,-0.2177379956709384,0.11323463727722846,-251.7578678706366,0.0,0.0,-250.00000223057026,-12.43395288091093,-12.676723192691076,-9.687275105231343,-0.25723617242359864,-0.2619797863148814,-0.23832816783489977
1.81,-0.008611385841753527,-0.00871456558998468,-0.007347338252539859,0.008665880805908431,0.005510896868769204,-0.005796291623050929,0.002796411240199425,0.0027908305394127447,0.002929131099741941,19.181950665421784,19.181950665421784,19.181950665421784,19.674845877637722,19.680934243400987,19.603262010009495,0.0,0.0,-250.0,-0.20250788173823064,0.09858457697189399,-251.75217368476956,0.0,0.0,-250.00000223057026,-12.25008772613998,-12.546924118217504,-9.856519007541877,-0.25432245476556087,-0.25978304048362927,-0.24212055468622762
1.82,-0.008521387720057227,-0.008651958184933306,-0.007411734450719187,0.009199084279552452,0.006813411912579246,-0.0068729118191454604,0.0028019785261868607,0.002794221860821452,0.002920009566276134,19.181950665421784,19.181950665421784,19.181950665421784,19.66966162959587,19.67727480305831,19.607009776870456,0.0,0.0,-250.0,-0.18319316239070565,0.0828426483379798,-251.74587293204192,0.0,0.0,-250.00000223057026,-12.06289168000508,-12.397135302542237,-10.041908763646708,-0.2515011424326133,-0.25736460211662765,-0.24599682390730127
1.83,-0.008428707201734664,-0.008578589806871484,-0.0074835168552979114,0.009255998918296034,0.007702312727086566,-0.007338574253236687,0.0028082469389900657,0.002798522280256787,0.0029100612700921537,19.181950665421784,19.181950665421784,19.181950665421784,19.664350766008393,19.673022570568087,19.61114588383006,0.0,0.0,-250.0,-0.16132078399247887,0.06702816417517297,-251.73916041365734,0.0,0.0,-250.00000223057026,-11.881257298443938,-12.235591480922707,-10.228915056117877,-0.24891489495327163,-0.25487045737652997,-0.24971378503586014
1.84,-0.008337864883660617,-0.008498624290148415,-0.007556774711920289,0.00888382120705424,0.008175904485716659,-0.007234470705542558,0.0028149405269384557,0.0028035980592034486,0.0029002089686827803,19.181950665421784,19.181950665421784,19.181950665421784,19.659169475113575,19.668416086279993,19.61533422012214,0.0,0.0,-250.0,-0.13838915513647443,0.05205915097104885,-251.73223103372464,0.0,0.0,-250.00000223057026,-11.71301457722955,-12.0702630279936,-10.404583439502325,-0.24668159493749534,-0.2524353192697598,-0.2530660711143562
1.85,-0.008252803089152938,-0.008416124494721233,-0.0076261795787946896,0.008148359684040365,0.008253558414248411,-0.006631611840226782,0.002821728236286407,0.002809265734193723,0.0028911695507176094,19.181950665421784,19.181950665421784,19.181950665421784,19.65433977367411,19.663686912637097,19.619273702902266,0.0,0.0,-250.0,-0.1157870812493698,0.038708449298045816,-251.72527301944717,0.0,0.0,-250.00000223057026,-11.564597775644108,-11.908540157657827,-10.558227129547088,-0.24488999858132768,-0.25017791325862593,-0.2558956010184489
1.86,-0.00817672719343665,-0.008334856681733727,-0.007687239174323013,0.007128960959918584,0.007972878670758684,-0.0056226547439620035,0.0028282527324324973,0.002815291828696548,0.002883443728033905,19.181950665421784,19.181950665421784,19.181950665421784,19.650040709437565,19.659048591811164,19.622712349420166,0.0,0.0,-250.0,-0.09472827268405268,0.02757270838721461,-251.71846067301837,0.0,0.0,-250.00000223057026,-11.440784656000442,-11.756950586982231,-10.681840255156098,-0.24359682834624774,-0.2481970283034829,-0.2580959590382317
1.87,-0.0081120002550642,-0.00825812666639053,-0.0077364670587080075,0.005913010636664388,0.007386258925385666,-0.004313407935958595,0.002834168932465986,0.00282140397207543,0.0028773175513758208,19.181950665421784,19.181950665421784,19.181950665421784,19.646402640557596,19.654687458376433,19.62545651003434,0.0,0.0,-250.0,-0.0762033208787294,0.019055135228292802,-251.71194710428148,0.0,0.0,-250.00000223057026,-11.344527605007416,-11.62091234611337,-10.770331880944752,-0.24282547978648245,-0.24656825478797686,-0.25961495000249396
1.88,-0.008060093418121472,-0.00818865318281159,-0.00777145700519577,0.004590160287604647,0.006556955364883818,-0.0028118647411526435,0.002839263759450301,0.0028273122155827463,0.0028726114819372034,19.181950665421784,19.181950665421784,19.181950665421784,19.643504731332364,19.650755610945073,19.627374490928812,0.0,0.0,-250.0,-0.06095194547328459,0.013363115407942494,-251.70585661588663,0.0,0.0,-250.00000223057026,-11.27647321391066,-11.504490834986814,-10.822624209711542,-0.24255893937972403,-0.24534143030811917,-0.26046517580043077
1.89,-0.00802160382960354,-0.008128482372301848,-0.00779088143767509,0.003245481225396065,0.005554858396725682,-0.00122659470777962,0.0028433240634304123,0.0028327369161326487,0.0028699010309609562,19.181950665421784,19.181950665421784,19.181950665421784,19.641376349748008,19.647366255889455,19.628396456183197,0.0,0.0,-250.0,-0.049451139518051565,0.010519600615643455,-251.70028027539138,0.0,0.0,-250.00000223057026,-11.236189007895462,-11.410563954020011,-10.836396225449072,-0.24276673185256428,-0.2445440059705599,-0.26063962928774653
1.9,-0.00799630402060536,-0.008078944693293844,-0.007794480768795131,0.001958759831197719,0.004452324712891679,0.0003390161469244633,0.002846121177761873,0.002837440351335263,0.002869158454041753,19.181950665421784,19.181950665421784,19.181950665421784,19.639999941036663,19.644591478383806,19.628513391335773,0.0,0.0,-250.0,-0.04191209811628858,0.01037668822449713,-251.69527523634284,0.0,0.0,-250.00000223057026,-11.2219717032929,-11.340344473494705,-10.813766956332447,-0.24339466198240955,-0.24417369704494366,-0.2602066356514697
1.91,-0.007983227678843519,-0.008040659483804447,-0.0077829606820378205,0.0007982821662410679,0.003318400685815314,0.0017946690893329475,0.002847669369820076,0.002841394473851128,0.002870292192219258,19.181950665421784,19.181950665421784,19.181950665421784,19.63931630531623,19.642462838255515,19.627770815486244,0.0,0.0,-250.0,-0.038298201967999906,0.012640080054864734,-251.69086412096297,0.0,0.0,-250.00000223057026,-11.230226429584594,-11.293057365677706,-10.758749213848265,-0.2443613941175647,-0.24419904840920872,-0.25926076272765725
1.92,-0.007980804992638202,-0.008013581261415326,-0.00775784087523973,-0.00018244610661852657,0.002217820378103275,0.0030666694206892883,0.00284808512581294,0.0028443062185536296,0.0028731600259325387,19.181950665421784,19.181950665421784,19.181950665421784,19.639232524647134,19.640974048411145,19.626259920042976,0.0,0.0,-250.0,-0.038355133768723224,0.01690224721849352,-251.68703717441582,0.0,0.0,-250.00000223057026,-11.256270657437078,-11.268176778258306,-10.676615788835477,-0.24557201266435544,-0.24459041587534716,-0.25791301881402395
1.93,-0.007987020950523782,-0.0079970542138178,-0.007721275810625539,-0.0009464211370322004,0.0012076841723284353,0.004100202308224842,0.00284756319758728,0.002846167238263337,0.0028774936047656586,19.181950665421784,19.181950665421784,19.181950665421784,19.63963112442514,19.640084320363073,19.624107167432882,0.0,0.0,-250.0,-0.04164673908313113,0.022680619089635336,-251.68375493914152,0.0,0.0,-250.00000223057026,-11.294877978803056,-11.263107836275788,-10.573961932219234,-0.24692720938761253,-0.24528673672537674,-0.256293219648602
1.94,-0.007999584027825968,-0.007989911133675642,-0.007675843347620281,-0.001473628225073188,0.0003339582115093022,0.004863807709930847,0.0028463466606740047,0.002847050829362284,0.002882737131227487,19.181950665421784,19.181950665421784,19.181950665421784,19.64037975950658,19.63972421384706,19.62146193169451,0.0,0.0,-250.0,-0.047602507549035285,0.02945652761406547,-251.68095229497953,0.0,0.0,-250.00000223057026,-11.340572296673653,-11.274322831826455,-10.458752964313163,-0.24832908258627368,-0.24621503879181778,-0.2545408045875524
1.95,-0.008016093368478805,-0.007990593857498007,-0.0076243309401504145,-0.001760385276338307,-0.0003700390300687407,0.005343535276569864,0.002844696819452706,0.0028470962275954524,0.002888943334536643,19.181950665421784,19.181950665421784,19.181950665421784,19.64134074919824,19.63980261880158,19.61848463710773,0.0,0.0,-250.0,-0.05556669583717127,0.036711243249569016,-251.67854433879083,0.0,0.0,-250.00000223057026,-11.388243340460964,-11.297901810139878,-10.336286153265785,-0.24969044701297438,-0.24729916310297195,-0.25275082390773485
1.96,-0.008034193767727738,-0.00799728367032726,-0.007569578845428415,-0.0018176967741656159,-0.0008842154147063207,0.005541656747787372,0.002842867499892555,0.002846487583419304,0.0028958258934575374,19.181950665421784,19.181950665421784,19.181950665421784,19.64237985795267,19.640214255018044,19.615337791839906,0.0,0.0,-250.0,-0.06484124501114993,0.04395460699091974,-251.6764355412581,0.0,0.0,-250.00000223057026,-11.433173561839459,-11.329551496502102,-10.212900596985243,-0.2509352880405175,-0.24846077715283443,-0.2510293679939801
1.97,-0.008051709980281097,-0.008008032718846203,-0.007514315578169561,-0.0016688798840271408,-0.0012014288822019166,0.00547628939279051,0.0028410862757449334,0.002845431598584779,0.002903068305727772,19.181950665421784,19.181950665421784,19.181950665421784,19.64337385125187,19.640847181114992,19.61217660700545,0.0,0.0,-250.0,-0.07472979657126796,0.05075058797940952,-251.67452684067587,0.0,0.0,-250.00000223057026,-11.47136451341195,-11.364983916949926,-10.094356806217931,-0.25200341358416833,-0.2496255587238777,-0.24946800125594532
1.98,-0.00806675444593119,-0.008020888424034645,-0.007461013144529016,-0.0013467117009568301,-0.0013264599676378883,0.005178818846504486,0.0028395431727228143,0.002844137174267203,0.0029103395649152323,19.181950665421784,19.181950665421784,19.181950665421784,19.64421650244546,19.641589860125762,19.609140853152844,0.0,0.0,-250.0,-0.0845773242331168,0.05673698522510535,-251.6727217563687,0.0,0.0,-250.00000223057026,-11.49969416751513,-11.400173746670417,-9.985572973325413,-0.252852225709074,-0.2507272147308322,-0.24814009711943621
1.99,-0.008077805045610731,-0.008034004183208932,-0.0074117709445725155,-0.0008903512981663498,-0.0012743850948388838,0.004690822511390972,0.0028383859035642023,0.002842799267023623,0.00291731537658032,19.181950665421784,19.181950665421784,19.181950665421784,19.6448228709599,19.64233740617038,19.606348386911613,0.0,0.0,-250.0,-0.09380327734441743,0.061638645682230826,-251.67093137672646,0.0,0.0,-250.00000223057026,-11.51599625292079,-11.431569120111382,-9.89042420078644,-0.25345711706656715,-0.25171053269658644,-0.2470983725297068
2.0,-0.008083751931981353,-0.00804573133865949,-0.007368232286645293,-0.0003422671050120748,-0.001068529133963383,0.004060688062470467,0.0028377198786867256,0.0028415878518516687,0.0029237020614588105,19.181950665421784,19.181950665421784,19.181950665421784,19.645131810118595,19.64299673473329,19.60389056245601,0.0,0.0,-250.0,-0.10192695507323371,0.06527416642479315,-251.66907810611562,0.0,0.0,-250.00000223057026,-11.51906906198451,-11.45624648412873,-9.81161445813558,-0.25381068784688476,-0.2525333615243556,-0.24637374643852955
2.01,-0.008083914572251494,-0.008054689219989086,-0.007331535414271062,0.0002546399513387049,-0.0007381811257392951,0.003340137100462576,0.002837611077951296,0.002840641790687066,0.0029292594239086756,19.181950665421784,19.181950665421784,19.181950665421784,19.645106780411307,19.64349044411908,19.601829624605795,0.0,0.0,-250.0,-0.10858441061219841,0.06755642228484121,-251.66709818778327,0.0,0.0,-250.00000223057026,-11.508625270288116,-11.47200629705918,-9.750626375621698,-0.2539210349799426,-0.2531675258695201,-0.2459755443343903
2.02,-0.008078031790748563,-0.008059811856345134,-0.007302298831002307,0.0008595737833740819,-0.0003162457967184901,0.00258086419144459,0.002838090170993399,0.0028400666877251204,0.00293381890177743,19.181950665421784,19.181950665421784,19.181950665421784,19.644735135891203,19.64375935743682,19.600198059275804,0.0,0.0,-250.0,-0.11353676483156942,0.0684875663985007,-251.66494310843677,0.0,0.0,-250.00000223057026,-11.485196015454793,-11.47741189144955,-9.707748074846409,-0.2538093784306156,-0.2535987672167324,-0.24589296991613863
2.03,-0.00806622877919777,-0.008060371560116408,-0.007280638683882179,0.0014359434911318724,0.00016301990805577113,0.0018314849510443342,0.0028391568071931194,0.0028399355154262364,0.002937294203895561,19.181950665421784,19.181950665421784,19.181950665421784,19.64402611637827,19.643763745051746,19.598999762019194,0.0,0.0,-250.0,-0.11667034401014685,0.06814938395442911,-251.66258003606706,0.0,0.0,-250.00000223057026,-11.450002358170249,-11.471777936100324,-9.682170332359885,-0.25350727259363875,-0.25382586594456946,-0.2460976702643626
2.04,-0.008048965784218987,-0.008055980913227845,-0.00726621419227641,0.0019529707056234358,0.0006660662640420706,0.0011349552735489766,0.002840783565142905,0.0028402908418116357,0.0029396830964419094,19.181950665421784,19.181950665421784,19.181950665421784,19.643007818296635,19.643483321867155,19.59821278565449,0.0,0.0,-250.0,-0.11798950991921363,0.06669003874602046,-251.6599914549153,0.0,0.0,-250.00000223057026,-11.404806043574656,-11.45511739113754,-9.672142475923907,-0.25305361795686604,-0.25385912979145714,-0.24654714831575825
2.05,-0.008026973545014304,-0.008046575700123904,-0.007258295714265617,0.0023867826218732474,0.001161819363981654,0.0005265813646540408,0.0028429195230592072,0.002841147753234882,0.0029410606117147714,19.181950665421784,19.181950665421784,19.181950665421784,19.641723435849535,19.642916169994134,19.597793350542585,0.0,0.0,-250.0,-0.11760339870029045,0.06430834100504175,-251.65717415257458,0.0,0.0,-250.00000223057026,-11.351749875543135,-11.42805678927484,-9.675172025470337,-0.25249165122790995,-0.25371843939503774,-0.24718873278174958
2.06,-0.008001180608259217,-0.008032382028959673,-0.007255849109826407,0.002720997378134916,0.0016231026626052384,3.26917569060324e-05,0.0028454937173859112,0.0028424969175341814,0.00294156533006917,19.181950665421784,19.181950665421784,19.181950665421784,19.640227065765696,19.642076775590066,19.597680750422438,0.0,0.0,-250.0,-0.11570801674134326,0.06123668822046526,-251.65413769603327,0.0,0.0,-250.00000223057026,-11.293196475531266,-11.391729492302602,-9.68825126881129,-0.2518660585754609,-0.2534310288512515,-0.24796380005627874
2.07,-0.007972637454033815,-0.008013871292863628,-0.007257629623489026,0.002946830703204016,0.0020276822197011304,-0.0003300074658305095,0.0028484188779936232,0.0028443075680261174,0.002941381256847255,19.181950665421784,19.181950665421784,19.181950665421784,19.638579356535555,19.64099339063725,19.597802764559678,0.0,0.0,-250.0,-0.11256525706350641,0.05772379358512095,-251.65090251540687,0.0,0.0,-250.00000223057026,-11.231572933731906,-11.347655729088968,-9.708093548797745,-0.25122032950746376,-0.2530291569582432,-0.24881195107435305
2.08,-0.007942441975935799,-0.007991706787672859,-0.007262278561550539,0.003062770638008896,0.0023589290016455947,-0.0005544204899516906,0.00285159578109051,0.0028465304441055985,0.002940718079452645,19.181950665421784,19.181950665421784,19.181950665421784,19.636843259667028,19.63970493858972,19.598081192659485,0.0,0.0,-250.0,-0.10848040645107601,0.05401822515518837,-251.64749770190474,0.0,0.0,-250.00000223057026,-11.169227869674764,-11.297617114402605,-9.731362863038576,-0.25059444752867005,-0.252547799699039,-0.24967487458130488
2.09,-0.00791167030805029,-0.00796668576418108,-0.0072684165365407005,0.0030738816680867874,0.0026061100704469443,-0.0006424605276522905,0.0028549183860374127,0.0028491008687596105,0.002939792304911733,19.181950665421784,19.181950665421784,19.181950665421784,19.63508010813604,19.63825767958227,19.59843715984874,0.0,0.0,-250.0,-0.10377962499699017,0.05035363954810158,-251.64395862219072,0.0,0.0,-250.00000223057026,-11.108306560991753,-11.243532233469077,-9.754882313340072,-0.25002299528656785,-0.2520224706728676,-0.25049967382441585
2.1,-0.007881316663280846,-0.007939680489612022,-0.007274727919794499,0.0029906367161447087,0.0027643355284276915,-0.0006039602742701749,0.002858336171242545,0.0028519421738747728,0.002938811118003872,19.181950665421784,19.181950665421784,19.181950665421784,19.633346242500348,19.63670183839805,19.598795890597025,0.0,0.0,-250.0,-0.09878871296651076,0.04693652077921224,-251.6403244965595,0.0,0.0,-250.00000223057026,-11.050407461093112,-11.18735552962868,-9.775826516765212,-0.24952903095272125,-0.2514875831393467,-0.25124182115023136
2.11,-0.007852251215173744,-0.007911581546483082,-0.0072800322720601995,0.002826958176299106,0.002834202195786336,-0.00045521473380540924,0.0028617544830616447,0.002854969618417761,0.002937959984910644,19.181950665421784,19.181950665421784,19.181950665421784,19.63169069945001,19.635088377741003,19.59909071620671,0.0,0.0,-250.0,-0.09381425479969285,0.04393805251447291,-251.63663651236035,0.0,0.0,-250.00000223057026,-10.99700217193453,-11.130936610892824,-9.79182234816445,-0.2491345297125693,-0.2509739951678664,-0.25186621645791835
2.12,-0.007825181050100494,-0.007883246429712443,-0.007283339820241208,0.0026010240102886436,0.0028210345854052217,-0.0002172950228116584,0.002865010681388126,0.0028581443085951546,0.0029373942595701088,19.181950665421784,19.181950665421784,19.181950665421784,19.63015293258405,19.63346610211481,19.59926615592571,0.0,0.0,-250.0,-0.08912804017493627,0.04148698428052312,-251.63293522745508,0.0,0.0,-250.00000223057026,-10.949468688212345,-11.07571249588908,-9.801049343385419,-0.24885655169621412,-0.250503697720797,-0.2523486999555788
2.13,-0.007800618986956276,-0.007855461797992458,-0.007283889443465641,0.0023329386039064397,0.0027333090637034654,8.573532653659779e-05,0.0028680270764288402,0.002861394355747935,0.002937234457820556,19.181950665421784,19.181950665421784,19.181950665421784,19.62876116694323,19.631879576588698,19.599279990987853,0.0,0.0,-250.0,-0.08495623512201884,0.03966469446647744,-251.6292585131375,0.0,0.0,-250.00000223057026,-10.90841426917845,-11.023075909431487,-9.802301347271486,-0.24869915648284807,-0.2500988950025964,-0.25267617346924365
2.14,-0.007778873837601452,-0.007828906452201023,-0.007281168838007945,0.0020431446117904154,0.0025837019614860456,0.0004285818135950701,0.002870747884018093,0.002864568255904508,0.002937564541198566,19.181950665421784,19.181950665421784,19.181950665421784,19.627531927058616,19.630366947884383,19.599104319569925,0.0,0.0,-250.0,-0.08147095579014337,0.03850546525198507,-251.62563956319494,0.0,0.0,-250.00000223057026,-10.873973884226226,-10.97446771039559,-9.794957743946316,-0.24865848441998928,-0.24977939441740785,-0.25284589979398325
2.15,-0.007760054098524205,-0.007804117868466909,-0.007274917712103646,0.0017511604116769376,0.00238724102793339,0.0007863510792393822,0.0028731416296884508,0.0028675913810049455,0.0029384324483334116,19.181950665421784,19.181950665421784,19.181950665421784,19.62647031988683,19.628958141278325,19.598725647312303,0.0,0.0,-250.0,-0.07878533640507734,0.0379999142973917,-251.62210510838244,0.0,0.0,-250.00000223057026,-10.845891665142405,-10.930690729834255,-9.778995332580731,-0.24872433136288652,-0.24955419029578868,-0.2528650298351188
2.16,-0.00774408328336762,-0.0077814765549633624,-0.0072651157290242185,0.0014745047419709057,0.002160011134605762,0.0011359774511054152,0.002875201500438465,0.0028704043092493215,0.0029398521974885114,19.181950665421784,19.181950665421784,19.181950665421784,19.625570973683665,19.62767403394258,19.598144116172765,0.0,0.0,-250.0,-0.07695338857981443,0.03810022680369158,-251.6186745886398,0.0,0.0,-250.00000223057026,-10.823558647035311,-10.892192232837875,-9.754904846600827,-0.24888115386457607,-0.24942597065275696,-0.2527488101196941
2.17,-0.0077307247618715325,-0.007761201195241818,-0.007251957616863258,0.001227853796602797,0.0019181267406924627,0.001457381906383945,0.0028769437151970082,0.002872965665976555,0.002941807059500523,19.181950665421784,19.181950665421784,19.181950665421784,19.624819508024647,19.62652623509889,19.597372013586593,0.0,0.0,-250.0,-0.07597331784553533,0.038727154866636256,-251.61535984742713,0.0,0.0,-250.00000223057026,-10.80608677571613,-10.859074302782368,-9.723605190633496,-0.2491095708646282,-0.24939160128651938,-0.25251878966039554
2.18,-0.007719610583959868,-0.007743353549682863,-0.007235818340082856,0.0010232282891662254,0.001676805431054099,0.00173432668374476,0.0028782847587552366,0.0028752535388409124,0.002944253489847823,19.181950665421784,19.181950665421784,19.181950665421784,19.624194164485214,19.625517419216017,19.59643172979734,0.0,0.0,-250.0,-0.0757937191529366,0.0397774975663004,-251.61216503035274,0.0,0.0,-250.00000223057026,-10.792873794613655,-10.831089797235201,-9.686309637830876,-0.24939642579419408,-0.24944229605721613,-0.2522002689667042
2.19,-0.0077102721785171635,-0.007727851833486787,-0.007217211483246888,0.0008685419566535238,0.0014496155936673605,0.0019549505573446813,0.0028794155787971853,0.0028772366712193293,0.002947125658875085,19.181950665421784,19.181950665421784,19.181950665421784,19.62366767624784,19.62464213175105,19.595353344547807,0.0,0.0,-250.0,-0.07632196893742768,0.041132145999169686,-251.60908690932885,0.0,0.0,-250.00000223057026,-10.782100408871091,-10.807916788584023,-9.644518714224073,-0.24970735432354546,-0.2495694786444221,-0.25182213370319306
2.2,-0.007702189158454664,-0.007714485142982175,-0.007196743981240761,0.0007670720731324894,0.001249026842127199,0.0021119964419569854,0.0028803936678701916,0.002878844136406193,0.00295034050758498,19.181950665421784,19.181950665421784,19.181950665421784,19.62321005977521,19.62388758553564,19.594172022021322,0.0,0.0,-250.0,-0.07743309149420788,0.04266720505357504,-251.6061161024586,0.0,0.0,-250.00000223057026,-10.772543142521263,-10.789177904436972,-9.599785842425291,-0.25002162430439934,-0.24976120536043106,-0.2514128096894961
2.21,-0.007694827875377175,-0.00770293571389119,-0.00717507021873609,0.0007185860433928792,0.0010837251034227925,0.002202745093997813,0.002881280290869137,0.002880242943672285,0.0029538032613937596,19.181950665421784,19.181950665421784,19.181950665421784,19.62279077164822,19.623235101899763,19.59292538627487,0.0,0.0,-250.0,-0.07898035521953126,0.04426226354493284,-251.60323828201408,0.0,0.0,-250.00000223057026,-10.763104783769313,-10.773415692884678,-9.5537348719056,-0.2503207828770703,-0.24999127932290932,-0.2510003956152809
2.22,-0.007687674545504397,-0.007692819892905434,-0.00715284820520129,0.0007197349919271527,0.0009588739885363098,0.0022286968156309986,0.0028821363850024297,0.002881472930622176,0.0029574132791827593,19.181950665421784,19.181950665421784,19.181950665421784,19.622380582349944,19.622662419802133,19.591651029847124,0.0,0.0,-250.0,-0.08080778284597064,0.04580630603274895,-251.60043627209467,0.0,0.0,-250.00000223057026,-10.75276883611079,-10.759696060149727,-9.507861011868629,-0.250588741377221,-0.2502424297066023,-0.2506096126812941
2.23,-0.0076802635147383835,-0.0076837181474535,-0.007130700168989479,0.000764597949473277,0.000876787208719118,0.002195035783377932,0.002883018791119717,0.0028825805790329935,0.0029610700238976414,19.181950665421784,19.181950665421784,19.181950665421784,19.62195316390612,19.622145385143806,19.59038428772842,0.0,0.0,-250.0,-0.0827603537853424,0.04720329669201932,-251.59769135021216,0.0,0.0,-250.00000223057026,-10.740688130024871,-10.747073057579138,-9.463493673917641,-0.2508130375719346,-0.25049804057802594,-0.2502612761482707
2.24,-0.00767219953342152,-0.0076752027167136805,-0.007109179438390456,0.0008453187177666145,0.0008371051596363596,0.0021099339473069313,0.0028839772880588956,0.002883615408133729,0.002964678845644642,19.181950665421784,19.181950665421784,19.181950665421784,19.62148632926614,19.62165952408826,19.589156380407257,0.0,0.0,-250.0,-0.0846929417699671,0.04837633431670619,-251.59498442933918,0.0,0.0,-250.00000223057026,-10.726216703595396,-10.734644455499312,-9.42173576184129,-0.2509851790203996,-0.2507430377969329,-0.2499714829703255
2.25,-0.007663173378943011,-0.007666862734294899,-0.0070887447512980595,0.0009527870564633706,0.000837105452203691,0.0019838222290669448,0.0028850524811627138,0.0028846266310283645,0.0029681302673857024,19.181950665421784,19.181950665421784,19.181950665421784,19.620962888279756,19.621181464026634,19.58799298228654,0.0,0.0,-250.0,-0.08647774662935818,0.04927024277151631,-251.5922971020475,0.0,0.0,-250.00000223057026,-10.708919590175455,-10.721592414399641,-9.383514880637241,-0.251100584534708,-0.2509644626999748,-0.24975294386939115
2.26,-0.007652970642719137,-0.007658325664162913,-0.007069740338105646,0.0010773175218391398,0.0008721138356477486,0.0018287975061071064,0.0028862745159031556,0.002885660272599562,0.0029713571520529405,19.181950665421784,19.181950665421784,19.181950665421784,19.620371112405437,19.620690137756046,19.58691311914714,0.0,0.0,-250.0,-0.08801030345021642,0.049852815086693744,-251.5896123381264,0.0,0.0,-250.00000223057026,-10.688588267130076,-10.707234212622724,-9.349358223264657,-0.2511587093877945,-0.25115227207057567,-0.24961035985538615
2.27,-0.007641473925034503,-0.00764927423117906,-0.007052388351596162,0.0012092877703718528,0.0009359825947011394,0.0016570043078943826,0.0028876625383356244,0.0028867568657767965,0.0029743400698940053,19.181950665421784,19.181950665421784,19.181950665421784,19.619704824228254,19.620167725831248,19.585928824885645,0.0,0.0,-250.0,-0.08921283114048971,0.050114180310289316,-251.58691533504702,0.0,0.0,-250.00000223057026,-10.665227883792657,-10.691046483697425,-9.319405018954063,-0.2511625307699137,-0.25129949480880964,-0.2495426591622448
2.28,-0.007628659025947004,-0.007639458355779505,-0.007036791117931207,0.001339702778396986,0.0010216015709482958,0.0014802294004688152,0.0028892248048536335,0.002887949774574317,0.0029770507713153425,19.181950665421784,19.181950665421784,19.181950665421784,19.6189631474122,19.619600311025906,19.585045290898073,0.0,0.0,-250.0,-0.09003554728544093,0.050064840672884386,-251.5841942026569,0.0,0.0,-250.00000223057026,-10.639020299622771,-10.672664553708579,-9.293628619054427,-0.2511178273359622,-0.2514021382458963,-0.24954582494847324
2.29,-0.007614586033165671,-0.007628701967281826,-0.0070229378606595505,0.0014606582463053876,0.0011214067599315462,0.0013093015638959461,0.002890959336963245,0.002889264134620177,0.002979480832061403,19.181950665421784,19.181950665421784,19.181950665421784,19.618149970152295,19.61897823966988,19.584261286626816,0.0,0.0,-250.0,-0.09045651274021783,0.04973287983051405,-251.58144026674438,0.0,0.0,-250.00000223057026,-10.610300439905838,-10.65189231301385,-9.27176070176991,-0.2510326238826857,-0.251459183177597,-0.24961206112198397
2.3,-0.007599386401783315,-0.007616904875360597,-0.0070107173803355405,0.001565688501085499,0.0012278587750736017,0.0011535487694807158,0.0028928550221748676,0.002890716365208168,0.0029816404231502334,19.181950665421784,19.181950665421784,19.181950665421784,19.617273185657165,19.618296201715218,19.583569916352932,0.0,0.0,-250.0,-0.09047986735900009,0.049160417722645545,-251.57864816598968,0.0,0.0,-250.00000223057026,-10.579519808720331,-10.628694893838139,-9.253332597487725,-0.2509164725534933,-0.25147231650695095,-0.2497306528101039
2.31,-0.007583247228110268,-0.007604040135485934,-0.006999935369749577,0.0016499915064844494,0.0013338675204001421,0.0010204015801900577,0.002894893069799372,0.00289231418817347,0.0029835559118867195,19.181950665421784,19.181950665421784,19.181950665421784,19.61634377892378,19.617553055825322,19.58295963313392,0.0,0.0,-250.0,-0.09013273149754486,0.04839959995492162,-251.5758157624576,0.0,0.0,-250.00000223057026,-10.547207173934,-10.603183014476617,-9.237724304982025,-0.250779723463473,-0.251445539922931,-0.249888912028801
2.32,-0.007566393950427297,-0.007590147549812298,-0.006990334845792312,0.0017105313875758045,0.0014331451375047767,0.0009151514954513429,0.0028970487336968708,0.0028940570815152392,0.0029852665871160124,19.181950665421784,19.181950665421784,19.181950665421784,19.615374830374115,19.616751437235095,19.58241542241698,0.0,0.0,-250.0,-0.08946109956525247,0.04750840888630578,-251.5729438910151,0.0,0.0,-250.00000223057026,-10.513928978340374,-10.575590830757816,-9.224217461500274,-0.25063282758012323,-0.2513846909508921,-0.25007314294142824
2.33,-0.007549072666484191,-0.007575324091163349,-0.006981618148947377,0.0017460257946482506,0.001520475338239714,0.0008408626871777122,0.002899293212058735,0.002895937095045359,0.0029868208497920816,19.181950665421784,19.181950665421784,19.181950665421784,19.61438050406983,19.615897194157323,19.58192006672122,0.0,0.0,-250.0,-0.08852507577829125,0.04654656461502875,-251.57003597797228,0.0,0.0,-250.00000223057026,-10.48025176766907,-10.546249268687955,-9.212048656629339,-0.2504857082097847,-0.2512969131287594,-0.2502695663598569
2.34,-0.007531533151610148,-0.007559712123686502,-0.006973469028514145,0.0017568311922575984,0.001591893188629847,0.0007984264013907374,0.002901595628468097,0.002897939956812143,0.0029882722141252654,19.181950665421784,19.181950665421784,19.181950665421784,19.613375081827233,19.614998703094276,19.58145540714477,0.0,0.0,-250.0,-0.08739380284482441,0.04557175132733362,-251.56709756243185,0.0,0.0,-250.00000223057026,-10.446708578414421,-10.515556821556924,-9.20045982312234,-0.2503472298729805,-0.25119011043642775,-0.2504651517208225
2.35,-0.007514013504844541,-0.007543486322044879,-0.006965573482107523,0.0017447436077711335,0.0016447749790349264,0.0007867397156336631,0.0029039249920805857,0.0029000463995691754,0.002989675431674249,19.181950665421784,19.181950665421784,19.181950665421784,19.612372095343353,19.614066114718415,19.581003526496794,0.0,0.0,-250.0,-0.08614041414697444,0.044636361158774375,-251.56413575535225,0.0,0.0,-250.00000223057026,-10.413770817081726,-10.4839497012711,-9.188742955028442,-0.2502247850978027,-0.2510724178722454,-0.25064831579582136
2.36,-0.007496727157233762,-0.007526840166808657,-0.006957638233898167,0.0017127354172061008,0.0016778427749036956,0.0008029846810238103,0.0029062520317942363,0.002902233634957844,0.0029910829920953563,19.181950665421784,19.181950665421784,19.181950665421784,19.611383597204597,19.613110580319336,19.580547791538326,0.0,0.0,-250.0,-0.08483730258966247,0.04378489730525058,-251.56115867121858,0.0,0.0,-250.00000223057026,-10.381826708373284,-10.451873057610497,-9.176277043398226,-0.25012401109769156,-0.25095171563358876,-0.25080945989839715
2.37,-0.007479852760640615,-0.007509972824065569,-0.006949405997144831,0.0016646503533172645,0.0016910924240064247,0.0008429803096245524,0.0029085508032106466,0.0029044768998875694,0.0029925421827721455,19.181950665421784,19.181950665421784,19.181950665421784,19.610419599201318,19.61214350458886,19.58007370696725,0.0,0.0,-250.0,-0.08355194878837074,0.04305212421506375,-251.5581748654976,0.0,0.0,-250.00000223057026,-10.351166915394465,-10.419754739030608,-9.162555827034366,-0.25004863981767267,-0.2508352090757972,-0.25094133034933036
2.38,-0.0074635272513188244,-0.007493077110662938,-0.006940666951734842,0.0016048791242617606,0.0016856570827110879,0.0009015784004457268,0.0029107999800406245,0.002906750996555161,0.0029940928169731873,19.181950665421784,19.181950665421784,19.181950665421784,19.60948769352793,19.611175864225405,19.579569550193774,0.0,0.0,-250.0,-0.08234349209912833,0.04246199882396578,-251.55519280782562,0.0,0.0,-250.00000223057026,-10.32197746445372,-10.387982781507839,-9.147205674981166,-0.2500004768355839,-0.25072909081238876,-0.2510391995145978
2.39,-0.00744784216365818,-0.007476329112290514,-0.006931266156319782,0.0015380369295026738,0.0016636206441868729,0.0009730746913322449,0.002912983763438336,0.0029090317468654283,0.0029957656752482376,19.181950665421784,19.181950665421784,19.181950665421784,19.608592859979552,19.610217624022006,19.579026772465216,0.0,0.0,-250.0,-0.0812601645879545,0.04202736620443953,-251.55222041629483,0.0,0.0,-250.00000223057026,-10.294339665668996,-10.35688749378655,-9.129993598457155,-0.24997949749159856,-0.25063829526951237,-0.2511008760402142
2.4,-0.007432843068124195,-0.007459879869667951,-0.006921106877168903,0.001468661916514625,0.001627796777759905,0.0010516208104812566,0.0029150923716887425,0.0029112972857022095,0.002997561492838842,19.181950665421784,19.181950665421784,19.181950665421784,19.607737450852333,19.60927727332664,19.578440164309754,0.0,0.0,-250.0,-0.08033765281149244,0.04175036323201028,-251.54926466861278,0.0,0.0,-250.00000223057026,-10.268231497785038,-10.326723844677524,-9.110896046604587,-0.24998391805482797,-0.250566225436076,-0.2511283657306408
2.41,-0.007418531837424636,-0.007443849392354318,-0.006910145993904826,0.0014009493408574463,0.0015814883971097488,0.0011324812323217333,0.0029171221051356427,0.0029135291264961224,0.002999387745287266,19.181950665421784,19.181950665421784,19.181950665421784,19.606921335780836,19.60836149691511,19.57780752005218,0.0,0.0,-250.0,-0.07959911481061212,0.04162385452950028,-251.5463309562194,0.0,0.0,-250.00000223057026,-10.243525954562081,-10.297650881539086,-9.090280570538727,-0.2500104189791158,-0.2505146493934803,-0.2511280887837156
2.42,-0.007404871318707318,-0.0074283231178577935,-0.006898385877003366,0.0013385344204387977,0.001528243379478846,0.0012108983232321671,0.0029190750115248134,0.0029157129448516067,0.00300136070427812,19.181950665421784,19.181950665421784,19.181950665421784,19.606142181532782,19.60747498604667,19.57712925108925,0.0,0.0,-250.0,-0.07905569590818357,0.041633140522803425,-251.54342271621059,0.0,0.0,-250.00000223057026,-10.220077292519845,-10.269800158151634,-9.067866342773074,-0.250055410872356,-0.2504846745147685,-0.25109734913405907
2.43,-0.007391791835848871,-0.00741335072714594,-0.0068858765825765,0.0012843371774897184,0.0014716273212585875,0.0012823354159566972,0.002920958212139812,0.002917839052328978,0.0030034755401022557,19.181950665421784,19.181950665421784,19.181950665421784,19.605395833118166,19.606620383512208,19.57640848065508,0.0,0.0,-250.0,-0.07870613952059273,0.04175704455525554,-251.54054195336732,0.0,0.0,-250.00000223057026,-10.19765852276526,-10.243197676850436,-9.043872096512313,-0.2501141940196701,-0.2504756666117248,-0.25104119471084424
2.44,-0.007379198929209019,-0.00739894712469541,-0.00687270883541552,0.001240464345023801,0.0014150171024381933,0.0013430982227914442,0.0029227829683390076,0.002919902554832891,0.0030057437511233492,19.181950665421784,19.181950665421784,19.181950665421784,19.604676762528133,19.605798351458688,19.57565061458781,0.0,0.0,-250.0,-0.07853808273497684,0.04196980670489848,-251.53768934767913,0.0,0.0,-250.00000223057026,-10.176014228318115,-10.217803922902556,-9.018508890899804,-0.25018185279793975,-0.2504859618348025,-0.2509640499970815
2.45,-0.007366981748024748,-0.007385095311190248,-0.006859006891025088,0.0012081711184327858,0.0013614274093708258,0.001390153358020772,0.0029245635746391,0.002921903206632141,0.0030081569961614837,19.181950665421784,19.181950665421784,19.181950665421784,19.603978551437642,19.60500774570455,19.574862939697347,0.0,0.0,-250.0,-0.07852955737059457,0.04224287797982696,-251.53486457050343,0.0,0.0,-250.00000223057026,-10.154870209833568,-10.193514167698165,-8.992096490893896,-0.2502533622214682,-0.25051285684238817,-0.250872701203737
2.46,-0.007355021515961402,-0.0073717507790515,-0.006844917681689988,0.00118787762833375,0.001313375841188608,0.0014219224614870918,0.002926316171319103,0.0029238449950226234,0.003010660368438332,19.181950665421784,19.181950665421784,19.181950665421784,19.60329437501857,19.604245875090854,19.574053957149857,0.0,0.0,-250.0,-0.07865140265100588,0.04254698831869188,-251.53206637852276,0.0,0.0,-250.00000223057026,-10.133946326551513,-10.170165619250065,-8.965116228634896,-0.2503238996759544,-0.25055287044285,-0.250775498741138
2.47,-0.007343199567113545,-0.007358847033780314,-0.006830597300662822,0.001179233068337572,0.0012727896013775167,0.0014379719757720466,0.0029280575614146946,0.00292573550367881,0.0030132274126838405,19.181950665421784,19.181950665421784,19.181950665421784,19.60261745843399,19.603508822919114,19.573232629410278,0.0,0.0,-250.0,-0.07887006459228818,0.042854168885630844,-251.52929264345747,0.0,0.0,-250.00000223057026,-10.112989845590489,-10.147568737112913,-8.937937131254408,-0.25038932113147494,-0.2506022333093791,-0.2506787888236512
2.48,-0.007331404506752237,-0.0073463017998594005,-0.006816200723092858,0.0011812206646638918,0.0012409571648875394,0.0014388428005596616,0.002929804108723894,0.002927585116121522,0.0030158308283999916,19.181950665421784,19.181950665421784,19.181950665421784,19.601941480908167,19.60279180504248,19.572407799715045,0.0,0.0,-250.0,-0.07915004130835657,0.043139301964891075,-251.5265405764477,0.0,0.0,-250.00000223057026,-10.091781077093556,-10.125514306135278,-8.910903695458801,-0.2504462401372402,-0.25065703762916286,-0.25058820981774604
2.49,-0.007319538153229166,-0.007334023475279228,-0.00680187277410943,0.0011922916865607217,0.0012185221186883771,0.0014259144786260656,0.002931570778658533,0.0029294061266422347,0.0030184441315645877,19.181950665421784,19.181950665421784,19.181950665421784,19.60126090836367,19.602089539805434,19.571587682597478,0.0,0.0,-250.0,-0.07945617393517246,0.043381331205097864,-251.52380696669033,0.0,0.0,-250.00000223057026,-10.070143118721568,-10.103787643989683,-8.884318220527144,-0.25049215124899027,-0.2507134781572419,-0.2505084358440496
2.5,-0.0073075200330451895,-0.007321917434336689,-0.006787740658048158,0.0012105171639902983,0.0012055150274769243,0.0014012345021255168,0.002933370365379292,0.0029312118242595777,0.003021043130289798,19.181950665421784,19.181950665421784,19.181950665421784,19.600571242211124,19.601396607140984,19.570779445780857,0.0,0.0,-250.0,-0.07975567116479441,0.04356409846922591,-251.5210884160231,0.0,0.0,-250.00000223057026,-10.04794795534666,-10.082181630820603,-8.858427490521143,-0.25052548675881475,-0.2507680619538765,-0.2504430041989291
2.51,-0.007295290313572678,-0.007309891829493598,-0.0067739083224561125,0.001233746194502137,0.0012014174511269858,0.0013673264377755646,0.0029352129311318188,0.0029330156094897683,0.00302360714195787,19.181950665421784,19.181950665421784,19.181950665421784,19.59986917830729,19.600707777162096,19.56998889833155,0.0,0.0,-250.0,-0.08001977740157386,0.04367679649295591,-251.51838155616676,0.0,0.0,-250.00000223057026,-10.025118938160068,-10.060507923113871,-8.833414129303232,-0.2505456105048469,-0.2508177778424783,-0.25039422786416815
2.52,-0.007282811165139735,-0.007297862609191574,-0.00676045279391746,0.001259760531815808,0.0012052509825439502,0.001326990375564601,0.0029371054674895737,0.0029348301943712997,0.003026119898078569,19.181950665421784,19.181950665421784,19.181950665421784,19.599152676190503,19.600018292440748,19.56922029215393,0.0,0.0,-250.0,-0.08022502495118194,0.043714050828743564,-251.51568323799086,0.0,0.0,-250.00000223057026,-10.001629885276946,-10.038605887972755,-8.809392646144634,-0.25055275595448423,-0.2508602199347451,-0.2503631893203188
2.53,-0.007270066640233275,-0.007285757544158389,-0.0067474224923919635,0.0012864164974812436,0.0012156834706165862,0.0012831082461469932,0.002939051774093082,0.0029366669246893226,0.003028570105377196,19.181950665421784,19.181950665421784,19.181950665421784,19.598420944125753,19.59932409253901,19.568476236499393,0.0,0.0,-250.0,-0.08035404133912304,0.04367566543665405,-251.51299068511415,0.0,0.0,-250.00000223057026,-9.977501224151593,-10.01634897751381,-8.786409913356545,-0.25054791834423196,-0.25089366287237524,-0.2503498075144618
2.54,-0.0072570612378351496,-0.0072735191344436845,-0.006734837413610972,0.001311766999719088,0.0012311444253459238,0.0012384649577709544,0.0029410525388144674,0.0029385352510148182,0.0030309516556469296,19.181950665421784,19.181950665421784,19.181950665421784,19.597674349988434,19.598621973929834,19.567757718544225,0.0,0.0,-250.0,-0.08039591200618412,0.04356608287849264,-251.51030160717343,0.0,0.0,-250.00000223057026,-9.952793728587302,-9.993648443588235,-8.764449583732878,-0.25053271236007435,-0.25091708952363856,-0.2503529663796457
2.55,-0.0072438173822862995,-0.0072611063480658156,-0.006722690970645595,0.0013341584294732322,0.0012499419221622871,0.0011955942301683337,0.002943105594107596,0.0029404423630790847,0.0030332635005441266,19.181950665421784,19.181950665421784,19.181950665421784,19.596914271418033,19.59790968293023,19.56706421757242,0.0,0.0,-250.0,-0.08034612468125206,0.0433936218574779,-251.5076142710098,0.0,0.0,-250.00000223057026,-9.927600487476646,-9.970454459691744,-8.743439774308111,-0.2505092076608804,-0.250930174581058,-0.2503706908771869
2.56,-0.007230372086939385,-0.007248495215249395,-0.006710953209909942,0.0013522992860330975,0.0012703740569241053,0.0011566556196684636,0.002945206317510174,0.0029423929909055905,0.003035509228641248,19.181950665421784,19.181950665421784,19.181950665421784,19.596142900894836,19.597185943413574,19.56639389609141,0.0,0.0,-250.0,-0.08020614348401825,0.0431695616187804,-251.5049275306717,0.0,0.0,-250.00000223057026,-9.902037779360986,-9.946754861220983,-8.723263219682892,-0.2504797545397883,-0.25093322971277837,-0.2504003551785253
2.57,-0.007216773093012774,-0.007235678366118603,-0.00669957506574298,0.0013652994284288288,0.0012908290628030597,0.001123346708482072,0.002947348139685435,0.0029443893664776784,0.0030376963988948723,19.181950665421784,19.181950665421784,19.181950665421784,19.59536302243117,19.596450424665885,19.565743848424408,0.0,0.0,-250.0,-0.07998267743063717,0.04290714461867947,-251.50224081941667,0.0,0.0,-250.00000223057026,-9.876235519844213,-9.922571831139901,-8.703769034636927,-0.2504468112826485,-0.25092711755043856,-0.25043890729678525
2.58,-0.007203074774540297,-0.0072226636516664056,-0.006688493291795161,0.001372680737417204,0.0013098694871382468,0.0010968519350034558,0.0029495231209051313,0.0029464313317441393,0.0030398356960453623,19.181950665421784,19.181950665421784,19.181950665421784,19.594577776488947,19.595703657652948,19.565110385980496,0.0,0.0,-250.0,-0.07968671906608764,0.04262056627937684,-251.49955410871337,0.0,0.0,-250.00000223057026,-9.850327903210575,-9.897956942147914,-8.68478521983268,-0.25041278344347234,-0.2509131428219677,-0.25048309513471656
2.59,-0.007189334083208765,-0.007209472026125985,-0.006677635705660823,0.001374361611667438,0.0013262972407243941,0.0010778272170499838,0.002951722556411438,0.0029485165725067018,0.003041939978851875,19.181950665421784,19.181950665421784,19.181950665421784,19.593790428663503,19.59494691007851,19.56448933843324,0.0,0.0,-250.0,-0.07933243437002396,0.04232401419230453,-251.49686784057454,0.0,0.0,-250.00000223057026,-9.824444782113614,-9.87298501744677,-8.666131090735512,-0.250379883458122,-0.2508929293693121,-0.25052968040021584
2.6,-0.007175606775099375,-0.007196134892778594,-0.006666926403139539,0.0013706190409142457,0.001339197778501989,0.00106641748746041,0.0029539375726054633,0.0029506409531580005,0.0030440232916868325,19.181950665421784,19.181950665421784,19.181950665421784,19.593004155779212,19.594182031900843,19.56387635129546,0.0,0.0,-250.0,-0.07893598515739991,0.042030809603182014,-251.4941828403576,0.0,0.0,-250.00000223057026,-9.79870422773454,-9.847747291078493,-8.647628900373466,-0.2503500169110312,-0.2508682916725897,-0.25057562898060937
2.61,-0.007161944118307728,-0.007182691124857921,-0.0066562908057581915,0.0013620329860595626,0.0013479630963610686,0.0010622193942092081,0.002956159679417792,0.0029527989242830533,0.0030461356483230577,19.181950665421784,19.181950665421784,19.181950665421784,19.592221860520382,19.59341128344346,19.563267179351445,0.0,0.0,-250.0,-0.07851431699900994,0.04175266718953106,-251.4915002381982,0.0,0.0,-250.00000223057026,-9.773214456255952,-9.822352189837892,-8.629000085596353,-0.250324854082481,-0.2508412632991093,-0.2506160518520745
2.62,-0.007148390225431567,-0.007169183964511883,-0.00664566335367367,0.001349419289479074,0.0013522955690654574,0.001063996169473823,0.002958381249859518,0.0029549839742869233,0.0030482958191370172,19.181950665421784,19.181950665421784,19.181950665421784,19.59144602248664,19.592637157602024,19.562658138335525,0.0,0.0,-250.0,-0.07808351974634609,0.04149883539912538,-251.48882162480143,0.0,0.0,-250.00000223057026,-9.748053715304863,-9.796902584697342,-8.610103519033824,-0.2503054223908688,-0.25081362356615533,-0.2506495910194155
2.63,-0.007134980103538302,-0.0071556579877680715,-0.006634989934469648,0.0013337540618955479,0.0013521922273801393,0.0010707467376023616,0.0029605959048768374,0.002957189097260844,0.0030504736893877255,19.181950665421784,19.181950665421784,19.181950665421784,19.59067859084068,19.591862206969317,19.56204618452658,0.0,0.0,-250.0,-0.0776581699254471,0.04127591397760817,-251.48614880275068,0.0,0.0,-250.00000223057026,-9.723265852736802,-9.771487502883925,-8.590970351868458,-0.25029218857717145,-0.2507868965210525,-0.25067675646276716
2.64,-0.007121738485451556,-0.007142156328636073,-0.006624226767253216,0.0013160952724191705,0.0013479119379176075,0.0010813645172724963,0.0029627987843104673,0.002959407245457629,0.0030526787533182026,19.181950665421784,19.181950665421784,19.181950665421784,19.589920921819886,19.591088886737207,19.561428873738457,0.0,0.0,-250.0,-0.0772510283472755,0.04108796405122185,-251.48348346321794,0.0,0.0,-250.00000223057026,-9.698879291852103,-9.746196378464258,-8.571523268105407,-0.2502853130918677,-0.2507625120504549,-0.2506965842556945
2.65,-0.00710867942030502,-0.0071287182910932945,-0.00661334182904294,0.0012975092372557305,0.0013399320627636299,0.001094630182459856,0.002964986697907305,0.0029616317418470197,0.0030549182907224845,19.181950665421784,19.181950665421784,19.181950665421784,19.589173759453935,19.590319420411223,19.56080444142476,0.0,0.0,-250.0,-0.07687248178689365,0.040936531761876734,-251.4808270949674,0.0,0.0,-250.00000223057026,-9.6748984994815,-9.72110533111157,-8.551715149608782,-0.25028455068587663,-0.2507416099128412,-0.2507086530846185
2.66,-0.007095806538913618,-0.007115377441767545,-0.006602315510316814,0.0012790204253789916,0.0013288970476940218,0.0011092966900267734,0.0029671482434364327,0.0029638566334551173,0.0030571971490049848,19.181950665421784,19.181950665421784,19.181950665421784,19.58843725282746,19.5895556935098,19.560171835398318,0.0,0.0,-250.0,-0.0765301809991756,0.0408208109772708,-251.47818091453146,0.0,0.0,-250.00000223057026,-9.651342054394938,-9.696271653697124,-8.531526201618718,-0.2502900658224801,-0.2507249514913215,-0.2507129990735311
2.67,-0.007083112584434947,-0.007102160244893518,-0.006591140458912348,0.0012617759698972278,0.0013155623406701956,0.001124166482340169,0.002969269751617953,0.0029660769698373864,0.003059517691422893,19.181950665421784,19.181950665421784,19.181950665421784,19.58771092091049,19.588799178582786,19.55953070252429,0.0,0.0,-250.0,-0.07622888018553839,0.04073767038783684,-251.47554571304443,0.0,0.0,-250.00000223057026,-9.628216250013113,-9.67173410438848,-8.510963871255507,-0.2503013022576594,-0.25071298571712947,-0.2507101351213092
2.68,-0.007070580510785296,-0.007089084879104257,-0.0065798207127341635,0.0012465397155370585,0.0013008591957096858,0.0011381575096583614,0.002971377452457757,0.0029682613575167235,0.003061879896402828,19.181950665421784,19.181950665421784,19.181950665421784,19.586993745735178,19.588050861906225,19.558881335311455,0.0,0.0,-250.0,-0.07597038529024068,0.040682124398634924,-251.4729218145349,0.0,0.0,-250.00000223057026,-9.60536932316926,-9.647619511632794,-8.490062470841067,-0.25031562402801316,-0.2507077216521123,-0.2507009471650323
2.69,-0.007058187412322836,-0.007076159087587297,-0.006568370242020671,0.0012337948112039136,0.0012858071670623285,0.001150355947760824,0.002973474578832071,0.0029704285384681284,0.003064281588092973,19.181950665421784,19.181950665421784,19.181950665421784,19.58628438837789,19.58731113073163,19.558224585457083,0.0,0.0,-250.0,-0.0757534856283278,0.040648282346523755,-251.47030909657195,0.0,0.0,-250.00000223057026,-9.582744383790267,-9.62384617137936,-8.468882137943405,-0.2503319526618704,-0.2507071523615356,-0.2506867495614042
2.7,-0.007045906665898771,-0.007063382422998032,-0.006556811047412181,0.0012238217915125744,0.0012711069277238504,0.0011600538737772932,0.002975565153240764,0.0029725849488514066,0.003066718772497916,19.181950665421784,19.181950665421784,19.181950665421784,19.58558130852623,19.58657992001425,19.55756175280373,0.0,0.0,-250.0,-0.07557462542283713,0.04062965446952524,-251.4677071825959,0.0,0.0,-250.00000223057026,-9.560277441022267,-9.600372229249771,-8.447493146786991,-0.2503491175500092,-0.25071052636510477,-0.2506689309719563
2.71,-0.007033709937686872,-0.007050747956381553,-0.006545170971305914,0.0012167037917269585,0.0012573624570387807,0.001166770216813803,0.002977653661575981,0.0029747311262803616,0.0030691860504246113,19.181950665421784,19.181950665421784,19.181950665421784,19.58488287909788,19.58585679877429,19.55689445883773,0.0,0.0,-250.0,-0.0754284583043263,0.04061955698695307,-251.46511553406052,0.0,0.0,-250.00000223057026,-9.537903734178744,-9.57716928000023,-8.425972287521112,-0.25036600605631687,-0.25071718549506267,-0.25064893213339057
2.72,-0.007021569076438583,-0.007038243356446983,-0.0065334813911280265,0.0012123427942965957,0.0012450587618803594,0.0011702554171859512,0.0029797447306870364,0.00297686859586958,0.0030716770742411376,19.181950665421784,19.181950665421784,19.181950665421784,19.584187493726187,19.58514103343206,19.556224514343437,0.0,0.0,-250.0,-0.07530835701350969,0.04061153911028785,-251.46253349791928,0.0,0.0,-250.00000223057026,-9.515563331083474,-9.55419955338444,-8.404399138879876,-0.2503816416539002,-0.25072634984632153,-0.2506281705245808
2.73,-0.007009457791347207,-0.00702585217324897,-0.0065217749466809916,0.0012104851360684587,0.0012345462438036123,0.0011704816894622327,0.0029818428290232036,0.002978999683332516,0.0030741850169881705,19.181950665421784,19.181950665421784,19.181950665421784,19.583493661387983,19.58443166219787,19.55555378982409,0.0,0.0,-250.0,-0.07520694465943378,0.04059975057698334,-251.4599603553117,0.0,0.0,-250.00000223057026,-9.493204248800973,-9.531419104674837,-8.382850987431006,-0.2503952287281732,-0.25073717621760216,-0.25060795779049583
2.74,-0.006997353035712528,-0.0070135552255734535,-0.006510083434354719,0.0012107537327694206,0.0012260345757150778,0.001167621012738901,0.0029839520064693396,0.00298112729864744,0.0030767030249345424,19.181950665421784,19.181950665421784,19.181950665421784,19.58280008380531,19.583727574861328,19.554884096172422,0.0,0.0,-250.0,-0.0751166133159896,0.040579233827556085,-251.4573953683112,0.0,0.0,-250.00000223057026,-9.470784757262058,-9.508781029671148,-8.361398428311233,-0.2504061815925706,-0.2507488140920406,-0.2505894323589974
2.75,-0.00698523604393253,-0.007001332000073357,-0.00649843597677896,0.001212684341403416,0.0012195954422610095,0.0011620134813786398,0.002986075685383758,0.0029832547060081715,0.0030792246282531823,19.181950665421784,19.181950665421784,19.181950665421784,19.5821057127683,19.58302759275119,19.554217081659047,0.0,0.0,-250.0,-0.07503000053819442,0.040546130991013264,-251.45483782224548,0.0,0.0,-250.00000223057026,-9.448274812677344,-9.48623851370535,-8.340101838294265,-0.2504141376344443,-0.25076045614473147,-0.2505735096647381
2.76,-0.006973092996056585,-0.006989161979212566,-0.0064868575483572055,0.0012157632224142425,0.0012151730485715324,0.0011541289459651985,0.0029882165104570223,0.002985385295065603,0.003081744089242908,19.181950665421784,19.181950665421784,19.181950665421784,19.5814097860533,19.582330544178546,19.553554149678487,0.0,0.0,-250.0,-0.07494040003156688,0.04049780207023805,-251.4522870616476,0.0,0.0,-250.00000223057026,-9.425656626342352,-9.463747553725279,-8.31900883926114,-0.2504189554843735,-0.2507713808985841,-0.2505608510794463
2.77,-0.006960915309545734,-0.006977025827991923,-0.006475367907166574,0.0012194637608542948,0.0012126009633632332,0.0011445249632412282,0.00299037626064537,0.002987522366895829,0.0030842566730942744,19.181950665421784,19.181950665421784,19.181950665421784,19.58071184205427,19.58163533143501,19.552896399972596,0.0,0.0,-250.0,-0.07484208916722557,0.0404328565059941,-251.44974251849092,0.0,0.0,-250.00000223057026,-9.402924426509628,-9.441269228514818,-8.298152798107266,-0.2504206999188257,-0.25078098585803,-0.2505518514083522
2.78,-0.006948699580599349,-0.00696490638507552,-0.006463980953933801,0.0012232799306035756,0.0012116236430567285,0.0011338039722876099,0.002992555822351738,0.002989668945903884,0.003086758832211967,19.181950665421784,19.181950665421784,19.181950665421784,19.580011714527544,19.580940986325437,19.55224459435199,0.0,0.0,-250.0,-0.07473056282354779,0.040351105343644465,-251.4472037319671,0.0,0.0,-250.00000223057026,-9.380083513982974,-9.418771431662885,-8.277552342072475,-0.25041961583106687,-0.25078881018245885,-0.2505466437145979
2.79,-0.006936447216329356,-0.0069527894211151575,-0.006452704510961915,0.001226754904405772,0.0012119208839206797,0.0011225723486804069,0.002994755219435182,0.002991827626203208,0.003089248301167531,19.181950665421784,19.181950665421784,19.181950665421784,19.579309509909876,19.580246712204513,19.551599146357194,0.0,0.0,-250.0,-0.07460266972719821,0.040253445298191456,-251.44467035964732,0.0,0.0,-250.00000223057026,-9.357148744333415,-9.396230022336788,-8.257211809874827,-0.2504160940212126,-0.2507945466723938,-0.25054511932746454
2.8,-0.00692416381343991,-0.006940664144614306,-0.006441540489451503,0.001229503589572124,0.0012131334626533045,0.0011114035922956903,0.0029969736926741437,0.0029940004581180298,0.0030917241050796573,19.181950665421784,19.181950665421784,19.181950665421784,19.578605570465733,19.57955191148999,19.55096013292487,0.0,0.0,-250.0,-0.07445665366223779,0.040141688967267435,-251.4421421803891,0.0,0.0,-250.00000223057026,-9.33414259032815,-9.373629387752038,-8.23712251147398,-0.25041063176003825,-0.25079804349124635,-0.2505469602098023
2.81,-0.006911856185244314,-0.006928523453921864,-0.006430485395234442,0.0012318605360923565,0.0012148877937060453,0.0011008068227743866,0.0029990696276750856,0.002996188877447261,0.0030941864891556817,19.181950665421784,19.181950665421784,19.181950665421784,19.577900258329027,19.57885619870784,19.550327325145147,0.0,0.0,-250.0,-0.07429210725030475,0.040017849480940566,-251.43961888089495,0.0,0.0,-250.00000223057026,-9.311562664916902,-9.35093009999123,-8.217232268742038,-0.2504122452957758,-0.25079870200744486,-0.25055108550240873
2.82,-0.006899523266351404,-0.006916363501200895,-0.006419531128466882,0.0012344692662460508,0.0012170336252202286,0.0010911996020858037,0.003001160279425325,0.0029983128127611565,0.003096636777306965,19.181950665421784,19.181950665421784,19.181950665421784,19.577193484530948,19.57815935653405,19.549700235589096,0.0,0.0,-250.0,-0.07410973407235782,0.03988271909064471,-251.43709947590983,0.0,0.0,-250.00000223057026,-9.288964140296681,-9.328440613915992,-8.197525179255246,-0.2504117430158765,-0.25080258893630086,-0.25055715503924975
2.83,-0.00688716478346707,-0.006904175601739115,-0.006408665991148921,0.0012369257411198728,0.0012203933998833837,0.0010828929273155718,0.003003268343283921,0.0030003739162699043,0.003099077174261603,19.181950665421784,19.181950665421784,19.181950665421784,19.576485256910082,19.577460842636075,19.549078176829244,0.0,0.0,-250.0,-0.07390991193984783,0.03973817042087466,-251.43458244883533,0.0,0.0,-250.00000223057026,-9.266282396782515,-9.30612760526569,-8.177977144484801,-0.2504089857635955,-0.2508074120215516,-0.25056472083200804
2.84,-0.00687478426708682,-0.006891949083559112,-0.0063978757874356695,0.0012388567895867258,0.0012245821806050646,0.0010760868460324394,0.0030054089816542095,0.0030024540491164183,0.0031015105364296316,19.181950665421784,19.181950665421784,19.181950665421784,19.575775799878656,19.57676007174613,19.548460324666994,0.0,0.0,-250.0,-0.07369326297097024,0.03958699745384076,-251.43206632857923,0.0,0.0,-250.00000223057026,-9.243502365841548,-9.283703531978784,-8.158576301581924,-0.25040355534408176,-0.25080917647609485,-0.2505734911894656
2.85,-0.006862390379228145,-0.006879678680635215,-0.006387144913898857,0.0012396195216203504,0.0012290551014284945,0.0010708743685407822,0.003007601852660225,0.0030045544112849995,0.0031039401352687167,19.181950665421784,19.181950665421784,19.181950665421784,19.575065646544818,19.576056773164744,19.547845780357473,0.0,0.0,-250.0,-0.07346142268806877,0.0394325614934924,-251.42955032440966,0.0,0.0,-250.00000223057026,-9.220588029679893,-9.261174866063653,-8.139289923563679,-0.2503954980012169,-0.25080812586793694,-0.25058285667098434
2.86,-0.006849996517341583,-0.006867365113965518,-0.006376457395580348,0.0012389817054053683,0.001233096611284131,0.0010672481729206659,0.0030098085056647957,0.003006721947549077,0.003106369425579878,19.181950665421784,19.181950665421784,19.181950665421784,19.574355575261574,19.575351031645912,19.547233629568563,0.0,0.0,-250.0,-0.07321699293268895,0.03927845023563835,-251.42703437118598,0.0,0.0,-250.00000223057026,-9.197710519998912,-9.238390127238137,-8.120083017718295,-0.25038755571444027,-0.2508017121839503,-0.250592263196822
2.87,-0.006837616827308712,-0.006855016971243411,-0.006365797834352427,0.0012369323220765961,0.0012360324353168765,0.0010651112912545375,0.0030120264265555714,0.0030089140124930046,0.003108801826439942,19.181950665421784,19.181950665421784,19.181950665421784,19.573646396609455,19.57464337418337,19.546622996080917,0.0,0.0,-250.0,-0.07296362798718142,0.039127625989070026,-251.4245190394934,0.0,0.0,-250.00000223057026,-9.174890199407919,-9.215526607539351,-8.100910609016012,-0.25038004479458853,-0.25079358356210435,-0.25060095278522676
2.88,-0.0068252650601488,-0.006842646751347825,-0.00635515223180616,0.0012335500385022753,0.0012376150332926636,0.0010642908804623181,0.003014253083267039,0.003011123709803775,0.0031112405244370332,19.181950665421784,19.181950665421784,19.181950665421784,19.572938893488836,19.573934530417763,19.546013088130774,0.0,0.0,-250.0,-0.07270528986922781,0.03898253610093829,-251.42200522178368,0.0,0.0,-250.00000223057026,-9.152153130775902,-9.192633241278237,-8.081741411324012,-0.2503733976966499,-0.2507844139339602,-0.2506084684418016
2.89,-0.006812953757495355,-0.006830268855485211,-0.006344508654433367,0.0012289879013691201,0.0012377025842839208,0.0010645557872300238,0.0030164860799356133,0.0030133485814334915,0.0031136883071766876,19.181950665421784,19.181950665421784,19.181950665421784,19.572233775341076,19.573225332987302,19.545403235495645,0.0,0.0,-250.0,-0.07244589223446153,0.03884506938886377,-251.41949399808092,0.0,0.0,-250.00000223057026,-9.129521832828964,-9.169743754353453,-8.062551169400741,-0.25036794918288807,-0.25077481601493146,-0.25061447367279294
2.9,-0.0068006936034130105,-0.006817898521091492,-0.006333857709522772,0.001223455623399124,0.0012362580692719413,0.0010656361686692884,0.003018723286983164,0.003015585923676431,0.0031161474360201008,19.181950665421784,19.181950665421784,19.181950665421784,19.571531642037453,19.57251665647813,19.54479291563239,0.0,0.0,-250.0,-0.0721890733293987,0.03871650007285043,-251.41698654794675,0.0,0.0,-250.00000223057026,-9.107013257531065,-9.146891252044416,-8.043322311199221,-0.25036392325862994,-0.2507653604874447,-0.25061875630593894
2.91,-0.006788492962692905,-0.006805550821324613,-0.006323192822567658,0.0012172003806716,0.001233339857479178,0.0010672433402571892,0.003020962941839919,0.0030178329668923065,0.003118619562080144,19.181950665421784,19.181950665421784,19.181950665421784,19.570832958529866,19.571809360668055,19.544181768436918,0.0,0.0,-250.0,-0.07193800976459001,0.03859747471999534,-251.41448406698555,0.0,0.0,-250.00000223057026,-9.084638356841564,-9.124106339907973,-8.024044274376699,-0.2503614316910034,-0.25075654721094365,-0.25062122797267833
2.92,-0.006776357613047679,-0.006793239784734562,-0.006312510320558795,0.0012104874617465395,0.0012290877475735504,0.0010690886638697527,0.0030232037170314675,0.0030200870413956502,0.0031211056861615884,19.181950665421784,19.181950665421784,19.181950665421784,19.570138040612377,19.571104240909147,19.54356959994317,0.0,0.0,-250.0,-0.07169527768835308,0.03848803849287747,-251.4119876922458,0.0,0.0,-250.00000223057026,-9.062402064471716,-9.10141559603983,-8.004713385282091,-0.25036047955246366,-0.25074878371529263,-0.25062191634204345
2.93,-0.006764290665951023,-0.006780977673405741,-0.006301809336481223,0.0012035819675216954,0.0012237057783465544,0.0010709004665984678,0.0030254447546844004,0.0030223457211656073,0.003123606160694503,19.181950665421784,19.181950665421784,19.181950665421784,19.569447051424774,19.570401987767433,19.542956375895802,0.0,0.0,-250.0,-0.07146276444156988,0.03838769500087128,-251.40949843984777,0.0,0.0,-250.00000223057026,-9.040303648224082,-9.078840445771611,-7.985332344594227,-0.25036097667963014,-0.25074237144113803,-0.25062095132505624
2.94,-0.006752292659922388,-0.006768774444399883,-0.006291091559237794,0.001196732563705077,0.0012174431684814188,0.0010724382020105203,0.0030276856686723324,0.00302460693911053,0.0031261207294517113,19.181950665421784,19.181950665421784,19.181950665421784,19.568760007713905,19.56970315726438,19.54234220662824,0.0,0.0,-250.0,-0.07124163046424074,0.03829549261950391,-251.40701715706365,0.0,0.0,-250.00000223057026,-9.018337370708663,-9.056396460846024,-7.965909391313508,-0.2503627536982003,-0.25073749968862397,-0.2506185466966806
2.95,-0.006740361802346051,-0.006756637406985733,-0.00628035919838027,0.0011901576365807957,0.001210574257206244,0.0010740048391157796,0.003029926517449737,0.00302686906981944,0.0031285108632955107,19.181950665421784,19.181950665421784,19.181950665421784,19.56807679447408,19.569008152397263,19.541727194061927,0.0,0.0,-250.0,-0.07103265952144971,0.038210326280878566,-251.40454432756238,0.0,0.0,-250.00000223057026,-8.9964667597766,-9.034066484389626,-7.946843650090018,-0.2503650902101713,-0.2507337564590332,-0.25062196082684196
2.96,-0.0067284943437237454,-0.00674457109226867,-0.0062696074057023155,0.0011840329717729657,0.0012033767248631339,0.0010762104628274148,0.003032167749784199,0.0030291309753530497,0.0031308868145491836,19.181950665421784,19.181950665421784,19.181950665421784,19.567397187065737,19.568317216904394,19.54111103275974,0.0,0.0,-250.0,-0.07083728106938435,0.038131612987466805,-251.40207959571148,0.0,0.0,-250.00000223057026,-8.97470374804861,-9.011878793029169,-7.927791915407421,-0.25036822299377787,-0.25073162292348183,-0.25062398997407037
2.97,-0.0067166850285387825,-0.006732577306713006,-0.00625883164100266,0.0011784885182353636,0.001196117020608715,0.0010787134421331541,0.0030344101305708124,0.0030313920149062307,0.003133277802705149,19.181950665421784,19.181950665421784,19.181950665421784,19.56672087719024,19.56763043912528,19.540493482863486,0.0,0.0,-250.0,-0.07065634909894443,0.03805865325765673,-251.3996223908656,0.0,0.0,-250.00000223057026,-8.953040533867455,-8.989838374079923,-7.908671673565977,-0.25037194125416495,-0.2507310624707579,-0.2506239669563971
2.98,-0.006704927560280793,-0.006720655313466883,-0.006248030748109312,0.0011736070051097853,0.0011890376203492294,0.0010811878447656062,0.003036654660434174,0.003033652029238841,0.003135684271035416,19.181950665421784,19.181950665421784,19.181950665421784,19.566047499617287,19.566947763124823,19.53987449662749,0.0,0.0,-250.0,-0.0704898417392281,0.037990504592923795,-251.3971721314298,0.0,0.0,-250.00000223057026,-8.931462388562492,-8.967939337491643,-7.889489274697396,-0.25037597431412306,-0.2507319050201231,-0.2506220992682027
2.99,-0.006693215075779246,-0.006708802137334935,-0.006237206634437664,0.0011694240066931416,0.0011823456370658582,0.001083345600130799,0.0030389024901190543,0.0030359112998466125,0.0031381059670537084,19.181950665421784,19.181950665421784,19.181950665421784,19.56537665934146,19.566269006801562,19.539254199581787,0.0,0.0,-250.0,-0.07033695749644904,0.0379260642327356,-251.39472825759776,0.0,0.0,-250.00000223057026,-8.909954308932397,-8.946171448306226,-7.870256927643521,-0.25038006110563255,-0.2507339179941185,-0.2506186815208312
3.0,-0.006681540603051095,-0.006697012965849181,-0.00622636381722752,0.0011659308227857205,0.0011762046991789475,0.0010849495129998793,0.003041154834169334,0.0030381704866247064,0.0031405420250341168,19.181950665421784,19.181950665421784,19.181950665421784,19.564707957635207,19.565593885313458,19.538632863812644,0.0,0.0,-250.0,-0.07019624585382345,0.03786415244067862,-251.39229025952812,0.0,0.0,-250.00000223057026,-8.88850193714329,-8.924521176680752,-7.850991332835195,-0.25038396479011515,-0.25073682645437845,-0.2506140685026626
3.01,-0.006669897477040498,-0.006685281612974436,-0.006215508863892771,0.0011630796998527155,0.001170730209120509,0.0010858218422169082,0.0030434128891593205,0.003040430549750681,0.003142991076566892,19.181950665421784,19.181950665421784,19.181950665421784,19.564041015558118,19.564922037898633,19.538010875431226,0.0,0.0,-250.0,-0.07006576183317878,0.03780359176915745,-251.38985769935985,0.0,0.0,-250.00000223057026,-8.867092344743885,-8.902972825240628,-7.831712196861029,-0.25038748438369546,-0.2507403335189908,-0.2506086475904293
3.02,-0.00665827972541666,-0.006673601011977781,-0.006204649771219983,0.0011607654047590594,0.0011659878940382042,0.001085848419487013,0.0030456987416660544,0.003042692661875579,0.0031454513797864424,19.181950665421784,19.181950665421784,19.181950665421784,19.56337549860328,19.564253056179044,19.53738869879274,0.0,0.0,-250.0,-0.06994323286821501,0.03774329239316901,-251.38743023244322,0.0,0.0,-250.00000223057026,-8.845647093199467,-8.881514312076892,-7.812445384957511,-0.25038898345317157,-0.25074424224108693,-0.2506029146846994
3.03,-0.006646685148612774,-0.006661963703033014,-0.006193795323733264,0.0011583387206172827,0.0011619961662575166,0.0010849794358698793,0.003048055247356773,0.0030449581169757507,0.0031479209581160234,19.181950665421784,19.181950665421784,19.181950665421784,19.56271131919342,19.563586511937817,19.53676683970043,0.0,0.0,-250.0,-0.06982622697537523,0.03768287448948737,-251.3850078472095,0.0,0.0,-250.00000223057026,-8.824039599810867,-8.860137055186717,-7.793220296426215,-0.2503872220941527,-0.2507483565606085,-0.2505973333054845
3.04,-0.006635116599365498,-0.006650363579448371,-0.006182954460072221,0.0011555953095770094,0.0011583760731163474,0.001083226688666518,0.003050418460637698,0.003047306594986309,0.00315039774221941,19.181950665421784,19.181950665421784,19.181950665421784,19.562048649063055,19.562922081634046,19.53614580929413,0.0,0.0,-250.0,-0.06971257099325989,0.03762257253684533,-251.38259099008684,0.0,0.0,-250.00000223057026,-8.80250395505531,-8.838565966275958,-7.77405832570036,-0.25038588863811584,-0.2507478300684081,-0.25059230934857124
3.05,-0.006623577083898435,-0.006638799956345864,-0.006172135697710246,0.0011525670736392461,0.0011547132232417369,0.001080655632605428,0.0030527876768173265,0.0030496653440206566,0.0031528797042815098,19.181950665421784,19.181950665421784,19.181950665421784,19.56138765853146,19.562259744740917,19.535526091566066,0.0,0.0,-250.0,-0.06960095153086081,0.037562202074067234,-251.3801804477813,0.0,0.0,-250.00000223057026,-8.781028101610852,-8.817045661956442,-7.754958631872231,-0.2503847212455674,-0.2507476147109112,-0.2505877619942949
3.06,-0.006612069205974458,-0.0066272729130334995,-0.006161346659383449,0.0011493001797192436,0.0011510670211744556,0.0010773735139869949,0.003055162256552592,0.0030520284434219563,0.003155364973762737,19.181950665421784,19.181950665421784,19.181950665421784,19.56072849407387,19.561599502466034,19.53490811692044,0.0,0.0,-250.0,-0.06949025132790294,0.03750155482413603,-251.37777693782957,0.0,0.0,-250.00000223057026,-8.759614708018493,-8.79559278447065,-7.735933389358944,-0.25038377743961737,-0.2507476239761406,-0.2505838900633205
3.07,-0.006600595053292468,-0.0066157820112255905,-0.0061505937201791205,0.0011458500220019015,0.0011474857372384233,0.0010735177393719592,0.003057541653211043,0.0030543958572406965,0.0031578519278757794,19.181950665421784,19.181950665421784,19.181950665421784,19.560071272093822,19.56094132697628,19.534292242613056,0.0,0.0,-250.0,-0.06937946794928397,0.037440485689267486,-251.37538101362614,0.0,0.0,-250.00000223057026,-8.738266707608172,-8.774204634608603,-7.716992953603687,-0.25038309226847233,-0.25074780026196924,-0.25058082850930946
3.08,-0.006589156129382545,-0.0066043263761040305,-0.006139881768565558,0.0011422768473208311,0.001144008956915737,0.0010692444636738263,0.0030599254312443118,0.003056767644353086,0.003160339257533169,19.181950665421784,19.181950665421784,19.181950665421784,19.559416075270875,19.560285165935507,19.53367873971395,0.0,0.0,-250.0,-0.06926775953078834,0.037378914540373724,-251.37299304933487,0.0,0.0,-250.00000223057026,-8.716985963363152,-8.752878101781242,-7.6981443141801345,-0.25038268131802743,-0.2507480816912157,-0.2505786499877522
3.09,-0.006577753328005587,-0.00659290479217961,-0.0061292140810202955,0.001138641643754966,0.0011406660686207996,0.0010647173778673908,0.003062313276000278,0.003059143941310606,0.003162826008080998,19.181950665421784,19.181950665421784,19.181950665421784,19.558762951327147,19.559630948078823,19.533067786563233,0.0,0.0,-250.0,-0.06915447632010802,0.037316823961747424,-251.37061323714846,0.0,0.0,-250.00000223057026,-8.695773287761762,-8.731609901570549,-7.6793910600061075,-0.2503825422740953,-0.2507484065533675,-0.2505773676432388
3.1,-0.006566386946216807,-0.006581515809676752,-0.0061185923046762625,0.0011350025014345113,0.0011374755832313313,0.0010600973287209637,0.003064704995397162,0.0030615249421077446,0.0031653115951007383,19.181950665421784,19.181950665421784,19.181950665421784,19.558111913981087,19.55897858934232,19.5324594683651,0.0,0.0,-250.0,-0.06903917768559276,0.03725425351295494,-251.36824159557133,0.0,0.0,-250.00000223057026,-8.674628520696285,-8.710396798221142,-7.660733546323842,-0.2503826573204906,-0.2507487172421477,-0.25057694104247036
3.11,-0.006555056730489561,-0.006570157853386327,-0.0061080165367614625,0.0011314115978344299,0.0011344452299848421,0.001055533279619585,0.003067100514308296,0.003063910876503614,0.00316779579698953,19.181950665421784,19.181950665421784,19.181950665421784,19.557462945758946,19.558327999090235,19.531853782248263,0.0,0.0,-250.0,-0.06892163514933354,0.037191291213659994,-251.36587798691406,0.0,0.0,-250.00000223057026,-8.653550653609914,-8.689235799474758,-7.642169230933452,-0.2503829961280216,-0.25074896349426673,-0.2505772845526636
3.12,-0.006543761949076687,-0.006558829326734739,-0.006097485485250742,0.0011279129043082435,0.0011315727306118125,0.0010511549856770652,0.0030694998628330366,0.003066301988445018,0.003170278727208635,19.181950665421784,19.181950665421784,19.181950665421784,19.5568160022679,19.55767908602978,19.53125064687963,0.0,0.0,-250.0,-0.0688018227553081,0.03712806305109297,-251.36352214186653,0.0,0.0,-250.00000223057026,-8.63253798682222,-8.668124314327127,-7.623693141000445,-0.2503835191862886,-0.2507491048009785,-0.2505782774020638
3.13,-0.006532501483118791,-0.006547528704976546,-0.006086996692198976,0.0011245406564426518,0.0011288471220969258,0.001047067614279855,0.0030719031598486378,0.0030686985159630257,0.0031727607899739276,19.181950665421784,19.181950665421784,19.181950665421784,19.55617101749939,19.557031763472256,19.53064991555701,0.0,0.0,-250.0,-0.06867989668089175,0.037064721338875235,-251.36117368885803,0.0,0.0,-250.00000223057026,-8.611588306750921,-8.64706026768854,-7.605298428553867,-0.2503841812419876,-0.2507491119306591,-0.2505797746480585
3.14,-0.006521273928863369,-0.006536254612835246,-0.006076546799684113,0.0011213185809927696,0.0011262504789021693,0.0010433484028938064,0.003074310593349878,0.003071100673669543,0.0031752426237313123,19.181950665421784,19.181950665421784,19.181950665421784,19.555527909725928,19.556385953681026,19.530051391626355,0.0,0.0,-250.0,-0.06855616642163974,0.03700143274020579,-251.3588321859061,0.0,0.0,-250.00000223057026,-8.590699070281866,-8.626042169354939,-7.586976972375794,-0.25038493463145406,-0.2507489675640114,-0.25058161831333786
3.15,-0.006510077703672679,-0.0065250058834576685,-0.006066131838091293,0.0011182598290612206,0.001123759877676473,0.001040045317208425,0.003076722399093591,0.003073508638691237,0.003177725037012193,19.181950665421784,19.181950665421784,19.181950665421784,19.55488658757493,19.555741591135916,19.52945484506501,0.0,0.0,-250.0,-0.0684310601211556,0.03693836670010839,-251.35649715278865,0.0,0.0,-250.00000223057026,-8.569867584748998,-8.605069137892624,-7.568719986075907,-0.2503857323283923,-0.2507486660995173,-0.2505836480244525
3.16,-0.006498911149201092,-0.006513781597111357,-0.006055747517467902,0.0011153675304576998,0.0011213494505435105,0.001037177560724256,0.003079138838985948,0.003075922540566045,0.0031802089412191472,19.181950665421784,19.181950665421784,19.181950665421784,19.554246955905356,19.555098624632713,19.528860029136013,0.0,0.0,-250.0,-0.06830508668554622,0.03687568492954353,-251.3541681016152,0.0,0.0,-250.00000223057026,-8.549091173712117,-8.584140882856174,-7.550518596328976,-0.250386530567151,-0.2507482127330883,-0.25058571059125767
3.17,-0.006487772626151356,-0.0065025810995614775,-0.006045389405393564,0.0011126358395423532,0.0011189923653004835,0.0010347848725274602,0.0030815601804960197,0.0030783424553176833,0.003182672112559898,19.181950665421784,19.181950665421784,19.181950665421784,19.55360892117534,19.554457018224376,19.528266686549397,0.0,0.0,-250.0,-0.06817882219438896,0.03681354686885106,-251.3518445523004,0.0,0.0,-250.00000223057026,-8.528363089749453,-8.563253424194224,-7.532425784080502,-0.2503872083730591,-0.2507475394622554,-0.25058885323131735
3.18,-0.006476660598655426,-0.0064914040041273435,-0.0060350513926747396,0.001110050850593213,0.0011166620298890088,0.0010331018323743303,0.0030839866778133197,0.0030807684032424275,0.003185114823797041,19.181950665421784,19.181950665421784,19.181950665421784,19.55297239622519,19.553816751274933,19.52767445449519,0.0,0.0,-250.0,-0.0680531572172661,0.036752266694797954,-251.34952592064596,0.0,0.0,-250.00000223057026,-8.507681631912,-8.54240800944738,-7.514426363865281,-0.2503877662824687,-0.25074670031792684,-0.2505924241550395
3.19,-0.006465573705765892,-0.006480250181883751,-0.0060247265801507965,0.001107592613040291,0.0011143337357192261,0.0010320600963274536,0.003086418554918256,0.0030832003491042693,0.0031875627641867093,19.181950665421784,19.181950665421784,19.181950665421784,19.552337304246414,19.55317781779437,19.5270829427337,0.0,0.0,-250.0,-0.06792909181910502,0.036692208897944945,-251.34721161940118,0.0,0.0,-250.00000223057026,-8.487049876478535,-8.521610665219509,-7.496442535190393,-0.25038825305478,-0.25074579522240614,-0.2505952984140049
3.2,-0.006454510806390035,-0.006469119730279582,-0.006014409281251409,0.0011052377692167877,0.0011119867330488286,0.0010315247948272878,0.0030888559938400135,0.0030856382069515157,0.0031900172951192657,19.181950665421784,19.181950665421784,19.181950665421784,19.551703581211232,19.55254022452879,19.526491833279234,0.0,0.0,-250.0,-0.06780747113340144,0.03663364866008976,-251.3449011826797,0.0,0.0,-250.00000223057026,-8.4664666466627,-8.500863008959064,-7.478465675019316,-0.25038865798097476,-0.25074485976579525,-0.25059737337177435
3.21,-0.006443471003341583,-0.006458012927828993,-0.006004095240097818,0.0011029613368943834,0.0011096051834531264,0.0010313477029315384,0.0030912991275806904,0.0030880818485955457,0.0031924794614380638,19.181950665421784,19.181950665421784,19.181950665421784,19.551071177150114,19.55190398831328,19.525900890824783,0.0,0.0,-250.0,-0.06768895134499271,0.036576764012393875,-251.34259427720247,0.0,0.0,-250.00000223057026,-8.445931080316655,-8.480166672445678,-7.46049034419543,-0.2503889761145739,-0.25074392826963693,-0.250598603989387
3.22,-0.006432453650625003,-0.006446930181966792,-0.005993781709250967,0.0011007383103059942,0.0011071786463681059,0.001031377282984737,0.0030937480366889022,0.0030905311140430256,0.003194949962474868,19.181950665421784,19.181950665421784,19.181950665421784,19.550440056478504,19.55126913305881,19.525309966625322,0.0,0.0,-250.0,-0.06757398174687851,0.03652163551433856,-251.34029070378634,0.0,0.0,-250.00000223057026,-8.425442623042953,-8.459523184706908,-7.442514238057477,-0.2503892076832447,-0.2507430316787522,-0.2505989989737106
3.23,-0.006421458345869102,-0.006435871974356966,-0.005983467431805778,0.0010985450416795455,0.0011047021488607746,0.0010314677874886118,0.003096202749186057,0.0030929858229605048,0.003197429146078906,19.181950665421784,19.181950665421784,19.181950665421784,19.5498101974856,19.55063568661692,19.52471899695718,0.0,0.0,-250.0,-0.06746280059609851,0.036468251748725734,-251.3379903909069,0.0,0.0,-250.00000223057026,-8.405001006118116,-8.438933872794145,-7.42453796171521,-0.250389357310233,-0.2507421958790928,-0.25059861425706
3.24,-0.006410484910380154,-0.006424838807600086,-0.0059731525396355956,0.0010963603562990317,0.0011021758823521913,0.0010314870033086552,0.0030986632434128695,0.0030954457862943114,0.0031999170235288664,19.181950665421784,19.181950665421784,19.181950665421784,19.549181591129166,19.55000367774562,19.524127996852986,0.0,0.0,-250.0,-0.06735544352958994,0.036416519676547174,-251.3356933816605,0.0,0.0,-250.00000223057026,-8.384606212733292,-8.418399785145315,-7.4065646627049055,-0.25038943311824124,-0.2507414405075188,-0.2505975444852848
3.25,-0.006399533359637721,-0.006413831156736383,-0.005962838383089808,0.0010941663758525732,0.0010996045894616769,0.0010313223441615561,0.0031011294532559686,0.003097910817252178,0.003202413302244052,19.181950665421784,19.181950665421784,19.181950665421784,19.548554239299655,19.5493731333674,19.523537050005082,0.0,0.0,-250.0,-0.0672517627115482,0.03636627871478923,-251.33339981567323,0.0,0.0,-250.00000223057026,-8.364258436146386,-8.397921640327395,-7.388599558281412,-0.25038944578357875,-0.25074077828104957,-0.250595913229479
3.26,-0.006388603867192366,-0.006402849428232216,-0.005952527309672662,0.0010919490449192851,0.0010969967172075367,0.0010308851267509384,0.0031036012751541435,0.003100380740980694,0.0032049174325179345,19.181950665421784,19.181950665421784,19.181950665421784,19.547928152723173,19.548744076268896,19.522946295850428,0.0,0.0,-250.0,-0.06715145446522187,0.036317317299058856,-251.3311099076111,0.0,0.0,-250.00000223057026,-8.343958033195483,-8.377499802029645,-7.370649396486539,-0.250389407599931,-0.25074021483699926,-0.25059386262957606
3.27,-0.006377696724880588,-0.006391893928333003,-0.005942222410193154,0.001089698372920171,0.0010943634193788497,0.0010301129892830402,0.0031060785762632385,0.003102855402429756,0.0032074286640957784,19.181950665421784,19.181950665421784,19.181950665421784,19.54730334866967,19.548116523345442,19.52235591489797,0.0,0.0,-250.0,-0.06705409289596222,0.036269390681973,-251.32882392394228,0.0,0.0,-250.00000223057026,-8.323705476328287,-8.357134279393502,-7.352721889535835,-0.25038933160108506,-0.2507397490434711,-0.25059154313087584
3.28,-0.006366812302065372,-0.0063809648418322595,-0.005931927250658109,0.0010874084181316443,0.0010917174913071897,0.0010289705228020147,0.0031085612031777152,0.0031053346720695046,0.0032099461082993564,19.181950665421784,19.181950665421784,19.181950665421784,19.546679848619878,19.547490484445774,19.521766113340902,0.0,0.0,-250.0,-0.06695916693579547,0.03622223877919964,-251.32654215950467,0.0,0.0,-250.00000223057026,-8.30350130686913,-8.336824750222933,-7.334825155299951,-0.25038923078042474,-0.250739373713721,-0.25058910389437944
3.29,-0.006355951006284832,-0.006370062221495387,-0.005921645606942361,0.0010850770510494082,0.0010890723152005494,0.0010274482807476372,0.0031110489906555168,0.003107818449303022,0.003212468801539449,19.181950665421784,19.181950665421784,19.181950665421784,19.54605767602534,19.546865961826196,19.52117710791972,0.0,0.0,-250.0,-0.06686611832002666,0.03617560300139286,-251.3242649152572,0.0,0.0,-250.00000223057026,-8.283346091744946,-8.316570603381685,-7.3169671981534465,-0.2503891174334824,-0.2507390766386904,-0.2505866843574989
3.3,-0.006345113247275047,-0.006359185987646843,-0.005911381217186706,0.001082705541411241,0.0010864408846100522,0.00102556040678059,0.0031135417698675005,0.003110306663587228,0.0032149957664191894,19.181950665421784,19.181950665421784,19.181950665421784,19.54543685427159,19.546242950182187,19.520589111878614,0.0,0.0,-250.0,-0.0667743782197471,0.03612924118577614,-251.3219924783565,0.0,0.0,-250.00000223057026,-8.26324038534485,-8.296370995816067,-7.29915545465651,-0.2503890026385965,-0.2507388418404201,-0.2505844073014882
3.31,-0.006334299405870214,-0.0063483359368112224,-0.005901137564165382,0.0010802980166833638,0.0010838349636333629,0.0010233411732434568,0.0031160393757822067,0.0031127992734252376,0.003217526067172835,19.181950665421784,19.181950665421784,19.181950665421784,19.544817404927866,19.545621437190757,19.52000232269962,0.0,0.0,-250.0,-0.06668340057543799,0.03608293994913245,-251.31972510542988,0.0,0.0,-250.00000223057026,-8.243184697653497,-8.27622491914634,-7.28139642291604,-0.2503888958807387,-0.25073865094461073,-0.25058237365480307
3.32,-0.006323509808799033,-0.006337511757825487,-0.005890917696761477,0.001077860840094554,0.001081264421331221,0.0010208407521668577,0.0031185416533974558,0.003115296263517164,0.003220058856854736,19.181950665421784,19.181950665421784,19.181950665421784,19.544199346339003,19.54500140447064,19.51941691211959,0.0,0.0,-250.0,-0.06659269057580806,0.03603652401085323,-251.31746300962547,0.0,0.0,-250.00000223057026,-8.223179469282993,-8.256131270652572,-7.263695387525233,-0.25038880481485204,-0.25073848457334363,-0.25058065913582717
3.33,-0.006312744709928486,-0.006326713053522837,-0.005880724096411327,0.001075401953834865,0.0010787367657847076,0.0010181205484022808,0.0031210484626318985,0.003117797640448663,0.003222593414441184,19.181950665421784,19.181950665421784,19.181950665421784,19.54358269258848,19.544382828850214,19.518833018746868,0.0,0.0,-250.0,-0.06650182717042799,0.03598986226258597,-251.31520635173254,0.0,0.0,-250.00000223057026,-8.203225053575943,-8.236088923702821,-7.246056245136489,-0.2503887351581513,-0.25073832366747917,-0.2505793127208816
3.34,-0.006302004278073592,-0.006315939365931222,-0.005870558591131503,0.001072930228358914,0.0010762568863907447,0.0010152484122924153,0.0031235596817884266,0.0031203034273542254,0.003225129170783214,19.181950665421784,19.181950665421784,19.181950665421784,19.54296745283711,19.54376568382483,19.518250743409475,0.0,0.0,-250.0,-0.06641047896621478,0.035942870578029563,-251.31295523539328,0.0,0.0,-250.00000223057026,-8.183321705565845,-8.216096793186836,-7.2284814293569,-0.25038869069582087,-0.2507381506617606,-0.2505783568200151
3.35,-0.006291288591115218,-0.006305190202926136,-0.005860422316717628,0.001070454852458699,0.0010738269983808601,0.0010122940202814646,0.003126075209591331,0.0031228136580146674,0.0032276657231019457,19.181950665421784,19.181950665421784,19.181950665421784,19.54235363102061,19.543149941085986,19.51767014719482,0.0,0.0,-250.0,-0.06631841330538779,0.03589551154919077,-251.31070970619132,0.0,0.0,-250.00000223057026,-8.16346957727134,-8.196153892268882,-7.210971928098301,-0.25038867338110515,-0.25073795045267244,-0.2505777889582094
3.36,-0.006280596087280155,-0.006294465065337651,-0.005850315723038291,0.0010684627169397826,0.0010714463876894777,0.001009324255085014,0.0031284607815935178,0.003125328370776735,0.003230202838353081,19.181950665421784,19.181950665421784,19.181950665421784,19.541741102870237,19.542535572097613,19.517091252082597,0.0,0.0,-250.0,-0.06622549869455877,0.03584742152154593,-251.3084696018946,0.0,0.0,-250.00000223057026,-8.144045504708524,-8.17623345838638,-7.193501448273562,-0.25039550727312654,-0.25073723232616807,-0.25057710565882413
3.37,-0.006269916396824782,-0.006283763053765712,-0.005840238637849937,0.0010677394910456374,0.0010693063234484945,0.0010063966884652005,0.0031308217118498948,0.0031277622888824953,0.00323274044296434,19.181950665421784,19.181950665421784,19.181950665421784,19.541129236535365,19.541922509690306,19.516514044970393,0.0,0.0,-250.0,-0.06613159427794013,0.03579682197569053,-251.30623403939433,0.0,0.0,-250.00000223057026,-8.124691252515037,-8.156601422651383,-7.176075372796616,-0.25040164446850766,-0.2507411259093384,-0.25057642565564353
3.38,-0.006259238051271376,-0.006273076066390992,-0.005830190376538202,0.0010680463273946305,0.0010683895633343892,0.0010035572427481456,0.0031331916377632307,0.003130122029438487,0.0032352785987285687,19.181950665421784,19.181950665421784,19.181950665421784,19.540517389787755,19.54131023584117,19.51593848406918,0.0,0.0,-250.0,-0.06603546023521938,0.03574262385986249,-251.3040015280553,0.0,0.0,-250.00000223057026,-8.105301741952106,-8.137209781612807,-7.1587027617643475,-0.25040609149516835,-0.25074725179372787,-0.2505759328753468
3.39,-0.006248552279748187,-0.006262391855165361,-0.005820169854982404,0.001069101865626002,0.001068594919106674,0.0010008415785765874,0.003135572611671812,0.0031324904287436707,0.003237817475620808,19.181950665421784,19.181950665421784,19.181950665421784,19.539905076332005,19.540698058295852,19.515364505267936,0.0,0.0,-250.0,-0.06593546137005228,0.035684502193663654,-251.3017705268566,0.0,0.0,-250.00000223057026,-8.085882844016268,-8.117802560406528,-7.141399237131931,-0.25040899200166444,-0.2507519459206386,-0.2505758390174174
3.4,-0.006237853202711696,-0.0062517007210465825,-0.005810176043050452,0.0010706136875541737,0.0010696418412268363,0.0009981718951908266,0.0031379660756878274,0.0031348697389787794,0.0032403891065962594,19.181950665421784,19.181950665421784,19.181950665421784,19.539291976049807,19.54008543755364,19.51479205544389,0.0,0.0,-250.0,-0.06583033160914756,0.03562238542788044,-251.29953990390416,0.0,0.0,-250.00000223057026,-8.066435306117283,-8.098371680475102,-7.12408602862714,-0.25041045669628426,-0.2507551667649737,-0.2505747245558089
3.41,-0.0062271378347225625,-0.00624099586991167,-0.005800209345008578,0.0010722974672748198,0.0010712347020896264,0.000995435260116009,0.00314037284036371,0.003137261604816059,0.00324296581884037,19.181950665421784,19.181950665421784,19.181950665421784,19.538677934080336,19.539472001303942,19.514221162703944,0.0,0.0,-250.0,-0.0657190287776312,0.03555632544393097,-251.29730904039624,0.0,0.0,-250.00000223057026,-8.046954772389972,-8.07890453946691,-7.106836450817724,-0.2504104835177628,-0.25075677681555275,-0.2505740938444906
3.42,-0.006216405915832668,-0.0062302734600852006,-0.005790270106497852,0.001073892351335198,0.001073081130236063,0.0009926902154043188,0.0031427931033939467,0.003139667032327708,0.003245542985209256,19.181950665421784,19.181950665421784,19.181950665421784,19.53806295029896,19.53885754611502,19.513651843436467,0.0,0.0,-250.0,-0.06560098085526177,0.03548660303392776,-251.29507770426522,0.0,0.0,-250.00000223057026,-8.027445923296614,-8.059398554479216,-7.089660902603726,-0.2504092397686253,-0.25075683056793746,-0.2505739890340151
3.43,-0.006205659605757918,-0.006219532479005363,-0.005780358107034644,0.0010751734857621844,0.0010749082162910847,0.0009899914069941363,0.003145226501337363,0.0031420863968732865,0.0032481205517534417,19.181950665421784,19.181950665421784,19.181950665421784,19.53744716109266,19.53824202945083,19.51308408190648,0.0,0.0,-250.0,-0.06547611826945332,0.03541371576727602,-251.29284599234362,0.0,0.0,-250.00000223057026,-8.007918165322332,-8.039857176865262,-7.072556910452925,-0.2504069534064865,-0.2507554702074447,-0.2505743533851583
3.44,-0.006194903070158464,-0.006208774471794354,-0.005770472612092292,0.0010759612263916123,0.0010764759889305652,0.0009873871713644662,0.003147672188776403,0.0031445194861292125,0.0032506986022728303,19.181950665421784,19.181950665421784,19.181950665421784,19.536830815149234,19.53762555336594,19.512517833303708,0.0,0.0,-250.0,-0.06534482349483711,0.03533832513583133,-251.2906142839068,0.0,0.0,-250.00000223057026,-7.988383847740497,-8.020288326391183,-7.055520545003624,-0.2504038882935354,-0.2507529032248695,-0.2505751076016657
3.45,-0.006184141995358217,-0.006198003153676024,-0.005760612450138702,0.0010761266134479252,0.001077587462276673,0.0009849171041017267,0.0031501289375207592,0.0031469655722459345,0.00325327734131414,19.181950665421784,19.181950665421784,19.181950665421784,19.536214245360366,19.537008341743462,19.511953028291803,0.0,0.0,-250.0,-0.06520785994126523,0.03526119946877783,-251.28838318325447,0.0,0.0,-250.00000223057026,-7.9688571859680435,-8.000703424088075,-7.038546781205749,-0.250400324435505,-0.25074938311891304,-0.25057615664206406
3.46,-0.006173383068464711,-0.006187223941740927,-0.005750776110031164,0.0010755932151823636,0.0010780950693862982,0.000982610358566769,0.003152595247852159,0.0031494235058960787,0.0032558570711179987,19.181950665421784,19.181950665421784,19.181950665421784,19.53559783894908,19.536390713119314,19.511389578681793,0.0,0.0,-250.0,-0.0650662864317392,0.03518315645766565,-251.2861534560149,0.0,0.0,-250.00000223057026,-7.949353196870918,-7.981116333556199,-7.021629889631688,-0.250396539514143,-0.25074518964377424,-0.2505773968300375
3.47,-0.0061626334576602715,-0.006176443442140522,-0.005740961851182835,0.0010743356475289994,0.001077903524446704,0.0009804847182985528,0.0031550694639554833,0.003151891824505538,0.003258438164384164,19.181950665421784,19.181950665421784,19.181950665421784,19.53498200779512,19.53577305115653,19.510827383792837,0.0,0.0,-250.0,-0.06492136377967175,0.03510500877718532,-251.2839259636331,0.0,0.0,-250.00000223057026,-7.92988670791564,-7.961542281926016,-7.004763832762297,-0.250392792662177,-0.25074060978754503,-0.25057872280937277
3.48,-0.006151900324295079,-0.006165668928152734,-0.005731166433559698,0.0010723748934902797,0.0010769689834661058,0.0009789667445641852,0.0031575498862157075,0.003154368866915328,0.0032608830446419794,19.181950665421784,19.181950665421784,19.181950665421784,19.53436716077109,19.535155774815884,19.510266227664463,0.0,0.0,-250.0,-0.06477474459708842,0.03502768018617409,-251.2817014644677,0.0,0.0,-250.00000223057026,-7.910449083489002,-7.941974441363701,-6.9882682139764585,-0.2503888978376843,-0.25073550759593555,-0.25058591995602963
3.49,-0.006141190404941488,-0.0061549078553760905,-0.005721379183825259,0.0010697698109329945,0.0010752932555040005,0.000978699971659688,0.0031600348716054024,0.003156852884421517,0.0032633033159881935,19.181950665421784,19.181950665421784,19.181950665421784,19.533753680285123,19.534539310920984,19.509705468314674,0.0,0.0,-250.0,-0.06462921044042398,0.034952643080762597,-251.27948016489907,0.0,0.0,-250.00000223057026,-7.891073071305146,-7.9224485162564555,-6.971837318016809,-0.2503854636498763,-0.25073055871471045,-0.2505925967092476
3.5,-0.006130509665147221,-0.006144167427248992,-0.005711588722075556,0.0010666116669809588,0.001072920258356991,0.0009794657163821102,0.0031625229184722124,0.003159342141957272,0.0032657309023961124,19.181950665421784,19.181950665421784,19.181950665421784,19.533141902743328,19.533924069454553,19.509144467173844,0.0,0.0,-250.0,-0.06448749004784801,0.03488125173128717,-251.27726219762695,0.0,0.0,-250.00000223057026,-7.87177442063907,-7.902984154589728,-6.955380383176905,-0.25038269355542525,-0.25072604667304743,-0.25059781520360835
3.51,-0.006119863014670046,-0.006133454202173705,-0.005701786115352103,0.0010630163019800134,0.0010699301394360712,0.0009810072381113697,0.0031650127398732287,0.0031618350130057206,0.003268168131898807,19.181950665421784,19.181950665421784,19.181950665421784,19.532532102706796,19.533310421411628,19.508582727264123,0.0,0.0,-250.0,-0.06435184214703235,0.034814520364269005,-251.275047746114,0.0,0.0,-250.00000223057026,-7.852561006404282,-7.883593768774292,-6.938883777752198,-0.2503806870101163,-0.2507221582136633,-0.2506014250033977
3.52,-0.006109254115314544,-0.006122773777293922,-0.005691965096418505,0.0010591143714930337,0.001066430752429345,0.000983052543260572,0.0031675033175620534,0.00316433005991695,0.0032706167011087046,19.181950665421784,19.181950665421784,19.181950665421784,19.531924482441227,19.532698681175248,19.508019905116456,0.0,0.0,-250.0,-0.06422397859348421,0.034753100348695665,-251.27283702456555,0.0,0.0,-250.00000223057026,-7.833437573148111,-7.86428696894196,-6.922339902585788,-0.2503794863193511,-0.2507190245649609,-0.25060338181745
3.53,-0.006098685285847338,-0.006112130561677476,-0.005682122122733391,0.0010550417688915798,0.0010625484678191389,0.0009853311689495164,0.0031699939340894953,0.0031668260953146878,0.003273077642889877,19.181950665421784,19.181950665421784,19.181950665421784,19.531319167014832,19.532089094049194,19.507455813196714,0.0,0.0,-250.0,-0.06410502563111285,0.03469728056705458,-251.27063025940103,0.0,0.0,-250.00000223057026,-7.814405782406857,-7.845070307459685,-6.9057469619287675,-0.250379080331198,-0.2507167199120808,-0.25060373858839013
3.54,-0.006088157499048397,-0.006101527642245641,-0.005672256277369669,0.001050930786177057,0.0010584189145855596,0.0009875890787386027,0.0031724841833162187,0.0031693222229621986,0.0032755513342677114,19.181950665421784,19.181950665421784,19.181950665421784,19.53071620463007,19.53148182910539,19.506890413388298,0.0,0.0,-250.0,-0.06399552225980971,0.03464700896521489,-251.26842767270244,0.0,0.0,-250.00000223057026,-7.7954644411124265,-7.825947225492861,-6.889108433956543,-0.25037941095207705,-0.25071526328859206,-0.2506026320943959
3.55,-0.006077670460922668,-0.006090966740112613,-0.005662369034377057,0.0010469024670639324,0.00105417819202959,0.0009896010432574973,0.003174973960918288,0.003171817857800045,0.003278037539999219,19.181950665421784,19.181950665421784,19.181950665421784,19.53011557159229,19.530876977181666,19.506323802854993,0.0,0.0,-250.0,-0.06389545183454728,0.03460193174482739,-251.26622946833933,0.0,0.0,-250.00000223057026,-7.776609877353242,-7.806918182844792,-6.8724323031325705,-0.2503803817809214,-0.2507146234104848,-0.250600266299319
3.56,-0.006067222758220969,-0.006080448250061765,-0.00565246391621671,0.0010430604837657102,0.0010499550048831173,0.000991180086724244,0.0031774634375226953,0.003174312726098802,0.0032805354857262685,19.181950665421784,19.181950665421784,19.181950665421784,19.529517181103373,19.530274553587674,19.505756193889827,0.0,0.0,-250.0,-0.06380430156565746,0.034561446009115496,-251.26403582120966,0.0,0.0,-250.00000223057026,-7.757836424629253,-7.7879809438706395,-6.855730123233572,-0.2503818681078757,-0.2507147258582082,-0.2505968937357455
3.57,-0.006056812057812111,-0.00606997135190801,-0.005642546073934995,0.0010394867399618718,0.001045864072503424,0.0009921837893728158,0.0031799530178969635,0.0031768068477221207,0.003283043953623557,19.181950665421784,19.181950665421784,19.181950665421784,19.528920894926614,19.529674504854988,19.505187889517934,0.0,0.0,-250.0,-0.06372114358964734,0.034524761336579925,-251.2618468697844,0.0,0.0,-250.00000223057026,-7.73913697348772,-7.769130986314389,-6.839015981883023,-0.25038372752466653,-0.2507154619431654,-0.25059279617681934
3.58,-0.006046435288508012,-0.0060595341796044755,-0.005632621821747952,0.0010362684089095036,0.0010420010434474812,0.0009925174253151852,0.0031824249053344165,0.0031793005033275475,0.0032855613929397755,19.181950665421784,19.181950665421784,19.181950665421784,19.52832653125469,19.529076718708993,19.504619256668796,0.0,0.0,-250.0,-0.06364473074453357,0.03449094875203444,-251.25966270492233,0.0,0.0,-250.00000223057026,-7.720552506605607,-7.75035862927366,-6.822302065797867,-0.2503867908731935,-0.2507166305492396,-0.25058819768987717
3.59,-0.006036087280483438,-0.006049134032261705,-0.005622698159024275,0.001033704973990953,0.0010384404608145413,0.0009921335761876055,0.0031848694826151804,0.0031817881455987896,0.003288086037482268,19.181950665421784,19.181950665421784,19.181950665421784,19.527733776953305,19.528481035822743,19.50405069883092,0.0,0.0,-250.0,-0.06357359830716675,0.034458700432858175,-251.25748324167992,0.0,0.0,-250.00000223057026,-7.702092568429854,-7.731671326945989,-6.805601960045793,-0.2503907917234922,-0.25071852818868784,-0.2505833541768897
3.6,-0.006025761183801437,-0.006038766584484823,-0.005612782312397369,0.001031807737741296,0.0010354644711787304,0.0009910292139881129,0.003187317233335444,0.003184235229819219,0.003290616021300356,19.181950665421784,19.181950665421784,19.181950665421784,19.527142240327013,19.5278871912589,19.503482629991137,0.0,0.0,-250.0,-0.0635059794150041,0.03442661541741522,-251.25530817978003,0.0,0.0,-250.00000223057026,-7.683657916696886,-7.713154770650498,-6.788931011205378,-0.25039424377017777,-0.2507221648707548,-0.25057853898555305
3.61,-0.006015450788858012,-0.006028425056420927,-0.005602881313800101,0.0010304901073019705,0.0010331789873612416,0.0009892415197748567,0.0031897696000640213,0.0031866845695482926,0.003293149487814122,19.181950665421784,19.181950665421784,19.181950665421784,19.526551570715974,19.52729479252322,19.502915450703476,0.0,0.0,-250.0,-0.0634398102477077,0.03439362792595143,-251.25313709499022,0.0,0.0,-250.00000223057026,-7.66524567936758,-7.694680453852911,-6.772312016969579,-0.2503971149520122,-0.25072552125430647,-0.2505741145293975
3.62,-0.006005150892101796,-0.006018102889051302,-0.005593001626050642,0.0010296414561487802,0.0010315164141185037,0.0009868425675312955,0.0031922278166011753,0.0031891376706072007,0.0032956846891559408,19.181950665421784,19.181950665421784,19.181950665421784,19.525961476425138,19.526703467863538,19.502349526953036,0.0,0.0,-250.0,-0.06337317099022541,0.03435887017210065,-251.25096961899638,0.0,0.0,-250.00000223057026,-7.6468477039970795,-7.676236212752857,-6.755757709122765,-0.25039930362934015,-0.25072841083977343,-0.25057027534986515
3.63,-0.0059948574839859825,-0.00600779435369081,-0.005583149908585494,0.0010291367133306538,0.0010303824845813686,0.0009836536014200222,0.0031946928546061366,0.003191595874488573,0.0032983009379220366,19.181950665421784,19.181950665421784,19.181950665421784,19.525371734940627,19.526112894573853,19.501785253641597,0.0,0.0,-250.0,-0.06330419431499218,0.034321565167090444,-251.2488055659803,0.0,0.0,-250.00000223057026,-7.62847102847221,-7.657824549051527,-6.73909777847776,-0.25040098477616457,-0.25073092287941895,-0.25056396165854433
3.64,-0.005984567838375643,-0.0059974947663771205,-0.005573335130161172,0.0010288460994119387,0.0010296656320411418,0.0009795826718981054,0.003197165392891538,0.003194060299508825,0.0033009151846591592,19.181950665421784,19.181950665421784,19.181950665421784,19.524782197506322,19.52552281075078,19.501223145832608,0.0,0.0,-250.0,-0.06323085857924965,0.03428088574412005,-251.24664506614505,0.0,0.0,-250.00000223057026,-7.6100991332116115,-7.639424196000465,-6.722541227506566,-0.25040188727977125,-0.2507327008075389,-0.2505592132111952
3.65,-0.005974280520745612,-0.00598720062075736,-0.005563564822713196,0.0010286419461471704,0.0010292440673500835,0.0009748636141968611,0.0031996458071146877,0.003196531801454747,0.003303524539143082,19.181950665421784,19.181950665421784,19.181950665421784,19.524192789211032,19.524933022508577,19.500663621788053,0.0,0.0,-250.0,-0.06315157108755336,0.03423626988642357,-251.2444883054177,0.0,0.0,-250.00000223057026,-7.591731463831577,-7.621029883954013,-6.706100032682728,-0.250402059113372,-0.25073371135603006,-0.2505559186579709
3.66,-0.005963995329193839,-0.005976909649537676,-0.005553844139973785,0.0010284056068371652,0.0010289932990173872,0.0009697384913324061,0.003202134175630429,0.0031990109505837935,0.003306127383917587,19.181950665421784,19.181950665421784,19.181950665421784,19.523603505212513,19.52434340706562,19.500106962903626,0.0,0.0,-250.0,-0.06306528034232911,0.034187464914251876,-251.2423354748558,0.0,0.0,-250.00000223057026,-7.573370069846934,-7.602639243411579,-6.689779350740602,-0.2504015725528897,-0.2507339540972229,-0.25055409360958464
3.67,-0.005953713169880304,-0.005966620811086898,-0.0055441758177656175,0.0010280334843771638,0.0010287933486201049,0.0009644467385097937,0.0032046303019274587,0.003201498026534383,0.0033087227374079898,19.181950665421784,19.181950665421784,19.181950665421784,19.523014403263666,19.523753911568626,19.499553312270486,0.0,0.0,-250.0,-0.06297147670120334,0.03413450893997635,-251.24018675813798,0.0,0.0,-250.00000223057026,-7.555019111628964,-7.584252528756121,-6.673579262809615,-0.2504005308686334,-0.25073347141745506,-0.25055366905446297
3.68,-0.005943435880446435,-0.005956334209327896,-0.005534560274677192,0.001027441534648197,0.0010285349359781708,0.0009592119496212503,0.0032071337510133843,0.003203993029922147,0.0033113102419718866,19.181950665421784,19.181950665421784,19.181950665421784,19.522425593346295,19.523164548155155,19.499002681188472,0.0,0.0,-250.0,-0.06287016255751478,0.034077697340915133,-251.23804232067485,0.0,0.0,-250.00000223057026,-7.536684385395494,-7.565872315409826,-6.657495316423724,-0.2503990589676138,-0.25073234155472984,-0.25055450445748984
3.69,-0.005933166017304592,-0.005946050958563764,-0.00552499583243804,0.00102656814377854,0.0010281244028119384,0.0009542309930768033,0.0032096438962200147,0.0032064957082785107,0.003313890117979528,19.181950665421784,19.181950665421784,19.181950665421784,19.521837225328294,19.52257538593431,19.49845496240166,0.0,0.0,-250.0,-0.06276179701305783,0.03401753782665723,-251.23590230079415,0.0,0.0,-250.00000223057026,-7.5183728026638486,-7.547503100749525,-6.641519264042868,-0.25039729376018005,-0.25073067039613306,-0.2505564034637674
3.7,-0.005922906623123447,-0.005935773006686351,-0.005515479030567372,0.0010253753829108693,0.001027487237468152,0.0009496658156306016,0.0032121599726425655,0.003209005593433409,0.0033164630900489435,19.181950665421784,19.181950665421784,19.181950665421784,19.521249475578674,19.52198654066366,19.49790994857988,0.0,0.0,-250.0,-0.06264722091007374,0.03395469795859586,-251.2337668032891,0.0,0.0,-250.00000223057026,-7.500091859654717,-7.529150841389094,-6.625639934779526,-0.25039537484734603,-0.2507285826253828,-0.2505591310342867
3.71,-0.005912660990262941,-0.005925502931077187,-0.005506005007340442,0.001023848739177821,0.0010265701560569537,0.0009456381019590914,0.0032146811334157425,0.00321152204710461,0.003319030292502605,19.181950665421784,19.181950665421784,19.181950665421784,19.520662533437054,19.521398162944188,19.49736735443599,0.0,0.0,-250.0,-0.06252756855202916,0.03388994900016374,-251.23163589546252,0.0,0.0,-250.00000223057026,-7.481849128900071,-7.510822459427596,-6.609844175529083,-0.2503934360419855,-0.2507262127827699,-0.25056243088959534
3.72,-0.0059024324344776335,-0.005915243721480445,-0.005496567918436002,0.0010219955006444629,0.001025341780471583,0.0009422267785310621,0.0032172065052413394,0.0032140443113311745,0.003321593161552218,19.181950665421784,19.181950665421784,19.181950665421784,19.520076588347354,19.520810425748714,19.49682684083972,0.0,0.0,-250.0,-0.06240417249999596,0.03382410976790777,-251.2295096056468,0.0,0.0,-250.00000223057026,-7.463651800532039,-7.4925253484347705,-6.59411780084549,-0.25039159813282963,-0.2507236967433686,-0.2505660422442974
3.73,-0.0058922240910807555,-0.0059049985633056745,-0.005487161365639648,0.0010198420330621001,0.0010237920273533372,0.0009394681915280706,0.0032197352399837374,0.0032165715604625033,0.003324153321681499,19.181950665421784,19.181950665421784,19.181950665421784,19.519491818340395,19.52022351204798,19.496288039355893,0.0,0.0,-250.0,-0.06227846752442004,0.03375799375466283,-251.22738792404311,0.0,0.0,-250.00000223057026,-7.445506294846798,-7.4742669066058935,-6.578446497120476,-0.2503899631830239,-0.25072116404095873,-0.250569714967724
3.74,-0.005882038743149187,-0.0058947706333417615,-0.0054777788104246605,0.0010174302259385638,0.0010219303812822207,0.0009373586569003294,0.0032222665596967643,0.003219102951661462,0.0033267124732392307,19.181950665421784,19.181950665421784,19.181950665421784,19.51890838039823,19.519637603210583,19.495750575782353,0.0,0.0,-250.0,-0.06215189917795759,0.033692362249152605,-251.22527080561218,0.0,0.0,-250.00000223057026,-7.427417961231478,-7.4560541200290045,-6.562816635197565,-0.2503886105334592,-0.2507187313717445,-0.25057322248985797
3.75,-0.0058718786884536245,-0.005884562917876479,-0.005468413950833528,0.0010148134045203413,0.00101978326859773,0.0009358589804413326,0.0032247997930932148,0.003221637671271825,0.003329272287445514,19.181950665421784,19.181950665421784,19.181950665421784,19.518326403066133,19.519052868736864,19.495214091474853,0.0,0.0,-250.0,-0.06202584160192258,0.033627885531813034,-251.22315817465702,0.0,0.0,-250.00000223057026,-7.4093908718528985,-7.4378932137233535,-6.547215955769843,-0.2503875945627891,-0.25071649750995195,-0.2505763719737827
3.76,-0.005861745648815975,-0.005874378060896468,-0.005459061044495894,0.0010120520039122464,0.001017390774657625,0.0009349004792089687,0.003227334402169087,0.0032241749748973206,0.0033318343139403465,19.181950665421784,19.181950665421784,19.181950665421784,19.517745981507495,19.51846945775248,19.49467826150258,0.0,0.0,-250.0,-0.06190152816128994,0.033565113529190505,-251.22104993068263,0.0,0.0,-250.00000223057026,-7.391427712042982,-7.419789382436967,-6.5316341029899885,-0.25038694414725265,-0.25071453976403374,-0.2505790114822714
3.77,-0.005851640722720486,-0.005864218247543684,-0.005449715165514901,0.0010092092838508713,0.0010148029573909664,0.000934392002698402,0.0032298699984001887,0.0032267142196070143,0.0033343999047541215,19.181950665421784,19.181950665421784,19.181950665421784,19.51716717503311,19.51788749254368,19.494142808960234,0.0,0.0,-250.0,-0.061779997395250086,0.03350445661049073,-251.218945955083,0.0,0.0,-250.00000223057026,-7.37352976344923,-7.401746607463979,-6.516062992964857,-0.25038666367009343,-0.25071291200267604,-0.25058103406529697
3.78,-0.005841564379384823,-0.005854085125491848,-0.005440372388000159,0.0010063473305250371,0.001012076004922634,0.0009342274510548985,0.0032324063485990396,0.0032292548872791694,0.003336970157245242,19.181950665421784,19.181950665421784,19.181950665421784,19.51659000698822,19.517307064272796,19.493607515051632,0.0,0.0,-250.0,-0.06166205564410211,0.033446176544870365,-251.21684611820592,0.0,0.0,-250.00000223057026,-7.355696971010183,-7.383767560299641,-6.500497014555974,-0.2503867353556823,-0.2507116441897884,-0.2505823788763737
3.79,-0.005831516490265087,-0.005843979764522278,-0.0054310298939262425,0.0010035235487357032,0.001009268466794497,0.0009342933148365795,0.003234943371117323,0.0032317965986868443,0.003339545877215487,19.181950665421784,19.181950665421784,19.181950665421784,19.516014466755262,19.51672823087697,19.493072224838812,0.0,0.0,-250.0,-0.061548256635529576,0.03339038704676927,-251.2147502863663,0.0,0.0,-250.00000223057026,-7.33792808087906,-7.365853589063727,-6.484933069617502,-0.25038712265020724,-0.2507107432908465,-0.25058302958083983
3.8,-0.0058214963922038065,-0.005833902652428835,-0.005421686007485771,0.0010007877973107436,0.0010064377593387618,0.0009344758117530523,0.0032374811235779313,0.0032343391184835894,0.003342127562154914,19.181950665421784,19.181950665421784,19.181950665421784,19.515440513532074,19.516151017031632,19.492536848804917,0.0,0.0,-250.0,-0.06143889733490511,0.03333706284122381,-251.21265832842525,0.0,0.0,-250.00000223057026,-7.320220833649169,-7.3480047794794485,-6.469370468036272,-0.25038777433938825,-0.2507101953518942,-0.2505830104423977
3.81,-0.0058115032068351,-0.005823853723455452,-0.0054123401618508815,0.000998103557006327,0.0010036371645741505,0.000934667324916885,0.0032400467729733285,0.0032368823517403035,0.003344715403451025,19.181950665421784,19.181950665421784,19.181950665421784,19.514868100356544,19.51557541594731,19.4920013605845,0.0,0.0,-250.0,-0.06133402854006447,0.03328611256289175,-251.2105701449886,0.0,0.0,-250.00000223057026,-7.3025065714298485,-7.330224589806722,-6.453815212658804,-0.25038742944074227,-0.2507100524765216,-0.25058246457137207
3.82,-0.0058015373271122495,-0.005813832491267157,-0.005402992804411144,0.0009953402514540303,0.0010008772149338236,0.0009347722957545733,0.003242622276645378,0.0032394448838724,0.0033473093060818505,19.181950665421784,19.181950665421784,19.181950665421784,19.51429725611047,19.515001400081683,19.491465791202074,0.0,0.0,-250.0,-0.06123349776691088,0.03323761770374367,-251.20848577621476,0.0,0.0,-250.00000223057026,-7.284837394600612,-7.312461768529996,-6.438270147310356,-0.25038724848766164,-0.2507093164704814,-0.2505814619949999
3.83,-0.005791599238602452,-0.0058038394147726935,-0.005393645251806578,0.0009925577060742906,0.0009980085516831465,0.000934711335179756,0.003245198158268651,0.003242025690026684,0.0033499089235793913,19.181950665421784,19.181950665421784,19.181950665421784,19.513728004924545,19.51442900388495,19.490930220542815,0.0,0.0,-250.0,-0.061137186741466364,0.033191478974696945,-251.20640539388816,0.0,0.0,-250.00000223057026,-7.267235566854441,-7.29472124296918,-6.422737527355322,-0.25038745748031477,-0.2507083591400551,-0.2505800579326862
3.84,-0.005781688797350137,-0.00579387543073806,-0.005384299514831714,0.0009898159998825414,0.0009950769612110787,0.000934423349404121,0.0032477743406701615,0.003244606609746391,0.0033525137030011014,19.181950665421784,19.181950665421784,19.181950665421784,19.51316033515025,19.513858277755563,19.490394767209413,0.0,0.0,-250.0,-0.06104491796854032,0.03314740748687962,-251.20432919326356,0.0,0.0,-250.00000223057026,-7.249696082305388,-7.277048577723564,-6.407219589280118,-0.25038796387901247,-0.25070781942980763,-0.2505783180387358
3.85,-0.005771805303631028,-0.005783940780001107,-0.005374958110417827,0.000987166629417513,0.0009921522061493411,0.000933866410169906,0.0032503508961081243,0.0032471874580783976,0.0033551229348400997,19.181950665421784,19.181950665421784,19.181950665421784,19.512594203802582,19.51328923152929,19.489859577702145,0.0,0.0,-250.0,-0.06095633583745911,0.03310503924216016,-251.2022573150755,0.0,0.0,-250.00000223057026,-7.2322161546339965,-7.259442620365386,-6.3917224327503686,-0.25038870714619205,-0.25070765884002094,-0.25057635927875704
3.86,-0.005761947600310957,-0.005774035043786374,-0.005365623867826408,0.0009846503755548963,0.0009892966613947926,0.0009330179880763166,0.0032529280237321287,0.0032497682247000278,0.0033577358055948024,19.181950665421784,19.181950665421784,19.181950665421784,19.512029542312177,19.512721837690037,19.489324815307103,0.0,0.0,-250.0,-0.06087094388984351,0.033063964283330013,-251.2001898428591,0.0,0.0,-250.00000223057026,-7.2147923602443775,-7.241901058937167,-6.376252485303537,-0.25038961925477016,-0.25070782157636934,-0.2505742983046262
3.87,-0.005752114187507873,-0.005764157233417555,-0.005356299738381809,0.0009822960705111045,0.0009865625637194982,0.0009318741249804396,0.003255506021873973,0.003252349054357638,0.0033603514506372724,19.181950665421784,19.181950665421784,19.181950665421784,19.511466263160592,19.512156036662713,19.488790649247825,0.0,0.0,-250.0,-0.06078814681815554,0.03302375497364166,-251.19812680427233,0.0,0.0,-250.00000223057026,-7.197420907644989,-7.224420673035927,-6.360816110744418,-0.2503906295895469,-0.25070823960330846,-0.2505722451082737
3.88,-0.00574230334484227,-0.005754305902719414,-0.0053469886186869875,0.0009801202189925644,0.0009839901424405037,0.0009304476863150655,0.0032580852573990543,0.0032549302205098617,0.0033629690044924875,19.181950665421784,19.181950665421784,19.181950665421784,19.510904266901747,19.51159174335532,19.48825724466112,0.0,0.0,-250.0,-0.060707293568651614,0.03298399232050228,-251.19606817547182,0.0,0.0,-250.00000223057026,-7.180097898484736,-7.206997609000163,-6.345419262787282,-0.2503916694509334,-0.25070883783594344,-0.25057029771424855
3.89,-0.0057325124246684345,-0.005744479274607417,-0.0053376931959142615,0.0009784223886177455,0.0009816064467670705,0.0009287656797421672,0.003260551021762783,0.003257512094382683,0.003365587646058576,19.181950665421784,19.181950665421784,19.181950665421784,19.510343379643896,19.51102885448017,19.487724753896572,0.0,0.0,-250.0,-0.06062771901425183,0.0329440802186468,-251.1940138018724,0.0,0.0,-250.00000223057026,-7.163092929583196,-7.189608872480449,-6.330048399183269,-0.2503977190324342,-0.2507091867462074,-0.25056818548889664
3.9,-0.005722731717693719,-0.005734675101308762,-0.005328415834153943,0.000977958919981318,0.0009795616381438799,0.0009268638640936857,0.003262968802429383,0.003260016867309534,0.003368206634313058,19.181950665421784,19.181950665421784,19.181950665421784,19.5097830063164,19.51046722904738,19.487193310322542,0.0,0.0,-250.0,-0.06054870925293394,0.032902242357913926,-251.19196293635247,0.0,0.0,-250.00000223057026,-7.146200893685508,-7.172450910129171,-6.314708036503132,-0.250404013729325,-0.25071315127365346,-0.25056601214680874
3.91,-0.00571294965036484,-0.005724885224509646,-0.005319158509280664,0.0009785488039648885,0.000978704813530545,0.0009247832836720256,0.003265393422738817,0.0032624355496553544,0.0033708253296419535,19.181950665421784,19.181950665421784,19.181950665421784,19.509222496101273,19.509906352449082,19.486663024771186,0.0,0.0,-250.0,-0.06046863689851592,0.032857130030519884,-251.189914271458,0.0,0.0,-250.00000223057026,-7.129276017406609,-7.155523516958987,-6.299411950506028,-0.2504087494738596,-0.25071939159705375,-0.25056403571442204
3.92,-0.005703157088904287,-0.00571509749575827,-0.005309922760960983,0.000979933795078858,0.000978980942849435,0.0009225698744757156,0.0032678272564910637,0.0032648601826776643,0.003373443208814598,19.181950665421784,19.181950665421784,19.181950665421784,19.508661340606025,19.509345535332788,19.4861339827957,0.0,0.0,-250.0,-0.06038548573245633,0.032808122890171966,-251.18786642829775,0.0,0.0,-250.00000223057026,-7.112322121171923,-7.138586238519217,-6.284179641782329,-0.2504120343747345,-0.25072439744315467,-0.2505625364364951
3.93,-0.00569334758219564,-0.005705301908693394,-0.005300709642504842,0.0009818402198265228,0.0009801450112331786,0.0009202740904743731,0.0032702720427697472,0.0032672933414498737,0.0033760598807028837,19.181950665421784,19.181950665421784,19.181950665421784,19.508099185920923,19.50878421857893,19.485606241838898,0.0,0.0,-250.0,-0.060297651596896554,0.032754911323703874,-251.18581834611146,0.0,0.0,-250.00000223057026,-7.095333211811131,-7.121624820557984,-6.269013602595257,-0.250413851457496,-0.25072800412699925,-0.25056154237094963
3.94,-0.005683517418568151,-0.005695491035683897,-0.005291519691929314,0.0009839963675186635,0.0009819312580787172,0.0009179478739964069,0.0032727288538161496,0.0032697369976815334,0.003378675097616095,19.181950665421784,19.181950665421784,19.181950665421784,19.507535834889318,19.508221991906744,19.485079829752,0.0,0.0,-250.0,-0.06020399464032081,0.03269747753726744,-251.18376930631322,0.0,0.0,-250.00000223057026,-7.07830840408957,-7.104630308012813,-6.253914528982112,-0.25041426908874953,-0.2507301423243848,-0.2505610508545811
3.95,-0.0056736655205852915,-0.005685660140993365,-0.005282352933822343,0.0009861476857071832,0.000984070122461184,0.0009156416441389438,0.0032751981042720138,0.0032721924741002306,0.003381288757937636,19.181950665421784,19.181950665421784,19.181950665421784,19.506971240222956,19.50765859939501,19.48455474507261,0.0,0.0,-250.0,-0.060103852938394174,0.03263606615203908,-251.1817189311419,0.0,0.0,-250.00000223057026,-7.061251385577507,-7.087598935213727,-6.238881436976914,-0.25041342741578004,-0.25073083118094036,-0.25056103138724545
3.96,-0.005663793202338063,-0.005675807133283417,-0.005273208909797378,0.0009880692698310018,0.0009863034782646618,0.0009134015850484348,0.0032776795966762574,0.0032746604393828474,0.0033839009004126746,19.181950665421784,19.181950665421784,19.181950665421784,19.506405489897286,19.507093935899814,19.484030958922865,0.0,0.0,-250.0,-0.05999702821415853,0.03257114284806651,-251.17966716346504,0.0,0.0,-250.00000223057026,-7.044169682139665,-7.070531743308886,-6.223911862372626,-0.250411522265507,-0.250730167312339,-0.25056142983169455
3.97,-0.005653903818684525,-0.005665932378263905,-0.005264086733771989,0.0009895752475305025,0.0009883975154545454,0.0009112673687999917,0.0032801725966834843,0.0032771409395012975,0.003386511690975722,19.181950665421784,19.181950665421784,19.181950665421784,19.50583878653522,19.506528035597206,19.48350841830429,0.0,0.0,-250.0,-0.059883747435966146,0.03250334468080901,-251.17761423109906,0.0,0.0,-250.00000223057026,-7.027073788650222,-7.05343397689096,-6.2090021251542185,-0.25040878770727104,-0.2507283107934644,-0.2505621735679596
3.98,-0.005644002338642762,-0.005656038397619245,-0.005254985167149284,0.0009905248803095562,0.0009901528274125168,0.0009092704118712184,0.0032826759305138757,0.003279633459812423,0.0033891214033771426,19.181950665421784,19.181950665421784,19.181950665421784,19.505271422633676,19.505961054171944,19.482987050501983,0.0,0.0,-250.0,-0.05976460499906839,0.03243342578867005,-251.17556059947412,0.0,0.0,-250.00000223057026,-7.009976229821942,-7.036314318033556,-6.194147637822071,-0.25040547842424765,-0.25072546924784084,-0.25056317722209687
3.99,-0.005634094875764606,-0.005646129483613926,-0.005245902685941051,0.0009908254111916748,0.0009914114674183445,0.0009074530015118876,0.003285188096711432,0.00328213701116567,0.00339169718200675,19.181950665421784,19.181950665421784,19.181950665421784,19.504703753511357,19.50539324634983,19.482466764262934,0.0,0.0,-250.0,-0.059640501186429315,0.032362208095375156,-251.17350691169685,0.0,0.0,-250.00000223057026,-6.992885928818779,-7.019179338373672,-6.179411335766258,-0.2504017457580598,-0.25072177405553925,-0.2505659007011727
4.0,-0.005624188210041237,-0.005636211263412794,-0.005236834468483942,0.0009904310022480272,0.000992059961074582,0.0009064623048245708,0.003287707383999715,0.0032846502323542947,0.00339414953251759,19.181950665421784,19.181950665421784,19.181950665421784,19.504136170004298,19.504824940792957,19.481947244482015,0.0,0.0,-250.0,-0.05951311085871705,0.03229084530695801,-251.17145366871432,0.0,0.0,-250.00000223057026,-6.9758052331527285,-7.00203052634864,-6.164954433685028,-0.2503977008347537,-0.25071734221058,-0.2505720552877775
4.01,-0.005614289339156198,-0.00562629025589767,-0.00522777070077074,0.0009893393293128373,0.0009920292430261413,0.0009064394305930833,0.0032902319848940164,0.0032871714978551314,0.0033966049193591783,19.181950665421784,19.181950665421784,19.181950665421784,19.503569072937914,19.504256514702078,19.481427925143905,0.0,0.0,-250.0,-0.059384887720057636,0.03222082498854791,-251.16940113259008,0.0,0.0,-250.00000223057026,-6.95876626531032,-6.984900542522423,-6.150496956070095,-0.2503938597894362,-0.25071271906424075,-0.2505772807520674
4.02,-0.0056044050543950785,-0.005616373420437637,-0.0052187026582201645,0.0009875890921842178,0.0009912955271031616,0.0009072067015241317,0.0032927601045220703,0.003289699029087308,0.003399065774358138,19.181950665421784,19.181950665421784,19.181950665421784,19.503002848990302,19.503688367930813,19.480908316704504,0.0,0.0,-250.0,-0.05925814542927122,0.03215344330162895,-251.1673496708605,0.0,0.0,-250.00000223057026,-6.941781622584425,-6.9678038087344385,-6.13602421328021,-0.2503904242408481,-0.2507081558200051,-0.25058138977994104
4.03,-0.005594541564321598,-0.0056064677197787405,-0.005209623526746476,0.0009852534327174948,0.0009898769539398867,0.0009085640181509031,0.003295290061071884,0.003292231006108641,0.0034015340411476785,19.181950665421784,19.181950665421784,19.181950665421784,19.502437849522646,19.503120898151536,19.480388040298216,0.0,0.0,-250.0,-0.05913490402090454,0.03208972734755086,-251.16529974195436,0.0,0.0,-250.00000223057026,-6.924861785293389,-6.950753694365135,-6.121525816954627,-0.25038755020333486,-0.25070387375856396,-0.25058426894305746
4.04,-0.005584704859858458,-0.005596579729658768,-0.005200528556214001,0.000982232011581869,0.0009878281815656723,0.0009103018160856809,0.0032978884301762892,0.00329476567027172,0.0034040111210848854,19.181950665421784,19.181950665421784,19.181950665421784,19.50187442620459,19.502554478803262,19.479866835781344,0.0,0.0,-250.0,-0.05901681163086426,0.032030563237639774,-251.16325192200486,0.0,0.0,-250.00000223057026,-6.907861800692327,-6.933772397291293,-6.1070062843056485,-0.25038258233631916,-0.2507002486498685,-0.2505860754025964
4.05,-0.005574903289179645,-0.0055867156074075885,-0.005191415081763573,0.0009783457282368634,0.0009851188434896801,0.0009122142629297088,0.0033004980113374473,0.0032973528450821474,0.003406497854610579,19.181950665421784,19.181950665421784,19.181950665421784,19.501313064513607,19.501989466465687,19.47934456220462,0.0,0.0,-250.0,-0.05890516248911829,0.031977085340813595,-251.16120708010067,0.0,0.0,-250.00000223057026,-6.890938333302456,-6.916742876931746,-6.092461971499143,-0.25037872020637436,-0.250695040459047,-0.25058679389134614
4.06,-0.005565144300364366,-0.005576883705865676,-0.0051822824262955924,0.0009738185439578793,0.000981484140612414,0.0009141097012611371,0.0033031031912537923,0.0032999690031512846,0.003408994536563322,19.181950665421784,19.181950665421784,19.181950665421784,19.500754177955294,19.501426353080472,19.47882119164696,0.0,0.0,-250.0,-0.058801308953050656,0.031929838772545786,-251.15916630421444,0.0,0.0,-250.00000223057026,-6.874127637574348,-6.899734928527401,-6.077887777119838,-0.25037623137219106,-0.2506900116920821,-0.2505863803202019
4.07,-0.005555432995161924,-0.005567092415933728,-0.005173131716333268,0.0009688887453594002,0.0009771079608083964,0.0009158178569273721,0.0033057023729171726,0.003302581388466139,0.003411500957331109,19.181950665421784,19.181950665421784,19.181950665421784,19.500198045166485,19.500865607754204,19.478296798269074,0.0,0.0,-250.0,-0.05870627840518028,0.03188884450392334,-251.15713061348706,0.0,0.0,-250.00000223057026,-6.8574287332308295,-6.8828314841378155,-6.063283315674546,-0.25037504612738815,-0.2506862622332965,-0.25058489758683855
4.08,-0.005545772098743962,-0.005557347884184605,-0.005163965636911294,0.0009637913296399694,0.0009722224189072486,0.0009171955171610074,0.003308294584294144,0.0033051881324150777,0.003414016462168195,19.181950665421784,19.181950665421784,19.181950665421784,19.499644808886146,19.50030756930593,19.477771543946087,0.0,0.0,-250.0,-0.05862053109186733,0.031853779239128806,-251.15510080589254,0.0,0.0,-250.00000223057026,-6.840841045594685,-6.866039337080487,-6.0486561405657415,-0.25037508598912084,-0.2506838386035437,-0.2505825175017289
4.09,-0.00553616206690094,-0.005547653907721883,-0.005154788133962529,0.000958744840617944,0.0009670626471556488,0.0009181311374769025,0.00331087946446342,0.0033077879776585474,0.003416540026314829,19.181950665421784,19.181950665421784,19.181950665421784,19.499094482838018,19.499752441848067,19.47724566096295,0.0,0.0,-250.0,-0.058543993657803474,0.031824028725086134,-251.15307743981452,0.0,0.0,-250.00000223057026,-6.824360035889151,-6.849360685321651,-6.03401613064942,-0.250376210739903,-0.25068270909219137,-0.25057944155070083
4.1,-0.005526601311610979,-0.005538011978892976,-0.005145604082007871,0.0009539406692852201,0.0009618534512948236,0.000918547372709262,0.0033134572160669184,0.0033103802811142785,0.0034190703417807528,19.181950665421784,19.181950665421784,19.181950665421784,19.498546965252512,19.499200298102284,19.476719432841275,0.0,0.0,-250.0,-0.05847611766184734,0.031798752190933005,-251.15106083112525,0.0,0.0,-250.00000223057026,-6.807977905104516,-6.832793512814472,-6.019374732912284,-0.2503782334778315,-0.25068277417069007,-0.2505758873731186
4.11,-0.0055170865184923645,-0.005528421452475896,-0.005136418937695342,0.0009495351368413561,0.0009567980326418484,0.0009184015987103139,0.003316028530509607,0.003312964982625538,0.003421605910221087,19.181950665421784,19.181950665421784,19.181950665421784,19.498002057492453,19.498651089611556,19.476193174469714,0.0,0.0,-250.0,-0.058415957842778685,0.03177695280454369,-251.14905106428012,0.0,0.0,-250.00000223057026,-6.791684405243197,-6.816332160768298,-6.00474420021168,-0.2503809366372116,-0.250683879483382,-0.25057207576070345
4.12,-0.005507613027411651,-0.005518879812383082,-0.005127238398383527,0.0009456444951850889,0.0009520691662110308,0.0009176846012061204,0.0033185944932072322,0.00331554254472337,0.003424145136555785,19.181950665421784,19.181950665421784,19.181950665421784,19.497459486130047,19.498104662511707,19.475667212627148,0.0,0.0,-250.0,-0.058362263821890345,0.031757549553548654,-251.1470480150711,0.0,0.0,-250.00000223057026,-6.775467699069629,-6.799968036035587,-5.9901368645484,-0.2503840879490425,-0.25068583040958003,-0.25056821880584934
4.13,-0.005498175247195536,-0.005509383012022306,-0.0051180680827618286,0.0009423427969794461,0.0009478030449919869,0.0009164176844785844,0.0033211564765290484,0.0033181138699193364,0.0034266864184657984,19.181950665421784,19.181950665421784,19.181950665421784,19.49691892681424,19.49756077736979,19.47514186785735,0.0,0.0,-250.0,-0.058313578867071086,0.031739446363996025,-251.14505138232033,0.0,0.0,-250.00000223057026,-6.759315213484026,-6.783690402238545,-5.975564480302932,-0.25038745543278174,-0.25068840721911867,-0.2505645097036098
4.14,-0.005488767076767931,-0.005499925861299382,-0.005108913247651392,0.0009396624284960361,0.0009440958295903225,0.0009146485079788503,0.003323716027949326,0.003320680202521749,0.0034292282275822502,19.181950665421784,19.181950665421784,19.181950665421784,19.496380028355233,19.497019131540153,19.474617438487638,0.0,0.0,-250.0,-0.05826833962482061,0.03172159486800335,-251.14306072562445,0.0,0.0,-250.00000223057026,-6.743214438298779,-6.76748720084091,-5.961037664647367,-0.2503908206705117,-0.25069137992138885,-0.2505611145731933
4.15,-0.005479382307837233,-0.005490502433723288,-0.005099778551846068,0.0009375969697319246,0.0009410027888917116,0.0009124459929428574,0.003326274760365967,0.0033232430220699336,0.003431769179015755,19.181950665421784,19.181950665421784,19.181950665421784,19.495842435620883,19.496479382524857,19.47409418739402,0.0,0.0,-250.0,-0.05822497131785867,0.03170304796714152,-251.14107550628123,0.0,0.0,-250.00000223057026,-6.727153630850732,-6.751345853690115,-5.946565454445542,-0.25039398979882466,-0.25069452202653614,-0.2505581665215351
4.16,-0.005470014988164185,-0.00548110646894856,-0.0050906678743423694,0.0009361059516642353,0.0009385397876670571,0.0009098946540176682,0.003328834250648196,0.003325803935177788,0.003434308086796044,19.181950665421784,19.181950665421784,19.181950665421784,19.49530581006843,19.49594117094002,19.473572331913473,0.0,0.0,-250.0,-0.05818197372735264,0.031683002157435074,-251.13909512869975,0.0,0.0,-250.00000223057026,-6.711122396805347,-6.735254005022094,-5.932154990858643,-0.25039680184898233,-0.2506976225851469,-0.2505557620312024
4.17,-0.005460659729094153,-0.005471731749114472,-0.005081584190779087,0.000935121021380051,0.0009366867754960533,0.0009070887043207056,0.003331395951330156,0.00332836457192768,0.003436844003749856,19.181950665421784,19.181950665421784,19.181950665421784,19.49476984700515,19.495404141868335,19.47305203710247,0.0,0.0,-250.0,-0.05813799427054961,0.0316608274259794,-251.13711897990822,0.0,0.0,-250.00000223057026,-6.695112127980492,-6.7192001689672685,-5.917811335036178,-0.2503991342597843,-0.2507004960385019,-0.25055395962489657
4.18,-0.005451311946095383,-0.00546237243121489,-0.005072529508541368,0.0009345530014901088,0.0009353928603982409,0.0009041262585788843,0.0033339611190655776,0.0033309264920351597,0.003439376245286044,19.181950665421784,19.181950665421784,19.181950665421784,19.494234288962183,19.494867963604108,19.472533412349343,0.0,0.0,-250.0,-0.05809188556893996,0.03163608435139636,-251.13514646517152,0.0,0.0,-250.00000223057026,-6.679116288396418,-6.7031742575950295,-5.9035374110713486,-0.2504009055694501,-0.25070298958419085,-0.25055278064458714
4.19,-0.005441968026159094,-0.005453023322142148,-0.005063504857934775,0.0009342993380651361,0.0009345825105350396,0.0009011039210217732,0.0033365307620974926,0.0033334911048973383,0.0034419043974342946,19.181950665421784,19.181950665421784,19.181950665421784,19.493698934858408,19.49433234305178,19.47201651117567,0.0,0.0,-250.0,-0.05804274601461521,0.03160852879585162,-251.13317703819834,0.0,0.0,-250.00000223057026,-6.663130549439157,-6.687167973879378,-5.889334066145408,-0.250402075453215,-0.25070498793104384,-0.25055221188942867
4.2,-0.00543262542080214,-0.005443680087695635,-0.0050545103342297115,0.0009342514671513337,0.0009341624169462904,0.0008981119959227919,0.003339105607657762,0.003336059606424421,0.0034444283102582074,19.181950665421784,19.181950665421784,19.181950665421784,19.49316364490889,19.49379703730572,19.471501333915484,0.0,0.0,-250.0,-0.05798994291619134,0.03157810522875094,-251.13121022490844,0.0,0.0,-250.00000223057026,-6.647152783558724,-6.671175063119829,-5.875200232708375,-0.2504026424061973,-0.2507064154744623,-0.25055220978569864
4.21,-0.00542328266780423,-0.005434339391446885,-0.00504554518330147,0.0009343016884782397,0.0009340285667083701,0.000895230502711188,0.0033416860889711386,0.003338632934314769,0.0034469480784044184,19.181950665421784,19.181950665421784,19.181950665421784,19.492628341480422,19.49326186120145,19.470987832845324,0.0,0.0,-250.0,-0.057933118790088174,0.03154493024705597,-251.129245640223,0.0,0.0,-250.00000223057026,-6.6311829329321235,-6.655191424828954,-5.861133173784616,-0.2504026394713086,-0.2507072360609235,-0.2505527057155338
4.22,-0.005413939348523744,-0.0054249989636605545,-0.005036607922096814,0.0009343492102636928,0.000934073115198552,0.0008925261179988921,0.0033442723504555436,0.003341211742240358,0.00344946401103837,19.181950665421784,19.181950665421784,19.181950665421784,19.492093006305197,19.49272669087312,19.470475919256128,0.0,0.0,-250.0,-0.05787218221246775,0.031509268239738195,-251.12728299779764,0.0,0.0,-250.00000223057026,-6.615222774793898,-6.639215094512213,-5.847128790103712,-0.25040212847810456,-0.2507074506234599,-0.25055361210888527
4.23,-0.00540459599053239,-0.005415657604278701,-0.005027696484265709,0.0009343051148517984,0.0009341907035565551,0.0008900501070994569,0.0033468642688281288,0.0033437963923227468,0.003451976593741148,19.181950665421784,19.181950665421784,19.181950665421784,19.49155767462446,19.492191463566677,19.46996547191008,0.0,0.0,-250.0,-0.05780728532940564,0.031471501375466795,-251.12532211302587,0.0,0.0,-250.00000223057026,-6.599275608565344,-6.623246110824449,-5.833181966732263,-0.25040119329034727,-0.25070709305457783,-0.2505548289038428
4.24,-0.0053952539273132705,-0.005406315127140571,-0.005018808380987172,0.0009340960851348361,0.0009342839377434999,0.0008878372507299962,0.0033494614871744854,0.0033463869643450576,0.0034544864451025266,19.181950665421784,19.181950665421784,19.181950665421784,19.491022426943676,19.491656174135493,19.469456346311155,0.0,0.0,-250.0,-0.05773879062219021,0.03143209617800828,-251.12336289997796,0.0,0.0,-250.00000223057026,-6.5833458915034315,-6.607286288129188,-5.819286937122143,-0.2503999325596805,-0.25070622473855136,-0.25055625000158427
4.25,-0.0053859151278787265,-0.005396972255016175,-0.005009940867248097,0.0009336668206660556,0.0009342678234676717,0.0008859057211823029,0.0033520634586239424,0.003348983279400972,0.0034569942707493332,19.181950665421784,19.181950665421784,19.181950665421784,19.49048737913948,19.491120868778562,19.468948384234093,0.0,0.0,-250.0,-0.05766722982939638,0.03139156890516673,-251.12140536319845,0.0,0.0,-250.00000223057026,-6.56743884948504,-6.5913389174022745,-5.805437643855337,-0.25039845245441295,-0.2507049281906577,-0.250557769380651
4.26,-0.005376582009411324,-0.005387630476653804,-0.005001091104542221,0.0009329811551463889,0.0009340730315575571,0.0008842578183993795,0.003354669496097429,0.0033515849351412217,0.003459500817410129,19.181950665421784,19.181950665421784,19.181950665421784,19.489952671667996,19.4905856366698,19.46844142299961,0.0,0.0,-250.0,-0.057593258044703735,0.031350451778374165,-251.11944958545993,0.0,0.0,-250.00000223057026,-6.5515600879167195,-6.575408419774744,-5.791628077674454,-0.25039685978012705,-0.25070330024971094,-0.25055928658732907
4.27,-0.005367257245504464,-0.005378291877857988,-0.004992256312048138,0.0009320219595275996,0.0009336479464298922,0.000882881441568456,0.003357278824637563,0.003354191349453856,0.003462006829360832,19.181950665421784,19.181950665421784,19.181950665421784,19.489418458589938,19.490050600169067,19.467935304048208,0.0,0.0,-250.0,-0.057517605951986295,0.03130926184596816,-251.1174957126605,0.0,0.0,-250.00000223057026,-6.5357152248983015,-6.559499976862545,-5.777852579407336,-0.2503952558390059,-0.2507014452443529,-0.25056071138020913
4.28,-0.0053579435814005705,-0.005368958958689274,-0.0049834338997358785,0.0009307899743829183,0.000932959522079453,0.0008817521468851633,0.0033598906330662296,0.0033568018092961097,0.003464513009243079,19.181950665421784,19.181950665421784,19.181950665421784,19.488884897057027,19.48951590430608,19.467429880445845,0.0,0.0,-250.0,-0.05744103294878405,0.03126847392913854,-251.11554393706643,0.0,0.0,-250.00000223057026,-6.519909564979067,-6.543619160592541,-5.764106092910016,-0.25039373129316517,-0.2506994685079061,-0.25056196737373476
4.29,-0.0053486436659295755,-0.005359634448279471,-0.004974621578437199,0.0009293017596012841,0.0009319930323278361,0.0008808356273555729,0.0033625041221098714,0.0033594155214696298,0.0034670199848271495,19.181950665421784,19.181950665421784,19.181950665421784,19.488352137804632,19.48898170619037,19.466925023046546,0.0,0.0,-250.0,-0.05736428357233113,0.031228498718743985,-251.11359448004305,0.0,0.0,-250.00000223057026,-6.504147827440029,-6.52777158271035,-5.750384360926184,-0.250392362209873,-0.25069747055540614,-0.2505629945935695
4.3,-0.005339359907799934,-0.005350321127602475,-0.004965817443585985,0.0009275869780457025,0.0009307508525550709,0.000880090445583507,0.0033651185466460846,0.003362031662370083,0.0034695282828339424,19.181950665421784,19.181950665421784,19.181950665421784,19.487820317076586,19.488448164931597,19.466420625132866,0.0,0.0,-250.0,-0.057288049213737695,0.03118966669307861,-251.11164757530594,0.0,0.0,-250.00000223057026,-6.488433938348405,-6.511962580823424,-5.736684059554215,-0.25039120737916565,-0.25069554216533896,-0.25056375092193595
4.31,-0.005330094361644722,-0.005341021668950396,-0.0049570200310146695,0.0009256852428332991,0.0009292504474095999,0.0008794708546995859,0.003367733250314868,0.003364649424117688,0.00347203831045898,19.181950665421784,19.181950665421784,19.181950665421784,19.487289550278522,19.48791543256148,19.46591660545116,0.0,0.0,-250.0,-0.057212936613260414,0.031152218134237613,-251.1097034535635,0.0,0.0,-250.00000223057026,-6.47277089095707,-6.496196953951383,-5.723002870655648,-0.2503903069118222,-0.250693760532077,-0.2505642124712184
4.32,-0.005320848646923115,-0.005331738498979555,-0.004948228344776984,0.0009236427563639742,0.0009275217625213371,0.0008789295547939287,0.0033703476913635854,0.003367268054950627,0.003474550344785981,19.181950665421784,19.181950665421784,19.181950665421784,19.48675992752434,19.487383646339094,19.465412909648585,0.0,0.0,-250.0,-0.057139444112145894,0.031116299152427283,-251.10776232923928,0.0,0.0,-250.00000223057026,-6.457160674620496,-6.4804787564129045,-5.709339494825718,-0.2503896820521519,-0.2506921865782907,-0.25056437297578216
4.33,-0.005311623900569773,-0.005322473690146545,-0.004939441858161253,0.0009215089549619291,0.0009256042283286019,0.0008784204858378015,0.0033729614592138933,0.003369886892301664,0.00347705824674971,19.181950665421784,19.181950665421784,19.181950665421784,19.48623151111481,19.486852922703854,19.464909509824842,0.0,0.0,-250.0,-0.057067947093306655,0.031081963869964715,-251.10582438929188,0.0,0.0,-250.00000223057026,-6.441603470274707,-6.464810357120214,-5.695705223313931,-0.25038931241577206,-0.25069083979919127,-0.2505645865234043
4.34,-0.005302420762996918,-0.005313228884066601,-0.004930659638321788,0.0009193331206523987,0.0009235433293543266,0.0008781009113460396,0.003375574281743967,0.003372505387463678,0.003479514223724986,19.181950665421784,19.181950665421784,19.181950665421784,19.48570433493187,19.486323353085705,19.464406342452758,0.0,0.0,-250.0,-0.05699884851543807,0.031049272096814406,-251.10388971021925,0.0,0.0,-250.00000223057026,-6.42609361746542,-6.449188281240285,-5.68218334489691,-0.25038911028554334,-0.250689670435504,-0.25056591035493175
4.35,-0.005293239398265648,-0.005304005252234845,-0.004921879263493967,0.0009171612393903906,0.0009213869138259618,0.0008780139347847852,0.0033781860227604984,0.0033751231200697517,0.003481973016208639,19.181950665421784,19.181950665421784,19.181950665421784,19.485178405764223,19.485795001858275,19.463903267958354,0.0,0.0,-250.0,-0.05693267869277193,0.03101835706731713,-251.1019582069977,0.0,0.0,-250.00000223057026,-6.410637655187312,-6.433621127255661,-5.668668211024659,-0.2503891629303516,-0.250688799921531,-0.2505667106745962
4.36,-0.005284079535284425,-0.005294803484630517,-0.004913098887829759,0.0009150345784258094,0.0009191830510763154,0.000878072152412771,0.003380796672431295,0.0033777398039079353,0.0034844351643164096,19.181950665421784,19.181950665421784,19.181950665421784,19.48465370574738,19.485267905806584,19.463400185596225,0.0,0.0,-250.0,-0.056869795197181945,0.030989261104058242,-251.10002977802787,0.0,0.0,-250.00000223057026,-6.395234287993083,-6.418109451602265,-5.6551583239883225,-0.25038943813519565,-0.25068822521965956,-0.2505669845528207
4.37,-0.00527494052411015,-0.005285623800674322,-0.004904317533057423,0.0009129880211404101,0.0009169776074780924,0.0008781900738257445,0.0033834063333923383,0.0033803552865568267,0.003486900966586495,19.181950665421784,19.181950665421784,19.181950665421784,19.48413019568483,19.4847420748945,19.462897044188512,0.0,0.0,-250.0,-0.05681035693711947,0.03096192832104893,-251.09810432353143,0.0,0.0,-250.00000223057026,-6.379881572183217,-6.402652872072062,-5.6416538331615085,-0.25038989432126724,-0.2506879277836545,-0.25056676148846196
4.38,-0.005265821407311688,-0.005276465983655165,-0.004895535044961763,0.0009110487832179364,0.0009148120578578125,0.0008782883946693234,0.0033860152021323872,0.0033829695421438676,0.0034893704878915313,19.181950665421784,19.181950665421784,19.181950665421784,19.483607819207197,19.484217494360113,19.462393839396057,0.0,0.0,-250.0,-0.056754336711433685,0.030936218068798274,-251.09618174991905,0.0,0.0,-250.00000223057026,-6.364577086618684,-6.387250183086323,-5.628156344720417,-0.2503904841696124,-0.2506878765172851,-0.2505660936396014
4.39,-0.0052567210010768806,-0.0052673294345230715,-0.00488675201191352,0.0009092356907836057,0.0009127217634958689,0.0008782974377225337,0.003388623547020483,0.003385582658176193,0.0034918435786470015,19.181950665421784,19.181950665421784,19.181950665421784,19.48308650745752,19.48369412789368,19.46189060885812,0.0,0.0,-250.0,-0.056701542120654876,0.03091192153292132,-251.09426197350606,0.0,0.0,-250.00000223057026,-6.349318111834178,-6.371899501709014,-5.614668677337256,-0.250391157853303,-0.250688030748411,-0.2505650506842167
4.4,-0.005247637980526465,-0.005258213240133536,-0.004877969653697356,0.000907559001160169,0.0009107347571135989,0.000878159727714188,0.003391228493266462,0.003388194817753984,0.003494319903116723,19.181950665421784,19.181950665421784,19.181950665421784,19.482566183785696,19.483171921614403,19.461387425680268,0.0,0.0,-250.0,-0.056651642849788936,0.03088877964014396,-251.09234492318058,0.0,0.0,-250.00000223057026,-6.33410839765456,-6.356597980774545,-5.601194128359361,-0.25039206491606436,-0.25068832972671246,-0.25056370065881706
4.41,-0.005238568978246871,-0.005249116252354136,-0.0048691896912562704,0.0009065213484484594,0.0009088705227689719,0.0008778310850851086,0.003393680164509209,0.0033908062784374126,0.0034967989742755914,19.181950665421784,19.181950665421784,19.181950665421784,19.482046621457748,19.482650808679576,19.46088439092495,0.0,0.0,-250.0,-0.05660420216450086,0.030866060098439944,-251.09043036038275,0.0,0.0,-250.00000223057026,-6.319241035073695,-6.3413225771087465,-5.587716761489983,-0.2503981501453384,-0.25068837072061606,-0.25056177929568674
4.42,-0.0052295048980569026,-0.005240035962026823,-0.004860414220728304,0.0009064460814998127,0.0009074972685744323,0.0008772793773763586,0.0033961347536805245,0.0033932828147334162,0.0034992801892062423,19.181950665421784,19.181950665421784,19.181950665421784,19.481527287289943,19.482130619403414,19.460381626462905,0.0,0.0,-250.0,-0.05655846171033688,0.030842233515224807,-251.0885175649374,0.0,0.0,-250.00000223057026,-6.304354848883326,-6.326361670671609,-5.5742463818838015,-0.25040263483647196,-0.25069336200798714,-0.2505594737226172
4.43,-0.005220437142475942,-0.005230963877399575,-0.00485164559034601,0.0009071466835196414,0.0009071081834307569,0.0008764852965807275,0.0033985946613891817,0.003395738973823219,0.0035017628627550985,19.181950665421784,19.181950665421784,19.181950665421784,19.48100769920487,19.481610844391508,19.459879267864,0.0,0.0,-250.0,-0.05651274402198782,0.03081641349552856,-251.08660547587684,0.0,0.0,-250.00000223057026,-6.289454964820852,-6.31145600395282,-5.5608063249130915,-0.25040604814786543,-0.25069793384196876,-0.25055721919068147
4.44,-0.0052113590572249735,-0.005221891035086301,-0.004842886259731338,0.000908420197207537,0.0009075372154887699,0.000875444664913358,0.003401061787814708,0.003398199649292744,0.0035042462655209272,19.181950665421784,19.181950665421784,19.181950665421784,19.480487487647686,19.481090980132223,19.45937745620444,0.0,0.0,-250.0,-0.056465372686174374,0.030788034482902113,-251.08469318587362,0.0,0.0,-250.00000223057026,-6.274536833308055,-6.296545992299708,-5.547405798535017,-0.25040834726496247,-0.25070154897415475,-0.2505551446422778
4.45,-0.005202266071492934,-0.00521281028463394,-0.004834138647397457,0.0009100557950056508,0.0009085943530207845,0.0008741681067163982,0.0034035374845575936,0.003400666863627909,0.0035067296671198204,19.181950665421784,19.181950665421784,19.181950665421784,19.47996640281502,19.480570627917718,19.458876329367325,0.0,0.0,-250.0,-0.05641495223456401,0.030756737996918585,-251.0827800620442,0.0,0.0,-250.00000223057026,-6.259596601950107,-6.2816220640915725,-5.534049890182227,-0.2504095318993615,-0.2507041045683121,-0.2505533336738049
4.46,-0.005193155708311914,-0.005203716447427231,-0.004825404993760052,0.0009118469988780933,0.0009100783835242606,0.0008726789531622158,0.003406022539478512,0.0034031421241945345,0.003509212376475959,19.181950665421784,19.181950665421784,19.181950665421784,19.479444314557284,19.48004950258994,19.45837601431725,0.0,0.0,-250.0,-0.05636041096611346,0.03072237079804044,-251.08086574707957,0.0,0.0,-250.00000223057026,-6.244634065213152,-6.266678409247795,-5.520742557854359,-0.250409661819602,-0.25070556443077757,-0.2505518470591826
4.47,-0.005184027481180742,-0.005194606363218834,-0.0048166872480421286,0.0009136022929138657,0.0009117886310038683,0.0008710106402388013,0.0034085171934840845,0.0034056263987738136,0.0035116937759376325,19.181950665421784,19.181950665421784,19.181950665421784,19.478921205858153,19.47952743454064,19.457876620771806,0.0,0.0,-250.0,-0.056301022589700246,0.030684971796149204,-251.0789501457841,0.0,0.0,-250.00000223057026,-6.2296522612924,-6.251712854512556,-5.507486521013383,-0.25040884689984866,-0.2507059534116042,-0.2505507217074652
4.48,-0.005174882695301808,-0.005185478826358614,-0.004807986983065171,0.0009151537362969498,0.000913535339234698,0.0008692037973813592,0.003411021184863229,0.0034081201218442237,0.0035141733478930926,19.181950665421784,19.181950665421784,19.181950665421784,19.478397160965166,19.479004365471802,19.457378236487443,0.0,0.0,-250.0,-0.05623640744007803,0.03064474984165874,-251.0770333992507,0.0,0.0,-250.00000223057026,-6.214656939517395,-6.236726563463478,-5.494283230611106,-0.25040723558764133,-0.2507053492598485,-0.25054997104248583
4.49,-0.005165724174856723,-0.0051763344275052026,-0.004799305339930504,0.0009163633396127536,0.0009151483135470022,0.0008673032239568203,0.0034135338157823807,0.0034106232279038935,0.0035166506931172898,19.181950665421784,19.181950665421784,19.181950665421784,19.477872349411648,19.4784803388421,19.456880924263192,0.0,0.0,-250.0,-0.05616651540655613,0.03060205457872514,-251.07511584948656,0.0,0.0,-250.00000223057026,-6.199655941743377,-6.221723596809257,-5.481132911747814,-0.2504050025924552,-0.25070387264707183,-0.25054958663567584
4.5,-0.005156555939297036,-0.005167175319732431,-0.004790643002688888,0.000917127114923059,0.0009164835689153362,0.0008653549363571157,0.0034160540349545904,0.003413135207134938,0.003519125540628409,19.181950665421784,19.181950665421784,19.181950665421784,19.477347007250792,19.477955486096842,19.456384720657628,0.0,0.0,-250.0,-0.056091593441514764,0.03055734268704556,-251.07319799748177,0.0,0.0,-250.00000223057026,-6.184658540870704,-6.206710371766096,-5.468034669136044,-0.2504023365476282,-0.25070167608700855,-0.2505495408717883
4.51,-0.00514738285176658,-0.00515800492973062,-0.0047820002013938545,0.0009173768454617312,0.0009174278650114842,0.0008634034452367012,0.0034185805302889873,0.003415655178072124,0.003521597749335908,19.181950665421784,19.181950665421784,19.181950665421784,19.476821416823,19.477430009873352,19.45588963631804,0.0,0.0,-250.0,-0.056012141012684126,0.03051114184118619,-251.0712804577117,0.0,0.0,-250.00000223057026,-6.169674777025271,-6.191695060130559,-5.454986643125815,-0.25039942831381434,-0.2506989324536454,-0.2505497903937132
4.52,-0.005138210261767029,-0.005148827635431896,-0.004773376429327514,0.000917079671642222,0.0009179010621727609,0.0008616184348105187,0.0034211118254779153,0.0034181819716520854,0.003523983226539691,19.181950665421784,19.181950665421784,19.181950665421784,19.476295886319885,19.476904165409973,19.45539562978662,0.0,0.0,-250.0,-0.05592892984507158,0.03046405657188225,-251.06936387724224,0.0,0.0,-250.00000223057026,-6.1547049897592885,-6.176677133893966,-5.442129387865633,-0.2503962722042653,-0.2506956356246117,-0.25055298336366016
4.53,-0.0051290436676744156,-0.005139648437203326,-0.00476476671743109,0.0009162347384063889,0.0009178551940829166,0.0008605518765281678,0.0034236463739067795,0.003420714219921509,0.003526304742041694,19.181950665421784,19.181950665421784,19.181950665421784,19.47577073065282,19.476378241776526,19.454902386559446,0.0,0.0,-250.0,-0.055843529533223336,0.030417070646364987,-251.06744861453296,0.0,0.0,-250.00000223057026,-6.139762876030856,-6.161670371924078,-5.4294026929146355,-0.2503931459605155,-0.25069207882033856,-0.2505572872588561
4.54,-0.005119888414592211,-0.005130472643355699,-0.004756163821470816,0.0009148703704832062,0.0009172735777874077,0.0008601695400526694,0.0034261826435448258,0.003423250441810852,0.0035286269350784756,19.181950665421784,19.181950665421784,19.181950665421784,19.475246254290795,19.475852543893943,19.454409495259867,0.0,0.0,-250.0,-0.05575780270849774,0.030371258062694813,-251.06553491452095,0.0,0.0,-250.00000223057026,-6.124865533303768,-6.146692834503797,-5.416683747680304,-0.2503903080746935,-0.2506885502769221,-0.2505609711752375
4.55,-0.005110749418599625,-0.0051213055616891046,-0.004747561516702414,0.0009130406071155247,0.0009161694800195568,0.0008603561722269834,0.0034287191958259416,0.0034257891284813985,0.003530951522929901,19.181950665421784,19.181950665421784,19.181950665421784,19.47472273567832,19.475327374956176,19.453916605951502,0.0,0.0,-250.0,-0.055673447710630146,0.03032752500685003,-251.06362306399197,0.0,0.0,-250.00000223057026,-6.110020997219291,-6.131754287676829,-5.403962716534023,-0.2503878790934108,-0.2506852119330017,-0.25056390523455224
4.56,-0.005101630940642532,-0.00511215222033512,-0.004738954824645758,0.0009108194344939536,0.0009145822270317829,0.0008609807008590296,0.0034312547529109817,0.003428328822978142,0.0035332799041387945,19.181950665421784,19.181950665421784,19.181950665421784,19.4742004146157,19.474803020665995,19.45342344096335,0.0,0.0,-250.0,-0.0555919294519539,0.030286579382157487,-251.061713369825,0.0,0.0,-250.00000223057026,-6.095235550142621,-6.116863354702338,-5.391232479423252,-0.2503859440947462,-0.25068219871476755,-0.2505660099924323
4.57,-0.005092536421232419,-0.005103017133230525,-0.0047303401268002365,0.0009082945364400535,0.0009125723520751399,0.0008619042806006304,0.0034337882489942594,0.0034308681889081228,0.0035356131206632163,19.181950665421784,19.181950665421784,19.181950665421784,19.47367948314733,19.474279736079854,19.452929800945853,0.0,0.0,-250.0,-0.055514429468979706,0.03024891411536038,-251.0598061389019,0.0,0.0,-250.00000223057026,-6.0805135654159,-6.102027188171042,-5.378488697579127,-0.2503845519395649,-0.2506796144677894,-0.2505672551441434
4.58,-0.005083468378254519,-0.005093904117565218,-0.004721715200096732,0.0009055609893145051,0.0009102161688081521,0.0008629878860217713,0.0034363188645395023,0.0034334060657085913,0.0035379518413085967,19.181950665421784,19.181950665421784,19.181950665421784,19.47316008006695,19.473757735461525,19.452435566470793,0.0,0.0,-250.0,-0.05544181538709437,0.030214803496170232,-251.0579016607006,0.0,0.0,-250.00000223057026,-6.065857472912783,-6.087251253543161,-5.365729734711263,-0.2503837165796867,-0.25067752993473497,-0.25056765593357966
4.59,-0.005074428366472483,-0.0050848161670324354,-0.0047130791804566585,0.000902715251752228,0.00090760011552716,0.0008640991268751202,0.0034388460434047786,0.003435941509042818,0.0035402963650901474,19.181950665421784,19.181950665421784,19.181950665421784,19.47264228893913,19.47323718534421,19.45194069555819,0.0,0.0,-250.0,-0.05537462931964135,0.03018431137203804,-251.05600019317075,0.0,0.0,-250.00000223057026,-6.05126783425266,-6.07253922312906,-5.352956452781981,-0.25038342012221404,-0.2506759826596151,-0.250567267682869
4.6,-0.005065416994110394,-0.00507575538139271,-0.004704432463690622,0.0008998497442447178,0.0009048151887826532,0.0008651180326724461,0.0034413694937552725,0.003438473815789261,0.003542646642337396,19.181950665421784,19.181950665421784,19.181950665421784,19.472126139355744,19.472718200812345,19.451445217673328,0.0,0.0,-250.0,-0.05531309381791006,0.03015730952139729,-251.0541019522317,0.0,0.0,-250.00000223057026,-6.036743511378216,-6.057892973930322,-5.340171905668543,-0.25038361728763187,-0.25067497861274307,-0.2505661789104443
4.61,-0.005056433989291287,-0.005066722949888636,-0.004695776555074083,0.0008970482482442385,0.000901951745028611,0.0008659416307000425,0.0034438891744531736,0.0034410025339457343,0.0035450023107089145,19.181950665421784,19.181950665421784,19.181950665421784,19.471611611000956,19.4722008448463,19.450949224853083,0.0,0.0,-250.0,-0.0552571332499272,0.030133504169629375,-251.05220710498634,0.0,0.0,-250.00000223057026,-6.0222819089462805,-6.0433126781280455,-5.32738095662276,-0.25038424086413485,-0.25067449526462293,-0.25056450352619253
4.62,-0.005047478307201758,-0.005057719183524767,-0.004687113901897244,0.0008943822862900392,0.0008990949013850111,0.0008664715676368706,0.003446405269223661,0.0034435274585192946,0.003547384175347083,19.181950665421784,19.181950665421784,19.181950665421784,19.471098639992434,19.471685130431016,19.450452863596073,0.0,0.0,-250.0,-0.05520640037967096,0.03011246404288499,-251.0503157701324,0.0,0.0,-250.00000223057026,-6.007881726998362,-6.028799427384865,-5.3145540710236405,-0.25038526024262375,-0.25067453824266955,-0.25056161307391184
4.63,-0.005038548266168397,-0.005048743587604321,-0.004678449056898515,0.0008919089608468596,0.0008963211488864058,0.0008663906007517625,0.0034489181515025245,0.0034460486152875216,0.0035498227352565416,19.181950665421784,19.181950665421784,19.181950665421784,19.47058712679148,19.471171024896325,19.449956413168596,0.0,0.0,-250.0,-0.05516008408773811,0.030093520072839493,-251.04842813033218,0.0,0.0,-250.00000223057026,-5.993541468477607,-6.014353641405393,-5.3016531966151685,-0.250386612514404,-0.25067507115196663,-0.2505572831992152
4.64,-0.005029641698773402,-0.005039794961698207,-0.0046697887971415275,0.0008896695643666308,0.0008936957128699278,0.0008656283802861141,0.0034514283441869804,0.003448566236173723,0.0035522628663298295,19.181950665421784,19.181950665421784,19.181950665421784,19.47007694494529,19.47065845580106,19.44946026428133,0.0,0.0,-250.0,-0.055116980126361764,0.030075814827349494,-251.0465444238818,0.0,0.0,-250.00000223057026,-5.97924939779583,-5.999964961753013,-5.288782194322758,-0.25038810018735885,-0.2506759125290127,-0.2505531262026489
4.65,-0.00502075611903996,-0.005030871529681846,-0.004661139686425897,0.000887688192290294,0.0008912695995300961,0.0008642344520993074,0.0034539364744145436,0.0034510807260350147,0.0035547026563184873,19.181950665421784,19.181950665421784,19.181950665421784,19.469567950735403,19.470147318544868,19.4489647900103,0.0,0.0,-250.0,-0.055075846499912644,0.030058513803391,-251.0446648059141,0.0,0.0,-250.00000223057026,-5.964999974040744,-5.985628640066952,-5.2759522211820755,-0.250389624397907,-0.2506769688027178,-0.250549316318017
4.66,-0.00501188889274945,-0.005021971089850252,-0.004652507646207282,0.0008859722404288711,0.0008890783533602606,0.0008622841473232414,0.003456443225868468,0.0034535926223956213,0.003557140350523882,19.181950665421784,19.181950665421784,19.181950665421784,19.46905999290031,19.469637485032923,19.448470325185788,0.0,0.0,-250.0,-0.05503547958225563,0.030040852548026877,-251.04278934561637,0.0,0.0,-250.00000223057026,-5.950787877615591,-5.971339570427649,-5.263172789569745,-0.2503910949938738,-0.25067814498673086,-0.25054599260338856
4.67,-0.005003037397116994,-0.005013091171498507,-0.004643897732593383,0.0008845138521652176,0.0008871418344027123,0.0008598721760523818,0.003458949293054979,0.0034561025523174903,0.0035595744198130986,19.181950665421784,19.181950665421784,19.181950665421784,19.46855292169689,19.46912881265502,19.447977153984862,0.0,0.0,-250.0,-0.05499476972099482,0.03002216900685147,-251.04091803319835,0.0,0.0,-250.00000223057026,-5.936608274083583,-5.957092586200853,-5.250451471409166,-0.2503924345493825,-0.2506793497517656,-0.2505432556817195
4.68,-0.004994199162093815,-0.00500422918900606,-0.00463531397917849,0.0008832920466901934,0.0008854648379125031,0.0008571059570722598,0.0034614553399435026,0.0034586111890351316,0.003562003610565803,19.181950665421784,19.181950665421784,19.181950665421784,19.468046596871197,19.468621153073972,19.44748550130897,0.0,0.0,-250.0,-0.05495274650330639,0.030001927201438395,-251.0390507899697,0.0,0.0,-250.00000223057026,-5.92245702222942,-5.942882728784292,-5.237793729394616,-0.250393581225025,-0.2506804997611007,-0.25054116688488104
4.69,-0.004985371987545506,-0.004995382585656627,-0.004626759306342876,0.0008822753340477443,0.0008840384331689061,0.0008540990406200208,0.003463961964781411,0.0034611192106441284,0.0035644269760054404,19.181950665421784,19.181950665421784,19.181950665421784,19.467540894220303,19.468114360385506,19.44699552796248,0.0,0.0,-250.0,-0.05490861250424957,0.0299797319141885,-251.0371874806081,0.0,0.0,-250.00000223057026,-5.908330821131457,-5.928705477348951,-5.225202869711185,-0.25039449045676376,-0.25068152313542374,-0.2505397494149721
4.7,-0.004976554032534164,-0.004986548960796533,-0.004618235494341261,0.0008814246180081121,0.000882841874122124,0.0008509649346832299,0.00346646967235425,0.0034636272627852705,0.003566843889335115,19.181950665421784,19.181950665421784,19.181950665421784,19.46703571054041,19.467608298291648,19.446507329461276,0.0,0.0,-250.0,-0.05486176503102362,0.02995533455959888,-251.0353279267088,0.0,0.0,-250.00000223057026,-5.894227294958386,-5.9145569318452935,-5.212680105438898,-0.25039513551158776,-0.2506823619609296,-0.25053899124854545
4.71,-0.004967743874892794,-0.0049777261754899715,-0.004609743214683326,0.0008806961945197906,0.0008818449208127998,0.0008478115919482701,0.003468978854412148,0.0034661359268539447,0.0035692540399431963,19.181950665421784,19.181950665421784,19.181950665421784,19.46653096686846,19.467102846019483,19.446020938142205,0.0,0.0,-250.0,-0.054811806022987325,0.029928630861100435,-251.03347192075947,0.0,0.0,-250.00000223057026,-5.880145017755096,-5.90043394478558,-5.200224715580148,-0.2503955070055673,-0.25068297381324456,-0.2505388494537566
4.72,-0.004958940541120227,-0.004968912433474693,-0.004601282112063287,0.0008800446700003802,0.0008810104066631068,0.0008447367544503699,0.003471489778453427,0.003468645694814248,0.0035716574146368568,19.181950665421784,19.181950665421784,19.181950665421784,19.466026610028738,19.466597902811582,19.44553632811856,0.0,0.0,-250.0,-0.054758540838451726,0.02989965131102499,-251.03161923977498,0.0,0.0,-250.00000223057026,-5.86608348351259,-5.886334200446866,-5.187834281607969,-0.2503956115260107,-0.2506833323235977,-0.25053925555708445
4.73,-0.00495014350825379,-0.00496010633584143,-0.004592850927473913,0.0008794256480092106,0.0008802968918816141,0.0008418242899110378,0.003474002584575901,0.003471156951242167,0.003574054266384203,19.181950665421784,19.181950665421784,19.181950665421784,19.46552261258796,19.46609339090686,19.44505342253798,0.0,0.0,-250.0,-0.05470196713047299,0.02986854566341522,-251.02976965794488,0.0,0.0,-250.00000223057026,-5.85204302921445,-5.872256242981413,-5.175504981620501,-0.250395469532405,-0.25068342685988587,-0.25054012158462297
4.74,-0.004941352680730593,-0.004951306909400932,-0.004584447652142887,0.0008787980626590554,0.000879661256105562,0.0008391415910811786,0.0034765172896940406,0.0034736699627790106,0.0035764450733935527,19.181950665421784,19.181950665421784,19.181950665421784,19.46501897139819,19.465589257018117,19.44457210254519,0.0,0.0,-250.0,-0.05464225538258165,0.02983556288506041,-251.02792295778187,0.0,0.0,-250.00000223057026,-5.8380247202610365,-5.858199457407765,-5.163231921531811,-0.25039511273065096,-0.25068326143329384,-0.2505413464104893
4.75,-0.0049325678857294886,-0.004942513610370625,-0.004576069701881347,0.000878257813304864,0.0008790609857248805,0.0008367379228814274,0.00347898022729481,0.003476184874758234,0.003578830491517422,19.181950665421784,19.181950665421784,19.181950665421784,19.464515669296574,19.465085472416234,19.444092217362947,0.0,0.0,-250.0,-0.05457972290944421,0.029800920905285657,-251.0260788952546,0.0,0.0,-250.00000223057026,-5.824125662414306,-5.844157459265114,-5.151002930136615,-0.2503962948228051,-0.250682732795573,-0.25054270185019634
4.76,-0.0049237872171497,-0.0049337260152345075,-0.004567714105829623,0.0008779377468279632,0.0008785523341503195,0.0008346432020908323,0.0034814384901714025,0.0034786561014840322,0.0035812113020017976,19.181950665421784,19.181950665421784,19.181950665421784,19.464012591370395,19.46458200808339,19.4436135951703,0.0,0.0,-250.0,-0.054514740954476844,0.02976457618769635,-251.02423707867592,0.0,0.0,-250.00000223057026,-5.81024779225161,-5.83021937167443,-5.138812922914298,-0.2503970280905875,-0.2506834916176195,-0.25054410475360933
4.77,-0.004915008904055551,-0.004924942078100514,-0.004559377698375,0.0008777597571008785,0.0008782966336324809,0.0008328685907162041,0.003483899456540162,0.003481114783631562,0.0035835883568679627,19.181950665421784,19.181950665421784,19.181950665421784,19.46350964070497,19.46407873898351,19.443136054052868,0.0,0.0,-250.0,-0.05444745732893203,0.029726698507172484,-251.02239700711436,0.0,0.0,-250.00000223057026,-5.796381571479318,-5.816322437525952,-5.12666152765874,-0.2503973394518473,-0.25068413693574865,-0.2505455569162119
4.78,-0.004906231944939443,-0.004916159659000385,-0.004551057294906846,0.0008776481761603493,0.0008782173767848486,0.0008314088314436114,0.0034863634227057317,0.003483576389527356,0.003585962527483076,19.181950665421784,19.181950665421784,19.181950665421784,19.463006764231217,19.463575547226437,19.4426594119329,0.0,0.0,-250.0,-0.05437803885208462,0.029687578789435308,-251.02055824265562,0.0,0.0,-250.00000223057026,-5.782529148725896,-5.802437227379488,-5.11454535818712,-0.25039727930578726,-0.2506843399566097,-0.25054699436041156
4.79,-0.004897456067454786,-0.004907377446992711,-0.004542749842104787,0.0008775328578359267,0.0008782324922767147,0.0008302446898918684,0.0034888304784915433,0.0034860413069730195,0.003588334660070968,19.181950665421784,19.181950665421784,19.181950665421784,19.46250395032188,19.46307236238738,19.44218349504289,0.0,0.0,-250.0,-0.05430675415844443,0.029647548652793673,-251.01872046792263,0.0,0.0,-250.00000223057026,-5.768691853721994,-5.788563315618433,-5.102459464817215,-0.2503968923603959,-0.25068411940074103,-0.2505483406961691
4.8,-0.004888681655707772,-0.004898594930193734,-0.004534452544719791,0.0008773522389471718,0.0008782644210342706,0.000829345367871323,0.003491300524389177,0.0034885096987870385,0.0035907055377435845,19.181950665421784,19.181950665421784,19.181950665421784,19.462001224454877,19.462569159543882,19.44170814504944,0.0,0.0,-250.0,-0.05423395007104059,0.029606959642222687,-251.0168834871043,0.0,0.0,-250.00000223057026,-5.754871892826779,-5.77470152514385,-5.090399422577773,-0.2503962354994484,-0.25068351364529,-0.2505495317940292
4.81,-0.004879909651371528,-0.004889812330998389,-0.004526162966600467,0.0008770555882529293,0.0008782435765722263,0.0008286711894571707,0.0034937732967559197,0.0034909815173383247,0.0035930758495434324,19.181950665421784,19.181950665421784,19.181950665421784,19.46149864342349,19.462065955370388,19.44123322468668,0.0,0.0,-250.0,-0.054160026799480364,0.029566163253602753,-251.01504722092753,0.0,0.0,-250.00000223057026,-5.741072125478168,-5.7608537422130475,-5.078361478870847,-0.25039537335467726,-0.25068257658015225,-0.2505505174767513
4.82,-0.004871141436902815,-0.004881030511019513,-0.004517879104079581,0.0008766044207471961,0.0008781110087947512,0.0008281764059094123,0.0034962483988093818,0.003493456528255368,0.0035954461671817333,19.181950665421784,19.181950665421784,19.181950665421784,19.460996288568868,19.46156280254379,19.440758621800093,0.0,0.0,-250.0,-0.05408541287926596,0.029525492944789053,-251.01321169634824,0.0,0.0,-250.00000223057026,-5.727295832018979,-5.747022697531011,-5.0663426540786025,-0.2503943739816623,-0.25068137313344724,-0.2505512623831071
4.83,-0.004862378709114157,-0.0048722508540059994,-0.004509599431334332,0.0008759731006424214,0.0008778202252727321,0.0008278119761792771,0.003498725335121501,0.0034959343410913574,0.0035978169297229455,19.181950665421784,19.181950665421784,19.181950665421784,19.46049425850621,19.46105978293562,19.440284251786693,0.0,0.0,-250.0,-0.05401054112607898,0.0294852488549496,-251.01137703212189,0.0,0.0,-250.00000223057026,-5.7135464862399115,-5.733211728614272,-5.054340795461584,-0.2503933048567425,-0.2506799747325723,-0.2505517460521447
4.84,-0.004853623350897174,-0.004863475135189255,-0.004501322918674222,0.0008751486964780818,0.0008773381723469709,0.0008275281968038554,0.0035012035473925016,0.0034984144446165892,0.00360018843607061,19.181950665421784,19.181950665421784,19.181950665421784,19.459992661787332,19.460557000074687,19.439810058493382,0.0,0.0,-250.0,-0.053935826701672025,0.029445685742771517,-251.00954342147705,0.0,0.0,-250.00000223057026,-5.699827544164648,-5.719424537697877,-5.042354586827162,-0.25039222936975314,-0.2506784549401989,-0.25055196230704013
4.85,-0.00484487730807226,-0.004854705385245517,-0.004493049025858731,0.000874130183771577,0.0008766454210680629,0.000827277075970731,0.0035036824494736624,0.003500896244430499,0.00360256084476333,19.181950665421784,19.181950665421784,19.181950665421784,19.459491609893767,19.46005457134634,19.43933601369982,0.0,0.0,-250.0,-0.05386164817586615,0.02940700443713588,-251.00771111311542,0.0,0.0,-250.00000223057026,-5.686142258376763,-5.7056649580665875,-5.030383518237103,-0.25039120394048114,-0.25067688546843764,-0.25055191804162236
4.86,-0.00483614247725378,-0.0048459437564084,-0.004484777673475271,0.0008729271137773584,0.0008757356384431352,0.0008270143700308604,0.0035061614598794677,0.003503379100722851,0.0036049341803037456,19.181950665421784,19.181950665421784,19.181950665421784,19.458991210890815,19.459552620355364,19.438862115363918,0.0,0.0,-250.0,-0.05378833223085526,0.029369346883479218,-251.0058803916993,0.0,0.0,-250.00000223057026,-5.672493524742984,-5.691936739793441,-5.018427821428619,-0.2503902758387358,-0.2506753327319997,-0.2505516315293583
4.87,-0.004827420609346211,-0.004837192397304568,-0.004476509196083611,0.0008715578810790504,0.0008746144517244043,0.0008267012253777038,0.0035086400303646244,0.0035058623642458065,0.00360730834502659,19.181950665421784,19.181950665421784,19.181950665421784,19.458491563999424,19.459051269822762,19.438388384845574,0.0,0.0,-250.0,-0.05371614241070419,0.02933279467825721,-251.00405155887037,0.0,0.0,-250.00000223057026,-5.65888376585827,-5.678243363630321,-5.006488377599318,-0.2503894817411561,-0.25067385505535134,-0.25055113038374205
4.88,-0.004818713231926008,-0.004828453341899852,-0.00446824428127518,0.0008700477282005646,0.0008732978321118502,0.0008263053931385385,0.003511117669510835,0.0035083454088629474,0.0036096831353620183,19.181950665421784,19.181950665421784,19.181950665421784,19.457992755264385,19.458550635317764,19.43791486334789,0.0,0.0,-250.0,-0.053645272076640306,0.029297370814976867,-251.00222491569275,0.0,0.0,-250.00000223057026,-5.645314853089648,-5.664587889366673,-4.994566604787025,-0.2503888470151868,-0.25067250060255,-0.25055044930150594
4.89,-0.004810021592385472,-0.0048197284166160426,-0.004459983898987885,0.0008684266229812778,0.0008718101342974146,0.0008258020074137951,0.0035135939606529155,0.0035108276593963598,0.00361205826127208,19.181950665421784,19.181950665421784,19.181950665421784,19.457494854418652,19.458050820049873,19.43744160782512,0.0,0.0,-250.0,-0.053575841505581236,0.029263044230753953,-251.00040074723074,0.0,0.0,-250.00000223057026,-5.631788066826208,-5.650972842496332,-4.98266433224312,-0.2503883856831298,-0.25067130605373633,-0.2505496277160623
4.9,-0.004801346622406555,-0.004811019168296626,-0.004451729225390222,0.0008667271351449254,0.0008701819302240824,0.0008251739389253424,0.0035160685738475864,0.0035133086138725202,0.0036144333676239836,19.181950665421784,19.181950665421784,19.181950665421784,19.456997912969157,19.457551910866478,19.436968686603638,0.0,0.0,-250.0,-0.053507898868715466,0.029229736640291673,-250.99857930978018,0.0,0.0,-250.00000223057026,-5.618304092574349,-5.6374001406461245,-4.970783669006789,-0.25038810098897146,-0.25067029601162544,-0.25054870747901337
4.91,-0.004792688923144051,-0.004802326814340507,-0.004443481565430951,0.0008649824236462206,0.0008684477701286211,0.0008244117541536175,0.0035185412719360033,0.003515787859651523,0.0036168080563073217,19.181950665421784,19.181950665421784,19.181950665421784,19.45650196346222,19.45705397552403,19.436496174948836,0.0,0.0,-250.0,-0.05344142466221633,0.02919733108096834,-250.99676082107348,0.0,0.0,-250.00000223057026,-5.604863048918111,-5.623871059033763,-4.9589268733907685,-0.250387986467806,-0.25066948308607356,-0.2505477306739025
4.92,-0.004784048769484794,-0.004793652215051458,-0.004435242277762819,0.0008632244274234555,0.0008666439924812592,0.0008235133248745154,0.0035210119110551177,0.0035182650832906717,0.0036191819079968764,19.181950665421784,19.181950665421784,19.181950665421784,19.456007019829844,19.456557061228615,19.436024150787773,0.0,0.0,-250.0,-0.053376339033445616,0.029165681562686105,-250.99494545359218,0.0,0.0,-250.00000223057026,-5.591464542153428,-5.610386232326524,-4.947096229325122,-0.2503880274030507,-0.250668868576382,-0.2505467376490211
4.93,-0.004775426060761756,-0.0047849958671297155,-0.004427012705246369,0.0008615266829815575,0.0008648066784379203,0.0008224831340390234,0.0035234312086074087,0.0035207400743313237,0.003621554502601242,19.181950665421784,19.181950665421784,19.181950665421784,19.455513070350314,19.456061194380045,19.435552690769573,0.0,0.0,-250.0,-0.05331251135631193,0.0291345982336476,-250.99313332063406,0.0,0.0,-250.00000223057026,-5.578192422740327,-5.596939877576714,-4.935288120119088,-0.2503899446240555,-0.2506683232221027,-0.2505456448417789
4.94,-0.004766817351497088,-0.004776357896866701,-0.004418794117464042,0.000860443487859135,0.0008629881804002106,0.0008213303678996858,0.003525751762440148,0.0035231793925902706,0.0036239254371504886,19.181950665421784,19.181950665421784,19.181950665421784,19.455019885568344,19.455566377937238,19.435081867092364,0.0,0.0,-250.0,-0.0532497616022368,0.02910327948866073,-250.99132423098703,0.0,0.0,-250.00000223057026,-5.56510808448327,-5.583584541737799,-4.92349606831108,-0.2503939327304298,-0.2506690886060111,-0.250544364610647
4.95,-0.004758215673542343,-0.004767735574043308,-0.004410587677951272,0.0008600350371199897,0.000861723370876823,0.0008200666671749869,0.0035280729476871208,0.003525503404691965,0.0036262943368555248,19.181950665421784,19.181950665421784,19.181950665421784,19.454527065618695,19.455072423539782,19.434611745742153,0.0,0.0,-250.0,-0.053187428474465934,0.02907070865211207,-250.98951753729895,0.0,0.0,-250.00000223057026,-5.552019205271097,-5.570455707506467,-4.9117259586059685,-0.25039710585935826,-0.25067262355312,-0.25054301606641743
4.96,-0.0047496149186473935,-0.0047591220667849155,-0.004402394419895539,0.0008601821635808246,0.0008611403979122954,0.0008187064419812185,0.0035303964518165155,0.003527827575236205,0.003628660862024945,19.181950665421784,19.181950665421784,19.181950665421784,19.454034267462074,19.45457893575062,19.434142385068974,0.0,0.0,-250.0,-0.053124332195169634,0.029036361905782047,-250.98771239648622,0.0,0.0,-250.00000223057026,-5.538931992973577,-5.557340668901849,-4.899994408403089,-0.2503995838875547,-0.2506756235155636,-0.25054185451166155
4.97,-0.004741010258956013,-0.004750511145398595,-0.004394215210835439,0.000860750984102965,0.0008611293642720446,0.0008172679889620637,0.003532723633633799,0.0035301536166891133,0.0036310247176287967,19.181950665421784,19.181950665421784,19.181950665421784,19.453541222209907,19.454085564036813,19.433673833710845,0.0,0.0,-250.0,-0.05305943501554055,0.02899988521805909,-250.9859081010087,0.0,0.0,-250.00000223057026,-5.525841214490254,-5.54423100949294,-4.888303468871719,-0.2504013197148759,-0.25067798424461524,-0.2505409099336055
4.98,-0.004732398245918978,-0.004741897770087267,-0.0043860507182343356,0.0008616014695758808,0.0008615649831469484,0.0008157725269566579,0.0035350554890714366,0.003532482937952314,0.003633385664049917,19.181950665421784,19.181950665421784,19.181950665421784,19.453047740308104,19.453592026881307,19.433206128682098,0.0,0.0,-250.0,-0.05299190886452188,0.028961076580368516,-250.9841041128139,0.0,0.0,-250.00000223057026,-5.5127440552263165,-5.531120586782982,-4.876654449490396,-0.250402308978555,-0.2506796409410693,-0.2505401991720752
4.99,-0.004723776828686133,-0.004733278202316005,-0.0043779013872590755,0.0008625951558243356,0.0008623143087139327,0.0008142429192176609,0.003537392639137913,0.0035348166074379945,0.0036357435245514278,19.181950665421784,19.181950665421784,19.181950665421784,19.452553712153705,19.45309811771935,19.43273929417359,0.0,0.0,-250.0,-0.05292115389290905,0.028919880743700294,-250.98230006997008,0.0,0.0,-250.00000223057026,-5.499639987044013,-5.5180055748999175,-4.865047913980883,-0.2504025853106676,-0.250680570054027,-0.25053972600937524
