Time,e1,e2,e3,edot1,edot2,edot3,mu1,mu2,mu3,SetAngle1,SetAngle2,SetAngle3,ActualAngle1,ActualAngle2,ActualAngle3,X0,Y0,Z0,Actual_X,Actual_Y,Actual_Z,X_Set,Y_Set,Z_Set,refCurr1,refCurr2,refCurr3,ActualCurr1,ActualCurr2,ActualCurr3
0.0,0.0,0.0,0.0,0.0,0.0,0.0,0.003727,0.006,0.00398,5.036570969495911,5.036570969495911,5.036570969495911,5.0368371913555094,5.0368371913555094,5.0368371913555094,0.0,0.0,-200.0,0.0,0.0,-200.00087761433926,0.0,-1.4389247772835927e-14,-200.00000245737616,-0.22997536201500873,-0.22997536201500882,-0.22997536201500882,-0.0069384076681152035,-0.006938407668115205,-0.006938407668115205
0.01,-0.0002475018006694585,-0.00024941032703831856,-0.0002478207151481865,-0.0441003791061022,-0.044612385927573314,-0.044185831129192804,0.003727,0.006,0.00398,5.036570969495911,5.036570969495911,5.036570969495911,5.0535113291076454,5.0536565743040205,5.053535588783649,0.0,0.0,-200.0,-0.00025160497329566693,-0.00020352013086482563,-200.05588273656403,0.0,-1.4389247772835927e-14,-200.00000245737616,-1.239394645226693,-0.8911283853697209,-1.181465286708946,-0.03527986794408801,-0.028994940102341167,-0.03423516486355305
0.02,-0.0009007356230627817,-0.0009162434306858175,-0.0009033154438482516,-0.08165034099199206,-0.08390952887463968,-0.08202517254736848,0.003727,0.006,0.00398,5.036570969495911,5.036570969495911,5.036570969495911,5.093050582798268,5.094083012736581,5.093222255789516,0.0,0.0,-200.0,-0.0017911994826424753,-0.0014466595239522387,-200.18705786553704,0.0,-1.4389247772835927e-14,-200.00000245737616,-2.5633661579583675,-1.747365604340414,-2.429081173548543,-0.06900537049552113,-0.05514928734260658,-0.06672788530495787
0.03,-0.0018905953043242552,-0.0019450475832075986,-0.0018996115188688462,-0.11207560880307915,-0.11753552610449713,-0.11297576189558167,0.003727,0.006,0.00398,5.036570969495911,5.036570969495911,5.036570969495911,5.151466779577805,5.154922647953192,5.152038725883693,0.0,0.0,-200.0,-0.00600703470865437,-0.00484378908133226,-200.3824054022691,0.0,-1.4389247772835927e-14,-200.00000245737616,-4.118976659594746,-2.762590206172203,-3.8986645679137895,-0.10455148393115937,-0.08235158357628045,-0.10095322021018757
0.04,-0.0031443212514113833,-0.003278121988565627,-0.0031663659173953446,-0.13514464207795432,-0.14533224352934393,-0.13681268200799532,0.003727,0.006,0.00398,5.036570969495911,5.036570969495911,5.036570969495911,5.22457948833263,5.232861234436789,5.22594326375728,0.0,0.0,-200.0,-0.014427047112365119,-0.011613502315116134,-200.6294003160097,0.0,-1.4389247772835927e-14,-200.00000245737616,-5.825296244878835,-3.901537786887734,-5.517764219811123,-0.14049097757382556,-0.10996517512878684,-0.13562874318039275
0.05,-0.004588378190555312,-0.004856957669229486,-0.004632394302988618,-0.15090139722517074,-0.1672801900708131,-0.15356305041665275,0.003727,0.006,0.00398,5.036570969495911,5.036570969495911,5.036570969495911,5.308179447803947,5.324546090742086,5.31086021900652,0.0,0.0,-200.0,-0.02858086043812623,-0.02296555804882904,-200.91539265313574,0.0,-1.4389247772835927e-14,-200.00000245737616,-7.605259159179996,-5.129862249144638,-7.217134722896171,-0.17554152984282914,-0.13740836824282424,-0.1695988629222494
0.06,-0.006151035675918931,-0.006623550173327206,-0.006228037184245347,-0.1596327890936188,-0.18348490006604465,-0.16347727104442225,0.003727,0.006,0.00398,5.036570969495911,5.036570969495911,5.036570969495911,5.39817452379642,5.426660523819377,5.402813923053247,0.0,0.0,-200.0,-0.049875708682974425,-0.040000084718978736,-201.22797376840097,0.0,-1.4389247772835927e-14,-200.00000245737616,-9.387835947931697,-6.414687070587792,-8.932577085607075,-0.20859280254446366,-0.1641597765997641,-0.2018574336256376
0.07,-0.00776459676255685,-0.008521569136403187,-0.007887215413838258,-0.16183161828012793,-0.1941621145528908,-0.16699630457328477,0.003727,0.006,0.00398,5.036570969495911,5.036570969495911,5.036570969495911,5.49071525837207,5.535989985408299,5.498044567330076,0.0,0.0,-200.0,-0.07948997325176521,-0.06362208633584944,-201.55530055231267,0.0,-1.4389247772835927e-14,-200.00000245737616,-11.109775176035505,-7.725073256208061,-10.606425074580816,-0.23872496598873627,-0.18976193087766077,-0.2315632609806992
0.08,-0.009367239411382539,-0.010497375061792477,-0.009549143605509847,-0.15815675083840078,-0.1996221895229128,-0.16471647112763182,0.003727,0.006,0.00398,5.036570969495911,5.036570969495911,5.036570969495911,5.582298082682022,5.649479432782352,5.593104348614695,0.0,0.0,-200.0,-0.11828730598720891,-0.09447362811912331,-201.8863729145222,0.0,-1.4389247772835927e-14,-200.00000245737616,-12.716902656129648,-9.032405081628042,-12.18866846716419,-0.26521898735909405,-0.21382329213633372,-0.2580487915783836
0.09,-0.010904452409454576,-0.012500877817548814,-0.011159684666422434,-0.14939221179739992,-0.20025413182924143,-0.15735319920494556,0.003727,0.006,0.00398,5.036570969495911,5.036570969495911,5.036570969495911,5.669845244034277,5.764281601385599,5.684932999121097,0.0,0.0,-200.0,-0.16675347611686225,-0.13288533405265912,-202.21126103232945,0.0,-1.4389247772835927e-14,-200.00000245737616,-14.164980227353754,-10.31069658031941,-13.637715830873514,-0.28755919650240386,-0.2360188336280531,-0.2808224379252655
0.1,-0.012330063324012278,-0.014486235182893215,-0.012672342071764944,-0.13640668907945475,-0.19650963152475545,-0.1457050013995347,0.003727,0.006,0.00398,5.036570969495911,5.036570969495911,5.036570969495911,5.7507613897202186,5.877796114780112,5.770912580603991,0.0,0.0,-200.0,-0.22495713443908655,-0.1788480017970296,-202.52128026585638,0.0,-1.4389247772835927e-14,-200.00000245737616,-15.420139433776276,-11.536823053690563,-14.920809944717266,-0.3054288203327197,-0.2560893683485976,-0.2995651295731883
0.11,-0.013606869934103732,-0.016412393269086667,-0.014048898463232748,-0.12011475189641554,-0.18888742318260077,-0.13061879981775068,0.003727,0.006,0.00398,5.036570969495911,5.036570969495911,5.036570969495911,5.822967536835353,5.987699555297017,5.8489020975439105,0.0,0.0,-200.0,-0.29253466796828603,-0.2320042634507706,-202.80911313401893,0.0,-1.4389247772835927e-14,-200.00000245737616,-16.458917630070484,-12.69068268924185,-16.014118284850923,-0.3186993269969202,-0.27383980238195704,-0.3141217921154798
0.12,-0.014706898480842417,-0.018243473747701508,-0.015259719438483643,-0.10144087788668134,-0.17791826869062793,-0.11295755079142959,0.003727,0.006,0.00398,5.036570969495911,5.036570969495911,5.036570969495911,5.884913826897374,6.091966794548282,5.91725306380198,0.0,0.0,-200.0,-0.36869827819034645,-0.2916593406635471,-203.0688792728232,0.0,-1.4389247772835927e-14,-200.00000245737616,-17.26793471132623,-13.75529371143064,-16.902528919656703,-0.32741454031317935,-0.28913648792977803,-0.3244885391831387
0.13,-0.015611321823214397,-0.01994901550923947,-0.01628374990120024,-0.08128716499401657,-0.16415081091404451,-0.09357093716536849,0.003727,0.006,0.00398,5.036570969495911,5.036570969495911,5.036570969495911,5.935573009933593,6.188884034597037,5.974807633878223,0.0,0.0,-200.0,-0.45226542182649915,-0.356809115195531,-203.29615578442883,0.0,-1.4389247772835927e-14,-200.00000245737616,-17.843257451087325,-14.716832460506465,-17.579188530178804,-0.331770569973919,-0.30190383677884985,-0.3307964174435236
0.14,-0.016310078138504422,-0.02150408062240275,-0.01710823701728449,-0.06050538482549762,-0.14813850259287104,-0.07326971357628168,0.003727,0.006,0.00398,5.036570969495911,5.036570969495911,5.036570969495911,5.97441702286797,6.277054136761475,6.020881281940297,0.0,0.0,-200.0,-0.5417068709893732,-0.4261830169473062,-203.48795175713698,0.0,-1.4389247772835927e-14,-200.00000245737616,-18.18950502356273,-15.564617524647046,-18.0448239702407,-0.3320926504659763,-0.31212033735574257,-0.333292570799337
0.15,-0.01680123619000995,-0.022889236256958295,-0.01772821868747705,-0.03987382019732068,-0.13042776921575436,-0.05280411119507898,0.003727,0.006,0.00398,5.036570969495911,5.036570969495911,5.036570969495911,6.001379323279948,6.355394915124638,6.055232280304666,0.0,0.0,-200.0,-0.6352099381222037,-0.4982986689637006,-203.64264192669725,0.0,-1.4389247772835927e-14,-200.00000245737616,-18.318753472332485,-16.29104467898806,-18.306891745905073,-0.32880998989917226,-0.31981409917776893,-0.33231968806412654
0.16,-0.017090156481665272,-0.024090425572944912,-0.018145819564753765,-0.020079126020534944,-0.11154751982632401,-0.032846537833093346,0.003727,0.006,0.00398,5.036570969495911,5.036570969495911,5.036570969495911,6.016805816920525,6.423131146031201,6.078020397990949,0.0,0.0,-200.0,-0.7307529134789893,-0.5715248575750118,-203.75986540537883,0.0,-1.4389247772835927e-14,-200.00000245737616,-18.249298589666807,-16.891477039651313,-18.37860103374863,-0.32242969919878484,-0.32505802999281824,-0.3282945697868877
0.17,-0.01718849895906356,-0.02509874148213634,-0.01836939812045399,-0.0017032639930353592,-0.09200007717051532,-0.01397865072660213,0.003727,0.006,0.00398,5.036570969495911,5.036570969495911,5.036570969495911,6.021397283426074,6.479781094178846,6.089757315508073,0.0,0.0,-200.0,-0.8261865033326372,-0.64414923304142,-203.84039609059354,0.0,-1.4389247772835927e-14,-200.00000245737616,-18.004335949871056,-17.364094620642962,-18.277855449034348,-0.3135108048082615,-0.32796473524684083,-0.3216865969840693
0.18,-0.017113127468545264,-0.025910117683477688,-0.018412588232518318,0.014784608594788352,-0.07225355950396847,0.0033172644002531807,0.003727,0.006,0.00398,5.036570969495911,5.036570969495911,5.036570969495911,6.0161461693790095,6.525138382102785,6.091251242137561,0.0,0.0,-200.0,-0.9193180391461274,-0.7144471908340296,-203.885991760043,0.0,-1.4389247772835927e-14,-200.00000245737616,-17.610613893139114,-17.709707444124987,-18.026156860714305,-0.3026392486139199,-0.3286812180054658,-0.312996810573453
0.19,-0.016884959152578746,-0.026524951502647012,-0.018293277394121926,0.02903156431927207,-0.052735711680386405,0.01866280096993944,0.003727,0.006,0.00398,5.036570969495911,5.036570969495911,5.036570969495911,6.002270492968421,6.559250035249958,6.083548136044221,0.0,0.0,-200.0,-1.0079944356637667,-0.780748618022802,-203.8992289626253,0.0,-1.4389247772835927e-14,-200.00000245737616,-17.097110392962072,-17.93153651184265,-17.647511327908315,-0.29040465338632276,-0.3273834505045784,-0.3027382192997575
0.2,0.23035564607048098,0.21993577676431678,0.22885088853604724,0.04080003871013897,-0.03382915341067454,0.03178412658661578,0.003727,0.006,0.00398,19.181950665421784,19.181950665421784,19.181950665421784,5.985704022423818,6.586964263953462,6.0724311555406825,0.0,0.0,-250.0,-1.0902882819428277,-0.8415840914575135,-203.89855620152323,0.0,0.0,-250.00000223057026,243.6657169195594,131.68008431295843,224.84450409519644,3.5414117521725994,3.5194619896338177,3.5387600132424266
0.21,0.22657941256734912,0.2165416290398824,0.22498874315324952,-0.7119553358189007,-0.5614178526433923,-0.7202325500328757,0.003727,0.006,0.00398,19.181950665421784,19.181950665421784,19.181950665421784,6.244856850017501,6.809906382695329,6.3364551198665735,0.0,0.0,-250.0,-1.007233129436347,-0.8064387323678867,-204.7303963970575,0.0,0.0,-250.00000223057026,226.8719440365044,123.97774732965729,208.89836707554957,3.3200131366583743,1.924930545756426,3.3071333056260213
0.22,0.21555077634532754,0.20842457363887792,0.21398997995096591,-1.4143380000708907,-1.0073901704387613,-1.393700649945273,0.003727,0.006,0.00398,19.181950665421784,19.181950665421784,19.181950665421784,6.916607082740256,7.3001804529509124,7.004577621166304,0.0,0.0,-250.0,-0.6350074487247929,-0.5847567434339116,-206.78238199555412,0.0,0.0,-250.00000223057026,203.39431736410575,114.57672499639074,187.28857435957977,3.013474389253562,1.6393127231053586,2.748388617152881
0.23,0.1980072406254905,0.19619481960319488,0.19689738749704863,-2.012430156251719,-1.3894449320808384,-1.9490349554857505,0.003727,0.006,0.00398,19.181950665421784,19.181950665421784,19.181950665421784,7.9552763619300055,8.022404779498299,8.015025354389207,0.0,0.0,-250.0,-0.016085641249072066,-0.15966520662992786,-209.9160847291578,0.0,0.0,-250.00000223057026,174.81162578927658,103.56145897380512,161.62879610056441,2.3588386568519866,1.3448961925770255,2.155784586480687
0.24,0.17522772623565847,0.18050994677953452,0.17493264884867865,-2.474668734023927,-1.7049608484389438,-2.3801664264903573,0.003727,0.006,0.00398,19.181950665421784,19.181950665421784,19.181950665421784,9.286147165515864,8.93877710603382,9.297498179031003,0.0,0.0,-250.0,0.7965110535240908,0.43075001131233615,-213.9502854680466,0.0,0.0,-250.00000223057026,142.8959098471659,91.32467951370815,133.12237796137117,1.687476644923577,1.0490381339295753,1.5512452444385079
0.25,0.1485755617949902,0.16203631179434985,0.14934178993963268,-2.800955700730648,-1.9539609625180148,-2.687036075593237,0.003727,0.006,0.00398,19.181950665421784,19.181950665421784,19.181950665421784,10.831130190214651,10.011126900743484,10.780626013952471,0.0,0.0,-250.0,1.7452884699206161,1.1400735107255147,-218.6934291564623,0.0,0.0,-250.00000223057026,108.97434839484764,78.25118775591989,102.93686341363679,1.0217268275187739,0.7581869060524536,0.9544171881112011
0.26,0.11938830078174059,0.14143296531131266,0.12134815861767767,-2.9959307778796402,-2.1377373364299155,-2.8737185071067626,0.003727,0.006,0.00398,19.181950665421784,19.181950665421784,19.181950665421784,12.513879545743972,11.2017742764311,12.394571256549801,0.0,0.0,-250.0,2.76823259975528,1.9187009755858633,-223.9489756500684,0.0,0.0,-250.00000223057026,74.32083880863578,64.70174040042339,72.1787453449783,0.3816987127619078,0.47801752055408364,0.3827348235280297
0.27,0.08893508104254805,0.11933960134869873,0.09211474783937845,-3.0681058040120943,-2.258734735182086,-2.94774961919387,0.003727,0.006,0.00398,19.181950665421784,19.181950665421784,19.181950665421784,14.262186121370085,12.474213776313979,14.073148727953177,0.0,0.0,-250.0,3.799962847483967,2.7145507261569235,-229.51987453490517,0.0,0.0,-250.00000223057026,40.13461689060374,51.00215520563058,41.87056444839494,-0.21486080708934271,0.21328072537094583,-0.14877521829609486
0.28,0.05838266267801617,0.09636567709458724,0.06271342402723762,-3.02900519365649,-2.32043239933605,-2.9194268927910945,0.003727,0.006,0.00398,19.181950665421784,19.181950665421784,19.181950665421784,16.0098744569245,13.793730963091834,15.755548627981945,0.0,0.0,-250.0,4.774058145743456,3.4746042296165154,-235.21442868521407,0.0,0.0,-250.00000223057026,7.514825309225547,37.43423815495169,12.929028503334772,-0.7527589934907268,-0.03231492199388818,-0.627664871401465
0.29,0.028769755468170843,0.07308075054514834,0.03410113524133923,-2.892368686627948,-2.3272183041171894,-2.801117633492994,0.003727,0.006,0.00398,19.181950665421784,19.181950665421784,19.181950665421784,17.698228473945225,15.127948761188113,17.387660212782517,0.0,0.0,-250.0,5.626285473444173,4.147163118476691,-240.85266342736833,0.0,0.0,-250.00000223057026,-22.56852023676574,24.230220570906134,-13.854895903866105,-1.219626922918093,-0.2561575194120458,-1.0442034319725981
0.3,0.0009888218847874386,0.05000615058240726,0.0071028609095101225,-2.6734468421178605,-2.2842487663929067,-2.6066026002364198,0.003727,0.006,0.00398,19.181950665421784,19.181950665421784,19.181950665421784,19.276994284476608,16.447296578850892,18.923011363439567,0.0,0.0,-250.0,6.2982763003623266,4.6845799487139095,-246.27223895126468,0.0,0.0,-250.00000223057026,-49.30414789186795,11.572034279048902,-37.83223214479494,-1.606221924557605,-0.4566989752981535,-1.391462985193992
0.31,-0.02422560565837706,0.027608156201614553,-0.017599155661838894,-2.388391435553475,-2.1972885457400655,-2.350472651659526,0.003727,0.006,0.00398,19.181950665421784,19.181950665421784,19.181950665421784,20.70501513238973,17.725391832342748,20.323351287384998,0.0,0.0,-250.0,6.741125074482811,5.046138321506039,-251.33313600336598,0.0,0.0,-250.00000223057026,-72.0649510109305,-0.40427464115703254,-58.506848673516046,-1.906680982401032,-0.6333297175849635,-1.6653263719310583
0.32,-0.046302947925415505,0.006292881353234359,-0.03947047865910175,-2.053721251242735,-2.0725321751012333,-2.047587638580527,0.003727,0.006,0.00398,19.181950665421784,19.181950665421784,19.181950665421784,21.95054623024009,18.93932269556163,21.55891045586529,0.0,0.0,-250.0,6.918430925454095,5.200730039934782,-255.9206956387982,0.0,0.0,-250.00000223057026,-90.42439260468747,-11.599971312051649,-75.53984642628012,-2.1186385215025902,-0.786179118304195,-1.8644030459883376
0.33,-0.06483754586990936,-0.013596981912926742,-0.05812450214210463,-1.6858359312083677,-1.9164137982524327,-1.7126014625155639,0.003727,0.006,0.00398,19.181950665421784,19.181950665421784,19.181950665421784,22.991282509108572,20.0698237776254,22.608375058730683,0.0,0.0,-250.0,6.808437703008945,5.128996369101639,-259.946966661866,0.0,0.0,-250.00000223057026,-104.16079301900986,-21.942864339090544,-88.74738603843545,-2.243150678587502,-0.9158778841320148,-1.9898533612005467
0.34,-0.07958492974414966,-0.03178351022458015,-0.07331809317125337,-1.3005576351554302,-1.7354174456013534,-1.3595544731676188,0.003727,0.006,0.00398,19.181950665421784,19.181950665421784,19.181950665421784,23.814118723563226,21.101342461409565,23.45861440566124,0.0,0.0,-250.0,6.405096515572357,4.8246596022562365,-263.3506011438498,0.0,0.0,-250.00000223057026,-113.24908448392407,-31.376650631734385,-98.09267272147468,-2.284416182766144,-1.0233249076527304,-2.0451343333548775
0.35,-0.09045363334120127,-0.048053061951578935,-0.08494352718064274,-0.912696952242131,-1.5359006955815286,-1.0015326026405198,0.003727,0.006,0.00398,19.181950665421784,19.181950665421784,19.181950665421784,24.414655739552842,22.02200101405543,24.10419970345451,0.0,0.0,-250.0,5.718030079450678,4.294865079219015,-266.0956856230535,0.0,0.0,-250.00000223057026,-117.84210060694924,-39.852338425283826,-103.67318143805768,-2.249330057487404,-1.1094949319060448,-2.0356850302315412
0.36,-0.09749286014703595,-0.06225415101154852,-0.09301737126850051,-0.5356570187328897,-1.32394216330712,-0.6503908369076897,0.003727,0.006,0.00398,19.181950665421784,19.181950665421784,19.181950665421784,24.796471465715253,22.82346618672895,24.546751628829615,0.0,0.0,-250.0,4.771490172840812,3.5594758181498514,-268.1699045716207,0.0,0.0,-250.00000223057026,-118.24486009131051,-47.32294758967304,-105.70418487744476,-2.146933425097131,-1.1753093834412802,-1.9685685671024717
0.37,-0.10087651346347093,-0.07429395669199118,-0.09766693805982413,-0.1811002782134145,-1.1052188355436163,-0.31653709211117204,0.003727,0.006,0.00398,19.181950665421784,19.181950665421784,19.181950665421784,24.970187194418187,23.500742393775713,24.794152141057307,0.0,0.0,-250.0,3.6024638143545253,2.6493968282166325,-269.5823429503974,0.0,0.0,-250.00000223057026,-114.88535881745415,-53.74182889972023,-104.49949902231982,-1.9878252109640868,-1.2215770067594853,-1.8520847721015492
0.38,-0.10088435490324965,-0.08413378018144646,-0.09911489021448544,0.14129784481465751,-0.8849148989013017,-0.00877220288738213,0.003727,0.006,0.00398,19.181950665421784,19.181950665421784,19.181950665421784,24.952374506669294,24.05190634546404,24.859653527192716,0.0,0.0,-250.0,2.2581142433813723,1.6041297232448875,-270.36110200385025,0.0,0.0,-250.00000223057026,-108.28448932477707,-59.06423922152259,-100.45030429649724,-1.7835856155815963,-1.2489980027620493,-1.6953667368846168
0.39,-0.09788125289283867,-0.09178375686761209,-0.09766253809579839,0.4239934162035347,-0.6676606573337919,0.2658170867713643,0.003727,0.006,0.00398,19.181950665421784,19.181950665421784,19.181950665421784,24.764358622392265,24.47780074917543,24.760915596130904,0.0,0.0,-250.0,0.7927585764259656,0.4688447844261948,-270.5507794367405,0.0,0.0,-250.00000223057026,-99.02654594109266,-63.251348000478565,-94.00297675189641,-1.5462389898543265,-1.2582169592674308,-1.5079762739480997
0.4,-0.09229555881007284,-0.0972971098602764,-0.09367235296464732,0.6616152096384486,-0.45749859272567206,0.5019132191671329,0.003727,0.006,0.00398,19.181950665421784,19.181950665421784,19.181950665421784,24.43097764976998,24.781703260613536,24.519000899700725,0.0,0.0,-250.0,-0.7354023096466172,-0.7087092240967287,-270.20978763404906,0.0,0.0,-250.00000223057026,-87.7309309444462,-66.27561493963663,-85.63697128956498,-1.2877662172202973,-1.2499056462240425,-1.2995157097463692
0.41,-0.08459759209574946,-0.10076419697000899,-0.08755021649951916,0.8509135048069493,-0.25787302268375634,0.6959705721103617,0.003727,0.006,0.00398,19.181950665421784,19.181950665421784,19.181950665421784,23.97935328292195,24.968984931536138,24.157357849690463,0.0,0.0,-250.0,-2.267574154185893,-1.8811580972336963,-269.407465139719,0.0,0.0,-250.00000223057026,-75.02539042156344,-68.12642214345654,-75.84381251934808,-1.0196690353713143,-1.2248557748142153,-1.0792739863442853
0.42,-0.07527906238922272,-0.10230656601892979,-0.07972793306994025,0.9906345963669095,-0.0716394640855975,0.8461654690927009,0.003727,0.006,0.00398,19.181950665421784,19.181950665421784,19.181950665421784,23.437719329713214,25.0467702403683,23.70082190929529,0.0,0.0,-250.0,-3.7474512388117436,-3.0040803965444307,-268.22096993516413,0.0,0.0,-250.00000223057026,-61.521262923845285,-68.81493351947205,-65.10811392590196,-0.7525896619156242,-1.1840633663751303,-0.8559225992650835
0.43,-0.06483406233333405,-0.10207119211380905,-0.07064652646936809,1.0813407404862048,0.09891063217889465,0.9522948673243076,0.003727,0.006,0.00398,19.181950665421784,19.181950665421784,19.181950665421784,22.834343250798977,25.023608402774517,23.17466465447147,0.0,0.0,-250.0,-5.123881492042068,-4.038055653355655,-266.7320068620505,0.0,0.0,-250.00000223057026,-47.79151723093489,-68.3773699598523,-53.89129122607089,-0.4959936142516367,-1.1287900150087407,-0.6372719754963276
0.44,-0.0537420790821479,-0.10022502450824045,-0.06074081286705546,1.1251927029196296,0.2520145758671127,1.0156281140128314,0.003727,0.006,0.00398,19.181950665421784,19.181950665421784,19.181950665421784,22.19656541925127,24.909162997523616,22.603718610796857,0.0,0.0,-250.0,-6.352953168859779,-4.950111891100868,-265.0235094472163,0.0,0.0,-250.00000223057026,-34.35250268225805,-66.87620194424893,-42.61833289300621,-0.25792658243591793,-1.0605915722437471,-0.4300929064590646
0.45,-0.04245332385011136,-0.09694992132696278,-0.05042568014913362,1.1257078330833146,0.38639753795255727,1.038719334775887,0.003727,0.006,0.00398,19.181950665421784,19.181950665421784,19.181950665421784,21.549972535480062,24.71392410785661,22.01160206262637,0.0,0.0,-250.0,-7.399410214023924,-5.714575022138173,-263.1764453739393,0.0,0.0,-250.00000223057026,-21.650201023423467,-64.39912148059733,-31.667709971313716,-0.04485482433222497,-0.9813108481710707,-0.24000204318014007
0.46,-0.03137657135042665,-0.09243800233080918,-0.04008441351840086,1.0875028205131139,0.5012306294132106,1.0251905374600414,0.003727,0.006,0.00398,19.181950665421784,19.181950665421784,19.181950665421784,20.91771568193952,24.448944449944012,21.420062718817142,0.0,0.0,-250.0,-8.237381762971893,-6.313377767578948,-261.2669310070757,0.0,0.0,-250.00000223057026,-10.051385826806428,-61.055997995780764,-21.36429355823709,0.13840707220545595,-0.8930367895512662,-0.07140620957181187
0.47,-0.020869622822813627,-0.08688740954384533,-0.030059297794325923,1.0160281211757896,0.5960914611018625,0.9794968881459445,0.003727,0.006,0.00398,19.181950665421784,19.181950665421784,19.181950665421784,20.319979138614677,24.12559871251955,20.848452778058196,0.0,0.0,-250.0,-8.850483908503334,-6.735920770495241,-259.36382110855175,0.0,0.0,-250.00000223057026,0.16039675625499417,-56.974287384826454,-11.975017443493105,0.28868497000687404,-0.7980372753580103,0.07250222827521817
0.48,-0.011232440433309121,-0.0804984388719644,-0.020644610606693536,0.9173005363279643,0.6709291200082934,0.9066857426999069,0.003727,0.006,0.00398,19.181950665421784,19.181950665421784,19.181950665421784,19.77360232444834,23.755363894099567,20.3133412758151,0.0,0.0,-250.0,-9.23140591023091,-6.978594737303911,-257.5268923812428,0.0,0.0,-250.00000223057026,8.784557786679587,-52.29351137336391,-3.706967413974454,0.40436169975355335,-0.6986754935295543,0.18970761163580996
0.49,-0.002702933600203683,-0.07346999597293696,-0.012082009214711642,0.7976409542178169,0.726033781141304,0.8121600873814735,0.003727,0.006,0.00398,19.181950665421784,19.181950665421784,19.181950665421784,19.291853344503522,23.3496179566249,19.828263266940336,0.0,0.0,-250.0,-9.381121426082474,-7.044072791148934,-255.8056768059153,0.0,0.0,-250.00000223057026,15.699729779264755,-47.15944750602224,3.2924250028134754,0.4852374067757101,-0.5973206248094437,0.2792992889915997
0.5,0.004544696388184222,-0.06599633587054327,-0.004558215743510674,0.6634249753201947,0.7620097069093739,0.7014554015353098,0.003727,0.006,0.00398,19.181950665421784,19.181950665421784,19.181950665421784,18.884348332678968,22.91945455300222,19.40359988331157,0.0,0.0,-250.0,-9.307867933923653,-6.940470798622622,-254.23893702455064,0.0,0.0,-250.00000223057026,20.857494329336426,-41.718588316753454,8.933385207879795,0.5323516099634324,-0.49626250866985766,0.3413735565579215
0.51,0.010399226043794063,-0.05826406384010707,0.001795173770737457,0.5208543457850727,0.7797494748715841,0.5800369806731751,0.003727,0.006,0.00398,19.181950665421784,19.181950665421784,19.181950665421784,18.55710624919758,22.47551266774401,19.046578870509865,0.0,0.0,-250.0,-9.026019602183032,-6.680454676489933,-252.85472259326292,0.0,0.0,-250.00000223057026,24.274448462025056,-36.11327933886093,13.180271503847658,0.5477838724811434,-0.39763766556646174,0.37691587102221263
0.52,0.014809542661379294,-0.050449398487540154,0.00689999046424955,0.3757564790707347,0.7804070499942495,0.4531227640138586,0.003727,0.006,0.00398,19.181950665421784,19.181950665421784,19.181950665421784,18.312724454213818,22.02782135930276,18.761381921899908,0.0,0.0,-250.0,-8.554948684801932,-6.280351877739305,-251.67090921928394,0.0,0.0,-250.00000223057026,26.02333345469501,-30.477772356164685,16.04678710368319,0.5344471751430463,-0.30337118403794755,0.3876691761290597
0.53,0.017779954892772565,-0.04271572003136126,0.010728178073885042,0.23341786259774808,0.7653677172325174,0.32553489995025997,0.003727,0.006,0.00398,19.181950665421784,19.181950665421784,19.181950665421784,18.150656729174987,21.585661032273737,18.54934292296737,0.0,0.0,-250.0,-7.917936559870627,-5.759303024436947,-250.69610455377,0.0,0.0,-250.00000223057026,26.223763888622063,-24.935269317366874,17.59018827706529,0.4958845165375923,-0.21513617621162245,0.37599364013380115
0.54,0.019364042132562764,-0.035211442362942935,0.013297160552674547,0.09845507938252233,0.7362137119358402,0.20158174153503308,0.003727,0.006,0.00398,19.181950665421784,19.181950665421784,19.181950665421784,18.067572848767266,21.157443510803905,18.409219951808314,0.0,0.0,-250.0,-7.141164669390081,-5.138471635693028,-249.93080143960887,0.0,0.0,-250.00000223057026,25.032922154703698,-19.595907483229922,17.904752232609294,0.4360757978266916,-0.13433020668325418,0.34472272907609014
0.55,0.01965742865081993,-0.028068253697526913,0.014664199416840107,-0.025275120582938855,0.6946853704489189,0.08497068831716985,0.003727,0.006,0.00398,19.181950665421784,19.181950665421784,19.181950665421784,18.0577775218505,20.75061348534634,18.33752339750191,0.0,0.0,-250.0,-6.2527921521780065,-4.440316607470669,-249.3686684658416,0.0,0.0,-250.00000223057026,22.636450615666437,-14.55555723559398,17.114770400485895,0.3592592023393692,-0.062066529100782364,0.297020212223658
0.56,0.01878987051540376,-0.021399767244314194,0.01492004655393453,-0.13472745262179006,0.6426385362923824,-0.02124876773423705,0.003727,0.006,0.00398,19.181950665421784,19.181950665421784,19.181950665421784,18.113666522955654,20.371573659686675,18.32888272165242,0.0,0.0,-250.0,-5.282112568716414,-3.687923994944919,-248.99788367796182,0.0,0.0,-250.00000223057026,19.2396871788288,-9.895268396316597,15.367327641052647,0.2697692484186865,0.000822857130118581,0.2362423025664679
0.57,0.0169170253466579,-0.01530061199170879,0.014182186763882276,-0.22768402409288274,0.5819996381105655,-0.11471332841096249,0.003727,0.006,0.00398,19.181950665421784,19.181950665421784,19.181950665421784,18.226198969973474,20.025635238507622,18.3764350952734,0.0,0.0,-250.0,-4.258776342058362,-2.9043913316605523,-248.80243646842308,0.0,0.0,-250.00000223057026,15.05934489671542,-5.6811995041212775,12.825113233673656,0.17189244993469596,0.0537755082003909,0.16580862645805772
0.58,0.014212241156791816,-0.00984597720583319,0.012587944653272287,-0.30273850290461307,0.5147202335843344,-0.19374780478618198,0.003727,0.006,0.00398,19.181950665421784,19.181950665421784,19.181950665421784,18.385366714518312,19.71699443061129,18.472220312013544,0.0,0.0,-250.0,-3.2120665402136193,-2.1122582138802,-248.76334228537036,0.0,0.0,-250.00000223057026,10.315721305456316,-1.9648852377479433,9.659486044067592,0.0697409093274103,0.0964811163875736,0.08908509872795724
0.59,0.01085865597736585,-0.005091605623481377,0.010287703939059811,-0.3592533236730068,0.4427328950086785,-0.25734359248572386,0.003727,0.006,0.00398,19.181950665421784,19.181950665421784,19.181950665421784,18.580644409711972,19.448734573130515,18.60756793625273,0.0,0.0,-250.0,-2.170220919371202,-1.3329799025515197,-248.85973318240943,0.0,0.0,-250.00000223057026,5.225526156689759,1.216271245931532,6.043986450525529,-0.032856007717665725,0.1288607762735148,0.009281093356745191
0.6,0.007041849540037837,-0.0010742122690495237,0.007438455086621498,-0.39729511518578936,0.3679101535831845,-0.3051171283220666,0.003727,0.006,0.00398,19.181950665421784,19.181950665421784,19.181950665421784,18.801406729873154,19.222852458005832,18.773464512846036,0.0,0.0,-250.0,-1.159800229467835,-0.5864449187216534,-249.06980349458945,0.0,0.0,-250.00000223057026,-0.004574236766764994,3.8383605794579676,2.1484541211555213,-0.13244171017936515,0.1510447312180714,-0.07063740567347256
0.61,0.0029432360766535326,0.0021877096831051657,0.0041978510387980505,-0.4175535513034587,0.29202789907943505,-0.3372520792499485,0.003727,0.006,0.00398,19.181950665421784,19.181950665421784,19.181950665421784,19.037302206663114,19.040306572483903,18.96089075547463,0.0,0.0,-250.0,-0.20510956184596968,0.10945815198106576,-249.3716036161361,0.0,0.0,-250.00000223057026,-5.183590670182646,5.890233338615762,-1.8661242869078547,-0.22600381356433805,0.16334979870979693,-0.14801767253444015
0.62,-0.001265663551764995,0.004692746366583234,0.0007189122887848454,-0.4212485845873526,0.21673422827494115,-0.35442916866169033,0.003727,0.006,0.00398,19.181950665421784,19.181950665421784,19.181950665421784,19.27857604503094,18.90108431339503,19.16112084447506,0.0,0.0,-250.0,0.6723154491914983,0.7392160801127553,-249.7436857324158,0.0,0.0,-250.00000223057026,-10.140919006963506,7.3726954276351915,-5.851948573800934,-0.3110266142096991,0.16625716133993587,-0.2205727609927776
0.63,-0.005427979669409666,0.006455141982427193,-0.0028545165254512117,-0.41003062150746783,0.14352431569553106,-0.35774752410734945,0.003727,0.006,0.00398,19.181950665421784,19.181950665421784,19.181950665421784,19.516336979254678,18.80428482260678,19.36597820169496,0.0,0.0,-250.0,1.4541432048441911,1.28999818364121,-250.16561328539657,0.0,0.0,-250.00000223057026,-14.730032642954951,8.297641204115225,-9.677864971326281,-0.38552438742704775,0.16039081308130954,-0.28641688435903495
0.64,-0.009405233833784998,0.00750316040155985,-0.006391494298332134,-0.38587772498084216,0.07372149222244856,-0.34864125027126097,0.003727,0.006,0.00398,19.181950665421784,19.181950665421784,19.181950665421784,19.7427656668148,18.748213909007568,19.5680442743277,0.0,0.0,-250.0,2.1255871575821983,1.7518846476466463,-250.61835089909488,0.0,0.0,-250.00000223057026,-18.831096433265856,8.68712264880707,-13.231930725295102,-0.4480556196972071,0.14649667350783346,-0.34408435700891477
0.65,-0.013080051578939433,0.007877291155683919,-0.009776866619047697,-0.35099344235116575,0.008464391303554874,-0.32879461981948765,0.003727,0.006,0.00398,19.181950665421784,19.181950665421784,19.181950665421784,19.951264276975348,18.730487540390758,19.76081887065322,0.0,0.0,-250.0,2.675641159666397,2.1180068053017918,-251.08455358906724,0.0,0.0,-250.00000223057026,-22.352476365254432,8.57234824022015,-16.42309161701184,-0.4977187861710493,0.12542221587635607,-0.3925332193014181
0.66,-0.016357871679536284,0.007628358524068346,-0.012913307387634576,-0.3077083843629549,-0.05130022649601264,-0.30005886858911174,0.003727,0.006,0.00398,19.181950665421784,19.181950665421784,19.181950665421784,20.136548815627606,18.748140565028823,19.938832386337342,0.0,0.0,-250.0,3.0972008718344366,2.384593100985486,-251.54877366238657,0.0,0.0,-250.00000223057026,-25.231162867530035,7.992604873244809,-19.182007734274027,-0.5341308919598213,0.09809638212512796,-0.43113500378241654
0.67,-0.019167704515705597,0.006815587533636647,-0.015722549203623815,-0.2583882284492399,-0.10481952958137951,-0.2643731187309977,0.003727,0.006,0.00398,19.181950665421784,19.181950665421784,19.181950665421784,20.294687349629093,18.797737612186793,20.097711800275302,0.0,0.0,-250.0,3.3870676965507602,2.5509183751458386,-251.99760132408386,0.0,0.0,-250.00000223057026,-27.432170213848895,6.994099028390457,-21.461085854008466,-0.5573906200381992,0.06550956064412874,-0.45965235404910687
0.68,-0.02146201641659623,0.005504674512913643,-0.018145855424408552,-0.20535037715928692,-0.1515322075433574,-0.22369146941570128,0.003727,0.006,0.00398,19.181950665421784,19.181950665421784,19.181950665421784,20.423088660695004,18.875483479874585,20.23420358485304,0.0,0.0,-250.0,3.5458367258858137,2.6191586095043906,-252.41975134478557,0.0,0.0,-250.00000223057026,-28.947014875118,5.628718507883878,-23.233795599037023,-0.5680284807247846,0.028693463709981163,-0.47820638366253326
0.69,-0.023215836712713267,0.0037659030491981604,-0.020143804553132028,-0.15079105399439433,-0.19106228968912642,-0.17991781897502368,0.003727,0.006,0.00398,19.181950665421784,19.181950665421784,19.181950665421784,20.520446970565473,18.97733070892085,20.346157666089308,0.0,0.0,-250.0,3.5776750389127137,2.5941578850348757,-252.80610398611333,0.0,0.0,-250.00000223057026,-29.791407951868887,3.9527226298568383,-24.49336112574595,-0.5669467680046959,-0.011299155455000959,-0.48723577055973705
0.7,-0.024425199503540662,0.0016723393354752258,-0.021695470769374947,-0.09672415296397124,-0.22320986688524913,-0.13484953607854622,0.003727,0.006,0.00398,19.181950665421784,19.181950665421784,19.181950665421784,20.5866492276353,19.099082434679154,20.432477297406976,0.0,0.0,-250.0,3.4900010373157255,2.483118596006567,-253.14970446598085,0.0,0.0,-250.00000223057026,-30.00231880802144,2.0253761230908887,-25.250930790755024,-0.5553523582652861,-0.05341487654530267,-0.487449633853015
0.71,-0.025105042660160726,-0.0007018656412429713,-0.02279709333037766,-0.04493267423065428,-0.24793934696195055,-0.09013069317678166,0.003727,0.006,0.00398,19.181950665421784,19.181950665421784,19.181950665421784,20.622652019790554,19.236488979267566,20.49304019863525,0.0,0.0,-250.0,3.2930791891828326,2.2952295557082913,-253.44572218440138,0.0,0.0,-250.00000223057026,-29.63457833907978,-0.09245059678717843,-25.533334393569604,-0.5346854323054872,-0.09661986742321947,-0.47977624421428183
0.72,-0.0252866922074097,-0.00328304556397202,-0.023460332695712127,0.0030669120504130684,-0.2653658068925715,-0.04721521749116165,0.003727,0.006,0.00398,19.181950665421784,19.181950665421784,19.181950665421784,20.6303354724088,19.385336983976654,20.52859658525208,0.0,0.0,-250.0,2.9995474579694807,2.0412492384055945,-253.69136912641395,0.0,0.0,-250.00000223057026,-28.757191930936,-2.3396853019231085,-25.380541430498557,-0.5065470828316775,-0.13991967700189234,-0.46530958107728787
0.73,-0.02501506101329848,-0.005999443613741884,-0.023710213024137228,0.04604750715728638,-0.2757399290269829,-0.007340001807186185,0.003727,0.006,0.00398,19.181950665421784,19.181950665421784,19.181950665421784,20.612341508267335,19.541530176062757,20.54064979807795,0.0,0.0,-250.0,2.6238967601472196,1.7330628536644215,-253.8857764753276,0.0,0.0,-250.00000223057026,-27.4495258283256,-4.656427148222747,-24.842934342010963,-0.4726285226588065,-0.18237811009104685,-0.4452556691355151
0.74,-0.024345686937589484,-0.008782480826292516,-0.02358284958180662,0.08308200008210317,-0.27943193299909214,0.028492255677869227,0.003727,0.006,0.00398,19.181950665421784,19.181950665421784,19.181950665421784,20.571903605077,19.701161114986217,20.53132516462757,0.0,0.0,-250.0,2.181922965614638,1.3832321893318718,-254.0298294296312,0.0,0.0,-250.00000223057026,-25.79751821434461,-6.985251154085884,-23.978507847127624,-0.4346442721266175,-0.2231346538647087,-0.42088049893150015
0.75,-0.023341727778032784,-0.01156785987374992,-0.023123055954620775,0.11354260259344454,-0.2769148464787608,0.05952095186936777,0.003727,0.006,0.00398,19.181950665421784,19.181950665421784,19.181950665421784,20.512674717647855,19.86057347308933,20.503232500910485,0.0,0.0,-250.0,1.6901721836177197,1.0045562497739189,-254.12596223972469,0.0,0.0,-250.00000223057026,-23.890049452363865,-9.272405425017004,-22.850098978624406,-0.3942713115748224,-0.26141989945816424,-0.39346115738623966
0.76,-0.022071019211635512,-0.014296499277299757,-0.022381920092191088,0.13709014411248813,-0.26874740144941217,0.08522689770972329,0.003727,0.006,0.00398,19.181950665421784,19.181950665421784,19.181950665421784,20.43855937680213,20.016414580726398,20.459327314622865,0.0,0.0,-250.0,1.1653993443903485,0.6096588165900639,-254.17791814360808,0.0,0.0,-250.00000223057026,-21.81558595138671,-11.468865065969364,-21.52274237713574,-0.3530957618587023,-0.2965684301377805,-0.36424156308452266
0.77,-0.020603288275169773,-0.016915295680643483,-0.02141443041518809,0.15365478077009576,-0.2555568007870868,0.10532391389354925,0.003727,0.006,0.00398,19.181950665421784,19.181950665421784,19.181950665421784,20.353555183139026,20.165678113875188,20.402775313845286,0.0,0.0,-250.0,0.6240584243322845,0.21061640190241535,-254.1904816965451,0.0,0.0,-250.00000223057026,-19.659189994769367,-13.531212072396794,-20.061232096489764,-0.31256822143828433,-0.32802872808916905,-0.3343939233492325
0.78,-0.01900759959802789,-0.019377714102280952,-0.02027722377933794,0.16340970433346022,-0.2380215731279213,0.11974371253064395,0.003727,0.006,0.00398,19.181950665421784,19.181950665421784,19.181950665421784,20.26160802827434,20.305736931915785,20.336824276111997,0.0,0.0,-250.0,0.08184017119248056,-0.1813630787879878,-254.16919348505675,0.0,0.0,-250.00000223057026,-17.499964503733903,-15.42231822444567,-18.527955299296934,-0.2739684568622889,-0.3553697767048122,-0.3049867178279748
0.79,-0.017350095372876906,-0.021644208182169222,-0.01902651632001895,0.16673949372326122,-0.216854720889837,0.12861519188997012,0.003727,0.006,0.00398,19.181950665421784,19.181950665421784,19.181950665421784,20.166484443527278,20.43436619275873,20.264686709123723,0.0,0.0,-250.0,-0.4467299595337474,-0.5562039369939015,-254.12005899924137,0.0,0.0,-250.00000223057026,-15.408977982535715,-17.11181733399891,-16.98104576267484,-0.23837972738857635,-0.3782841902306284,-0.27695968431200957
0.8,-0.015692073610410362,-0.023682474465576475,-0.017716266453148444,0.16420474534167545,-0.19278736369809832,0.13223935217952296,0.003727,0.006,0.00398,19.181950665421784,19.181950665421784,19.181950665421784,20.071663534833043,20.54975698855599,20.189436056845366,0.0,0.0,-250.0,-0.9486245087093638,-0.9051649661352837,-254.04926424917554,0.0,0.0,-250.00000223057026,-13.447691760063163,-18.576363147171367,-15.472887212948176,-0.20667263707187294,-0.3965878704150616,-0.2511059575092483
0.81,-0.014088433146943247,-0.02546754680563601,-0.01639660697446277,0.1565045596358127,-0.1665530829556929,0.13106108013062837,0.003727,0.006,0.00398,19.181950665421784,19.181950665421784,19.181950665421784,19.980250045118982,20.65052086225559,20.113918496030575,0.0,0.0,-250.0,-1.4125719208834497,-1.2209796746297348,-253.96291044529184,0.0,0.0,-250.00000223057026,-11.666890067497663,-19.799678811202547,-14.048979299816088,-0.17949806201797158,-0.4102163526984406,-0.22806121074041238
0.82,-0.012586498623640974,-0.026981739050078113,-0.015112570704321926,0.14443836034758706,-0.1388731779250134,0.12563904676185506,0.003727,0.006,0.00398,19.181950665421784,19.181950665421784,19.181950665421784,19.894909217622814,20.73568568491972,20.040681652749367,0.0,0.0,-250.0,-1.829237809432848,-1.4979364605190935,-253.86677876532772,0.0,0.0,-250.00000223057026,-10.106094354582545,-20.772412240101833,-12.747163471547065,-0.15728840857033735,-0.41921814712467464,-0.2082993907979234
0.83,-0.011225224607798456,-0.02821444629137193,-0.01390312190163534,0.12886838819300275,-0.11044304464273252,0.11661491637003182,0.003727,0.006,0.00398,19.181950665421784,19.181950665421784,19.181950665421784,19.817823336607194,20.804683494855322,19.97192087103178,0.0,0.0,-250.0,-2.1913309766974556,-1.7319027846472723,-253.76613407503797,0.0,0.0,-250.00000223057026,-8.793427236597907,-21.491818370010506,-11.597192812500595,-0.14026622900363678,-0.4237454904932883,-0.19213442879249662
0.84,-0.010034765477578533,-0.029161817043703298,-0.01280049413334261,0.11068404929055942,-0.08191988233778283,0.10468297856212712,0.003727,0.006,0.00398,19.181950665421784,19.181950665421784,19.181950665421784,19.750669112301598,20.857331018587548,19.909443009863665,0.0,0.0,-250.0,-2.4936383126214956,-1.92029894541556,-253.66557371720089,0.0,0.0,-250.00000223057026,-7.74587899730331,-21.961293889521603,-10.620619420192503,-0.12845905965166096,-0.42404300048517335,-0.17972715975857395
0.85,-0.009036386874444302,-0.02982631067350283,-0.011829824805417555,0.09076911676809077,-0.05391191522050791,0.0905611945711926,0.003727,0.006,0.00398,19.181950665421784,19.181950665421784,19.181950665421784,19.69461446764376,20.893803705169333,19.85464715136704,0.0,0.0,-250.0,-2.732994814368325,-2.062028077394548,-253.56892443597428,0.0,0.0,-250.00000223057026,-6.969920768130773,-22.189792552486097,-9.830965195205216,-0.12171925226523296,-0.42043475894320914,-0.17109659032718352
0.86,-0.008242685613170264,-0.030216156144881157,-0.011009067440915732,0.06997258776767476,-0.026969289684638572,0.07496450170920933,0.003727,0.006,0.00398,19.181950665421784,19.181950665421784,19.181950665421784,19.650332784942222,20.9146042030516,19.80852108900622,0.0,0.0,-250.0,-2.908196464206156,-2.157369548543325,-253.47918746165604,0.0,0.0,-250.00000223057026,-6.462403205548189,-22.191149849745525,-9.234136817623167,-0.11974753820160916,-0.41331035378726944,-0.16613461160249107
0.87,-0.007658078035738813,-0.030344729540108584,-0.01034915525130875,0.049083794012390866,-0.0015767688967376187,0.05858105426155246,0.003727,0.006,0.00398,19.181950665421784,19.181950665421784,19.181950665421784,19.618032286750847,20.920526286648688,19.771652042252892,0.0,0.0,-250.0,-3.01986461807369,-2.2078430998327714,-253.39852900706154,0.0,0.0,-250.00000223057026,-6.211677332146879,-21.983344997914617,-8.829042858478026,-0.12211908865671041,-0.40311038369286445,-0.16462325535754427
0.88,-0.007279511943553807,-0.03022986878678796,-0.00985438372141556,0.02881215906945775,0.02185169937866928,0.042051904388517684,0.003727,0.006,0.00398,19.181950665421784,19.181950665421784,19.181950665421784,19.59749795898493,20.912615292717494,19.744249720378928,0.0,0.0,-250.0,-3.070270977908,-2.2160509480869437,-253.32831112247564,0.0,0.0,-250.00000223057026,-6.198874701085864,-21.587726325737528,-8.608370026014926,-0.12831090225487132,-0.39031188452642684,-0.16625362650397654
0.89,-0.007097354413283019,-0.02989314450370001,-0.009522975860034977,0.009771796467697083,0.042976516918156654,0.0259544511991951,0.003727,0.006,0.00398,19.181950665421784,19.181950665421784,19.181950665421784,19.58814327355592,20.89212615124758,19.726179634983257,0.0,0.0,-250.0,-3.063132251049753,-2.1855047443737687,-253.2691561503593,0.0,0.0,-250.00000223057026,-6.399286650891392,-21.02822361703011,-8.559476078609261,-0.13772945285609786,-0.3754140794679401,-0.17064570441937454
0.9,-0.007096406897283192,-0.02935910583673257,-0.0093477914220651,-0.0075290433685749406,0.06153409874178059,0.01078981763819423,0.003727,0.006,0.00398,19.181950665421784,19.181950665421784,19.181950665421784,19.589068926561275,20.860480090236702,19.717004436020364,0.0,0.0,-250.0,-3.0033833430678123,-2.1204438189375376,-253.2210369695684,0.0,0.0,-250.00000223057026,-6.7837866214354205,-20.33056815346694,-8.665358601164485,-0.14973765485702217,-0.35892479259680965,-0.17736828219603273
0.91,-0.007256999868732905,-0.028654519600792183,-0.009317140679441227,-0.022693836901700994,0.07733674423549171,-0.003025840628472003,0.003727,0.006,0.00398,19.181950665421784,19.181950665421784,19.181950665421784,19.59912586676636,20.819221059040167,19.716031013176462,0.0,0.0,-250.0,-2.896937474692549,-2.0256506035504107,-253.18338481229233,0.0,0.0,-250.00000223057026,-7.320244848940891,-19.5215383460569,-8.905661361593229,-0.16368034130975717,-0.341347803676549,-0.1859583998340623
0.92,-0.007556121680402872,-0.02780762001158782,-0.00941566404981703,-0.03543926562908081,0.09027083866960581,-0.015166227824009561,0.003727,0.006,0.00398,19.181950665421784,19.181950665421784,19.181950665421784,19.616980035241564,20.769972853305116,19.72236115413179,0.0,0.0,-250.0,-2.750441025860188,-1.9062685382479825,-253.15520661305678,0.0,0.0,-250.00000223057026,-7.974890877965287,-18.628246107083907,-9.257683130776934,-0.1789075943879376,-0.32317136333689694,-0.19593972007640964
0.93,-0.007968540011990488,-0.02684738484698479,-0.009625240886989184,-0.04559272983598162,0.10029354584754611,-0.02539625236548263,0.003727,0.006,0.00398,19.181950665421784,19.181950665421784,19.181950665421784,19.641176455934676,20.71439783963834,19.734943672116277,0.0,0.0,-250.0,-2.5710302338863076,-1.7676271602544398,-253.13520450815474,0.0,0.0,-250.00000223057026,-8.713585934165637,-17.67747656307105,-9.697357513381098,-0.19479541243641804,-0.30485803452823496,-0.20683939059419912
0.94,-0.008467879009037171,-0.02580285210292932,-0.00992589377473696,-0.053086408701974105,0.10742818168778254,-0.03357016696421585,0.003727,0.006,0.00398,19.181950665421784,19.181950665421784,19.181950665421784,19.670200592824674,20.65415807486014,19.75262609445832,0.0,0.0,-250.0,-2.3660961330738917,-1.6150784452866276,-253.12189112363802,0.0,0.0,-250.00000223057026,-9.502974074800889,-16.69509134775255,-10.200176387197516,-0.21076333899389332,-0.28683597840132813,-0.21820303123032417
0.95,-0.009027620684458726,-0.024702489193805688,-0.010296658513859247,-0.057948438904038696,0.11175847846504888,-0.03962691914013038,0.003727,0.006,0.00398,19.181950665421784,19.181950665421784,19.181950665421784,19.702535205956234,20.590879498148393,19.77420422821377,0.0,0.0,-250.0,-2.1430633312664407,-1.4538478258022722,-253.11369554025458,0.0,0.0,-250.00000223057026,-10.31148800415044,-15.705503507836001,-10.742033893967832,-0.22628881393626363,-0.26949176017014587,-0.2296075783082676
0.96,-0.009622005086346475,-0.023573624581953445,-0.01071639441854072,-0.06029181836762438,0.1134219604998897,-0.04358317434257325,0.003727,0.006,0.00398,19.181950665421784,19.181950665421784,19.181950665421784,19.736711280398204,20.52611974973868,19.798468175171013,0.0,0.0,-250.0,-1.909187380648056,-1.2889026462567226,-253.10905617828536,0.0,0.0,-250.00000223057026,-11.11019236543856,-14.731229956179549,-11.299972477287943,-0.24091813321312255,-0.25316471216357267,-0.2406718082640337
0.97,-0.010226809875471088,-0.022441949490309254,-0.011164514319796037,-0.06030165163357721,0.11260265512039103,-0.04552449978474387,0.003727,0.006,0.00398,19.181950665421784,19.181950665421784,19.181950665421784,19.771351954381895,20.46134004190149,19.82424364386082,0.0,0.0,-250.0,-1.6713746210658613,-1.124840133739352,-253.10649819167972,0.0,0.0,-250.00000223057026,-11.873454067057331,-13.792525375941102,-11.852817129121958,-0.2542740199325533,-0.23814285624874704,-0.25106444883330054
0.98,-0.010819996071129767,-0.021331095129827782,-0.011621618604139683,-0.05822134126725667,0.10952335889058054,-0.045595203275515396,0.003727,0.006,0.00398,19.181950665421784,19.181950665421784,19.181950665421784,19.80520872244525,20.39788138084345,19.850427688938606,0.0,0.0,-250.0,-1.436027463852341,-0.965796270002572,-253.1046942074406,0.0,0.0,-250.00000223057026,-12.579435637098623,-12.907099492943228,-12.381688681024562,-0.2660599143643416,-0.22466035542972793,-0.2605098664948468
0.99,-0.011382212613346987,-0.020262288721014987,-0.012070022510203615,-0.05433829902065224,0.10443766970420654,-0.043987310145888095,0.003727,0.006,0.00398,19.181950665421784,19.181950665421784,19.181950665421784,19.8371895249886,20.336945315426657,19.876018288012897,0.0,0.0,-250.0,-1.2089171578247884,-0.8153762598937144,-253.1025083257883,0.0,0.0,-250.00000223057026,-13.210413592568223,-12.089917692999302,-12.870391545468202,-0.27606118241354993,-0.21289643436489628,-0.2687913925796681
1.0,-0.01189715788442286,-0.019254089555160225,-0.012494170605566735,-0.048969704379384416,0.09762198165422155,-0.040929135471820165,0.003727,0.006,0.00398,19.181950665421784,19.181950665421784,19.181950665421784,19.863322625613787,20.276522973531968,19.90273374977465,0.0,0.0,-250.0,-0.9802503106070145,-0.6851343086695143,-253.09469518368712,0.0,0.0,-250.00000223057026,-13.75292922599331,-11.353083089377195,-13.30567565853487,-0.28414351996742204,-0.20297568085625417,-0.27575241615971025
1.01,-0.009535067946754683,-0.015483589365782924,-0.015284059184832166,0.45957622979818935,0.5972289607628966,-0.4658949065492001,0.003727,0.006,0.00398,19.181950665421784,19.181950665421784,19.181950665421784,19.69923693787132,20.03219238837032,20.086623316720683,0.0,0.0,-250.0,0.14262725642844995,-1.0885341847149865,-252.81621079594754,0.0,0.0,-250.00000223057026,-0.7241886480987758,-1.6072528165851627,-26.092575824671876,0.10346694660790878,0.1196356824777967,-0.6344691095307502
1.02,-0.002465618157299232,-0.007032304100052511,-0.022024461807638784,0.8982843936041645,1.0389973140205955,-0.8355705541779165,0.003727,0.006,0.00398,19.181950665421784,19.181950665421784,19.181950665421784,19.27254082035329,19.526061617441435,20.49106268796834,0.0,0.0,-250.0,2.5239397884510053,-2.2199329186984014,-252.13669911377488,0.0,0.0,-250.00000223057026,16.636360367490017,10.810915494777545,-42.8098955454302,0.5297183362407494,0.46111666739286306,-1.0305616545063119
1.03,0.005743001715054208,0.0026587940772098695,-0.029718068442625867,0.7553478000741138,0.9107361579057193,-0.7131013916253442,0.003727,0.006,0.00398,19.181950665421784,19.181950665421784,19.181950665421784,18.81048539037201,18.97819130002119,20.924784118906935,0.0,0.0,-250.0,5.0804140868262255,-3.4352807665328937,-251.36091357688372,0.0,0.0,-250.00000223057026,23.733912978620452,16.30775962591392,-50.107269672638246,0.5930282255445081,0.5068546841358413,-1.1056235652461157
1.04,0.012451695846968425,0.011026878752093738,-0.036117574634376315,0.60044653026488,0.7755079689180031,-0.5787061261897587,0.003727,0.006,0.00398,19.181950665421784,19.181950665421784,19.181950665421784,18.43502861085077,18.506513533854992,21.283696868576286,0.0,0.0,-250.0,7.234142028801948,-4.389772571135351,-250.6769899095832,0.0,0.0,-250.00000223057026,28.71993569815605,20.71990448485055,-55.471074237093795,0.631147563895599,0.5419086058470187,-1.1573866469182994
1.05,0.01757652103920071,0.018019138123493428,-0.04113262256064343,0.4402030602823642,0.6364847758255716,-0.4377638433650308,0.003727,0.006,0.00398,19.181950665421784,19.181950665421784,19.181950665421784,18.15058907628418,18.11386370582756,21.562942014089984,0.0,0.0,-250.0,8.969135726075924,-5.069198759423858,-250.1041112017991,0.0,0.0,-250.00000223057026,31.647222155692045,24.05479434420167,-58.91918842361457,0.6331124462949028,0.5577959635570348,-1.1750393737296758
1.06,0.021099426040683156,0.02361498788140426,-0.04472704802163646,0.2809556533996702,0.49678848687472515,-0.295545891645746,0.003727,0.006,0.00398,19.181950665421784,19.181950665421784,19.181950665421784,17.95784148305604,17.801243705119063,21.760747305844575,0.0,0.0,-250.0,10.281940104005487,-5.472109063176597,-249.65483583083054,0.0,0.0,-250.00000223057026,32.63848143772401,26.341914308418897,-60.53164824342138,0.6028277709701066,0.5558985384965174,-1.1614528721483974
1.07,0.023062015170434713,0.027823684379941482,-0.046915025142096445,0.1283409695669013,0.3592845961396635,-0.15687046213649009,0.003727,0.006,0.00398,19.181950665421784,19.181950665421784,19.181950665421784,17.8540836151865,17.56796058738116,21.87819789909302,0.0,0.0,-250.0,11.180280063494683,-5.608307264501187,-249.3347573181675,0.0,0.0,-250.00000223057026,31.869124402699423,27.627883397133832,-60.4371911213755,0.5448790056738824,0.5378125563643068,-1.1201848115800626
1.08,0.02355774697807017,0.030681562180396194,-0.0477558151801068,-0.01284146473082513,0.2265472627509217,-0.025976655824508366,0.003727,0.006,0.00398,19.181950665421784,19.181950665421784,19.181950665421784,17.8336908166956,17.411786808921047,21.918928455566324,0.0,0.0,-250.0,11.681603706156208,-5.497171159724671,-249.14281721171946,0.0,0.0,-250.00000223057026,29.55502349221815,27.973901981033602,-58.80383495802403,0.4642880548963306,0.5052961601427644,-1.0552853607703154
1.09,0.02272304210798859,0.032248966376038635,-0.04734744090370707,-0.13871687443030326,0.10083255159901022,0.09356751281745329,0.003727,0.006,0.00398,19.181950665421784,19.181950665421784,19.181950665421784,17.888630224309004,17.32913747493489,21.888755640564973,0.0,0.0,-250.0,11.811593347579135,-5.16588612815621,-249.07213347671268,0.0,0.0,-250.00000223057026,25.94084198655215,27.453333686120065,-55.82973149457015,0.3662924425397126,0.46022142881751166,-0.9711174853202621
1.1,0.020727768666921442,0.032606966063694565,-0.0458196329727123,-0.2463772218332902,-0.01593940052963189,0.19892224614809445,0.003727,0.006,0.00398,19.181950665421784,19.181950665421784,19.181950665421784,18.009008071316025,17.315259613488944,21.795270904653076,0.0,0.0,-250.0,11.602686440899346,-4.647651582809579,-249.1111794323627,0.0,0.0,-250.00000223057026,21.28910616642572,26.14942528490734,-51.734432001442556,0.25614996914394456,0.40453121702129047,-0.8721940560575747
1.11,0.01776554030273475,0.031853939206783144,-0.04332639145204925,-0.33388162170102526,-0.12219321636144516,0.2879995455482783,0.003727,0.006,0.00398,19.181950665421784,19.181950665421784,19.181950665421784,18.183625368037628,17.36442830409961,21.64741312237811,0.0,0.0,-250.0,11.09262769792616,-3.9799003739064127,-249.24514439443465,0.0,0.0,-250.00000223057026,15.870108709632426,24.153158059430723,-46.75061663350347,0.13896912047244955,0.3402007187069437,-0.7630321981273572
1.12,0.014044214484122297,0.030102116317919037,-0.04003848195266241,-0.4002204592184095,-0.21669866392614903,0.3594563825856014,0.003727,0.006,0.00398,19.181950665421784,19.181950665421784,19.181950665421784,18.400520064880485,17.470144686733803,21.45503920542099,0.0,0.0,-250.0,10.323062426256694,-3.202561884025855,-249.45732112617154,0.0,0.0,-250.00000223057026,9.952694483600146,21.56121270205975,-41.11630732811589,0.019564579790931527,0.2692032807523041,-0.6480243172673112
1.13,0.009776921360663215,0.027474162093236165,-0.03613614727617542,-0.4452492144964687,-0.2985636184029818,0.4126618194413068,0.003727,0.006,0.00398,19.181950665421784,19.181950665421784,19.181950665421784,18.647477115485554,17.62533137781189,21.228508528353416,0.0,0.0,-250.0,9.338178222555586,-2.356398026077474,-249.73039138850123,0.0,0.0,-250.00000223057026,3.795975684459903,18.474020859748798,-35.067594134424205,-0.09766305123764199,0.1934797109732705,-0.5313250992812473
1.14,0.005173891386519636,0.024099862385994653,-0.031802268020625635,-0.4695983378786149,-0.3672208655212443,0.4476430445814594,0.003727,0.006,0.00398,19.181950665421784,19.181950665421784,19.181950665421784,18.91249143860614,17.822521505392753,20.978294256903123,0.0,0.0,-250.0,8.183404926540423,-1.481444193243211,-250.04751446938516,0.0,0.0,-250.00000223057026,-2.3579635758304014,14.993874142759184,-28.831937223179608,-0.20882407771684847,0.1149102251640467,-0.4167541711534591
1.15,0.00043528606085468935,0.02011297091955211,-0.027216155123682584,-0.4745655487901866,-0.42241004362048384,0.4650153709807241,0.003727,0.006,0.00398,19.181950665421784,19.181950665421784,19.181950665421784,19.184172434593695,18.05403832057563,20.714631774172076,0.0,0.0,-250.0,6.904187899456636,-0.61559078310222,-250.39316031669864,0.0,0.0,-250.00000223057026,-8.290296356736077,11.223068390485066,-22.622142638437428,-0.3106135605878057,0.03528829811392546,-0.30771469388783007
1.16,-0.004254826540854073,0.015648257776436414,-0.022548108197020522,-0.46199670602957654,-0.4641558918124056,0.4659009558942245,0.003727,0.006,0.00398,19.181950665421784,19.181950665421784,19.181950665421784,19.4520822894306,18.312163042380643,20.44721160383449,0.0,0.0,-250.0,5.544854354032444,0.20665770144460424,-250.75366498300366,0.0,0.0,-250.00000223057026,-13.810528919736246,7.262077077180808,-16.631134439842903,-0.4003624454696359,-0.04370399638694121,-0.20712864131285225
1.17,-0.008733269037181857,0.010838791196747688,-0.0179548285270264,-0.4341609680083767,-0.4927437504560509,0.45184050667231695,0.003727,0.006,0.00398,19.181950665421784,19.181950665421784,19.181950665421784,19.707003669357714,18.589289182201757,20.184921681314663,0.0,0.0,-250.0,4.1475946541910105,0.9552114955404803,-251.1175181385056,0.0,0.0,-250.00000223057026,-18.760340719004574,3.207769889585841,-11.027650732267881,-0.47606618256185085,-0.12051912694782274,-0.11738972181398347
1.18,-0.012861296474780959,0.00581347610600752,-0.013575736070610356,-0.3936253751106999,-0.5086930160794423,0.4247016709781888,0.003727,0.006,0.00398,19.181950665421784,19.181950665421784,19.181950665421784,19.941135472754695,18.878062044847656,19.935641590624538,0.0,0.0,-250.0,2.751579388659042,1.6051846844788091,-251.47541770319557,0.0,0.0,-250.00000223057026,-23.016125339575456,-0.848284569693678,-5.952973959152737,-0.5363912354671029,-0.1937652400995037,-0.04033475125468929
1.19,-0.01652690176445465,0.0006948669806712826,-0.009530205850528772,-0.3431332932125046,-0.5127290410660623,0.3865872603926248,0.003727,0.006,0.00398,19.181950665421784,19.181950665421784,19.181950665421784,20.14821799169522,19.171502424364164,19.706089472026466,0.0,0.0,-250.0,1.3922288285870736,2.137427242262672,-251.82014343486335,0.0,0.0,-250.00000223057026,-26.49020444564109,-4.8213753453241575,-1.5187696778330817,-0.5806602863027502,-0.2622244502123146,0.02276618587243832
1.2,-0.0196459443534992,-0.004402731386356329,-0.0059157104169801356,-0.2854904081805488,-0.5057538243721464,0.33974596618049735,0.003727,0.006,0.00398,19.181950665421784,19.181950665421784,19.181950665421784,20.323591101284016,19.46311373684327,19.501720686839484,0.0,0.0,-250.0,0.1006450744103958,2.5387950609152936,-252.14630901627766,0.0,0.0,-250.00000223057026,-29.130732937225602,-8.635000930511383,2.193940844252519,-0.6088175204811651,-0.32486728922145053,0.07120114643767801
1.21,-0.02216219438247463,-0.009374864712127118,-0.0028068308368505157,-0.2234612019501767,-0.4888157777519706,0.2864878021459484,0.003727,0.006,0.00398,19.181950665421784,19.181950665421784,19.181950665421784,20.464190925821516,19.74697200435277,19.326675962775962,0.0,0.0,-250.0,-1.0967899310131852,2.8021658297968015,-252.45005145356976,0.0,0.0,-250.00000223057026,-30.920364917863807,-12.221957424700216,5.134702704281947,-0.6213760310893348,-0.38086240452752634,0.1047904607699061
1.22,-0.02404640981656142,-0.014128224006932477,-0.0002550783987049776,-0.1596781079969275,-0.4630788675307252,0.2291061384312773,0.003727,0.006,0.00398,19.181950665421784,19.181950665421784,19.181950665421784,20.568491835356152,20.017798270015497,19.183775602645625,0.0,0.0,-250.0,-2.1786540937617644,2.9262203015014627,-252.72870907756607,0.0,0.0,-250.00000223057026,-31.87380051449344,-15.525120874967884,7.282523896136702,-0.619350025008518,-0.4295808919974182,0.1238454950228352
1.23,-0.025294582219120565,-0.018581630042618313,0.001710547532346396,-0.09656486177816788,-0.42979150435030367,0.1698078505942703,0.003727,0.006,0.00398,19.181950665421784,19.181950665421784,19.181950665421784,20.636401628924713,20.271013221347367,19.07455539867085,0.0,0.0,-250.0,-3.128571661686055,2.9150179685584545,-252.98052741058726,0.0,0.0,-250.00000223057026,-32.03437754576447,-18.497905941575336,8.643868943094493,-0.604175055550082,-0.47059508936423816,0.12911457098778012
1.24,-0.02592549852947651,-0.022666707493678606,0.0030823535148475356,-0.036274942227669915,-0.3902556520835712,0.11065278090372861,0.003727,0.006,0.00398,19.181950665421784,19.181950665421784,19.181950665421784,20.669118395702842,20.50277404872434,18.999339143391346,0.0,0.0,-250.0,-3.9351595515185633,2.7774029193304846,-253.2044180907654,0.0,0.0,-250.00000223057026,-31.469905503918206,-21.1044093328312,9.2499031101532,-0.5776198870076308,-0.5036721286371569,0.12171898772670228
1.25,-0.02597777206893881,-0.02632825397487476,0.0038721960615342166,0.019354553217197795,-0.3457967189777971,0.0535033811351083,0.003727,0.006,0.00398,19.181950665421784,19.181950665421784,19.181950665421784,20.668957849810443,20.709993870974756,18.957342064213698,0.0,0.0,-250.0,-4.591848947211885,2.5262795530312627,-253.39978218627417,0.0,0.0,-250.00000223057026,-30.267960143202945,-23.31926918133906,9.153158357238292,-0.5416937814156233,-0.5287629513530655,0.10308228448185223
1.26,-0.025506496679239432,-0.029524315177282823,0.00410928074699235,0.06883374727957887,-0.2977348501730381,-1.4925475469598423e-05,0.003727,0.006,0.00398,19.181950665421784,19.181950665421784,19.181950665421784,20.63915994578413,20.89034440555432,18.9467991339698,0.0,0.0,-250.0,-5.096598819921099,2.1777991561683994,-253.56639733164238,0.0,0.0,-250.00000223057026,-28.53086473916999,-25.127286652460032,8.423797654576134,-0.4985529808375879,-0.5459877533601153,0.07485587373419401
1.27,-0.024579674015544617,-0.03222598355480483,0.0038376249889448544,0.11103611175232285,-0.24735824249101132,-0.04854245701245078,0.003727,0.006,0.00398,19.181950665421784,19.181950665421784,19.181950665421784,20.583683335042764,21.042242918627135,18.965112025434237,0.0,0.0,-250.0,-5.451518488125222,1.7504975016258115,-253.70435927969,0.0,0.0,-250.00000223057026,-26.370579712563586,-26.522861937007466,7.145649790450919,-0.4504099550336925,-0.5556189158714187,0.038843997457056
1.28,-0.023274556159712634,-0.03441694395235867,0.003113293376316273,0.1452008348447437,-0.19589904469447214,-0.09100317648558193,0.003727,0.006,0.00398,19.181950665421784,19.181950665421784,19.181950665421784,20.50699575256127,21.164824827033698,19.009008480271344,0.0,0.0,-250.0,-5.662416456109601,1.2644211083798496,-253.81406313238801,0.0,0.0,-250.00000223057026,-23.903707521573804,-27.509294148894778,5.412175143578157,-0.3994486230664176,-0.5580624107120227,-0.0030693317389694805
1.29,-0.021674034458919744,-0.03609279463495074,0.002001511576836701,0.17092269001048815,-0.14451229727966677,-0.1266122037281693,0.003727,0.006,0.00398,19.181950665421784,19.181950665421784,19.181950665421784,20.41386776007248,21.257903608002298,19.074708042737974,0.0,0.0,-250.0,-5.738292795335668,0.7402760488586712,-253.89620757385447,0.0,0.0,-250.00000223057026,-21.246796589002138,-28.097986067983634,3.3225066598762893,-0.3477482729942278,-0.5538384868576691,-0.04898910330493971
1.3,-0.019863191400802116,-0.03726017595049397,0.0005737591685475718,0.18813092667251696,-0.09425822296548385,-0.15487362283259307,0.003727,0.006,0.00398,19.181950665421784,19.181950665421784,19.181950665421784,20.309176450179205,21.3219198803623,19.158088449635926,0.0,0.0,-250.0,-5.690792351504541,0.19862860102686924,-253.9518063430115,0.0,0.0,-250.00000223057026,-18.51209867256871,-28.307583475555983,0.9776914358543667,-0.2972183321721261,-0.5435622144305401,-0.0970718881203151
1.31,-0.017926115991769187,-0.03793574112104281,-0.0010950664331400017,0.19705890161353523,-0.04608802444301621,-0.17556950236205796,0.003727,0.006,0.00398,19.181950665421784,19.181950665421784,19.181950665421784,20.19772476826687,21.357881641754446,19.254847449201744,0.0,0.0,-250.0,-5.533636012913047,-0.34081806896791816,-253.98219416550924,0.0,0.0,-250.00000223057026,-15.803900564314304,-28.163068175808277,-1.5227618986932485,-0.249545516807442,-0.5279242402949685,-0.14558072281855464
1.32,-0.01594306510929716,-0.03814500440813423,-0.0029293330114575356,0.198206307552093,-0.0008332005782951419,-0.1887412310432852,0.003727,0.006,0.00398,19.181950665421784,19.181950665421784,19.181950665421784,20.084081070479474,21.367297681142645,19.360655418136517,0.0,0.0,-250.0,-5.282047020890417,-0.8598523815474153,-253.9890185349386,0.0,0.0,-250.00000223057026,-13.215515294220914,-27.69481593836435,-4.08394574372223,-0.20615424701709462,-0.5076719392448769,-0.19293120257077057
1.33,-0.013988034263947069,-0.03792110132161336,-0.004855133437300652,0.19229593158323446,0.040801728339411814,-0.1946644109452098,0.003727,0.006,0.00398,19.181950665421784,19.181950665421784,19.181950665421784,19.972442441383397,21.352106146176453,19.471294831579733,0.0,0.0,-250.0,-4.95218868005842,-1.3422745831693563,-253.97421325182995,0.0,0.0,-250.00000223057026,-10.82698201913738,-26.93762657855742,-6.6181631111900385,-0.1681805851316814,-0.4835910472434547,-0.23772808482275462
1.34,-0.012126781749396853,-0.03730349393590504,-0.006802465273249347,0.18022689074417134,0.07824328353775073,-0.19381864375084068,0.003727,0.006,0.00398,19.181950665421784,19.181950665421784,19.181950665421784,19.86652417962778,21.314600148133458,19.58278338918026,0.0,0.0,-250.0,-4.560628711478854,-1.7743006342588497,-253.93995379161473,0.0,0.0,-250.00000223057026,-8.703489307940218,-25.929733100251127,-9.047042704948009,-0.13645937087426802,-0.45648783746863164,-0.27879209398137805
1.35,-0.010415330888530638,-0.036336652079435316,-0.0087070866177128,0.16302624631047774,0.11105013065332568,-0.1868535950309021,0.003727,0.006,0.00398,19.181950665421784,19.181950665421784,19.181950665421784,19.76947675875996,21.257352152544712,19.691478385833253,0.0,0.0,-250.0,-4.123843834083279,-2.14484659727817,-253.88859787210797,0.0,0.0,-250.00000223057026,-6.8945052089771455,-24.71179930257324,-11.303138985675341,-0.1115237141911701,-0.42717192925207126,-0.3151769851885691
1.36,-0.008898956588139217,-0.03506873847984093,-0.010512018633868137,0.14180079549769334,0.13891150078324233,-0.17455272792028292,0.003727,0.006,0.00398,19.181950665421784,19.181950665421784,19.181950665421784,19.6838305168531,21.183138748498944,19.79416071331405,0.0,0.0,-250.0,-3.657775991077805,-2.445694894775336,-253.8226167400492,0.0,0.0,-250.00000223057026,-5.4335706191348025,-23.325919124488802,-13.331016652347992,-0.09361558601509376,-0.3964398794132747,-0.3461772629470439
1.37,-0.007611645241743237,-0.03355032311608874,-0.012168678963432822,0.11769068389559144,0.16164321461675651,-0.15779606264164006,0.003727,0.006,0.00398,19.181950665421784,19.181950665421784,19.181950665421784,19.611467353841586,21.094867227087253,19.88809766492879,0.0,0.0,-250.0,-3.177449064549861,-2.6715477642986083,-253.74452362083835,0.0,0.0,-250.00000223057026,-4.338690956827965,-21.81463489186114,-15.0878370718204,-0.0827059324185235,-0.365059769442617,-0.37132724454135874
1.38,-0.00657600165724137,-0.03183314919654007,-0.01363764341035284,0.09182628112981571,0.1791815904514185,-0.13752324351688738,0.003727,0.006,0.00398,19.181950665421784,19.181950665421784,19.181950665421784,19.553617846976657,20.995505237455532,19.971084466241425,0.0,0.0,-250.0,-2.6966521012489473,-2.8199765572339794,-253.65680558273345,0.0,0.0,-250.00000223057026,-3.61324538299379,-20.21999445778979,-16.54347970800856,-0.0785225330041227,-0.33375705002777944,-0.39039239697473654
1.39,-0.005803563540609069,-0.029968970414768148,-0.014889045508740595,0.06528952489786811,0.19157550942011556,-0.11469808302373187,0.003727,0.006,0.00398,19.181950665421784,19.181950665421784,19.181950665421784,19.510881455410292,20.88801463081092,20.041465148997244,0.0,0.0,-250.0,-2.2276921866717054,-2.891278174396024,-253.56186399538853,0.0,0.0,-250.00000223057026,-3.247322753772912,-18.582668352946545,-17.680244000426804,-0.08058372602390644,-0.3032019241615952,-0.403354051283341
1.4,-0.005295473446320087,-0.028008476436693297,-0.01590263451177787,0.03908067535065155,0.1989769053642721,-0.0902756073331882,0.003727,0.006,0.00398,19.181950665421784,19.181950665421784,19.181950665421784,19.48326689159289,20.775290448449756,20.098134002683146,0.0,0.0,-250.0,-1.7812173300118372,-2.888251901138696,-253.46196712675328,0.0,0.0,-250.00000223057026,-3.219388675434304,-16.941147312034154,-18.492186168776524,-0.08823611969127149,-0.27399853757306547,-0.4103887068556012
1.41,-0.005043450203494948,-0.02600032091311333,-0.016667521656327622,0.014091144591781143,0.20162994470563575,-0.06517245589708412,0.003727,0.006,0.00398,19.181950665421784,19.181950665421784,19.181950665421784,19.47024930036236,20.660105857592903,20.140519362072382,0.0,0.0,-250.0,-1.3661072100053564,-2.8159112268421764,-253.35921655490787,0.0,0.0,-250.00000223057026,-3.498187751008028,-15.331038109201755,-18.984151136677937,-0.10069448586000893,-0.24667620345317234,-0.41184318386325275
1.42,-0.005030996717436509,-0.02399026365165896,-0.017181652047955298,-0.008917213026192123,0.19985916332748946,-0.040241297246508656,0.003727,0.006,0.00398,19.181950665421784,19.181950665421784,19.181950665421784,19.470840609822556,20.545063686292284,20.1685519072577,0.0,0.0,-250.0,-0.9894274923862343,-2.681145955780502,-253.25552727544095,0.0,0.0,-250.00000223057026,-4.044788515911639,-13.784471943785174,-19.170562490956176,-0.11708217097960114,-0.22168282476455176,-0.4082068720012727
1.43,-0.005234778683545271,-0.022020435891986545,-0.017451045039001523,-0.029326233514360218,0.19405683129408174,-0.01624972369541217,0.003727,0.006,0.00398,19.181950665421784,19.181950665421784,19.181950665421784,19.483669298083257,20.43255505431037,20.182619957955122,0.0,0.0,-250.0,-0.656441730231651,-2.492350096606941,-253.15261989802647,0.0,0.0,-250.00000223057026,-4.814684805327425,-12.32963518054642,-19.07403359860241,-0.1364705423974939,-0.1993806009680464,-0.4000822692582754
1.44,-0.005626108979500444,-0.020128734898284317,-0.017488849501766268,-0.0466691318424307,0.18466981994143908,0.006136111080337906,0.003727,0.006,0.00398,19.181950665421784,19.181950665421784,19.181950665421784,19.50706584719271,20.324725440267507,20.183514434729407,0.0,0.0,-250.0,-0.37067362325421543,-2.259030716245477,-253.05202229949336,0.0,0.0,-250.00000223057026,-5.759875604172251,-10.990427552732108,-18.723861215903682,-0.15791619978414886,-0.18004402557877341,-0.3881549170265629
1.45,-0.0061724750737292,-0.018348351327835077,-0.017314261988163993,-0.06063210049879438,0.1721862471749028,0.026363036508370994,0.003727,0.006,0.00398,19.181950665421784,19.181950665421784,19.181950665421784,19.539150315438864,20.223448367428936,20.172366240111597,0.0,0.0,-250.0,-0.13401163016848244,-1.9914122188271013,-252.95507759553212,0.0,0.0,-250.00000223057026,-6.830855145774104,-9.786248374607744,-18.15445962650737,-0.18049490839287338,-0.1638601037536901,-0.37316372816529153
1.46,-0.006839051382741934,-0.016707430088196973,-0.01695135555767785,-0.07105035820170728,0.15712217384494756,0.04399768808325264,0.003727,0.006,0.00398,19.181950665421784,19.181950665421784,19.181950665421784,19.57791873289897,20.130306733357255,20.150578790864344,0.0,0.0,-250.0,0.05315243724252341,-1.7000494162987136,-252.86295528722766,0.0,0.0,-250.00000223057026,-7.978455619639913,-8.73190715629389,-17.403788926243976,-0.2033314424805362,-0.1509306501464724,-0.35587258122565607
1.47,-0.007590144756155159,-0.015228862708523527,-0.01642786525235862,-0.0778993364793506,0.1400086156100843,0.058728854025441694,0.003727,0.006,0.00398,19.181950665421784,19.181950665421784,19.181950665421784,19.621325391224577,20.04658165521896,20.119758320962024,0.0,0.0,-250.0,0.1917592120853611,-1.3954613480829827,-252.77666284528104,0.0,0.0,-250.00000223057026,-9.155495904290843,-7.837651429997276,-16.51182581317346,-0.22562475543646054,-0.14127646954121204,-0.3370439230892427
1.48,-0.008390528767865724,-0.013930206681320723,-0.01577397304831646,-0.08128179890401312,0.12137912015868538,0.07036571357986203,0.003727,0.006,0.00398,19.181950665421784,19.181950665421784,19.181950665421784,19.667358534248212,19.97324855619619,20.081644387532744,0.0,0.0,-250.0,0.2839000367913915,-1.0877961383219537,-252.697055686544,0.0,0.0,-250.00000223057026,-10.31820092291765,-7.109301659817962,-15.51911933204444,-0.2466681118980504,-0.1348431776943459,-0.317414987787067
1.49,-0.009206630839555086,-0.012823724840685113,-0.015021130885637612,-0.08141175451209601,0.10175813905374749,0.07883243046589083,0.003727,0.006,0.00398,19.181950665421784,19.181950665421784,19.181950665421784,19.714107437884227,19.91098008271771,20.03804276447058,0.0,0.0,-250.0,0.3326252311479443,-0.7865353113347318,-252.62484433074053,0.0,0.0,-250.00000223057026,-11.427367246842284,-6.548480838327578,-14.465467598637934,-0.26586402171202583,-0.13150838770327947,-0.29767710382282897
1.5,-0.010007545023827391,-0.011916535690285224,-0.014200955343486366,-0.07859605514374426,0.08165039724631017,0.0841596338071815,0.003727,0.006,0.00398,19.181950665421784,19.181950665421784,19.181950665421784,19.759819373467476,19.860155320410115,19.990762616138515,0.0,0.0,-250.0,0.3417491870916879,-0.5002439857432643,-252.56059836280042,0.0,0.0,-250.00000223057026,-12.449261196848726,-6.152924762039822,-13.38874470999941,-0.28273400236931967,-0.13108996777606777,-0.27845842778644353
1.51,-0.01076585215943221,-0.011210863730997167,-0.013344221944071866,-0.07321455918403044,0.061531432270145965,0.08647336247497386,0.003727,0.006,0.00398,19.181950665421784,19.181950665421784,19.181950665421784,19.802945457148162,19.820874671710502,19.941559521335325,0.0,0.0,-250.0,0.31565827965452414,-0.2363713074107589,-252.5047475548229,0.0,0.0,-250.00000223057026,-13.356245689383359,-5.916857998297927,-12.323899963299231,-0.2969233625668737,-0.1333550688317789,-0.26031031021926104
1.52,-0.011458237747450084,-0.010704377306830382,-0.01247998117862209,-0.06569970557678859,0.04183944031070512,0.08598206936280947,0.003727,0.006,0.00398,19.181950665421784,19.181950665421784,19.181950665421784,19.84217488041501,19.79297967235945,19.892085579141376,0.0,0.0,-250.0,0.25912668059813676,-0.0011034355069962165,-252.45758104295726,0.0,0.0,-250.00000223057026,-14.127141236603697,-5.83142017029832,-11.302144320114085,-0.3082013425055241,-0.1380296239910775,-0.24369737271041486
1.53,-0.012065905997449444,-0.010390600320060783,-0.011634812367159075,-0.05651627682464765,0.022968528915054007,0.08296228216291134,0.003727,0.006,0.00398,19.181950665421784,19.181950665421784,19.181950665421784,19.876457477052796,19.776076959243156,19.843847485658888,0.0,0.0,-250.0,0.17714423328441672,0.20073056258415137,-252.4192457691856,0.0,0.0,-250.00000223057026,-14.747334652784076,-5.885127344866868,-10.35033195527439,-0.3164570646968033,-0.14480803553717556,-0.22899125561451333
1.54,-0.012574795819647322,-0.010259383381462484,-0.010832225582910915,-0.046142043248809377,0.005263437342696251,0.07774349930456553,0.003727,0.006,0.00398,19.181950665421784,19.181950665421784,19.181950665421784,19.905014996590776,19.769565559299636,19.798173134829256,0.0,0.0,-250.0,0.07475963092386957,0.36570135696997563,-252.38974548405892,0.0,0.0,-250.00000223057026,-15.208655991615423,-6.064353943523674,-9.490537929615153,-0.3216918413491468,-0.15336278685921248,-0.21646788641444806
1.55,-0.012975610910238966,-0.010297419565501287,-0.010092216257185593,-0.03504987853051025,-0.010984253256481197,0.07069286639406674,0.003727,0.006,0.00398,19.181950665421784,19.181950665421784,19.181950665421784,19.927341813405302,19.77266664873332,19.75618697678281,0.0,0.0,-250.0,-0.04305873517092821,0.4917735873316375,-252.36894149244046,0.0,0.0,-250.00000223057026,-15.509049924376672,-6.353821628651856,-8.739826733628746,-0.3240084504679717,-0.1633537454554639,-0.2063080224294526
1.56,-0.013263681364256319,-0.010488789926771158,-0.009430971871715321,-0.023691823944097894,-0.02553843524640641,0.062200132279883254,0.003727,0.006,0.00398,19.181950665421784,19.181950665421784,19.181950665421784,19.94319609707942,19.78445493314732,19.71879407144756,0.0,0.0,-250.0,-0.17154270339162409,0.5782560728700762,-252.3565560599669,0.0,0.0,-250.00000223057026,-15.652072096123415,-6.737082946069371,-8.110200853780297,-0.32359803299844503,-0.17443695625923858,-0.19860074076261938
1.57,-0.01343867837898649,-0.010815524284071065,-0.00886072545806127,-0.01248546094642585,-0.03821936609838608,0.05266332725606499,0.003727,0.006,0.00398,19.181950665421784,19.181950665421784,19.181950665421784,19.952582699417366,19.803890821262495,19.686672509868952,0.0,0.0,-250.0,-0.3062242267190141,0.6257134600883077,-252.35217904358294,0.0,0.0,-250.00000223057026,-15.646243940399012,-7.19698902813914,-7.608713767578544,-0.3207252787450457,-0.18627276024356673,-0.19334948493175275
1.58,-0.01350420655673934,-0.011258163462493032,-0.008389746547808274,-0.0018028337356804783,-0.048903218542177614,0.0424755414179091,0.003727,0.006,0.00398,19.181950665421784,19.181950665421784,19.181950665421784,19.955729175540085,19.82985260587834,19.66027364589627,0.0,0.0,-250.0,-0.4430150443327434,0.6358455479030688,-252.35527792619501,0.0,0.0,-250.00000223057026,-15.504301012794132,-7.71613227480209,-7.237727981348466,-0.3157125611574555,-0.19853310943107008,-0.19048023254134339
1.59,-0.013467300099594792,-0.011796310162505763,-0.008022456818054025,0.008037950680607515,-0.05752039911488532,0.03201311130832693,0.003727,0.006,0.00398,19.181950665421784,19.181950665421784,19.181950665421784,19.95305645219319,19.86116792334839,19.639829390156283,0.0,0.0,-250.0,-0.5782665286217297,0.6113410218979294,-252.36521107682287,0.0,0.0,-250.00000223057026,-15.242370183128228,-8.27725654282463,-6.995295937165564,-0.308923652683855,-0.21090798432133087,-0.18985132174540553
1.6,-0.013337849871048302,-0.01240915685172772,-0.00775965499414788,0.016778423823780454,-0.06405276750355268,0.021625450228202375,0.003727,0.006,0.00398,19.181950665421784,19.181950665421784,19.181950665421784,19.94514568944546,19.89664383439091,19.625365668714096,0.0,0.0,-250.0,-0.7088105664886406,0.5557125477207296,-252.381243764175,0.0,0.0,-250.00000223057026,-14.87911010634888,-8.863628915936893,-6.875639833034868,-0.3007476060217157,-0.22311085200719638,-0.19126446538995548
1.61,-0.01312798797312853,-0.013075980498412854,-0.007598833621326073,0.024222833306662774,-0.06852990633271558,0.011626684335644719,0.003727,0.006,0.00398,19.181950665421784,19.181950665421784,19.181950665421784,19.93270285783076,19.935094951563997,19.616721041269013,0.0,0.0,-250.0,-0.83198271880916,0.4731201395628814,-252.40256624805178,0.0,0.0,-250.00000223057026,-14.434847406674425,-9.459368555594903,-6.8697055799974285,-0.2915833253386241,-0.23488313204321762,-0.19447648917393173
1.62,-0.012851455270840417,-0.013776595531667712,-0.007534569091099064,0.030238754582245272,-0.07102460286683429,0.0022891851829511074,0.003727,0.006,0.00398,19.181950665421784,19.181950665421784,19.181950665421784,19.916522478588345,19.975369129105214,19.61356940757907,0.0,0.0,-250.0,-0.9456292067304272,0.3681894615367949,-252.42831316801042,0.0,0.0,-250.00000223057026,-13.930738116418686,-10.049729424698189,-6.965766184561433,-0.28182527870039775,-0.24599766211630084,-0.19921135197527165
1.63,-0.012522975325074293,-0.014491758068054195,-0.0075589657778564745,0.034755463732399156,-0.07164771057506471,-0.006160978330062805,0.003727,0.006,0.00398,19.181950665421784,19.181950665421784,19.181950665421784,19.897451857880267,20.016370325980912,19.615445704268286,0.0,0.0,-250.0,-1.0480995038478087,0.24583126995841795,-252.4575834367921,0.0,0.0,-250.00000223057026,-13.387980286695091,-10.621334837436397,-7.150050694589885,-0.2718507219353861,-0.2562611768430255,-0.2051720403812603
1.64,-0.012157655617943408,-0.015203516135588957,-0.007662135258210967,0.03776035197421861,-0.07054255994027658,-0.013546707721068106,0.003727,0.006,0.00398,19.181950665421784,19.181950665421784,19.181950665421784,19.876356995207082,20.057078349952512,19.62177350439974,0.0,0.0,-250.0,-1.1382264747807358,0.11106759775639947,-252.48945991080927,0.0,0.0,-250.00000223057026,-12.827099518822038,-11.162362835229485,-7.407376367699138,-0.26200871837090645,-0.26551583097564063,-0.21205197302150233
1.65,-0.011770433923168178,-0.01589550230620851,-0.007832692286433907,0.03929370111400906,-0.06787908474534995,-0.019740756674621253,0.003727,0.006,0.00398,19.181950665421784,19.181950665421784,19.181950665421784,19.854091170437663,20.09656528652236,19.631893475467344,0.0,0.0,-250.0,-1.2152960984518792,-0.031130445888511,-252.5230282285958,0.0,0.0,-250.00000223057026,-12.267324643306099,-11.662682345989289,-7.721763793304576,-0.252611151569982,-0.27363981348785216,-0.21954560110278987
1.66,-0.01137558433985597,-0.016553166773783712,-0.008058250407893708,0.03944216279955795,-0.06384782291270466,-0.02466496811433864,0.003727,0.006,0.00398,19.181950665421784,19.181950665421784,19.181950665421784,19.831467021559554,20.13400850935446,19.64509172335264,0.0,0.0,-250.0,-1.2790088532155663,-0.17598920163270135,-252.55739435523876,0.0,0.0,-250.00000223057026,-11.726066084853946,-12.113940975232321,-8.077017201649676,-0.24392584242713727,-0.28054711198950305,-0.22735794724646768
1.67,-0.01098629401610346,-0.017163950450158227,-0.008325901723828633,0.03833129391184672,-0.05865394045113507,-0.02828804622399244,0.003727,0.006,0.00398,19.181950665421784,19.181950665421784,19.181950665421784,19.8092327247176,20.168700256116807,19.6606271454084,0.0,0.0,-250.0,-1.3294348253926798,-0.31906011853043587,-252.5917005225011,0.0,0.0,-250.00000223057026,-11.21850477419882,-12.509606119454972,-8.45725500673622,-0.23617180050352388,-0.28618649813852737,-0.23521288312842933
1.68,-0.010614318074341711,-0.017717399066472683,-0.008622667284834296,0.036117496979336555,-0.05251141384582513,-0.030622072160637098,0.003727,0.006,0.00398,19.181950665421784,19.181950665421784,19.181950665421784,19.78805268701012,20.200053833982665,19.677757029977762,0.0,0.0,-250.0,-1.366964537339236,-0.45632623710874926,-252.6251393909481,0.0,0.0,-250.00000223057026,-10.75729496215073,-12.844961890645418,-8.847378640536993,-0.22951656467050743,-0.29053981445781846,-0.24286000548437656
1.69,-0.010269716834826637,-0.01820522053790513,-0.008935906794769521,0.032979699570516,-0.04563749097042669,-0.03171799207925376,0.003727,0.006,0.00398,19.181950665421784,19.181950665421784,19.181950665421784,19.768492967733035,20.227606590959667,19.695760267042207,0.0,0.0,-250.0,-1.3922573808875813,-0.5842860642725053,-252.65696636835912,0.0,0.0,-250.00000223057026,-10.352380099222392,-13.117065090539596,-9.233470834245274,-0.2240755219309984,-0.2936196513081451,-0.2500800279152483
1.7,-0.009960676222649234,-0.018621288959952687,-0.009253678659960074,0.029111081920213496,-0.038247533923842184,-0.031660316941719426,0.003727,0.006,0.00398,19.181950665421784,19.181950665421784,19.181950665421784,19.7510114612493,20.251019851851915,19.713957670090444,0.0,0.0,-250.0,-1.4061893924862805,-0.7000142463485884,-252.6865100912313,0.0,0.0,-250.00000223057026,-10.010917182214026,-13.324664159154851,-9.603117586481675,-0.2199130371703491,-0.295466509626396,-0.2566886609532515
1.71,-0.009693409324817215,-0.01896159954247406,-0.009565043832767683,0.024711129409715163,-0.03055032966286131,-0.030561275885427484,0.003727,0.006,0.00398,19.181950665421784,19.181950665421784,19.181950665421784,19.735952709334462,20.27007607040132,19.73172904770765,0.0,0.0,-250.0,-1.40980192403184,-0.8011992267284477,-252.71318111297438,0.0,0.0,-250.00000223057026,-9.73730172742396,-13.46808562270551,-9.945651034566561,-0.21704518153530172,-0.29614555020000627,-0.2625390035843234
1.72,-0.0094721345062308,-0.019224179548148423,-0.009860309291939873,0.01997824785595116,-0.022743936414572813,-0.028554659371416307,0.003727,0.006,0.00398,19.181950665421784,19.181950665421784,19.181950665421784,19.723547066545567,20.284673491698708,19.74852680015273,0.0,0.0,-250.0,-1.4042525554119538,-0.8861587773403826,-252.73647884847355,0.0,0.0,-250.00000223057026,-9.533282871199487,-13.549093057212986,-10.25231322965752,-0.21544381364610493,-0.2957430334462483,-0.2675225146610474
1.73,-0.009299123346523552,-0.01940896088366667,-0.010131209300759003,0.015103136778265571,-0.01501211604266613,-0.025789575795853684,0.003727,0.006,0.00398,19.181950665421784,19.181950665421784,19.181950665421784,19.713913821624576,20.294818651263224,19.763885947136377,0.0,0.0,-250.0,-1.3907693689451763,-0.9538349041542548,-252.7559968088365,0.0,0.0,-250.00000223057026,-9.39815605759282,-13.570723943588916,-10.516343338381002,-0.21504174595019412,-0.29436255464423366,-0.27156867143247004
1.74,-0.009174809954753504,-0.0195176203977106,-0.01037102472360335,0.010263070750601658,-0.0075213851792465,-0.022424326756542354,0.003727,0.006,0.00398,19.181950665421784,19.181950665421784,19.181950665421784,19.70706778284801,20.300617059444427,19.777430614512102,0.0,0.0,-250.0,-1.370609470340128,-1.0037701358068085,-252.77142613296957,0.0,0.0,-250.00000223057026,-9.329019359427623,-13.537110000334117,-10.73299299518512,-0.21573871784644622,-0.29212117814293653,-0.27464345409456925
1.75,-0.00909795196887464,-0.01955339417583868,-0.010574642608695395,0.005617193347486651,-0.00041870133125924123,-0.018620582848568774,0.003727,0.006,0.00398,19.181950665421784,19.181950665421784,19.181950665421784,19.702928766222456,20.302262432380946,19.788877116650927,0.0,0.0,-250.0,-1.3450224036429983,-1.0360676049099584,-252.78255739485272,0.0,0.0,-250.00000223057026,-9.321078679317672,-13.45328663132482,-10.89947636885331,-0.2174078970094831,-0.28914557016631137,-0.2767468194454705
1.76,-0.009065832748384295,-0.019520872197853367,-0.01073855991783429,0.001302883631310764,0.0061702154094288985,-0.014538014914874966,0.003727,0.006,0.00398,19.181950665421784,19.181950665421784,19.181950665421784,19.701333382215193,20.300024834186765,19.798033865566474,0.0,0.0,-250.0,-1.3152188766794062,-1.0513376210867358,-252.78928064625964,0.0,0.0,-250.00000223057026,-9.367986857288178,-13.32499701711032,-11.014862957126867,-0.2199026395958305,-0.2855682235143467,-0.2779093433169642
1.77,-0.009074493903341418,-0.019425779649554276,-0.010860836673151963,-0.002566787010358258,0.012141938761608597,-0.010329506312331099,0.003727,0.006,0.00398,19.181950665421784,19.181950665421784,19.181950665421784,19.702048498181867,20.29423809000139,19.804798415762306,0.0,0.0,-250.0,-1.2823449957994637,-1.050633614126056,-252.7915836508994,0.0,0.0,-250.00000223057026,-9.462202021234566,-13.158496116103343,-11.079922174440188,-0.22306325746790584,-0.2815238589094483,-0.2781882206203275
1.78,-0.00911898734028077,-0.019274750971411347,-0.010941004878818994,-0.005904528421562652,0.01741579738054873,-0.006137041161123169,0.003727,0.006,0.00398,19.181950665421784,19.181950665421784,19.181950665421784,19.70478575797671,20.28528681681277,19.80915201434848,0.0,0.0,-250.0,-1.2474620103681338,-1.0353803988491475,-252.7895482810768,0.0,0.0,-250.00000223057026,-9.595351292313433,-12.960359442204963,-11.09692945327309,-0.22672356482689146,-0.2771460772739848,-0.2776628140010667
1.79,-0.009193636404250749,-0.019075102396704124,-0.010979940356112439,-0.008649290412203447,0.021933778683303238,-0.0020883328482229927,0.003727,0.006,0.00398,19.181950665421784,19.181950665421784,19.181950665421784,19.70921656499721,20.27359339941438,19.811152068936792,0.0,0.0,-250.0,-1.2115313932369987,-1.007297687089921,-252.78334508226757,0.0,0.0,-250.00000223057026,-9.758587127066127,-12.737300969333926,-11.069443856484225,-0.23071700621397934,-0.2725643252571005,-0.27642993785494896
1.8,-0.00929229640716328,-0.018834608297427835,-0.010979705108032034,-0.010765790293410158,0.0256599230012688,0.001705772724720847,0.003727,0.006,0.00398,19.181950665421784,19.181950665421784,19.181950665421784,19.714986977270968,20.259605213433858,19.810922971500414,0.0,0.0,-250.0,-1.1754049368439514,-0.968321655808842,-252.7732260618134,0.0,0.0,-250.00000223057026,-9.942925063366808,-12.496003907025296,-11.002067124249034,-0.23488220120607137,-0.2679012233311449,-0.27459905458455436
1.81,-0.009408605801242698,-0.01856128613511626,-0.010943368018876298,-0.012243216034032727,0.0285792635761842,0.005153112633008012,0.003727,0.006,0.00398,19.181950665421784,19.181950665421784,19.181950665421784,19.72173201998502,20.24378236706945,19.808645725635643,0.0,0.0,-250.0,-1.1398194276442335,-0.9205271850126345,-252.7595158203309,0.0,0.0,-250.00000223057026,-10.139553357247895,-12.242967423164234,-10.900193691790966,-0.2390677768066772,-0.26327029225537385,-0.2722875453505324
1.82,-0.009536220424778696,-0.01826319422368794,-0.010874811617121727,-0.01309322919569908,0.0306963739826447,0.008181260074442063,0.003727,0.006,0.00398,19.181950665421784,19.181950665421784,19.181950665421784,19.729088988762943,20.22658619902613,19.80454681880703,0.0,0.0,-250.0,-1.1053953749309142,-0.866053117709361,-252.74260121202732,0.0,0.0,-250.00000223057026,-10.340106871484407,-11.984371688946945,-10.769760556579064,-0.2431363950937203,-0.25877410015942315,-0.2696161991422016
1.83,-0.009669024556872241,-0.01794824587081917,-0.01077853231532222,-0.013347403281115893,0.032033588788187926,0.010737856395456376,0.003727,0.006,0.00398,19.181950665421784,19.181950665421784,19.181950665421784,19.736709392647306,20.20846873320801,19.79888676187151,0.0,0.0,-250.0,-1.0726392131308276,-0.8070325806372536,-252.7229197860687,0.0,0.0,-250.00000223057026,-10.536899526412057,-11.725962914974595,-10.617004994201288,-0.24696791981889074,-0.2545028394020013,-0.2667050427341929
1.84,-0.009801313910705878,-0.017624042791514805,-0.010659441022122462,-0.013054238938005364,0.03262896566954055,0.012790282009897186,0.003727,0.006,0.00398,19.181950665421784,19.181950665421784,19.181950665421784,19.74426926585039,20.18986325204525,19.791948687407,0.0,0.0,-250.0,-1.0419483676405505,-0.7455300536798832,-252.70094731894324,0.0,0.0,-250.00000223057026,-10.72311157557723,-11.472959361003841,-10.448237071333917,-0.2504617001810848,-0.2505333301261816,-0.26366961097939695
1.85,-0.009927947116215585,-0.017297730000401357,-0.010522670335622819,-0.012275897956765034,0.03253405784618265,0.014324741233783822,0.003727,0.006,0.00398,19.181950665421784,19.181950665421784,19.181950665421784,19.751477658772597,20.171176110936308,19.784027358236113,0.0,0.0,-250.0,-1.0136185705818415,-0.6834865026042501,-252.67718479199291,0.0,0.0,-250.00000223057026,-10.892929857037497,-11.229978656591049,-10.269632733374937,-0.2535379819053905,-0.24692843640234804,-0.26061773284753
1.86,-0.010044463642401524,-0.016975873704988098,-0.010373393712630963,-0.01108479368020257,0.03181156466265733,0.015344847199322094,0.003727,0.006,0.00398,19.181950665421784,19.181950665421784,19.181950665421784,19.758083198692066,20.152779877148244,19.77541889024078,0.0,0.0,-250.0,-0.9878528312258802,-0.622673508512898,-252.6521451950891,0.0,0.0,-250.00000223057026,-11.041640937393023,-11.000986182637137,-10.087052003560245,-0.2561384842161793,-0.2437368712803136,-0.2576468845250501
1.87,-0.010147167441989735,-0.01666436305676955,-0.010216661103401525,-0.009560166915231623,0.030532925577696372,0.015869800318488298,0.003727,0.006,0.00398,19.181950665421784,19.181950665421784,19.181950665421784,19.763878686363626,20.135007838550504,19.76641144131735,0.0,0.0,-250.0,-0.9647715025531247,-0.5646569517831952,-252.6263405448024,0.0,0.0,-250.00000223057026,-11.165678661455216,-10.789263746995816,-9.905885567318906,-0.2582262056589327,-0.24099335913176123,-0.25484213753528706
1.88,-0.010233176828388146,-0.01636833598515025,-0.010057254583852149,-0.0077847643865286255,0.028775918862983602,0.015932257396891577,0.003727,0.006,0.00398,19.181950665421784,19.181950665421784,19.181950665421784,19.768703764372074,20.118149891586928,19.757277063267043,0.0,0.0,-250.0,-0.9444229365563259,-0.5107704505034917,-252.60026949318362,0.0,0.0,-250.00000223057026,-11.262629007801587,-10.597397348637587,-9.730931773883949,-0.2597845415599823,-0.23871911743570917,-0.25227470790597706
1.89,-0.0103004421856841,-0.016092128753554924,-0.009899566542393934,-0.005841721939669714,0.026622321167502745,0.015575988707706167,0.003727,0.006,0.00398,19.181950665421784,19.181950665421784,19.181950665421784,19.77244575471977,20.10244978463824,19.748264857568415,0.0,0.0,-250.0,-0.9267942825203221,-0.46209842399383594,-252.57440587294172,0.0,0.0,-250.00000223057026,-11.33119630210106,-10.427282467968448,-9.56630490537332,-0.2608158109733896,-0.2369226156473981,-0.2500010924802425
1.9,-0.010347734043165913,-0.015839248348501755,-0.009747502018846554,-0.003811737848361493,0.024155677977598235,0.014853417458546675,0.003727,0.006,0.00398,19.181950665421784,19.181950665421784,19.181950665421784,19.775038815481082,20.08810366299752,19.739595521174845,0.0,0.0,-250.0,-0.9118220508432223,-0.4194683593858822,-252.5491884792034,0.0,0.0,-250.00000223057026,-11.371135739637934,-10.280145045764288,-9.415374474404937,-0.2613393011959569,-0.23560056593224102,-0.24806276098912508
1.91,-0.010374604800501841,-0.015612366349418871,-0.009604405877154942,-0.0017706034660403235,0.021459228126006185,0.013823130517678412,0.003727,0.006,0.00398,19.181950665421784,19.181950665421784,19.181950665421784,19.776461608551703,20.07525983555096,19.73145731634436,0.0,0.0,-250.0,-0.8994021364968021,-0.3834516097232886,-252.5250123309076,0.0,0.0,-250.00000223057026,-11.383157809957922,-10.156576116865802,-9.280734341079224,-0.26138894345561037,-0.23473909922558753,-0.24648635780553807
1.92,-0.010381327959714526,-0.0154133325357797,-0.00947301464628364,0.00021286018226146673,0.018614018110286405,0.012547441449370618,0.003727,0.006,0.00398,19.181950665421784,19.181950665421784,19.181950665421784,19.776733702110576,20.0640196612675,19.724003450419247,0.0,0.0,-250.0,-0.8893990678475256,-0.35437184970282937,-252.50222159041905,0.0,0.0,-250.00000223057026,-11.36881060370875,-10.056577942149758,-9.164199608359977,-0.26101073447043854,-0.23431508014194527,-0.2452843555811972
1.93,-0.010368819103950988,-0.015243206172605217,-0.009355432104696804,0.0020784297641618086,0.015697234306491795,0.011090077306783673,0.003727,0.006,0.00398,19.181950665421784,19.181950665421784,19.181950665421784,19.775910952349417,20.054439435963353,19.71735080854614,0.0,0.0,-250.0,-0.8816543156096595,-0.33232016193309777,-252.4811042523604,0.0,0.0,-250.00000223057026,-11.330346126844944,-9.97961942676836,-9.066828574297089,-0.2602600156410696,-0.23429751552603884,-0.24445609430940163
1.94,-0.010338543065727235,-0.015102302677080848,-0.009253127028478025,0.0037756585825435467,0.012780773433012944,0.009514049719454448,0.003727,0.006,0.00398,19.181950665421784,19.181950665421784,19.181950665421784,19.77408011962772,20.04653314659619,19.71157994540944,0.0,0.0,-250.0,-0.8759935609930622,-0.3171756223960987,-252.46188864585304,0.0,0.0,-250.00000223057026,-11.270576669976373,-9.924698616780104,-8.988966496497211,-0.25919871518563103,-0.23464901372324287,-0.24398913372599215
1.95,-0.010292411759482478,-0.014990253207376625,-0.00916695098189968,0.005264611146671358,0.009930064042059775,0.007879759060844581,0.003727,0.006,0.00398,19.181950665421784,19.181950665421784,19.181950665421784,19.7713529751214,20.040275951514264,19.706736211716574,0.0,0.0,-250.0,-0.8722328799547249,-0.30863019686313287,-252.4447417316227,0.0,0.0,-250.00000223057026,-11.192727006143414,-9.890410122324672,-8.930307559127783,-0.2578926491360461,-0.23532725475837948,-0.24386084422812984
1.96,-0.010232677030386383,-0.014906074627127619,-0.009097173608034359,0.006516172114025992,0.007203144580306906,0.0062433683403688945,0.003727,0.006,0.00398,19.181950665421784,19.181950665421784,19.181950665421784,19.767860146161283,20.035608240476726,19.702831867736204,0.0,0.0,-250.0,-0.8701838506521878,-0.3062167470930222,-252.42976911930836,0.0,0.0,-250.00000223057026,-11.100287748363302,-9.87501541565814,-8.889971220667299,-0.2564089654130187,-0.23628643536599891,-0.24404016144309307
1.97,-0.010161822612690441,-0.01484824728112627,-0.009043532577349356,0.007511960964246834,0.004649996827877957,0.004655471353869611,0.003727,0.006,0.00398,19.181950665421784,19.181950665421784,19.181950665421784,19.763744932927672,20.03244012761802,19.699849019714048,0.0,0.0,-250.0,-0.8696576329731792,-0.3093389723474502,-252.41701668254527,0.0,0.0,-250.00000223057026,-10.996874621298353,-9.876514089207232,-8.866589052216263,-0.25481380182743735,-0.23747865704089016,-0.24448943193770917
1.98,-0.010082458918610149,-0.01481479806378072,-0.009005295171723493,0.00824389407929126,0.0023121274290418465,0.003160067925818621,0.003727,0.006,0.00398,19.181950665421784,19.181950665421784,19.181950665421784,19.759157307258576,20.0306562335102,19.697743205316122,0.0,0.0,-250.0,-0.8704681020295317,-0.31730217286818996,-252.40647361092573,0.0,0.0,-250.00000223057026,-10.886097723028886,-9.892714325209669,-8.85839823851172,-0.2531702144523198,-0.2388552298176385,-0.2451662819959225
1.99,-0.009997223916629716,-0.014803386364867999,-0.008981328414009004,0.008713443779075968,0.00022238487107603948,0.0017938481158169455,0.003727,0.006,0.00398,19.181950665421784,19.181950665421784,19.181950665421784,19.754248277416075,20.030120618679437,19.696447451014983,0.0,0.0,-250.0,-0.8724341417769785,-0.32934381172568994,-252.39807670903025,0.0,0.0,-250.00000223057026,-10.771444106761356,-9.921301017827433,-8.863338091133365,-0.25153641797450293,-0.24036786920188474,-0.24602544754773017
2.0,-0.009908692830879529,-0.014811390629242027,-0.008970174690170307,0.008930649266025858,-0.0015950052787039848,0.0005857773165185042,0.003727,0.006,0.00398,19.181950665421784,19.181950665421784,19.181950665421784,19.749164772151016,20.03068173990529,19.6958766270126,0.0,0.0,-250.0,-0.8753812207843964,-0.34466296385665235,-252.39171573307706,0.0,0.0,-250.00000223057026,-10.656176230714076,-9.959900194587158,-8.8791461981523,-0.24996436492276128,-0.2419697684379631,-0.24702051083192647
2.01,-0.009819298825310074,-0.014835993460088237,-0.008970129940776728,0.008912937421443667,-0.0031242077619789573,-0.00044303454333893035,0.003727,0.006,0.00398,19.181950665421784,19.181950665421784,19.181950665421784,19.744045164708513,20.032177311891974,19.695931933218972,0.0,0.0,-250.0,-0.8791423802187551,-0.3624478701219863,-252.3872395446697,0.0,0.0,-250.00000223057026,-10.54324803747682,-10.006138600737845,-8.903451187940155,-0.24849867656785346,-0.2436165329971938,-0.24810549784068206
2.02,-0.00973126625124604,-0.014874263420424583,-0.008979321707966947,0.008683812106882963,-0.004357371356804123,-0.0012792038018970458,0.003727,0.006,0.00398,19.181950665421784,19.181950665421784,19.181950665421784,19.7390155238627,20.034438969955914,19.696505362211315,0.0,0.0,-250.0,-0.8835587651329638,-0.3819009539797461,-252.38446285768632,0.0,0.0,-250.00000223057026,-10.435239658892286,-10.057697532084989,-8.933859497875426,-0.2471759252157949,-0.2452669687111822,-0.2492362996587334
2.03,-0.009646557456275462,-0.014923231936220749,-0.008995784598482492,0.008271469256871567,-0.005294074628686416,-0.0019167138231510892,0.003727,0.006,0.00398,19.181950665421784,19.181950665421784,19.181950665421784,19.734186645890766,20.03729664372981,19.697484001150983,0.0,0.0,-250.0,-0.8884798250939306,-0.4022608033584585,-252.3831733575084,0.0,0.0,-250.00000223057026,-10.334311022358667,-10.112360223873978,-8.968033992329163,-0.24602425590293778,-0.24688371927091718,-0.250371890127799
2.04,-0.009566833595715474,-0.01497996396835044,-0.009017531047846417,0.007707391860231033,-0.005940650541970803,-0.002356359974696574,0.003727,0.006,0.00398,19.181950665421784,19.181950665421784,19.181950665421784,19.729651889691496,20.040582567062025,19.69875405346496,0.0,0.0,-250.0,-0.8937633001215063,-0.4228207654884502,-252.38313898046474,0.0,0.0,-250.00000223057026,-10.242173978790472,-10.168052320511066,-9.00376275035262,-0.24506332540206469,-0.24843375279312896,-0.251475321519583
2.05,-0.009493429371743634,-0.015041621391663984,-0.009042615630018402,0.00702497420905719,-0.0063094171492427305,-0.0026050358860738045,0.003727,0.006,0.00398,19.181950665421784,19.181950665421784,19.181950665421784,19.7254858079581,20.044134864838927,19.700204481834362,0.0,0.0,-250.0,-0.8992750939378069,-0.44294394329750664,-252.38411515457207,0.0,0.0,-250.00000223057026,-10.160081996473373,-10.222875158895198,-9.039016824891991,-0.24430452813269157,-0.2498887007604111,-0.25251448880572186
2.06,-0.009427341163241898,-0.015105518290422004,-0.009069191536036803,0.00625821886419568,-0.006417841253937474,-0.0026748993946373698,0.003727,0.006,0.00398,19.181950665421784,19.181950665421784,19.181950665421784,19.7217435411879,20.047800672960207,19.701730195826766,0.0,0.0,-250.0,-0.9048891197752434,-0.4620745146442826,-252.3858518194943,0.0,0.0,-250.00000223057026,-10.088835979601235,-10.275131792919066,-9.071996246602488,-0.2437514721270933,-0.25122505582311183,-0.25346266142653284
2.07,-0.00936922761180059,-0.015169167643548476,-0.009095558230246437,0.005440542970847519,-0.006287660993118236,-0.0025824565774582296,0.003727,0.006,0.00398,19.181950665421784,19.181950665421784,19.181950665421784,19.718460918925093,20.051438762777874,19.703234729565345,0.0,0.0,-250.0,-0.9104871855523071,-0.4797454169301898,-252.38810006333892,0.0,0.0,-250.00000223057026,-10.028804382155,-10.323345864848713,-9.101163992740574,-0.24340066365513569,-0.2524242376734218,-0.25429878898139985
2.08,-0.009319421403230665,-0.015230319124855785,-0.009120199670888118,0.004603723182138602,-0.005943991799271695,-0.0023476010397435313,0.003727,0.006,0.00398,19.181950665421784,19.181950665421784,19.181950665421784,19.715655194373493,20.05492165564277,19.704632376418832,0.0,0.0,-250.0,-0.9159589661386968,-0.4955825469731134,-252.39061823577538,0.0,0.0,-250.00000223057026,-9.979955499816656,-10.366273587989483,-9.125268053535757,-0.24324235640942227,-0.253472538442577,-0.25500759383489696
2.09,-0.009277950733209916,-0.015286987977660038,-0.00914181284174631,0.0037770008224501275,-0.005414438262550159,-0.0019926433424062705,0.003727,0.006,0.00398,19.181950665421784,19.181950665421784,19.181950665421784,19.713326324588447,20.058137226511477,19.70584976818162,0.0,0.0,-250.0,-0.9212020916291349,-0.5093057175942589,-252.39317742041416,0.0,0.0,-250.00000223057026,-9.941899634059233,-10.402909242137458,-9.14335209541064,-0.24326152019495997,-0.25436096082031256,-0.25557946914119906
2.1,-0.009244568771258732,-0.015337475136054268,-0.009159326673599755,0.0029863613328987163,-0.004728232120616467,-0.001541362281643764,0.003727,0.006,0.00398,19.181950665421784,19.181950665421784,19.181950665421784,19.711458698896468,20.06098980762873,19.706826905052242,0.0,0.0,-250.0,-0.9261223628524524,-0.5207266869665987,-252.39556617387393,0.0,0.0,-250.00000223057026,-9.913938729516994,-10.432484697347922,-9.154755535254436,-0.24343888470582684,-0.25508496335376785,-0.2560102051656874
2.11,-0.009218789337281652,-0.01538037895348876,-0.009171911730589288,0.002253994744278453,-0.003915414043866022,-0.0010181058702148904,0.003727,0.006,0.00398,19.181950665421784,19.181950665421784,19.181950665421784,19.71002321287999,20.063400813945904,19.70751765947449,0.0,0.0,-250.0,-0.9306340894436474,-0.529744633842218,-252.3975944639719,0.0,0.0,-250.00000223057026,-9.895121081563618,-10.454463571805597,-9.159104097729161,-0.2437520160190095,-0.25564412816527776,-0.25630056999849904
2.12,-0.009199926975288208,-0.015414599061043088,-0.009178981291447064,0.0015979371369895417,-0.0030060741481468937,-0.0004469655055601644,0.003727,0.006,0.00398,19.181950665421784,19.181950665421784,19.181950665421784,19.708979583952207,20.06530892104568,19.70788979125372,0.0,0.0,-250.0,-0.934660532232812,-0.5363394913312555,-252.3990967644999,0.0,0.0,-250.00000223057026,-9.884298786888857,-10.468530696004297,-9.156292125638412,-0.24417638668098907,-0.2560417666594549,-0.2564557728208561
2.13,-0.009187139643466513,-0.01543933301159045,-0.009180184664839941,0.0010318869514717656,-0.002029663339229821,0.00014895786704939148,0.003727,0.006,0.00398,19.181950665421784,19.181950665421784,19.181950665421784,19.708278806872368,20.066669833847413,19.70792452308425,0.0,0.0,-250.0,-0.9381344208386492,-0.5405635745002665,-252.39993428856698,0.0,0.0,-250.00000223057026,-9.880185755168691,-10.474577598678605,-9.146458051147704,-0.2446864044756847,-0.25628447870484977,-0.2564848388465054
2.14,-0.009179472330861194,-0.015454066471443595,-0.009175393739748905,0.0005651847426535714,-0.0010143847509338072,0.0007481815973175547,0.003727,0.006,0.00398,19.181950665421784,19.181950665421784,19.181950665421784,19.707865653066882,20.06745569024373,19.70761573461095,0.0,0.0,-250.0,-0.940998509414697,-0.5425319437048415,-252.39999636599447,0.0,0.0,-250.00000223057026,-9.881414302921232,-10.472684751167069,-9.1299545145235,-0.24525636990604174,-0.2563816803165186,-0.25639992499339936
2.15,-0.009175900049683772,-0.015458557798292027,-0.009164683885442837,0.00020294062175552557,1.3328247776146963e-05,0.0013313539545646894,0.003727,0.006,0.00398,19.181950665421784,19.181950665421784,19.181950665421784,19.707681125816748,20.06765414808389,19.706968839386068,0.0,0.0,-250.0,-0.9432061285595785,-0.5424119376787409,-252.39920099222127,0.0,0.0,-250.00000223057026,-9.886588598834619,-10.463101307838198,-9.107314640210676,-0.2458613378583782,-0.2563451140821746,-0.25621560434620727
2.16,-0.00917536882924297,-0.01545281789419456,-0.009148310382382896,-5.370974877062712e-05,0.0010292436704046797,0.0018816469018933964,0.003727,0.006,0.00398,19.181950665421784,19.181950665421784,19.181950665421784,19.707664793698875,20.067267206629577,19.705999412646886,0.0,0.0,-250.0,-0.9447216894040679,-0.5404122896924193,-252.39749459613137,0.0,0.0,-250.00000223057026,-9.894333510523502,-10.446223062975786,-9.079215952143837,-0.24647786461942772,-0.25618835551926766,-0.2559481456696153
2.17,-0.00917683354278026,-0.01543708624655038,-0.009126681587872332,-0.0002072421319336125,0.002011670847541916,0.00238502866807235,0.003727,0.006,0.00398,19.181950665421784,19.181950665421784,19.181950665421784,19.70775693656256,20.066309814851152,19.70473163888456,0.0,0.0,-250.0,-0.9455210966447195,-0.5367722085302905,-252.39485109170366,0.0,0.0,-250.00000223057026,-9.90333770326447,-10.422569311486422,-9.046443337065455,-0.24708462716542615,-0.2559263272786983,-0.2556148117618602
2.18,-0.009179291622358976,-0.015411804070293245,-0.009100330022149494,-0.00026329661324753337,0.0029417096555081628,0.002830419629055707,0.003727,0.006,0.00398,19.181950665421784,19.181950665421784,19.181950665421784,19.70790045122541,20.064808318820972,19.70319664691773,0.0,0.0,-250.0,-0.9455920305157064,-0.5317507657282604,-252.39127029303629,0.0,0.0,-250.00000223057026,-9.91239014982233,-10.392759254535806,-9.009852353082808,-0.2476629072454229,-0.25557483167868655,-0.25523319744205575
2.19,-0.009181811949962038,-0.015377585443362651,-0.009069882506558935,-0.00023016987497709025,0.0038034120529339744,0.0032097383762493253,0.003727,0.006,0.00398,19.181950665421784,19.181950665421784,19.181950665421784,19.70804247744696,20.062798799131247,19.701430796897288,0.0,0.0,-250.0,-0.944934063018326,-0.525616883654209,-252.3867757838156,0.0,0.0,-250.00000223057026,-9.920409515930693,-10.357488534387251,-8.97033403815613,-0.24819693806568294,-0.25515011051382336,-0.25482062459224286
2.2,-0.009183558446357543,-0.01533518728742983,-0.009036030400736361,-0.00011826997297232196,0.004583860703541724,0.0035178476575977845,0.003727,0.006,0.00398,19.181950665421784,19.181950665421784,19.181950665421784,19.708135718088148,20.06032534686818,19.699473978658002,0.0,0.0,-250.0,-0.9435585807325801,-0.5186401677811157,-252.3814123405136,0.0,0.0,-250.00000223057026,-9.92646617846366,-10.317506417946364,-8.928782207372329,-0.24867411620457686,-0.2546684394909474,-0.25439360807195455
2.21,-0.009183808105201585,-0.015285478989714885,-0.00899950087618634,6.044433307626251e-05,0.005273170939605135,0.00375241209602351,0.003727,0.006,0.00398,19.181950665421784,19.181950665421784,19.181950665421784,19.70813944024276,20.057438323374587,19.697367974431987,0.0,0.0,-250.0,-0.9414884947671425,-0.5110827730125305,-252.37524301342674,0.0,0.0,-250.00000223057026,-9.929796904330932,-10.273594078355623,-8.886064046471397,-0.24908508563293705,-0.2541457630424335,-0.2539674026297438
2.22,-0.009181963431444728,-0.015229412392444741,-0.008961030035201711,0.0002930193513827396,0.005864423501543234,0.003913681205672861,0.003727,0.006,0.00398,19.181950665421784,19.181950665421784,19.181950665421784,19.708020156149782,20.054192644997304,19.695154931491366,0.0,0.0,-250.0,-0.9387577273929559,-0.503192440136978,-252.36834597117337,0.0,0.0,-250.00000223057026,-9.9298124607178,-10.22654435080867,-8.84299461965119,-0.2494237042990936,-0.2535973737006425,-0.25355563728211455
2.23,-0.009177559434731697,-0.015167992797030405,-0.008921338542768775,0.0005660392040598831,0.006353536375650611,0.004004212248189347,0.003727,0.006,0.00398,19.181950665421784,19.181950665421784,19.181950665421784,19.707751993545028,20.050646129413355,19.69287598213602,0.0,0.0,-250.0,-0.9354104741960066,-0.4951967862002628,-252.3608112126058,0.0,0.0,-250.00000223057026,-9.926098636162598,-10.17714326474462,-8.800315719210788,-0.2496869066066517,-0.25303763872104085,-0.2531700401314528
2.24,-0.009170265495718255,-0.015102251543291978,-0.008881110290727079,0.0008661200211979999,0.006739084652025065,0.004028547925326087,0.003727,0.006,0.00398,19.181950665421784,19.181950665421784,19.181950665421784,19.70731677454158,20.046857935125473,19.6905700399183,0.0,0.0,-250.0,-0.931500249744196,-0.4872988833325454,-252.35273724553028,0.0,0.0,-250.00000223057026,-9.918411323469655,-10.126153581663756,-8.75867929946161,-0.24987447724167286,-0.2524797752457749,-0.2528202533500937
2.25,-0.009159882562918997,-0.015033220632818312,-0.00884097446347426,0.0011803529172896199,0.007022077652502129,0.003992863832650234,0.003727,0.006,0.00398,19.181950665421784,19.181950665421784,19.181950665421784,19.70670382996713,20.04288712047278,19.68827279241018,0.0,0.0,-250.0,-0.9270887334027071,-0.4796741156449453,-252.34422782452341,0.0,0.0,-250.00000223057026,-9.906666447565208,-10.074300497630633,-8.718635563098283,-0.24998875319668062,-0.25193567402800315,-0.25251373514887787
2.26,-0.009146336247938702,-0.014961909772437776,-0.008801491227874936,0.0014966860816870804,0.007205702653326519,0.003904600056523716,0.003727,0.006,0.00398,19.181950665421784,19.181950665421784,19.181950665421784,19.70590958223031,20.03879134316436,19.686015902450887,0.0,0.0,-250.0,-0.9222444397141809,-0.47246826421604254,-252.33538883089093,0.0,0.0,-250.00000223057026,-9.890925613638784,-10.02225960348221,-8.680625609485105,-0.25003427151924495,-0.2514157706075918,-0.2522557430370563
2.27,-0.009129666466983266,-0.014889286121200551,-0.008763141131128027,0.0018042393350024143,0.007295044373156869,0.0037720903472941306,0.003727,0.006,0.00398,19.181950665421784,19.181950665421784,19.181950665421784,19.70493693420159,20.034625716049657,19.68382642191042,0.0,0.0,-250.0,-0.917041244411453,-0.4657967366465586,-252.32632536690363,0.0,0.0,-250.00000223057026,-9.871378404175285,-9.970647134939762,-8.644978414737931,-0.25001738033113713,-0.2509289618525636,-0.2520493906090462
2.28,-0.009110014326756066,-0.014816256934369276,-0.008726318162838198,0.002093547442865658,0.0072967890408748275,0.0036042010167049773,0.003727,0.006,0.00398,19.181950665421784,19.181950665421784,19.181950665421784,19.703794504303303,20.030441829709705,19.681726414774545,0.0,0.0,-250.0,-0.9115568024339611,-0.45974483060698834,-252.3171391243434,0.0,0.0,-250.00000223057026,-9.848322269940947,-9.92001249006363,-8.611911795680886,-0.24994583008675772,-0.2504825649640284,-0.2518957684856614
2.29,-0.009087606974529316,-0.014743655212550166,-0.008691326324371307,0.00235673124674113,0.007218921328858556,0.003409990161678187,0.003727,0.006,0.00398,19.181950665421784,19.181950665421784,19.181950665421784,19.70249574908842,20.02628694759354,19.67973277996223,0.0,0.0,-250.0,-0.9058708981440132,-0.45436890041021966,-252.30792607457082,0.0,0.0,-250.00000223057026,-9.822140942822726,-9.870832943375012,-8.581536915370645,-0.24982836094656616,-0.2500823153866977,-0.25179411889891146
2.3,-0.00906274112748634,-0.014672228384823682,-0.008658379451958131,0.002587598192775546,0.007070421766502765,0.0031983960855894522,0.003727,0.006,0.00398,19.181950665421784,19.181950665421784,19.181950665421784,19.701058014175985,20.022203374921222,19.67785725885118,0.0,0.0,-250.0,-0.9000637701971858,-0.44969828183924515,-252.2987745142551,0.0,0.0,-250.00000223057026,-9.79328225166389,-9.823510444839453,-8.553865817616668,-0.24967430062238885,-0.249732399569328,-0.2517420527302077
2.31,-0.009035765968167242,-0.014602629982809479,-0.008627603961360752,0.002781676053955033,0.006860971466788046,0.0029779619461613536,0.003727,0.006,0.00398,19.181950665421784,19.181950665421784,19.181950665421784,19.69950155266673,20.018227998499246,19.676106608086585,0.0,0.0,-250.0,-0.8942144542126664,-0.4457378229620632,-252.2897634880017,0.0,0.0,-250.00000223057026,-9.76223615050882,-9.77837035790562,-8.52882143158182,-0.24949318520185862,-0.24943551817312873,-0.2517357975668668
2.32,-0.009007066044346534,-0.014535414198961982,-0.008599044121979316,0.002936185504429286,0.006600670136141109,0.0027566017765695283,0.003727,0.006,0.00398,19.181950665421784,19.181950665421784,19.181950665421784,19.697848547278667,20.01439199099775,19.674482914922038,0.0,0.0,-250.0,-0.8883991855554552,-0.44247086700908217,-252.28096159675178,0.0,0.0,-250.00000223057026,-9.729513676980012,-9.735661963864237,-8.506249464211873,-0.24929441337593533,-0.24919297512156338,-0.2517704654954466
2.33,-0.008977044746592555,-0.014471033167684944,-0.008572669427073132,0.003049958690110765,0.006299772423986857,0.0025414111680734665,0.003727,0.006,0.00398,19.181950665421784,19.181950665421784,19.181950665421784,19.69612216863082,20.01072067015701,19.67298403008691,0.0,0.0,-250.0,-0.8826899022833686,-0.43986253696119326,-252.27242618933266,0.0,0.0,-250.00000223057026,-9.695627452031871,-9.695560539727616,-8.48593159628897,-0.24908694227137013,-0.2490047878101716,-0.2518403298565218
2.34,-0.008946108858974233,-0.014409836762439454,-0.008548383603746823,0.00312331203441772,0.005968446730738686,0.002338524125975276,0.003727,0.006,0.00398,19.181950665421784,19.181950665421784,19.181950665421784,19.69434569758611,20.00723350084225,19.671604091956464,0.0,0.0,-250.0,-0.8771528847794017,-0.43786317958532556,-252.2642029241717,0.0,0.0,-250.00000223057026,-9.661074216216422,-9.65817080328562,-8.467599415212305,-0.24887903081947638,-0.2488698138364231,-0.2519391009916919
2.35,-0.008914654591789806,-0.014352074665990588,-0.008526034800412419,0.003157882224513264,0.005616559656622167,0.0021530159651718594,0.003727,0.006,0.00398,19.181950665421784,19.181950665421784,19.181950665421784,19.69254173456485,20.0039442258553,19.670334115554112,0.0,0.0,-250.0,-0.8718475639531929,-0.43641183847092163,-252.25632567913436,0.0,0.0,-250.00000223057026,-9.626319776797152,-9.623531511508467,-8.450948551638776,-0.24867803435607122,-0.24878588975219082,-0.25206019206292957
2.36,-0.0088830554136069,-0.014297900444164235,-0.008505426499039459,0.0031564346566991105,0.005253488361044816,0.0019888506370297483,0.003727,0.006,0.00398,19.181950665421784,19.181950665421784,19.181950665421784,19.690731513475658,20.000861109929584,19.66916262054863,0.0,0.0,-250.0,-0.8668255243769499,-0.4354396403481158,-252.2488167798697,0.0,0.0,-250.00000223057026,-9.591786619156819,-9.591620996507022,-8.43565253503899,-0.24849025201782698,-0.24874997756990508,-0.2521969672576968
2.37,-0.008851651906920222,-0.014247377335612543,-0.008486328722765779,0.0031226536059602407,0.0048879622325568115,0.0018488696062854018,0.003727,0.006,0.00398,19.181950665421784,19.181950665421784,19.181950665421784,19.68893433258597,19.997987280360345,19.668076273813703,0.0,0.0,-250.0,-0.8621297225351774,-0.4348729957781622,-252.24168751099967,0.0,0.0,-250.00000223057026,-9.557844319082454,-9.562363426216164,-8.42137594206545,-0.2483208265392733,-0.24875831505195412,-0.2523429660516811
2.38,-0.008820743780629081,-0.0142004854605991,-0.008468489144222824,0.0030609230593666385,0.004527934458939672,0.0017348183460631473,0.003727,0.006,0.00398,19.181950665421784,19.181950665421784,19.181950665421784,19.68716710945453,19.995321147224608,19.66706052416883,0.0,0.0,-250.0,-0.8577939337569559,-0.43463653340276137,-252.23493887001322,0.0,0.0,-250.00000223057026,-9.524802783223315,-9.535635584200314,-8.407786478361102,-0.24817369431159875,-0.2488065661662153,-0.2524920986276455
2.39,-0.00879058408620964,-0.014157130150044606,-0.008451643743935866,0.0029761065585073537,0.004180483348526823,0.0016474057025300183,0.003727,0.006,0.00398,19.181950665421784,19.181950665421784,19.181950665421784,19.68544406213768,19.992856886085697,19.666100209487336,0.0,0.0,-250.0,-0.8538424346001939,-0.434655705569678,-252.2285625207967,0.0,0.0,-250.00000223057026,-9.492908246238486,-9.511273973825434,-8.394565706087056,-0.248051582076267,-0.24888996848376457,-0.252638808990303
2.4,-0.008761375605330746,-0.014117151101245451,-0.008435526719025754,0.0028733335796274338,0.0038517425971878504,0.0015863908009949431,0.003727,0.006,0.00398,19.181950665421784,19.181950665421784,19.181950665421784,19.683776514395408,19.99058496641069,19.6651801193037,0.0,0.0,-250.0,-0.8502899206954736,-0.4348590216369656,-252.2225419022811,0.0,0.0,-250.00000223057026,-9.462341867128163,-9.489082065837792,-8.381418203189318,-0.2479560454173357,-0.249003474714051,-0.25277820372509385
2.41,-0.008733269306691993,-0.014080332077933744,-0.008419879397823127,0.002757798991750428,0.0035468591271077834,0.0015506918172867843,0.003727,0.006,0.00398,19.181950665421784,19.181950665421784,19.181950665421784,19.68217281867176,19.98849270960601,19.66428549924415,0.0,0.0,-250.0,-0.847141653552539,-0.4351798829943737,-252.21685344761855,0.0,0.0,-250.00000223057026,-9.433220695574546,-9.46883752448615,-8.368079013654931,-0.2478875432985202,-0.24914188600525128,-0.2529061456808958
2.42,-0.008706364710482584,-0.014046410888782057,-0.008404457973646973,0.0026345810236705924,0.0032699766472543182,0.0015385108098640164,0.003727,0.006,0.00398,19.181950665421784,19.181950665421784,19.181950665421784,19.68063838728595,19.986564861544917,19.663402486913423,0.0,0.0,-250.0,-0.8443938237759413,-0.4355580103283172,-252.21146787048676,0.0,0.0,-250.00000223057026,-9.405600722735628,-9.450299265100414,-8.354319318397094,-0.24784554226544983,-0.24929997507178164,-0.25301931307739806
2.43,-0.00868071195100456,-0.014015089399139868,-0.00838903992880119,0.0025084819901877694,0.003024242702292498,0.0015474688812569764,0.003727,0.006,0.00398,19.181950665421784,19.181950665421784,19.181950665421784,19.67917581959653,19.98478416566699,19.66251847217684,0.0,0.0,-250.0,-0.8420341127008087,-0.4359404684862571,-252.20635147740163,0.0,0.0,-250.00000223057026,-9.379481690156654,-9.433214214916262,-8.339950321964325,-0.24782864359093887,-0.2494725976369293,-0.25311522561892746
2.44,-0.008656315292122352,-0.013986043354801136,-0.008373429075908212,0.002383894823584873,0.0028118366853453615,0.001574746189350429,0.003727,0.006,0.00398,19.181950665421784,19.181950665421784,19.181950665421784,19.67778511091418,19.98313192412192,19.66162237797407,0.0,0.0,-250.0,-0.8400424297821426,-0.43628230716412736,-252.20146746814336,0.0,0.0,-250.00000223057026,-9.354813305044742,-9.417323668382867,-8.324825409343115,-0.2478347265636936,-0.2496547910878792,-0.253192240116697
2.45,-0.008633137826292603,-0.013958931823032261,-0.008357459196382755,0.002264697271428868,0.002634016087009948,0.0016172217333856583,0.003727,0.006,0.00398,19.181950665421784,19.181950665421784,19.181950665421784,19.676463927636448,19.981588535955048,19.660704860795327,0.0,0.0,-250.0,-0.8383917992615165,-0.4365468463442488,-252.19677719036977,0.0,0.0,-250.00000223057026,-9.331502499358558,-9.402369147725912,-8.30884067845062,-0.24786110128377734,-0.2498418596258638,-0.25324951886720537
2.46,-0.008611107075576219,-0.013933406084093714,-0.008340996303786041,0.0021541744945491425,0.0024911781332988144,0.0016716083678119812,0.003727,0.006,0.00398,19.181950665421784,19.181950665421784,19.181950665421784,19.675207932434233,19.98013400294341,19.65975843266665,0.0,0.0,-250.0,-0.837049366765654,-0.4367056438417707,-252.19224131904093,0.0,0.0,-250.00000223057026,-9.309421372827007,-9.388097698752942,-8.291933996605328,-0.24790466470047318,-0.2500294455504534,-0.25328697459913085
2.47,-0.0085901212114885,-0.013909117835255502,-0.00832393960191169,0.0020549697619201735,0.002382933922172375,0.001734579119532641,0.003727,0.006,0.00398,19.181950665421784,19.181950665421784,19.181950665421784,19.67401114328997,19.978748395340933,19.658777508867413,0.0,0.0,-250.0,-0.835977494603419,-0.436738188455256,-252.18782093621112,0.0,0.0,-250.00000223057026,-9.288415474650392,-9.374266570415337,-8.274082762791595,-0.24796205417579822,-0.2502135866397852,-0.25330519618428027
2.48,-0.008570055618745187,-0.013885726598123371,-0.008306221242959877,0.0019690620182007497,0.0023081921944620174,0.001802881570888338,0.003727,0.006,0.00398,19.181950665421784,19.181950665421784,19.181950665421784,19.67286631070957,19.977412271440915,19.65775838759807,0.0,0.0,-250.0,-0.8351349136272121,-0.4366313661230619,-252.1834784918955,0.0,0.0,-250.00000223057026,-9.268312103499516,-9.360647244195285,-8.25530058172221,-0.24802979354261115,-0.25039075987529075,-0.2533053595156539
2.49,-0.008550769544642622,-0.013862906248299833,-0.00828780501958254,0.0018977683142797953,0.0022652499619411747,0.0018734377930435724,0.003727,0.006,0.00398,19.181950665421784,19.181950665421784,19.181950665421784,19.67176529842992,19.976107046474613,19.6566991694032,0.0,0.0,-250.0,-0.8344778995858458,-0.4363787482882039,-252.1791786319069,0.0,0.0,-250.00000223057026,-9.248928338610217,-9.347028795718273,-8.235633070708056,-0.24810442741249852,-0.25055791200830924,-0.2532891279985021
2.5,-0.008532112599536512,-0.013840350613453622,-0.008268684145709082,0.0018417684542132147,0.0022518873542813405,0.001943428045207231,0.003727,0.006,0.00398,19.181950665421784,19.181950665421784,19.181950665421784,19.67069945433894,19.974815307906432,19.655599625323635,0.0,0.0,-250.0,-0.8339614428677962,-0.4359797515579312,-252.17488888364892,0.0,0.0,-250.00000223057026,-9.23007855427984,-9.333220585930079,-8.215153026576541,-0.24818264033807175,-0.25071247767667043,-0.25325854699302036
2.51,-0.008513930903129519,-0.013817778111282597,-0.008248878294955908,0.0018011487298756907,0.002265464228670117,0.00201035716966641,0.003727,0.006,0.00398,19.181950665421784,19.181950665421784,19.181950665421784,19.66965996002737,19.973521075631464,19.65446102350666,0.0,0.0,-250.0,-0.8335403823321942,-0.43543871593632233,-252.17058019568645,0.0,0.0,-250.00000223057026,-9.211581213906127,-9.319054292583967,-8.19395517802777,-0.24826135831152993,-0.2508523859520201,-0.2532159363089273
2.52,-0.008496072704488489,-0.013794935422255572,-0.00822843007236379,0.0017754612880638934,0.00230301630205887,0.0020721032893510623,0.003727,0.006,0.00398,19.181950665421784,19.181950665421784,19.181950665421784,19.668638149312336,19.972210006909407,19.653285924362518,0.0,0.0,-250.0,-0.8331704764579926,-0.43476394567425247,-252.16622733140025,0.0,0.0,-250.00000223057026,-9.193264785928864,-9.30438530458158,-8.172150739743063,-0.2483378309534325,-0.2509760563346778,-0.25316378450326166
2.53,-0.008478393339352908,-0.013771600213102975,-0.00820740109567053,0.0017637954988801994,0.0023613488076928892,0.0021269490353423024,0.003727,0.006,0.00398,19.181950665421784,19.181950665421784,19.181950665421784,19.66762578812395,19.970869547062883,19.65207795434682,0.0,0.0,-250.0,-0.832809388182591,-0.4339667523970137,-252.1618091210543,0.0,0.0,-250.00000223057026,-9.174972670819548,-9.289093511850467,-8.149861969276932,-0.24840969358346987,-0.2510823853137796,-0.25310464829564616
2.54,-0.008460759424910924,-0.013747582945601466,-0.008185867856965068,0.0017648576595794797,0.0024371259365527655,0.002173596081840133,0.003727,0.006,0.00398,19.181950665421784,19.181950665421784,19.181950665421784,19.66661531024518,19.96948902801756,19.65084156811008,0.0,0.0,-250.0,-0.8324175634316553,-0.4330605349262583,-252.1573085801013,0.0,0.0,-250.00000223057026,-9.156567073960776,-9.273083531928124,-8.127216907401445,-0.24847500914351442,-0.2511707246788261,-0.2530410599133025
2.55,-0.008443052228461534,-0.013722727821113556,-0.008163917525146613,0.0017770554614345133,0.0025269545929674803,0.0022111642348280635,0.003727,0.006,0.00398,19.181950665421784,19.181950665421784,19.181950665421784,19.665600005465993,19.968059717658097,19.64958180813229,0.0,0.0,-250.0,-0.8319589873189124,-0.43205992439466934,-252.1527129044739,0.0,0.0,-250.00000223057026,-9.137931802417528,-9.256284421269367,-8.104344458301584,-0.24853229064181903,-0.2512408528069045,-0.2529754446339751
2.56,-0.00842517018106509,-0.013696912924562876,-0.008141643834978951,0.0017985838523066028,0.002627461264999649,0.0022391767009248232,0.003727,0.006,0.00398,19.181950665421784,19.181950665421784,19.181950665421784,19.66457415868731,19.966574823715558,19.648304070100426,0.0,0.0,-250.0,-0.8314018061866033,-0.43098001712962114,-252.1480133559179,0.0,0.0,-250.00000223057026,-9.118974003022286,-9.23864892456817,-8.081369939022172,-0.24858050539050192,-0.25129294016090836,-0.25291005023063035
2.57,-0.008407030539380744,-0.01367004964203683,-0.008119143190610134,0.0018275092261260705,0.0027353610780723055,0.0022575334512489596,0.003727,0.006,0.00398,19.181950665421784,19.181950665421784,19.181950665421784,19.663533140332067,19.965029456489212,19.647013881244472,0.0,0.0,-250.0,-0.8307188079230817,-0.4298357116104277,-252.14320505212666,0.0,0.0,-250.00000223057026,-9.099624893903428,-9.220152319145809,-8.058411199022085,-0.24861906280526955,-0.25132751022077676,-0.2528468894581399
2.58,-0.008388570227587933,-0.013642081434093789,-0.008096511091117253,0.0018618492427242427,0.002847518359325553,0.002266474791377856,0.003727,0.006,0.00398,19.181950665421784,19.181950665421784,19.181950665421784,19.662473450043034,19.963420555142307,19.64571669767265,0.0,0.0,-250.0,-0.8298877572135462,-0.4286411598056904,-252.13828667753714,0.0,0.0,-250.00000223057026,-9.079839570899683,-9.20079091380964,-8.035575381662131,-0.2486477879210697,-0.2513453970354258,-0.25278769617705416
2.59,-0.008369745915943805,-0.013612982052209677,-0.008073838963871593,0.0018996460072384588,0.0029609982858206105,0.002266537355542587,0.003727,0.006,0.00398,19.181950665421784,19.181950665421784,19.181950665421784,19.661392717035156,19.961746782604692,19.644417725494293,0.0,0.0,-250.0,-0.8288915864232875,-0.427409337567414,-252.13326013117512,0.0,0.0,-250.00000223057026,-9.059595993754064,-9.180580262622964,-8.012956370977413,-0.24866688304788576,-0.25134770053046857,-0.25273389519971307
2.6,-0.008350533412731675,-0.013582753288798322,-0.008051211469137398,0.0019390307977207493,0.0030731094182344055,0.002258504766562499,0.003727,0.006,0.00398,19.181950665421784,19.181950665421784,19.181950665421784,19.660289661601226,19.960008394273864,19.643121769235297,0.0,0.0,-250.0,-0.8277184465874464,-0.426151733654884,-252.12813012794024,0.0,0.0,-250.00000223057026,-9.038893274390297,-9.159553153872217,-7.990632940013438,-0.24867688015008946,-0.2513357406391992,-0.2526865854818782
2.61,-0.008330926461867005,-0.013551422352057418,-0.00802870431713798,0.0019782790035787006,0.003181437130210154,0.002243355150336709,0.003727,0.006,0.00398,19.181950665421784,19.181950665421784,19.181950665421784,19.659164023131307,19.95820708574104,19.64183310978376,0.0,0.0,-250.0,-0.8263616263849236,-0.42487815250582517,-252.12290376925526,0.0,0.0,-250.00000223057026,-9.017749400959131,-9.137757433284985,-7.968667592116999,-0.24867858658638306,-0.2513110112442999,-0.2526465358799141
2.62,-0.008310935049199497,-0.013519038955746576,-0.008006382617536445,0.002015854408481592,0.003283868129909105,0.00222220757438361,0.003727,0.006,0.00398,19.181950665421784,19.181950665421784,19.181950665421784,19.658016460596528,19.95634582469283,19.640555412891064,0.0,0.0,-250.0,-0.8248193499428671,-0.4235966221474091,-252.11759009812207,0.0,0.0,-250.00000223057026,-8.996198536931663,-9.115253718372953,-7.947106064447705,-0.2486730268043929,-0.2512751348282203,-0.25261419235605376
2.63,-0.008290583326706569,-0.013485672211124233,-0.007984299761509828,0.0020504424036782024,0.0033786064331469707,0.002196269304551119,0.003727,0.006,0.00398,19.181950665421784,19.181950665421784,19.181950665421784,19.656848431774943,19.95442867196463,19.639291668131204,0.0,0.0,-250.0,-0.82309446679136,-0.4223133957006007,-252.11219965241546,0.0,0.0,-250.00000223057026,-8.974288034723882,-9.092113057772423,-7.925977444085005,-0.24866138245593955,-0.25122981863353533,-0.2525896952475508
2.64,-0.008269907265571474,-0.013451407403891502,-0.007962496818828602,0.0020809721378319116,0.003464181286031658,0.0021667855540098476,0.003727,0.006,0.00398,19.181950665421784,19.181950665421784,19.181950665421784,19.655662057576233,19.95246059646351,19.63804415721615,0.0,0.0,-250.0,-0.8211940492321629,-0.4210330327835071,-252.1067440287642,0.0,0.0,-250.00000223057026,-8.952075298702196,-9.068414585756742,-7.905294831733057,-0.24864493319889144,-0.2511768130332329,-0.2525729050208196
2.65,-0.008248952146962196,-0.01341634273336767,-0.0079410024169847,0.002106627986479452,0.0035394476490997503,0.002134993145693651,0.003727,0.006,0.00398,19.181950665421784,19.181950665421784,19.181950665421784,19.654459977675995,19.95044728834944,19.63681444969906,0.0,0.0,-250.0,-0.8191289137800924,-0.41975854575951144,-252.10123546769327,0.0,0.0,-250.00000223057026,-8.929624623599237,-9.04424321783137,-7.885056476342448,-0.24862500019351647,-0.25111787270700386,-0.25256343480863935
2.66,-0.008227769993666256,-0.013380586084485002,-0.007919833056692194,0.002126851049643214,0.003603579944940563,0.0021020792350904135,0.003727,0.006,0.00398,19.181950665421784,19.181950665421784,19.181950665421784,19.653245203327764,19.9483949744787,19.635603423384122,0.0,0.0,-250.0,-0.8169130841815416,-0.4184915951508369,-252.09568646890727,0.0,0.0,-250.00000223057026,-8.907004122112085,-9.019687428606044,-7.86524729597599,-0.24860289400052607,-0.25105472111495136,-0.252560687973635
2.67,-0.008206417037123548,-0.01334425189578603,-0.007898993808178267,0.002141331654164005,0.003656059838003042,0.0020691459558525153,0.003727,0.006,0.00398,19.181950665421784,19.181950665421784,19.181950665421784,19.652020972712222,19.94631023968515,19.634411306210765,0.0,0.0,-250.0,-0.8145632138256801,-0.4172327185959836,-252.09010944374248,0.0,0.0,-250.00000223057026,-8.884282840514015,-8.99483714809516,-7.845840695854154,-0.2485798682587291,-0.2509890186566825,-0.25256389894998155
2.68,-0.008184951303444266,-0.013307458178656917,-0.007878479325624022,0.002149994044688498,0.0036966588598995372,0.00203718156648775,0.003727,0.006,0.00398,19.181950665421784,19.181950665421784,19.181950665421784,19.65079061354402,19.94419985701731,19.63323773599153,0.0,0.0,-250.0,-0.8120979851688689,-0.41598157837791305,-252.08451640996944,0.0,0.0,-250.00000223057026,-8.861528144296472,-8.96978180733424,-7.826800593500456,-0.24855708017717376,-0.2509223348027932,-0.2525721756806559
2.69,-0.008163430389307558,-0.013270323734747291,-0.007858275112853808,0.0021529745930644255,0.0037254167175269394,0.0020070384017123366,0.003727,0.006,0.00398,19.181950665421784,19.181950665421784,19.181950665421784,19.649557416921425,19.942070629573163,19.632081834154643,0.0,0.0,-250.0,-0.8095375031358448,-0.41473721370530064,-252.07891873234126,0.0,0.0,-250.00000223057026,-8.838803437932894,-8.944608558822203,-7.808083562970004,-0.24853555853277384,-0.25085612438880917,-0.2525845420819373
2.7,-0.008141909484817633,-0.01323296561011289,-0.007838358971767434,0.002150594941474003,0.003742616126453771,0.001979417675010038,0.003727,0.006,0.00398,19.181950665421784,19.181950665421784,19.181950665421784,19.648324525607553,19.93992924609252,19.63094228956498,0.0,0.0,-250.0,-0.8069026983927209,-0.4134982854832508,-252.07332691060304,0.0,0.0,-250.00000223057026,-8.816166264550596,-8.919400691908905,-7.789641014911129,-0.2485161795316633,-0.2507917081697712,-0.2525999791216373
2.71,-0.008120439686040981,-0.013195496816243102,-0.007818702565847602,0.0021433315231648054,0.0037487550001534847,0.0019548609462264875,0.003727,0.006,0.00398,19.181950665421784,19.181950665421784,19.181950665421784,19.64709483910845,19.93778215198751,19.62981744855814,0.0,0.0,-250.0,-0.8042147549648637,-0.4122633031627335,-252.06775041514152,0.0,0.0,-250.00000223057026,-8.7936668132911,-8.894236257928707,-7.771421336255097,-0.2484996505814212,-0.2507302576478643,-0.2526174632835174
2.72,-0.008099066625598172,-0.013158024339967322,-0.007799273034077181,0.002131782880973568,0.0037445167988140906,0.0019337478648872078,0.003727,0.006,0.00398,19.181950665421784,19.181950665421784,19.181950665421784,19.645870937092585,19.935635437025603,19.628705407506068,0.0,0.0,-250.0,-0.8014945749687731,-0.41103082530236884,-252.0621975690896,0.0,0.0,-250.00000223057026,-8.771346845013763,-8.869186914723464,-7.753371922188903,-0.2484865017401581,-0.25067278410657756,-0.2526360013983072
2.73,-0.008077829435829298,-0.013120647456404178,-0.007780034595461394,0.002116636134064388,0.0037307398016775276,0.0019162996300855063,0.003727,0.006,0.00398,19.181950665421784,19.181950665421784,19.181950665421784,19.64465502190674,19.933494740433172,19.6276041045205,0.0,0.0,-250.0,-0.7987622913024747,-0.4097996276162735,-252.05667547453322,0.0,0.0,-250.00000223057026,-8.749239031257783,-8.84431699526932,-7.735441043282335,-0.2484770843640478,-0.25062013171352626,-0.25265466104281753
2.74,-0.00805676004611866,-0.013083456351750733,-0.00776095009070471,0.002098633834505194,0.0037083860162414805,0.0019025874735235189,0.003727,0.006,0.00398,19.181950665421784,19.181950665421784,19.181950665421784,19.643448880208823,19.931365173768434,19.626511407272123,0.0,0.0,-250.0,-0.7960368370687554,-0.4085688344208368,-252.05118997950063,0.0,0.0,-250.00000223057026,-8.72736668742909,-8.819682800493688,-7.717579501722594,-0.24847157627191854,-0.25057297449076665,-0.2526725959339867
2.75,-0.00803588280429579,-0.013046531055892152,-0.007741982415099158,0.00207854231514132,0.003678510378238751,0.0018925453744787913,0.003727,0.006,0.00398,19.181950665421784,19.181950665421784,19.181950665421784,19.642253863077606,19.92925126152564,19.625425194338916,0.0,0.0,-250.0,-0.7933355783553208,-0.4073380114550375,-252.0457456816666,0.0,0.0,-250.00000223057026,-8.705743869313848,-8.795332112088555,-7.699742042129646,-0.24846999258676053,-0.250531816896489,-0.25268906596679735
2.76,-0.008015214401898951,-0.013009940678637144,-0.007723095804957669,0.0020571224666706854,0.0036422308300815124,0.0018859861536916957,0.003727,0.006,0.00398,19.181950665421784,19.181950665421784,19.181950665421784,19.641070883388526,19.927156899082203,19.624343427974658,0.0,0.0,-250.0,-0.7906740148329329,-0.406107219959924,-252.0403459641574,0.0,0.0,-250.00000223057026,-8.684375792441509,-8.771303917253652,-7.6818884939398,-0.24847220130046246,-0.25049699771577505,-0.2527034517565879
2.77,-0.007994764074682581,-0.01297374293789183,-0.007704256948638133,0.0020351037028275456,0.00360069979432422,0.0018826200658810443,0.003727,0.006,0.00398,19.181950665421784,19.181950665421784,19.181950665421784,19.63990042877332,19.925085327290084,19.62326421668909,0.0,0.0,-250.0,-0.7880655505150843,-0.40487703360564276,-252.03499305849928,0.0,0.0,-250.00000223057026,-8.663259526622085,-8.74762833386174,-7.663984633495144,-0.2484779425390661,-0.2504686969205326,-0.252715263741709
2.78,-0.007974534043186543,-0.012937983963327293,-0.0076854359020027685,0.0020131616858124245,0.0035550774844377827,0.0018820750152414745,0.003727,0.006,0.00398,19.181950665421784,19.181950665421784,19.181950665421784,19.63874258811612,19.92303912274418,19.62218586653502,0.0,0.0,-250.0,-0.7855213350081994,-0.4036485213097857,-252.02968812960097,0.0,0.0,-250.00000223057026,-8.642384913177423,-8.724326721568927,-7.646002764413733,-0.24848685047938682,-0.25044694512992816,-0.25272414607666943
2.79,-0.00795452015349385,-0.012902698355089726,-0.00766660679675496,0.001991900196740958,0.003506507419460096,0.0018839175515362326,0.003727,0.006,0.00398,19.181950665421784,19.181950665421784,19.181950665421784,19.63759708928034,19.92102020253544,19.62110692048811,0.0,0.0,-250.0,-0.7830501737142781,-0.40242320016558525,-252.0244313776694,0.0,0.0,-250.00000223057026,-8.621735649887574,-8.701411961909383,-7.627922024281021,-0.2484984768802542,-0.2504316352824437,-0.2527298756954563
2.8,-0.007934712675464306,-0.012867909473851524,-0.007647748338218241,0.0019718373543652873,0.0034560944334077466,0.0018876738623071576,0.003727,0.006,0.00398,19.181950665421784,19.181950665421784,19.181950665421784,19.636463345608536,19.91902984211454,19.620026185767077,0.0,0.0,-250.0,-0.7806585037698266,-0.40120296357813534,-252.01922215212502,0.0,0.0,-250.00000223057026,-8.601290488346864,-8.678888888426368,-7.609728433972226,-0.24851231523899622,-0.25042253611875115,-0.252732357046999
2.81,-0.007915097214644007,-0.01283362993600451,-0.0076288440965541215,0.0019533962152648546,0.0034048853960585235,0.0018928500549324934,0.003727,0.006,0.00398,19.181950665421784,19.181950665421784,19.181950665421784,19.635340508684674,19.917068704752868,19.618942749363267,0.0,0.0,-250.0,-0.7783504310467018,-0.3999899902904537,-252.0140590728675,0.0,0.0,-250.00000223057026,-8.58102449004826,-8.656754846405786,-7.591414712841508,-0.2485278246605171,-0.2504193070707339,-0.25273161309852543
2.82,-0.007895655694580672,-0.012799862286026142,-0.007609882601968931,0.0019368996347509672,0.003353852790049522,0.0018989511161497175,0.003727,0.006,0.00398,19.181950665421784,19.181950665421784,19.181950665421784,19.634227524887393,19.9151368809906,19.61785598241856,0.0,0.0,-250.0,-0.776127822322381,-0.3987866402729459,-252.0089401546347,0.0,0.0,-250.00000223057026,-8.560910290844896,-8.635000360784959,-7.572979888490505,-0.24854445262715616,-0.25042151415560826,-0.2527277732674394
2.83,-0.00787636736823838,-0.012766599816979196,-0.007590857260017625,0.0019225691335118425,0.0033038812212309865,0.00190549804157716,0.003727,0.006,0.00398,19.181950665421784,19.181950665421784,19.181950665421784,19.633123193382833,19.913233936403863,19.61676553440308,0.0,0.0,-250.0,-0.7739904457660614,-0.39759534347242426,-252.00386293066538,0.0,0.0,-250.00000223057026,-8.540919328183255,-8.613609890295788,-7.554428733832644,-0.24856165597633398,-0.250428646484751,-0.25272105897926717
2.84,-0.007857209820389177,-0.012733827509686269,-0.007571766107576372,0.0019105274031244522,0.0032557568757453988,0.001912042739147104,0.003727,0.006,0.00398,19.181950665421784,19.181950665421784,19.181950665421784,19.632026223394412,19.91135896600271,19.61567131829323,0.0,0.0,-250.0,-0.7719361521863094,-0.3964184871927264,-251.99882457239212,0.0,0.0,-250.00000223057026,-8.521022991357505,-8.592562645842605,-7.535771066700233,-0.24857891952407926,-0.2504401330138588,-0.2527117675594367
2.85,-0.00783815992703285,-0.01270152306131378,-0.0075526114333905325,0.0019008039955540456,0.003210159879105169,0.0019181804238769073,0.003727,0.006,0.00398,19.181950665421784,19.181950665421784,19.181950665421784,19.630935288830877,19.909510653586093,19.614573488135623,0.0,0.0,-250.0,-0.769961089044523,-0.3952583074437947,-251.99382200244773,0.0,0.0,-250.00000223057026,-8.501193661686521,-8.571833451489342,-7.517020948364214,-0.24859577190996082,-0.2504553591838431,-0.25270025515263056
2.86,-0.007819194742813229,-0.012669657974837434,-0.007533399289318288,0.0018933436782321397,0.0031676594601877193,0.0019235593330933292,0.003727,0.006,0.00398,19.181950665421784,19.181950665421784,19.181950665421784,19.629849078639268,19.90768733442506,19.61347241050233,0.0,0.0,-250.0,-0.7680599390449323,-0.39411678898668523,-251.98885199882469,0.0,0.0,-250.00000223057026,-8.481405616650584,-8.551393627193978,-7.498195817161618,-0.24861179837750508,-0.2504736831295288,-0.2526869193281126
2.87,-0.007800292292820643,-0.012638198682093538,-0.00751413891950109,0.0018880168969529606,0.0031287117769860555,0.0019278876975709327,0.003727,0.006,0.00398,19.181950665421784,19.181950665421784,19.181950665421784,19.62876634156211,19.905887059718705,19.612368631401107,0.0,0.0,-250.0,-0.766226175156331,-0.39299557805773894,-251.9839112885782,0.0,0.0,-250.00000223057026,-8.461635779354694,-8.53121187355133,-7.47931559206307,-0.24862665033889786,-0.250494451165184,-0.2526721819756341
2.88,-0.007781432250854647,-0.012607107674771523,-0.007494842134798285,0.0018846317725627942,0.003093660221435453,0.0019309380020630519,0.003727,0.006,0.00398,19.181950665421784,19.181950665421784,19.181950665421784,19.627685924304647,19.90410766136426,19.611262840204247,0.0,0.0,-250.0,-0.7644523241728153,-0.3918959109182523,-251.97899662999274,0.0,0.0,-250.00000223057026,-8.441864301931105,-8.511255140232679,-7.460401778653899,-0.24864005169938588,-0.2505170122910687,-0.25265647302845257
2.89,-0.007762596491951823,-0.012576344619719959,-0.007475522658992262,0.0018829470624602534,0.0030627379878366877,0.0019325486559670546,0.003727,0.006,0.00398,19.181950665421784,19.181950665421784,19.181950665421784,19.62660680244597,19.902346815700028,19.61015583210742,0.0,0.0,-250.0,-0.7627302313683659,-0.3908185604867859,-251.9741048826154,0.0,0.0,-250.00000223057026,-8.422074978419626,-8.491489461507808,-7.44147660678901,-0.24865180203186116,-0.2505407315030354,-0.2526402154705891
2.9,-0.007743769512553511,-0.012545867437238012,-0.0074561954716445,0.0018826855419609985,0.0030360726633492856,0.0019326232695472782,0.003727,0.006,0.00398,19.181950665421784,19.181950665421784,19.181950665421784,19.625528103745335,19.900602105013146,19.609048470532574,0.0,0.0,-250.0,-0.7610513194024394,-0.389763802409509,-251.9692330650003,0.0,0.0,-250.00000223057026,-8.402255489055829,-8.471880744138426,-7.422562225329595,-0.24866177679259321,-0.25056500172658,-0.2526238119990494
2.91,-0.0077249387169306405,-0.012515633323553987,-0.0074368761701829045,0.0018835473008695488,0.003013692579652582,0.0019311277920211276,0.003727,0.006,0.00398,19.181950665421784,19.181950665421784,19.181950665421784,19.62444912379328,19.898871075750115,19.60794165075352,0.0,0.0,-250.0,-0.7594068353693512,-0.3887314010424247,-251.9643784003895,0.0,0.0,-250.00000223057026,-8.382397483596007,-8.452395495002051,-7.403679975052993,-0.2486699248532959,-0.2505892542370313,-0.25260763362139727
2.92,-0.007706094573242672,-0.012485599701377748,-0.007417580370967458,0.0018852225041399212,0.002995534651982496,0.0019280858142121553,0.003727,0.006,0.00398,19.181950665421784,19.181950665421784,19.181950665421784,19.623369334226325,19.897151292522672,19.606836265858142,0.0,0.0,-250.0,-0.7577880807203671,-0.38772061499353233,-251.95953835087596,0.0,0.0,-250.00000223057026,-8.362496516176968,-8.43300147798456,-7.384849756231989,-0.24867626369097595,-0.25061296746785605,-0.2525920103783972
2.93,-0.00768723064677812,-0.012455725085191716,-0.007398323165869858,0.0018874032291232102,0.002981453425073639,0.0019235723703024744,0.003727,0.006,0.00398,19.181950665421784,19.181950665421784,19.181950665421784,19.622288383959674,19.895440387160985,19.60573317597535,0.0,0.0,-250.0,-0.7561866196873986,-0.3867302211252471,-251.95471064085365,0.0,0.0,-250.00000223057026,-8.342551848171313,-8.413668291916427,-7.366089502693487,-0.24868087262525587,-0.2506356741485402,-0.25257722429331847
2.94,-0.007668343521412602,-0.012425969850760499,-0.0073791186474482795,0.001889794062418647,0.0029712310446995006,0.0019177065908339273,0.003727,0.006,0.00398,19.181950665421784,19.181950665421784,19.181950665421784,19.62120609408786,19.893736102227553,19.60463318149599,0.0,0.0,-250.0,-0.7545944627801833,-0.3857585552711944,-251.9498932707513,0.0,0.0,-250.00000223057026,-8.322566138497551,-8.394367863578497,-7.347414769541814,-0.2486838845227386,-0.250656966751597,-0.2525635045666302
2.95,-0.0076494326230868714,-0.012396296901132087,-0.007359979512242543,0.0018921212136559047,0.002964587878085766,0.0019106435633220507,0.003727,0.006,0.00398,19.181950665421784,19.181950665421784,19.181950665421784,19.62012244725772,19.892036328564892,19.603537000813134,0.0,0.0,-250.0,-0.7530042228766661,-0.38480356739228866,-251.94508452218457,0.0,0.0,-250.00000223057026,-8.30254504288444,-8.375074852016873,-7.328838437317886,-0.24868547640073738,-0.25067650126415375,-0.25255102495935616
2.96,-0.007630499961117254,-0.012366672224119413,-0.007340916748185988,0.0018941399787241724,0.0029611935159707457,0.001902565748839628,0.003727,0.006,0.00398,19.181950665421784,19.181950665421784,19.181950665421784,19.619037572428763,19.89033913660515,19.60244525290535,0.0,0.0,-250.0,-0.7514092423589187,-0.38386288849332195,-251.94028295573528,0.0,0.0,-250.00000223057026,-8.28249674468026,-8.355766962539287,-7.31037053128732,-0.2486858593591817,-0.2506939993327373,-0.25253990324203646
2.97,-0.007611549804421303,-0.012337065338854314,-0.0073219394087429834,0.0018956404583775292,0.002960677902961191,0.0018936742841390748,0.003727,0.006,0.00398,19.181950665421784,19.181950665421784,19.181950665421784,19.617951726004762,19.88864280131804,19.601358444893783,0.0,0.0,-250.0,-0.749803690635909,-0.38293390634726027,-251.93548740259496,0.0,0.0,-250.00000223057026,-8.262431440007239,-8.3364251707855,-7.29201815090835,-0.2486852682516642,-0.2507092488599011,-0.2525302025304961
2.98,-0.007592588310295134,-0.012307449631441814,-0.007303054473231652,0.00189645150744577,0.002962642360506548,0.0018841804710038642,0.003727,0.006,0.00398,19.181950665421784,19.181950665421784,19.181950665421784,19.616865270348057,19.886945820812173,19.60027696452491,0.0,0.0,-250.0,-0.7481826322246532,-0.3820138469323598,-251.93069695129293,0.0,0.0,-250.00000223057026,-8.24236079946084,-8.317033859127182,-7.273785501399754,-0.24868395147639266,-0.2507221031576376,-0.25252193428497904
2.99,-0.007573623123275586,-0.01227780258198885,-0.00728426678995997,0.0018964429531234533,0.002966670287671508,0.0018742977193326581,0.003727,0.006,0.00398,19.181950665421784,19.181950665421784,19.181950665421784,19.615778650678624,19.88524692873221,19.59920107737073,0.0,0.0,-250.0,-0.7465420663104647,-0.38109985846641103,-251.92591093067114,0.0,0.0,-250.00000223057026,-8.222297427250448,-8.297580869339207,-7.255674016759874,-0.24868216122744022,-0.2507324787849577,-0.25251506271623886
3.0,-0.007554662960919556,-0.012248105887302685,-0.0072655790963621625,0.0018955261764351122,0.002972337348317168,0.0018642341698539692,0.003727,0.006,0.00398,19.181950665421784,19.181950665421784,19.181950665421784,19.614692371316647,19.88354510070877,19.5981309284007,0.0,0.0,-250.0,-0.7448789393644444,-0.38018909501850606,-251.92112889018634,0.0,0.0,-250.00000223057026,-8.202254336774313,-8.27805747696487,-7.237682561621435,-0.24868014449854028,-0.25074035221524893,-0.25250951032086566
3.01,-0.007535717202129699,-0.012218345485328685,-0.007246992108301931,0.001893653197846667,0.0029792209786648665,0.0018541861782072511,0.003727,0.006,0.00398,19.181950665421784,19.181950665421784,19.181950665421784,19.61360697215572,19.88183955521822,19.597066547466348,0.0,0.0,-250.0,-0.7431911329527592,-0.3792787968762333,-251.9163505785108,0.0,0.0,-250.00000223057026,-8.182244459256163,-8.258458294055737,-7.219807697953836,-0.24867813507820907,-0.25074575549298544,-0.2525051642578312
3.02,-0.007516795492029604,-0.012188511488913867,-0.007228504669142821,0.0018908144453850066,0.0029869090759117034,0.0018443327962000885,0.003727,0.006,0.00398,19.181950665421784,19.181950665421784,19.181950665421784,19.612523006158685,19.880129749294866,19.596007858152554,0.0,0.0,-250.0,-0.7414774293230175,-0.37836636512964594,-251.91157592127965,0.0,0.0,-250.00000223057026,-8.162280199354578,-8.238781107994722,-7.202044001840877,-0.2486763467184374,-0.25074877104904614,-0.25250188327836803
3.03,-0.007497907375450752,-0.012158598037722346,-0.007210113948083463,0.0018870354112150657,0.0029950077559701325,0.0018348313400533244,0.003727,0.006,0.00398,19.181950665421784,19.181950665421784,19.181950665421784,19.611441018555222,19.87841536960746,19.594954689388793,0.0,0.0,-250.0,-0.7397374576894237,-0.37744942828748684,-251.90680499870527,0.0,0.0,-250.00000223057026,-8.142373048729766,-8.219026664894374,-7.184384415337844,-0.2486749676019055,-0.25074952584929416,-0.25249950493089096
3.04,-0.007479061968925005,-0.012128603078099154,-0.0071918156766020425,0.0018823724204258345,0.0030031480959611533,0.0018258140909006913,0.003727,0.006,0.00398,19.181950665421784,19.181950665421784,19.181950665421784,19.610361528295172,19.87669631946605,19.593906789178956,0.0,0.0,-250.0,-0.7379716243727972,-0.37652589914741424,-251.9020380236417,0.0,0.0,-250.00000223057026,-8.122533265523016,-8.199198406611252,-7.166820618692967,-0.24867415617656224,-0.25074818505245133,-0.2524978527802746
3.05,-0.007460267678788879,-0.012098528081371906,-0.007173604411636281,0.0018769077441815783,0.0030109918042437993,0.0018173861310369535,0.003727,0.006,0.00398,19.181950665421784,19.181950665421784,19.181950665421784,19.609285012180138,19.87497270236323,19.59286383979797,0.0,0.0,-250.0,-0.7361810300738101,-0.3755940205795742,-251.89727532055596,0.0,0.0,-250.00000223057026,-8.102769624700144,-8.179302170727146,-7.149343408955481,-0.2486740383734077,-0.25074494535080294,-0.25249674340535516
3.06,-0.00744153197067593,-0.012068377711504985,-0.007155473814299984,0.0018707442890318708,0.0030182357870226703,0.0018096242815228715,0.003727,0.006,0.00398,19.181950665421784,19.181950665421784,19.181950665421784,19.60821189196235,19.87324480267687,19.59182547381584,0.0,0.0,-250.0,-0.7343673775877839,-0.3746523993379719,-251.89251730573838,0.0,0.0,-250.00000223057026,-8.083089241315957,-8.159345862932556,-7.131943072109292,-0.24867470617471604,-0.2507400281612069,-0.2524959929682507
3.07,-0.007422861193396302,-0.012038159453195973,-0.0071374169334700865,0.0018640000859313677,0.00302461560549007,0.0018025770736232185,0.003727,0.006,0.00398,19.181950665421784,19.181950665421784,19.181950665421784,19.607142524569955,19.87151306416983,19.590791290341972,0.0,0.0,-250.0,-0.7325328732050513,-0.3737000274674646,-251.8877644689725,0.0,0.0,-250.00000223057026,-8.063497466072992,-8.139339111124263,-7.114609737303358,-0.24867621745720245,-0.25073367282473097,-0.2524954231828324
3.08,-0.007404260458046319,-0.012007883211430315,-0.007119426484408664,0.0018568027874692327,0.003029907840632378,0.0017962656588162314,0.003727,0.006,0.00398,19.181950665421784,19.181950665421784,19.181950665421784,19.606077195495107,19.86977806691681,19.589760870931862,0.0,0.0,-250.0,-0.7306801248982532,-0.3727362913081303,-251.8830173567893,0.0,0.0,-250.00000223057026,-8.0439978501422,-8.11929291020458,-7.0973337034115636,-0.248678596998507,-0.25072612996116767,-0.25249486654563524
3.09,-0.0073857335712118055,-0.011977560893225991,-0.0071014951136624815,0.0018492843611203455,0.003033931403926838,0.0017906855401445647,0.003727,0.006,0.00398,19.181950665421784,19.181950665421784,19.181950665421784,19.605016115269216,19.868040503270862,19.58873379466125,0.0,0.0,-250.0,-0.7288120401873651,-0.371760968505737,-251.87827655734597,0.0,0.0,-250.00000223057026,-8.02459217413238,-8.099219266080635,-7.080105729975965,-0.24868183850638242,-0.2507176551104698,-0.25249417072952846
3.1,-0.007367283019388993,-0.011947205981809428,-0.007083615642750396,0.0018415761412787985,0.0030365478509051637,0.0017858089916734092,0.003727,0.006,0.00398,19.181950665421784,19.181950665421784,19.181950665421784,19.6039594188513,19.866301153452998,19.587709651946227,0.0,0.0,-250.0,-0.7269317263051723,-0.37077421379885356,-251.8735426869019,0.0,0.0,-250.00000223057026,-8.00528053439453,-8.079130846715893,-7.062917286494478,-0.2486859075086419,-0.25070850277691853,-0.25249320207715586
3.11,-0.007348910000270659,-0.011916833112803449,-0.007065781284538386,0.001833804374702097,0.0030376607707472032,0.001781588022704191,0.003727,0.006,0.00398,19.181950665421784,19.181950665421784,19.181950665421784,19.602907167672605,19.86456086130955,19.586688056768143,0.0,0.0,-250.0,-0.7250423949740452,-0.3697765346652144,-251.86881637781886,0.0,0.0,-250.00000223057026,-7.986061478533916,-8.059040647318797,-7.045760755928283,-0.24869074492797535,-0.25069892097433266,-0.25249184816632686
3.12,-0.0073306144953610985,-0.011886457661201666,-0.007047985827667191,0.0018260863640364602,0.003037214338551292,0.0017779577389572293,0.003727,0.006,0.00398,19.181950665421784,19.181950665421784,19.181950665421784,19.601859354014405,19.862820510735,19.585668657046142,0.0,0.0,-250.0,-0.7231472737643735,-0.36876875816388166,-251.86409826796995,0.0,0.0,-250.00000223057026,-7.966932181088372,-8.038961675887876,-7.028629590175297,-0.2486962711590853,-0.2506891463522294,-0.25249001945225386
3.13,-0.007312395377508274,-0.011856095346973294,-0.007030223785873424,0.0018185272835139737,0.0030351911276246886,0.0017748399537607985,0.003727,0.006,0.00398,19.181950665421784,19.181950665421784,19.181950665421784,19.60081590734756,19.861081003204053,19.584651142984708,0.0,0.0,-250.0,-0.7212495256416044,-0.3677519905024262,-251.8593889914273,0.0,0.0,-250.00000223057026,-7.94788864981601,-8.018906664391617,-7.011518417016356,-0.24870239046579806,-0.25067939996395355,-0.25248765002094525
3.14,-0.007294250546364567,-0.011825761866126161,-0.007012490510488079,0.001811217710813821,0.0030316092870208227,0.0017721469078526178,0.003727,0.006,0.00398,19.181950665421784,19.181950665421784,19.181950665421784,19.599776702231097,19.859343236798125,19.58363525330609,0.0,0.0,-250.0,-0.7193521779416091,-0.3667275709865789,-251.85468917028751,0.0,0.0,-250.00000223057026,-7.928925952885023,-7.998887809879182,-6.994423099650901,-0.24870899552201017,-0.25066988371905025,-0.25248469751350466
3.15,-0.007276177084505675,-0.011795472552970643,-0.006994782265760002,0.001804231890428557,0.0030265191946670803,0.0017697849660772394,0.003727,0.006,0.00398,19.181950665421784,19.181950665421784,19.181950665421784,19.59874156735247,19.857608087048895,19.58262077935468,0.0,0.0,-250.0,-0.7174580616494679,-0.3656970220765266,-251.84999940749526,0.0,0.0,-250.00000223057026,-7.910038457451357,-7.978916548811719,-6.977340751358551,-0.24871597193189898,-0.25066077754374316,-0.2524811423021738
3.16,-0.007258171426935522,-0.011765242078209726,-0.006977096267901328,0.0017976267175052834,0.0030199996988586404,0.0017676581723214924,0.003727,0.006,0.00398,19.181950665421784,19.181950665421784,19.181950665421784,19.59771029529367,19.855876389857485,19.58160756713166,0.0,0.0,-250.0,-0.7155697615024718,-0.36466199727928716,-251.84532028053815,0.0,0.0,-250.00000223057026,-7.891220070612279,-7.959003366903886,-6.960269709026667,-0.24872320258096545,-0.25065223725588254,-0.2524769860154271
3.17,-0.007240229536941312,-0.011735084186350886,-0.006959430689850554,0.0017914414077225688,0.0030121540607871565,0.0017656715597500912,0.003727,0.006,0.00398,19.181950665421784,19.181950665421784,19.181950665421784,19.596682652622103,19.854148926683113,19.5805955173799,0.0,0.0,-250.0,-0.7136895771095199,-0.3636242285574379,-251.8406523359023,0.0,0.0,-250.00000223057026,-7.872464474470812,-7.9391576457913695,-6.943209470247148,-0.24873057168879367,-0.2506443931443679,-0.2524722495210487
3.18,-0.007222347081724145,-0.011705011474820004,-0.006941784634686199,0.0017856977987979596,0.0030031057083093333,0.001763734130984978,0.003727,0.006,0.00398,19.181950665421784,19.181950665421784,19.181950665421784,19.595658389932815,19.85242641213129,19.579584583892068,0.0,0.0,-250.0,-0.7118194949738131,-0.36258547483449316,-251.83599608419885,0.0,0.0,-250.00000223057026,-7.853765348011219,-7.91938754691132,-6.926160599412163,-0.24873796845650703,-0.25063734922812525,-0.252466970483272
3.19,-0.0072045196018648006,-0.011675035216079876,-0.006924158081373144,0.001780401213055951,0.002992993906558272,0.001761761441587658,0.003727,0.006,0.00398,19.181950665421784,19.181950665421784,19.181950665421784,19.594637251505773,19.85070948401017,19.578574770256523,0.0,0.0,-250.0,-0.7099611710369045,-0.36154747303492984,-251.83135199589614,0.0,0.0,-250.00000223057026,-7.835116569598487,-7.899699932119746,-6.909124608715099,-0.24874529022526642,-0.25063118315652844,-0.25246120061264615
3.2,-0.007186742669461177,-0.011645165223033216,-0.006906551807086436,0.0017755417982861898,0.002981969444512418,0.0017596777393265144,0.003727,0.006,0.00398,19.181950665421784,19.181950665421784,19.181950665421784,19.593618984287172,19.84899869586546,19.57756612528689,0.0,0.0,-250.0,-0.7081159231288024,-0.36051189292045155,-251.82672049761342,0.0,0.0,-250.00000223057026,-7.816512395133293,-7.880100319784172,-6.892103820207775,-0.24875244508624492,-0.2506259467017665,-0.2524550027258628
3.21,-0.0071690120306487914,-0.01161540975704306,-0.0068889672907266886,0.0017710962559096823,0.0029701904285345903,0.0017574176305731098,0.003727,0.006,0.00398,19.181950665421784,19.181950665421784,19.181950665421784,19.592603345954352,19.847294511950523,19.57655873740118,0.0,0.0,-250.0,-0.7062847325164922,-0.35948029678012644,-251.82210196895784,0.0,0.0,-250.00000223057026,-7.797947608162087,-7.860592874396525,-6.875101215085535,-0.2487593539062066,-0.25062166678433184,-0.2524484477276662
3.22,-0.007151323729155112,-0.011585775477044147,-0.0068714066024292975,0.0017670298611420373,0.0029578182644679862,0.0017549272631925705,0.003727,0.006,0.00398,19.181950665421784,19.181950665421784,19.181950665421784,19.591590111877792,19.845597304539556,19.57555272822611,0.0,0.0,-250.0,-0.704468253590336,-0.3584541048109047,-251.8174967399016,0.0,0.0,-250.00000223057026,-7.779417639518812,-7.841180427156255,-6.858120276195411,-0.24876595175557517,-0.25061834696545743,-0.25244161161878337
3.23,-0.007133674208495089,-0.011556267427459022,-0.006853872283882678,0.0017632986791536428,0.002945013899419059,0.0017521650319638586,0.003727,0.006,0.00398,19.181950665421784,19.181950665421784,19.181950665421784,19.590579080848713,19.843907353448884,19.574548245702143,0.0,0.0,-250.0,-0.7026668306167919,-0.35743456679479035,-251.81290508871464,0.0,0.0,-250.00000223057026,-7.7609186553062015,-7.821864524484364,-6.841164829409182,-0.24877218874679197,-0.25061596933510827,-0.25243457262301655
3.24,-0.007116060391365975,-0.011526889061983014,-0.006836367224125339,0.0017598518838497182,0.00293193438317359,0.0017491018274655619,0.003727,0.006,0.00398,19.181950665421784,19.181950665421784,19.181950665421784,19.589570079494873,19.842224847594757,19.573545456955408,0.0,0.0,-250.0,-0.7008805204147182,-0.3564227404467488,-251.8083272404781,0.0,0.0,-250.00000223057026,-7.742447613186524,-7.802645501049036,-6.824238889001002,-0.2487780303095571,-0.25061449672091235,-0.2524274085139123
3.25,-0.007098479735702934,-0.011497642299766075,-0.006818894535212505,0.0017566340914115088,0.0029187297975730845,0.0017457208621875183,0.003727,0.006,0.00398,19.181950665421784,19.181950665421784,19.181950665421784,19.588562965358815,19.840549888386033,19.57254454118619,0.0,0.0,-250.0,-0.6991091197771359,-0.35541947658114226,-251.80376336620932,0.0,0.0,-250.00000223057026,-7.724002287999949,-7.7835225736112434,-6.807346511555472,-0.24878345694557102,-0.2506138751421646,-0.2524201942073451
3.26,-0.007080930267696184,-0.011468527610101864,-0.0068014574317435406,0.001753587628686092,0.0029055405904065065,0.0017420171181523416,0.003727,0.006,0.00398,19.181950665421784,19.181950665421784,19.181950665421784,19.58755762866023,19.83888249472686,19.57154568280004,0.0,0.0,-250.0,-0.697352196461848,-0.3544254110328685,-251.79921358263223,0.0,0.0,-250.00000223057026,-7.705581268650319,-7.764493951834012,-6.790491662226828,-0.2487884635186245,-0.2506140364336144,-0.25241299967146147
3.27,-0.007063410592814123,-0.011439544121431389,-0.006784059117752206,0.0017506546663872795,0.0028924953387147595,0.0017379964684256786,0.003727,0.006,0.00398,19.181950665421784,19.181950665421784,19.181950665421784,19.586553992806294,19.83722260938774,19.570549064979048,0.0,0.0,-250.0,-0.6956091226040858,-0.35344096307205763,-251.79467795262195,0.0,0.0,-250.00000223057026,-7.687183928963206,-7.745556962133976,-6.773678096413022,-0.2487930581458494,-0.2506149009659904,-0.2524058881903589
3.28,-0.007045919886517593,-0.011410689750284198,-0.006766702683906556,0.001747779158332756,0.0028797089551046624,0.001733674530543093,0.003727,0.006,0.00398,19.181950665421784,19.181950665421784,19.181950665421784,19.585552013749783,19.83557010649358,19.5695548638589,0.0,0.0,-250.0,-0.693879109463912,-0.3524663398823289,-251.7901564863447,0.0,0.0,-250.00000223057026,-7.668810375828551,-7.72670818068647,-6.756909259127463,-0.24879726076294315,-0.2506163803939835,-0.25239891500308287
3.29,-0.007028457866871951,-0.011381961345701852,-0.006749391017362827,0.0017449085401062012,0.0028672813399503345,0.0017290753131169868,0.003727,0.006,0.00398,19.181950665421784,19.181950665421784,19.181950665421784,19.584551678324047,19.83392479987316,19.568563243442412,0.0,0.0,-250.0,-0.6921612424997374,-0.3515015465244845,-251.78564914310329,0.0,0.0,-250.00000223057026,-7.650461378380467,-7.707943571811949,-6.740188203568174,-0.24880110144000964,-0.2506183803674379,-0.25239212632543867
3.3,-0.007011024751659711,-0.011353354844716446,-0.006732126725999543,0.001741995153073548,0.0028552964724079446,0.0017242297178460912,0.003727,0.006,0.00398,19.181950665421784,19.181950665421784,19.181950665421784,19.583553001705788,19.832286452017065,19.567574351344916,0.0,0.0,-250.0,-0.6904545158586911,-0.3505464006926886,-251.7811558338845,0.0,0.0,-250.00000223057026,-7.632138282239436,-7.689258628167238,-6.723517529632803,-0.24880461852565194,-0.250620803147613,-0.25238555874917284
3.31,-0.006993621202870226,-0.011324865434577114,-0.0067149120781409,0.0017389973721581872,0.0028438219241505715,0.0017191739580109445,0.003727,0.006,0.00398,19.181950665421784,19.181950665421784,19.181950665421784,19.582556024171698,19.830654783398064,19.56658831543158,0.0,0.0,-250.0,-0.6887578654862766,-0.34960055148309926,-251.7766764245862,0.0,0.0,-250.00000223057026,-7.613842912960395,-7.670648509424777,-6.706899342423715,-0.24880785669529246,-0.250623550077351,-0.25237923900159936
3.32,-0.006976248261589768,-0.011296487717623982,-0.0066977489582809024,0.0017358804277733458,0.0028329087717677607,0.0017139479515426346,0.003727,0.006,0.00398,19.181950665421784,19.181950665421784,19.181950665421784,19.581560807322585,19.8290294819205,19.565605241372637,0.0,0.0,-250.0,-0.6870702001770561,-0.3486635013383305,-251.77221073988656,0.0,0.0,-250.00000223057026,-7.5955774727955925,-7.652108176439273,-6.6903352301474115,-0.24881086497564472,-0.2506265238615506,-0.25237318403881226
3.33,-0.0069589072763521775,-0.011268215874986609,-0.006680638838764463,0.0017326169234597566,0.002822591876967821,0.0017085937421636018,0.003727,0.006,0.00398,19.181950665421784,19.181950665421784,19.181950665421784,19.58056742995022,19.827410212281503,19.564625211110954,0.0,0.0,-250.0,-0.6853904300147163,-0.34773463030526836,-251.76775856769967,0.0,0.0,-250.00000223057026,-7.577344434721068,-7.633632518257583,-6.6738262602565115,-0.24881369481133847,-0.2506296306223003,-0.25236740143763114
3.34,-0.006941599827936185,-0.011240043825626544,-0.0066635827668768965,0.0017291870608016127,0.002812890498131351,0.0017031539962266693,0.003727,0.006,0.00398,19.181950665421784,19.181950665421784,19.181950665421784,19.579575983717298,19.82579662504662,19.56364828220788,0.0,0.0,-250.0,-0.6837174917757264,-0.34681322174345697,-251.76331966414324,0.0,0.0,-250.00000223057026,-7.559146437394621,-7.615216469718249,-6.657372992214231,-0.24881639823204693,-0.25063278170118286,-0.2523618900452331
3.35,-0.00692432765343215,-0.011211965377631417,-0.006646581366355819,0.0017255785918538682,0.0028038091924219646,0.0016976706160300033,0.003727,0.006,0.00398,19.181950665421784,19.181950665421784,19.181950665421784,19.57858656881095,19.824188365265126,19.562674488008568,0.0,0.0,-250.0,-0.6820503709927579,-0.34589848864984996,-251.7588937589311,0.0,0.0,-250.00000223057026,-7.540986184342761,-7.596855117793453,-6.6409755048928645,-0.2488190261697572,-0.2506358951893482,-0.25235664084122694
3.36,-0.006907092572157603,-0.01118397436909302,-0.006629634851969712,0.0017217865264682417,0.0027953389645656696,0.001692183502870358,0.003727,0.006,0.00398,19.181950665421784,19.181950665421784,19.181950665421784,19.57759928971615,19.82258508047464,19.561703838547146,0.0,0.0,-250.0,-0.6803881204945298,-0.34498959981296645,-251.75448056108706,0.0,0.0,-250.00000223057026,-7.522866350228841,-7.578543795241381,-6.6246334363431645,-0.24882162696620083,-0.25063889717379767,-0.25235163796446325
3.37,-0.006889896415695818,-0.011156064796355225,-0.006612743055521175,0.0017178126274441084,0.0027874586165365224,0.0016867294952245461,0.003727,0.006,0.00398,19.181950665421784,19.181950665421784,19.181950665421784,19.57661425123718,19.820986427970855,19.56073632209641,0.0,0.0,-250.0,-0.6787298753453118,-0.3440857050799065,-251.75007976486856,0.0,0.0,-250.00000223057026,-7.504789496558899,-7.560278160552583,-6.608346033502007,-0.24882424510058151,-0.2506417226958715,-0.2523468598563217
3.38,-0.006872740963978441,-0.011128230927877236,-0.006595905461419582,0.0017136647303384507,0.002780136251682742,0.0016813414995075797,0.003727,0.006,0.00398,19.181950665421784,19.181950665421784,19.181950665421784,19.57563155487534,19.81939208124452,19.559771907254607,0.0,0.0,-250.0,-0.6770748642100877,-0.34318595910183375,-251.74569105578058,0.0,0.0,-250.00000223057026,-7.486757998654534,-7.542054263573525,-6.592112209323035,-0.24882692015767657,-0.2506443164248366,-0.25234228047311485
3.39,-0.006855627888952276,-0.011100467402421543,-0.0065791212498393925,0.001709355927069234,0.002773330887209733,0.0016760478230990936,0.003727,0.006,0.00398,19.181950665421784,19.181950665421784,19.181950665421784,19.574651295648707,19.81780173551431,19.558810545455305,0.0,0.0,-250.0,-0.6754224172556792,-0.34228954302078635,-251.74131411655523,0.0,0.0,-250.00000223057026,-7.468773985187687,-7.5238685965717425,-6.575930604827122,-0.24882968604677158,-0.2506466330557753,-0.25233787052270384
3.4,-0.006838558706972531,-0.011072769310731645,-0.006562389345420916,0.0017049036532199799,0.0027669941303226815,0.0016708717120029893,0.003727,0.006,0.00398,19.181950665421784,19.181950665421784,19.181950665421784,19.573673559417177,19.816215112310353,19.55785217378305,0.0,0.0,-250.0,-0.6737719707758241,-0.3413956836630928,-251.73694863297516,0.0,0.0,-250.00000223057026,-7.45083929104372,-7.505718130862324,-6.559799653652549,-0.24883257047274238,-0.25064863744656474,-0.25233359868393257
3.41,-0.006821534740668211,-0.011045132260296742,-0.006545708469487654,0.0017003287183200828,0.002761071875601887,0.0016658310887836206,0.003727,0.006,0.00398,19.181950665421784,19.181950665421784,19.181950665421784,19.572698420753298,19.814631963087738,19.556896717979082,0.0,0.0,-250.0,-0.6721230687885461,-0.3405036699125096,-251.73259429942075,0.0,0.0,-250.00000223057026,-7.432955423777222,-7.48760033943313,-6.543717646844531,-0.24883559465235466,-0.25065030451341147,-0.25232943277213554
3.42,-0.006804557090642704,-0.011017552423212285,-0.00652907719382817,0.0016956543165008316,0.002755505984219217,0.00166093848048486,0.003727,0.006,0.00398,19.181950665421784,19.181950665421784,19.181950665421784,19.57172594137751,19.813052071872722,19.55594409552592,0.0,0.0,-250.0,-0.6704753619021236,-0.3396128660440357,-251.72825082402798,0.0,0.0,-250.00000223057026,-7.415123543462753,-7.469513206291195,-6.527682795831746,-0.24883877326162265,-0.2506516189083516,-0.25232534081917024
3.43,-0.006787626617013265,-0.010990026567516631,-0.006512493994223434,0.001690905051987679,0.0027502359092791894,0.0016562011211813353,0.003727,0.006,0.00398,19.181950665421784,19.181950665421784,19.181950665421784,19.570756169156095,19.81147525696547,19.55499421870741,0.0,0.0,-250.0,-0.6688286037822478,-0.33872272190435065,-251.7239179333561,0.0,0.0,-250.00000223057026,-7.397344455329692,-7.451455223491399,-6.51169329179593,-0.2488421145939466,-0.25065257450507683,-0.2523212920422515
3.44,-0.006770743930467948,-0.0109625520727194,-0.006495957302078581,0.0016861060100870566,0.002745200235740565,0.00165162120972572,0.003727,0.006,0.00398,19.181950665421784,19.181950665421784,19.181950665421784,19.569789137641635,19.809901371742125,19.55404699755144,0.0,0.0,-250.0,-0.6671826455733986,-0.33783277992488275,-251.71959537647643,0.0,0.0,-250.00000223057026,-7.379618614215897,-7.433425377006459,-6.495747359930008,-0.2488456209039167,-0.25065317372158336,-0.2523172576819169
3.45,-0.006753909392239854,-0.010935126930529504,-0.006479465552726882,0.0016812818998821139,0.0027403381079187795,0.0016471963001770116,0.003727,0.006,0.00398,19.181950665421784,19.181950665421784,19.181950665421784,19.568824866120206,19.808330304615442,19.553102342574473,0.0,0.0,-250.0,-0.6655374286404128,-0.33694267904299025,-251.71528292840932,0.0,0.0,-250.00000223057026,-7.36194613959159,-7.41542312275148,-6.4798433073840735,-0.24884928890818409,-0.2506534267094395,-0.25231321169543586
3.46,-0.006737123122156019,-0.01090774973203179,-0.006463017229215273,0.001676456289961528,0.0027355905223425798,0.0016429198003181944,0.003727,0.006,0.00398,19.181950665421784,19.181950665421784,19.181950665421784,19.56786336011571,19.806761978226817,19.552160167261206,0.0,0.0,-250.0,-0.6638929759939989,-0.33605215569023944,-251.7109803928543,0.0,0.0,-250.00000223057026,-7.344326839676191,-7.397448354183651,-6.46397956401928,-0.24885311041235436,-0.2506533504399078,-0.25230913129799387
3.47,-0.006720385013740893,-0.010880419642758432,-0.006446610900628147,0.0016716509533822462,0.0027309014686215686,0.001638781552574786,0.003727,0.006,0.00398,19.181950665421784,19.181950665421784,19.181950665421784,19.566904612292134,19.80519634795354,19.55122039022666,0.0,0.0,-250.0,-0.6622493827560845,-0.33516104207351505,-251.70668760417672,0.0,0.0,-250.00000223057026,-7.326760243029296,-7.379501362965018,-6.448154715395768,-0.24885707303199386,-0.250652967716886,-0.25230499734942863
3.48,-0.00670369475521565,-0.010853136367248994,-0.006430245254272049,0.0016668853329147775,0.0027262189058491273,0.0016347684714720435,0.003727,0.006,0.00398,19.181950665421784,19.181950665421784,19.181950665421784,19.56594860368665,19.803633399823262,19.550282937023468,0.0,0.0,-250.0,-0.6606068060030034,-0.33426926203341856,-251.70240442863403,0.0,0.0,-250.00000223057026,-7.309245635905923,-7.361582794203188,-6.43236752772924,-0.24886116097576913,-0.25065230614570516,-0.25230079458954713
3.49,-0.006687051855152615,-0.010825900104787956,-0.0064139191212915225,0.001662176132586061,0.002721495566811006,0.0016308652124269762,0.003727,0.006,0.00398,19.181950665421784,19.181950665421784,19.181950665421784,19.564995305202142,19.80207314793285,19.54934774157113,0.0,0.0,-250.0,-0.6589654542998976,-0.3333768248068099,-251.69813076484334,0.0,0.0,-250.00000223057026,-7.291782103646753,-7.3436935977711055,-6.416616964820908,-0.24886535585989827,-0.25065139708522244,-0.2522965117293939
3.5,-0.00667045567151181,-0.010798711498064606,-0.006397631495537515,0.0016575370368029977,0.0027166895867909,0.0016270548480674292,0.003727,0.006,0.00398,19.181950665421784,19.181950665421784,19.181950665421784,19.564044679286283,19.80051563147181,19.548414747198375,0.0,0.0,-250.0,-0.657325577211519,-0.332483817050508,-251.69386654351203,0.0,0.0,-250.00000223057026,-7.27436857441214,-7.325834977164152,-6.4009021972236715,-0.24886963752508282,-0.250650274608644,-0.25229214140978395
3.51,-0.006653905442798147,-0.0107715715765061,-0.006381381545733922,0.0016529785540220301,0.002711764957981833,0.0016233195302858142,0.003727,0.006,0.00398,19.181950665421784,19.181950665421784,19.181950665421784,19.563096681724947,19.79896091145046,19.547483907302475,0.0,0.0,-250.0,-0.6556874550405433,-0.3315903935004042,-251.68961172646874,0.0,0.0,-250.00000223057026,-7.257003863657103,-7.308008337275996,-6.385222604122033,-0.24887398482985204,-0.2506489744960079,-0.25228768004143903
3.52,-0.006637400320126274,-0.010744481696005281,-0.006365168621192796,0.0016485079781298016,0.0027066918143500147,0.0016196411187509318,0.003727,0.006,0.00398,19.181950665421784,19.181950665421784,19.181950665421784,19.562151263480985,19.797409067231204,19.546555185640916,0.0,0.0,-250.0,-0.6540513890102915,-0.330696766644937,-251.68536630504948,0.0,0.0,-250.00000223057026,-7.239686717871383,-7.2902152323763385,-6.36957776858565,-0.24887837639746083,-0.25064753327851175,-0.2522831275434015
3.53,-0.006620939399070491,-0.0107174434766939,-0.00634899225150809,0.0016441294574991371,0.002701446555200739,0.0016160017594842346,0.003727,0.006,0.00398,19.181950665421784,19.181950665421784,19.181950665421784,19.561208372514518,19.795860192957026,19.54562855628104,0.0,0.0,-250.0,-0.6524176920706833,-0.32980319578584183,-251.6811302979083,0.0,0.0,-250.00000223057026,-7.222415856279191,-7.272457315449775,-6.3539674670016115,-0.2488827912972948,-0.2506459873518109,-0.25227848699801286
3.54,-0.006604521750290027,-0.010690458740316766,-0.006332852140799983,0.0016398441591205816,0.0026960118186235976,0.001612384400230796,0.003727,0.006,0.00398,19.181950665421784,19.181950665421784,19.181950665421784,19.560267955527756,19.794314393965628,19.544704003241147,0.0,0.0,-250.0,-0.6507866804705953,-0.3289099758407561,-251.67690374832938,0.0,0.0,-250.00000223057026,-7.205190009382562,-7.254736289921591,-6.338391653588396,-0.24888720964567043,-0.2506443721723362,-0.2522737642414733
3.55,-0.006588146448056997,-0.010663529448634745,-0.006316748157202401,0.0016356505133200182,0.0026903763184180605,0.0016087732326008927,0.003727,0.006,0.00398,19.181950665421784,19.181950665421784,19.181950665421784,19.5593299595851,19.792771783270254,19.543781519863273,0.0,0.0,-250.0,-0.6491586662042974,-0.3280174262190785,-251.67268672113198,0.0,0.0,-250.00000223057026,-7.188007953440645,-7.2370538646462865,-6.322850440965559,-0.24889161311493993,-0.2506427215474644,-0.252268967409277
3.56,-0.006571812595967064,-0.010636657644136682,-0.0063006803183649485,0.0016315445233322631,0.0026845345600094547,0.0016051540542116802,0.003727,0.006,0.00398,19.181950665421784,19.181950665421784,19.181950665421784,19.55839433356817,19.791232478179666,19.54286110796225,0.0,0.0,-250.0,-0.6475339504036638,-0.32712588006830995,-251.66847929926132,0.0,0.0,-250.00000223057026,-7.170868540196024,-7.219411712879359,-6.307344077776204,-0.248895985343892,-0.2506410670272118,-0.25226410645523034
3.57,-0.006555519349274175,-0.01060984539417964,-0.0062846487737909795,0.0016275201234103726,0.0026784864522528635,0.0016015145472049127,0.003727,0.006,0.00398,19.181950665421784,19.181950665421784,19.181950665421784,19.557461029434773,19.789696597120376,19.54194277679825,0.0,0.0,-250.0,-0.6459128177189992,-0.32623567415067156,-251.66428158016348,0.0,0.0,-250.00000223057026,-7.153770721377565,-7.201811435797478,-6.291872924352678,-0.24890031224624803,-0.250639437402128,-0.2522591926617739
3.58,-0.0065392659334533865,-0.010583094739500976,-0.006268653784854972,0.0016235695691492425,0.002672236832913075,0.001597844472483435,0.003727,0.006,0.00398,19.181950665421784,19.181950665421784,19.181950665421784,19.556530003259965,19.788164256714257,19.541026541921255,0.0,0.0,-250.0,-0.6442955317000582,-0.32534713956812683,-251.66009367204396,0.0,0.0,-250.00000223057026,-7.136713567720148,-7.18425453097496,-6.276437427380432,-0.24890458221761977,-0.25063785830915325,-0.2522542381578366
3.59,-0.006523051658757828,-0.010556407647864585,-0.006252695703332978,0.0016196838442335915,0.0026657949260087558,0.001594135781707098,0.003727,0.006,0.00398,19.181950665421784,19.181950665421784,19.181950665421784,19.555601216046757,19.786635569154075,19.54011242393495,0.0,0.0,-250.0,-0.6426823311650839,-0.3244605935088387,-251.65591569010388,0.0,0.0,-250.00000223057026,-7.119696282442945,-7.166742366073217,-6.2610380944500275,-0.24890878624452245,-0.25063635194455525,-0.252249255458614
3.6,-0.006506875930687106,-0.010529785973424799,-0.006236774949244517,0.0016158530688307523,0.0026591737491668253,0.0015903826514578566,0.003727,0.006,0.00398,19.181950665421784,19.181950665421784,19.181950665421784,19.554674634302533,19.785110639909405,19.539200447225646,0.0,0.0,-250.0,-0.6410734275233497,-0.3235763321447584,-251.6517477528491,0.0,0.0,-250.00000223057026,-7.102718209307914,-7.149276157859424,-6.24567546929972,-0.24891291792175824,-0.2506349368807112,-0.25224425703947684
3.61,-0.006490738256426043,-0.010503231422207548,-0.006220891988753308,0.0016120668962274164,0.002652389488675663,0.0015865814459972583,0.003727,0.006,0.00398,19.181950665421784,19.181950665421784,19.181950665421784,19.55375023038536,19.783589565784784,19.538290638698594,0.0,0.0,-250.0,-0.6394690029984759,-0.32269462476360067,-251.6475899785538,0.0,0.0,-250.00000223057026,-7.085778835541142,-7.131856956534695,-6.230350108453906,-0.24891697338683091,-0.25063362798134564,-0.25223925495400407
3.62,-0.0064746382474375475,-0.010476745523939734,-0.006205047312794643,0.0016083148860126116,0.0026454608591050723,0.0015827306166414203,0.003727,0.006,0.00398,19.181950665421784,19.181950665421784,19.181950665421784,19.552827982631324,19.782072433342375,19.537383026559528,0.0,0.0,-250.0,-0.6378692096850367,-0.32181570917759184,-251.64344248195735,0.0,0.0,-250.00000223057026,-7.06887779003523,-7.11448563523601,-6.215062559840935,-0.2489209511817791,-0.25063243640812355,-0.25223426050364006
3.63,-0.006458575618498774,-0.010450329610293518,-0.006189241417015601,0.0016045868440121517,0.002638408463229676,0.0015788305469827866,0.003727,0.006,0.00398,19.181950665421784,19.181950665421784,19.181950665421784,19.55190787528005,19.7805593176921,19.536477639174482,0.0,0.0,-250.0,-0.6362741693610031,-0.3209397884110953,-251.63930537125853,0.0,0.0,-250.00000223057026,-7.0520148373569285,-7.097162884469582,-6.199813343859226,-0.24892485205410395,-0.2506313697100228,-0.25222928396418043
3.64,-0.006442550183558382,-0.010423984799461494,-0.006173474783514377,0.0016008731212257936,0.0026312541665989074,0.0015748833539833461,0.003727,0.006,0.00398,19.181950665421784,19.181950665421784,19.181950665421784,19.55098989822046,19.77905028164355,19.53557450403512,0.0,0.0,-250.0,-0.6346839739695279,-0.320067028633227,-251.6351787454646,0.0,0.0,-250.00000223057026,-7.035189868167647,-7.079889211142998,-6.18460293723294,-0.2489286787092497,-0.25063043198579404,-0.2522243343719247
3.65,-0.0064265618488568155,-0.01039771198684547,-0.0061577478647623085,0.001597164866113783,0.0026240204994957095,0.0015708926553619125,0.003727,0.006,0.00398,19.181950665421784,19.181950665421784,19.181950665421784,19.55007404658243,19.77754537520657,19.534673646851065,0.0,0.0,-250.0,-0.6330986866803655,-0.3191975582706149,-251.6310626921341,0.0,0.0,-250.00000223057026,-7.018402886715113,-7.062664941791309,-6.169431759876616,-0.2489324355273331,-0.2506296241090688,-0.2522194193701702
3.66,-0.006410610603797828,-0.010371511841523462,-0.006142061069988325,0.0015934542266535575,0.0026167300972811196,0.0015668633137392767,0.003727,0.006,0.00398,19.181950665421784,19.181950665421784,19.181950665421784,19.549160320202482,19.776044635420668,19.533775090784495,0.0,0.0,-250.0,-0.6315183434386605,-0.31833146820859115,-251.62695728554638,0.0,0.0,-250.00000223057026,-7.001653996082698,-7.045490229534514,-6.154300164872073,-0.24893612825671554,-0.2506289440051914,-0.25221454511474317
3.67,-0.006394696510084341,-0.010345384808057634,-0.006126414754203169,0.0015897345005756035,0.0026094051882743956,0.0015628011677027303,0.003727,0.006,0.00398,19.181950665421784,19.181950665421784,19.181950665421784,19.54824872299299,19.77454808648761,19.532878855836767,0.0,0.0,-250.0,-0.6299429549097803,-0.31746881296838014,-251.6228625853132,0.0,0.0,-250.00000223057026,-6.984943381885103,-7.028365064260996,-6.139208431553801,-0.2489397636964481,-0.2506283869686684,-0.2522097162355868
3.68,-0.0063788196896361615,-0.010319331113127772,-0.006110809209937784,0.0015860002340285758,0.0026020671364275954,0.0015587127593693047,0.003727,0.006,0.00398,19.181950665421784,19.181950665421784,19.181950665421784,19.547339262244577,19.773055740177394,19.531984958390662,0.0,0.0,-250.0,-0.6283725087317049,-0.31660961273080546,-251.61877863543785,0.0,0.0,-250.00000223057026,-6.968271295077779,-7.011289285508416,-6.124156761596829,-0.24894334937874796,-0.25062794601028104,-0.25220493584981807
3.69,-0.006362980311796551,-0.010293350776410637,-0.0060952446616864275,0.001582247270577072,0.002594736044166962,0.0015546050671953896,0.003727,0.006,0.00398,19.181950665421784,19.181950665421784,19.181950665421784,19.546431947890564,19.771567596473968,19.531093410907232,0.0,0.0,-250.0,-0.6268069719911941,-0.3157538560681442,-251.61470546381543,0.0,0.0,-250.00000223057026,-6.951638034508802,-6.994262597500144,-6.109145277925746,-0.2489468932615191,-0.2506276122232172,-0.25220020562070344
3.7,-0.0063471785803069225,-0.01026744362508325,-0.006079721262954474,0.0015784727538592123,0.002587430418930263,0.0015504852517595191,0.003727,0.006,0.00398,19.181950665421784,19.181950665421784,19.181950665421784,19.545526791760768,19.770083644424954,19.530204221771132,0.0,0.0,-250.0,-0.6252462938450437,-0.3149015032383341,-251.6106430821559,0.0,0.0,-250.00000223057026,-6.935043929786369,-6.977284585799215,-6.094174026184056,-0.24895040343959712,-0.25062737515817407,-0.25219552585591165
3.71,-0.006331414720489037,-0.010241609311300526,-0.00606423909574616,0.0015746750884105124,0.002580166905172078,0.0015463604210771806,0.003727,0.006,0.00398,19.181950665421784,19.181950665421784,19.181950665421784,19.544623806849568,19.768603863158013,19.52931739527459,0.0,0.0,-250.0,-0.6236904082157865,-0.3140524898957655,-251.60659148630302,0.0,0.0,-250.00000223057026,-6.918489324966159,-6.960354735054063,-6.079242978455961,-0.248953887881879,-0.25062722319808933,-0.2521908956379778
3.72,-0.006315688967024613,-0.010215847331992323,-0.0060487981722675555,0.0015708538640684733,0.0025729600819655294,0.00154223742075717,0.003727,0.006,0.00398,19.181950665421784,19.181950665421784,19.181950665421784,19.543723006620255,19.767128223026358,19.528432931726837,0.0,0.0,-250.0,-0.622139236497116,-0.31320673107585023,-251.60255065691445,0.0,0.0,-250.00000223057026,-6.901974563486527,-6.9434724473378875,-6.064352038891962,-0.248957354199987,-0.2506271439241023,-0.25218631297958105
3.73,-0.00630000155266186,-0.010190157050329052,-0.006033398438570425,0.0015670097500186,0.0025658223248369305,0.0015381226530066735,0.003727,0.006,0.00398,19.181950665421784,19.181950665421784,19.181950665421784,19.542824404364183,19.765656686846203,19.52755082767309,0.0,0.0,-250.0,-0.6205926902145048,-0.3123641253177999,-251.59852056045952,0.0,0.0,-250.00000223057026,-6.8854999746933965,-6.926637060615617,-6.049501050861856,-0.24896080945242724,-0.25062712446529506,-0.25218177499614036
3.74,-0.006284352698119944,-0.010164537718228228,-0.0060180397798355045,0.0015631443649235632,0.002558763729138239,0.0015340219271987416,0.003727,0.006,0.00398,19.181950665421784,19.181950665421784,19.181950665421784,19.541928012629892,19.76418921119033,19.526671076205634,0.0,0.0,-250.0,-0.6190506735917901,-0.31152455879977514,-251.59450115048867,0.0,0.0,-250.00000223057026,-6.869065862215808,-6.909847866914609,-6.034689805255302,-0.24896425998680033,-0.25062715182586753,-0.2521772780885708
3.75,-0.006268742603392052,-0.010138988499305834,-0.006002722026967944,0.0015592601297108111,0.00255179209111354,0.0015299403434645851,0.003727,0.006,0.00398,19.181950665421784,19.181950665421784,19.181950665421784,19.541033842733345,19.762725747703886,19.525793667348193,0.0,0.0,-250.0,-0.6175130859851582,-0.3106879093733297,-251.59049236912233,0.0,0.0,-250.00000223057026,-6.852672494362315,-6.8931041298216815,-6.019918049547625,-0.2489677113209893,-0.25062721318450804,-0.2521728181293381
3.76,-0.006253171440585903,-0.010113508491722045,-0.0059874449641750815,0.0015553601094991357,0.002544912941861473,0.0015258822096011143,0.003727,0.006,0.00398,19.181950665421784,19.181950665421784,19.181950665421784,19.540141904356776,19.76126624441111,19.524918588494657,0.0,0.0,-250.0,-0.6159798241519131,-0.3098540503992947,-251.58649414870706,0.0,0.0,-250.00000223057026,-6.836320096630134,-6.876405100980724,-6.005185497269595,-0.24897116806301042,-0.25062729616185425,-0.25216839064566243
3.77,-0.00623763934837529,-0.010088096750422437,-0.005972208337192975,0.0015514478508462958,0.0025381296286359953,0.0015218509905162532,0.003727,0.006,0.00398,19.181950665421784,19.181950665421784,19.181950665421784,19.53925220524017,19.759810646984754,19.524045824883178,0.0,0.0,-250.0,-0.6144507843292081,-0.30902285430164356,-251.58250641358535,0.0,0.0,-250.00000223057026,-6.820008846340872,-6.8597500353188225,-5.990491837537531,-0.248974633867962,-0.25062738905306226,-0.252163990994315
3.78,-0.0062221464280783345,-0.0100627523083337,-0.00595701186184916,0.0015475272200329675,0.0025314434373638183,0.0015178492885021084,0.003727,0.006,0.00398,19.181950665421784,19.181950665421784,19.181950665421784,19.538364750965773,19.758358899953265,19.523175360087716,0.0,0.0,-250.0,-0.6129258641055778,-0.30819419577372864,-251.57852908192663,0.0,0.0,-250.00000223057026,-6.803738869348543,-6.843138204781858,-5.975836744342496,-0.24897811142951182,-0.25062748102355864,-0.2521596145234443
3.79,-0.006206692741323017,-0.010037474196137985,-0.005941855232663218,0.0015436022474901512,0.002524853749884219,0.0015138788518394327,0.003727,0.006,0.00398,19.181950665421784,19.181950665421784,19.181950665421784,19.5374795448332,19.756910947824586,19.522307176510164,0.0,0.0,-250.0,-0.6114049640724161,-0.307367954587316,-251.57456206756885,0.0,0.0,-250.00000223057026,-6.787510238704743,-6.826568910416735,-5.96121988532835,-0.24898160250248985,-0.2506275622670938,-0.2521552567176064
3.8,-0.00619127830921351,-0.010012261460315197,-0.005926738131220244,0.0015396769827608762,0.0025183582292282168,0.0015099406086020097,0.003727,0.006,0.00398,19.181950665421784,19.181950665421784,19.181950665421784,19.536596587819936,19.755466736109152,19.52144125585807,0.0,0.0,-250.0,-0.6098879892503408,-0.3065440179705558,-251.57060528182458,0.0,0.0,-250.00000223057026,-6.7713229751153765,-6.810041492688826,-5.946640929838265,-0.24898510795254908,-0.250627624126137,-0.2521509133232097
3.81,-0.006175903112871972,-0.009987113179209417,-0.005911660234085014,0.0015357553636026638,0.00251195302623342,0.0015060347220672656,0.003727,0.006,0.00398,19.181950665421784,19.181950665421784,19.181950665421784,19.53571587861976,19.75402621222849,19.520577579594764,0.0,0.0,-250.0,-0.6083748502885299,-0.3057222825382011,-251.56665863520905,0.0,0.0,-250.00000223057026,-6.755177048984768,-6.793555339973148,-5.932099556053989,-0.24898862782841086,-0.25062765917549235,-0.25214658045245225
3.82,-0.006160567095198466,-0.009962028476942997,-0.0058966212200601276,0.001531841102016506,0.0025056330009233284,0.0015021606638251604,0.003727,0.006,0.00398,19.181950665421784,19.181950665421784,19.181950665421784,19.53483741375001,19.75258932629968,19.51971612935097,0.0,0.0,-250.0,-0.6068654644403405,-0.3049026557691105,-251.5627220390532,0.0,0.0,-250.00000223057026,-6.73907238381363,-6.7771098952052435,-5.917595457096973,-0.24899216145195813,-0.250627661270789,-0.2521422546646896
3.83,-0.006145270163667005,-0.009937006535065018,-0.005881620776635399,0.0015279375891502002,0.0024993919523539653,0.0014983173005232654,0.003727,0.006,0.00398,19.181950665421784,19.181950665421784,19.181950665421784,19.53396118771714,19.75115603178957,19.518856887289278,0.0,0.0,-250.0,-0.6053597563215198,-0.304085057041574,-251.55879540696952,0.0,0.0,-250.00000223057026,-6.723008860697031,-6.760704660718927,-5.903128346011439,-0.2489957075213502,-0.25062762556408746,-0.2521379330250672
3.84,-0.006130012193964418,-0.009912046601882052,-0.0058666586055143854,0.0015240478202194062,0.002493222851016381,0.001494502990177533,0.003727,0.006,0.00398,19.181950665421784,19.181950665421784,19.181950665421784,19.533087193229374,19.749726286036086,19.51799983641524,0.0,0.0,-250.0,-0.6038576584607805,-0.30326941824625725,-251.55487865614745,0.0,0.0,-250.00000223057026,-6.706986323664809,-6.7443392013358,-5.888697959590906,-0.24899926422249957,-0.2506275484893972,-0.25213361314094374
3.85,-0.006114793034267152,-0.009887147999477652,-0.005851734427142485,0.0015201743398218332,0.002487118068374872,0.001490715684090353,0.003727,0.006,0.00398,19.181950665421784,19.181950665421784,19.181950665421784,19.53221542144478,19.74830005063728,19.517144960830937,0.0,0.0,-250.0,-0.6023591116545741,-0.3024556840070215,-251.5509717084574,0.0,0.0,-250.00000223057026,-6.69100458560234,-6.7280131458058685,-5.874304061048865,-0.2490028293443905,-0.2506274277213112,-0.25212929317726956
3.86,-0.006099612509953778,-0.00986231012847405,-0.00583684798420403,0.0015163192073164285,0.0024810695986841654,0.0014869530306498835,0.003727,0.006,0.00398,19.181950665421784,19.181950665421784,19.181950665421784,19.531345862243136,19.746877291711517,19.516292245929417,0.0,0.0,-250.0,-0.6008640651396231,-0.30164381154680153,-251.5470744913523,0.0,0.0,-250.00000223057026,-6.675063434501822,-6.711726186721972,-5.8599464415760165,-0.2490064003941426,-0.2506272621102153,-0.25212497185270627
3.87,-0.0060844704285583084,-0.009837532470638233,-0.005821999044085369,0.0015124839813254625,0.002475069268849968,0.001483212477606137,0.003727,0.006,0.00398,19.181950665421784,19.181950665421784,19.181950665421784,19.530478504510533,19.745457980034846,19.515441678529967,0.0,0.0,-250.0,-0.5993724765989068,-0.3008337702414094,-251.54318693856035,0.0,0.0,-250.00000223057026,-6.659162639811316,-6.695478079055556,-5.845624920850735,-0.24900997470817918,-0.2506270515977528,-0.2521206484185987
3.88,-0.0060693665847791345,-0.009812814589473362,-0.005807187400339475,0.001508669721890556,0.0024691089327627406,0.0014794913698167296,0.003727,0.006,0.00398,19.181950665421784,19.181950665421784,19.181950665421784,19.52961333642613,19.744042091063854,19.514593246956473,0.0,0.0,-250.0,-0.5978843120170462,-0.3000255409087925,-251.53930899056792,0.0,0.0,-250.00000223057026,-6.64330195866722,-6.67926863747732,-5.8313393466030865,-0.24901354955631808,-0.2506267971163237,-0.25211632262335837
3.89,-0.006054300765378606,-0.00978815612896411,-0.00579241287320964,0.001504877008390782,0.00246318064720986,0.0014757870399087513,0.003727,0.006,0.00398,19.181950665421784,19.181950665421784,19.181950665421784,19.528750345741788,19.7426296048538,19.51374694106226,0.0,0.0,-250.0,-0.5963995454013383,-0.2992191148814468,-251.53544059489832,0.0,0.0,-250.00000223057026,-6.6274811418268,-6.663097732634207,-5.8170895933461795,-0.24901712223625497,-0.2506265004763091,-0.25211199466490053
3.9,-0.006039272753826874,-0.00976355681067681,-0.0057776753092945166,0.0015011059710129486,0.002457276827155269,0.0014720968897827852,0.003727,0.006,0.00398,19.181950665421784,19.181950665421784,19.181950665421784,19.52788952004624,19.741220505883714,19.512902752206312,0.0,0.0,-250.0,-0.5949181583871067,-0.2984144929120793,-251.53158170619614,0.0,0.0,-250.00000223057026,-6.611699939144098,-6.646965286565839,-5.80287556040483,-0.24902069015645475,-0.25062616424474515,-0.25210766513393273
3.91,-0.006024282334567643,-0.009739016429426206,-0.005762974580457381,0.0014973563333524264,0.002451390378844259,0.0014684184613902899,0.003727,0.006,0.00398,19.181950665421784,19.181950665421784,19.181950665421784,19.527030847007037,19.739814782800597,19.51206067318677,0.0,0.0,-250.0,-0.5934401397426746,-0.29761168396030413,-251.52773228613037,0.0,0.0,-250.00000223057026,-6.595958104465071,-6.63087126743908,-5.788697169383261,-0.24902425090605038,-0.2506257916188726,-0.25210333495091974
3.92,-0.006009329296808308,-0.009714534847738765,-0.005748310582090799,0.0014936274636070245,0.0024455148098287004,0.0014647494957120458,0.003727,0.006,0.00398,19.181950665421784,19.181950665421784,19.181950665421784,19.526174314584715,19.738412428096055,19.511220698138207,0.0,0.0,-250.0,-0.5919654847925707,-0.29681070390632175,-251.52389230313554,0.0,0.0,-250.00000223057026,-6.580255399850002,-6.61481568378197,-5.774554361211057,-0.2490278023109526,-0.2506253862978805,-0.25209900529938367
3.93,-0.005994413437763135,-0.009690111989343386,-0.005733683230859876,0.0014899184318140992,0.002439644315610594,0.001461087979347119,0.003727,0.006,0.00398,19.181950665421784,19.181950665421784,19.181950665421784,19.525319911215306,19.73701343772848,19.510382822399716,0.0,0.0,-250.0,-0.5904941947746318,-0.29601157423430857,-251.52006173200922,0.0,0.0,-250.00000223057026,-6.564591599063692,-6.598798578388014,-5.7604470929095495,-0.2490313424759049,-0.25062495235578325,-0.2520946775580947
3.94,-0.005979534565302647,-0.00966574783192431,-0.005719092462048492,0.0014862280706438226,0.0024337738431507994,0.0014574321785690671,0.003727,0.006,0.00398,19.181950665421784,19.181950665421784,19.181950665421784,19.524467625958646,19.73561781070433,19.509547042360985,0.0,0.0,-250.0,-0.5890262761475126,-0.29521432072400655,-251.51624055338934,0.0,0.0,-250.00000223057026,-6.548966490303227,-6.58282002205554,-5.74637533421207,-0.24903486981269726,-0.25062449411814586,-0.2520903532344379
3.95,-0.005964692499986268,-0.009641442399361377,-0.005704538226632805,0.0014825550374067038,0.0024278991319826347,0.0014537806611171734,0.003727,0.006,0.00398,19.181950665421784,19.181950665421784,19.181950665421784,19.523617448611294,19.734225548631315,19.50871335529345,0.0,0.0,-250.0,-0.587561739864078,-0.294418972183707,-251.51242875313423,0.0,0.0,-250.00000223057026,-6.533379878161101,-6.566880107311534,-5.73233906416281,-0.24903838305518544,-0.25062401604493784,-0.2520860339009747
3.96,-0.005949887076478255,-0.009617195753679031,-0.005690020488201608,0.0014788978751379038,0.0024220167341006244,0.0014501323063446214,0.003727,0.006,0.00398,19.181950665421784,19.181950665421784,19.181950665421784,19.52276936978415,19.732836655256047,19.50788175917332,0.0,0.0,-250.0,-0.5861006006251629,-0.2936255592543464,-251.50862632162952,0.0,0.0,-250.00000223057026,-6.517831584846662,-6.550978942259498,-5.718338267805842,-0.2490418812621065,-0.2506235226215392,-0.252081721136895
3.97,-0.005935118144367146,-0.0095930079869046,-0.005675539219834602,0.0014752550708692948,0.002416124014157599,0.001446486304645342,0.003727,0.006,0.00398,19.181950665421784,19.181950665421784,19.181950665421784,19.521923380946117,19.731451135997688,19.5070522525028,0.0,0.0,-250.0,-0.5846428761277574,-0.29283411330666115,-251.50483325304526,0.0,0.0,-250.00000223057026,-6.502321450711301,-6.535116644669886,-5.704372933060618,-0.24904536380902775,-0.25062301825944194,-0.2520774164757041
3.98,-0.005920385568425113,-0.009568879213024961,-0.005661094401040734,0.0014716251094959707,0.002410219131796051,0.0014428421473243298,0.003727,0.006,0.00398,19.181950665421784,19.181950665421784,19.181950665421784,19.521079474435858,19.73006899748818,19.506224834135317,0.0,0.0,-250.0,-0.5831885863200342,-0.2920446654505432,-251.50104954456654,0.0,0.0,-250.00000223057026,-6.4868493341383635,-6.5192933364188415,-5.690443047865357,-0.24904883037088643,-0.2506225072079014,-0.2520731213601864
3.99,-0.005905689228359101,-0.009544809560208478,-0.005646686014843527,0.00146800652194805,0.0024043010081657968,0.0014391996082481233,0.003727,0.006,0.00398,19.181950665421784,19.181950665421784,19.181950665421784,19.520237643444865,19.728690247128622,19.505399503109597,0.0,0.0,-250.0,-0.5817377526754779,-0.2912572456680732,-251.49727519561952,0.0,0.0,-250.00000223057026,-6.471415110874556,-6.503509138361662,-5.6765485976495675,-0.2490522808968071,-0.2506219934774101,-0.2520688371052795
4.0,-0.005891029018116778,-0.00952079916343923,-0.00563231404508896,0.0014643979267056305,0.0023983692788389177,0.0014355587187350907,0.003727,0.006,0.00398,19.181950665421784,19.181950665421784,19.181950665421784,19.51939788197533,19.727314892669988,19.504576258496904,0.0,0.0,-250.0,-0.5802903974961581,-0.2904718820792911,-251.493510207112,0.0,0.0,-250.00000223057026,-6.45601867288901,-6.48776416571061,-5.662689563182388,-0.24905571557891257,-0.2506214807755229,-0.2520645648692208
4.01,-0.005876404844816274,-0.009496848157684978,-0.005617978474033836,0.001460798064010174,0.0023924242354245377,0.0014319197371989965,0.003727,0.006,0.00398,19.181950665421784,19.181950665421784,19.181950665421784,19.518560184776902,19.725942941825103,19.50375509926463,0.0,0.0,-250.0,-0.578846543255558,-0.2896886003426955,-251.48975458070663,0.0,0.0,-250.00000223057026,-6.440659926849991,-6.472058523967526,-5.6488659188235815,-0.2490591348168283,-0.2506209724552252,-0.2520603056329788
4.02,-0.005861816627376337,-0.009472956671700838,-0.0056036792802600655,0.0014572058224336377,0.002386466758220405,0.0014282831150644883,0.003727,0.006,0.00398,19.181950665421784,19.181950665421784,19.181950665421784,19.517724547266734,19.724574401917508,19.502936024158746,0.0,0.0,-250.0,-0.5774062119879465,-0.2889074231901297,-251.4860083181429,0.0,0.0,-250.00000223057026,-6.425338792314646,-6.456392305447218,-5.635077631190456,-0.24906253917958743,-0.25062047147578553,-0.25205606018775517
4.03,-0.005847264294922716,-0.009449124822545063,-0.00558941643694294,0.0014536202577528602,0.002380498242217095,0.0014246494604297831,0.003727,0.006,0.00398,19.181950665421784,19.181950665421784,19.181950665421784,19.516890965437124,19.72320927957152,19.502119031606696,0.0,0.0,-250.0,-0.5759694247327335,-0.28812837009193204,-251.4822714206187,0.0,0.0,-250.00000223057026,-6.410055199723059,-6.440765586410317,-5.621324658236809,-0.2490659293664772,-0.25061998037573696,-0.252051829130063
4.04,-0.0058327477850477205,-0.00942535271086048,-0.00557518991048922,0.0014500406043359583,0.0023745205186978596,0.0014210195008636955,0.003727,0.006,0.00398,19.181950665421784,19.181950665421784,19.181950665421784,19.5160594357552,19.721847580446365,19.501304119641464,0.0,0.0,-250.0,-0.5745362010381997,-0.2873514570441055,-251.47854388824385,0.0,0.0,-250.00000223057026,-6.394809088286233,-6.425178424809109,-5.607606948728908,-0.2490693061682791,-0.2506195012574132,-0.25204761286372396
4.05,-0.0058182670419944515,-0.009401640416954182,-0.005560999659545041,0.0014464662794694814,0.0023685357745628715,0.0014173940466038941,0.003727,0.006,0.00398,19.181950665421784,19.181950665421784,19.181950665421784,19.515229955058665,19.720489309016227,19.500491285846874,0.0,0.0,-250.0,-0.5731065585302815,-0.28657669646841805,-251.47482571957073,0.0,0.0,-250.00000223057026,-6.379600403848609,-6.409630858637538,-5.5939244420896355,-0.24907267043012618,-0.25061903578228045,-0.2520434116079307
4.06,-0.0058038220148346475,-0.009377987997687132,-0.0055468456343656936,0.0014428968812426996,0.0023625464713581267,0.0014137739552716514,0.003727,0.006,0.00398,19.181950665421784,19.181950665421784,19.181950665421784,19.51440252045156,19.719134468396646,19.49968052732345,0.0,0.0,-250.0,-0.5716805125485198,-0.2858040972131502,-251.47111691120824,0.0,0.0,-250.00000223057026,-6.364429096800313,-6.394122904863526,-5.580277068576947,-0.24907602301707515,-0.2506185851761274,-0.25203922541049256
4.07,-0.005789412655699155,-0.009354395484167277,-0.005532727776524138,0.001439332180753828,0.0023565552658065406,0.0014101600990532642,0.003727,0.006,0.00398,19.181950665421784,19.181950665421784,19.181950665421784,19.513577129203345,19.717783060216874,19.49887184067362,0.0,0.0,-250.0,-0.5702580758517264,-0.2850336646424386,-251.46741745752033,0.0,0.0,-250.00000223057026,-6.349295120101087,-6.378654558912873,-5.566664749750462,-0.2490793647831908,-0.25061815024309425,-0.25203505416520433
4.08,-0.005775038918113318,-0.009330862880219948,-0.005518646018931095,0.0014357721095036437,0.0023505649334368273,0.001406553335113225,0.003727,0.006,0.00398,19.181950665421784,19.181950665421784,19.181950665421784,19.512753778654275,19.716435084536613,19.498065222004506,0.0,0.0,-250.0,-0.5688392583936769,-0.28426540079954665,-251.46372735040933,0.0,0.0,-250.00000223057026,-6.334198427468542,-6.363225794662443,-5.553087399180452,-0.24908269654479745,-0.25061773138736937,-0.25203089763234315
4.09,-0.00576070075548113,-0.009307390161600537,-0.005504600286130701,0.0014322167429152556,0.00234457829668896,0.0014029544798212588,0.003727,0.006,0.00398,19.181950665421784,19.181950665421784,19.181950665421784,19.5119324661295,19.715090539804986,19.497260666946335,0.0,0.0,-250.0,-0.5674240671683016,-0.28349930463134093,-251.4600465791806,0.0,0.0,-250.00000223057026,-6.31913897177243,-6.347836564898042,-5.539544923347747,-0.24908601905830727,-0.250617328641406,-0.25202675546127346
4.1,-0.005746398119750196,-0.009283977275894195,-0.005490590494830083,0.0014286662809388452,0.002338598158645142,0.0013993642871885765,0.003727,0.006,0.00398,19.181950665421784,19.181950665421784,19.181950665421784,19.51111318886372,19.71374942285854,19.496458170683994,0.0,0.0,-250.0,-0.5660125061226138,-0.2827353722593805,-251.45637513048635,0.0,0.0,-250.00000223057026,-6.3041167036628245,-6.332486802181563,-5.526037222682269,-0.24908933300283675,-0.25061694169941356,-0.25202262721415486
4.11,-0.00573213096028341,-0.009260624143043794,-0.005476616554621283,0.0014251210267020688,0.0023326272433036536,0.0013957834317310763,0.003727,0.006,0.00398,19.181950665421784,19.181950665421784,19.181950665421784,19.510295943937752,19.71241172895489,19.49565772799934,0.0,0.0,-250.0,-0.5646045761347891,-0.28197359728511895,-251.45271298834018,0.0,0.0,-250.00000223057026,-6.289131570452356,-6.317176420072721,-5.512564192691525,-0.2490926389676436,-0.25061656995492876,-0.25201851238987943
4.12,-0.005717899222948908,-0.009237330656435838,-0.005462678368849616,0.0014215813641214417,0.002326668143085597,0.0013922124958133757,0.003727,0.006,0.00398,19.181950665421784,19.181950665421784,19.181950665421784,19.509480728227686,19.71107745183791,19.49485933332166,0.0,0.0,-250.0,-0.5632002750527638,-0.2812139711169257,-251.44906013419697,0.0,0.0,-250.00000223057026,-6.274183515256604,-6.301905314646525,-5.4991257251302725,-0.24909593744421024,-0.2506162125412938,-0.2520144104473982
4.13,-0.0057037028494372755,-0.00921409668446882,-0.00544877583558373,0.0014180477353301134,0.0023207232740396822,0.0013886519613751913,0.003727,0.006,0.00398,19.181950665421784,19.181950665421784,19.181950665421784,19.508667538367042,19.709746583830082,19.4940629807837,0.0,0.0,-250.0,-0.5617995977900477,-0.2804564833073246,-251.44541654708945,0.0,0.0,-250.00000223057026,-6.259272476394475,-6.286673366246618,-5.485721709166897,-0.24909922882274818,-0.2506158683738949,-0.2520103208277187
4.14,-0.005689541776800866,-0.009190922072526475,-0.005434908848646225,0.0014145206186924422,0.002314794838999801,0.0013851022058141071,0.003727,0.006,0.00398,19.181950665421784,19.181950665421784,19.181950665421784,19.50785637072163,19.70841911594766,19.49326866428091,0.0,0.0,-250.0,-0.5604025364717817,-0.2797011218912266,-251.44178220381218,0.0,0.0,-250.00000223057026,-6.2443983870344075,-6.271480441416645,-5.472352032509452,-0.2491025133926561,-0.25061553619312243,-0.25200624297402274
4.15,-0.005675415937206496,-0.00916780664527489,-0.00542107729866359,0.0014110005080688786,0.002308884798752986,0.0013815635016884297,0.003727,0.006,0.00398,19.181950665421784,19.181950665421784,19.181950665421784,19.507047221376578,19.707095038033863,19.492476377531645,0.0,0.0,-250.0,-0.5590090806259723,-0.2789478737159621,-251.43815707914467,0.0,0.0,-250.00000223057026,-6.229561175069817,-6.256326394951975,-5.459016582456584,-0.24910579134646663,-0.2506152146070641,-0.25200217634940925
4.16,-0.005661325257886596,-0.009144750209204633,-0.0054072810741002675,0.0014074878938862337,0.0023029948510957057,0.0013780360198193183,0.003727,0.006,0.00398,19.181950665421784,19.181950665421784,19.181950665421784,19.506240086134582,19.705774338905698,19.49168611413615,0.0,0.0,-250.0,-0.5576192174131396,-0.27819672475655227,-251.43454114610344,0.0,0.0,-250.00000223057026,-6.214760763200883,-6.241211072018029,-5.445715246847005,-0.2491090627867341,-0.25061490213306975,-0.25199812045194836
4.17,-0.0056472696612672735,-0.009121752555340423,-0.005393520062244694,0.0014039832464455319,0.002297126417497905,0.0013745198353050454,0.003727,0.006,0.00398,19.181950665421784,19.181950665421784,19.181950665421784,19.505434960524205,19.704457006509934,19.49089786763276,0.0,0.0,-250.0,-0.5562329318871994,-0.2774476604101694,-251.43093437621445,0.0,0.0,-250.00000223057026,-6.199997069193678,-6.226134310284769,-5.4324479148860965,-0.24911232773525538,-0.2506145972374124,-0.25199407482682046
4.18,-0.005633249065249424,-0.00909881346204311,-0.005379794150122519,0.0014004870017802274,0.0022912806369542404,0.0013710149359233567,0.003727,0.006,0.00398,19.181950665421784,19.181950665421784,19.181950665421784,19.504631839816767,19.703143028083932,19.490111631549688,0.0,0.0,-250.0,-0.5548502072802606,-0.2767006657653682,-251.42733673979663,0.0,0.0,-250.00000223057026,-6.1852700062861885,-6.211095942030016,-5.4192144778372064,-0.24911558614400395,-0.2506142983723757,-0.2519900390754993
4.19,-0.0056192633836167905,-0.00907593269783774,-0.005366103225314445,0.0013969995502563263,0.0022854583664875827,0.0013675212323775573,0.003727,0.006,0.00398,19.181950665421784,19.181950665421784,19.181950665421784,19.503830719050363,19.701832390317666,19.48932739945131,0.0,0.0,-250.0,-0.5534710253050562,-0.2759557258435316,-251.42374820624903,0.0,0.0,-250.00000223057026,-6.17057948370974,-6.196095796172454,-5.40601482956742,-0.24911883790721637,-0.25061400401026585,-0.2519860128619446
4.2,-0.0056053125265415615,-0.009053110024201894,-0.005352447176664776,0.0013935212279946544,0.0022796601876774614,0.001364038569841974,0.003727,0.006,0.00398,19.181950665421784,19.181950665421784,19.181950665421784,19.50303159305931,19.70052507951302,19.48854516497807,0.0,0.0,-250.0,-0.552095366466551,-0.2752128258101194,-251.42016874433355,0.0,0.0,-250.00000223057026,-6.155925407291689,-6.18113370019622,-5.392848866947592,-0.24912208287401924,-0.2506137126738809,-0.2519819959159736
4.21,-0.005591396401161575,-0.009030345198258793,-0.005338825894868671,0.0013900523110919741,0.002273886418511815,0.0013605667402816944,0.003727,0.006,0.00398,19.181950665421784,19.181950665421784,19.181950665421784,19.50223445650754,19.699221081737434,19.48776492187946,0.0,0.0,-250.0,-0.5507232103772117,-0.2744719511553433,-251.41659832244665,0.0,0.0,-250.00000223057026,-6.141307680110755,-6.166209481937315,-5.379716490107162,-0.24912532086112305,-0.2506134229631408,-0.25197798803396687
4.22,-0.005577514912199044,-0.009007637975326277,-0.005325239272935822,0.001386593012526936,0.0022681371298146876,0.0013571054950537811,0.003727,0.006,0.00398,19.181950665421784,19.181950665421784,19.181950665421784,19.501439303924197,19.69792038296894,19.486986664039822,0.0,0.0,-250.0,-0.5493545360680009,-0.2737330878442128,-251.41303690887472,0.0,0.0,-250.00000223057026,-6.126726203172058,-6.151322971207152,-5.366617602554623,-0.24912855166506562,-0.2506131335776787,-0.25197398907723895
4.23,-0.005563667962597496,-0.008984988111280123,-0.005311687206527083,0.0013831434815556609,0.0022624121654727524,0.0013536545573463882,0.003727,0.006,0.00398,19.181950665421784,19.181950665421784,19.181950665421784,19.500646129740172,19.696622969230432,19.486210385496943,0.0,0.0,-250.0,-0.5479893222902618,-0.27299622243686233,-251.40948447202788,0.0,0.0,-250.00000223057026,-6.112180876078433,-6.136474001234081,-5.353552111171076,-0.24913177507367232,-0.2506128433352933,-0.2519699989683185
4.24,-0.005549855454151542,-0.008962395364698117,-0.005298169594170621,0.001379703805344361,0.0022567111656768752,0.0013502136340618944,0.003727,0.006,0.00398,19.181950665421784,19.181950665421784,19.181950665421784,19.49985492832405,19.695328826711137,19.485436080453766,0.0,0.0,-250.0,-0.546627547802152,-0.27226134218089715,-251.40594098064926,0.0,0.0,-250.00000223057026,-6.097671597672115,-6.121662409909155,-5.340519926094623,-0.24913499087636568,-0.2506125511862491,-0.25196601768556104
4.25,-0.005536077288109842,-0.008939859498757696,-0.005284686337363009,0.0013762740125341706,0.002251033592400226,0.0013467824268186697,0.003727,0.006,0.00398,19.181950665421784,19.181950665421784,19.181950665421784,19.499065694016483,19.69403794187388,19.48466374328356,0.0,0.0,-250.0,-0.5452691916348094,-0.2715284350773285,-251.4024064039959,0.0,0.0,-250.00000223057026,-6.083198266628756,-6.106888040826857,-5.327520960509743,-0.2491381988731068,-0.2506122562234971,-0.2519620452564206
4.26,-0.005522333365732601,-0.008917380282871368,-0.005271237340567392,0.0013728540784013702,0.0022453787563612676,0.0013433606418087201,0.003727,0.006,0.00398,19.181950665421784,19.181950665421784,19.181950665421784,19.498278421161807,19.692750301547253,19.483893368529237,0.0,0.0,-250.0,-0.5439142333345228,-0.27079748992328434,-251.3988807119916,0.0,0.0,-250.00000223057026,-6.068760781986483,-6.092150744119122,-5.314555130361664,-0.24914139888178535,-0.25061195768900646,-0.25195808174979106
4.27,-0.005508623588791617,-0.00889495749404684,-0.005257822511119226,0.0013694439312619637,0.0022397458447601273,0.0013399479983162205,0.003727,0.006,0.00398,19.181950665421784,19.181950665421784,19.181950665421784,19.497493104136304,19.691465893001926,19.483124950897505,0.0,0.0,-250.0,-0.542562653176884,-0.2700684963329619,-251.395363875348,0.0,0.0,-250.00000223057026,-6.05435904360132,-6.077450377082203,-5.301622354011922,-0.24914459074401185,-0.2506116549763871,-0.25195412726775335
4.28,-0.005494947859999766,-0.00887259091796877,-0.005244441759055751,0.0013660434597624362,0.0022341339491223446,0.0013365442357692724,0.003727,0.006,0.00398,19.181950665421784,19.181950665421784,19.181950665421784,19.496709737372417,19.690184704011042,19.48235848524867,0.0,0.0,-250.0,-0.5412144323506255,-0.2693414447404517,-251.3918558656572,0.0,0.0,-250.00000223057026,-6.039992952518119,-6.062786804602476,-5.288722551856047,-0.24914777432922489,-0.25061134763011095,-0.25195018193711294
4.29,-0.005481306083365389,-0.008850280349804618,-0.005231094996882457,0.0013626525207091696,0.0022285420926470498,0.0013331491192603078,0.003727,0.006,0.00398,19.181950665421784,19.181950665421784,19.181950665421784,19.495928315378595,19.688906722894842,19.48159396658296,0.0,0.0,-250.0,-0.5398695531097382,-0.26861632638668687,-251.388356655454,0.0,0.0,-250.00000223057026,-6.0256624112565405,-6.048159899390342,-5.275855645918951,-0.24915094953722053,-0.2506110353416525,-0.25194624590100173
4.3,-0.005467698164466017,-0.008828025594742106,-0.005217782139293525,0.001359270947106674,0.0022229692565232818,0.001329762443527275,0.003727,0.006,0.00398,19.181950665421784,19.181950665421784,19.181950665421784,19.495148832754506,19.687631938549934,19.480831390024296,0.0,0.0,-250.0,-0.5385279988915086,-0.26789313329324327,-251.3848662182507,0.0,0.0,-250.00000223057026,-6.011367324009542,-6.033569542033999,-5.263021559446649,-0.24915411629915024,-0.2506107179428941,-0.2519423193108734
4.31,-0.005454124010642936,-0.00880582646827116,-0.005204503102860802,0.0013558985561065186,0.0022174144047471703,0.0013263840354453332,0.003727,0.006,0.00398,19.181950665421784,19.181950665421784,19.181950665421784,19.494371284201737,19.686360340464052,19.48007075080233,0.0,0.0,-250.0,-0.537189754401989,-0.2671718582253507,-251.38138452854668,0.0,0.0,-250.00000223057026,-5.997107596759907,-6.019015620887844,-5.2502202165083505,-0.24915727457716488,-0.25061039539718416,-0.2519384023191049
4.32,-0.005440583531117482,-0.008783682796228598,-0.005191257805704619,0.001352535156603549,0.0022118765070503342,0.0013230137551157762,0.003727,0.006,0.00398,19.181950665421784,19.181950665421784,19.181950665421784,19.493595664530034,19.685091918717315,19.47931204423352,0.0,0.0,-250.0,-0.5358548056680784,-0.26645249464658816,-251.37791156181368,0.0,0.0,-250.00000223057026,-5.982883137318812,-6.004498031813333,-5.237451541620695,-0.24916042436285077,-0.250610067788458,-0.25193449507237364
4.33,-0.005427076637034178,-0.008761594414624319,-0.005178046167161887,0.0013491805562535224,0.002206354559625795,0.0013196514956812675,0.003727,0.006,0.00398,19.181950665421784,19.181950665421784,19.181950665421784,19.492821968659353,19.683826663971082,19.478555265702152,0.0,0.0,-250.0,-0.5345231400579882,-0.2657350366672112,-251.37444729446136,0.0,0.0,-250.00000223057026,-5.9686938552947675,-5.990016677789175,-5.224715459407363,-0.2491635656746705,-0.2506097353087871,-0.25193059770600534
4.34,-0.005413603241438247,-0.008739561169274213,-0.005164868107462417,0.0013458345677348697,0.0022008476034111072,0.0013162971820256987,0.003727,0.006,0.00398,19.181950665421784,19.181950665421784,19.181950665421784,19.492050191618244,19.682564567445898,19.477800410641862,0.0,0.0,-250.0,-0.5331947462713902,-0.2650194789880637,-251.37099170378505,0.0,0.0,-250.00000223057026,-5.9545396620034285,-5.9755714684117125,-5.212011894301097,-0.2491666985546269,-0.25060939824478373,-0.2519267103393573
4.35,-0.005400163259195179,-0.008717582915264144,-0.005151723547422382,0.001342497014122614,0.0021953547397645995,0.0013129507685326316,0.003727,0.006,0.00398,19.181950665421784,19.181950665421784,19.181950665421784,19.49128032853892,19.68130562088989,19.4770474745182,0.0,0.0,-250.0,-0.5318696143024004,-0.264305816841493,-251.3675447678989,0.0,0.0,-250.00000223057026,-5.940420470328249,-5.961162319305004,-5.199340770292863,-0.24916982306435667,-0.250609056963233,-0.2519228330722652
4.36,-0.005386756606861276,-0.008695659516272658,-0.005138612408165766,0.0013391677332837998,0.0021898751434405073,0.0013096122360900624,0.003727,0.006,0.00398,19.181950665421784,19.181950665421784,19.181950665421784,19.4905123746496,19.680049816539242,19.47629645281286,0.0,0.0,-250.0,-0.5305477353774217,-0.2635940459312744,-251.36410646565824,0.0,0.0,-250.00000223057026,-5.926336194542545,-5.946789151461313,-5.186702010734539,-0.24917293928086726,-0.2506087118963252,-0.25191896598261243
4.37,-0.005373383202516735,-0.008673790843777729,-0.005125534610878391,0.0013358465812497381,0.0021844080728334416,0.0013062815885362896,0.003727,0.006,0.00398,19.181950665421784,19.181950665421784,19.181950665421784,19.489746325264765,19.678797147072174,19.47554734100978,0.0,0.0,-250.0,-0.5292291018710232,-0.2628841623714622,-251.3606767765731,0.0,0.0,-250.00000223057026,-5.912286750106356,-5.932451890530489,-5.174095538194402,-0.2491760472921451,-0.2506083635268063,-0.2519151091249471
4.38,-0.005360042965570133,-0.00865197677617724,-0.0051124900765994186,0.0013325334345624224,0.0021789528775236515,0.001302958848734381,0.003727,0.006,0.00398,19.181950665421784,19.181950665421784,19.181950665421784,19.488982175773817,19.677547605558118,19.474800134583433,0.0,0.0,-250.0,-0.5279137072040171,-0.2621761626263923,-251.35725568071743,0.0,0.0,-250.00000223057026,-5.898272053447371,-5.918150466079366,-5.161521274365163,-0.24917914719279827,-0.2506080123733964,-0.25191126253008844
4.39,-0.005346735816545101,-0.008630217197847512,-0.005099478726054429,0.0013292281916255993,0.002173509003208328,0.0012996440544566874,0.003727,0.006,0.00398,19.181950665421784,19.181950665421784,19.181950665421784,19.48821992162879,19.676301185403528,19.47405482898949,0.0,0.0,-250.0,-0.5266015457262131,-0.2614700434521441,-251.35384315863493,0.0,0.0,-250.00000223057026,-5.884292021737051,-5.90388481083748,-5.148979140023825,-0.24918223907990303,-0.25060765897672477,-0.2519074262056688
4.4,-0.005333461676858886,-0.008608511998166868,-0.005086500479528133,0.001325930773122025,0.0021680759941511375,0.0012963372542466266,0.003727,0.006,0.00398,19.181950665421784,19.181950665421784,19.181950665421784,19.487459558331636,19.675057880295793,19.47331141965778,0.0,0.0,-250.0,-0.5252926125883267,-0.26076580183939757,-251.35043919124578,0.0,0.0,-250.00000223057026,-5.870346572671689,-5.889654859947288,-5.13646905503598,-0.24918532304921612,-0.2506073038860456,-0.25190360013741125
4.41,-0.0053202204686007,-0.008586861070527363,-0.0050735552567798825,0.0013226411215863968,0.0021626534933243155,0.001293038503404791,0.003727,0.006,0.00398,19.181950665421784,19.181950665421784,19.181950665421784,19.486701081421568,19.67381768414662,19.472569901987647,0.0,0.0,-250.0,-0.5239869036067043,-0.26006343495953194,-251.34704375975502,0.0,0.0,-250.00000223057026,-5.8564356242650915,-5.875460550233397,-5.123990938403859,-0.2491883991918181,-0.25060694764692953,-0.2518997842911286
4.42,-0.005307012114319554,-0.008565264311356735,-0.005060642976996266,0.0013193592002417216,0.0021572412404459434,0.0012897478602284444,0.003727,0.006,0.00398,19.181950665421784,19.181950665421784,19.181950665421784,19.485944486462973,19.672580591036127,19.471830271345482,0.0,0.0,-250.0,-0.5226844151235488,-0.2593629401129639,-251.34365684556573,0.0,0.0,-250.00000223057026,-5.8425590946622075,-5.8613018195046145,-5.111544708347523,-0.24919146759133157,-0.25060659079011377,-0.251895978615183
4.43,-0.005293836536826579,-0.008543721619170663,-0.005047763558780727,0.0013160849912218053,0.0021518390681466468,0.001286465382606631,0.003727,0.006,0.00398,19.181950665421784,19.181950665421784,19.181950665421784,19.48518976903416,19.671346595158763,19.4710925230643,0.0,0.0,-250.0,-0.521385143867171,-0.258664314680866,-251.34027843019777,0.0,0.0,-250.00000223057026,-5.828716901976697,-5.847178605900607,-5.099130282416204,-0.24919452832171904,-0.2506062338216226,-0.25189218304336863
4.44,-0.005280693659017899,-0.008522232893672432,-0.005034916920173882,0.001312818493308935,0.0021464468965125385,0.0012831911250510899,0.003727,0.006,0.00398,19.181950665421784,19.181950665421784,19.181950665421784,19.484436924717404,19.670115690772047,19.470356652445076,0.0,0.0,-250.0,-0.5200890868148985,-0.2579675560800121,-251.33690849521403,0.0,0.0,-250.00000223057026,-5.814908964157135,-5.833090847292976,-5.086747577620059,-0.24919758144570336,-0.25060587721427896,-0.25188839749799535
4.45,-0.0052675834037223535,-0.008500798034914714,-0.00502210297870187,0.0013095597193220805,0.0021410647262667276,0.0012799251362195095,0.003727,0.006,0.00398,19.181950665421784,19.181950665421784,19.181950665421784,19.483685949090304,19.66888787214894,19.469622654759668,0.0,0.0,-250.0,-0.5187962410611644,-0.2572726617213901,-251.3335470221544,0.0,0.0,-250.00000223057026,-5.801135198884256,-5.819038480748281,-5.074396510577579,-0.2492006270138128,-0.2506055214006308,-0.25188462189310235
4.46,-0.005254505693576661,-0.008479416942536233,-0.00500932165144552,0.001306308693285037,0.002135692630854616,0.0012766674569614223,0.003727,0.006,0.00398,19.181950665421784,19.181950665421784,19.181950665421784,19.482936837718846,19.667663133534568,19.468890525254857,0.0,0.0,-250.0,-0.5175066036943018,-0.2565796289720604,-251.33019399247922,0.0,0.0,-250.00000223057026,-5.787395523499932,-5.805021442059564,-5.062076997669349,-0.24920366506402558,-0.2506051667673529,-0.2518808561376166
4.47,-0.005241460450929325,-0.008458089515081924,-0.004996572855127168,0.00130306544750101,0.002130330747698912,0.0012734181188967988,0.003727,0.006,0.00398,19.181950665421784,19.181950665421784,19.181950665421784,19.482189586152032,19.666441469107767,19.468160259157433,0.0,0.0,-250.0,-0.516220171682932,-0.2558884551210173,-251.326849387521,0.0,0.0,-250.00000223057026,-5.773689854967066,-5.791039665349457,-5.049788955194369,-0.2492066956219571,-0.2506048136510778,-0.2518771001384116
4.48,-0.005228447597773744,-0.008436815649413787,-0.004983856506208084,0.0012998300196468695,0.0021249792688808546,0.0012701771435183445,0.003727,0.006,0.00398,19.181950665421784,19.181950665421784,19.181950665421784,19.481444189918232,19.665222872947883,19.4674318516798,0.0,0.0,-250.0,-0.5149369417749278,-0.25519913734864624,-251.32351318844633,0.0,0.0,-250.00000223057026,-5.760018109859146,-5.777093082747444,-5.037532299520894,-0.24920971870154707,-0.2506044623356421,-0.25187335380310744
4.49,-0.005215467055710132,-0.00841559524021751,-0.004971172520992495,0.0012966024499900084,0.002119638431497031,0.0012669445417886104,0.003727,0.006,0.00398,19.181950665421784,19.181950665421784,19.181950665421784,19.480700644523164,19.66400733900704,19.466705298025992,0.0,0.0,-250.0,-0.5136569104096209,-0.25451167270000513,-251.3201853762265,0.0,0.0,-250.00000223057026,-5.74638020437714,-5.763181624142045,-5.02530694722806,-0.24921273430616808,-0.25060411305068203,-0.2518696170425829
4.5,-0.005202518745934082,-0.008394428179605895,-0.004958520815732559,0.0012933827788160035,0.0021143085079230028,0.0012637203141889826,0.003727,0.006,0.00398,19.181950665421784,19.181950665421784,19.181950665421784,19.479958945449358,19.662794861087967,19.465980593397628,0.0,0.0,-250.0,-0.512380073644312,-0.253826058062313,-251.3168659316171,0.0,0.0,-250.00000223057026,-5.732776054389984,-5.749305217006143,-5.01311281523307,-0.2492157424300625,-0.25060376597148387,-0.2518658897731063
4.51,-0.005189602589248998,-0.008373314356818817,-0.004945901306731615,0.0012901710441339416,0.0021089897961961367,0.001260504451169496,0.003727,0.006,0.00398,19.181950665421784,19.181950665421784,19.181950665421784,19.479219088157034,19.661585432827398,19.465257732999852,0.0,0.0,-250.0,-0.5111064270957649,-0.2531422901458504,-251.31355483514562,0.0,0.0,-250.00000223057026,-5.7192055754942235,-5.735463786292809,-5.000949820902387,-0.24921874306003677,-0.2506034212199854,-0.25186217191808324
4.52,-0.00517671850610002,-0.00835225365801845,-0.00493331391043994,0.0012869672797154216,0.0021036826107108733,0.00125729693393487,0.003727,0.006,0.00398,19.181950665421784,19.181950665421784,19.181950665421784,19.47848106808612,19.660379047684817,19.464536712046737,0.0,0.0,-250.0,-0.5098359658968389,-0.2524603654695367,-251.31025206710737,0.0,0.0,-250.00000223057026,-5.705668683089516,-5.7216572543984965,-4.9888178821421505,-0.24922173617730628,-0.2506030788668184,-0.2518584634093562
4.53,-0.005163866416625362,-0.008331245966174627,-0.004920758543541959,0.0012837715134994317,0.0020983872733936165,0.001254097735500607,0.003727,0.006,0.00398,19.181950665421784,19.181950665421784,19.181950665421784,19.477744880659316,19.659175698936433,19.463817525766252,0.0,0.0,-250.0,-0.5085686846677794,-0.25178028034978006,-251.30695760756748,0.0,0.0,-250.00000223057026,-5.692165292464796,-5.707885541187906,-4.976716917468612,-0.24922472175942703,-0.2506027389342535,-0.2518547641880923
4.54,-0.005151046240721879,-0.008310291161034877,-0.004908235123031013,0.001280583766386249,0.002093104105500339,0.0012509068219496255,0.003727,0.006,0.00398,19.181950665421784,19.181950665421784,19.181950665421784,19.47701052128589,19.657975379673903,19.463100169404438,0.0,0.0,-250.0,-0.5073045775022691,-0.25110203089369393,-251.30367143636968,0.0,0.0,-250.00000223057026,-5.678695318891383,-5.694148564074729,-4.964646846056221,-0.24922769978222478,-0.2506024013999032,-0.2518510742052279
4.55,-0.005138257898120113,-0.008289389119173152,-0.00489574356627126,0.0012774040514196589,0.002087833420154455,0.0012477241538187596,0.003727,0.006,0.00398,19.181950665421784,19.181950665421784,19.181950665421784,19.47627798536605,19.65677808280757,19.4623846382289,0.0,0.0,-250.0,-0.5060436379666481,-0.25042561299598803,-251.30039353314973,0.0,0.0,-250.00000223057026,-5.6652586777176674,-5.680446238152597,-4.952607587764991,-0.24923067022163511,-0.2506020662010588,-0.25184739342153956
4.56,-0.005125501308465508,-0.008268539714108347,-0.004883283791045356,0.0012742323733479243,0.002082575515717672,0.0012445496875508981,0.003727,0.006,0.00398,19.181950665421784,19.181950665421784,19.181950665421784,19.47554726829558,19.655583801073607,19.461670927531443,0.0,0.0,-250.0,-0.5047858591118553,-0.24975102233977617,-251.29712387735347,0.0,0.0,-250.00000223057026,-5.651855284462113,-5.666778476368343,-4.940599063147655,-0.2492336330554119,-0.2506017332395016,-0.25184372180734527
4.57,-0.005112776391402174,-0.008247742816484105,-0.004870855715587152,0.0012710687285407275,0.00207733067005844,0.0012413833769494393,0.003727,0.006,0.00398,19.181950665421784,19.181950665421784,19.181950665421784,19.474818365470696,19.65439252704465,19.460959032629873,0.0,0.0,-250.0,-0.5035312334963729,-0.24907825440070575,-251.29386244825824,0.0,0.0,-250.00000223057026,-5.638485054901102,-5.653145189730591,-4.9286211934376825,-0.24923658826463463,-0.2506014023866494,-0.2518400593418865
4.58,-0.005100083066655825,-0.008226998294300847,-0.0048584592586004005,0.0012679131052275778,0.0020720991357604398,0.0012382251745799583,0.003727,0.006,0.00398,19.181950665421784,19.181950665421784,19.181950665421784,19.474091272292732,19.653204253143365,19.460248948868976,0.0,0.0,-250.0,-0.5022797532193152,-0.24840730445489181,-251.29060922499625,0.0,0.0,-250.00000223057026,-5.625147905148578,-5.639546287546233,-4.91667390052108,-0.249239535834995,-0.25060107348890526,-0.2518364060124561
4.59,-0.005087421254112101,-0.008206306013190612,-0.004846094339263862,0.0012647654840157903,0.0020668811362887884,0.0012350750330722996,0.003727,0.006,0.00398,19.181950665421784,19.181950665421784,19.181950665421784,19.47336598417263,19.652018971658414,19.459540671620747,0.0,0.0,-250.0,-0.5010314099611214,-0.24773816758953088,-251.2873641865806,0.0,0.0,-250.00000223057026,-5.611843751724118,-5.625981677677606,-4.90475710689404,-0.24924247575779723,-0.250600746373082,-0.25183276181331127
4.6,-0.005074790873889068,-0.008185665836724643,-0.004833760877224036,0.0012616258386418907,0.0020616768631113885,0.0012319329062838828,0.003727,0.006,0.00398,19.181950665421784,19.181950665421784,19.181950665421784,19.47264249653503,19.650836674762225,19.458834196283906,0.0,0.0,-250.0,-0.49978619503148153,-0.2470708387169868,-251.28412731193134,0.0,0.0,-250.00000223057026,-5.598572511609276,-5.612451266812704,-4.892870735609182,-0.24924540803069906,-0.25060042085176987,-0.25182912674444036
4.61,-0.0050621918464009985,-0.008165077626745065,-0.004821458792577671,0.0012584941369045738,0.002056486473751319,0.0012287987502960331,0.003727,0.006,0.00398,19.181950665421784,19.181950665421784,19.181950665421784,19.471920804821888,19.6496573545301,19.458129518282828,0.0,0.0,-250.0,-0.4985440994217322,-0.2464053125908829,-251.28089857990238,0.0,0.0,-250.00000223057026,-5.585334102289923,-5.598954960742122,-4.881014710213884,-0.2492483326581614,-0.25060009672855527,-0.2518255008102404
4.62,-0.005049624092411942,-0.008144541243710668,-0.004809188005844289,0.0012553703417289852,0.0020513100907304394,0.0012256725242202418,0.003727,0.006,0.00398,19.181950665421784,19.181950665421784,19.181950665421784,19.471200904495458,19.648481002960104,19.457426633065946,0.0,0.0,-250.0,-0.497305113860972,-0.2457415838245596,-251.27767796930766,0.0,0.0,-250.00000223057026,-5.572128441784196,-5.585492664635791,-4.869188954682015,-0.2492512496516177,-0.2505997738029817,-0.2518218840181423
4.63,-0.005037087533078022,-0.008124056547049063,-0.004796948437932935,0.0012522544123078879,0.0020461478013489597,0.0012225541908058202,0.003727,0.006,0.00398,19.181950665421784,19.181950665421784,19.181950665421784,19.470482791040684,19.647307611993234,19.456725536103793,0.0,0.0,-250.0,-0.49606922887365745,-0.24507964691158232,-251.27446545894628,0.0,0.0,-250.00000223057026,-5.558955448655874,-5.572064283314056,-4.857393393344342,-0.24925415902937476,-0.2505994518751737,-0.2518182763772682
4.64,-0.005024582089978746,-0.008103623395506299,-0.00478474001010315,0.001249146305273234,0.0020409996582314714,0.0012194437168439685,0.003727,0.006,0.00398,19.181950665421784,19.181950665421784,19.181950665421784,19.46976645996689,19.646137173533415,19.45602622288675,0.0,0.0,-250.0,-0.4948364348376386,-0.2444194962471988,-251.27126102762696,0.0,0.0,-250.00000223057026,-5.5458150420148336,-5.5586697215072505,-4.84562795081802,-0.24925706081628826,-0.2505991307500547,-0.2518146778971408
4.65,-0.00501210768513588,-0.008083241647487138,-0.004772562643923173,0.0012460459758524996,0.002035865680561857,0.001216341073374192,0.003727,0.006,0.00398,19.181950665421784,19.181950665421784,19.181950665421784,19.46905190680883,19.644969679466918,19.455328688922645,0.0,0.0,-250.0,-0.4936067220409088,-0.24376112615074177,-251.26806465418994,0.0,0.0,-250.00000223057026,-5.532707141503789,-5.54530888409953,-4.833892551938813,-0.2492599550432095,-0.25059881024109865,-0.2518110885864819
4.66,-0.004999664241021051,-0.008062911161380304,-0.004760416261227363,0.0012429533789666582,0.0020307458559208694,0.001213246235704458,0.003727,0.006,0.00398,19.181950665421784,19.181950665421784,19.181950665421784,19.46833912712703,19.643805121680906,19.454632929734306,0.0,0.0,-250.0,-0.4923800807364579,-0.24310453088896206,-251.26487631752715,0.0,0.0,-250.00000223057026,-5.519631667273671,-5.531981676353564,-4.822187121698149,-0.24926284174625987,-0.2505984901735911,-0.2518075084521608
4.67,-0.004987251680554139,-0.008042631795861788,-0.004748300784074122,0.0012398684702406321,0.0020256401426354976,0.0012101591832620866,0.003727,0.006,0.00398,19.181950665421784,19.181950665421784,19.181950665421784,19.46762811650766,19.64264349208065,19.453938940857164,0.0,0.0,-250.0,-0.4911565011931659,-0.24244970469859983,-251.26169599660062,0.0,0.0,-250.00000223057026,-5.506588539950917,-5.518688004111856,-4.810511585186209,-0.24926572096599317,-0.25059817038735227,-0.25180393749828583
4.68,-0.004974869927090508,-0.008022403410172074,-0.004736216134706428,0.0012367912068943884,0.0020205484725450387,0.001207079899297552,0.003727,0.006,0.00398,19.181950665421784,19.181950665421784,19.181950665421784,19.46691887056175,19.641484782605282,19.45324671783701,0.0,0.0,-250.0,-0.48993597374276765,-0.2417966418092081,-251.25852367045778,0.0,0.0,-250.00000223057026,-5.49357768059494,-5.5054277739728175,-4.7988658675432765,-0.24926859274642862,-0.25059785073891333,-0.25180037572547764
4.69,-0.004962518904400859,-0.008002225864364942,-0.004724162235515306,0.0012337215484958227,0.0020154707540908775,0.0012040083704661665,0.003727,0.006,0.00398,19.181950665421784,19.181950665421784,19.181950665421784,19.46621138492398,19.640328985241833,19.452556256227922,0.0,0.0,-250.0,-0.48871848882184477,-0.2411453364644828,-251.25535931824504,0.0,0.0,-250.00000223057026,-5.480599010650773,-5.4922008934408835,-4.787249893918926,-0.24927145713404095,-0.25059753110316896,-0.25179682313031515
4.7,-0.004950198536644523,-0.007982099019522904,-0.004712139009009075,0.0012306594575605717,0.0020104068756349276,0.0012009445863138569,0.003727,0.006,0.00398,19.181950665421784,19.181950665421784,19.181950665421784,19.465505655251132,19.63917609203743,19.451867551590542,0.0,0.0,-250.0,-0.487504037007996,-0.2404957829430561,-251.2522029192183,0.0,0.0,-250.00000223057026,-5.467652451898189,-5.479007271047877,-4.775663589441887,-0.24927431417673498,-0.25059721137447705,-0.25179327970498033
4.71,-0.004937908748337383,-0.007962022737939056,-0.00470014637778754,0.001227604899992721,0.0020053567089181063,0.0011978885386968318,0.003727,0.006,0.00398,19.181950665421784,19.181950665421784,19.181950665421784,19.46480167722022,19.638026095109467,19.451180599490613,0.0,0.0,-250.0,-0.4862926090501979,-0.2398479755769604,-251.24905445275186,0.0,0.0,-250.00000223057026,-5.4547379263988525,-5.465846816446782,-4.764106879198864,-0.24927716392283705,-0.2505968914672599,-0.2517897454370848
4.72,-0.004925649464316284,-0.007941996883264357,-0.0046881842645219995,0.0012245578453643972,0.00200032011257281,0.001194840221161155,0.003727,0.006,0.00398,19.181950665421784,19.181950665421784,19.181950665421784,19.46409944652643,19.636878986653898,19.450495395497896,0.0,0.0,-250.0,-0.48508419589307145,-0.2392019087686543,-251.24591389834436,0.0,0.0,-250.00000223057026,-5.441855356443813,-5.452719440478126,-4.752579688222653,-0.2492800064201363,-0.2505965713161234,-0.2517862203096521
4.73,-0.004913420609701458,-0.007922021320618755,-0.004676252591941821,0.0012215182670403041,0.0019952969356104347,0.0011917996283092136,0.003727,0.006,0.00398,19.181950665421784,19.181950665421784,19.181950665421784,19.463398958880965,19.635734758951347,19.449811935185416,0.0,0.0,-250.0,-0.48387878869489725,-0.23855757700561672,-251.24278123562286,0.0,0.0,-250.00000223057026,-5.429004664502961,-5.439625055208785,-4.741081941489772,-0.2492828417150004,-0.2505962508755258,-0.25178270430127286
4.74,-0.0049012221098585496,-0.00790209591666946,-0.004664351282827606,0.001218486142155544,0.001990287020812136,0.0011887667551777436,0.003727,0.006,0.00398,19.181950665421784,19.181950665421784,19.181950665421784,19.462700210008897,19.63459340437145,19.449130214129106,0.0,0.0,-250.0,-0.48267637883966835,-0.23791497487281021,-251.23965644434523,0.0,0.0,-250.00000223057026,-5.416185773178106,-5.426563573946598,-4.72961356392679,-0.24928566985160497,-0.2505959301190647,-0.25177919738640014
4.75,-0.004889053890361983,-0.007882220539674911,-0.004652480260010139,0.0012154614514631114,0.001985290207960884,0.0011857415966503603,0.003727,0.006,0.00398,19.181950665421784,19.181950665421784,19.181950665421784,19.462003195647025,19.633454915375157,19.448450227907795,0.0,0.0,-250.0,-0.48147695794333223,-0.23727409706239228,-251.23653950439976,0.0,0.0,-250.00000223057026,-5.403398605161483,-5.413534911230534,-4.718174480423948,-0.24928849087128116,-0.25059560903839756,-0.25177569953575746
4.76,-0.004876915876959986,-0.007862395059497762,-0.004640639446374217,0.0012124441790664897,0.001980306336856888,0.0011827241469221342,0.003727,0.006,0.00398,19.181950665421784,19.181950665421784,19.181950665421784,19.46130791154193,19.632319284515315,19.447771972103443,0.0,0.0,-250.0,-0.4802805178543257,-0.23663493838101166,-251.23343039580445,0.0,0.0,-250.00000223057026,-5.390643083199719,-5.400538982799843,-4.706764615854398,-0.2492913048119981,-0.2505952876418733,-0.25177221071682354
4.77,-0.00486480799554273,-0.00784261934758973,-0.004628828764869197,0.001209434312057915,0.001975335250073922,0.0011797143990309902,0.003727,0.006,0.00398,19.181950665421784,19.181950665421784,19.181950665421784,19.460614353448154,19.631186504435647,19.44709544230178,0.0,0.0,-250.0,-0.4790870506495686,-0.2359974937544667,-251.23032909870383,0.0,0.0,-250.00000223057026,-5.377919130064224,-5.387575705544696,-4.695383895100689,-0.24929411170797117,-0.2505949659529252,-0.2517687308944257
4.78,-0.004852730172115183,-0.007822893276950016,-0.004617048138522095,0.0012064318400837424,0.001970376795419598,0.0011767123444689335,0.003727,0.006,0.00398,19.181950665421784,19.181950665421784,19.181950665421784,19.45992251712668,19.630056567868227,19.446420634093077,0.0,0.0,-250.0,-0.47789654862564895,-0.23536175822968636,-251.22723559336524,0.0,0.0,-250.00000223057026,-5.365226668529823,-5.374644997440376,-4.684032243083188,-0.2492969115894391,-0.2505946440082715,-0.251765260031341
4.79,-0.004840682332774238,-0.007803216722060746,-0.004605297490454907,0.0012034367548578952,0.0019654308280718617,0.0011737179728798285,0.003727,0.006,0.00398,19.181950665421784,19.181950665421784,19.181950665421784,19.459232398343637,19.628929467629657,19.445747543073153,0.0,0.0,-250.0,-0.47670900428627916,-0.2347277269744451,-251.22414986017338,0.0,0.0,-250.00000223057026,-5.352565621360285,-5.361746777467991,-4.672709584792147,-0.24929970448257038,-0.2505943218559835,-0.25176179808892474
4.8,-0.0048286644036903414,-0.007783589558803206,-0.00459357674390426,0.0012004490496460131,0.0019604972123751702,0.0011707312718463965,0.003727,0.006,0.00398,19.181950665421784,19.181950665421784,19.181950665421784,19.458543992869277,19.62780519661618,19.445076164844522,0.0,0.0,-250.0,-0.47552441032656306,-0.2340953952747155,-251.22107187962493,0.0,0.0,-250.00000223057026,-5.339935911300551,-5.348880965524904,-4.661415845320967,-0.24930249040948504,-0.25059399955347533,-0.25175834502774813
4.81,-0.004816676311095447,-0.007764011664357806,-0.004581885822243337,0.001197468718739511,0.001955575823287257,0.0011677522267693461,0.003727,0.006,0.00398,19.181950665421784,19.181950665421784,19.181950665421784,19.457857296477325,19.626683747797845,19.444406495017624,0.0,0.0,-250.0,-0.47434275961458644,-0.2334647585296941,-251.21800163232135,0.0,0.0,-250.00000223057026,-5.327337461077321,-5.336047482327145,-4.6501509499002704,-0.2493052693884292,-0.25059367716545966,-0.2517549008082135
4.82,-0.004804717981275297,-0.007744482917091844,-0.00457022464900303,0.0011944957569403336,0.0019506665474752767,0.0011647808208337263,0.003727,0.006,0.00398,19.181950665421784,19.181950665421784,19.181950665421784,19.457172304944564,19.625565114212037,19.44373852921209,0.0,0.0,-250.0,-0.4731640451712755,-0.23283581224525132,-251.21493909896293,0.0,0.0,-250.00000223057026,-5.314770193405187,-5.323246249307357,-4.638914823929387,-0.24930804143403162,-0.2505933547619315,-0.2517514653910974
4.83,-0.004792789340567205,-0.0077250031964378185,-0.004558593147894696,0.0011915301590724248,0.001945769284068687,0.0011618170350564914,0.003727,0.006,0.00398,19.181950665421784,19.181950665421784,19.181950665421784,19.456489014050725,19.624449288956455,19.443072263058003,0.0,0.0,-250.0,-0.4719882601487092,-0.2322085520254863,-251.21188426034075,0.0,0.0,-250.00000223057026,-5.302234030999093,-5.310477188509923,-4.627707393007876,-0.2493108065576643,-0.25059303241619646,-0.25174803873808377
4.84,-0.004780890315362052,-0.007705572382766257,-0.004546991242830756,0.0011885719195333286,0.0019408839450822221,0.00115886084840938,0.003727,0.006,0.00398,19.181950665421784,19.181950665421784,19.181950665421784,19.45580741957865,19.623336265181802,19.44240769219708,0.0,0.0,-250.0,-0.4708153978081166,-0.2315829735631683,-251.20883709732985,0.0,0.0,-250.00000223057026,-5.289728896591357,-5.297740222486545,-4.616528582962809,-0.24931356476787067,-0.2505927102030065,-0.25174462081219
4.85,-0.004769020832111115,-0.007686190357256151,-0.004535418857944562,0.001185621031900078,0.001936010455528266,0.00115591223800516,0.003727,0.006,0.00398,19.181950665421784,19.181950665421784,19.181950665421784,19.45512751731468,19.62222603608436,19.441744812283797,0.0,0.0,-250.0,-0.4696454514975081,-0.23095907262890064,-251.20579759088162,0.0,0.0,-250.00000223057026,-5.277254712953474,-5.285035274194184,-4.60537831987355,-0.24931631607084956,-0.25059238819681867,-0.2517412115781393
4.86,-0.004757180817335893,-0.007666857001765559,-0.004523875917606945,0.00118267748859646,0.0019311487532428157,0.0011529711793351839,0.003727,0.006,0.00398,19.181950665421784,19.181950665421784,19.181950665421784,19.45444930304924,19.621118594898576,19.44108361898634,0.0,0.0,-250.0,-0.4684784146298691,-0.23033684505978821,-251.20276572201666,0.0,0.0,-250.00000223057026,-5.264811402920387,-5.272362266897292,-4.594256530091285,-0.2493190604709704,-0.25059206647021226,-0.2517378110026312
4.87,-0.004745370197641319,-0.007647572198705432,-0.004512362346441756,0.0011797412806279428,0.001926298788453182,0.0011500376465484533,0.003727,0.006,0.00398,19.181950665421784,19.181950665421784,19.181950665421784,19.453772772577633,19.620013934889883,19.440424107987464,0.0,0.0,-250.0,-0.4673142806623827,-0.22971628674743377,-251.1997414718184,0.0,0.0,-250.00000223057026,-5.252398889417268,-5.2597211240760355,-4.583163140256067,-0.24932179797131107,-0.2505917450924784,-0.25173441905455296
4.88,-0.004733588899730912,-0.007628335830919486,-0.004500878069337522,0.001176812397388466,0.0019214605231192385,0.001147111612758398,0.003727,0.006,0.00398,19.181950665421784,19.181950665421784,19.181950665421784,19.453097921700902,19.61891204934783,19.43976627498514,0.0,0.0,-250.0,-0.4661530430765601,-0.22909739362607517,-251.1967248214257,0.0,0.0,-250.00000223057026,-5.2400170954870235,-5.247111769342566,-4.572098077308283,-0.24932452857418155,-0.25059142412840885,-0.25173103570509536
4.89,-0.004721836850423877,-0.0076091477815711794,-0.00448942301145544,0.0011738908265378186,0.0019166339300821173,0.001144193050364859,0.003727,0.006,0.00398,19.181950665421784,19.181950665421784,19.181950665421784,19.452424746226804,19.61781293157968,19.439110115693005,0.0,0.0,-250.0,-0.46499469536067833,-0.22848016166063753,-251.1937157520275,0.0,0.0,-250.00000223057026,-5.227665944318527,-5.234534126365599,-4.561061268495055,-0.24932725228164568,-0.25059110363727943,-0.2517276609277704
4.9,-0.004710113976672592,-0.007590007934040133,-0.00447799709823532,0.0011709765539489997,0.0019118189920538774,0.001141281931378259,0.003727,0.006,0.00398,19.181950665421784,19.181950665421784,19.181950665421784,19.45175324197084,19.616716574904512,19.438455625840685,0.0,0.0,-250.0,-0.4638392309933853,-0.22786458683521515,-251.19071424485668,0.0,0.0,-250.00000223057026,-5.2153453592734245,-5.221988118804583,-4.550052641373683,-0.24932996909599725,-0.25059078367204013,-0.2517242946983873
4.91,-0.0046984202055802005,-0.007570916171830144,-0.00446660025539769,0.0011680695637202856,0.0019070157004845514,0.0011383782277370525,0.003727,0.006,0.00398,19.181950665421784,19.181950665421784,19.181950665421784,19.451083404757256,19.615622972648026,19.437802801173877,0.0,0.0,-250.0,-0.46268664343002425,-0.22725066514253803,-251.18772028118534,0.0,0.0,-250.00000223057026,-5.203055263911375,-5.209473670254749,-4.539072123810218,-0.2493326790201851,-0.2505904642787262,-0.25172093699494424
4.92,-0.004686755464418824,-0.007551872378487923,-0.004455232408942356,0.0011651698382472771,0.0019022240543413965,0.0011354819116062489,0.003727,0.006,0.00398,19.181950665421784,19.181950665421784,19.181950665421784,19.450415230420063,19.614532118137966,19.437151637454285,0.0,0.0,-250.0,-0.46153692609086033,-0.22663839257375232,-251.18473384232024,0.0,0.0,-250.00000223057026,-5.190795582014436,-5.19699070420179,-4.528119643973738,-0.24933538205821695,-0.2505901454960489,-0.25171758779745
4.93,-0.004675119680645157,-0.007532876437535141,-0.004443893485145067,0.001162277358346841,0.0018974440588332764,0.0011325929556494775,0.003727,0.006,0.00398,19.181950665421784,19.181950665421784,19.181950665421784,19.449748714803945,19.613444004700277,19.436502130459374,0.0,0.0,-250.0,-0.460390072351757,-0.22602776510960595,-251.18175490959888,0.0,0.0,-250.00000223057026,-5.178566237606581,-5.1845391439877675,-4.5171951303285205,-0.24933807821545315,-0.25058982735519875,-0.25171424708772566
4.94,-0.004663512781915569,-0.007513928232413147,-0.004432583410550972,0.0011593921034229488,0.0018926757241131155,0.0011297113332680293,0.003727,0.006,0.00398,19.181950665421784,19.181950665421784,19.181950665421784,19.449083853765107,19.612358625656043,19.43585427598202,0.0,0.0,-250.0,-0.45924607553694563,-0.2254187787127836,-251.17878346438604,0.0,0.0,-250.00000223057026,-5.1663671549713275,-5.172118912787254,-4.506298511622616,-0.24934076749887246,-0.25058950987982087,-0.25171091484914804
4.95,-0.0046519346960993135,-0.007495027646440722,-0.004421302111966563,0.001156514051667849,0.0018879190639878914,0.0011268370188015392,0.003727,0.006,0.00398,19.181950665421784,19.181950665421784,19.181950665421784,19.44842064317201,19.61127597431911,19.43520806983,0.0,0.0,-250.0,-0.45810492891439275,-0.22481142932138,-251.17581948807194,0.0,0.0,-250.00000223057026,-5.154198258665722,-5.159729933593468,-4.495429716874957,-0.24934344991725033,-0.250589193086159,-0.2517075910663832
4.96,-0.004640385351289356,-0.007476174562784099,-0.004410049516448578,0.0011536431802872567,0.0018831740946630062,0.001123969987685256,0.003727,0.006,0.00398,19.181950665421784,19.181950665421784,19.181950665421784,19.447759078906007,19.610196043994456,19.43456350782538,0.0,0.0,-250.0,-0.45696662569303714,-0.2242057128435578,-251.17286296206933,0.0,0.0,-250.00000223057026,-5.142059473530508,-5.147372129213672,-4.484588675359461,-0.2493461254812776,-0.25058887698334503,-0.2517042757250815
4.97,-0.004628864675811084,-0.007457368864440206,-0.004398825551293062,0.0011507794657416067,0.001878440833545213,0.0011211102165634142,0.003727,0.006,0.00398,19.181950665421784,19.181950665421784,19.181950665421784,19.44709915686179,19.6091188279773,19.433920585803858,0.0,0.0,-250.0,-0.455831159022035,-0.22360162515390297,-251.1699138678126,0.0,0.0,-250.00000223057026,-5.129950724696716,-5.135045422273842,-4.473775316589733,-0.24934879420360506,-0.2505885615738274,-0.25170096881159476
4.98,-0.004617372598227865,-0.0074386104342304415,-0.004387630144022603,0.001147922883990799,0.00187371929812553,0.001118257683358542,0.003727,0.006,0.00398,19.181950665421784,19.181950665421784,19.181950665421784,19.446440872947722,19.608044319552807,19.43327929961404,0.0,0.0,-250.0,-0.45469852199215266,-0.22299916209093915,-251.16697218675694,0.0,0.0,-250.00000223057026,-5.1178719375879,-5.1227497352305775,-4.462989570302301,-0.24935145609882406,-0.25058824685389786,-0.2516976703126798
4.99,-0.0046059090473452025,-0.007419899154805343,-0.0043764632223732836,0.0011450734107384024,0.0018690095049576788,0.0011154123672964251,0.003727,0.006,0.00398,19.181950665421784,19.181950665421784,19.181950665421784,19.44578422308605,19.606972511996403,19.432639645116694,0.0,0.0,-250.0,-0.45356870763836077,-0.22239831945575292,-251.164037900378,0.0,0.0,-250.00000223057026,-5.105823037920209,-5.110484990389969,-4.452231366440042,-0.24935411118340087,-0.2505879328143079,-0.25169438021522234
