Time,e1,e2,e3,edot1,edot2,edot3,mu1,mu2,mu3,SetAngle1,SetAngle2,SetAngle3,ActualAngle1,ActualAngle2,ActualAngle3,X0,Y0,Z0,Actual_X,Actual_Y,Actual_Z,X_Set,Y_Set,Z_Set,refCurr1,refCurr2,refCurr3,ActualCurr1,ActualCurr2,ActualCurr3
0.0,0.0,0.0,0.0,0.0,0.0,0.0,0.003727,0.006,0.00398,5.036570969495911,5.036570969495911,5.036570969495911,5.0368371913555094,5.0368371913555094,5.0368371913555094,0.0,0.0,-200.0,0.0,0.0,-200.00087761433926,0.0,-1.4389247772835927e-14,-200.00000245737616,-0.22997536201500873,-0.22997536201500882,-0.22997536201500882,-0.0069384076681152035,-0.006938407668115205,-0.006938407668115205
0.01,0.0034032140564896757,-0.006247654892993143,0.002150951959029479,-0.05075353611818383,-0.03776396378365573,-0.04827673916368083,0.003727,0.006,0.00398,5.247219307379915,4.691376566060815,5.174918573302326,5.055447520227748,5.051664226290878,5.0547256241170135,1.0052038177334992,0.7539623930011564,-200.0,0.0063666039995515,0.005409297372962195,-200.0571253049718,1.00520384499234,0.7539624134381809,-200.00000245717365,2.8330065329506864,-5.291842165303668,1.288730524589572,0.03693725412261778,-0.10714850859486157,0.00956936027852007
0.02,0.006311022938234975,-0.012728602082351964,0.003854550286283495,-0.10680591785572059,-0.057932371805240634,-0.09753541786511959,0.003727,0.006,0.00398,5.460378536878441,4.3488394023997134,5.315706477052744,5.105235430905241,5.081516859855916,5.100726955338461,2.009772727190782,1.5078057266002487,-200.0,0.03997670497854279,0.033914403586606294,-200.1948621897071,2.009772781722902,1.5078057674773382,-200.00000245656594,5.259476023271459,-10.241067563586235,2.3441144046534323,0.0612050712174041,-0.19697476681561035,0.012710266401655896
0.03,0.008683623679661773,-0.019271055145244784,0.005107966196158262,-0.1657477585298636,-0.06185335982949798,-0.14615346772688198,0.003727,0.006,0.00398,5.676003052889652,4.009146307840278,5.458790323058808,5.188306761877216,5.11681493400302,5.174772856389699,3.0130722211173087,2.2614109601960726,-200.0,0.12073454610746256,0.10226200774278862,-200.4058987744776,3.0130723029135775,2.2614110215083136,-200.00000245555296,7.043832359788776,-14.97701297542429,2.9578477845656495,0.07384626378095645,-0.2785689294498328,0.008619616088754407
0.04,0.010503044933599368,-0.02571767803123999,0.005922610327932995,-0.22545977388393257,-0.05106932767907285,-0.1927755021345954,0.003727,0.006,0.00398,5.894042355998261,3.6724786086539347,5.6040212254037085,5.305520316146911,5.148814691493217,5.27598403851067,4.014468594048596,3.0146590907861732,-200.0,0.2652604885028851,0.22429515283593932,-200.68064747658855,4.014468703076171,3.0146591725204455,-200.0000024541357,8.199244789138548,-19.412160695094986,3.1615803007046246,0.07569581000828164,-0.35090149415508287,-0.0017784748559066513
0.05,0.011771335012729714,-0.03192774531777588,0.0063223352173172875,-0.2840278500438724,-0.027311459598929,-0.23623775994305088,0.003727,0.006,0.00398,6.114441094965519,3.339011936356881,5.751245905772985,5.456595031743217,5.169728876656331,5.402775058525499,5.01332934257217,3.7674311717588025,-200.0,0.4868662017241014,0.41094699390559963,-201.00838872399177,5.013329478774573,3.767431273893956,-200.00000245231612,8.757238183820334,-23.473563424188555,2.9963776041693757,0.0678374688063948,-0.4132416210696548,-0.017457172423097685
0.06,0.012508270855839831,-0.03777871123926446,0.006341414806386544,-0.33978470971697483,0.007558420832418861,-0.2755861759692782,0.003727,0.006,0.00398,6.337139121143803,3.0089160541680413,5.900306840341558,5.6402436128704165,5.172813143671473,5.552971215301715,6.009023564830283,4.519608331675963,-200.0,0.7955913524518892,0.6702955538189689,-201.37755333930573,6.0090237281274455,4.519608454182631,-200.00000245009687,8.76455691810446,-27.103069983257626,2.510385261875216,0.051539103274938984,-0.4651443507883276,-0.0373314220010297
0.07,0.01274872424246229,-0.04316721286513713,0.006022392030824969,-0.39133822342853747,0.05160292964472437,-0.310085687295327,0.003727,0.006,0.00398,6.562071554691954,2.682354702132106,6.0510424173998185,5.854325047786842,5.152420244752753,5.723932516204158,7.000922359011042,5.271071793044591,-200.0,1.1982961424621656,1.007672275112971,-201.77602443351915,7.000922549299374,5.271071935885333,-200.00000244748162,8.279949404605215,-30.257243680845807,1.7565172420775486,0.028190534575401542,-0.5064335295328765,-0.0602994852253341
0.08,0.012539816177548124,-0.048009543830075434,0.005413879015059353,-0.4375869142032398,0.10286012929300495,-0.339221376815765,0.003727,0.006,0.00398,6.789168862434066,2.3594854613156016,6.203287105367272,6.096008546108003,5.104024140541208,5.912679905797851,7.988399220576281,6.021702891072894,-200.0,1.6988051387083964,1.4258180032356524,-202.1914570011691,7.9883994377288845,6.021703054202228,-200.00000244447483,7.370977253866253,-32.90699451817647,0.7902462951361112,-0.0007544953907052349,-0.5371810814465439,-0.08528039263216987
0.09,0.011937982451760143,-0.05224164365829867,0.004568387147051878,-0.47772363223829284,0.15938971439882899,-0.36269227327029635,0.003727,0.006,0.00398,7.018356947171468,2.040459637381497,6.356871630808168,6.361941905749626,5.024216655199747,6.116019377080271,8.970830437975247,6.771383092408901,-200.0,2.2980984921585983,1.9250806362744155,-202.611608944862,8.97083068184225,6.771383275773293,-200.0000024410819,6.110935219074272,-35.03694864404319,-0.33243953637478657,-0.03383109374166093,-0.5576832329984277,-0.1112464724411403
0.1,0.011006061711412551,-0.05581865387634076,0.0035402551710596863,-0.5112287076525324,0.21931386752864898,-0.38039878993308995,0.003727,0.006,0.00398,7.24955724822528,1.7254221637446323,6.51162316603308,6.648418006850283,4.910679637496005,6.3306601178295,9.947595486594192,7.5199940138582555,-200.0,2.9945465645029055,2.5036488040050973,-203.02467364058916,9.947595757002707,7.519994217396249,-200.0000024373091,4.575952096736595,-36.644581255606475,-1.5568643140007337,-0.06960992105465576,-0.5684342740003837,-0.13725040335313993
0.11,0.009810502935235083,-0.05871409599971279,0.0023837329642459326,-0.5378541208695182,0.2808524897346507,-0.39242489474388914,0.003727,0.006,0.00398,7.482686852955558,1.4145115244069772,6.667365525842117,6.951533969844358,4.762135799925178,6.5533234507002485,10.91807742069301,8.267417441078285,-200.0,3.7841832471955903,3.157815642153653,-203.41960169016377,10.918077717447753,8.26741766472062,-200.00000243316344,2.842328891677866,-37.73914249508445,-2.831240101063551,-0.10673732920728603,-0.570098436637363,-0.16244651602923976
0.12,0.008418773003915414,-0.06091872840827188,0.0011512673566723974,-0.5576003642526192,0.3423526918604946,-0.39901616632607534,0.003727,0.006,0.00398,7.717658618972239,1.1078596964699532,6.823919372938922,7.267338450803767,4.57828150817976,6.7808399767432705,11.881663263081396,9.013535347245424,-200.0,4.661012042843528,3.8822661163080685,-203.7863983630515,11.881663585964809,9.013535590915223,-200.00000242865272,0.9841586853294866,-38.34040959936127,-4.107969943279702,-0.14396866680528458,-0.5634804858757594,-0.1861063204040597
0.13,0.006897027996484034,-0.06243913943037249,-0.00010797531638068181,-0.5706877133490128,0.402312579586068,-0.40055490668441107,0.003727,0.006,0.00398,7.954381306723834,0.805592112220557,6.981102431522404,7.591963526226089,4.359704802436116,7.010233001365691,12.837744392288378,9.758229911693014,-200.0,5.6173375327703985,4.670380581313639,-204.11638344381782,12.8377447410611,9.758230175305792,-200.0000024237857,-0.9287376817420708,-38.47730219957659,-5.344669212237164,-0.18019467105296819,-0.5494956348985834,-0.20762845329371468
0.14,0.005308094783359418,-0.06329613297383711,-0.0013493268436054057,-0.577523593834784,0.45939947945367376,-0.3975334562839736,0.003727,0.006,0.00398,8.192759722120924,0.5078276405901394,7.138729708541907,7.921738594882805,4.107791869191963,7.238786984857043,13.785716926980683,10.501383538516563,-200.0,6.644113453019272,5.514546517830468,-204.40240168299076,13.785717301382022,10.501383821980424,-200.00000241857177,-2.8325353876272645,-38.18640071721805,-6.504907507985253,-0.21446101255447503,-0.5291394184012661,-0.22654341589438565
0.15,0.0037097930985335315,-0.06352296107758067,-0.0025335630062154058,-0.5786676359453166,0.5124628389791704,-0.3905267950512184,0.003727,0.006,0.00398,8.43269486882461,0.21467858769121062,7.296613722084711,8.253284657530859,3.8246250649806415,7.464100394335362,14.724982107387117,11.242878875143475,-200.0,7.731297504310501,6.406469847064226,-204.6389745944079,14.72498250713545,11.242879178359445,-200.00000241302095,-4.6707731623456015,-37.51040974692745,-7.558682213504646,-0.24598118409740616,-0.5034581647322641,-0.2425136012089705
0.16,0.002153613095926904,-0.06316345506419571,-0.0036275760860557116,-0.5747958677406165,0.5605420972278299,-0.3801654187992501,0.003727,0.006,0.00398,8.674084109803632,-0.07374928395311914,7.454564736350019,8.583588196607149,3.512875435353797,7.684122920973977,15.654946673488098,11.982598830864422,-200.0,8.868202435115336,7.337477037678109,-204.82238765766675,15.654947098281326,11.98259915372652,-200.00000240714414,-6.395357946700166,-36.49660874852293,-8.482641671154857,-0.2741430374051566,-0.4735206965535188,-0.255329198894241
0.17,0.0006837498032942202,-0.06227010374269025,-0.004604781668573782,-0.5666653273305241,0.6028698690842723,-0.3671093608496665,0.003727,0.006,0.00398,8.916821337739604,-0.3573567179571528,7.612391002651838,8.910054646803438,3.175692484701653,7.897177549650437,16.575023239731365,12.720426595323278,-200.0,10.043832985395198,8.298799485492355,-204.95071072108306,16.575023689247576,12.720426937718706,-200.00000240095295,-7.96720935307599,-35.19533106569696,-9.260080990466047,-0.29850938025466645,-0.44039185350484356,-0.26490061445333235
0.18,-0.0006635158873967428,-0.06090212347502311,-0.005445275345241918,-0.5550801857440314,0.6388708223741789,-0.3520240902908174,0.003727,0.006,0.00398,9.160797153836333,-0.6360509089483017,7.769899005884753,9.230542111164368,2.816593742087751,8.101968415602652,17.484630666037315,13.45624565696287,-200.0,11.247198993511748,9.281832403557734,-205.02375319386906,17.484631139935292,13.456246018772351,-200.0000023944594,-9.356556056256416,-33.658509230438796,-9.880736979981243,-0.3188131523967116,-0.4051083676171194,-0.2712480579503615
0.19,-0.0018601099025021273,-0.05912356096494126,-0.006135761419159863,-0.5408602775648725,0.6681566562009603,-0.3355588689955024,0.003727,0.006,0.00398,9.405899054567357,-0.9097454303947015,7.926893715880563,9.543376530442568,2.4393564399435954,8.297575746450581,18.38319442485951,14.189939821423481,-200.0,12.46759629376703,10.27836167854285,-205.04295912617133,18.383194922779346,14.189940202521472,-200.00000238767632,-10.54290552812392,-31.938319884880194,-10.340410927501757,-0.33494780006690605,-0.3686575350121612,-0.27448895178451144
0.2,-0.0028861594608060037,-0.057001465404456,-0.006669280698750252,-0.5248127441471852,0.6905176139469544,-0.31832799681569446,0.003727,0.006,0.00398,9.652011625875751,-1.1783601460769164,8.083178843080866,9.847349955606973,2.047913379012619,8.483439464593825,19.270146964068612,14.921393229891288,-200.0,13.694848839015306,11.280753741871532,-205.01125022218787,19.27014748563226,14.921393630146198,-200.00000238061688,-11.514717192206064,-30.085955800396462,-10.640449198970648,-0.34695356005217526,-0.33195902095068375,-0.2748237841120819
0.21,-0.0037297234845303784,-0.05460416215634124,-0.007044767932914808,-0.5077073099864775,0.7059109863987555,-0.3008952252535273,0.003727,0.006,0.00398,9.899016744321475,-1.441821105957255,8.238557097950352,10.141703908189077,1.6462547962632117,8.659333215219341,20.14492806543043,15.650490377393817,-200.0,14.919507597750096,12.282105340901722,-204.93282701928976,20.14492861024235,15.650490796668352,-200.000002373295,-12.26881660588684,-28.150545842226705,-10.787112081423338,-0.35500043833487577,-0.2958500168297634,-0.2725209994347402
0.22,-0.004386297339249445,-0.051999655491538344,-0.007266471465892849,-0.4902555403435961,0.714447079136473,-0.28376148022689013,0.003727,0.006,0.00398,10.146793784654198,-1.700060427255117,8.392830453557773,10.426100046643203,1.238337784417799,8.825330693238794,21.00698519845183,16.377116131039514,-200.0,16.13300400614432,13.276352024791844,-204.812939795276,21.006985766099714,16.37711656919093,-200.0000023657249,-12.809594218496082,-26.178236796255053,-10.790861079379104,-0.3593687185734337,-0.26107384547508045,-0.26790147427499494
0.23,-0.004858132891676442,-0.049254183077368716,-0.007343268391219432,-0.47309426963252116,0.7163731325229608,-0.26735590871020903,0.003727,0.006,0.00398,10.395219833274515,-1.9530161615839783,8.545800410756486,10.70058049667471,0.8280045345784057,8.981766175532986,21.855773869370765,17.101155748198565,-200.0,17.327757919293997,14.258336028989502,-204.65764123072015,21.85577445942623,17.10115620507893,-200.00000235792132,-13.148036259490802,-24.211444197088007,-10.665594046581226,-0.36042785700698143,-0.22827199298552317,-0.26132307593425325
0.24,-0.005153415967359881,-0.046430939979563955,-0.007287908017072076,-0.45677324651895695,0.7120556907234832,-0.25203015489937586,0.003727,0.006,0.00398,10.644169907031953,-2.2006321490475287,8.697268265403299,10.965520257966485,0.418910390329917,9.12919113197299,22.69075796507026,17.822494894622096,-200.0,18.497241948003154,15.223835917075894,-204.4735325284509,22.690758577089483,17.822495370078638,-200.00000234989943,-13.30063720102692,-22.28827305505358,-10.427856123080973,-0.3586146101778206,-0.1979794383103984,-0.2531657473099209
0.25,-0.005285343033285039,-0.0435889849685775,-0.007116214995899067,-0.44174691374297287,0.701961916508103,-0.2380556805478301,0.003727,0.006,0.00398,10.893517176796522,-2.442857860225583,8.847035377063689,11.221574077755886,0.014462416794145993,9.268328699971315,23.511410091698927,18.541019662496844,-200.0,19.636005675411475,16.169561716426468,-204.26751371171352,23.511410725223342,18.541020156372237,-200.0000023416746,-13.288243004608354,-20.44210395463375,-10.096052472814472,-0.35441120030279005,-0.1706230607957249,-0.2438175013938017
0.26,-0.00527113748190966,-0.04078233699419637,-0.006846281202983445,-0.42837012878789194,0.6866403397541954,-0.22562387147928104,0.003727,0.006,0.00398,11.143133195229495,-2.6796482270082125,8.99490343866262,11.469620092394516,-0.38223109362259594,9.40002767330883,24.317211907784216,19.256616588432568,-200.0,20.73966445609303,17.09312030146124,-204.04654735589742,24.317212562341304,19.25661710056529,-200.0000023332626,-13.13487215141939,-18.701335556513655,-9.689686316384877,-0.3483242529424268,-0.14652283427533597,-0.23366164609068604
0.27,-0.00513104341581036,-0.038059264908854334,-0.006497672552152389,-0.41689753606442825,0.6667015087216531,-0.21484861735623179,0.003727,0.006,0.00398,11.39288812817041,-2.910963463256697,9.1406747465528,11.71070239069898,-0.7684000300086347,9.525217486992762,25.107654451628022,19.9691726713792,-200.0,21.804858288480265,17.99295641213868,-203.81744323687178,25.10765512673187,19.96917320160381,-200.0000023246795,-12.866557544331938,-17.089271141531643,-9.228642792438425,-0.3408651476296477,-0.1258954651094497,-0.22306549431075987
0.28,-0.004887331492589075,-0.03546176898099286,-0.006090673583067779,-0.4074862226853919,0.6427989841347069,-0.20577101336926612,0.003727,0.006,0.00398,11.642650989049674,-3.136768876284662,9.284152470486932,11.945974457147328,-1.1416408958352313,9.644865485647843,25.882238462777774,20.678575390471025,-200.0,22.829186637334136,18.8682749589209,-203.58666947426374,25.88223915793005,20.678575938618483,-200.0000023159415,-12.510247113239455,-15.624134459538432,-8.732535852797652,-0.332532310514101,-0.10886010041222323,-0.21237074716443854
0.29,-0.004563347358797626,-0.03302524854491949,-0.005645589000505213,-0.4002012285657025,0.6156110773945331,-0.19836580911852078,0.003727,0.006,0.00398,11.892289875730734,-3.357034670159859,9.425140922996041,12.176645218602587,-1.4999346136233,9.759937552338526,26.640474697370063,21.38471272279504,-200.0,23.8111251127273,19.71895020021771,-203.3601938593024,26.64047541206039,21.384713288692968,-200.0000023070649,-12.092794751011656,-14.319198695925662,-8.22013181908382,-0.3237958556707729,-0.09544571979374979,-0.2018856710996222
0.3,-0.004182628653492421,-0.030778346373677254,-0.00518211753324388,-0.39502343775067,0.58582368704296,-0.19254921999975907,0.003727,0.006,0.00398,12.141672209181415,-3.571735741830248,9.563445827692934,12.403929155240151,-1.841654261741164,9.871362955781999,27.381884237147545,22.087473161080673,-200.0,24.749929649833703,20.545427044619775,-203.1433573005948,27.38188497085458,22.087473744553822,-200.0000022980664,-11.64006645376864,-13.183011709592753,-7.708859533349757,-0.31508485529636776,-0.08559982666252026,-0.1918791247409904
0.31,-0.003768111671945129,-0.028742957112307115,-0.004718809634341958,-0.39185935154437473,0.554114533610282,-0.18818771831579825,0.003727,0.006,0.00398,12.390664973371372,-3.7808514710735768,9.698874586037434,12.629001654762604,-2.165563486717232,9.980004053751122,28.10599879195397,22.786745731308063,-200.0,25.64553335198985,21.348619197538635,-202.94077977808857,28.105999544145867,22.786746332178513,-200.00000228896243,-11.17617960757344,-12.219700677504512,-7.214413356215092,-0.30677739479977406,-0.0791980704594002,-0.18257642983033043
0.32,-0.0033414437212408166,-0.02693438442726749,-0.004272616776011345,-0.3905522347973614,0.5211390342887121,-0.18510743360687076,0.003727,0.006,0.00398,12.639134955792004,-3.984365505262172,9.831236542118473,12.852960498705485,-2.4708064847067144,10.086631275320057,28.81236099551628,23.482420010232147,-200.0,26.498440530140957,22.129808210307615,-202.7562979116853,28.812361765651456,23.48242062831974,-200.00000227976966,-10.722886577495117,-11.429339753465255,-6.750451729374525,-0.2991934520843961,-0.07605445602639901,-0.1741570247195421
0.33,-0.0029224121390356017,-0.025361629448269696,-0.0038585364967064495,-0.390894133789311,0.4875179977416456,-0.18310381289046912,0.003727,0.006,0.00398,12.886948987995217,-4.182265539920499,9.96034324502741,13.076794080189673,-2.756890561374884,10.19190359987325,29.500524694326955,24.17438614281976,-200.0,27.309621760845587,22.890546763581,-202.59293224256209,29.500525481854833,24.174386777942143,-200.00000227050484,-10.299107378763924,-10.808365177094146,-6.328390735769047,-0.2925905352954959,-0.0759318277477295,-0.16675378977666772
0.34,-0.002528496040694911,-0.02402779161331716,-0.0034893540169455284,-0.3926382862050194,0.453827258057745,-0.18195122021837654,0.003727,0.006,0.00398,13.133974185550114,-4.374543096036228,10.086008708415159,13.301356672727607,-3.023662359901496,10.296354561070032,30.170055229444152,24.862534859597048,-200.0,28.08041304840992,23.632568780029143,-202.45288158462677,30.170056033805775,24.862535511570382,-200.00000226118428,-9.92061044488071,-10.350023339326528,-5.957289150224169,-0.2871619229427113,-0.07855235159176802,-0.16045389293482487
0.35,-0.002174542249006123,-0.02293056216611064,-0.00317547822125136,-0.39551147899711914,0.4205893075075841,-0.18141218979796817,0.003727,0.006,0.00398,13.380078186819444,-4.56119329506338,10.208049666846032,13.52735080759252,-3.2712788927730485,10.400383633020619,30.820529711031565,25.546757493904355,-200.0,28.81242145851603,24.357708255576433,-202.33754130635538,30.8205305316603,25.546758162543192,-200.00000225182464,-9.599835494412577,-10.04483853259915,-5.643818942944487,-0.283037276431503,-0.08360775562210239,-0.15530097116069164
0.36,-0.0018725626654395033,-0.02206279026733341,-0.0029248671599719778,-0.39922595631721186,0.3882669322072029,-0.18124608647385856,0.003727,0.006,0.00398,13.625129389963542,-4.742214632531924,10.3262858285794,13.7553165796114,-3.5001745263302557,10.504252706767426,31.451537285464756,26.22694599905597,-200.0,29.507438922881892,25.067828052910865,-202.2475421153746,31.451538121786935,26.226946684173814,-200.00000224244232,-9.345848321296467,-9.881088419169672,-5.392313121866788,-0.2802853384261268,-0.09076912727877995,-0.1512984401689231
0.37,-0.0016316466603504276,-0.02141310192109909,-0.0027430359958108552,-0.40349053475142915,0.3572588045328927,-0.18121697019344285,0.003727,0.006,0.00398,13.868997187585371,-4.91760875114951,10.440540124429393,13.985627493505145,-3.7110250504261835,10.608087239944435,32.06267939483506,26.902992965401936,-200.0,30.16736531784222,25.764759333339594,-202.18280580134044,32.06268024627057,26.90299366681153,-200.00000223305332,-9.164414029268505,-9.845276590914098,-5.204881199544756,-0.2789183910168628,-0.09969610252122511,-0.14841371021377264
0.38,-0.001457978964002099,-0.02096655262575367,-0.002633138530561213,-0.40802064422050704,0.3278969422671401,-0.18110050575063194,0.003727,0.006,0.00398,14.111552198438325,-5.087380214250785,10.550638952371475,14.218492289076154,-3.904709922486047,10.711881562550117,32.653570028687355,27.57479163728927,-200.0,30.79414140551635,26.45025182132366,-202.1426144092685,32.653570894650336,27.57479235480259,-200.0000022236738,-9.058172796236237,-9.922592934867815,-5.081581448573771,-0.27889812455928004,-0.11004531690270247,-0.14658307987480584
0.39,-0.0013549510770137774,-0.020705295766104123,-0.0025961121084726035,-0.41254707745822405,0.3004459076909113,-0.18068980420636105,0.003727,0.006,0.00398,14.352666495628103,-5.251536280416883,10.656412417581567,14.45396204612809,-4.0822737096855075,10.815507747645965,33.2238359678325,28.24223592991995,-200.0,31.38969179807842,27.125934700934067,-202.1256894315073,33.22383684773187,28.242236663348795,-200.0000022143195,-9.026900654536082,-10.097353838283368,-5.020638452461186,-0.28014255994581566,-0.12147802124005497,-0.14571708177377757
0.4,-0.0013233524079216963,-0.02060925019890815,-0.0026308748006920735,-0.41682329640401644,0.2751035905013687,-0.17980012657702524,0.003727,0.006,0.00398,14.592213830750078,-5.410086680052854,10.757694567611399,14.691941770000469,-4.244887669085669,10.918727407226301,33.773117020080605,28.90522044610292,-200.0,31.95587776158261,27.793287630747443,-202.1302777935114,33.773117913320576,28.905221195259024,-200.00000220500573,-9.067836950174499,-10.353415550268512,-5.018694238290051,-0.28253367224632064,-0.13366679441306456,-0.14570606325283314
0.41,-0.0013616261823730658,-0.02065675217059068,-0.0027345633143482095,-0.42063120776173524,0.2520033965242135,-0.17827242242468228,0.003727,0.006,0.00398,14.830069853416052,-5.563043394674568,10.854323622419075,14.932205595615173,-4.393812307647835,11.0212057495073,34.301066247746085,29.56364049289749,-200.0,32.49445941005759,28.453621126059694,-202.15424164408063,34.30106715372688,29.563641257592632,-200.00000219574778,-9.17606002376957,-10.674555254123067,-5.071081454616313,-0.28592538017716107,-0.14630131280876493,-0.14642580019877574
0.42,-0.001466174626234218,-0.020825178572729627,-0.0029028000124084186,-0.42378538028950985,0.23121764942783724,-0.17597571478454932,0.003727,0.006,0.00398,15.066112325637697,-5.710420439619831,10.946142198989081,15.174414720306544,-4.530361656261033,11.122527232808903,34.80735018678103,30.21739209814565,-200.0,33.00706664514114,29.108065386083872,-202.1951492282456,34.80735110489914,30.217392878192047,-200.00000218656038,-9.344893152606492,-11.044815588014435,-5.172107585394801,-0.29015159169113214,-0.15909315997524626,-0.14774296230129477
0.43,-0.0016316979575918267,-0.021091530517938384,-0.0031299777388629213,-0.42613573134048605,0.21276200453912159,-0.17280837751525313,0.003727,0.006,0.00398,15.300221330548249,-5.8522336508596515,11.032997530290567,15.41813718070771,-4.655869878169652,11.222212170848405,35.29164905739813,30.866372026890385,-200.0,33.49517806230284,29.75756653015432,-202.25036440895605,35.29164998704713,30.86637282210088,-200.00000217745807,-9.566323815275748,-11.448809475632709,-5.315340015038754,-0.29503402907928256,-0.1717796812063914,-0.14952027192557976
0.44,-0.0018515522687883035,-0.021432968243322886,-0.0034095517725321878,-0.42756875839819575,0.19660067176046403,-0.1686983809487314,0.003727,0.006,0.00398,15.532279474960257,-5.988500476547758,11.11474167833469,15.662868622995846,-4.77166071606422,11.31973368197806,35.75365696605055,31.510477797677744,-200.0,33.96010696246115,30.402889142556216,-202.31713270444234,35.75365790662127,31.510478607865856,-200.00000216845484,-9.831420793312436,-11.871983187512155,-5.493882823933473,-0.300389595360886,-0.18412690613713323,-0.1516212252981715
0.45,-0.002118112366271907,-0.02182729036464036,-0.0037343291303295056,-0.42800743186952495,0.18265224774868655,-0.16360260615966737,0.003727,0.006,0.00398,15.762172085274768,-6.1192397739071325,11.191231741104806,15.908053274622171,-4.879020166762491,11.414534427705803,36.19308209864079,32.1496076987398,-200.0,34.40299356869143,31.044624003005826,-202.39266201639705,36.19308304952204,32.149608523720076,-200.00000215956456,-10.130735413673975,-12.300836542408112,-5.70063743892866,-0.3060370855449229,-0.1959315781091903,-0.15391427271647098
0.46,-0.0024231269826303636,-0.022253352463413326,-0.004096746552070735,-0.427409897631248,0.1707959651441741,-0.1575053469976122,0.003727,0.006,0.00398,15.989787396274602,-6.244471612014103,11.262330053142394,16.15310440462187,-4.979172660580142,11.506042650563792,36.6096469048367,32.78366080405615,-200.0,34.8248025436416,31.683199892562012,-202.47419653618041,36.609647865415425,32.783661643644265,-200.0000021508001,-10.454675269449986,-12.72310007112137,-5.9285406308700725,-0.31180308985893845,-0.2070223422064427,-0.1562763829325549
0.47,-0.0027580553973152178,-0.02269142185127973,-0.0044891297671072194,-0.4257671615602227,0.16087817792999626,-0.15041613216811034,0.003727,0.006,0.00398,16.215016732355508,-6.364217081001494,11.327904379582716,16.397423653873275,-5.073260916430517,11.593687094782787,37.003088273378324,33.412536989291276,-200.0,35.22632492698942,32.318898407261685,-202.55908262877918,37.00308924304018,33.412537843304065,-200.00000214217437,-10.793840945137907,-13.127869797147204,-6.170774784072691,-0.317526979706127,-0.2172601545955033,-0.15859594475326966
0.48,-0.0031143763157542304,-0.02312346708851215,-0.004903928012071318,-0.4230999436308724,0.1527189161765929,-0.14236700724652768,0.003727,0.006,0.00398,16.43775468076842,-6.478498108164925,11.387828103440368,16.640418721415852,-5.162329545208143,11.676910472079758,37.37315769826448,34.03613694760539,-200.0,35.60818365745769,32.95187077909532,-202.64482580375056,37.373158676394084,34.03613781586115,-200.00000213369952,-11.13931853360896,-13.505701034493764,-6.420946807389824,-0.323064909561276,-0.2265379842790751,-0.16077498538326743
0.49,-0.003483861778913133,-0.02353338241210244,-0.005333919184832975,-0.41945489653879925,0.14611835975551407,-0.1334094188663145,0.003727,0.006,0.00398,16.657899256468557,-6.587337281418205,11.441980405953725,16.881519003481113,-5.247312384479014,11.75518121610102,37.71962143571458,34.65436220533605,-200.0,35.97084190506177,33.58215579154511,-202.72913818487086,37.719622421696,34.65436308765451,-200.0000021253874,-11.482922987054339,-13.848663258486633,-6.673233464361377,-0.3282928080623868,-0.23477988470940936,-0.16273070938133333
0.5,-0.0038588108304665747,-0.023907148635355757,-0.005772382432476575,-0.41490038384067596,0.1408630984154903,-0.12361084089364671,0.003727,0.006,0.00398,16.87535205819018,-6.690757680507776,11.490246439801435,17.120188893894603,-5.329023467902341,11.82800334984498,38.04226065180614,35.26711513754839,-200.0,36.314613511649526,34.20969798046686,-202.80997618110214,38.04226164502304,35.26711603375094,-200.00000211724907,-11.817389523729098,-14.150358666780631,-6.922492228271661,-0.333108368203792,-0.241939517048504,-0.1643963837198834
0.51,-0.004232239587506459,-0.02423293330406341,-0.006213236335770422,-0.4095220061011632,0.13673206430651266,-0.1130512757493854,0.003727,0.006,0.00398,17.090018415389107,-6.788782716359873,11.532517495009948,17.355938564060878,-5.408151463766585,11.894924368180337,38.340871560695035,35.874298983451126,-200.0,36.63967491731159,34.834365426333704,-202.88556833581174,38.34087256053114,35.87429989336083,-200.00000210929537,-12.136512354661178,-14.405907512651826,-7.164337980967161,-0.33743207898755206,-0.24799820932814812,-0.16572161289336532
0.52,-0.0045980261828788005,-0.02450113392818981,-0.006651142130606497,-0.4034180514477603,0.13350204208734018,-0.10181975381768515,0.003727,0.006,0.00398,17.301807525720676,-6.881435978899578,11.568691157373664,17.588332144449634,-5.485257358843986,11.955541110198757,38.61526555333096,36.475817861676326,-200.0,36.946078033355384,35.45596656649063,-202.95443358381408,38.61526655917017,36.47581878511795,-200.00000210153627,-12.435231847480352,-14.61190365988234,-7.395186943917369,-0.341207368535445,-0.2529626364892903,-0.16667206303122936
0.53,-0.004951010722509419,-0.024704368951556463,-0.007081572566300293,-0.3966950302732698,0.13095268070686106,-0.09001094079196872,0.003727,0.006,0.00398,17.510632582746442,-6.968741093646647,11.598671459212786,17.816993324534966,-5.560775116485999,12.009503661809791,38.865269316586954,37.071576785420056,-200.0,37.23376360620059,36.07426558180355,-203.01539037188036,38.8652703278137,37.07157772222019,-200.0000020939813,-12.709672866422641,-14.766344078625078,-7.612270135916363,-0.3443999510972588,-0.2568622054020444,-0.16722870539745796
0.54,-0.005287051889491967,-0.024837421778382454,-0.0075008480168413105,-0.3894634336473277,0.12887094942751195,-0.07772194758023233,0.003727,0.006,0.00398,17.716410893589366,-7.050721587361028,11.622369022294725,18.041608472273342,-5.635015001297376,12.05651738632808,39.09072494272774,37.66148167744203,-200.0,37.502574698181654,36.68899603673398,-203.0675572936296,39.090725958727205,37.66148262742909,-200.00000208663946,-12.957138387484779,-14.868536176676551,-7.813619381679668,-0.34699648739711997,-0.2597462266302493,-0.16738665750557163
0.55,-0.005603043098914906,-0.024897143651268883,-0.00790614231670031,-0.38183383235458124,0.12705499834132217,-0.0650494207454282,0.003727,0.006,0.00398,17.919063986284982,-7.12740076297859,11.639701192746442,18.26192744581687,-5.708169236444777,12.096343228862244,39.291490029147546,38.24543938492138,-200.0,37.75226998865082,37.299872571437874,-203.11034605084114,39.291491049305826,38.24544034792564,-200.00000207951916,-13.176063566058362,-14.918986944319652,-7.998029444414271,-0.34900267931334905,-0.2616809510608172,-0.1671537044713729
0.56,-0.0058968921443584565,-0.024882321479773817,-0.008295461477351412,-0.3739134093833099,0.1253174002563034,-0.052086974087077124,0.003727,0.006,0.00398,18.11851770660423,-7.19880158404774,11.650592167784769,18.47776232821425,-5.7803196431218336,12.128796478539169,39.467437768314724,38.82335769416666,-200.0,37.98253667021077,37.906600555370304,-203.14344767805238,39.46743879201904,38.82335867002029,-200.00000207262804,-13.36593622271417,-14.919277888693273,-8.16500022522099,-0.35044092614175343,-0.2627465447328347,-0.1665485844015995
0.57,-0.006167469069524367,-0.0247935168638109,-0.008667598950578587,-0.36580299409699907,0.12348776619556219,-0.03892300452182653,0.003727,0.006,0.00398,18.314702304152064,-7.264946568847907,11.65497311409179,18.68898435987993,-5.851446904222676,12.153744200814902,39.61845702786605,39.39514534517738,-200.0,38.19300277900114,38.50888371098385,-203.16681305495405,39.6184580545049,39.3951463337144,-200.00000206597335,-13.527190213411822,-14.871929652249877,-8.314663170829624,-0.35134767096243674,-0.2630340694466779,-0.16559911989405382
0.58,-0.0064145275464076446,-0.024632882555284702,-0.009022071442388868,-0.35759464209932845,0.12141474069336763,-0.025638918471680004,0.003727,0.006,0.00398,18.50755250757573,-7.325857694343046,11.652782277660789,18.89551937365351,-5.921441095085293,12.171101570507066,39.744452420800336,39.96071204605509,-200.0,38.383248853760364,39.10642980101037,-203.18062878201542,39.7444534497637,39.96071304711127,-200.00000205956158,-13.661078375282486,-14.780260057295886,-8.447696071633516,-0.35177056236994614,-0.26264253019030365,-0.16434027349083097
0.59,-0.006638605352793647,-0.024403962469537147,-0.009359039454717999,-0.34936978171349414,0.1189673954734214,-0.012307779018292189,0.003727,0.006,0.00398,18.697007588746235,-7.381556310095689,11.643965084937731,19.097342053827198,-5.990113132393681,12.18082734520933,39.8453443657269,40.519968487261465,-200.0,38.552818865303124,39.69895454183172,-203.1852895106505,39.84534539640628,40.51996950067448,-200.00000205339862,-13.769531708919237,-14.648239103851555,-8.565230331076382,-0.3517655496059082,-0.2616760432725269,-0.16281219860644316
0.6,-0.006840909631647463,-0.024111481111231348,-0.009679216753454678,-0.3411979266865261,0.11603605087491446,0.001006630458126066,0.003727,0.006,0.00398,18.883011415806344,-7.432063062241707,11.628474235081207,19.294469344484323,-6.057206807059702,12.182918719145306,39.921069137130864,41.07282635572132,-200.0,38.70123039588938,40.28618395768917,-203.18136780286378,39.92107016891954,41.0728273813306,-200.00000204748986,-13.855011200467825,-14.480344180842849,-8.66875456484268,-0.3513940186058613,-0.2602411714880311,-0.1610583494989465
0.61,-0.007023192503890385,-0.02376112793368186,-0.009983772846528044,-0.333135935719837,0.11253256350663632,0.014250343246197863,0.003727,0.006,0.00398,19.065512495009557,-7.477397827600327,11.606269783162597,19.486953325084095,-6.122411087194944,12.17740579021827,39.971578905623566,41.61919834876829,-200.0,38.827984076844714,40.867855425853534,-203.16958255035578,39.97157993791662,41.619199386414834,-200.0000020418398,-13.920358234725756,-14.281418441056486,-8.760018065383823,-0.35072006334411404,-0.25844446483871436,-0.15912370471473034
0.62,-0.007187622319459797,-0.023359341723144578,-0.010274232323552762,-0.32522778311081535,0.10839012604548005,0.027379374819606495,0.003727,0.006,0.00398,19.244464001304575,-7.5175796579703835,11.57731921412662,19.67487385391882,-6.185372402169498,12.16434585909466,39.99684176815264,42.158998187930955,-200.0,38.932572313164854,41.443717682009954,-203.15076691384965,39.99684280034699,42.15899923745755,-200.00000203645254,-13.968648940612107,-14.05653494864821,-8.840937266297408,-0.3498079718641793,-0.2563902374774012,-0.15705314855654628
0.63,-0.0073366553978626015,-0.022913099606890905,-0.010552374579195306,-0.3175047914294737,0.10356263086974934,0.04035955360091095,0.003727,0.006,0.00398,19.419823797650253,-7.552626734640195,11.541597507331442,19.858331254503724,-6.245706647281358,12.14381775979951,39.99684176815264,42.69214063255712,-200.0,39.014487336400116,42.013530059271815,-203.12583665463285,39.99684279964726,42.69214169380795,-200.00000203133158,-14.003057081174356,-13.81086884441614,-8.913507884089997,-0.3487199902394977,-0.25417860378831936,-0.15489004491069516
0.64,-0.007472912559078837,-0.022429714742436768,-0.010820137037341693,-0.30998626688612885,0.09802365337353458,0.0531660602793154,0.003727,0.006,0.00398,19.591554443077513,-7.582556333116533,11.499087191486451,20.03743928788753,-6.30301067979035,12.115916397725107,39.971578905623566,43.218541493274415,-200.0,39.07322863278156,42.5770612251998,-203.09575962687018,39.971579935819555,43.21854256609521,-200.0000020264796,-14.02672929041655,-13.549579398312087,-8.979724923259683,-0.3475144111099464,-0.2519037890256277,-0.15267502759712312
0.65,-0.007599064109812315,-0.021916646170875145,-0.011079524533704255,-0.3026804708901046,0.09176511341472837,0.06578272347111416,0.003727,0.006,0.00398,19.75962318954377,-7.607384798056414,11.449778389805761,20.21231861707677,-6.3568731101013345,12.080747644385063,39.921069137130864,43.738117645284696,-200.0,39.10830979339268,43.13408766111355,-203.06152708593453,39.92107016543141,43.73811872952253,-200.00000202189878,-14.042675606082248,-13.277703439899415,-9.041512224370003,-0.3462440170190729,-0.249652722830586,-0.1504450216036314
0.66,-0.007717726259380997,-0.021381323724896303,-0.011332527021519767,-0.2955858571678441,0.08479567449703214,0.07820112195915534,0.003727,0.006,0.00398,19.924001967657112,-7.627127528364423,11.393668855196143,20.383090930004112,-6.406884225858214,12.038423709871777,39.8453443657269,44.25078704149043,-200.0,39.11926482837942,43.684392099202555,-203.02412734938545,39.8453453915374,44.25078813699352,-200.00000201759065,-14.053677385872671,-13.000061284050442,-9.100662731972378,-0.34495489309330174,-0.24750391735397864,-0.14823250041046437
0.67,-0.00783137122339006,-0.02083099028577072,-0.011581047258051286,-0.28869250252047396,0.07713894008624195,0.09041954430755393,0.003727,0.006,0.00398,20.084667361375782,-7.641798972398589,11.330763995298827,20.549873846408577,-6.452644920837757,11.989059084908504,39.744452420800336,44.75646872545093,-200.0,39.10565397895062,44.22776209792092,-202.9845222274463,39.7444534435286,44.75646983206867,-200.0000020135561,-14.062213855809283,-12.721175908540149,-9.1587901757713,-0.34368560913314034,-0.24552662571641787,-0.14606497632896254
0.68,-0.007942252558720886,-0.02027256309607159,-0.011826839626525476,-0.28198366059680924,0.06883150504054113,0.10244185551229491,0.003727,0.006,0.00398,20.241600571819035,-7.651412633207337,11.261076887207725,20.712776693170138,-6.493774534084954,11.932767115640175,39.61845702786605,45.255082844166225,-200.0,39.06706905046717,44.76398889727978,-202.9436265225462,39.61845804692209,45.25508396174906,-200.0000020097955,-14.07040775046125,-12.445205798711605,-9.217292407733396,-0.3424667583033827,-0.24378027121554302,-0.1439647135366996
0.69,-0.008052346584498049,-0.019712515267715905,-0.012071460764697756,-0.2754373716178662,0.05992091763425882,0.1142763177432521,0.003727,0.006,0.00398,20.39478737035335,-7.655981083701574,11.184628281689436,20.87189719341544,-6.529917537062222,11.869657246767716,39.467437768314724,45.746550660686864,-200.0,39.00313827841281,45.292866655187744,-202.9022907857715,39.467438783111014,45.74655178908604,-200.00000200630845,-14.079989787829707,-12.175891557390308,-9.277326230831237,-0.34132082859662405,-0.2423141330848747,-0.1419486474105333
0.7,-0.008163310101182097,-0.019156778087930176,-0.012316232220732859,-0.2690280664492106,0.05046360422533632,0.12593440840707315,0.003727,0.006,0.00398,20.544218041146383,-7.655515991646643,11.10144659673561,21.02731907824905,-6.56074903713048,11.799832943049287,39.291490029147546,46.230794566547345,-200.0,38.91353072755326,45.814192125950484,-202.8612874143908,39.291491039099064,46.230795705614824,-200.00000200309407,-14.092281093902278,-11.91651608986947,-9.339793199978761,-0.3402623742824553,-0.2411672707511671,-0.14002848890252337
0.71,-0.008276454040683667,-0.01861066422745737,-0.01256221495033269,-0.2627281103872412,0.040522804415736684,0.13742967397363154,0.003727,0.006,0.00398,20.689887313408217,-7.650028154340506,11.011567900284296,21.17911059720969,-6.585979093966923,11.723390276171369,39.09072494272774,46.7077380940214,-200.0,38.79796021406159,46.3277648041627,-202.82130008084812,39.09072594725206,46.70773924360967,-200.00000200015083,-14.108192165358892,-11.669877917192906,-9.40533557813338,-0.339298447733676,-0.24036866543212598,-0.13821098909317625
0.72,-0.008392732177269047,-0.018078811502543146,-0.012810195114180356,-0.2565092401037168,0.030166559741106626,0.1487766525236961,0.003727,0.006,0.00398,20.83179428356573,-7.639527542826207,10.915035881954584,21.32732387521828,-6.6053558711696025,11.640417143985688,38.86526931658696,47.177305928197136,-200.0,38.65618873159794,46.83338752292444,-202.78291640107335,38.86527031510416,47.17730708815921,-200.0000019974767,-14.128236540712134,-11.438276948180281,-9.474341393654568,-0.3384292473426136,-0.23993755555378268,-0.13649833666728756
0.73,-0.008512743610956719,-0.017565146440215826,-0.01306068033735941,-0.2503438559831114,0.019465793660224707,0.15998989204762293,0.003727,0.006,0.00398,20.96994232764126,-7.62402335546876,10.811901813648742,21.47199504036275,-6.618667668011464,11.550993072418917,38.61526555333096,47.639423918870115,-200.0,38.488029355887214,47.330867465679695,-202.7466236794107,38.615266545263964,47.63942508905916,-200.00000199506886,-14.152557042836394,-11.22351185277201,-9.546957369656727,-0.33764893463299384,-0.23988394081878725,-0.1348886598308594
0.74,-0.0086367474070701,-0.017072866548763693,-0.013313905355565203,-0.2442061412111465,0.00849251505090076,0.1710830853954453,0.003727,0.006,0.00398,21.104339004131212,-7.603524080708058,10.702224498886745,21.61314502861761,-6.625743895884542,11.455189537154302,38.340871560695035,48.094019092252594,-200.0,38.29334859865804,47.820017526755784,-202.71280750925135,38.34087254546944,48.09402027252197,-200.00000199292427,-14.180962257644797,-11.026888026541634,-9.623108381064808,-0.3369465729956515,-0.24020922878345952,-0.13337660403258494
0.75,-0.008764687539040583,-0.01660443990431107,-0.013569845797385238,-0.23807298808077812,-0.0026818282955576225,0.18206833666829847,0.003727,0.006,0.00398,21.23499594770325,-7.578037568782286,10.586070210751831,21.750780958585352,-6.626455080303226,11.353070732489863,38.042260651806146,48.54101966249685,-200.0,38.072068181120954,48.30065793733586,-202.68175296250328,38.04226162885048,48.5410208526998,-200.00000199103897,-14.21297081932637,-10.849235018134733,-9.702522037253893,-0.33630714154013636,-0.24090699745176888,-0.13195395765344273
0.76,-0.00889622613451152,-0.016161620430693108,-0.013828238736454584,-0.2319247207627069,-0.0139878254172048,0.1929555679448754,0.003727,0.006,0.00398,21.361928754052727,-7.547571112197527,10.46351261834037,21.884897961444434,-6.620711982379069,11.244694708512405,37.71962143571458,48.98035504303104,-200.0,37.824166199519304,48.77261806127068,-202.6536480669585,37.71962240446041,48.98035624302059,-200.00000198940873,-14.247861073640422,-10.690932206739657,-9.784756982995141,-0.3357125801262325,-0.24196384760909842,-0.13061029945117544
0.77,-0.009030782962519357,-0.015745477072914793,-0.014088608588751994,-0.22574561197475881,-0.025359392014270937,0.20375206972079835,0.003727,0.006,0.00398,21.485156856279755,-7.512131534701863,10.334632701627116,22.015481348205913,-6.608463943477687,11.130114794703713,37.373157698264485,49.41195585770565,-200.0,37.54967766056008,49.23573825873934,-202.62858924777913,37.373158658146345,49.41195706733458,-200.00000198802869,-14.284723776519746,-10.551941463814485,-9.86923355207274,-0.3351428254616287,-0.24336031933445207,-0.129333643844923
0.78,-0.009167579114856883,-0.015356434942584082,-0.014350296924172001,-0.21952419836107015,-0.03673486461956986,0.21446219343860795,0.003727,0.006,0.00398,21.604703393167565,-7.471725288503902,10.199518654675721,22.142508997695952,-6.589696563426706,11.009381228046085,37.003088273378324,49.83575395174876,-200.0,37.24869437244649,49.68987171497977,-202.60658839690515,37.00308922383413,49.83575517086914,-200.0000019868934,-14.322515643128362,-10.431845510032272,-9.955265489745164,-0.334576802950545,-0.2450718482786298,-0.1281110629495999
0.79,-0.009305682918567149,-0.014994326444092917,-0.014612494801990866,-0.21325340579227017,-0.048057894432609216,0.22508718010481563,0.003727,0.006,0.00398,21.720595069761107,-7.426358559457403,10.058265777146204,22.265953853864247,-6.564428826325083,10.88254290628271,36.6096469048367,50.25168240252851,-200.0,36.921364187383226,50.13488613562615,-202.58758123120694,36.60964784530768,50.25168363099174,-200.00000198599707,-14.360111778874057,-10.329890682324013,-10.042091574887216,-0.3339933444750959,-0.24706973881021327,-0.12692926746581565
0.8,-0.009444056258494093,-0.014658450369378004,-0.01487427632035851,-0.20693050110782016,-0.05927814082699475,0.2356251152996707,0.003727,0.006,0.00398,21.832862010660847,-7.3760373799155134,9.9109763540747,22.385786429466922,-6.53270978892011,10.749649191832747,36.19308209864078,50.65967553012091,-200.0,36.567889603306426,50.57066521895862,-202.57143660562497,36.19308302857165,50.6596767677776,-200.0000019853332,-14.396355284593017,-10.245032854307919,-10.12890611266279,-0.33337200821656215,-0.24932213294354597,-0.12577513195328166
0.81,-0.00958159967756822,-0.014347636972502908,-0.01513463218332789,-0.2005568909774441,-0.07035176876738741,0.24607099792616358,0.003727,0.006,0.00398,21.94153760646266,-7.320767748939195,9.757759523926692,22.501977224234437,-6.4946149449187205,10.610751698548098,35.753656966050556,51.05966890768151,-200.0,36.18852574562047,50.99710982783012,-202.55796646025283,35.75365788488982,51.05967015438118,-200.0000019848951,-14.430102619017072,-10.17598530343713,-10.214887426416164,-0.3326937827201637,-0.25179495600748375,-0.12463615352479113
0.82,-0.00971719484642608,-0.014060317098259778,-0.015392502227777383,-0.19413779154325256,-0.08124175809675349,0.25641690783012244,0.003727,0.006,0.00398,22.046658353787752,-7.260555759526096,9.598731134952711,22.614498978642132,-6.4502423747638975,10.465906001604532,35.29164905739814,51.45159937161913,-200.0,35.783577763287866,51.414138799348684,-202.54693609919903,35.29164996459822,51.451600627210105,-200.00000198467535,-14.460263609205006,-10.121267386954512,-10.29922364588004,-0.3319416634434876,-0.25445282222914417,-0.12350083646886295
0.83,-0.009849743241399034,-0.013794593536262806,-0.01564680600947782,-0.18768179434315288,-0.09191803584732709,0.2666522559403871,0.003727,0.006,0.00398,22.148263689359098,-7.19540773250667,9.434013589905998,22.72332869868971,-6.399708784634269,10.315173219920716,34.80735018678103,51.83540503157012,-200.0,35.35339768708747,51.82168934768358,-202.53807452300683,34.8073510817984,51.83540629589935,-200.0000019846664,-14.485835311190755,-10.079252973222781,-10.38113526098275,-0.33110109579875646,-0.2572598857340984,-0.12235899863111363
0.84,-0.009978200129736436,-0.013548312898221254,-0.015896470715389355,-0.18120035477196347,-0.1023574453748148,0.27676409979203515,0.003727,0.006,0.00398,22.24639581859179,-7.125330356735648,9.263735679213472,22.828449402031286,-6.34314553102622,10.158621430187848,34.301066247746085,52.21102528017154,-200.0,34.8983808106192,52.21971703375379,-202.53108456431013,34.30106713004154,52.211026553084544,-200.00000198486003,-14.505929227357308,-10.048217672269038,-10.45989408038277,-0.3301602840316123,-0.2601806248507265,-0.1212019984651154
0.85,-0.010101603222825384,-0.013319136465720888,-0.016140455841333168,-0.17470722910254324,-0.1125435682136558,0.2867375071529597,0.003727,0.006,0.00398,22.34109953917351,-7.05033083518728,9.088032402725693,22.929851550793316,-6.2806947185672515,9.996326881489926,33.773117020080605,52.57840080263181,-200.0,34.41896166613025,52.60819529418659,-202.5256526072256,33.773117889119526,52.57840208397242,-200.00000198524768,-14.51979167420937,-10.026384016525085,-10.534838395980284,-0.3291103700362614,-0.2631805500019841,-0.12002288442773397
0.86,-0.010219095612822526,-0.01310460862350539,-0.016377774244421578,-0.1682178849827251,-0.12246641611246631,0.2965559509064652,0.003727,0.006,0.00398,22.432422060119777,-6.970417036543381,8.907044780207219,23.027534150948807,-6.212505448997139,9.828374989256584,33.22383596783251,52.9374735860972,-200.0,33.91560967697125,52.98711454001333,-202.52145770370979,33.22383682308518,52.93747487570751,-200.0000019858207,-14.526817356154677,-10.01196385696959,-10.605384304578402,-0.3279454902865497,-0.2662268278293343,-0.11881647078663851
0.87,-0.010329942847578044,-0.012902221673669112,-0.01660750934270916,-0.16174890847978785,-0.13212201175443908,0.3062017192707842,0.003727,0.006,0.00398,22.520412816794494,-6.885597651843923,8.720919650766769,23.121505511732906,-6.138730288839786,9.654861096616333,32.65357002868736,53.28818692881267,-200.0,33.38882457605455,53.35648085237481,-202.51817993382062,32.65357086962916,53.288188226532725,-200.0000019865695,-14.526556431377404,-10.003197358496232,-10.671033271989938,-0.3266627223988703,-0.2692888164819613,-0.11757934589088052
0.88,-0.010433544216382595,-0.012709476014333101,-0.01682882838598629,-0.15531742830843767,-0.14151187722755187,0.31565632677415845,0.003727,0.006,0.00398,22.605123282391773,-6.795882355749623,8.529809461465325,23.211783670918376,-6.0595220124581735,9.47589099985608,32.06267939483506,53.63048544907583,-200.0,32.8391316847791,53.71631431743169,-202.51550789064618,32.06268022094671,53.63048675474372,-200.0000019874848,-14.518715550366586,-9.998388098791294,-10.73137614059138,-0.32526193540242093,-0.2723385091852381,-0.11630982051083251
0.89,-0.010529438509849831,-0.012523934857662539,-0.01704099185784344,-0.14894057500104171,-0.15064244942118926,0.32490091306154456,0.003727,0.006,0.00398,22.68660677637823,-6.701281971947121,8.333872045381389,23.298396502536878,-5.9750306662020956,9.291581242441433,31.45153728546476,53.96431509398226,-200.0,32.26707714930556,54.06664705522225,-202.51314520381106,31.45153809623284,53.964316407433834,-200.00000198855665,-14.503153503474158,-9.99593389496388,-10.786093876837558,-0.32374555957396134,-0.27535088524756796,-0.11500782497688913
0.9,-0.010617304677538242,-0.012343272852194817,-0.017243359187433388,-0.14263498960917856,-0.15952444123187118,0.33391661849592563,0.003727,0.006,0.00398,22.76491827039742,-6.601808642206962,8.133270389453575,23.38138153263551,-5.8854009884644345,9.102059188762075,30.82052971103157,54.28962314796117,-200.0,31.67322323073548,54.40752100701752,-202.51081604725292,30.820530505948675,54.28962446903002,-200.00000198977494,-14.47987222992598,-9.994353099414464,-10.834955429744893,-0.32211829272227566,-0.27830416954840387,-0.1136747645500332
0.91,-0.010696957934602735,-0.012165318159634203,-0.017435391047902288,-0.13641639320609905,-0.16817216680783706,0.3426849275461406,0.003727,0.006,0.00398,22.84011419213893,-6.497475998586057,7.9281723924637095,23.460785495784254,-5.790770209872087,8.907462894338968,30.17005522944416,54.60635824109974,-200.0,31.05814374269499,54.73898555257124,-202.5082696067637,30.170056008009386,54.60635956961695,-200.00000199112932,-14.449004017464562,-9.992306219016807,-10.877813124707265,-0.3203867601321874,-0.28118000325415143,-0.11231334276481532
0.92,-0.010768341963075356,-0.011988087713155238,-0.01761664859631995,-0.13029922512235734,-0.17660284809930055,0.3511879730418246,0.003727,0.006,0.00398,22.912252227674426,-6.3882993382461395,7.71875061356654,23.536663670262346,-5.691266247739469,8.70794079361415,29.500524694326955,54.914470357255055,-200.0,30.422419724184028,55.06109503245382,-202.50528351011752,29.50052545604616,54.91447169304921,-200.00000199260919,-14.410795761014423,-9.98861281783164,-10.914596049892937,-0.3185591450664422,-0.28396353001562535,-0.11092736243128948
0.93,-0.01083151791479331,-0.011809815550085659,-0.017786790066935093,-0.12429635460946899,-0.1848359187585101,0.3594087964493766,0.003727,0.006,0.00398,22.98139112276117,-6.274295800342124,7.50518201181546,23.609079033184198,-5.587006299465005,8.50365122963446,28.81236099551627,55.21391084195222,-200.0,29.76663542755499,55.3739062514427,-202.50166624704661,28.812361739902553,55.21391218484934,-200.00000199420376,-14.365591153309076,-9.982263761796293,-10.94530190611772,-0.3166448058586805,-0.2866434032014369,-0.10952151361011221
0.94,-0.01088665095308533,-0.011628974264216468,-0.01794556516623466,-0.11841886759011047,-0.19289234000153246,0.36733156131470673,0.003727,0.006,0.00398,23.04759048361095,-6.155484544414806,7.287647677177162,23.678101278374655,-5.4780958308841035,8.294761851970534,28.10599879195397,55.50463241006748,-200.0,29.091374691438897,55.67747603687228,-202.49725862758515,28.10599951852799,55.504633759890844,-200.00000199590215,-14.313811654052035,-9.972428952820307,-10.969987787234235,-0.31465389430502205,-0.28921172080715757,-0.10810115723195768
0.95,-0.010933995071578273,-0.01144428976016948,-0.018092807735744537,-0.11267592740074173,-0.20079394145114265,0.37494171887270544,0.003727,0.006,0.00398,23.110910577618466,-6.0318869297057125,7.066332553571216,23.743805739715214,-5.364627947807489,8.081448910150524,27.381884237147553,55.78658915329508,-200.0,28.397217756720135,55.97185892118748,-202.4919343451841,27.381884945438152,55.786590509865164,-200.00000199769312,-14.255937031312678,-9.95846077850185,-10.988760338853604,-0.3125969883727183,-0.29166389554915373,-0.10667211217136278
0.96,-0.01097387690409135,-0.011254749612829462,-0.018228427148414536,-0.10707470602717419,-0.2085627982746997,0.38222612649454063,0.003727,0.006,0.00398,23.17141213453824,-5.9035266947941105,6.841425154512873,23.80627226114452,-5.246683132145699,7.863896469830332,26.640474697370067,56.059736547396724,-200.0,27.684738570690325,56.257105011041276,-202.48559972540502,26.640475386914453,56.05973791053116,-200.00000199956574,-14.192486194308465,-9.939893571454668,-11.00176571103149,-0.3104847502924827,-0.293998468303614,-0.10524045255944277
0.97,-0.011006679193287183,-0.011059605438009129,-0.01835239888880183,-0.10162038031969914,-0.21622065415720307,0.38917312109771773,0.003727,0.006,0.00398,23.229156148593088,-5.770430136941207,6.613117271979167,23.865584051724642,-5.124329318196669,7.64229557798644,25.88223846277778,56.324031459232444,-200.0,26.954502610734263,56.53325809654326,-202.47819275193606,25.882239133122194,56.324032828746,-200.00000200150856,-14.123998945552744,-9.916439428552916,-11.009179677946493,-0.3083276189833243,-0.29621687349161807,-0.10381232098213339
0.98,-0.011032824521599593,-0.010858369765741643,-0.018464754738454298,-0.0963161860776276,-0.2237883978495128,0.3957725508569807,0.003727,0.006,0.00398,23.284203681990302,-5.6326262905105695,6.381603679157746,23.921826560413265,-4.997622279877497,7.416843401737876,25.107654451628022,56.579432153571865,-200.0,26.20706524477814,56.80035404414352,-202.46968146921847,25.10765510232799,56.57943352927628,-200.0000020035104,-14.051019177584399,-9.887980784967725,-11.011198247240777,-0.30613554356793676,-0.29832316524608743,-0.10239376201267064
0.99,-0.011052759830205372,-0.01065080797491573,-0.018565572948337564,-0.09116352172161282,-0.23128559924306571,0.40201576951378726,0.003727,0.006,0.00398,23.336615670313684,-5.490147103821276,6.147081827777221,23.97508640065429,-4.86660629591397,7.187742363123236,24.317211907784223,56.82589829968465,-200.0,25.4429706316987,57.058419505604505,-202.46006186529982,24.317212538405265,56.82589968138871,-200.00000200555994,-13.974079930052032,-9.85456017075067,-11.00802902610744,-0.3039177625568483,-0.30032371323894064,-0.10099057931458578
1.0,-0.01106694216465498,-0.01043692589761433,-0.018654968732483013,-0.0861620925185543,-0.23873010917952317,0.407895598285275,0.003727,0.006,0.00398,23.38645273025109,-5.343027613777144,5.909751540752825,24.02545034985657,-4.7313150572433855,6.955199289423709,23.51141009169893,57.06339097770921,-200.0,24.66275115138231,57.30747096402902,-202.44935533985637,23.511410701816974,57.063392365218704,-200.00000200764586,-13.893690611344466,-9.816367599097081,-10.99988355294994,-0.3016826311856655,-0.3022268769088472,-0.0996082183688418
1.01,-0.011075825993324517,-0.010216953734188544,-0.018733085363721827,-0.08131008596703505,-0.24613772553671084,0.4134062608262363,0.003727,0.006,0.00398,23.43377497010703,-5.191306117605539,5.669814700916196,24.073004443504942,-4.591772779099371,6.719424595579026,22.690757965070254,57.29187268479858,-200.0,23.866927341509324,57.547514126432574,-202.43760586095732,22.690758554271977,57.291874077916226,-200.00000200975714,-13.810326579404938,-9.773726045810681,-10.986970744699384,-0.2994374974451608,-0.304042666529315,-0.09825167576047016
1.02,-0.011079852350859176,-0.009991326936652223,-0.01880008609593871,-0.07660436895866765,-0.25352192656678935,0.4185432969131723,0.003727,0.006,0.00398,23.478641803540036,-5.035024341030345,5.4274749366280925,24.11783317825501,-4.447995479379102,6.480631512028898,21.85577386937077,57.51130734104255,-200.0,23.05600830675507,57.778543661272195,-202.4248769103778,21.855774437254407,57.51130873956804,-200.00000201188251,-13.724421172383359,-9.72707547950468,-10.969491552791903,-0.2971886255988719,-0.3057823991107655,-0.09692543493875086
1.03,-0.01107943996669647,-0.009760664719572959,-0.018856147079930358,-0.07204069766101907,-0.26089367102034244,0.4233034605180122,0.003727,0.006,0.00398,23.521111766953116,-4.8742276021963304,5.182937305101242,24.16001883309643,-4.29999238487673,6.23903536805632,21.006985198451822,57.72166029516516,-200.0,22.23049255621476,58.00054326903997,-202.41124831148076,21.006985744627293,57.72166169889524,-200.00000201401102,-13.636360184399154,-9.676955892551453,-10.947634867064448,-0.2949411644762247,-0.30745835655915144,-0.0956334274625622
1.04,-0.011074978451553419,-0.009525746845627209,-0.018901451383768766,-0.0676139316730315,-0.26826126328821576,0.4276846077455404,0.003727,0.006,0.00398,23.561242340953587,-4.708964970658587,4.936407974285006,24.19964091269697,-4.147767427724994,5.994852937526546,20.144928065430435,57.922898329996436,-200.0,21.390869216681402,58.21348606479476,-202.39681302622517,20.144928589520173,57.92289973872475,-200.00000201613182,-13.546478697253557,-9.623989764718381,-10.921574657909856,-0.2926991565866059,-0.30908345283918076,-0.09437901797685117
1.05,-0.011066823534866044,-0.009287489308805366,-0.018936184175319865,-0.06331824483205212,-0.2756302806445095,0.43168557975165883,0.003727,0.006,0.00398,23.59908977628674,-4.539289420747643,4.688093904183582,24.236775712498872,-3.991320795834369,5.748301850905881,19.27014696406861,58.114989667717865,-200.0,20.537619563074518,58.41733524357586,-202.38167399910813,19.270147465707925,58.1149910812351,-200.00000201823437,-13.45506010710887,-9.56886436583772,-10.891468304069187,-0.2904655831336099,-0.3106709161328477,-0.09316501054848914
1.06,-0.01105529427556945,-0.009046919503540543,-0.018960529075687793,-0.05914732604892857,-0.2830035586880707,0.4353060852702648,0.003727,0.006,0.00398,23.634708924634037,-4.365257978621694,4.438202528496853,24.2714960011379,-3.830650503164285,5.4996000746899245,18.383194424859518,58.297903974880434,-200.0,19.671218802903134,58.61204499318978,-202.36594111615494,18.38319490369708,58.29790539297436,-200.00000202030822,-13.362337127075348,-9.512314271948773,-10.857456017180855,-0.28824243932310584,-0.3122339911672068,-0.09199367352241875
1.07,-0.011040672108651617,-0.00880515142441532,-0.018974665649046554,-0.05509456466047311,-0.2903812302611987,0.43854658678667646,0.003727,0.006,0.00398,23.668153074653304,-4.186931862320114,4.186941437484858,24.303870812371535,-3.6657539482088968,5.248965456935562,17.484630666037315,58.47161236719463,-200.0,18.792138049160275,58.79756161397988,-202.34972833679706,17.484631121735745,58.47161378965009,-200.0000020223431,-13.268494502725746,-9.455104432295592,-10.81966124518622,-0.2860308339440986,-0.31378566602955626,-0.09086677974309335
1.08,-0.011023201541496053,-0.00856336139028796,-0.018978767957378156,-0.05115321596544751,-0.2977608124744772,0.4414081937369565,0.003727,0.006,0.00398,23.699473793624044,-4.004376614138982,3.934518062964824,24.333965335981716,-3.4966294320340023,4.996615335520464,16.575023239731355,58.636087414091605,-200.0,17.900846415434216,58.97382480192424,-202.333151045923,16.57502367196764,58.63608884069082,-200.00000202432932,-13.173673147741534,-9.398014083602122,-10.77819191504325,-0.2838311070427369,-0.3153384269151959,-0.08978565881379004
1.09,-0.01100309227751145,-0.008322764730319836,-0.018973004078599864,-0.04731654380308469,-0.30513733598369003,0.44389256541561195,0.003727,0.006,0.00398,23.728720775046302,-3.8176622246574654,3.681139366353072,24.36184089507905,-3.3232776104657935,4.742766204076164,15.654946673488094,58.79130314305481,-200.0,16.99781316818217,59.14076904972611,-202.31632366286644,15.65494708195411,58.791304573577015,-200.00000202625733,-13.077975390607149,-9.341821764356181,-10.733142360855457,-0.28164295958284985,-0.31690404338149014,-0.0887512580277666
1.1,-0.010980522519850211,-0.008084593809178794,-0.018957536463657804,-0.04357793819900576,-0.31250351034359986,0.44600182556735274,0.003727,0.006,0.00398,23.755941692526658,-3.6268632477572007,3.427011530662313,24.38755499587192,-3.1457028585124567,4.487633429267221,14.72498210738711,58.93723504372132,-200.0,16.08350987389372,59.29832512039922,-202.29935753384441,14.724982491790083,58.937236477943344,-200.0000020281179,-12.981471019538459,-9.287291636616677,-10.684595776147194,-0.27946558926263604,-0.3184933858312052,-0.08776420868679237
1.11,-0.010955643194673459,-0.0078500777061506,-0.018932522992339114,-0.03993100720486982,-0.3198499190961726,0.44773848994730686,0.003727,0.006,0.00398,23.7811820602685,-3.432058905991216,3.1723396573587967,24.41116143524573,-2.963914528706256,4.2314310122155545,13.785716926980683,59.07386007175232,-200.0,15.158412483087877,59.44642154907723,-202.2823591246097,13.785717287043642,59.073861509448236,-200.0000020299024,-12.884203820372816,-9.235161277167077,-10.632627028074799,-0.2772978271042184,-0.32011627613314314,-0.08682489470748869
1.12,-0.010928582830569633,-0.007620423799572076,-0.018898118578553925,-0.03636964306439266,-0.3271652382274389,0.44910540748035094,0.003727,0.006,0.00398,23.804485100468952,-3.2333331856789047,2.917327468971765,24.432710451376288,-2.777928088702099,3.9743713863785506,12.837744392288371,59.20115665247208,-200.0,14.223003298525438,59.58498613124682,-202.26542852102267,12.837744727750646,59.2011580934137,-200.00000203160218,-12.786198319369339,-9.186131054738574,-10.577305676190054,-0.2751382700143054,-0.3217813715242434,-0.08593352068715682
1.13,-0.010899452837350443,-0.007396801445204659,-0.0188544771731416,-0.03288806372542012,-0.33443647173541674,0.45010571505227154,0.003727,0.006,0.00398,23.825891617907168,-3.03077492112484,2.6621770183323283,24.452248903012965,-2.5877661270808505,3.7166652440535515,11.881663263081414,59.31910468427483,-200.0,13.27777278144218,59.71394735912697,-202.24865823700318,11.881663573698987,59.31910612823154,-200.00000203320954,-12.687466468140048,-9.14085516638289,-10.518699048120743,-0.2729854051971454,-0.32349608123522344,-0.0850901769380454
1.14,-0.010868352942168813,-0.0071803278762171616,-0.01880175401528359,-0.029480831468286457,-0.3416491982776312,0.450742805437552,0.003727,0.006,0.00398,23.8454398819929,-2.8244778673863022,2.4070884052965598,24.469820463937104,-2.393459219811319,3.4585213838623323,10.918077420693017,59.42768554179907,-200.0,12.323221156776047,59.83323577229832,-202.2321323220344,10.918077706238988,59.42768698853816,-200.000002034717,-12.588014039381052,-9.099934364743701,-10.456875238383894,-0.27083772304702064,-0.3252665146525566,-0.08429489938553132
1.15,-0.010835376562356613,-0.006972056394356427,-0.018740107991521003,-0.026142851024243546,-0.3487878231957595,0.45102030742094473,0.003727,0.006,0.00398,23.863165516526585,-2.61454076104271,2.1522595017828654,24.48546582034625,-2.195046653162108,3.200146572023116,9.94759548659421,59.52688207886867,-200.0,11.359859786022504,59.942785193716546,-202.21592575409943,9.94759574685913,59.526883528155324,-200.00000203611745,-12.487846537969078,-9.063910369584983,-10.391905913500723,-0.26869381592644603,-0.3270974592786302,-0.0835477226403183
1.16,-0.010800615921026935,-0.006772966867673175,-0.018669703973414907,-0.022869350010051304,-0.3558358306310464,0.45094207680890336,0.003727,0.006,0.00398,23.879101397405197,-2.401067368453929,1.897885685922011,24.499222860449727,-1.992577001970073,2.9417454108960377,8.970830437975257,59.6166786312005,-200.0,10.388212284270736,60.04253382770855,-202.20010409870147,8.970830672767493,59.616680082798055,-200.0000020374046,-12.38697447053507,-9.03326192209221,-10.323868825795426,-0.26655246101514635,-0.328992386285641,-0.08284872498285838
1.17,-0.010764166741849268,-0.006583958500562238,-0.01859071502009387,-0.019655844807348687,-0.3627760309311586,0.45051219675507503,0.003727,0.006,0.00398,23.893277558489977,-2.1841665210304426,1.6441595860839167,24.511126847299106,-1.7861085650222317,2.683520209140013,7.9883992205763,59.69706101887801,-200.0,9.40881536591308,60.132425202250644,-202.18472341045114,7.988399429722412,59.697062472548055,-200.00000203857252,-12.285417856227157,-9.008402409564164,-10.252849958759365,-0.2644126861681328,-0.33095348107895006,-0.08219806442156453
1.18,-0.010726132391986387,-0.006405844797522368,-0.018503324349469667,-0.016498095174756162,-0.36959079909080494,0.4497349856406027,0.003727,0.006,0.00398,23.90572110583474,-1.963952137078397,1.391270835505382,24.521210567734677,-1.5757096618580018,2.425670848793815,7.000922359011053,59.76801654859035,-200.0,8.422219411274693,60.21240894356649,-202.1698303505885,7.000922542356096,59.76801800409284,-200.00000203961585,-12.18320990050287,-8.98967896148821,-10.178945247867917,-0.2622738184251237,-0.33298169599298355,-0.08159600539291387
1.19,-0.010686627375636415,-0.006239350603383643,-0.018407727000850773,-0.013392050907497255,-0.3762623005487516,0.44861501065129467,0.003727,0.006,0.00398,23.91645614045484,-1.7405432298257106,1.1394058382001364,24.529504452228206,-1.361458797523279,2.168394645642238,6.009023564830285,59.82953401563684,-200.0,7.428988753782074,60.28244137668513,-202.1554624916958,6.009023722237988,59.82953547273037,-200.0000020405298,-12.08039979119041,-8.97737289582283,-10.102261841431105,-0.2601355154493753,-0.3350768220360543,-0.08104293604793952
1.2,-0.010645780113680003,-0.006085111070090174,-0.018304131131263,-0.010333793767857811,-0.3827727012673819,0.4471571051735735,0.003727,0.006,0.00398,23.925503689798678,-1.5140639012816592,0.8887475467852315,24.536036662272018,-1.1434447036907291,1.9118862003034407,5.013329342572181,59.88160370569629,-200.0,6.4297016941198475,60.34248595091048,-202.14164877970236,5.013329473925368,59.881605164138165,-200.00000204131032,-11.977054610614973,-8.97170137667617,-10.022918885811663,-0.2579977807283826,-0.33723757647663555,-0.0805393764075843
1.21,-0.010603734976499801,-0.00594367237361355,-0.0181927589072238,-0.007319477716635612,-0.3891043596331188,0.44536638818133706,0.003727,0.006,0.00398,23.932881648065138,-1.2846433216316626,0.6394752528074331,24.540833143743175,-0.9217662660939473,1.6563372385335866,4.0144685940486,59.92421739636105,-200.0,5.424950253970935,60.39251349404154,-202.12841012299927,4.01446869924929,59.92421885590759,-200.00000204195376,-11.873260388441105,-8.972820131446872,-9.941047837562815,-0.25586096383086954,-0.33946170301767126,-0.08008597796121432
1.22,-0.010560653566214995,-0.005815493984216548,-0.018073846972356367,-0.004345270199149047,-0.39523999832336437,0.4432482838967859,0.003727,0.006,0.00398,23.938604725491242,-1.0524156939212277,0.3917643901002681,24.543917646307683,-0.6965323494069342,1.4019364402532357,3.0130722211173215,59.95736835843535,-200.0,4.415339687290555,60.43250230353653,-202.11576007897665,3.0130723000868054,59.957369818842025,-200.00000204245725,-11.769122346418047,-8.980827066767137,-9.856792321269502,-0.2537257473801799,-0.34174608133253004,-0.07968351552300705
1.23,-0.010516715270602106,-0.0057009522789540305,-0.017947646488533104,-0.0014072968984584575,-0.4011628548758771,0.4408085401692022,0.003727,0.006,0.00398,23.942684406715852,-0.817520203837173,0.1457863516461133,24.54531171038275,-0.4678615315420286,1.148869257725574,2.0097727271907866,59.981051356997995,-200.0,3.401487771552555,60.46243808656194,-202.10370560948488,2.0097727798700236,59.98105281801947,-200.00000204281855,-11.664764407989079,-8.995766618049322,-9.770307565805897,-0.2515931226708775,-0.3440868428281009,-0.07933287234866189
1.24,-0.010472117133342784,-0.005600345276776697,-0.017814422763742135,0.0014984080176944645,-0.4068568102589237,0.43805324421546077,0.003727,0.006,0.00398,23.94512891830594,-0.5801009544515109,-0.09829167964049328,24.545034624415116,-0.235881759852878,0.8973177241350823,1.0052038177335125,59.995262652228966,-200.0,2.3840239049737875,60.4823137639434,-202.09224787847413,1.0052038440830109,59.99526411361958,-200.00000204303595,-11.560328062568738,-9.017634666834756,-9.681759463103932,-0.24946435602616085,-0.34647948965107794,-0.07903501964821356
1.25,-0.010427073103582929,-0.005513898273525198,-0.017674454493237377,0.004375944542584953,-0.4123064952658053,0.4349888345934344,0.003727,0.006,0.00398,23.94594320551267,-0.34030688585154606,-0.34030688585154606,24.543103356241488,-0.000729941933730904,0.6474602545085261,4.898587196589413e-15,60.0,-200.0,1.3635880383540804,60.49212915541843,-202.08138306729887,0.0,60.0000014615137,-200.00000204310857,-11.455970686177388,-9.04638386312825,-9.591323302247421,-0.24734094807361856,-0.3489190141533781,-0.07879099171114688
1.26,-0.010381812741929508,-0.005441770156080375,-0.01752803265157056,0.0072295811775045385,-0.41749737503778434,0.4316221085235022,0.003727,0.006,0.00398,23.94512891830594,-0.09829167964049561,-0.5801009544515062,24.539532463064617,0.23744851637352965,0.3994714414765299,-1.0052038177335028,59.995262652228966,-200.0,0.34082947186766493,60.49189056527225,-202.07110318575198,-1.0052038440830005,59.99526411361958,-200.00000204303595,-11.351863427206629,-9.081929196121559,-9.499182237782858,-0.24522458811293885,-0.35140001627421286,-0.07860185789177758
1.27,-0.010336579469974572,-0.005384060181445975,-0.01737545908164767,0.01006378020483392,-0.4224158124489306,0.42796022392381483,0.003727,0.006,0.00398,23.942684406715852,0.14578635164610865,-0.8175202038371684,24.534333985105384,0.4785002134895482,0.15352184878772487,-2.009772727190777,59.981051356997995,-200.0,-0.6835944520590608,60.48161028842946,-202.0613968597252,-2.009772779870013,59.98105281801947,-200.00000204281855,-11.248188768719006,-9.124153665734145,-9.405525554599373,-0.24311710567283892,-0.3539168165704018,-0.07846869268790804
1.28,-0.010291628456309931,-0.005340815017074353,-0.017217044833029743,0.012883213508276647,-0.4270491114604794,0.4240106957724354,0.003727,0.006,0.00398,23.938604725491242,0.3917643901002635,-1.0524156939212252,24.527517328286972,0.7222642834117613,-0.09022219424153902,-3.0130722211173118,59.95736835843535,-200.0,-1.7090197286987545,60.461306057416486,-202.05225007937386,-3.013072300086795,59.957369818842025,-200.00000204245725,-11.145137877228631,-9.172913918818733,-9.310546792782722,-0.24102042121470835,-0.35646356292518333,-0.07839254509219404
1.29,-0.010247224234097907,-0.005312035852692269,-0.017053108305342967,0.015692768926518875,-0.43138554186800565,0.4197813866458091,0.003727,0.006,0.00398,23.932881648065138,0.6394752528074308,-1.2846433216316602,24.519089141386722,0.9685729448743142,-0.33159879402589526,-4.014468594048589,59.92421739636105,-200.0,-2.7347771135449075,60.43100045034765,-202.04364689468645,-4.01446869924928,59.924218855907604,-200.00000204195376,-11.042907842947844,-9.228045727226037,-9.214441794674563,-0.23893649775124495,-0.35903432927991463,-0.07837440830690538
1.3,-0.01020363814389924,-0.005297685410676774,-0.016883973254042825,0.018497547451652663,-0.4354143471206031,0.41528049150125534,0.003727,0.006,0.00398,23.925503689798678,0.8887475467852268,-1.5140639012816592,24.509053192976193,1.2172520583084694,-0.5704506864379496,-5.013329342572171,59.88160370569629,-200.0,-3.7601935586647315,60.39072027928743,-202.0355700483583,-5.013329473925357,59.881605164138165,-200.00000204131032,-10.941698908528686,-9.289369199772846,-9.117406733267241,-0.2368672949200611,-0.3616232050556513,-0.07841519079773847
1.31,-0.010161145691124529,-0.0052976947010214236,-0.01670996671507209,0.021302851862132877,-0.43912573708723435,0.41051651696584024,0.003727,0.006,0.00398,23.91645614045484,1.139405838200134,-1.7405432298257084,24.49741025318604,1.46812168159591,-0.8066254197557863,-6.009023564830275,59.82953401563684,-200.0,-4.784593636255333,60.34049597707534,-202.02800153874875,-6.009023722237977,59.829535472730385,-200.00000204052978,-10.841711773055678,-9.356693636040562,-9.019636176314338,-0.23481472679920848,-0.3642243742541755,-0.07851568952571669
1.32,-0.010120023900607955,-0.005311969387571773,-0.01653141690244877,0.024114167607671187,-0.44251086778268656,0.4054982555609464,0.003727,0.006,0.00398,23.90572110583474,1.3912708355053762,-1.9639521370783946,24.48415798490711,1.7209966167352553,-1.0399755238369397,-7.000922359011044,59.76801654859035,-200.0,-5.8073009253778105,60.280360999046934,-202.02092310841118,-7.000922542356085,59.76801800409284,-200.00000203961582,-10.743145046013828,-9.429821946455576,-8.921321234502749,-0.23278062448302778,-0.3668321835450449,-0.07867656604655267
1.33,-0.010080548741958628,-0.0053403956538562725,-0.01634865112876236,0.026937136938356077,-0.44556181014639773,0.4002347554283918,0.003727,0.006,0.00398,23.893277558489977,1.644159586083913,-2.1841665210304426,24.469290848503924,1.9756869407275255,-1.2703586628229078,-7.98839922057629,59.69706101887801,-200.0,-6.82763934082612,60.21035125413016,-202.014316656169,-7.988399429722412,59.697062472548055,-200.00000203857252,-10.646192912815216,-9.508554579825745,-8.822647835006595,-0.23076670416537717,-0.3694411989489442,-0.0788983260090512
1.34,-0.010042992689044405,-0.00538284547898725,-0.016161993793297833,0.029777527392533486,-0.4482715099951519,0.3947352862286986,0.003727,0.006,0.00398,23.879101397405197,1.8978856859220052,-2.4010673684539268,24.45280002350005,2.2319985151981165,-1.4976377690428397,-8.970830437975248,59.6166786312005,-200.0,-7.844934386339142,60.130504577622844,-202.00816457292865,-8.97083067276746,59.61668008279808,-200.0000020374046,-10.551043059778666,-9.59269291608314,-8.723795154105742,-0.2287745412118557,-0.37204625101432276,-0.07918130242531286
1.35,-0.010007622465705024,-0.005439181256214336,-0.015971764476318692,0.032641195829490544,-0.45063374124935457,0.3890093019548874,0.003727,0.006,0.00398,23.863165516526585,2.152259501782861,-2.614540761042705,24.434673350028007,2.48973347048208,-1.721681156197675,-9.947595486594201,59.52688207886867,-200.0,-8.858514317781225,60.04086025564811,-202.00245000334942,-9.947595746859111,59.526883528155324,-200.00000203611745,-10.457874892728205,-9.682042098053659,-8.62493423458035,-0.2268055504512812,-0.374642468647978,-0.07952564293057715
1.36,-0.009974697018095113,-0.005509259708314819,-0.015778276171262394,0.035534049217160274,-0.45264305446712033,0.38306640144695486,0.003727,0.006,0.00398,23.8454398819929,2.4070884052965598,-2.824477867386296,24.414895292145562,2.748690661079926,-1.9423626103487466,-10.91807742069301,59.42768554179907,-200.0,-9.867711205390536,59.941458608917614,-201.9971570371089,-10.918077706238966,59.427686988538156,-200.000002034717,-10.366858070103936,-9.776413291337922,-8.526226805610655,-0.22486097268662222,-0.37722530199817655,-0.07993130110393755
1.37,-0.009944465742344921,-0.005592935074677785,-0.015581833679519999,0.03846200336656351,-0.45429472261601794,0.37691628740482397,0.003727,0.006,0.00398,23.825891617907168,2.662177018332325,-3.030774921124835,24.393446924432375,3.008666090519277,-2.1595614576905975,-11.881663263081403,59.31910468427483,-200.0,-10.871861887635761,59.832340641081394,-201.99227083481267,-11.881663573698964,59.31910612823154,-200.00000203320954,-10.278151359029659,-9.875625375578808,-8.42782431517536,-0.2229418672220209,-0.37979053499744586,-0.08039803178774403
1.38,-0.009917166984908465,-0.005690061564334006,-0.015382732185354984,0.041430940749069965,-0.45558468587471135,0.3705687246837343,0.003727,0.006,0.00398,23.804485100468952,2.917327468971772,-3.2333331856789003,24.370305942617247,3.269453304713483,-2.3731626085407336,-12.83774439228836,59.201156652472086,-200.0,-11.87030881254033,59.713547754670444,-201.98777769459926,-12.837744727750644,59.201158093413696,-200.00000203160224,-10.19190181149135,-9.979506083303091,-8.329867177674284,-0.22104911002886687,-0.38233428834986993,-0.08092539022511211
1.39,-0.0098930268223818,-0.005800495086968491,-0.015181256021616525,0.044446668445989754,-0.456509497091777,0.36403349861898615,0.003727,0.006,0.00398,23.781182060268502,3.172339657358792,-3.432058905991213,24.345446698366512,3.5308437538747293,-2.5830565774153347,-13.785716926980673,59.07386007175233,-200.0,-12.862400765458489,59.58512153550175,-201.98366506620079,-13.785717287043626,59.07386150944825,-200.0000020299024,-10.10824424789224,-10.087892613961884,-8.23248423290086,-0.2191833970330509,-0.38485301389282894,-0.0815127347349025
1.4,-0.009872258117980592,-0.005924094289903585,-0.014977677630428357,0.047514877168996925,-0.4570662693426387,0.3573203740703734,0.003727,0.006,0.00398,23.755941692526658,3.4270115306623197,-3.6268632477571936,24.31884025780321,3.7926271239029172,-2.7891394794675124,-14.724982107387099,58.93723504372132,-200.0,-13.847493485150629,59.44710360446199,-201.97992151965303,-14.724982491790092,58.93723647794333,-200.00000202811793,-10.027301026917767,-10.200631760644782,-8.1357924067034,-0.21734525189770373,-0.3873434813753615,-0.08215923256253041
1.41,-0.009855059843488612,-0.006060720942964004,-0.014772256717146506,0.05064110216104196,-0.45725262682372275,0.3504390558044381,0.003727,0.006,0.00398,23.728720775046302,3.6811393663530696,-3.8176622246574654,24.290454482836267,4.0545916389225445,-2.9913130039339753,-15.654946673488086,58.79130314305481,-200.0,-14.824950172561584,59.29953553384951,-201.97653667603956,-15.654947081954102,58.791304573577015,-200.0000020262573,-9.949182073979202,-10.317579595113934,-8.039896558793881,-0.21553503760119688,-0.3898027587750796,-0.0828638684839038
1.42,-0.009841616648461948,-0.006210239724900382,-0.014565239590737245,0.05383068664713623,-0.45706666011134056,0.34339915074889726,0.003727,0.006,0.00398,23.69947379362403,3.934518062964822,-4.004376614138975,24.26025413396708,4.316524337271256,-3.189484365559253,-16.575023239731344,58.636087414091605,-200.0,-15.794141898914935,59.14245882396562,-201.97350110761784,-16.575023671967624,58.636088840690796,-200.00000202432935,-9.87398513552512,-10.438600763251111,-7.94488949928276,-0.21375297106725039,-0.39222818732338605,-0.08362545569890403
1.43,-0.009832098652875543,-0.006372517474590847,-0.014356858679382058,0.05708874835877318,-0.45650688659688654,0.336210132562185,0.003727,0.006,0.00398,23.668153074653308,4.186941437484854,-4.186931862320114,24.22820099291128,4.57821132375213,-3.383566235239047,-17.484630666037305,58.47161236719464,-200.0,-16.75444792157165,58.975914934416295,-201.97080621445886,-17.484631121735735,58.4716137896501,-200.0000020223431,-9.801796223181043,-10.563567447737231,-7.850852152618803,-0.21199914009032264,-0.39461735242655543,-0.08444264852846502
1.44,-0.009826661435253459,-0.006547421977540352,-0.014147332206671241,0.06042014951028797,-0.45557221669477155,0.328881308865804,0.003727,0.006,0.00398,23.634708924634037,4.438202528496852,-4.365257978621694,24.19425400312777,4.839438001346465,-3.573476651342634,-18.38319442485951,58.29790397488044,-200.0,-17.70525591755458,58.799945363629796,-201.96844408435382,-18.383194903697074,58.29790539297436,-200.00000202030822,-9.732690209915223,-10.692358057819996,-7.7578538457342585,-0.21027352181199163,-0.3969680516597166,-0.08531395642539097
1.45,-0.009825446185610764,-0.00673482036328267,-0.013936864011181993,0.0638294704650572,-0.4542619262097523,0.32142179139160304,0.003727,0.006,0.00398,23.59908977628674,4.688093904183577,-4.53928942074764,24.158369426183075,5.099989285847175,-3.7591389133378375,-19.2701469640686,58.11498966771787,-200.0,-18.64596214570482,58.6145917694052,-201.96640734224366,-19.27014746570791,58.1149910812351,-200.00000201823437,-9.66673154011498,-10.82485570743949,-7.665952696253698,-0.2085760020396015,-0.39927826097468483,-0.08623775882095878
1.46,-0.009828579991161768,-0.006934577192247313,-0.013725643490565778,0.06732098719821622,-0.45257563505006276,0.31384046920330577,0.003727,0.006,0.00398,23.561242340953587,4.936407974285006,-4.708964970658583,24.120501011791685,5.359649807019353,-3.9404814594517905,-20.144928065430427,57.922898329996436,-200.0,-19.57597154912372,58.41989612287858,-201.9646889948371,-20.144928589520173,57.92289973872475,-200.00000201613182,-9.603975016412516,-10.960946542878407,-7.57519607658295,-0.20690639475239497,-0.40154610020350623,-0.08721232035551178
1.47,-0.009836176222620618,-0.007146552311588075,-0.013513845650422032,0.07089865254384412,-0.45051329228562065,0.3061459850643205,0.003727,0.006,0.00398,23.521111766953116,5.182937305101239,-4.8742276021963304,24.080600179357262,5.618204099931067,-4.117437730159215,-21.006985198451815,57.72166029516516,-200.0,-20.49469780988078,58.2159008881125,-201.96328227543157,-21.00698574462729,57.72166169889524,-200.00000201401102,-9.544466628155266,-11.100517979601857,-7.485621130429792,-0.2052644612094255,-0.40376979886095943,-0.08823580607882735
1.48,-0.009848334989891516,-0.0073705985585322265,-0.01330163123818738,0.07456608111088535,-0.44807516737956565,0.2983467149442541,0.003727,0.006,0.00398,23.478641803540043,5.427474936628091,-5.035024341030348,24.03861620888532,5.875436790032649,-4.2899460193012064,-21.85577386937076,57.51130734104256,-200.0,-21.40156336795956,58.00264921955586,-201.96218049326043,-21.8557744372544,57.511308739568086,-200.00000201188254,-9.488244389366898,-11.243456905194357,-7.397255319759541,-0.20364992815305683,-0.405947663153895,-0.08930629625374513
1.49,-0.009865143637846463,-0.007606559387185907,-0.013089146942884197,0.078326537665094,-0.44526184726889656,0.2904507505863841,0.003727,0.006,0.00398,23.433774970107034,5.669814700916202,-5.191306117605539,23.99449643923763,6.131132775406684,-4.457949314606628,-22.690757965070247,57.291872684798584,-200.0,-22.29599941610103,57.78018516986698,-201.96137689099552,-22.690758554271984,57.29187407791623,-200.00000200975714,-9.43533915767855,-11.389647901461453,-7.3101169821824845,-0.2020625046881256,-0.408078044997214,-0.09042180045017843
1.5,-0.009886677255567133,-0.007854266490599865,-0.012876525642798398,0.08218292870496767,-0.4420742388378528,0.28246588499881625,0.003727,0.006,0.00398,23.38645273025109,5.909751540752819,-5.343027613777144,23.948186471841318,6.385077409375114,-4.621395129321021,-23.51141009169892,57.06339097770922,-200.0,-23.177445881623914,57.54855390101033,-201.96086451334,-23.51141070181697,57.063392365218725,-200.0000020076459,-9.38577540984427,-11.538971533994523,-7.224215881231761,-0.20050189750641367,-0.41015931371823744,-0.09158027067538364
1.51,-0.009912999175672732,-0.008113537484503136,-0.012663886684851938,0.0861377969081979,-0.438513576217157,0.27439960068390495,0.003727,0.006,0.00398,23.336615670313684,6.147081827777221,-5.490147103821276,23.899630378141268,6.637056686346259,-4.780235326550889,-24.31721190778422,56.82589829968465,-200.0,-24.045351405493427,57.30780189210134,-201.96063608898478,-24.317212538405265,56.82589968138871,-200.00000200555994,-9.339571953860274,-11.691302752003372,-7.1395537347594065,-0.1989678242147217,-0.4121898310072908,-0.09277961334683585
1.52,-0.009944161444033373,-0.008384173712644341,-0.012451336181515935,0.09019331809115617,-0.4345814322539811,0.26625906038403196,0.003727,0.006,0.00398,23.284203681990302,6.3816036791577435,-5.6326262905105695,23.8487709092832,6.886857433426012,-4.934425937810904,-25.107654451628015,56.57943215357187,-200.0,-24.899173327913967,57.057977138149575,-201.9606839275772,-25.10765510232798,56.57943352927629,-200.00000200351036,-9.296742562252419,-11.846509435160652,-7.056124709658484,-0.19746002461136536,-0.41416792954513026,-0.09401769997482633
1.53,-0.009980205244058071,-0.008665958226384107,-0.012238967313420432,0.09435130030643019,-0.4302797334316735,0.2580511000968877,0.003727,0.006,0.00398,23.229156148593088,6.613117271979166,-5.770430136941207,23.795549706726902,7.134267509916624,-5.083926977124676,-25.882238462777774,56.324031459232444,-200.0,-25.738377688583437,56.79912933461519,-201.96099983277668,-25.882239133122184,56.324032828746006,-200.00000200150856,-9.257296515563265,-12.004451117769214,-6.973915874152676,-0.19597826983562855,-0.416091895610774,-0.09529237647996504
1.54,-0.010021161263731981,-0.008958653983301548,-0.012026860628309335,0.09861318470098956,-0.42561077747453196,0.24978222409947695,0.003727,0.006,0.00398,23.17141213453824,6.841425154512871,-5.9035266947941105,23.739907512705223,7.379076016396211,-5.22870225188265,-26.64047469737006,56.059736547396724,-200.0,-26.56243924850282,56.531310043509826,-201.96157503195516,-26.640475386914435,56.05973791053117,-200.0000019995657,-9.22123904936348,-12.164977913941799,-6.892907601933749,-0.19452236938763584,-0.41795995584951046,-0.09660147112602391
1.55,-0.010067049997502131,-0.00926200230128385,-0.011815084329497835,0.10298004776843293,-0.4205772528504618,0.2414586017163732,0.003727,0.006,0.00398,23.110910577618466,7.066332553571213,-6.0318869297057125,23.68178437965739,7.621073514624779,-5.368719171509492,-27.38188423714755,55.78658915329509,-200.0,-27.370841538931067,56.25457283762146,-201.96240012264533,-27.381884945438145,55.786590509865164,-200.00000199769312,-9.188571702104362,-12.327929660804985,-6.813073925313868,-0.19309217608000798,-0.41977026826196334,-0.09794280109819238
1.56,-0.010117881978832122,-0.009575721596149361,-0.011603694549453883,0.10745260465094851,-0.4151822593820081,0.23308606557323194,0.003727,0.006,0.00398,23.04759048361095,7.28764767717716,-6.155484544414806,23.62111987796717,7.860052259069813,-5.503948554843527,-28.105998791953965,55.50463241006748,-200.0,-28.163076941746635,55.96897342029173,-201.96346503544862,-28.105999518527984,55.504633759890844,-200.00000199590215,-9.159292564702243,-12.493135290214827,-6.73438283724212,-0.19168758903618272,-0.42152091736485564,-0.09931417780011628
1.57,-0.010173657942702141,-0.009899506422421489,-0.011392735606477342,0.11203121317795331,-0.40942932919251396,0.2246701110899752,0.003727,0.006,0.00398,22.98139112276117,7.505182011815463,-6.274295800342124,23.557853301522584,8.095806440397514,-5.634364436987013,-28.81236099551628,55.21391084195222,-200.0,-28.938646804157358,55.67456971900715,-201.96475901278453,-28.812361739902553,55.213912184849335,-200.00000199420376,-9.133396435881554,-12.660412433173844,-6.656796544461414,-0.19030855489377854,-0.4232099133725725,-0.10071341098024617
1.58,-0.010234368920403802,-0.01023302682869559,-0.01118224024457043,0.11671587836666583,-0.4033224472472089,0.21621589698804847,0.003727,0.006,0.00398,22.912252227674426,7.718750613566542,-6.3882993382461395,23.491923870779,8.328132440844284,-5.759943876252605,-29.500524694326963,54.914470357255055,-200.0,-29.69706158942522,55.37142195185895,-201.9662706025994,-29.500525456046166,54.9144716930492,-200.00000199260919,-9.110874889919176,-12.829567255262194,-6.580271676145904,-0.18895506740436424,-0.4248351951594285,-0.10213831182669901
1.59,-0.010299996271631362,-0.010575928031204634,-0.010972229858496302,0.12150625715289529,-0.39686607079687747,0.20772824661126493,0.003727,0.006,0.00398,22.84011419213893,7.928172392463708,-6.497475998586054,23.423270933149187,8.556829100976357,-5.880666761711198,-30.170055229444152,54.60635824109974,-200.0,-30.437841064063523,55.059592666666525,-201.96798766593878,-30.17005600800938,54.60635956961695,-200.00000199112932,-9.091716265527879,-13.000394515979378,-6.504759454098652,-0.18762716564356505,-0.42639463668492733,-0.10358669519199108
1.6,-0.010370511661059234,-0.010927830401901789,-0.010762714707592727,0.1264016631660768,-0.39006514709220963,0.1992116498885711,0.003727,0.006,0.00398,22.764918270397413,8.133270389453576,-6.601808642206962,23.351834160659543,8.781697996970577,-5.996515621742133,-30.820529711031575,54.289623147961166,-200.0,-31.160514520850143,54.73914675323225,-201.96989739713558,-30.820530505948685,54.289624469029974,-200.00000198977497,-9.07590558618873,-13.172677840079341,-6.430205831901623,-0.18632493105864126,-0.42788605650067013,-0.10505638112248598
1.61,-0.01044587698830407,-0.011288329760712673,-0.010553694123191598,0.1314010714090673,-0.3829251288077295,0.19067026579816154,0.003727,0.006,0.00398,22.68660677637823,8.333872045381389,-6.701281971947123,23.27755374490111,9.002543727213565,-6.107475433899896,-31.451537285464767,53.96431509398226,-200.0,-31.864621035996006,54.41015142979298,-201.97198635525532,-31.45153809623286,53.96431640743385,-200.00000198855665,-9.063424423306346,-13.346190184799092,-6.356551611366091,-0.18504848358506612,-0.4293072299074564,-0.10654519587463139
1.62,-0.010526044281402525,-0.011656997955685644,-0.01034515671541704,0.13650312274876847,-0.3754519866929854,0.18210792522443625,0.003727,0.006,0.00398,22.605123282391773,8.529809461465325,-6.795882355749625,23.200370589366646,9.219174206723832,-6.213533436342789,-32.06267939483506,53.630485449075834,-200.0,-32.54970975792742,54.072676205246076,-201.974240505376,-32.06268022094671,53.63048675474372,-200.0000019874848,-9.054250714156462,-13.520694483396317,-6.283732545170699,-0.18379797706054746,-0.430655903294882,-0.10805097259958782
1.63,-0.010610955564695379,-0.012033383709658563,-0.010137080585750857,0.14170612816676423,-0.367652219053182,0.17352813413108453,0.003727,0.006,0.00398,22.520412816794494,8.720919650766765,-6.885597651843923,23.12022649930292,9.431400967656426,-6.314678941018811,-32.653570028687355,53.28818692881268,-200.0,-33.215340224398936,53.72679281915659,-201.97664526825227,-32.65357086962916,53.288188226532725,-200.0000019865695,-9.048358546746181,-13.695944442651102,-6.211679434774217,-0.182573594154828,-0.43192981017364035,-0.10957155187223994
1.64,-0.01070054271235299,-0.012417013707799796,-0.009929433552014644,0.1470080727586567,-0.3595328577493379,0.16493407700404653,0.003727,0.006,0.00398,22.432422060119777,8.90704478020721,-6.970417036543378,23.037064369221426,9.639039463954457,-6.4109031487714,-33.223835967832485,52.93747358609721,-200.0,-33.86108270404728,53.3725751618898,-201.9791855769138,-33.22383682308516,52.93747487570751,-200.0000019858207,-9.045717923501297,-13.87168546995113,-6.140318232513915,-0.18137554101894768,-0.4331266884014442,-0.11110478222839727
1.65,-0.010794727298713946,-0.012807393897020902,-0.009722173392414588,0.1524066195057172,-0.3511014704972075,0.1563286205463018,0.003727,0.006,0.00398,22.341099539173506,9.088032402725688,-7.050330835187278,22.950828368204064,9.841909378067347,-6.502198966511855,-33.77311702008059,52.57840080263182,-200.0,-34.48651855803854,53.01009917746723,-201.9818459387815,-33.77311788911951,52.578402083972406,-200.00000198524768,-9.046294515147684,-14.047655704275007,-6.069570156359578,-0.18020404183818753,-0.43424429810709886,-0.11264852085874473
1.66,-0.010893420456215386,-0.0132040109657863,-0.009515248114982902,0.15789911287216435,-0.34236615933258224,0.1477143176316443,0.003727,0.006,0.00398,22.24639581859179,9.263735679213472,-7.125330356735648,22.861464123115542,10.039834927562293,-6.588560826604383,-34.301066247746085,52.21102528017154,-200.0,-35.091240617139036,52.63944275191333,-201.9846105019304,-34.30106713004154,52.211026553084544,-200.00000198486003,-9.050049415362649,-14.223587124781293,-5.99935182505181,-0.17905933345124295,-0.43528043983233,-0.11420063458793142
1.67,-0.010996522751006932,-0.013606333971244916,-0.009308596258232119,0.16348258230545162,-0.3333355551962887,0.13909341154624513,0.003727,0.006,0.00398,22.148263689359098,9.434013589905994,-7.195407732506662,22.768918899794425,10.232645169411494,-6.669984508622093,-34.80735018678102,51.835405031570126,-200.0,-35.67485356935843,52.260685589950505,-201.9874631241984,-34.807351081798394,51.83540629589935,-200.00000198466643,-9.056938905774274,-14.399206710756923,-5.929575420430102,-0.17794166017448884,-0.43623297243619874,-0.11575900124559693
1.68,-0.011103924085414774,-0.014013816079880809,-0.009102147228095062,0.169153745735233,-0.32401880867357763,0.13046784056448033,0.003727,0.006,0.00398,22.046658353787752,9.598731134952711,-7.260555759526092,22.673141782243427,10.420174299741609,-6.746466963655474,-35.29164905739813,51.45159937161913,-200.0,-36.236974353257686,51.873909082918686,-201.9903874439173,-35.291649964598214,51.4516006272101,-200.00000198467535,-9.066914239741715,-14.574237627355268,-5.8601488826376835,-0.17685126894553976,-0.4370998303416524,-0.11732151151197583
1.69,-0.011215503635341295,-0.014425896387930986,-0.008895821675348414,0.17490901317922267,-0.3144255769981652,0.12183924291901826,0.003727,0.006,0.00398,21.941537606462663,9.7577595239267,-7.320767748939191,22.574083849779843,10.602261946880084,-6.818006141386735,-35.75365696605054,51.05966890768152,-200.0,-36.77723255208024,51.479196170749496,-201.99336695113195,-35.75365788488984,51.05967015438117,-200.00000198489514,-9.079921452138667,-14.748400412763214,-5.790976142679022,-0.17578840487668004,-0.437879039745662,-0.11888607129651471
1.7,-0.011331129829460218,-0.014842001788624992,-0.008689531916715634,0.1807444905712389,-0.30456600749971585,0.11320896223443815,0.003727,0.006,0.00398,21.832862010660847,9.910976354074696,-7.376037379915509,22.471698352042072,10.778753455622097,-6.884600820181417,-36.19308209864077,50.659675530120914,-200.0,-37.29527078403552,51.076631200719206,-201.99638505826738,-36.193083028571635,50.6596767677776,-200.0000019853332,-9.09590120108793,-14.921414144139453,-5.721957395512993,-0.1747533072852155,-0.43856873346276964,-0.12045060468331482
1.71,-0.011450660375799393,-0.01526154885476727,-0.008483182401776077,0.1866559839287335,-0.29445071773404885,0.10457805349878055,0.003727,0.006,0.00398,21.720595069761107,10.058265777146204,-7.426358559457403,22.36594088168126,10.949500160767073,-6.946250440490439,-36.6096469048367,50.25168240252851,-200.0,-37.79074508433078,50.666299785553036,-201.99942516930287,-36.60964784530768,50.25168363099174,-200.00000198599707,-9.114788646355692,-15.092997561770659,-5.65298941555176,-0.173746206246447,-0.43916716412441614,-0.12201305745372232
1.72,-0.011573942339992982,-0.015683945707249014,-0.008276670226721183,0.19263900397456296,-0.2840907725870551,0.09594728964864306,0.003727,0.006,0.00398,21.604703393167565,10.199518654675721,-7.471725288503902,22.256769544500624,11.114359648130602,-7.002954941898959,-37.003088273378324,49.83575395174876,-200.0,-38.26332527489357,50.24828866325806,-202.00247074661266,-37.00308922383413,49.83575517086914,-200.0000019868934,-9.136513367892451,-15.262870133334355,-5.583965915156184,-0.17276731969530773,-0.439672715512576,-0.12357140117427393
1.73,-0.011700812278216066,-0.016108593842616814,-0.008069885694906853,0.19868877132130192,-0.2734976586856974,0.0873171688410193,0.003727,0.006,0.00398,21.485156856279744,10.334632701627113,-7.51213153470186,22.144145126741513,11.27319600142033,-7.054714604201033,-37.37315769826447,49.41195585770566,-200.0,-38.712695318139055,49.822685560835396,-202.00550537473342,-37.37315865814633,49.411957067334555,-200.00000198802869,-9.160999326882804,-15.43075304283197,-5.514777945482923,-0.171816851085703,-0.440083911863068,-0.1251236378183326
1.74,-0.011831096426589527,-0.016534889895803373,-0.007862712923120962,0.2048002223166879,-0.2626832564822814,0.07868792247948364,0.003727,0.006,0.00398,21.361928754052727,10.463512618340367,-7.547571112197527,22.0280312591567,11.425880033568166,-7.101529892919008,-37.71962143571457,48.98035504303104,-200.0,-39.138553651599196,49.389579063772246,-202.00851282042134,-37.71962240446039,48.98035624302059,-200.0000019894087,-9.188164870620618,-15.596370091622065,-5.445314337912668,-0.17089498760192387,-0.440399425031893,-0.12666780487205842
1.75,-0.011964610947712284,-0.01696222731738331,-0.007655030491513143,0.21096801563652032,-0.2516598104013382,0.07005952405398091,0.003727,0.006,0.00398,21.23499594770325,10.58607021075183,-7.578037568782281,21.90839457745944,11.572289501329912,-7.143401309722326,-38.04226065180614,48.54101966249685,-200.0,-39.540613500729236,48.94905849294523,-202.01147708845818,-38.042261628850476,48.5410208526998,-200.00000199103897,-9.217922781603274,-15.759448501918472,-5.375462183267927,-0.17000189890456158,-0.44061807947367637,-0.12820198086080675
1.76,-0.01210116223394947,-0.01738999794821003,-0.007446712134280775,0.21718653969721954,-0.2404398974521386,0.061431698842933834,0.003727,0.006,0.00398,21.104339004131212,10.702224498886745,-7.603524080708058,21.785204878692532,11.712309302191963,-7.180329248230516,-38.340871560695035,48.094019092252594,-200.0,-39.9186031677277,48.501213790291914,-202.0143824727657,-38.34087254546944,48.09402027252197,-200.00000199292427,-9.250180370428955,-15.919719616083203,-5.305107345168551,-0.16913773638389495,-0.44073885503536775,-0.12972429122042944
1.77,-0.012240547266202217,-0.01781759347790096,-0.0072376274674479935,0.2234499209449387,-0.22903639471438075,0.05280393451414534,0.003727,0.006,0.00398,20.96994232764126,10.811901813648742,-7.62402335546876,21.658435273025802,11.845831652857736,-7.212313855708565,-38.61526555333096,47.639423918870115,-200.0,-40.27226629473285,48.046135414325015,-202.0172136024818,-38.615266545263964,47.63942508905916,-200.00000199506886,-9.28483961140082,-16.076919487953113,-5.234135003146653,-0.16830263288669656,-0.44076088761851295,-0.13123291442921123
1.78,-0.012382554026117154,-0.01824440677728592,-0.007027642749472707,0.22975203306222788,-0.21746244610049295,0.04417549264759622,0.003727,0.006,0.00398,20.831794283565735,10.915035881954582,-7.639527542826207,21.528062330464035,11.972756248818802,-7.239354901178831,-38.865269316586954,47.17730592819714,-200.0,-40.601362100284504,47.58391424628879,-202.01995548274274,-38.86527031510416,47.17730708815922,-200.00000199747666,-9.321797319188137,-16.230789365232557,-5.162430220604154,-0.16749670287787516,-0.44068346780930295,-0.13272608831108668
1.79,-0.012526961959050564,-0.018669833098526073,-0.006816621669937184,0.2360865071173684,-0.20573142878592396,0.035545421189246695,0.003727,0.006,0.00398,20.689887313408217,11.011567900284293,-7.650028154340506,21.39406622192947,12.092990404742674,-7.2614516504816375,-39.09072494272773,46.70773809402141,-200.0,-40.90566558844419,47.114641507489544,-202.02259353000798,-39.09072594725206,46.70773924360967,-200.00000200015083,-9.360945364447351,-16.38107606460247,-5.0898785323082185,-0.1667200429951659,-0.44050603761624885,-0.13420211641803925
1.8,-0.012673542484602673,-0.01909327114009654,-0.0066044261612479005,0.24244674266603694,-0.1938569196795576,0.02691256783082214,0.003727,0.006,0.00398,20.544218041146387,11.10144659673561,-7.655515991646643,21.256430854174603,12.20644917562649,-7.278602748816777,-39.291490029147546,46.23079456654735,-200.0,-41.18496773045038,46.63840868807419,-202.02511360184525,-39.29149103909906,46.230795705614824,-200.00000200309404,-9.402170925981384,-16.52753224360692,-5.016366545901874,-0.16597273295437986,-0.44022818549051335,-0.135659374400103
1.81,-0.012822059551163001,-0.0195141239771017,-0.0063909172280921245,0.24882591980040522,-0.18185266228085445,0.018275594296765462,0.003727,0.006,0.00398,20.39478737035335,11.184628281689436,-7.655981083701574,21.115143997980837,12.313055458869924,-7.290806111289912,-39.467437768314724,45.746550660686864,-200.0,-41.439075619229264,46.15530748729558,-202.02750202117986,-39.467438783111014,45.74655178908604,-200.00000200630845,-9.445356776785685,-16.66991657551709,-4.941782551858107,-0.16525483676293715,-0.4398496398324467,-0.13709631627451568
1.82,-0.012972270230638572,-0.019931799860435362,-0.006175955789330945,0.2552170121273865,-0.16973253423948187,0.009632991506457076,0.003727,0.006,0.00398,20.241600571819042,11.261076887207725,-7.651412633207337,20.97019740910651,12.412740077607799,-7.298058821972398,-39.61845702786605,45.25508284416624,-200.0,-41.66781259748533,45.66542976508181,-202.02974559508655,-39.61845804692208,45.25508396174909,-200.00000200979554,-9.490381601174175,-16.80799383523778,-4.866017136377152,-0.16456640420049856,-0.43937026121079736,-0.13851148051038709
1.83,-0.013123925349396715,-0.02034571289102724,-0.0059594035270971735,0.2616128006457609,-0.15751051589801907,0.0009830955677777183,0.003727,0.006,0.00398,20.084667361375782,11.330763995298827,-7.641798972398589,20.82158694146263,12.505441845811,-7.300357041960056,-39.744452420800336,44.75646872545093,-200.0,-41.87101836045115,45.16886750453195,-202.03183162827685,-39.7444534435286,44.75646983206867,-200.0000020135561,-9.537120340121051,-16.94153490586263,-4.788963791959903,-0.1639074725282615,-0.43879003353663404,-0.13990349585274806
1.84,-0.013276770151375572,-0.020755283577826078,-0.005741123738041087,0.268005888481499,-0.1452006600598831,-0.007675895452602121,0.003727,0.006,0.00398,19.924001967657112,11.393668855196143,-7.627127528364423,20.669312652016153,12.591107615810708,-7.297695926887327,-39.8453443657269,44.25078704149043,-200.0,-42.048549034676924,44.66571278478702,-202.03374793150283,-39.8453453915374,44.25078813699352,-200.00000201759065,-9.585444561923245,-17.070316716718338,-4.7105195207107595,-0.16327806839064055,-0.4381090544440955,-0.141271086818204
1.85,-0.01343054498934415,-0.021159939290196578,-0.005520982181952544,0.27438871643182544,-0.1328170631839181,-0.01634590404598823,0.003727,0.006,0.00398,19.759623189543767,11.449778389805763,-7.607384798056414,20.513378896947128,12.669692309024777,-7.29006955431843,-39.921069137130864,43.73811764528469,-200.0,-42.200277234488766,44.156057763578076,-202.0354828251596,-39.9210701654314,43.7381187295225,-200.00000202189878,-9.635222855338112,-17.194122124630727,-4.630585425849875,-0.16267820987650775,-0.4373275251333336,-0.1426130788042326
1.86,-0.01358498604035463,-0.021559114617057756,-0.005298847923349198,0.28075357926143063,-0.12037383816515211,-0.025028955136759973,0.003727,0.006,0.00398,19.5915544430775,11.499087191486456,-7.582556333116533,20.353794418617124,12.741158930764776,-7.277470861397744,-39.97157890562357,43.2185414932744,-200.0,-42.32609209793397,43.63999466863195,-202.03702513842686,-39.97157993581956,43.218542566095195,-200.00000202647965,-9.68632124240078,-17.312739750720816,-4.549067287411665,-0.16210790870998384,-0.436445739928787,-0.1439284027646418
1.87,-0.013739826041566539,-0.021952251646346316,-0.005074594162045809,0.28709264268870355,-0.1078850888190049,-0.03372715739282405,0.003727,0.006,0.00398,19.419823797650256,11.541597507331442,-7.552626734640195,20.190572422941013,12.80547857007793,-7.2598915930985575,-39.99684176815264,42.69214063255713,-200.0,-42.425899304165014,43.117615797018665,-202.0383642043377,-39.99684279964727,42.692141693807955,-200.00000203133158,-9.73860360823153,-17.425963785297693,-4.46587611865501,-0.16156717254405378,-0.4354640757982175,-0.145216099414606
1.88,-0.01389479504276453,-0.02233880017924242,-0.004848099049174992,0.29339796099583865,-0.09536488614464265,-0.042442684052462064,0.003727,0.006,0.00398,19.244464001304575,11.57731921412662,-7.5175796579703835,20.023730646791147,12.862630385629906,-7.237322261363698,-39.99684176815264,42.158998187930955,-200.0,-42.49962107429442,42.58901352145466,-202.03948985120766,-39.99684280034699,42.15899923745755,-200.00000203645254,-9.791932145231785,-17.53359377337007,-4.38092870027902,-0.1610560073327933,-0.434382982065294,-0.14647532293925888
1.89,-0.01404962117207914,-0.022718217894080323,-0.004619246485633832,0.29966149519399454,-0.08282724640303796,-0.05117775335090991,0.003727,0.006,0.00398,19.065512495009564,11.606269783162597,-7.477397827600333,19.853291415102134,12.912601578662624,-7.209752115384089,-39.97157890562357,41.619198348768315,-200.0,-42.54719615777537,42.05428030253074,-202.04039239088914,-39.97157993791665,41.61919938641485,-200.0000020418398,-9.84616780918799,-17.63543439298481,-4.294148090139334,-0.16057441976085554,-0.4332029705317672,-0.14770534419076306
1.9,-0.014204031411594265,-0.023089970474956062,-0.004387926900408623,0.3058751316732515,-0.070286111007359,-0.05993460863071459,0.003727,0.006,0.00398,18.883011415806344,11.628474235081203,-7.432063062241707,19.679281687384197,12.955387354067552,-7.177169123213354,-39.921069137130864,41.07282635572133,-200.0,-42.56857980634217,41.51350870580992,-202.04106260434645,-39.921070168919535,41.0728273813306,-200.00000204748986,-9.901170784898241,-17.731295238018433,-4.205464106721622,-0.16012241971055402,-0.4319246062046274,-0.1489055533681945
1.91,-0.014357752379723476,-0.02345353171981271,-0.0041540380067291854,0.31203070126669286,-0.057755328188212475,-0.06871549821915802,0.003727,0.006,0.00398,18.697007588746235,11.643965084937731,-7.3815563100956965,19.501733093393806,12.99099087060025,-7.1395599648684795,-39.8453443657269,40.51996848726147,-200.0,-42.563743737473445,40.96679142274216,-202.04149172506274,-39.845345396406294,40.51996950067449,-200.00000205339862,-9.9568009590522,-17.820990616257408,-4.114813785194714,-0.1597000227491424,-0.4305484988003195,-0.15007546218400442
1.92,-0.014510511117401703,-0.023808383642221764,-0.003917485534450663,0.3181199986583914,-0.045248636364540226,-0.07752265515399345,0.003727,0.006,0.00398,18.507552507575735,11.652782277660787,-7.325857694343046,19.320681957750324,13.019423181228575,-7.096910037019696,-39.744452420800336,39.9607120460551,-200.0,-42.53267608923298,40.41422129436106,-202.04167142080163,-39.7444534497637,39.96071304711128,-200.00000205956158,-10.012918398172449,-17.90433937261379,-4.022141805365312,-0.15930725261970172,-0.42907529517234566,-0.15121470552843796
1.93,-0.014662035875318002,-0.024154016580227172,-0.003678183937490309,0.3241348020662085,-0.032779649123049315,-0.0863582768356198,0.003727,0.006,0.00398,18.314702304152064,11.65497311409179,-7.264946568847907,19.136169313327624,13.040703164556726,-7.049203469327224,-39.61845702786605,39.39514534517738,-200.0,-42.47538136819859,39.85589133676678,-202.04159377424733,-39.6184580545049,39.3951463337144,-200.00000206597335,-10.069383829523348,-17.98116474616948,-3.9274008913233485,-0.15894414372045795,-0.4275056727811274,-0.15232304265040864
1.94,-0.01481205689955295,-0.024489929324537363,-0.0034360570755100905,0.3300668931319413,-0.020361841685262148,-0.0952245046798278,0.003727,0.006,0.00398,18.118517706604234,11.650592167784767,-7.19880158404774,18.948240903288223,13.054857448202617,-6.996423152439223,-39.467437768314724,38.823357694166674,-200.0,-42.39188039201737,39.29189476745357,-202.04125126304004,-39.467438792019045,38.823358670020326,-200.00000207262804,-10.126059122952752,-18.05129426847948,-3.830552182955034,-0.15861074355772783,-0.42584033429701584,-0.15340035787844497
1.95,-0.014960307213116697,-0.0248156292770417,-0.003191038869352014,0.33590807695333713,-0.008008538721799447,-0.10412340384063595,0.003727,0.006,0.00398,17.919063986284986,11.63970119274644,-7.12740076297859,18.756947171665708,13.061920324929341,-6.938550777624576,-39.291490029147546,38.24543938492139,-200.0,-42.28221022792783,38.722325031607745,-202.04063673970782,-39.29149104930582,38.245440347925644,-200.00000207951916,-10.182807771696078,-18.114559709196865,-3.7315655798298923,-0.15830711515800683,-0.42408000339859964,-0.15444666090968331
1.96,-0.015106523390998106,-0.025130632649171453,-0.0029430739299833586,0.3416502021946703,0.004267096641520421,-0.11305694306769767,0.003727,0.006,0.00398,17.716410893589366,11.622369022294725,-7.050721587361028,18.562343242437844,13.061933662245325,-6.875566887976044,-39.09072494272774,37.66148167744203,-200.0,-42.14642412837865,38.147275827582504,-202.03974341197372,-39.090725958727205,37.66148262742909,-200.00000208663946,-10.239495370228306,-18.170797073672283,-3.6304200582203086,-0.1580333394251911,-0.42222542180052874,-0.15546208669750422
1.97,-0.0152504463264167,-0.025434464708024657,-0.0026921181608793726,0.3472851812148528,0.016452072791779553,-0.12202697475756642,0.003727,0.006,0.00398,17.510632582746453,11.598671459212786,-6.968741093646647,18.364488887068127,13.054946806094502,-6.807450941084474,-38.86526931658696,37.071576785420056,-200.0,-41.98459146464993,37.56684113084295,-202.03856482388437,-38.8652703278137,37.07157772222021,-200.0000020939813,-10.295990087283583,-18.219846655735303,-3.5271039621778164,-0.15778951742844682,-0.42027734751751267,-0.15644689496967001
1.98,-0.015391821986045717,-0.025726660076514696,-0.002438139333893502,0.3528050101543005,0.02853357874351488,-0.13103521525293202,0.003727,0.006,0.00398,17.301807525720683,11.568691157373664,-6.881435978899578,18.163448480527755,13.04101647916031,-6.734181383052562,-38.615265553330964,36.47581786167633,-200.0,-41.79679765915255,36.98111521577152,-202.0370948381712,-38.615266559170166,36.47581878511796,-200.00000210153624,-10.352163132203376,-18.261553147442434,-3.4216152697009097,-0.15757577260645236,-0.4182365543455188,-0.1574014694092341
1.99,-0.015530402152030442,-0.02600676309207453,-0.0021811176386964254,0.3582017889239399,0.040498992574058194,-0.14008322543899882,0.003727,0.006,0.00398,17.09001841538911,11.532517495009944,-6.788782716359878,17.959290945842827,13.02020667420763,-6.655735733687613,-38.340871560695035,35.87429898345114,-200.0,-41.583144116855095,36.390192674821584,-202.03532762020916,-38.34087256053114,35.874299893360856,-200.00000210929537,-10.407889212808554,-18.295765806174394,-3.3139618350446045,-0.1573922528734865,-0.4161038325168169,-0.15832631652915974
2.0,-0.01566594514866576,-0.02627432822673717,-0.0019210462058442818,0.36346774104176416,0.052335889352126894,-0.1491723916816435,0.003727,0.006,0.00398,16.875352058190188,11.490246439801446,-6.690757680507766,17.752089687243174,12.992588542787407,-6.572090682686237,-38.042260651806146,35.267115137548394,-200.0,-41.3437481560643,35.79416843461076,-202.033257623892,-38.04226164502303,35.26711603375094,-200.0000021172491,-10.463046983018527,-18.322338678139037,-3.204161608183208,-0.15723913261270012,-0.4138799904637541,-0.15922206426960067
2.01,-0.015798216551633604,-0.026528920569720532,-0.0016579316034473074,0.3685952332641776,0.06403204872663837,-0.15830390714801093,0.003727,0.006,0.00398,16.65789925646856,11.441980405953736,-6.587337281418208,17.541922512020026,12.958240279531875,-6.483222196599865,-37.719621435714586,34.65436220533608,-200.0,-41.0787429385725,35.1931377686448,-202.03087957968773,-37.719622421696016,34.6543630876545,-200.00000212538737,-10.5175194784783,-18.34113087608742,-3.0922428323298914,-0.15711661454188258,-0.4115658576066133,-0.16008946034390778
2.02,-0.01592698987772523,-0.02677011637201726,-0.001391794307265673,0.37357679496102814,0.07557546233397519,-0.16747875354688793,0.003727,0.006,0.00398,16.437754680768414,11.38782810344037,-6.478498108164925,17.32887154122905,12.917247002175653,-6.389105636347933,-37.37315769826448,34.036136947605385,-200.0,-40.78827739898762,34.587196306463774,-202.0281884850849,-37.37315867639409,34.03613781586114,-200.00000213369952,-10.57119453848709,-18.35200690790625,-2.9782442202551103,-0.15702493143715093,-0.40916228806398147,-0.16092937035547072
2.03,-0.016052047252997748,-0.026997503650954324,-0.0011226691438704778,0.37840513718466046,0.08695434117029893,-0.17669768332365263,0.003727,0.006,0.00398,16.215016732355515,11.327904379582716,-6.364217081001497,17.113023109404246,12.869700627351651,-6.289715885025166,-37.00308827337833,33.41253698929129,-200.0,-40.47251617288093,33.976440039096964,-202.02517959757995,-37.003089243040186,33.412537843304094,-200.00000214217437,-10.623965212564164,-18.354837051727056,-2.862215109942213,-0.1569643477001489,-0.4066701651702095,-0.16174277570349996
2.04,-0.016173180057338477,-0.027210682851274814,-0.0008506057062675348,0.38307317138461433,0.09815712306145258,-0.18596120234286648,0.003727,0.006,0.00398,15.989787396274606,11.262330053142396,-6.244471612014096,16.89446765347611,12.815699742131775,-6.185027485730154,-36.60964690483671,32.783660804056154,-200.0,-40.13163952322738,33.36096532080438,-202.02184843029946,-36.60964786541542,32.783661643644265,-200.0000021508001,-10.67573015003465,-18.349497772307373,-2.744215599866537,-0.156935160754666,-0.4040904066735235,-0.16253077129095264
2.05,-0.01629018954343675,-0.027409267557997635,-0.000575668741125801,0.38757402772069505,0.10917248034693378,-0.1952695530907026,0.003727,0.006,0.00398,15.762172085274774,11.191231741104806,-6.11923977390714,16.673299591114617,12.755349471212472,-6.0750147891237845,-36.193082098640794,32.14960769873982,-200.0,-39.76584326447582,32.740868867164245,-202.01819075029178,-36.193083049522045,32.149608523720126,-200.00000215956453,-10.726393971071445,-18.335872172680205,-2.6243166639223228,-0.1569377022592164,-0.4014239704800688,-0.16329456304309206
2.06,-0.016402887428195678,-0.027592885255195626,-0.00029793850645630504,0.39190107292814247,0.11998932787681539,-0.20462269842937525,0.003727,0.006,0.00398,15.532279474960257,11.114741678334694,-5.988500476547758,16.44961718874458,12.688761339584852,-5.959652110407774,-35.75365696605055,31.510477797677737,-200.0,-39.375338683474276,32.116247749642945,-202.01420257946623,-35.75365790662128,31.510478607865856,-200.00000216845484,-10.775867617691679,-18.31385047447889,-2.502600245722784,-0.15697233912279196,-0.3986718608042337,-0.16403546524009358
2.07,-0.016511096454653484,-0.02776117812384754,-1.751109829596642e-05,0.39604792768952807,0.13059683140178693,-0.21402030593653953,0.003727,0.006,0.00398,15.300221330548249,11.032997530290567,-5.8522336508596515,16.223522419506754,12.616053130479468,-5.838913895394735,-35.29164905739814,30.8663720268904,-200.0,-38.96035245638581,31.487199386849113,-202.009880198103,-35.29164998704713,30.86637282210088,-200.00000217745807,-10.824068683273111,-18.283330519879225,-2.379159331711114,-0.15703947431178533,-0.3958351345829954,-0.16475489766247067
2.08,-0.016614650922542218,-0.027913803871144505,0.00026550125535863833,0.40000848346886814,0.14098441641712667,-0.2234617328641955,0.003727,0.006,0.00398,15.0661123256377,10.946142198989081,-5.710420439619831,15.995120811464156,12.537348738336982,-5.712774895321882,-34.80735018678103,30.217392098145655,-200.0,-38.52112656066854,30.853821532731903,-202.0052201508061,-34.80735110489914,30.217392878192047,-200.00000218656038,-10.870921719243901,-18.24421828781324,-2.2540980022170802,-0.1571395474373194,-0.3929149080127123,-0.16545438254334718
2.09,-0.016713397185649737,-0.028050436582985117,0.0005509699354136893,0.40377691876429334,0.1511417775017948,-0.2329460117538958,0.003727,0.006,0.00398,14.83006985341606,10.854323622419075,-5.563043394674568,15.764521286377784,12.45277801652857,-5.581210350039803,-34.30106624774611,29.563640492897516,-200.0,-38.05791818115678,30.21621226202812,-202.00021925472592,-34.30106715372688,29.563641257592653,-200.00000219574778,-10.916358517660761,-18.196428416933482,-2.127531459317273,-0.1572730351129477,-0.38991236306923466,-0.16613554131751657
2.1,-0.016807194114250745,-0.02817076759097409,0.000838749709664105,0.40734771473648357,0.16105888817437075,-0.2424718367479273,0.003727,0.006,0.00398,14.592213830750062,10.757694567611399,-5.410086680052852,15.531835989401024,12.362476619533417,-5.444196179185636,-33.7731170200806,28.905220446102913,-200.0,-37.57099960926412,29.57446995330256,-201.99487460983346,-33.773117913320576,28.905221195258967,-200.00000220500573,-10.960318368516226,-18.139884727807594,-1.9995860300888875,-0.15744045107454918,-0.38682875387790794,-0.16680009115363745
2.11,-0.016895913520919292,-0.028274506344938,0.0011286785504909247,0.41071567017101906,0.170726011268578,-0.25203755063948546,0.003727,0.006,0.00398,14.352666495628108,10.656412417581567,-5.251536280416888,15.297180110065948,12.266585839275422,-5.301709180925991,-33.223835967832514,28.242235929919968,-200.0,-37.06065813434255,28.92869326994967,-201.98918361099484,-33.22383684773188,28.242236663348805,-200.0000022143195,-11.002748290675603,-18.074520736918497,-1.8703991436082696,-0.15764234605493252,-0.38366541280675065,-0.16744984125257356
2.12,-0.016979440548160113,-0.028361381281883147,0.0014205774950787897,0.41387591573382454,0.18013370981298366,-0.2616411327085909,0.003727,0.006,0.00398,14.11155219843833,10.550638952371477,-5.087380214250785,15.060671694958423,12.165252435326368,-5.153727237828987,-32.65357002868737,27.57479163728928,-200.0,-36.52719592625948,28.27898113954274,-201.98314396156226,-32.65357089465034,27.574792354802607,-200.00000222367382,-11.043603235484088,-18.000280155294973,-1.7401192798425902,-0.1578793074076626,-0.3804237561656267,-0.1680866888927826
2.13,-0.01705767401636704,-0.02843114068234512,0.0017142505511539008,0.4168239274800275,0.1892728583823992,-0.2712801873944445,0.003727,0.006,0.00398,13.868997187585371,10.440540124429395,-4.917608751149517,14.822431452501844,12.058628458698177,-5.000229529396452,-32.062679394835065,26.902992965401936,-200.0,-35.97092990830732,27.625432731924366,-201.97675368817596,-32.06268024627058,26.902993666811533,-200.0000022330533,-11.082846262156748,-17.917117364928608,-1.6089058884148255,-0.15815195847555671,-0.37710528940451654,-0.16871261520160652
2.14,-0.017130526730753576,-0.02848355350528048,0.002009484651383092,0.41955553957781766,0.19813465487278872,-0.28095193385897754,0.003727,0.006,0.00398,13.625129389963542,10.326285828579397,-4.742214632531924,14.582582550291708,11.94687106897122,-4.841196750756869,-31.451537285464752,26.22694599905597,-200.0,-35.39219161962699,26.968147436427714,-201.97001115645236,-31.45153812178693,26.226946684173814,-200.00000224244232,-11.12044868420216,-17.824997866582166,-1.4769292751002854,-0.15846095770118945,-0.37371161171597606,-0.16932968063070525
2.15,-0.017197925746003623,-0.028518410192959864,0.0023060496596699065,0.4220669562103257,0.20671063263729686,-0.2906531965003463,0.003727,0.006,0.00398,13.380078186819448,10.208049666846033,-4.5611932950633856,14.341250405444494,11.830142344538782,-4.676611336986681,-30.820529711031583,25.546757493904373,-200.0,-34.79132706640884,26.307224838610793,-201.96291508722442,-30.82053053166032,25.546758162543203,-200.00000225182464,-11.156390186222021,-17.72389869311255,-1.3443704538370198,-0.15880699747783955,-0.37024441995965246,-0.16994002011348877
2.16,-0.017259812587530177,-0.028535523437749927,0.002603698432631238,0.42435476262009614,0.2149926729085023,-0.30038039647894105,0.003727,0.006,0.00398,13.133974185550109,10.086008708415159,-4.374543096036223,14.098562468445202,11.708609085788128,-4.50645769249257,-30.170055229444138,24.862534859597034,-200.0,-34.168696561228735,25.642764696866305,-201.95546457299804,-30.170056033805768,24.862535511570336,-200.00000226118428,-11.190658910555623,-17.613808783020076,-1.211420961997736,-0.1591908027410528,-0.3667055118401057,-0.17054583788294284
2.17,-0.01731614342835211,-0.0285347289032101,0.00290216693951037,0.42641593526246735,0.22297301742128992,-0.3101295443219647,0.003727,0.006,0.00398,12.886948987995217,9.960343245027412,-4.182265539920504,13.854648000997368,11.582442611085687,-4.3307224248501,-29.500524694326963,24.174386142819763,-200.0,-33.524674549980965,24.974866919246903,-201.94765909428764,-29.500525481854847,24.174386777942146,-200.0000022705048,-11.223251513334972,-17.49472930958622,-1.0782826367084835,-0.15961312930201305,-0.36309678828322206,-0.17114940192997838
2.18,-0.017366889220754717,-0.028515885892528375,0.0032011744437281386,0.4282478510360417,0.2306442811418819,-0.3198962336756614,0.003727,0.006,0.00398,12.639134955792004,9.83123654211847,-3.9843655052621707,13.609637848398036,11.451818545486255,-4.14939458245513,-28.812360995516272,23.482420010232143,-200.0,-32.85964942597937,24.303631540815473,-201.93949853550717,-28.812361765651442,23.482420628319744,-200.0000022797697,-11.254173189646627,-17.366673961635875,-0.9451673500538997,-0.16007476192569023,-0.3594202549702533,-0.17175303808400075
2.19,-0.017412035782029267,-0.028478877958004356,0.0035004237491252366,0.42984829556045584,0.23799946500160807,-0.32967563627671564,0.003727,0.006,0.00398,12.390664973371388,9.698874586037435,-3.7808514710735825,13.363664206977681,11.316916602142891,-3.9624658953039122,-28.105998791953986,22.786745731308084,-200.0,-32.17402333091207,23.62915870179688,-201.93098320010498,-28.105999544145885,22.786746332178545,-200.00000228896243,-11.28343766758766,-17.229669172672004,-0.8122967011527111,-0.1605765121575232,-0.3556780230025551,-0.1723591237006994
2.2,-0.01745158383374429,-0.02842361344601288,0.003799601513769832,0.43121547047382064,0.2450319685289215,-0.3394624982160884,0.003727,0.006,0.00398,12.141672209181413,9.563445827692933,-3.571735741830243,13.11686038716133,11.17792035645429,-3.7699310181760914,-27.38188423714753,22.087473161080666,-200.0,-31.468211942450765,22.951548626770126,-201.9221138246524,-27.381884970854568,22.08747374455381,-200.0000022980664,-11.311067171122206,-17.083754295849086,-0.6799016632490097,-0.16111921590397538,-0.3518723086836018,-0.17297008094519128
2.21,-0.017485548994147698,-0.028350025972624926,0.004098378633948158,0.4323479997244922,0.2517356022699378,-0.34925113756948123,0.003727,0.006,0.00398,11.892289875730734,9.425140922996041,-3.357034670159861,12.86936057272205,11.035017013048716,-3.571787775452509,-26.64047469737007,21.384712722795047,-200.0,-30.742644248429475,22.27090160510026,-201.91289159162045,-26.640475412060393,21.38471328869297,-200.0000023070649,-11.337092351744744,-16.928981722956067,-0.5482221841957975,-0.16170373077307154,-0.34800543241754706,-0.17358836966287283
2.22,-0.017513961723456484,-0.02825807482585968,0.004396410700653018,0.43324493483423393,0.2581045998863286,-0.3590354434686613,0.003727,0.006,0.00398,11.642650989049674,9.284152470486932,-3.136768876284662,12.62129957681174,10.888397165767016,-3.3680374067571006,-25.882238462777774,20.678575390471025,-200.0,-29.99776230761885,21.587317972769494,-201.9033181406091,-25.88223915793005,20.678575938618483,-200.0000023159415,-11.361552189064273,-16.76541694629731,-0.4175067389705849,-0.16233093318248698,-0.3440798167362501,-0.1742164798346711
2.23,-0.01753686722193365,-0.028147745291290577,0.004693338530517087,0.4339057591123418,0.2641336298196371,-0.3688088766869397,0.003727,0.006,0.00398,11.392888128170416,9.140674746552802,-2.9109634632567047,12.37281259536619,10.73825455087093,-3.158684812570002,-25.10765445162804,19.969172671379216,-200.0,-29.23402099722692,20.900898095724276,-201.89339557782304,-25.10765512673188,19.969173201603827,-200.00000232467946,-11.384493860510446,-16.593138563014985,-0.2880118331819189,-0.1630017152431309,-0.3400979834774543,-0.17485692361877853
2.24,-0.01755432528081821,-0.0280190488985185,0.004988788772724233,0.4343303908028907,0.2698178064128913,-0.37856447181010844,0.003727,0.006,0.00398,11.143133195229492,8.994903438662616,-2.6796482270082076,12.124034958492318,10.584785793765919,-2.9437387989176447,-24.317211907784202,19.256616588432557,-200.0,-28.451887747356178,20.211742354816618,-201.88312648362805,-24.317212562341282,19.256617100565283,-200.0000023332626,-11.40597258047173,-16.412238222054214,-0.16000145687377249,-0.16371698142761265,-0.3360625501475537,-0.17551222698604196
2.25,-0.017566410086319456,-0.027872023586755057,0.0052823745929674384,0.4345191851499422,0.27515270038364054,-0.3882948410610698,0.003727,0.006,0.00398,10.893517176796525,8.847035377063689,-2.442857860225585,11.875101880454531,10.42819014958896,-2.7232123202058776,-23.511410091698934,18.54101966249685,-200.0,-27.651842262735492,19.519951132376786,-201.87251391805202,-23.51141072522335,18.541020156372248,-200.00000234167456,-11.426051409258339,-16.222820514559285,-0.03374648832300614,-0.16447764503335743,-0.33197622551122463,-0.17618492096197275
2.26,-0.01757320997704842,-0.02770673378848082,0.005573696435007769,0.43447293536827863,0.28013434854708086,-0.3979921798421906,0.003727,0.006,0.00398,10.64416990703196,8.697268265403302,-2.2006321490475376,11.626148208884976,10.268669238070938,-2.4971227192245857,-22.690757965070286,17.82249489462212,-200.0,-26.83437623212543,18.825624800418815,-201.86156142413972,-22.690758577089507,17.822495370078656,-200.0000023498994,-11.444801032380349,-16.02500280904461,0.09047595205303921,-0.16528462445127226,-0.32784180445837346,-0.17687753249440955
2.27,-0.017574827155400485,-0.027523270430811375,0.005862342859838568,0.43419287251004024,0.2847592626936221,-0.4076482740540645,0.003727,0.006,0.00398,10.395219833274515,8.545800410756486,-1.9530161615839783,11.377308173848435,10.106426773139171,-2.2654919633175017,-21.855773869370758,17.101155748198565,-200.0,-25.9999930258628,18.128863710445,-201.8502730291021,-21.85577445942623,17.10115620507893,-200.00000235792132,-11.46229951070315,-15.818915033174628,0.21238319711581147,-0.16613883925094694,-0.3236621622054229,-0.17759257497175157
2.28,-0.01757137735357156,-0.02732175085483257,0.00614789146186339,0.4336806642204652,0.2890244375319121,-0.41725450924287194,0.003727,0.006,0.00398,10.1467937846542,8.392830453557774,-1.7000604272551252,11.128715137397155,9.941668287777942,-2.028346875679695,-21.006985198451844,16.377116131039525,-200.0,-25.14920738206895,17.4297681847846,-201.83865324324444,-21.00698576609973,16.37711656919094,-200.0000023657249,-11.478632002143192,-15.604699404424677,0.3316877767132079,-0.16704120609466835,-0.3194402478935075,-0.17833253842309388
2.29,-0.017562989455032568,-0.027102318653745017,0.00642990986088935,0.43293841237882785,0.29292735761581157,-0.4268018816208816,0.003727,0.006,0.00398,9.899016744321477,8.238557097950354,-1.4418211059572608,10.88050134425363,9.774600854713182,-1.7857193607180812,-20.14492806543044,15.650490377393822,-200.0,-24.282545082088077,16.728438509373664,-201.8267070566893,-20.144928610242356,15.650490796668363,-200.000002373295,-11.493890455636341,-15.382510112274868,0.4480982081625733,-0.16799263449258123,-0.315179077650498,-0.1790998794373329
2.3,-0.017549805072439223,-0.026865143431169303,0.00670795676807363,0.4319686496235783,0.29646600318196137,-0.4362810109958975,0.003727,0.006,0.00398,9.652011625875762,8.08317884308087,-1.1783601460769197,10.632797674260624,9.605432803531162,-1.5376466223880152,-19.270146964068644,14.921393229891315,-200.0,-23.40054261575693,16.024974927859923,-201.81443993394876,-19.270147485632275,14.921393630146243,-200.00000238061688,-11.508173278189748,-15.152512954897734,0.5613198314768936,-0.16899402241205608,-0.3108817271865936,-0.17989701084481236
2.31,-0.017531978083107497,-0.026610420481431196,0.006981583123316443,0.43077433476363586,0.2996388548332232,-0.4456821556356243,0.003727,0.006,0.00398,9.405899054567353,7.926893715880563,-0.9097454303947002,10.385733397237072,9.434373434879808,-1.284171374402109,-18.383194424859507,14.189939821423476,-200.0,-22.503746837125572,15.31947763689531,-201.80185780643143,-18.383194922779346,14.189940202521461,-200.00000238767632,-11.521584975907873,-14.914884933560163,0.6710556868159849,-0.17004625175470864,-0.3065513239952048,-0.18072629121044517
2.32,-0.017509674123333013,-0.026338370394049626,0.007250333300897164,0.42935884708076144,0.30244489701226407,-0.4549952290820906,0.003727,0.006,0.00398,9.160797153836338,7.769899005884757,-0.6360509089483111,10.13943593087641,9.261632732435036,-1.0253420411965477,-17.484630666037337,13.456245656962885,-200.0,-21.592714611258167,14.612046782464082,-201.7889670629982,-17.48463113993532,13.456246018772367,-200.0000023944594,-11.53423576995455,-14.669813808154505,0.7770074311157287,-0.17115018371500398,-0.30219103923170876,-0.18159001419335088
2.33,-0.01748307004298255,-0.02604923858499361,0.007513746379492074,0.42772597953092295,0.3048836202187673,-0.46420981891949176,0.003727,0.006,0.00398,8.916821337739606,7.612391002651842,-0.3573567179571563,9.894030602319786,9.087421073343064,-0.7612129485358405,-16.575023239731376,12.720426595323287,-200.0,-20.668012452740882,13.902782457081125,-201.77577453870947,-16.57502368924759,12.720426937718715,-200.00000240095298,-11.546241188488583,-14.417497617410953,0.8788762903695786,-0.17230665403477094,-0.29780407934221126,-0.18249039783268287
2.34,-0.017452353321927266,-0.025743294757567592,0.007771357472008197,0.4258799308555861,0.30695502193303165,-0.4733152074861673,0.003727,0.006,0.00398,8.67408410980364,7.454564736350023,-0.07374928395313195,9.649640414031143,8.911948937872742,-0.491844502639692,-15.654946673488134,11.98259883086445,-200.0,-19.730216156509247,13.191784697688748,-201.76228750192695,-15.654947098281369,11.982599153726541,-200.00000240714414,-11.55772163567366,-14.158144167429475,0.9763640435186225,-0.1735164681682751,-0.2933936775134931,-0.18342957382474143
2.35,-0.017417721450040585,-0.025420832296023682,0.008022699110022243,0.42382529661689294,0.30865960621796723,-0.4823003945080405,0.003727,0.006,0.00398,8.43269486882461,7.296613722084711,0.21467858769121062,9.406385814593559,8.735426619029925,-0.21730335672596712,-14.724982107387115,11.242878875143475,-200.0,-18.77991042158812,12.479153484074326,-201.74851363995128,-14.72498250713545,11.242879178359445,-200.00000241302095,-11.56880193894396,-13.891970492206779,1.069174033456921,-0.17478039637288745,-0.2889630850132134,-0.18440957686031073
2.36,-0.017379381272614985,-0.025082167595186416,0.008267302676942478,0.4215670591737336,0.30999838198059776,-0.49115412161679656,0.003727,0.006,0.00398,8.192759722120927,7.1387297085419075,0.5078276405901324,9.164384475037288,8.558063932898515,0.062337436118089465,-13.785716926980703,10.50138353851658,-200.0,-17.817688468304407,11.764988737631503,-201.73446104339277,-13.785717301382038,10.501383821980442,-200.00000241857177,-11.579610875761281,-13.619202289823466,1.1570122001860002,-0.17609916874064915,-0.28451556248689513,-0.18543233409528942
2.37,-0.017337548303205358,-0.02472763932952489,0.008504699883406621,0.41911057661877527,0.3109728598830513,-0.49986489870151984,0.003727,0.006,0.00398,7.954381306723839,6.981102431522407,0.80559211222055,8.923751071298925,8.380069930480325,0.34699828479777184,-12.837744392288393,9.758229911693027,-200.0,-16.844151649497384,11.049390320290058,-201.72013818948005,-12.837744741061123,9.758230175305801,-200.00000242378573,-11.590280681183687,-13.340073337912054,1.2395881307532872,-0.17747347018651777,-0.28005437127480676,-0.1864996548303439
2.38,-0.017292446006029194,-0.02435760766520685,0.008734424277818613,0.4164615706995715,0.31158504790156244,-0.5084210320275668,0.003727,0.006,0.00398,7.717658618972241,6.823919372938923,1.1078596964699532,8.68459707339859,8.201652611808408,0.6365929378324252,-11.881663263081402,9.013535347245426,-200.0,-15.859909056208751,10.332458033444798,-201.70555392451737,-11.881663585964814,9.013535590915229,-200.00000242865275,-11.600946537615311,-13.054824891940681,1.3166161202027178,-0.17890393540913857,-0.2755827648082469,-0.18761322047817997
2.39,-0.017244305050193837,-0.02397245341874675,0.008956012784396481,0.41362611374993824,0.31183744554019877,-0.5168106540412792,0.003727,0.006,0.00398,7.482686852955556,6.667365525842117,1.4145115244069817,8.447030541907521,8.02301864310637,0.9310283777194248,-10.918077420693006,8.267417441078281,-200.0,-14.865577118286948,9.614291616722054,-201.69071744570203,-10.918077717447744,8.267417664720611,-200.00000243316344,-11.611746048182638,-12.763705069742416,1.3878162374421423,-0.180391143840372,-0.27110398014055115,-0.18877457489821747
2.4,-0.017193362538149265,-0.023572577165895392,0.009169007260594428,0.41061061466083876,0.31173303671376046,-0.5250217547638957,0.003727,0.006,0.00398,7.249557248225287,6.511623166033082,1.725422163744633,8.211155932262459,7.844373077759339,1.2302047329711763,-9.947595486594214,7.519994013858272,-200.0,-13.861779200292013,8.89499074643318,-201.67563828250917,-9.94759575700271,7.519994217396261,-200.00000243730912,-11.622818695247444,-12.466968225581969,1.4529153896256022,-0.1819356146002165,-0.2666212296637269,-0.18998511517954775
2.41,-0.01713986121088061,-0.023158398304438887,0.009372956065336165,0.40742180392305927,0.31127528132158944,-0.5330422146628718,0.003727,0.006,0.00398,7.018356947171464,6.356871630808165,2.040459637381503,7.977073907465176,7.665919081851313,1.5340152086946734,-8.970830437975227,6.771383092408886,-200.0,-12.849145193036358,8.17465503357622,-201.6603262778443,-8.97083068184223,6.771383275773286,-200.00000244108188,-11.634305285625073,-12.164874316903436,1.5116483784218109,-0.18353780147381468,-0.2621376930571521,-0.19124608295247467
2.42,-0.017084048632472537,-0.022730354074575645,0.00956741562911044,0.4040667177769776,0.31046810554081733,-0.5408598388739552,0.003727,0.006,0.00398,6.789168862434067,6.203287105367273,2.359485461315597,7.744881159686015,7.487857665008604,1.842346036513551,-7.988399220576287,6.0217028910728985,-200.0,-11.828311101045802,7.453384021261481,-201.6447915691508,-7.9883994377288925,6.021703054202236,-200.0000024444748,-11.646347384141734,-11.857688266739633,1.5637589413455526,-0.18519808792755132,-0.2576565095101144,-0.19255855630857907
2.43,-0.017026176356786743,-0.022288898540516994,0.009751952016700663,0.40055268150770645,0.3093158908738639,-0.5484623926329255,0.003727,0.006,0.00398,6.562071554691954,6.0510424173998185,2.682354702132106,7.514670241268867,7.310387417270337,2.1550764445545916,-7.0009223590110405,5.271071793044589,-200.0,-10.799918626177808,6.731277181451735,-201.6290445696457,-7.000922549299374,5.271071935885333,-200.00000244748162,-11.659086737230178,-11.545679324587327,1.6090007712342655,-0.18691678218166136,-0.25318077025527436,-0.1939234424063004
2.44,-0.016966499079086636,-0.02183450153694108,0.00992614247308822,0.3968872919268245,0.3078234619907728,-0.5558376377621526,0.003727,0.006,0.00398,6.33713912114381,5.90030684034156,3.0089160541680324,7.286529405612021,7.133704252684899,2.47207864813467,-6.009023564830307,4.5196083316759825,-200.0,-9.764614747586103,6.008433910924012,-201.6130959498368,-6.009023728127468,4.519608454182656,-200.00000245009687,-11.672664688315601,-11.229120428382787,1.6471385068904212,-0.18869411235673023,-0.24871351144575243,-0.19534147083691134
2.45,-0.016905273775538382,-0.0213676475838899,0.010089576942950158,0.3930783990847918,0.3059960734122439,-0.5629733700441554,0.003727,0.006,0.00398,6.114441094965515,5.751245905772994,3.3390119363568878,7.060542458374649,6.958001160305994,2.7932178616905214,-5.013329342572152,3.7674311717587883,-200.0,-8.723051298180334,5.284953526377147,-201.5969566194556,-5.013329478774576,3.7674312738939286,-200.00000245231612,-11.687221586810582,-10.908287570030092,1.6779486879511882,-0.1905302217119733,-0.24425770740397212,-0.19681318782090984
2.46,-0.01684275883358788,-0.02088883477366983,0.010241859554123357,0.38913408726093,0.3038393950839875,-0.569857457302421,0.003727,0.006,0.00398,5.894042355998262,5.6040212254037085,3.6724786086539307,6.836788619432371,6.783467963233818,3.1183523323930706,-4.014468594048603,3.0146590907861794,-200.0,-7.675884537691361,4.560935258626445,-201.58063770991376,-4.014468703076175,3.0146591725204472,-200.0000024541357,-11.702896192584987,-10.583459166764172,1.7012206671397634,-0.19242516399319132,-0.23981626426627625,-0.19833895130063073
2.47,-0.01677921317628807,-0.02039857363328304,0.010382610055482251,0.3850626552805618,0.3013594968973182,-0.5764778779989823,0.003727,0.006,0.00398,5.676003052889652,5.458790323058808,4.009146307840278,6.615342395977438,6.610291086316359,3.4473333957810417,-3.0130722211173087,2.261410960196072,-200.0,-6.623774722422164,3.8364782458447544,-201.5641505573686,-3.0130723029135775,2.2614110215083136,-200.00000245555296,-11.719825077841428,-10.254915440463536,1.7167574732540873,-0.19437889890869564,-0.2353920140433455,-0.19991892698790034
2.48,-0.01671489538369239,-0.019897385965880282,0.010511465199810693,0.3808725962115002,0.2985628322147389,-0.5828227601488877,0.003727,0.006,0.00398,5.460378536878447,5.315706477052747,4.348839402399704,6.3962734671297286,6.438653333092787,3.7800055536358306,-2.009772727190809,1.5078057266002687,-200.0,-5.567385671739759,3.11168152582666,-201.5475066864546,-2.00977278172292,1.5078057674773544,-200.00000245656597,-11.738142028362958,-9.922937806862391,1.7243766184847078,-0.1963912877513501,-0.2309877091126077,-0.20155308541967265
2.49,-0.01665006281448346,-0.019385803674708102,0.010628080062526926,0.37657257649453973,0.2954562204626508,-0.5888804203438366,0.003727,0.006,0.00398,5.24721930737991,5.174918573302324,4.691376566060822,6.179646580393924,6.2687336725260945,4.116206574202168,-1.0052038177334819,0.7539623930011435,-200.0,-4.5073843313463895,2.3866440272701848,-201.5307177947122,-1.0052038449923315,0.7539624134381634,-200.00000245717365,-11.757977446162995,-9.587808276467785,1.7239108440165167,-0.19846208918558553,-0.22660601715557174,-0.20324120006576574
2.5,-0.016584970731017695,-0.018864367572988178,0.010732129287462686,0.372171414564944,0.29204682885631184,-0.5946394026710949,0.003727,0.006,0.00398,5.036570969495913,5.036570969495912,5.036570969495908,5.965521460265993,6.100707036035284,4.455767614737653,-9.797174393178826e-15,7.34788079488412e-15,-200.0,-3.444440333358755,1.6614645600875964,-201.5137957377169,-9.73551114510701e-15,-7.363247797428262e-15,-200.00000245737616,-11.779457755593809,-9.249808868836649,1.7152087982679818,-0.20059095521766562,-0.22224951654961794,-0.20498284652476897
2.51,-0.016519871430986863,-0.018333626183159868,0.01082330825136657,0.3676780590240798,0.28834215332475127,-0.6000885173094642,0.003727,0.006,0.00398,4.82847420353952,4.900803370598354,5.384230489570474,5.753952729258707,5.93474412529921,4.798513366250044,1.0052038177334623,-0.7539623930011289,-200.0,-2.379225553222572,0.9362418047742037,-201.4967525148871,1.0052038449541962,-0.75396241342704,-200.0000024571741,-11.802704815019432,-8.90922104174372,1.6981356426249687,-0.2027774273682224,-0.2179206922210049,-0.20677740283445278
2.52,-0.016455013388886316,-0.01779413452890037,0.010901334139345867,0.3631015664223437,0.28434999870558003,-0.6052168785816567,0.003727,0.006,0.00398,4.622964746629843,4.7677507159323005,5.734157935443015,5.544989841581222,5.771011231264485,5.144262220155161,2.0097727271907893,-1.5078057266002542,-200.0,-1.312413663496105,0.21107430087926307,-201.47960025592073,2.009772781570798,-1.5078057674330843,-200.00000245656923,-11.827835336183414,-8.566325136647485,1.672573580075617,-0.20502093306568647,-0.21362193196324863,-0.2086240509130216
2.53,-0.016390640410452822,-0.01724645292332068,0.010965946924110098,0.35845107871632326,0.2800784582815169,-0.6100139422420544,0.003727,0.006,0.00398,4.42007338637891,4.637543078037089,6.086151290724875,5.338677029672081,5.609670064749115,5.492826456461578,3.013072221117289,-2.2614109601960575,-200.0,-0.24467968455074787,-0.5139395653596617,-201.46235120779016,3.0130723025717647,-2.261411021408937,-200.00000245556413,-11.854960313421168,-8.221399841745077,1.6384223027793223,-0.2073207822792347,-0.20935552322254944,-0.2105217791370998
2.54,-0.016326990803211885,-0.016691145756745962,0.011016910242623537,0.3537358004647212,0.2755358927320269,-0.6144695417805474,0.003727,0.006,0.00398,4.219825966657039,4.5103055734639454,6.4400039708266315,5.135053263748317,5.450877598991728,5.844012452962257,4.0144685940485845,-3.0146590907861652,-200.0,0.8233004677420133,-1.2387015741440324,-201.44501772220016,4.014468702469725,-3.0146591723446767,-200.00000245416217,-11.88418446490143,-7.874721673816215,1.595599355298014,-0.20967616441016748,-0.20512365034996338,-0.21246938605096194
2.55,-0.016264296566195574,-0.016128780287462924,0.01105401216455891,0.34896497582893593,0.2707309085747269,-0.6185739235270055,0.003727,0.006,0.00398,4.022243405390285,4.386158285625358,6.795505094537814,4.934152224495826,5.2947859244537865,6.197620914788917,5.013329342572131,-3.767431171758774,-200.0,1.8908504372380313,-1.9631136859132992,-201.42761224339685,5.013329477829275,-3.7674312736208195,-200.0000024523675,-11.915605688061989,-7.526564479947393,1.5440404109188777,-0.21208614545979926,-0.20092839231797302,-0.21446548519099648
2.56,-0.016202782601842575,-0.01555992543882953,0.011077065847860668,0.3441478654453181,0.26567233617220004,-0.6223177803469528,0.003727,0.006,0.00398,3.8273417243082815,4.2652161997726346,7.15243976881764,4.7360022889880575,5.141542116138963,6.553447123563657,6.009023564830288,-4.519608331675967,-200.0,2.957293885528458,-2.687078055712327,-201.41014729619772,6.00902372677033,-4.519608453792183,-200.00000245018535,-11.949314531430936,-7.177198960153638,1.4836994593077595,-0.21454966549234777,-0.19677172089750655,-0.21650851099726837
2.57,-0.01614266595298186,-0.014985150606119338,0.011085910077638025,0.3392937232369978,0.2603692073805661,-0.625692283727175,0.003727,0.006,0.00398,3.635132090528364,4.14758915013337,7.510589385709145,4.540626529881233,4.991288113650287,6.911281205265331,7.00092235901102,-5.271071793044574,-200.0,4.0219549525533544,-3.4104970480124055,-201.39263547410093,7.00092254745868,-5.271071935358348,-200.00000244762157,-11.985393684987784,-6.826892211822979,1.414548904501314,-0.21706553641031714,-0.19265549928982695,-0.21859672577356162
2.58,-0.016084155067717855,-0.014405024476472517,0.011080409685619075,0.3344117732337954,0.25483073291660396,-0.6286891140602393,0.003727,0.006,0.00398,3.4456208698276263,4.033381779196727,7.869731930234857,4.348042727895287,4.844160614161738,7.270908415816545,7.988399220576268,-6.021702891072883,-200.0,5.0841587195991,-4.133273251858897,-201.3750894273223,7.98839943533454,-6.021703053520627,-200.00000244468268,-12.023917491221367,-6.475907296840219,1.3365795730913699,-0.21963244006001464,-0.18858148120644583,-0.22072822764585168
2.59,-0.016027449094887687,-0.013820113865288072,0.011060455848411699,0.3295111864690817,0.24906627952040666,-0.6313004889491702,0.003727,0.006,0.00398,3.2588096914235285,3.9226935090924555,8.229642298084588,4.158263397550198,4.700290978436849,7.632109443292221,8.970830437975208,-6.771383092408872,-200.0,6.143231674409438,-4.855309496208534,-201.35752185060264,8.970830678825799,-6.77138327492019,-200.00000244137615,-12.064951478977644,-6.124502832160648,1.2498006332711444,-0.22224892668349472,-0.1845513103886549,-0.22290095945882193
2.6,-0.015972737212651723,-0.013230982572380895,0.011025966263873754,0.32460105802252404,0.24308534699049064,-0.6335191893676949,0.003727,0.006,0.00398,3.074695524050526,3.815618524966128,8.590092621868438,3.9712958260879954,4.559805149982869,7.994660725553434,9.947595486594196,-7.519994013858257,-200.0,7.198502178085741,-5.576508865311559,-201.33994547062767,9.947595753297819,-7.51999421635624,-200.00000243770998,-12.108551922173847,-5.7729326045428335,1.1542394262487787,-0.22491341373317889,-0.1805665205574493,-0.2251127185400295
2.61,-0.01592019799260492,-0.01263819026117223,0.010976885205945724,0.3196903842774494,0.23689754516796296,-0.6353385835273986,0.003727,0.006,0.00398,2.89327076309065,3.712245770212239,8.950852604678943,3.7871421254712145,4.4228235873849515,8.358334782021807,10.918077420692986,-8.267417441078265,-200.0,8.249300933399528,-6.296774713984871,-201.32237303290418,10.91807771299009,-8.267417663479591,-200.0000024336931,-12.154765425370519,-5.421445210067191,1.0499412123358367,-0.22762418506406554,-0.17662853578316914,-0.22736116725222205
2.62,-0.01586999880165029,-0.012042291364132984,0.01091318345936354,0.3147880404610789,0.23051257094578817,-0.6367526483206698,0.003727,0.006,0.00398,2.7145233284851185,3.6126589533858837,9.311689859687561,3.6057992973093933,4.289461209821256,8.722900558230988,11.881663263081384,-9.013535347245412,-200.0,9.294961454083664,-7.016010682617884,-201.30481728794237,11.881663580692452,-9.013535589460705,-200.00000242933484,-12.203628538140801,-5.070283718995129,0.9369688348143586,-0.23037939051766668,-0.17273867126323053,-0.22964384424583195
2.63,-0.015822295243683122,-0.011443834017633672,0.010834858136685305,0.30990275853510657,0.22394018537837473,-0.6377559882272146,0.003727,0.006,0.00398,2.5384367731262207,3.51693656657422,9.672370254489685,3.4272593105263818,4.159827355716513,9.088123781723692,12.837744392288375,-9.758229911693011,-200.0,10.334820534616375,-7.734120711747712,-201.28729097660616,12.837744734914653,-9.758230173627075,-200.0000024246453,-12.255167400071546,-4.719685366449084,0.815402305411415,-0.2331770459103527,-0.16889813449535687,-0.23195817631677507
2.64,-0.01577723064296331,-0.010843359029264393,0.010741932381081926,0.30504310550305724,0.21719019096563472,-0.6383438515920373,0.003727,0.006,0.00398,2.3649904014001875,3.425151914971246,10.032658258912583,3.251509191542929,4.0340257544488995,9.45376732780584,13.785716926980685,-10.501383538516565,-200.0,11.368218719958849,-8.451009056037831,-201.26980681450507,13.785717294304611,-10.501383820068598,-200.00000241963517,-12.309397418151264,-4.369881269309528,0.6853383159212154,-0.23601503343796082,-0.16510802683249057,-0.2343014907683274
2.65,-0.01573493557084492,-0.01024139888059497,0.010634454959280726,0.30021746219952744,0.21027240918433623,-0.6385121442038058,0.003727,0.006,0.00398,2.1941593975260294,3.3373731573627774,10.392317295008311,3.0785311267114457,3.912154510983089,9.819591593624423,14.724982107387095,-11.24287887514346,-200.0,12.394500774658203,-9.166580297494114,-201.25237747532066,14.724982499073079,-11.242879176207442,-200.00000241431562,-12.366322978174566,-4.021096169647284,0.5468896811329388,-0.23889110250650675,-0.16136934540476805,-0.2366710281713642
2.66,-0.015695527417334598,-0.00963847676822293,0.010512499749948473,0.2954340026248182,0.20319665833798642,-0.638257440124229,0.003727,0.006,0.00398,2.0259149633098383,3.2536633571942253,10.751110087971089,2.9083025767031283,3.794306103261193,10.185354879002984,15.654946673488116,-11.982598830864434,-200.0,13.413016150682418,-9.880739357753278,-201.23501557298036,15.654947089182984,-11.982599151329241,-200.0000024086983,-12.425937191677834,-3.67354820491933,0.4001847187902162,-0.2418028709978104,-0.1576829853928471,-0.23906395541370573
2.67,-0.015659110008731734,-0.009035105685820624,0.01037616513361414,0.29070067388660975,0.19597273179463554,-0.6375769897411967,0.003727,0.006,0.00398,1.860224464910749,3.174080543861356,11.108799016744,2.7407964025119065,3.6805673921431423,10.550813772448638,16.575023239731358,-12.720426595323273,-200.0,14.423119453314483,-10.593391509282089,-201.21773364261392,16.575023679064977,-12.720426935073146,-200.0000024027955,-12.48822167977658,-3.327448705064566,0.24536657278455945,-0.2447478269765642,-0.15404974263574397,-0.24147737892762422
2.68,-0.015625773272402766,-0.008431787549751109,0.010225573290975898,0.2860251768082145,0.1886103766798857,-0.6364687250406614,0.003727,0.006,0.00398,1.697051588191595,3.098677783833259,11.465146463113859,2.5759810027051437,3.571019643649117,10.915723540737154,17.48463066603732,-13.456245656962873,-200.0,15.424170904397426,-11.304442385331983,-201.20054412025485,17.484631128623466,-13.456246015877545,-200.00000239661983,-12.553146395146573,-2.983002016548419,0.08259248619213033,-0.24772333084426304,-0.15047031655572113,-0.2439083579836798
2.69,-0.015595592949503148,-0.007829012370637108,0.010060869417060386,0.28141494726059235,0.1811192730900358,-0.634931262114351,0.003727,0.006,0.00398,1.5363565022075805,3.0275032611894934,11.819915158132973,2.413820461517767,3.4657385632189097,11.279838520488006,18.38319442485949,-14.189939821423462,-200.0,16.41553680219572,-12.013797988500507,-201.18345932127517,18.383194910296258,-14.189940199378446,-200.0000023901842,-12.62066948321184,-2.640405353294957,-0.08796696895406902,-0.25072661794271556,-0.1469453133812221,-0.24635391794098552
2.7,-0.015568630356261652,-0.007227257473103488,0.0098822208592734,0.2768771382727315,0.17350901388767342,-0.6329639009420307,0.003727,0.006,0.00398,1.3780960303657375,2.960600367126428,12.172868524755785,2.2542747073546945,3.3647943416669075,11.642912510159153,19.270146964068626,-14.9213932298913,-200.0,17.396589977118072,-12.721364697762601,-201.16649141757117,19.270147471939264,-14.921393626758297,-200.0000023835021,-12.690737183463376,-2.2998486743582296,-0.26612869802111017,-0.2537548016085974,-0.14347524964848618,-0.24881106334521025
2.71,-0.01554493219420371,-0.006626986765697514,0.009689816187785416,0.2724186029722015,0.16578908513917942,-0.6305666225080178,0.003727,0.006,0.00398,1.2222238287711553,2.8980077979653323,12.523771015630514,2.097299681236184,3.268251712476681,12.004699160921415,20.144928065430427,-15.65049037739381,-200.0,18.36671024253357,-13.427049273846112,-201.14965241354597,20.144928595303938,-15.650490793041008,-200.00000237658708,-12.76328377163947,-1.9615145880672105,-0.4516979190491417,-0.2568048766778123,-0.14006055596100744,-0.25127679077108883
2.72,-0.015524530409492091,-0.006028650062797521,0.009483864207053105,0.2680458784046989,0.15796884725051377,-0.6277400833316098,0.003727,0.006,0.00398,1.0686905712585675,2.8397596611727787,12.872388445046818,1.9428475146921262,3.176170020046285,12.364952364913881,21.00698519845183,-16.377116131039514,-200.0,19.325284839911145,-14.130758862840784,-201.13295412096488,21.006985749883633,-16.377116565331676,-200.00000236945317,-12.838231543344298,-1.6255782822855624,-0.6444690196741294,-0.25987372343695725,-0.13670158098553653,-0.2537481013100427
2.73,-0.015507442101332727,-0.005432682460083264,0.009264592917465314,0.2637651702782425,0.15005751685435192,-0.6244856075098919,0.003727,0.006,0.00398,0.9174441405941385,2.785885588886238,13.218488314103013,1.7908667165845273,3.0886032984642653,12.723426639434598,21.855773869370736,-17.101155748198547,-200.0,20.27170887751336,-14.832400997947131,-201.11640813278837,21.855774441903467,-17.101156200997483,-200.00000236211454,-12.915490839480668,-1.292207480309377,-0.8442264285416541,-0.262958112016375,-0.13339859566202916,-0.25622201261129507
2.74,-0.015493669479202528,-0.004839503764927415,0.0090322484362243,0.2595823386743391,0.14206414949811652,-0.6208051763887215,0.003727,0.006,0.00398,0.7684298253180832,2.736410858420706,13.561840128225196,1.641302368312487,3.0056003603672914,13.079877505683665,22.690757965070276,-17.822494894622103,-200.0,21.205385761891556,-15.53188359929035,-201.10002579611384,22.690758558234336,-17.82249536578683,-200.00000235458546,-12.99496011371012,-0.9615624218313071,-1.0507454941979681,-0.26605470721793595,-0.13015179760456735,-0.25869557039167207
2.75,-0.015483199868438671,-0.004249517982815858,0.008787093886550412,0.2555028847649885,0.13399762317875347,-0.6167014159934193,0.003727,0.006,0.00398,0.6215905216880673,2.6913565192193873,13.90221570624082,1.494096326831025,2.9272048954032894,13.434061860748116,23.511410091698917,-18.541019662496836,-200.0,22.125727621446927,-16.22911497174419,-201.08381818438505,23.511410705013127,-18.541020151884,-200.00000234688062,-13.076526041951034,-0.6337958682842812,-1.2637933647154436,-0.26916007376780976,-0.1269613156692062,-0.26116585933847986
2.76,-0.015476005763554625,-0.003663112860681661,0.008529408264197152,0.2515319385708123,0.12586662276623262,-0.6121775823646126,0.003727,0.006,0.00398,0.4768669401721579,2.6507395256991795,14.239389480283233,1.3491874348941522,2.8534555777991395,13.785738341598664,24.317211907784184,-19.256616588432543,-200.0,23.032155721352453,-16.924003800733477,-201.06779606905073,24.317212540756692,-19.25661709589646,-200.00000233901451,-13.160063673764155,-0.3090531317876893,-1.4831298616270396,-0.27227068198312876,-0.12382721466436476,-0.26363001333898595
2.77,-0.015472044928450984,-0.0030806594877722804,0.008259485290030455,0.24767424779191102,0.11767962535373946,-0.6072375449566754,0.003727,0.006,0.00398,0.334197815932334,2.6145728754340865,14.573138785877605,1.2065117379137478,2.784386182509422,14.134667679956209,25.107654451628022,-19.969172671379205,-200.0,23.924100869165564,-17.61645914600584,-201.0519698908762,25.10765510375666,-19.969173196772456,-200.00000233100192,-13.245436625279336,0.01252787319551174,-1.708508342168926,-0.27538291383902724,-0.12074950017843866,-0.2660852249805881
2.78,-0.015471260542521409,-0.0025025119544547017,0.007977632257127665,0.2439341677393061,0.10944488656839699,-0.601885768266136,0.003727,0.006,0.00398,0.19352012273225486,2.582865752111571,14.903244141634952,1.066002706809081,2.720025709402477,14.480613046980007,25.882238462777757,-20.67857539047101,-200.0,24.801003810503307,-18.306390433389957,-201.03634973113014,25.882239133550932,-20.678575933644346,-200.0000023228575,-13.33249731314634,0.3308165564569402,-1.939676544283323,-0.2784930694207086,-0.11772812349942235,-0.2685287542760105
2.79,-0.015473581391503755,-0.0019290070690982375,0.007684168880453535,0.24031565239102146,0.10117042787213303,-0.5961272918652767,0.003727,0.006,0.00398,0.05476928969681619,2.5556236726939616,15.229489518056672,0.9275914662072688,2.660398514922243,14.823340386828365,26.64047469737006,-21.384712722795037,-200.0,25.6623156142013,-18.993707444580426,-201.0209452828828,26.640475386267276,-21.384713283597797,-200.0000023145961,-13.421087228835146,0.6456895579688601,-2.1763774093558093,-0.28159737374375343,-0.11476298660048712,-0.2709579365789665
2.8,-0.015478922101759642,-0.0013604641329615433,0.00737942615668169,0.23682224659301512,0.092864024878026,-0.589967709021809,0.003727,0.006,0.00398,-0.08212057965197933,2.5328486382136144,15.551662595026253,0.7912070273426175,2.605524450648929,15.162618738245234,27.381884237147517,-22.08747316108065,-200.0,26.507498046428825,-19.67832030501805,-201.00576582266507,27.381884943639996,-22.08747373936107,-200.00000230623235,-13.511037252425673,0.9570306342767914,-2.418349878239182,-0.28469198392359174,-0.1118539471656721,-0.27337018966694693
2.81,-0.015487183416546462,-0.0007971847727719708,0.007063745241213559,0.233457079421338,0.08453319670313938,-0.5834131440890543,0.003727,0.006,0.00398,-0.21721648666185456,2.5145392876310586,15.869555007640066,0.6567765249926325,2.555419008168706,15.498220543431172,28.105998791953972,-22.78674573130807,-200.0,27.336023933291827,-20.36013946995782,-200.99082018274493,28.105999515505417,-22.78674632691333,-200.0000022977809,-13.602168004890014,1.2647305265776652,-2.6653296566835736,-0.2877729966740332,-0.10900082362970803,-0.2757630199781897
2.82,-0.015498252512717747,-0.00023945283046979127,0.006737476348821769,0.23022285871804485,0.07618519637452877,-0.5764702288524592,0.003727,0.006,0.00398,-0.3505863156996405,2.5006910541870155,16.182962580099616,0.5242254577805441,2.5100934696521535,15.829921943563459,28.812360995516258,-23.48242001023213,-200.0,28.14737751151449,-21.03907570884381,-200.97611672428053,28.812361735583295,-23.482420623008732,-200.00000228925632,-13.694290237715647,1.568686811765856,-2.9170499469368707,-0.2908364561131534,-0.10620340020602627,-0.2781340280013578
2.83,-0.015512003356178432,0.00031246569061030294,0.006400977683739095,0.227121866809587,0.06782700230080428,-0.5691460780176253,0.003727,0.006,0.00398,-0.48229861176276884,2.491296323682448,16.491685547459202,0.39347793116842456,2.469555063533246,16.157503060436362,29.50052469432695,-24.174386142819753,-200.0,28.94105476685245,-21.71504008813437,-200.96166331161172,29.500525450359724,-24.174386772613616,-200.00000228067296,-13.7872052585788,1.868803737776492,-3.1732421428645643,-0.2938783618533992,-0.1034614318775176,-0.28048091282566795
2.84,-0.015528297094326262,0.0008583226240501882,0.006054614404308101,0.22415595741264102,0.05946531081737653,-0.5614482640224298,0.003727,0.006,0.00398,-0.6124223581307785,2.4863445941266438,16.795528765087894,0.26445690246139064,2.4338071246751647,16.480748263797842,30.170055229444124,-24.86253485959702,-200.0,29.716563759954568,-22.387943952744433,-200.94746728794604,30.17005600088694,-24.8625355062537,-200.0000022720451,-13.880705391647322,2.1649920446055537,-3.433636486594661,-0.2968946773518289,-0.10077464932490886,-0.2828014758698618
2.85,-0.015546982483635879,0.0013978875842556374,0.005698757626647122,0.22132655372863558,0.05110652980934346,-0.553384791351362,0.003727,0.006,0.00398,-0.7410267546321387,2.4858226361999485,17.094301905770216,0.13708442714191224,2.4028492584061087,16.799446424062022,30.82052971103157,-25.54675749390436,-200.0,30.473424939452432,-23.057698906294412,-200.93353545268772,30.8205304973235,-25.54675815726937,-200.00000226338682,-13.974574470981278,2.4571687724118276,-3.697962685264236,-0.29988133849541554,-0.09814276376830393,-0.2850936238164404
2.86,-0.01556789635045837,0.0019309478572304833,0.005333783471062503,0.2186346477246048,0.04275677341190466,-0.544964070524046,0.003727,0.006,0.00398,-0.8681809970964615,2.4897146539863573,17.387819644428646,0.011281905853891888,2.376677507807548,17.113391150176522,31.451537285464738,-26.22694599905596,-200.0,31.211171442118786,-23.724216790374783,-200.9198740406488,31.451538086039935,-26.226946678974723,-200.00000225471186,-14.068588365371278,2.7452570581261933,-3.9659504870556206,-0.30283426239515315,-0.09556547169831742,-0.2873553707861893
2.87,-0.015590864083070982,0.0024573082396383422,0.004960072154269246,0.2160808005944675,0.03442185778425624,-0.5361948919222664,0.003727,0.006,0.00398,-0.9939540585575208,2.498002445441068,17.675901830508717,-0.11302966864114924,2.3552845236388658,17.42238101251946,32.06267939483505,-26.902992965401925,-200.0,31.929349379996147,-24.387409663053795,-200.90648870336426,32.06268020912353,-26.902993661720068,-200.0000022460338,-14.16251553287467,3.029185922000243,-4.237330216229506,-0.30574935636241046,-0.09304245947413808,-0.2895848397945363
2.88,-0.015615700152949859,0.0029767908277052516,0.004578007129764916,0.21366514439139392,0.026107297949130467,-0.5270863996107799,0.003727,0.006,0.00398,-1.1184144727644838,2.5106655620692497,17.958373648118094,-0.23592946520877509,2.3386597362861234,17.726219750791962,32.653570028687355,-27.574791637289266,-200.0,32.627518114452435,-25.047189776871054,-200.89338449271867,32.65357085611515,-27.5747923498528,-200.00000223736595,-14.256117603196461,3.3088900455202266,-4.511833267409932,-0.3086225270398455,-0.09057340776703321,-0.2917802635379134
2.89,-0.015642208663215237,0.003489234757631264,0.004187974278078599,0.2113873848185937,0.017818305686532913,-0.5176480652970314,0.003727,0.006,0.00398,-1.2416301205510107,2.5276814673044536,18.235065764060806,-0.35749656945363056,2.326789529128477,18.02471646695695,33.22383596783251,-28.242235929919953,-200.0,33.305250517174564,-25.703469556572898,-200.88056584706985,33.22383680782246,-28.24223665857525,-200.00000222872143,-14.349149985989078,3.584309542090188,-4.789192559799874,-0.3114496896589743,-0.08815799582921624,-0.2939399845623084
2.9,-0.015670183922174827,0.00399449589928505,0.0037903611479513932,0.20924680516264613,0.009559788466812739,-0.507889662563793,0.003727,0.006,0.00398,-1.36366801960225,2.5490256930888355,18.505814463949704,-0.47780974085667344,2.319657412723635,18.317685803354323,33.77311702008059,-28.9052204461029,-200.0,33.962133218157675,-26.356161576854802,-200.86803658003225,33.77311787205262,-28.90522119069704,-200.00000222011272,-14.441362503066724,3.8553897218620126,-5.069142952457904,-0.3142267773960429,-0.08579590556931736,-0.2960624548710403
2.91,-0.01569941103986868,0.004492446505033311,0.0033855562489419344,0.20724227135041443,0.0013363494049810675,-0.4978212414968658,0.003727,0.006,0.00398,-1.4845941181483906,2.5746719941713505,18.770461776620664,-0.5969471725853362,2.3172441992234742,18.604948106194794,34.3010662477461,-29.563640492897505,-200.0,34.597766840791614,-27.00517854038352,-200.85579987206165,34.3010671111177,-29.56364125327822,-200.00000221155244,-14.532500042449687,4.122080852038976,-5.351421622093071,-0.3169497507970644,-0.0834868254175319,-0.2981462350302756
2.92,-0.01572966654552365,0.004982974815631508,0.0029739483953846735,0.20537223810760985,-0.0068477117847972144,-0.48745310381763013,0.003727,0.006,0.00398,-1.6044730931019122,2.6045924996556673,19.02885558710604,-0.7149862546123361,2.319528176442407,18.886329574700195,34.80735018678102,-30.21739209814564,-200.0,35.21176622418293,-27.65043325637455,-200.84385826495256,34.807351060967584,-30.217392874161423,-200.00000220305233,-14.62230323210087,4.3843379139285545,-5.635768405154872,-0.3196146072430961,-0.08123045396515843,-0.3001899928332183
2.93,-0.01576071902382025,0.005465984625153568,0.002555926101142858,0.20363475619423613,-0.014988396858380673,-0.47679577861749456,0.003727,0.006,0.00398,-1.723368153141889,2.6387578613454536,19.280849738455892,-0.8320033407652203,2.326485281014216,19.16166239621617,35.29164905739813,-30.866372026890385,-200.0,35.803760632883,-28.291838620001865,-200.83221365933838,35.29164994181343,-30.86637281839064,-200.00000219462402,-14.710509131148978,4.642120357949214,-5.921926106222298,-0.322217390426171,-0.07902650336520649,-0.3021925015836265
2.94,-0.01579232976788456,0.005941394806982969,0.0021318770241400276,0.20202748068943455,-0.023082006160870864,-0.46585999877846634,0.003727,0.006,0.00398,-1.8413408472342305,2.677137398451696,19.526304122720653,-0.9480735203135346,2.338089270087675,19.430784867674056,35.753656966050535,-31.510477797677723,-200.0,36.37339395421675,-28.929307592912956,-200.82086731525135,35.75365786010711,-31.5104786045129,-200.00000218627886,-14.796851936339351,4.895391857721014,-6.20964077489072,-0.32475419980617803,-0.07687470248273932,-0.30415263805926135
2.95,-0.01582425344693411,0.006409138802910198,0.0017021874592805242,0.20054768029565648,-0.031125134824534814,-0.4546566781512681,0.003727,0.006,0.00398,-1.9584508790611006,2.7196992382438796,19.76508476143195,-1.063270394683778,2.3543118910272596,19.693541503822125,36.19308209864079,-32.14960769873981,-200.0,36.92032488342777,-29.562753185117458,-200.80981985577853,36.193083001750075,-32.149608520761234,-200.00000217802767,-14.881063701405175,5.144120064277259,-6.498661953459643,-0.32722120001883326,-0.07477479978582695,-0.30606938021364893
2.96,-0.015856238786524222,0.006869164077406682,0.0012672418780147465,0.19919224762962592,-0.03911466807614031,-0.4431968895498682,0.003727,0.006,0.00398,-2.074755927815739,2.7664104522453514,19.99706387593473,-1.1776658598741585,2.3751230486024397,19.949783132682718,36.609646904836694,-32.78366080405614,-200.0,37.444227096866534,-30.192088438507955,-200.7990712738172,36.60964781640956,-32.78366164111634,-200.00000216988067,-14.96287506700329,5.388276361344492,-6.788742897814011,-0.329614630204649,-0.072726565969997,-0.3079418046727301
2.97,-0.01588802925935932,0.007321431539146238,0.0008274225125456391,0.1979577104652,-0.0470477756862197,-0.43149184360910353,0.003727,0.006,0.00398,-2.1903114758005784,2.8172371875914273,20.22211994793906,-1.2913298951216423,2.400490969167322,20.199366978720928,37.003088273378324,-33.412536989291276,-200.0,37.94478941345787,-30.81722641226035,-200.78862094190998,37.00308919282538,-33.41253784124378,-200.0000021618479,-15.042015998810298,5.627835622528808,-7.079640773885699,-0.33193081322862106,-0.07072979631151902,-0.30976908407913056
2.98,-0.015919363784671077,0.007765914931853218,0.00038310898243226754,0.19684024389100785,-0.054921905594350645,-0.4195528685404153,0.003727,0.006,0.00398,-2.3051706432479615,2.8721447931884065,20.440137770668986,-1.404330358352956,2.430382361351641,20.44215673423286,37.37315769826447,-34.03613694760537,-200.0,38.421715944684486,-31.43808017034615,-200.77846762511308,37.37315862499617,-34.03613781430491,-200.00000215393885,-15.118216531347528,5.862775971144828,-7.371116832067448,-0.33416616476036776,-0.06878431274691185,-0.31155048433350724
2.99,-0.015949977434181507,0.008202600196538165,-6.532203881237653e-05,0.1958356833436168,-0.06273477674588276,-0.4073913908096824,0.003727,0.006,0.00398,-2.419384030761767,2.931097940330571,20.6510084909935,-1.5167327889291424,2.464762572804132,20.678022619477346,37.719621435714586,-34.654362205336064,-200.0,38.874726233320914,-32.05456277137319,-200.7686094968276,37.71962236914174,-34.6543630866386,-200.00000214616264,-15.19120751505311,6.093078543301209,-7.662936561861875,-0.3363172021841969,-0.06688996567858115,-0.31328536177736344
3.0,-0.015979602142707796,0.008631484807186271,-0.0005174971196667544,0.19493953847495948,-0.07048437117665864,-0.3950189167508534,0.003727,0.006,0.00398,-2.532999569757341,2.9940607374531574,20.854629642927325,-1.628600218170023,2.5035957425500484,20.906841432085105,38.04226065180614,-35.26711513754838,-200.0,39.30355538114456,-32.66658726095137,-200.75904415749895,38.042261591339916,-35.267116033310764,-200.00000213852772,-15.260721364097257,6.3187272547534015,-7.954869828949821,-0.33838055330863387,-0.06504663550848831,-0.31497316035759115
3.01,-0.01600796742150215,0.009052577081936339,-0.0009730463316872107,0.19414700781083896,-0.07816892538319083,-0.3824470151195927,0.003727,0.006,0.00398,-2.6460623812549553,3.0609968387189563,21.050905172890563,-1.739992988120556,2.5468449485458744,21.12849658628331,38.34087156069502,-35.87429898345111,-200.0,39.707954165839375,-33.27406666675991,-200.74976865607042,38.34087250574747,-35.87429989353167,-200.00000213104238,-15.326492802413714,6.539708571908983,-8.246690996701195,-0.34035296484505634,-0.06325423390414071,-0.31661340880714367
3.02,-0.016034801072441617,0.00946589547177882,-0.001431603478390775,0.19345299415551565,-0.08578692101646702,-0.36968730058254656,0.003727,0.006,0.00398,-2.758614643357947,3.1318695461573705,21.239745457112726,-1.850968578995664,2.5944723500360207,21.34287814247297,38.61526555333096,-36.47581786167633,-200.0,40.08768914729322,-33.87691399647026,-200.74077951405496,38.61526650331499,-36.475818785934266,-200.00000212371407,-15.388259605385025,6.756011287261635,-8.538179034008225,-0.34223131062481765,-0.06151270480326512,-0.31820571787175495
3.03,-0.0160598299012341,0.009871467828788956,-0.0018928062945624546,0.1928521206956562,-0.09333707493808875,-0.3567514181301254,0.003727,0.006,0.00398,-2.8706954677233116,3.2066419050960704,21.42106731156311,-1.9615814457136724,2.6464393243383633,21.549882827690936,38.86526931658695,-37.07157678542005,-200.0,40.44254276347222,-34.475042238654495,-200.7320727520727,38.865270270916625,-37.071577723715734,-200.00000211655004,-15.445763334623114,6.967626299420671,-8.829117611107389,-0.34401259952484303,-0.059822025165420345,-0.31974977760650286
3.04,-0.016082780427837867,0.010269330655890155,-0.00235629661859843,0.19233874775531543,-0.1008183286778163,-0.34365102839393125,0.003727,0.006,0.00398,-2.982340785306993,3.285276792646514,21.594793994781398,-2.071882863901127,2.702706597707808,21.749414047478886,39.09072494272773,-37.66148167744202,-200.0,40.77231341603796,-35.06836436678537,-200.72364391868533,39.090725900818484,-37.66148262963695,-200.00000210955687,-15.49875006327247,7.174546397793194,-9.119295184876952,-0.34569398307165494,-0.058182205480914316,-0.32124535476132127
3.05,-0.01610337959232891,0.01065952834013785,-0.002821720540432393,0.19190699015208929,-0.10822983733180609,-0.33039779384408785,0.003727,0.006,0.00398,-3.093583241640096,3.367736999026766,21.76085520397331,-2.181920785723504,2.763234369949551,21.94138188966866,39.29149002914754,-38.245439384921355,-200.0,41.07681554585229,-35.656793346408556,-200.71548812134316,39.29149099041634,-38.24544035087793,-200.00000210274078,-15.54697108926456,7.376766051881371,-9.408505074889465,-0.347272762694321,-0.05659329004886268,-0.3226922902692907
3.06,-0.016121355454500698,0.011042112371511023,-0.0032887285275008393,0.19155073510316914,-0.11557095794091904,-0.3170033658367892,0.003727,0.006,0.00398,-3.204452101866077,3.4539853015274224,21.91918706472566,-2.291739705867212,2.8279824324762135,22.125703120577235,39.467437768314724,-38.82335769416666,-200.0,41.355879698495364,-36.24024214554183,-200.70760005925123,39.467438732180256,-38.823358673748245,-200.00000209610747,-15.590183633976277,7.574281205070551,-9.696545531285846,-0.34874639659737905,-0.055055357037871906,-0.32409049684648567
3.07,-0.016136437885514998,0.011417140549187126,-0.0037569755311135378,0.19126366062870515,-0.12284123738845423,-0.3034793724783103,0.003727,0.006,0.00398,-3.314973165741135,3.543984530948342,22.06973211468183,-2.401380537968433,2.89691027952564,22.302301174086026,39.61845702786605,-39.39514534517737,-200.0,41.60935257990184,-36.81862374833075,-200.6999740579466,39.61845799374883,-39.395146338248246,-200.00000208966202,-15.628151523760147,7.767089072698215,-9.98321979534979,-0.35011250622546114,-0.05356851834416161,-0.3254399567080782
3.08,-0.016148359249975014,0.011784676177295998,-0.00422612107547099,0.19103925439868794,-0.1300403998565498,-0.2898374072684876,0.003727,0.006,0.00398,-3.425168692772531,3.637697630357558,22.212439281505546,-2.510880501753737,2.96997721227861,22.4711061340586,39.744452420800336,-39.960712046055086,-200.0,41.83709710220183,-37.39185117196434,-200.69260410537314,39.74445338812303,-39.96071305248032,-200.00000208340913,-15.660645851861798,7.955187944137726,-10.268336153460782,-0.3513688822923378,-0.05213291926291512,-0.32674071940079685
3.09,-0.016156855076839095,0.012144787252151526,-0.004695829331463397,0.19087083296847202,-0.1371683338803134,-0.2760890184842119,0.003727,0.006,0.00398,-3.535057337641074,3.7350877060463397,22.347263855444922,-2.6202730211262164,3.0471424356381744,22.63205471052898,39.845344365726895,-40.519968487261444,-200.0,42.038992419836596,-37.95983748682916,-200.6854838892316,39.84534533391419,-40.51996950690683,-200.0000020773531,-15.687445618291212,8.138576988572922,-10.55170798494355,-0.3525134903482335,-0.05074873798951274,-0.3279928997487784
3.1,-0.016161664717643992,0.01249754564298354,-0.005165769177243429,0.19075156134710824,-0.1442250790385103,-0.2622456992617424,0.003727,0.006,0.00398,-3.644654096025177,3.836118070578048,22.474167456793698,-2.729587633399037,3.128365147454584,22.785090210069026,39.921069137130864,-41.072826355721325,-200.0,42.21493395600215,-38.52249583985614,-200.67860683537887,39.92107010560988,-41.07282738845319,-200.00000207149736,-15.708338345283003,8.3172560641043,-10.83315380415723,-0.35354447586060284,-0.04941618496790139,-0.3291966759061323
3.11,-0.01616253199056271,0.012843026268223132,-0.005635614247454901,0.19067447284183078,-0.151210812319379,-0.24831887833555383,0.003727,0.006,0.00398,-3.7539702609148438,3.940752277852354,22.59311799852889,-2.8388499098460356,3.2136046200019606,22.930162500719714,39.971578905623566,-41.61919834876828,-200.0,42.36483341946263,-39.079739480989545,-200.67196614704358,39.97157987382377,-41.6191993944535,-200.0000020658453,-15.72312066606692,8.491225529809551,-11.11249729704824,-0.3544601687852034,-0.04813550210348938,-0.3303522875074979
3.12,-0.01615920580888086,0.013181306269427748,-0.006105042972859687,0.19063248912137554,-0.15812583419987103,-0.2343199113909238,0.003727,0.006,0.00398,-3.8630133894746366,4.0489541501303,22.70408964438785,-2.94808138770626,3.302820273534845,23.067227971846563,39.99684176815264,-42.15899818793095,-200.0,42.48861881176528,-39.63148179268542,-200.66555484462646,39.996842735506185,-42.15899924643683,-200.0000020603996,-15.73159888477278,8.660486060374764,-11.38956735226035,-0.35525908760614794,-0.046906961858060425,-0.33146003390534645
3.13,-0.016151440792536803,0.013512464184978541,-0.006573738612004665,0.19061844044029558,-0.1649705544763511,-0.22026007298744496,0.003727,0.006,0.00398,-3.971787280485184,4.160687796990199,22.807062762628657,-3.057299513746318,3.3959717417746007,23.196249489254786,39.99684176815264,-42.69214063255711,-200.0,42.58623442488126,-40.17763632232459,-200.65936580584903,39.99684273409425,-42.69214170375123,-200.0000020551624,-15.733589505411262,8.825038462928696,-11.66419808682576,-0.3559399428256286,-0.04573086624379674,-0.33252027248182287
3.14,-0.01613899786143854,0.013836579125732253,-0.0070413892764324415,0.19062508596610073,-0.1717454778845533,-0.20615054901107485,0.003727,0.006,0.00398,-4.08029196236341,4.275917626208902,22.9020238757015,-3.1665175994511117,3.4930189291973495,23.317196345875587,39.971578905623566,-43.218541493274415,-200.0,42.657640829293626,-40.71811681740388,-200.65339180601768,39.97157986959095,-43.21854257702456,-200.00000205013555,-15.728919728010304,8.984883495741247,-11.936228866368449,-0.3565016398865445,-0.044607545732927856,-0.33353341702126754
3.15,-0.01612164480934132,0.014153729954870034,-0.007507687950861763,0.19064513415089349,-0.1784511895463988,-0.19200242961310549,0.003727,0.006,0.00398,-4.188523691732347,4.394608346588059,22.988965606039013,-3.2757447878801713,3.593922060016718,23.430044208310836,39.921069137130864,-43.73811764528468,-200.0,42.70281485255424,-41.25283726335078,-200.6476255581683,39.921070098564556,-43.73811874145862,-200.00000204532023,-15.717427910140067,9.140021688498978,-12.205504319739497,-0.356943281513684,-0.043537358098666844,-0.3344999361298872
3.16,-0.01609915685714313,0.014463994474246497,-0.007972332509644076,0.19067126308922083,-0.1850883402811361,-0.17782670259549452,0.003727,0.006,0.00398,-4.296474962482176,4.516724962769916,23.06788661815684,-3.384986032193353,3.698641718776134,23.534775059499967,39.845344365726895,-44.25078704149044,-200.0,42.72174954833298,-41.781711923787135,-200.64205975286208,39.845345324070536,-44.25078814995581,-200.00000204071728,-15.698963992226828,9.290453163932021,-12.471874347961254,-0.3572641694619675,-0.042520687201856235,-0.33542035168839224
3.17,-0.016071317184533078,0.01476744861960988,-0.008435025730732515,0.19069614080411149,-0.19165763181819606,-0.1636342472032793,0.003727,0.006,0.00398,-4.404134525235266,4.642232762112557,23.138791557236914,-3.494242085816381,3.8071388824868726,23.63137713775016,39.744452420800336,-44.75646872545093,-200.0,42.71445415599018,-42.304655383051625,-200.6366870974038,39.74445337550082,-44.756469846075184,-200.000002036327,-15.673389885239429,9.436177460648361,-12.735194127380355,-0.3574638056632128,-0.04155794173647701,-0.3362952373244366
3.18,-0.016037917439014296,0.015064165667140153,-0.00889547530831064,0.19071244540373167,-0.19815980194916094,-0.14943582828623597,0.003727,0.006,0.00398,-4.511487417099861,4.771097293720262,23.201690984348936,-3.603509504183639,3.9193749442694648,23.71984487234888,39.61845702786605,-45.255082844166225,-200.0,42.68095405071309,-42.82158259077421,-200.6315003542612,39.618457978373435,-45.2550839768165,-200.00000203214933,-15.64057981953483,9.577193357129394,-12.995324106942597,-0.35754189276621995,-0.04064955394539726,-0.33712521689210895
3.19,-0.015998758221401732,0.015354215453811562,-0.009353393865167259,0.1907128850517943,-0.2045956096563378,-0.13524209079349062,0.003727,0.006,0.00398,-4.6185150015687455,4.9032843397494865,23.256601308447916,-3.7127806579628424,4.035311728477536,23.800178815956812,39.467437768314724,-45.74655066068687,-200.0,42.621290684267336,-43.33240890828218,-200.62649237846642,39.46743871408257,-45.74655180522959,-200.0000020281836,-15.600420653850266,9.713498696940055,-13.252129999554672,-0.35749833406801357,-0.039795978316152864,-0.3379109629473915
3.2,-0.015953649546988358,0.015637663614178607,-0.009808498965834578,0.190690217695781,-0.21096582025561103,-0.12106355456639312,0.003727,0.006,0.00398,-4.725195018392341,5.038759879137858,23.303544715269183,-3.8220437576340327,4.154911497304687,23.87238557395888,39.291490029147546,-46.23079456654736,-200.0,42.53552151643213,-43.837050156605315,-200.62165615379215,39.291490969633045,-46.23079572284843,-200.000002024429,-15.552812143655075,9.845090215339521,-13.505482767548255,-0.3573332328377354,-0.03899769026421623,-0.33865319520939224
3.21,-0.0159024112816631,0.015914570836227868,-0.010260513131462978,0.19063727049818607,-0.21727119059152178,-0.10691060939659232,0.003727,0.006,0.00398,-4.831501643229032,5.17749004392771,23.342549093225514,-3.9312828892636467,4.278136948896737,23.936477730931927,39.090724942727746,-46.70773809402139,-200.0,42.42371993720185,-44.3354226658345,-200.6169848274958,39.09072587739162,-46.70773926194583,-200.00000202088395,-15.497667168299964,9.971963367588646,-13.755258602343355,-0.3570468910380958,-0.038255184809543555,-0.3393526789995806
3.22,-0.01584487355235191,0.016184992139028978,-0.010709163857347215,0.1905469589174083,-0.22351245432289157,-0.09279351031785522,0.003727,0.006,0.00398,-4.9374055568496855,5.319441068382704,23.373647956396013,-4.040478061283582,4.404951207013474,23.992473774369206,38.86526931658695,-47.17730592819715,-200.0,42.28597517985753,-44.827443325581626,-200.61247174344112,38.865270244893885,-47.17730710760894,-200.0000020175467,-15.434911916629154,10.094112159400787,-14.001338898478632,-0.35663980745265844,-0.03756897524960773,-0.3400102236523569
3.23,-0.015780877131250245,0.016448976174957122,-0.01115418363398013,0.19041230538653,-0.22969030733776116,-0.07872237310175499,0.003727,0.006,0.00398,-5.042874023648769,5.464579231120521,23.396880364680815,-4.149605262055157,4.535317802306245,24.04039801578443,38.615265553330964,-47.6394239188701,-200.0,42.122392225030715,-45.313029636277534,-200.60811047341164,38.615266474749596,-47.63942510963211,-200.00000201441506,-15.364486030958247,10.21152898010757,-14.24361022226826,-0.3561126752308629,-0.03693959183021123,-0.3406266808928438
3.24,-0.015710273793407364,0.016706564559323345,-0.011595309972468881,0.19022645754009157,-0.23580539333694553,-0.0647071699288629,0.003727,0.006,0.00398,-5.147870979190654,5.612870790510525,23.412290841181726,-4.258636527968933,4.669200645300068,24.08028050930152,38.34087156069504,-48.09401909225259,-200.0,41.93309169590321,-45.79209976104095,-200.60389484644236,38.34087247469803,-48.09402029422641,-200.00000201148637,-15.286342709553377,10.32420443925928,-14.481964275435525,-0.35546637886615395,-0.036367580412848016,-0.3412029431793236
3.25,-0.01563292664730863,0.01695779123027817,-0.012032285435103096,0.18998270594105568,-0.2418582896261167,-0.05075772520853247,0.003727,0.006,0.00398,-5.252357126496712,5.764281913609753,23.41992928685551,-4.3675400218034905,4.806563991191705,24.11215696782059,38.042260651806146,-48.54101966249684,-200.0,41.718209744706655,-46.26457257784468,-200.59981897600935,38.04226155787037,-48.54102087554253,-200.00000200875755,-15.200448767968899,10.432127207508682,-14.716297854156739,-0.3547019906254388,-0.03585350113556991,-0.34173994200997926
3.26,-0.015548710438200941,0.017202681841891276,-0.012464857671826923,0.18967450126243265,-0.2478494931569771,-0.0368837115217461,0.003727,0.006,0.00398,-5.35629004075773,5.918778598935788,23.419850892473782,-4.476280121039774,4.947372396598298,24.13606867683568,37.71962143571458,-48.98035504303104,-200.0,41.47789793070838,-46.730367731704185,-200.59587728492858,37.71962233332147,-48.980356267007075,-200.00000200622543,-15.10678465983477,10.535283862767939,-14.946512804038825,-0.35382076645190746,-0.03539792706179394,-0.34223864619514177
3.27,-0.015457511823984554,0.01744125319331015,-0.012892779463325066,0.18929547088054366,-0.2537794068587896,-0.023094645662805332,0.003727,0.006,0.00398,-5.45962428213543,6.0763265933985195,23.412116047911606,-4.584817515802375,5.091590668414558,24.152062405965747,37.37315769826448,-49.41195585770565,-200.0,41.21232308988899,-47.18940568661082,-200.59206452783013,37.37315858689988,-49.4119570924687,-200.00000200388615,-15.005344457887054,10.63365874274488,-15.172515971634203,-0.3528241413654321,-0.03500144280996023,-0.3427000600984951
3.28,-0.015359229623583423,0.017673512696903412,-0.013315808771374615,0.18883943483954754,-0.2596483263022423,-0.009399884756892986,0.003727,0.006,0.00398,-5.562311516298056,6.236891303736812,23.396790248776824,-4.693109316075536,5.239183804960526,24.160190318246812,37.003088273378346,-49.835753951748735,-200.0,40.921667196536525,-47.64160777693404,-200.5883758110889,37.00308915253306,-49.83575519715344,-200.0000020017358,-14.896135796243835,10.727233805085127,-15.39421915315437,-0.35171372438798393,-0.034664643154882095,-0.3431252218514196
3.29,-0.015253775037782955,0.017899457888269993,-0.013733708797081245,0.1883004211496882,-0.2654564267383438,0.004191377568266167,0.003727,0.006,0.00398,-5.664300642317211,6.40043770282904,23.37394400038127,-4.80110916781951,5.390116929626177,24.160509877220793,36.609646904836694,-50.251682402528516,-200.0,40.60612721700118,-48.08689625801837,-200.58480661010887,36.609647774006135,-50.2516836584275,-200.0000019997699,-14.779179775113185,10.815988496449586,-15.611539041121985,-0.350491293023604,-0.03438813159013397,-0.3435152015469831
3.3,-0.015141071842593307,0.018119075980932278,-0.014146248047535448,0.18767268038467325,-0.27120375055572044,0.017670114977259198,0.003727,0.006,0.00398,-5.765537927536473,6.5669302312674285,23.34365271904749,-4.908767377592523,5.544355217243854,24.153083751844015,36.1930820986408,-50.659675530120886,-200.0,40.265914955868475,-48.52519435570576,-200.5813527838755,36.193082957325686,-50.65967679636447,-200.00000199798384,-14.654510829285607,10.899899631929205,-15.824397169718146,-0.34915878732446143,-0.034172518839841605,-0.3438710994201918
3.31,-0.015021056555275095,0.01833234346849827,-0.014553200411383693,0.18695069954666088,-0.2768901952003219,0.031027472207824012,0.003727,0.006,0.00398,-5.865967149007991,6.736332694609357,23.305996630735766,-5.016031045264917,5.701863813444644,24.137979719227566,35.75365696605056,-51.0596689076815,-200.0,39.901256894824826,-48.95642631452024,-200.57801058670933,35.75365781375691,-51.05967018411758,-200.00000199637273,-14.522176561929925,10.978941286294326,-16.03271985963838,-0.34771830357666844,-0.03401842130650688,-0.34419404402284226
3.32,-0.014893678573211763,0.018539225776939797,-0.014954345243713585,0.18612921517048597,-0.2825155016020786,0.04425476885601013,0.003727,0.006,0.00398,-5.96552974107888,6.908608156736236,23.261060666970646,-5.122844204395117,5.862607747280183,24.11527056521043,35.291649057398146,-51.451599371619125,-200.0,39.5123940244976,-49.38051744425963,-200.5747766771705,35.29164989363733,-51.451600658092985,-200.00000199493127,-14.382237545326973,11.053084698590133,-16.236438163256796,-0.3461720876403985,-0.03392645944174404,-0.34448519040104275
3.33,-0.014758900285878049,0.01873967696955635,-0.015349467460586907,0.1852032256419622,-0.28807924315348055,0.0573435031828292,0.003727,0.006,0.00398,-6.064164948697756,7.083718829771807,23.208934358040025,-5.229147969822059,6.026551837417112,24.08503398275662,34.80735018678103,-51.83540503157011,-200.0,39.09958166956374,-49.79739416474955,-200.57164812408632,34.8073510110702,-51.835406327924446,-200.00000199365394,-14.234767090302146,11.122298191646909,-16.435487810911773,-0.3445225279802323,-0.03389725602558211,-0.3447457182843593
3.34,-0.014616697160191316,0.018933639507021233,-0.01573835764345266,0.18416800270832862,-0.29358081528532226,0.07028535595836427,0.003727,0.006,0.00398,-6.161809986000475,7.261625961027658,23.149711723435956,-5.334880692015471,6.19366059223723,24.047352468157893,34.30106624774609,-52.21102528017153,-200.0,38.66308930742182,-50.20698404852644,-200.56862240969144,34.30106705960834,-52.21102658624597,-200.00000199253518,-14.079850986195956,11.18654710805574,-16.629809159089437,-0.3427721484220819,-0.03393143434055961,-0.3449768302951104
3.35,-0.014467057799585764,0.01912104406475776,-0.016120812153578246,0.18301910216215056,-0.2990194256849642,0.08307219435804729,0.003727,0.006,0.00398,-6.258400199725647,7.442289717461178,23.083491159503225,-5.439978117714029,6.363898104202397,24.002313215015203,33.773117020080605,-52.57840080263181,-200.0,38.20320038072911,-50.609215861231164,-200.56569742989166,33.773117819045105,-52.57840211826314,-200.00000199156887,-13.917587213297377,11.245793764156705,-16.81934714124597,-0.34092360067363003,-0.03402961622678325,-0.34517975018611596
3.36,-0.014309983977162488,0.019301809409675824,-0.01649663325652806,0.18175237368318672,-0.30439408520233485,0.09569607592445903,0.003727,0.006,0.00398,-6.3538692370015255,7.625669068144679,23.01037532425976,-5.544373556371931,6.537227938869159,23.950008005963763,33.2238359678325,-52.937473586097205,-200.0,37.720212104100014,-51.004019599508865,-200.56287149168276,33.223836753434774,-52.937474911119075,-200.000001990749,-13.748085629689067,11.299997423526618,-17.004051221947723,-0.338979656644599,-0.034192420005128184,-0.34535572111468077
3.37,-0.014145490643312053,0.019475842338091395,-0.0168656292566009,0.1803639698258829,-0.3097035994885513,0.10814925260656937,0.003727,0.006,0.00398,-6.448149217040548,7.811721665258332,22.930471019352645,-5.647998051926703,6.713613018963908,23.89053310209988,32.65357002868735,-53.28818692881268,-200.0,37.21443526525989,-51.39132652622958,-200.5601433077762,32.65357080046964,-53.28818826305545,-200.0000019900693,-13.571467634501548,11.34911429139648,-17.18387535492999,-0.3369432006034213,-0.0344204582565651,-0.3455060039594422
3.38,-0.013973605908217696,0.019643037676391098,-0.01722761464101652,0.17885035414322734,-0.31494656141139943,0.12042417488677078,0.003727,0.006,0.00398,-6.541170906272288,8.000403724130146,22.843889069114024,-5.750780559395144,6.893015503954809,23.823989130061097,32.06267939483509,-53.63048544907581,-200.0,36.6861940209396,-51.77106920286246,-200.55751198850353,32.06268015234641,-53.630486792366526,-200.00000198952318,-13.387865809571313,11.393097531327628,-17.358777945584045,-0.33481722120577156,-0.03471433544709111,-0.3456318756859039
3.39,-0.01379437099964817,0.01980327834573535,-0.017582410233512702,0.17720830844066845,-0.3201213442909876,0.13251349600436288,0.003727,0.006,0.00398,-6.63286389644134,8.191669902855914,22.75074419668316,-5.852648125800123,7.075396665581788,23.750480966706213,31.45153728546478,-53.96431509398225,-200.0,36.135825687785506,-52.143181518856814,-200.5549770310918,31.451538028261247,-53.964316446144394,-200.000001989104,-13.197423541472338,11.431897305361792,-17.528721818275763,-0.33260480342914434,-0.03507464538940443,-0.3457346277650259
3.4,-0.013607840196477372,0.019956435491781027,-0.017929843356872643,0.17543493915662295,-0.325226095997627,0.1444100762823288,0.003727,0.006,0.00398,-6.723156785195499,8.385473182038576,22.651154897164677,-5.953526074928361,7.260716759830244,23.670117621337084,30.82052971103159,-54.28962314796116,-200.0,35.5636805285445,-52.5075987179052,-200.55253830642138,30.820530438676688,-54.2896245088147,-200.00000198880508,-13.000294625884822,11.46546083871207,-17.69367418877072,-0.330309120447163,-0.035501968534622,-0.3458155646474664
3.41,-0.013414080738349737,0.02010236868009943,-0.018269748003773678,0.1735276828688137,-0.3302587339523844,0.1561069875622458,0.003727,0.006,0.00398,-6.8119773586874475,8.581764745192562,22.545243307797094,-6.053338195418408,7.448934895857617,23.583012115401388,30.170055229444163,-54.606358241099734,-200.0,34.9701215337672,-52.86425742098709,-200.5501960433966,30.17005594150905,-54.60635961046098,-200.00000198861946,-12.796642856197396,11.49373250991098,-17.853606641921665,-0.32793342547504406,-0.0359968690892669,-0.34587600229498855
3.42,-0.013213172711913676,0.020240926157607225,-0.018601965015197508,0.17148431092819671,-0.3352169410687802,0.16759751775007614,0.003727,0.006,0.00398,-6.899252775713739,8.780493860360764,22.433135075112197,-6.1520069316784785,7.64000890240444,23.489281359613013,29.500524694326963,-54.914470357255055,-200.0,34.355524199252784,-53.21309564611497,-200.54795081107594,29.500525390390603,-54.914471734936456,-200.00000198854016,-12.58664159818618,11.516653967138957,-18.008495114622846,-0.32548104361620206,-0.036559891955692495,-0.3459172667681018
3.43,-0.013005208914043387,0.020371945179971762,-0.018926342265498164,0.16930293322460005,-0.3400981626717389,0.17887517547327308,0.003727,0.006,0.00398,-6.984909752916486,8.981607763492613,22.314959219073312,-6.24945357713575,7.833895192242674,23.389046028426513,28.81236099551628,-55.21391084195222,-200.0,33.72027629943605,-53.55405282472962,-200.5458034987271,28.81236167516593,-55.213912227762535,-200.0000019885603,-12.370473352548233,11.534164271261393,-18.158319883888467,-0.3229553637384557,-0.03719155949645217,-0.345940692867609
3.44,-0.012790294692450743,0.020495252404573977,-0.019242734853093968,0.16698200109038436,-0.34489960442714895,0.18993369484724099,0.003727,0.006,0.00398,-7.0688747505751595,9.185051544129989,22.190847994188427,-6.345598469321889,8.030548625233736,23.282430431802336,28.105998791953965,-55.50463241006748,-200.0,33.06477765689389,-53.88706981471757,-200.5437552939854,28.105999454785255,-55.504633803811494,-200.0000019886727,-12.148329306974935,11.546200065886387,-18.303065559774954,-0.32035983040581467,-0.03789236812618,-0.34594762282584157
3.45,-0.012568547764087057,0.020610664348222285,-0.019551005295585955,0.16452030935041662,-0.3496182313122326,0.20076704034661186,0.003727,0.006,0.00398,-7.151074158520079,9.390768033943466,22.06093674760536,-6.440361186303938,8.22992237058675,23.16956238420178,27.381884237147535,-55.78658915329509,-200.0,32.38943990811989,-54.21208891004712,-200.54180765930803,27.381884882764826,-55.78659055477371,-200.00000198887028,-11.920408879373332,11.552695774526995,-18.442721082688234,-0.31769793589025924,-0.03866278473748265,-0.34593940504101245
3.46,-0.012340098011716358,0.02071798790840526,-0.0198510237279913,0.16191699752846134,-0.35425076765337354,0.21136941177411644,0.003727,0.006,0.00398,-7.231434481703396,9.598697698654332,21.925363774206296,-6.53366074397512,8.431967768923332,23.050573070754247,26.640474697370102,-56.05973654739671,-200.0,31.694686265693218,-54.529053847047564,-200.53996230692965,26.640475325386845,-56.0597379564068,-200.00000198914591,-11.68691925374191,11.553583824711007,-18.5772797244898,-0.31497321228563585,-0.03950324297031386,-0.34591739284699335
3.47,-0.012105087259038125,0.020817020946474363,-0.020142668102633432,0.1591715502217087,-0.3587936982540962,0.22173524931702887,0.003727,0.006,0.00398,-7.309882524969545,9.808778533869168,21.78427016873231,-6.6254157937265425,8.636634194769213,22.925596910544435,25.882238462777746,-56.32403145923245,-200.0,30.980951276932643,-54.837909807379624,-200.53822117253318,25.882239072816674,-56.32403287556686,-200.00000198949246,-11.448074910120463,11.548794898642479,-18.70673909264953,-0.31218922374391717,-0.04041413933730347,-0.3458829433084935
3.48,-0.011863669024721274,0.020907552930721357,-0.020425824389107672,0.15628379665658437,-0.3632432706315626,0.23185923867826688,0.003727,0.006,0.00398,-7.386345576573339,10.020945965341014,21.637799674982194,-6.715544820028006,8.843868920104299,22.794771416974,25.107654451628044,-56.57943215357186,-200.0,30.248680579103713,-55.13860341777066,-200.5365863878583,25.10765504332153,-56.57943357701942,-200.00000198990287,-11.204097149928941,11.53825820975738,-18.83110113655013,-0.3093495588520124,-0.04139582922079111,-0.3458374160301443
3.49,-0.011616008255710727,0.020989365636928964,-0.02070038677263475,0.15325390944026543,-0.3675954983752454,0.2417363162662689,0.003727,0.006,0.00398,-7.460751590001785,10.235132754157991,21.486098532144425,-6.803966337454139,9.053616979611622,22.65823705516069,24.317211907784234,-56.82589829968465,-200.0,29.49833065121364,-55.43108274661327,-200.5350602524776,24.317212480774486,-56.82589973003017,-200.00000199037004,-10.955213617923285,11.52190180428194,-18.950372154922412,-0.30645782316540476,-0.04244862275969175,-0.3457821719667919
3.5,-0.01136228104016096,0.021062233903545058,-0.02096625784899614,0.1500824025234044,-0.3718461656363954,0.25136167442475665,0.003727,0.006,0.00398,-7.533029363663981,10.451268907342094,21.329315318337876,-6.890599086700788,9.265821038271547,22.51613709634824,23.511410091698934,-57.06339097770921,-200.0,28.730368562401356,-55.71529729754771,-200.53364520497055,23.51141064563838,-57.063392414733435,-200.0000019908871,-10.701657821900342,11.499652886635777,-19.064562803248986,-0.30351763191312603,-0.043572780647812205,-0.34571857222046326
3.51,-0.011102674300350293,0.02112592643825717,-0.02122334881416471,0.1467701283905191,-0.37599083275155754,0.26073076668046874,0.003727,0.006,0.00398,-7.603108718022522,10.669281594322591,21.16760079145325,-6.975362229145799,9.480421261950559,22.36861746931211,22.690757965070265,-57.29187268479858,-200.0,27.94527171690033,-55.991198000171835,-200.53234379373262,22.690758499621854,-57.29187412827823,-200.00000199144708,-10.443668651196427,11.471438167293954,-19.17368809987386,-0.300532602886794,-0.044768509867186126,-0.34564797680894277
3.52,-0.010837385465939986,0.021180206672349988,-0.021471579646655414,0.14331827449531273,-0.38002484299774275,0.2698393129839291,0.003727,0.006,0.00398,-7.670920669750193,10.889095069726121,21.001107727405834,-7.058175539518063,9.697355191633786,22.21582660876005,21.85577386937076,-57.51130734104256,-200.0,27.143527595525544,-56.25873719804318,-200.53115864765093,21.855774384208164,-57.51130879075037,-200.00000199204325,-10.181489894948726,11.437184231478659,-19.27776742944461,-0.2975063495250579,-0.04603595938284256,-0.3455717433895498
3.53,-0.010566622127943959,0.021224833658866377,-0.02171087928056631,0.13972835895888006,-0.383943330470981,0.2786833049153509,0.003727,0.006,0.00398,-7.736397602505893,11.110630602901512,20.829990755928527,-7.138959596248885,9.916557621946792,22.057915300741648,21.00698519845188,-57.721660295165144,-200.0,26.325633493608514,-56.51786863415549,-200.53009244687868,21.006985693259868,-57.72166175086986,-200.00000199266887,-9.915369761005605,11.396817926829282,-19.376824542239795,-0.294442474203115,-0.047375215827359915,-0.3454912259215484
3.54,-0.010290601673797278,0.021259563010256305,-0.021941185767227145,0.13600222554933572,-0.38774122907389075,0.2872590108248833,0.003727,0.006,0.00398,-7.7994734339355345,11.333806414571454,20.65440619405401,-7.217635969090204,10.137960484605157,21.89503652509824,20.144928065430413,-57.92289832999644,-200.0,25.492096255280625,-56.76854743409134,-200.5291478939349,20.14492853990506,-57.92289979146298,-200.00000199331743,-9.64556039631334,11.35026676799529,-19.470887547861988,-0.29134456173599155,-0.0487862992054027,-0.34540777324995414
3.55,-0.01000955090392694,0.021284147870861414,-0.02216244642334353,0.13214203796191215,-0.3914132825916688,0.29556298087363136,0.003727,0.006,0.00398,-7.860083778515274,11.558537620973738,20.4745118774551,-7.294127403595036,10.361492737419942,21.727345295003186,19.270146964068648,-58.11498966771786,-200.0,24.643432003982422,-57.010730087066776,-200.52832768534847,19.27014741791768,-58.114991134707225,-200.0000019939826,-9.372317409541719,11.297459355890885,-19.559988901728705,-0.2882161731029268,-0.05026915865024252,-0.345322727593622
3.56,-0.009723705630258428,0.021298339919322312,-0.02237461796352458,0.12815027341899987,-0.3949540558295654,0.3035920519392603,0.003727,0.006,0.00398,-7.91816610586725,11.784736185825976,20.290466989832584,-7.368358002066564,10.587080259472797,21.554998493662747,18.383194424859543,-58.297903974880434,-200.0,23.780165869056518,-57.244374425097746,-200.52763448405744,18.383194857802593,-58.29790544714997,-200.00000199465813,-9.09589939666561,11.238325809197654,-19.64416538277842,-0.2850608393995235,-0.0518236682648406,-0.34523742292089016
3.57,-0.009433310257117078,0.02130189039570199,-0.022577666615076153,0.12402971560999787,-0.3983579467785447,0.3113433523475561,0.003727,0.006,0.00398,-7.973659894190719,12.012310880413493,20.102431890561274,-7.440253400593618,10.814645753056842,21.37815470826938,17.48463066603734,-58.47161236719463,-200.0,22.9028317082642,-57.46943960052991,-200.52707089276322,17.484631077806192,-58.471613844497945,-200.00000199533804,-8.816567470168986,11.172798205522765,-19.723458060785266,-0.28188205602314403,-0.053449623081745466,-0.3451531831963018
3.58,-0.009138617345026662,0.02129455114792861,-0.022771568212984372,0.11978344699118389,-0.40161919976946425,0.3188143063891023,0.003727,0.006,0.00398,-8.026506778465473,12.241167252068074,19.91056794082594,-7.509740941801807,11.04410865295785,21.19697406132239,16.57502323973138,-58.636087414091605,-200.0,22.01197182605242,-57.68588606218217,-200.52663942842685,16.57502363007027,-58.63608889617876,-200.00000199601652,-8.534584792512097,11.100811029514567,-19.79791225170608,-0.27868327709688323,-0.055146735175656776,-0.34507132048305855
3.59,-0.008839887157942677,0.02127607569195511,-0.02295630827306444,0.11541484046616263,-0.4047319195698392,0.3260026385782849,0.003727,0.006,0.00398,-8.076650693098099,12.471207601268762,19.715037328499495,-7.576749842961243,11.275385043625317,21.01161803945482,15.654946673488103,-58.79130314305481,-200.0,21.108136687385368,-57.893675530361556,-200.52634249807937,15.654947042153863,-58.79130462967247,-200.00000199668796,-8.250216114466362,11.022301625116976,-19.867577459520184,-0.27546791013638905,-0.056914629963099726,-0.34499313288712585
3.6,-0.00853738719450492,0.021246220279898642,-0.023131882041312446,0.11092755046777479,-0.4076900863711162,0.33290637761018327,0.003727,0.006,0.00398,-8.124038008696258,12.702330967559972,19.51600289203752,-7.6412113591037345,11.50838758475431,20.82224931993079,14.724982107387119,-58.93723504372132,-200.0,20.191884626947868,-58.092770971012115,-200.52618237610517,14.724982454149615,-58.93723653461281,-200.00000199734706,-7.963727318902839,10.937210649071115,-19.932507303072065,-0.2722393109636671,-0.05875284272320253,-0.34491990232984154
3.61,-0.00823139170394746,0.021204744970319322,-0.023298294517607898,0.1063255034626967,-0.4104875716084458,0.33952385996957746,0.003727,0.006,0.00398,-8.16861766267126,12.93443312444444,19.313627943682633,-7.703058940814395,11.743025445766959,20.629031595003283,13.785716926980673,-59.07386007175233,-200.0,19.263781553523238,-58.283136569262105,-200.52616118313549,13.785717251622883,-59.07386156665778,-200.00000199798865,-7.675384970608688,10.845482522719696,-19.99275942652713,-0.26900077887178486,-0.060660815372558644,-0.34485289213845755
3.62,-0.007922181187343919,0.02115141469474524,-0.02345556045201419,0.10161288790032615,-0.413118154549283,0.34585373314533974,0.003727,0.006,0.00398,-8.210341283383816,13.167406583370601,19.1080760922933,-7.762228386374928,11.979204249647086,20.432129394349225,12.837744392288364,-59.201156652472086,-200.0,18.32440064934794,-58.46473770263619,-200.5262808666764,12.83774469460662,-59.20115815112857,-200.00000199860793,-7.385455872681373,10.747065879145417,-20.048395392138243,-0.26575555204358425,-0.06263789352642851,-0.34479334444528303
3.63,-0.007610041884938135,0.02108600031453392,-0.02360370431206965,0.09679414362794037,-0.4155755395817916,0.35189495840290796,0.003727,0.006,0.00398,-8.249163307564416,13.40114060689476,18.89951106612995,-7.818657987948346,12.216826026543016,20.231707905825342,11.881663263081439,-59.31910468427483,-200.0,17.374322064247057,-58.63754091419511,-200.52654318357176,11.881663542885773,-59.31910618641664,-200.00000199920032,-7.094206630062359,10.64191400267503,-20.09948055415576,-0.26250680322803965,-0.06468332387670533,-0.3447424773887679
3.64,-0.007295265250346322,0.02100827966220803,-0.023742760219621628,0.09187395079453851,-0.4178533741290848,0.3576468130673707,0.003727,0.006,0.00398,-8.285041090754662,13.63552123106004,18.688096535949704,-7.8722886715076745,12.45578917751214,20.0279327948159,10.918077420693045,-59.42768554179907,-200.0,16.41413260436332,-58.80151388586368,-200.5269496843853,10.918077677807217,-59.427687047157775,-200.00000199976162,-6.8019032207449435,10.52998525781736,-20.14608391286442,-0.2592576356770316,-0.06679625191531385,-0.3447014821125515
3.65,-0.006978147412489616,0.020918038561473895,-0.02387277185591591,0.08685721826625716,-0.41994526711080865,0.36310889226999415,0.003727,0.006,0.00398,-8.317935010532919,13.87043129699437,18.473995938778668,-7.923064130224126,12.695988448736793,19.82097002247016,9.947595486594219,-59.52688207886867,-200.0,15.444425415300868,-58.95662541220125,-200.5275016997629,9.947595720855936,-59.526883587173245,-200.00000200028776,-6.508810575205276,10.41124350475321,-20.18827794787655,-0.25601107934552064,-0.06897572002965574,-0.3446715195604106
3.66,-0.0066589886261624875,0.02081507182027953,-0.023993792333869945,0.08174907157673693,-0.42184480786955625,0.3682811101117377,0.003727,0.006,0.00398,-8.347808562303753,14.105750491691904,18.257372302745292,-7.970930951043667,12.937314916494435,19.610985663154377,8.970830437975266,-59.6166786312005,-200.0,14.465799659520298,-59.10284537486155,-200.5282003288182,8.97083064923656,-59.616680142177664,-200.00000200077505,-6.215192164591583,10.285658498591973,-20.226138430018917,-0.252770087357906,-0.0712206659937732,-0.3446537170690987
3.67,-0.006338092712199345,0.020699184191434572,-0.024105884036652703,0.07655484043638848,-0.4235455854761258,0.37316370019853284,0.003727,0.006,0.00398,-8.37462844744727,14.341355397903424,18.038388073373486,-8.015838734194329,13.179655983116596,19.398145721469263,7.988399220576293,-59.69706101887801,-200.0,13.478860187838809,-59.240144717979256,-200.52904642956184,7.988399408703286,-59.697062532252296,-200.00000200122025,-5.921309598203873,10.153206269711614,-20.259744211330126,-0.24953753274285903,-0.07352992187661436,-0.34464916476289464
3.68,-0.006015766488259605,0.020570191295541274,-0.02420911842192841,0.07128004582507075,-0.4250412083247335,0.37775721550478975,0.003727,0.006,0.00398,-8.398364653641844,14.5771195530241,17.81720494174603,-8.057740205380709,13.422895384120679,19.18261594920921,7.000922359011045,-59.76801654859035,-200.0,12.48421720491061,-59.36849542471081,-200.53004061137636,7.00092252388458,-59.768018064084394,-200.00000200162026,-5.627422230795737,10.013869482637215,-20.28917699290667,-0.24631620543907398,-0.07590221338532747,-0.3446589117576882
3.69,-0.005692319191296397,0.02042792050126105,-0.02430357579136294,0.06593038669332572,-0.42632532392702177,0.3820625275237759,0.003727,0.006,0.00398,-8.418990527190438,14.812913516830925,17.593983674959297,-8.096591320436273,13.666913206646802,18.96456166266358,6.009023564830277,-59.82953401563684,-200.0,11.482485928586799,-59.48787049514369,-200.53118322951656,6.009023706345653,-59.82953553297157,-200.00000200197243,-5.333786780214914,9.867637771077542,-20.314521070562385,-0.24310880957375663,-0.07833615965834768,-0.34468396218511765
3.7,-0.0053680618928257096,0.020272211758239844,-0.024389345025240095,0.06051172629795697,-0.4273916388120835,0.3860808246661773,0.003727,0.006,0.00398,-8.43648283719831,15.048604947886718,17.36888394929902,-8.132351362218735,13.911585919279188,18.744147560683302,5.013329342572156,-59.88160370569629,-200.0,10.474286243082224,-59.598243925775066,-200.53247438159917,5.013329460639529,-59.88160522459111,-200.00000200227447,-5.0406569558917536,9.714508046912336,-20.335863058496663,-0.23991796101546004,-0.08083027351967387,-0.34472527105075357
3.71,-0.005043306908158879,0.020102918378372858,-0.024466523282301478,0.055030078198407856,-0.42823393843878454,0.3898136098713155,0.003727,0.006,0.00398,-8.450821831467579,15.284058688394332,17.142064186572647,-8.16498302954891,14.156786413277867,18.521537543956786,4.014468594048644,-59.92421739636105,-200.0,9.460242345907226,-59.699590690747456,-200.53391390602454,4.014468688592856,-59.924218916534066,-200.0000020025243,-4.748283098671798,9.554484781129284,-20.3532915914138,-0.23674618520248125,-0.08338296220200496,-0.3447837399434029
3.72,-0.004718367200794216,0.019919907761471622,-0.0245352156651924,0.04949159194106902,-0.4288461070264122,0.3932626973990942,0.003727,0.006,0.00398,-8.46199128399128,15.519136857252994,16.913681394037788,-8.194452518008692,14.402384055192817,18.29689453595843,3.0130722211172785,-59.95736835843536,-200.0,8.440982388555062,-59.791886725010876,-200.5355013822574,3.0130722920781445,-59.957369879603576,-200.00000200272027,-4.456911832461693,9.387580254925467,-20.36689700578356,-0.23359591524734188,-0.08599252854267338,-0.3448602126160018
3.73,-0.004393555783208908,0.019723062061807073,-0.024595534852164702,0.04390253845934035,-0.429222147210142,0.3964302087748452,0.003727,0.006,0.00398,-8.469978533947986,15.753698951038404,16.683891008367773,-8.2207295924297,14.648244750778817,18.07038030604957,2.009772727190814,-59.981051356997995,-200.0,7.417138110971407,-59.87510890956698,-200.53723613287792,2.0097727745232414,-59.98105287887769,-200.0000020028612,-4.16678572814459,9.213814779415767,-20.376771001175424,-0.2304694903175575,-0.08865717265286537,-0.3449554704612202
3.74,-0.004069185115313706,0.019512278792469084,-0.024647600695981986,0.03826929521793844,-0.4293561994289803,0.3993185678637312,0.003727,0.006,0.00398,-8.474774516115424,15.987601952601736,16.45284674409313,-8.243787650920375,14.894231020076248,17.842155295226206,1.0052038177335223,-59.995262652228966,-200.0,6.38934446987053,-59.94923505893182,-200.53911722730027,1.0052038414072715,-59.99526417453582,-200.00000200294608,-3.8781429801834926,9.03321688265083,-20.383006282869207,-0.2273691542919566,-0.0913749940561918,-0.3450702279087157
3.75,-0.0037455665018634177,0.019287471364919928,-0.024691539791218686,0.03259833113060943,-0.4292425609557,0.40193049505628187,0.003727,0.006,0.00398,-8.476373782639754,16.220700446955476,16.220700446955483,-8.26360378029572,15.140202083470776,17.612378445019242,1.4695761589768237e-14,-60.0,-200.0,5.358239261001379,-60.01424391093722,-200.54114348704266,3.946750984556944e-15,-60.00000152244923,-200.00000200297444,-3.591217096303472,8.845823462876984,-20.38569618715641,-0.22429705469130326,-0.09414399428989628,-0.3452051277724637
3.76,-0.0034230094901381847,0.01904856956165013,-0.024727485011450556,0.026896191281044247,-0.42887570448085865,0.40426900055190856,0.003727,0.006,0.00398,-8.474774516115424,16.452846744093122,15.987601952601743,-8.280158802791039,15.386013958493834,17.38120703006164,-1.005203817733493,-59.995262652228966,-200.0,4.324462735507433,-60.070115118971025,-200.54331349242233,-1.0052038414072466,-59.995264174535826,-200.00000200294608,-3.3062366006094344,8.65167990726254,-20.384934291023857,-0.22125524188112816,-0.09696207995724226,-0.3453607365806621
3.77,-0.003101821269214794,0.018795519940317862,-0.02475557501807568,0.02116948147739514,-0.4282502961661973,0.40633737673284814,0.003727,0.006,0.00398,-8.469978533947986,16.683891008367777,15.753698951038412,-8.293437313958133,15.631519567076834,17.14879649484245,-2.0097727271907844,-59.981051356997995,-200.0,3.2886572105661873,-60.116829246740004,-200.5456255905405,-2.0097727745232272,-59.98105287887771,-200.0000020028612,-3.0234247504429677,8.4508401755559,-20.380814008113344,-0.21824566854359193,-0.09982706621695599,-0.34553753992186803
3.78,-0.002782306072173335,0.01852828616828639,-0.024775953742773138,0.015424852671354669,-0.42736121308659764,0.40813918962688206,0.003727,0.006,0.00398,-8.46199128399128,16.913681394037784,15.519136857252999,-8.30342771166014,15.876568852924796,16.91530029516962,-3.013072221117249,-59.95736835843536,-200.0,2.2514666745355485,-60.15436776561855,-200.54807790441615,-3.0130722920781134,-59.957369879603576,-200.00000200272027,-2.7429992672560135,8.243366848422413,-20.37342817308031,-0.2152701894147521,-0.10273668069167563,-0.34573593784365103
3.79,-0.0024647645825689735,0.01824684928700132,-0.024788769845852265,0.00966898527327035,-0.42620355998423665,0.4096782694632863,0.003727,0.006,0.00398,-8.450821831467579,17.142064186572636,15.284058688394348,-8.310122216099153,16.121008908630355,16.680869744862306,-4.014468594048615,-59.92421739636105,-200.0,1.2135363868767264,-60.18271305462851,-200.55066834312035,-4.014468688592818,-59.92421891653407,-200.0000020025243,-2.4651720817096985,8.029331140476316,-20.362868616678607,-0.2123305612820502,-0.10568856777420373,-0.3459562403417484
3.8,-0.0021494933465170396,0.017951207906146183,-0.02479417615296592,0.003908573395219045,-0.4247726852636246,0.41095870033278725,0.003727,0.006,0.00398,-8.43648283719831,17.368883949299015,15.048604947886725,-8.313516880828876,16.36468411210736,16.445653868188543,-5.013329342572127,-59.88160370569629,-200.0,0.1755124731651498,-60.20184840307611,-200.5533946127634,-5.0133294606394845,-59.88160522459109,-200.00000200227444,-2.190149093177152,7.808812878270094,-20.34922573407044,-0.20942844323647267,-0.10868029330773239,-0.3461986629787594
3.81,-0.0018367841917199534,0.017641378328072832,-0.024792329072891472,-0.0018496909456449779,-0.42306419616175606,0.41198480896872197,0.003727,0.006,0.00398,-8.418990527190438,17.593983674959293,14.81291351683093,-8.313611594723104,16.607436271884332,16.209799258555407,-6.009023564830248,-59.82953401563684,-200.0,-0.8619584844588837,-60.21175801585338,-200.55625422818392,-6.009023706345639,-59.82953553297156,-200.00000200197243,-1.918129943762693,7.581900443789034,-20.332588049045356,-0.20656539717246136,-0.11170934961269419,-0.34646332267291857
3.82,-0.0015269236547605647,0.017317394603468372,-0.024783387999254447,-0.007599133630823924,-0.42107397303362465,0.41276115267309016,0.003727,0.006,0.00398,-8.398364653641844,17.817204941746027,14.577119553024108,-8.310410074889356,16.849104780762712,15.973449943946717,-7.000922359011016,-59.76801654859035,-200.0,-1.8982298610075554,-60.21242702139329,-200.5592445251933,-7.000922523884547,-59.7680180640844,-200.0000020016203,-1.649307806902518,7.348690684216131,-20.313041776947674,-0.20374288852766348,-0.11477316083131023,-0.34675023369757396
3.83,-0.0012201924179741919,0.016979308519744996,-0.02476751469925803,-0.013333114218414287,-0.4187981826997752,0.4132925064176903,0.003727,0.006,0.00398,-8.37462844744727,18.03838807337348,14.341355397903431,-8.30391985053591,17.089526777312848,15.736747259587172,-7.988399220576263,-59.69706101887801,-200.0,-2.932655406101304,-60.20384148224812,-200.56236267322907,-7.988399408703267,-59.697062532252296,-200.00000200122025,-1.3838691905619414,7.109288788992985,-20.290670389248223,-0.20096228725402496,-0.11786908855802739,-0.34705930393244083
3.84,-0.0009168647571877186,0.01662718952409803,-0.024744872692615993,-0.019045041662171427,-0.41623329080932026,0.4135838491569501,0.003727,0.006,0.00398,-8.347808562303753,18.25737230274528,14.10575049169191,-8.294152237819269,17.328537314652678,15.499829728292244,-8.970830437975238,-59.6166786312005,-200.0,-3.964589664697904,-60.18598840824444,-200.56560568828016,-8.97083064923647,-59.616680142177664,-200.00000200077505,-1.1219937549845305,6.863808135414773,-20.265554182771446,-0.19822486901019007,-0.12099443772243451,-0.3473903314074778
3.85,-0.0006172080016022818,0.016261124583628273,-0.02471562662401164,-0.024728389938541668,-0.413376073178911,0.413640349395378,0.003727,0.006,0.00398,-8.317935010532924,18.473995938778664,13.87043129699438,-8.281122305718167,17.565969535930034,15.262832948939737,-9.94759548659419,-59.526882078868674,-200.0,-4.993388400594724,-60.158855772148655,-200.56897044595118,-9.947595720855892,-59.52688358717326,-200.00000200028776,-0.863854144908138,6.612370104207525,-20.237769856655014,-0.19553181656496071,-0.12414646268988676,-0.3477430011791964
3.86,-0.0003214820070640001,0.015881217985352192,-0.0246799416324944,-0.03037671354846525,-0.410223626075377,0.41346735005865864,0.003727,0.006,0.00398,-8.285041090754662,18.688096535949697,13.635521231060048,-8.264848832999222,17.80165485590951,15.025889493472096,-10.918077420693017,-59.42768554179907,-200.0,-6.01840902217622,-60.12243252776163,-200.57245369454333,-10.918077677807183,-59.427687047157754,-200.0000019997616,-0.609615836105416,6.355103866731413,-20.207390100146238,-0.19288422140019074,-0.1273223735434349,-0.3481168825784472
3.87,-2.9938643947152732e-05,0.015487591079307195,-0.024637982721285062,-0.03598366286080284,-0.4067733754171594,0.4130703527232706,0.003727,0.006,0.00398,-8.249163307564416,18.899511066129943,13.401140606894772,-8.245354256358288,18.035423148049016,14.789128812808235,-11.881663263081412,-59.31910468427483,-200.0,-7.0390110098487,-60.076708630343,-200.57605206804018,-11.881663542885722,-59.31910618641666,-200.00000199920038,-0.3594369960681659,6.092146145623112,-20.174483194335018,-0.1902830855010651,-0.13051934251023506,-0.3485114268666968
3.88,0.00025717869915620195,0.01508038196831507,-0.024589914131500218,-0.041542999264356936,-0.40302308487711214,0.41245500126503626,0.003727,0.006,0.00398,-8.210341283383816,19.10807609229329,13.16740658337061,-8.222664609840617,18.267102936439787,14.552677152010125,-12.837744392288336,-59.201156652472086,-200.0,-8.054556344582764,-60.02167505925058,-200.57976209889702,-12.837744694606599,-59.201158151128595,-200.00000199860796,-0.11346835861086067,5.823640950845243,-20.139112630898325,-0.1877293233209323,-0.1337345104949024,-0.3489259653361064
3.89,0.000539635594776211,0.014659745148287384,-0.02453589872329917,-0.04704861009565898,-0.39897086287670075,0.411627064992154,0.003727,0.006,0.00398,-8.16861766267126,19.313627943682622,12.934433124444448,-8.19680945566168,18.4965215919764,14.316657475012926,-13.785716926980648,-59.07386007175233,-200.0,-9.064409936962749,-59.95732384266504,-200.58358023054598,-13.785717251622852,-59.073861566657776,-200.00000199798865,0.12814688786720255,5.549739293247531,-20.101336750857516,-0.1852237639073665,-0.13696499368204776,-0.34935970788591514
3.9,0.0008172070377998608,0.014225851103221221,-0.02447609736792994,-0.052494523309929805,-0.39461516846901823,0.41059242133297813,0.003727,0.006,0.00398,-8.124038008696258,19.516002892037516,12.702330967559982,-8.16782180656931,18.723505532120242,14.081189399187975,-14.72498210738709,-58.93723504372132,-200.0,-10.067940056127453,-59.88364808425518,-200.58750282954256,-14.724982454149556,-58.93723653461281,-200.00000199734706,0.365273198751494,5.27059887784901,-20.061208406256227,-0.18276715317550002,-0.14020789017069443,-0.34981174210489824
3.91,0.0010896778874970314,0.013778885859281609,-0.024410668354096193,-0.05787492186296216,-0.38995481611527355,0.40935703815302277,0.003727,0.006,0.00398,-8.076650693098099,19.71503732849949,12.471207601268773,-8.13573803990632,18.947880423621296,13.846389139966234,-15.654946673488077,-58.79130314305482,-200.0,-11.064518757973552,-59.80064199162593,-200.59152619729238,-15.65494704215385,-58.791304629672496,-200.000001996688,0.597782758528272,4.986383779152738,-20.01877464754616,-0.18036015631473337,-0.14346028660327054,-0.35028103288644635
3.92,0.0013568432892739346,0.013319050502541285,-0.024339766811966257,-0.06318415777203255,-0.3849889793664581,0.4079269557793597,0.003727,0.006,0.00398,-8.026506778465484,19.91056794082593,12.241167252068081,-8.10059780355115,19.169471387568265,13.612369465705617,-16.575023239731355,-58.636087414091605,-200.0,-12.053522311987647,-59.70830090637808,-200.5956465813119,-16.57502363007025,-58.636088896178805,-200.00000199601652,0.8255555533882452,4.697264100862852,-19.974076439299505,-0.17800336031404607,-0.14671926475324687,-0.3507664225988001
3.93,0.0016185090751107967,0.012846560665095319,-0.02426354415803811,-0.0684167658243949,-0.3797171934686595,0.40630826881366167,0.003727,0.006,0.00398,-7.973659894190719,20.10243189056127,12.012310880413503,-8.06244391393212,19.38810320614641,13.37923966293971,-17.48463066603731,-58.47161236719463,-200.0,-13.034331626068086,-59.60662133559758,-200.5998601859906,-17.48463107780616,-58.47161384449795,-200.00000199533804,1.0484794314584722,4.403415622425515,-19.927148406694933,-0.17569727659183107,-0.1499819080361386,-0.3512666318296742
3.94,0.0018744921416886107,0.012361645984373726,-0.024182147563919315,-0.07356747690238423,-0.37413935691694267,0.40450710781764726,0.003727,0.006,0.00398,-7.918166105867241,20.29046698983258,11.784736185825984,-8.021322246328834,19.60360053049533,13.147105512097944,-18.383194424859518,-58.29790397488044,-200.0,-14.006332668699837,-59.495600984580584,-200.60416318283552,-18.383194857802582,-58.29790544714996,-200.00000199465816,1.2664501510237498,4.1050194348465805,-19.878018615003853,-0.1734423437154932,-0.15324530791001972,-0.351780260719546
3.95,0.002124620805234817,0.011864549540511027,-0.024095719451912606,-0.07863123089468735,-0.3682557319887896,0.4025296209565146,0.003727,0.006,0.00398,-7.860083778515278,20.474511877455097,11.558537620973746,-7.977281617691733,19.815788089075678,12.916069273738401,-19.270146964068623,-58.114989667717865,-200.0,-14.968916887852785,-59.37523879059227,-200.6085517201934,-19.270147417917645,-58.11499113470726,-200.00000199398264,1.4793714170890886,3.8022615682341283,-19.826708384073005,-0.17123893019665493,-0.1565065701335064,-0.35230579089395986
3.96,0.0023687351321579897,0.011355527276656063,-0.02400439702010304,-0.08360318916391278,-0.36206694429373265,0.40038195568713636,0.003727,0.006,0.00398,-7.7994734339355345,20.654406194054,11.33380641457145,-7.9303736622280105,20.024490895973408,12.686229685285161,-20.144928065430392,-57.92289832999644,-200.0,-15.921481625981578,-59.245534957447774,-200.61302193245646,-20.14492853990507,-57.922899791462946,-200.0000019933174,1.6871549066326004,3.4953326135128426,-19.773232139544316,-0.1690873373478208,-0.15976282085056126,-0.3528415880003874
3.97,0.0026066872445715816,0.010834847407051595,-0.02390831179942407,-0.088478746541201,-0.3555739813809903,0.39807024057828455,0.003727,0.006,0.00398,-7.736397602505893,20.829990755928527,11.110630602901521,-7.880652700019132,20.229534458593424,12.457681968211954,-21.006985198451854,-57.72166029516515,-200.0,-16.8634305305215,-59.10649099069732,-200.61756994877135,-21.006985693259846,-57.72166175086989,-200.0000019926689,1.889720282879362,3.184427340713166,-19.71759730227589,-0.16698780218707124,-0.1630112124738072,-0.35338590485041715
3.98,0.0028383415998514683,0.01030278981764482,-0.023807589244943556,-0.09325354281926035,-0.3487781904515951,0.39560056734998317,0.003727,0.006,0.00398,-7.670920669750193,21.001107727405827,10.889095069726114,-7.82817559895151,20.430744984219835,12.23051784556409,-21.855773869370733,-57.51130734104256,-200.0,-17.79417395929148,-58.95810973319156,-200.6221919012784,-21.855774384208132,-57.51130879075034,-200.00000199204325,2.0869951989159494,2.8697443161958187,-19.659804217138046,-0.16494050037742713,-0.16624892933998411,-0.3539368851631731
3.99,0.003063575243402894,0.00975964546387037,-0.02370234836336485,-0.0979234737159028,-0.3416812752256362,0.39297897321821473,0.003727,0.006,0.00398,-7.603108718022527,21.167600791453246,10.6692815943226,-7.773001630258259,20.627949584948592,12.004825569660884,-22.69075796507024,-57.291872684798584,-200.0,-18.713129380238204,-58.80039540079935,-200.62688393291978,-22.690758499621836,-57.29187412827825,-200.00000199144708,2.2789152909332477,2.551485521106874,-19.599846122061344,-0.16294554918846657,-0.16947319311325698,-0.3544925679013353
4.0,0.0032822780338526147,0.009205715770073564,-0.023592701378467112,-0.10248470128086762,-0.33428529201883617,0.3902114236296952,0.003727,0.006,0.00398,-7.533029363663981,21.32931531833787,10.451268907342103,-7.715192317985489,20.82097648052838,11.780689959772062,-23.511410091698913,-57.06339097770922,-200.0,-19.619721764979346,-58.633353618046826,-200.63164220486013,-23.51141064563836,-57.06339241473345,-200.0000019908871,2.465424161357048,2.2298559732660657,-19.537709157895566,-0.1610030104684939,-0.17268126791495303,-0.35505089218573255
4.01,0.0034943528399226376,0.008641312034871562,-0.023478753435940636,-0.1069336637194693,-0.3265926450856876,0.3873037954692334,0.003727,0.006,0.00398,-7.460751590001787,21.486098532144414,10.235132754158,-7.654811282712066,21.009655198677965,11.558192449513747,-24.317211907784213,-56.82589829968466,-200.0,-20.51338397563318,-58.456991453446044,-200.63646290357,-24.31721248077444,-56.825899730030166,-200.00000199037007,2.646473352090909,1.9050633546132352,-19.473372419329245,-0.1591128936161104,-0.1758704651600052,-0.35560970277056586
4.02,0.003699715708283119,0.00806675484650582,-0.023360602348792503,-0.11126708460739235,-0.3186060812888203,0.3842618608194103,0.003727,0.006,0.00398,-7.386345576573347,21.637799674982187,10.020945965341042,-7.591924079866496,21.193816772481913,11.337411143663509,-25.107654451627965,-56.57943215357189,-200.0,-21.393557144450963,-58.27131745428078,-200.64134224762537,-25.107655043321433,-56.57943357701948,-200.0000019899029,2.8220223080571287,1.5773176462181344,-19.406808046801522,-0.1572751585412309,-0.17903814808337631,-0.3561667560560134
4.03,0.0038982960017275303,0.007482373511988383,-0.023238338384216878,-0.11548198147176991,-0.3103286841561228,0.38109127134890214,0.003727,0.006,0.00398,-7.309882524969555,21.784270168732313,9.808778533869157,-7.526598032999154,21.37329393450151,11.118420884049375,-25.882238462777778,-56.324031459232444,-200.0,-22.25969104580346,-58.07634168062173,-200.6462764942795,-25.8822390728167,-56.32403287556687,-200.00000198949243,2.9920383311814436,1.2468307727449133,-19.33798135902708,-0.15548971860624117,-0.18218173594198628,-0.35671972661128526
4.04,0.004090036507053557,0.006888505503571174,-0.02311204409253087,-0.11957567371454882,-0.30176386738841454,0.37779754340183885,0.003727,0.006,0.00398,-7.231434481703396,21.92536377420629,9.598697698654329,-7.458902062381857,21.547921307273352,10.901293324125534,-26.640474697370074,-56.05973654739672,-200.0,-23.111244460105123,-57.8720757383434,-200.65126194586196,-26.640475325386852,-56.05973795640679,-200.00000198914591,3.1564965249152652,0.9138162581418889,-19.266851025434324,-0.15375644353932452,-0.18529870787998493,-0.35726621417646254
4.05,0.004274893512089636,0.006285495925753448,-0.022981794178520448,-0.12354578985502356,-0.29291536788118594,0.37438604385613466,0.003727,0.006,0.00398,-7.151074158520079,22.060936747605357,9.390768033943473,-7.388906509320315,21.71753558990454,10.686097011807531,-27.381884237147514,-55.7865891532951,-200.0,-23.947685529298706,-57.65853281092411,-200.65629495605913,-27.3818848827648,-55.78659055477371,-200.00000198887028,3.3153797293536096,0.5784888941859564,-19.193369277545113,-0.15207516231267282,-0.18838660644785318,-0.35780375110840995
4.06,0.004452836851355765,0.0056736970057268965,-0.022847655415242946,-0.12739027406937625,-0.2837872383240673,0.37086197681381594,0.003727,0.006,0.00398,-7.068874750575167,22.19084799418842,9.18505154413,-7.3166829565778215,21.881975740509695,10.47289748010271,-28.10599879195394,-55.504632410067494,-200.0,-24.76849210355668,-57.43572768981594,-200.66137193612659,-28.105999454785213,-55.50463380381153,-200.0000019886727,3.468678446954936,0.2410644233752108,-19.11748215801157,-0.15044566597954193,-0.1914430407679975,-0.3583298102320045
4.07,0.0046238499198990035,0.00505346760982045,-0.022709686600081852,-0.13110739200603935,-0.27438383944133365,0.3672303711810788,0.003727,0.006,0.00398,-6.984909752916474,22.314959219073323,8.981607763492605,-7.242304045320902,22.041083154271472,10.261757345037466,-28.812360995516304,-55.21391084195221,-200.0,-25.573152078896516,-57.203676803180954,-200.66648936107867,-28.812361675165956,-55.2139122277625,-200.0000019885603,3.616390758819864,-0.09824076248158523,-19.03912980577045,-0.14886771046527011,-0.1944656893419283,-0.3588418130549652
4.08,0.004787929654909054,0.004425172788154075,-0.02256793855260092,-0.13469573585673783,-0.26470983193586045,0.3634960691901468,0.003727,0.006,0.00398,-6.899252775713739,22.433135075112197,8.780493860360767,-7.165843289009406,22.194701836942244,10.052736410351907,-29.500524694326945,-54.914470357255055,-200.0,-26.361163725442687,-56.96239824280118,-200.67164377589395,-29.500525390390592,-54.914471734936456,-200.00000198854016,3.758522231447962,-0.4392099067820655,-18.958246775530537,-0.1473410193082194,-0.197452302496218,-0.3593371383023602
4.09,0.00494508648478352,0.0037891833493672866,-0.022422454153498417,-0.1381542286641645,-0.25477016819760306,0.3596637159090764,0.003727,0.006,0.00398,-6.8119773586874475,22.545243307797094,8.58176474519257,-7.087374884664597,22.342678573639745,9.845891778404825,-30.170055229444145,-54.60635824109975,-200.0,-27.132036006106027,-56.711911788982114,-200.6768318017671,-30.170055941509037,-54.60635961046099,-200.00000198861946,3.8950858138495557,-0.7816261547001309,-18.874762389570872,-0.1458652863476185,-0.2004007044665376,-0.3598131307242264
4.1,0.005095344245370947,0.0031458754669032585,-0.022273268423742554,-0.14148212784841122,-0.24457008383588383,0.3557377497795195,0.003727,0.006,0.00398,-6.723156785195513,22.651154897164666,8.385473182038584,-7.006973521959408,22.484863092824042,9.641277966707866,-30.820529711031522,-54.289623147961194,-200.0,-27.88528888548841,-56.4522389332842,-200.6820501424289,-30.82053043867667,-54.289624508814704,-200.00000198880505,4.026101724841845,-1.125272800924629,-18.788601119624772,-0.14444017835663922,-0.20330879512142164,-0.36026711012801693
4.11,0.005238740063206196,0.002495630318002262,-0.0221204086427699,-0.14467902793549928,-0.23411508909256562,0.35172239421614043,0.003727,0.006,0.00398,-6.632863896441339,22.75074419668316,8.191669902855923,-6.924714190584656,22.621108225376165,9.438947029486986,-31.45153728546476,-53.96431509398226,-200.0,-28.620453628856442,-56.183402898932215,-200.6872955905459,-31.45153802826124,-53.96431644614439,-200.000001989104,4.151597330338983,-1.469933517813503,-18.699682996452637,-0.14306533761944296,-0.20617455132878415,-0.36069638058658055
4.12,0.005375324205616622,0.0018388337561606183,-0.021963894504440973,-0.14774486247266816,-0.22341096019064086,0.34762165029500663,0.003727,0.006,0.00398,-6.541170906272288,22.843889069114024,8.000403724130155,-6.840671986354206,22.751270058730565,9.238948683652579,-32.06267939483507,-53.63048544907582,-200.0,-29.33707309106136,-55.90542865877043,-200.6925650341997,-32.062680152346395,-53.63048679236652,-200.00000198952318,4.271607010403777,-1.8153925633905006,-18.60792404454971,-0.14174038445225529,-0.2089960279707486,-0.36109823977144345
4.13,0.005505159897671488,0.0011758760174907512,-0.021803738309284892,-0.15067990511646367,-0.2124637306698646,0.3434392905518551,0.003727,0.006,0.00398,-6.448149217040555,22.930471019352645,7.811721665258326,-6.754921916520252,22.8752080860438,9.041330438546229,-32.653570028687334,-53.28818692881269,-200.0,-30.034701995316006,-55.61834295064951,-200.69785546343508,-32.65357080046964,-53.28818826305546,-200.0000019900693,4.386172015818381,-2.161434968742216,-18.513236739315417,-0.14046491966892202,-0.21177135861341867,-0.36146998836089467
4.14,0.005628323106025346,0.0005071514610464067,-0.021639945191420595,-0.15348476988114768,-0.2012796827578997,0.339178853904756,0.003727,0.006,0.00398,-6.3538692370015255,23.01037532425976,7.625669068144685,-6.667538704777425,22.99278535041018,8.846137728822491,-33.223835967832485,-52.93747358609721,-200.0,-30.7129072017714,-55.3221742901531,-200.7031639768544,-33.22383675343476,-52.93747491111909,-200.000001990749,4.4953403139073735,-2.507846704543051,-18.41553048391345,-0.13923852699242806,-0.21449875584045758,-0.3618089394724402
4.15,0.005744902289804302,-0.00016694165714975506,-0.021472513378424124,-0.15616041053651578,-0.18986533882201118,0.33484364170940883,0.003727,0.006,0.00398,-6.258400199725642,23.083491159503225,7.442289717461174,-6.578596596440904,23.103868584161642,8.65341404981821,-33.773117020080626,-52.578400802631805,-200.0,-31.371267965863463,-55.01695298059059,-200.70848778822287,-33.773117819045126,-52.578402118263135,-200.00000199156892,4.599166423346369,-2.8544148265807294,-18.314712102991223,-0.13806077541407488,-0.21717651126056522,-0.36211242807010074
4.16,0.005854998118774268,-0.0008460013769631125,-0.02130143448231117,-0.15870811914588256,-0.17822745294273423,0.3304367149491697,0.003727,0.006,0.00398,-6.161809986000484,23.149711723435956,7.261625961027668,-6.488169164289441,23.20832834331355,8.463201094759324,-34.30106624774608,-52.21102528017155,-200.0,-32.00937618642776,-54.702711120208335,-200.71382423303953,-34.30106705960831,-52.211026586246,-200.00000199253518,4.697711237683227,-3.2009276003040115,-18.21068635038927,-0.1369312215029654,-0.21980299520056756,-0.36237782029777815
4.17,0.005958723159146653,-0.0015296221947934119,-0.02112669381973127,-0.16112952373674985,-0.16637300264714397,0.3259608925559671,0.003727,0.006,0.00398,-6.064164948697753,23.208934358040025,7.083718829771812,-6.396329115568797,23.306039137240575,8.275538893156224,-34.80735018678102,-51.835405031570126,-200.0,-32.626836643605124,-54.379482606591836,-200.7191707750148,-34.80735101107019,-51.83540632792445,-200.00000199365397,4.791041837326975,-3.54717460456855,-18.103356427970954,-0.13584941166794282,-0.2223766560972424,-0.3626025226918904
4.18,0.006056201527459129,-0.0022173951932086267,-0.02094827075940109,-0.1634265850985615,-0.1543091808354423,0.32141875085257837,0.003727,0.006,0.00398,-5.965529741078894,23.26106066697064,6.908608156736255,-6.303148100654669,23.396879553686755,8.090465949743034,-35.2916490573981,-51.45159937161917,-200.0,-33.22326722658402,-54.04730313825782,-200.72452501238809,-35.29164989363727,-51.45160065809301,-200.0000019949312,4.879231289752855,-3.8929468148997963,-17.99262451270782,-0.13481488437533629,-0.22489601960242134,-0.36278399122778787
4.19,0.006147568513102747,-0.0029089081410396678,-0.0207661390947856,-0.16560159270392066,-0.1420433879305673,0.3168126241013314,0.003727,0.006,0.00398,-5.865967149007996,23.305996630735766,6.736332694609363,-6.208696523876721,23.480732379231707,7.908019383323657,-35.75365696605055,-51.05966890768151,-200.0,-33.79829915124402,-53.70621021345736,-200.7298846840058,-35.75365781375689,-51.05967018411759,-200.0000019963727,4.962358437729362,-4.238036666734885,-17.878392289224287,-0.13382717232516447,-0.227359687417062,-0.3629197401573471
4.2,0.006232970170163887,-0.003603745565682659,-0.02058026744000399,-0.16765715975173348,-0.12958322427645483,0.31214460613921785,0.003727,0.006,0.00398,-5.765537927536473,23.34365271904749,6.566930231267436,-6.113043357006576,23.557484715350537,7.7282350648978895,-36.19308209864079,-50.6596755301209,-200.0,-34.35157716778458,-53.35624312623758,-200.73524767507362,-36.19308295732568,-50.65967679636447,-200.00000199798384,5.040507675395443,-4.582238099254566,-17.760561485060137,-0.13288580458861923,-0.22976633587145295,-0.36300735059729883
4.21,0.00631256287937193,-0.004301488799584918,-0.020390619646944858,-0.16959621733295258,-0.11693648280649344,0.30741655307469257,0.003727,0.006,0.00398,-5.664300642317214,23.373944000381268,6.400437702829044,-6.0162559559126985,23.62702809021808,7.551147754454193,-36.60964690483668,-50.25168240252852,-200.0,-34.88275975843766,-52.99744295983302,-200.74061202248924,-36.60964777400612,-50.2516836584275,-200.0000019997699,5.113768712072442,-4.925346580546311,-17.639034406012172,-0.13199030870956308,-0.23211471426971494,-0.36304447883095614
4.22,0.006386512881060444,-0.005001716003127321,-0.020197155241588827,-0.17142200772188862,-0.10411114199959864,0.30263008701707805,0.003727,0.006,0.00398,-5.562311516298071,23.396790248776814,6.23689130373683,-5.918399880883916,23.68925856641897,7.3767912358314405,-37.0030882733783,-49.83575395174877,-200.0,-35.391519325376706,-52.629852577481984,-200.74597591965292,-37.003089152532965,-49.83575519715346,-200.00000200173577,5.182236323754108,-5.267159114984907,-17.51371446902855,-0.13114021277220575,-0.23440364301802968,-0.36302886428907427
4.23,0.006454995780166062,-0.005704002166315503,-0.019999829877563657,-0.1731380767984777,-0.09111535913725795,0.2977866008055671,0.003727,0.006,0.00398,-5.45962428213543,23.412116047911592,6.076326593398511,-5.819538721120645,23.744076844733446,7.205198449070155,-37.37315769826449,-49.41195585770563,-200.0,-35.87754236894623,-52.25351661078794,-200.75133772065266,-37.37315858689987,-49.41195709246868,-200.0000020038862,5.246010092282002,-5.607474233846414,-17.384506730257684,-0.13033504743688207,-0.23663201155717167,-0.36295833717867815
4.24,0.006518196024411907,-0.006407919091875269,-0.019798595805011296,-0.17474826560939835,-0.07795746387085876,0.29288726370128054,0.003727,0.006,0.00398,-5.35629004075773,23.419850892473782,5.91877859893579,-5.719733923888928,23.791388364174974,7.036401619693985,-37.71962143571457,-48.98035504303105,-200.0,-36.34052965634487,-51.86848144576833,-200.7566959437135,-37.71962233332146,-48.980356267007075,-200.00000200622543,5.3051941322942,-5.9460919702998165,-17.251318406014775,-0.12957434794512315,-0.23879877612087533,-0.3628308257326302
4.25,0.006576306356939496,-0.007113035362523945,-0.019593402352880818,-0.17625670107854166,-0.06464595210462785,0.2879330280027334,0.003727,0.006,0.00398,-5.252357126496719,23.41992928685551,5.7642819136097545,-5.619044628826906,23.831103398459618,6.870432384384261,-38.04226065180614,-48.54101966249685,-200.0,-36.78019638090376,-51.474795206754635,-200.7620492738016,-38.042261557870354,-48.541020875542536,-200.00000200875752,5.359896806115579,-6.282813820054136,-17.114059384568318,-0.1288576560946218,-0.2409029573428041,-0.36264436305556974
4.26,0.0066295272447705195,-0.007818916295318112,-0.019384196422839575,-0.17766778588002052,-0.05118948019560801,0.2829246365423733,0.003727,0.006,0.00398,-5.147870979190657,23.412290841181726,5.612870790510517,-5.517527507886269,23.8631371490887,6.707321912534235,-38.340871560695035,-48.094019092252594,-200.0,-37.19627231210696,-51.07250773833018,-200.76739656427318,-38.340872474698045,-48.09402029422642,-200.00000201148637,5.410230426848348,-6.617442689047652,-16.972642726837382,-0.12818452218387907,-0.2429436377355321,-0.36239709354604677
4.27,0.006678066284592721,-0.008525123886129193,-0.01917092299305205,-0.1789861874896798,-0.03759685946827859,0.2778626310195957,0.003727,0.006,0.00398,-5.042874023648783,23.396880364680815,5.464579231120536,-5.415236611382718,23.887409835225643,6.5471010231947,-38.615265553330936,-47.63942391887015,-200.0,-37.588501936505835,-50.66167058550909,-200.77273683745955,-38.615266474749546,-47.63942510963217,-200.00000201441506,5.456310950014444,-6.949782829699511,-16.8269851542541,-0.12755450692558762,-0.2449199590663703,-0.3620872788778283
4.28,0.006722137587480442,-0.009231216747381532,-0.01895352563015433,-0.18021682643388937,-0.023877051037704607,0.27274736112376835,0.003727,0.006,0.00398,-4.937405556849683,23.373647956396013,5.319441068382696,-5.312223220619243,23.903846780545123,6.389800296948966,-38.86526931658696,-47.17730592819713,-200.0,-37.95664458968314,-50.24233697237881,-200.77806928408486,-38.8652702448939,-47.17730710760892,-200.0000020175467,5.498257654205425,-7.279639767337175,-16.677007522233332,-0.12696718332683365,-0.2468311196551635,-0.3617133035270957
4.29,0.006761961144255688,-0.009936750042298048,-0.01873194700781594,-0.18136486375728683,-0.010039160931475898,0.26757899439934585,0.003727,0.006,0.00398,-4.8315016432290365,23.342549093225514,5.177490043927713,-5.208535707534191,23.91237849722794,6.23545018228234,-39.090724942727746,-46.707738094021394,-200.0,-38.300474579423046,-49.81456177944359,-200.78339326141693,-39.09072587739162,-46.707739261945854,-200.00000202088395,5.536192811284741,-7.6068202185318246,-16.522635277858065,-0.12642213853341847,-0.24867637162048062,-0.36127367983541137
4.3,0.006797762173310268,-0.010641275418955543,-0.018506129430374288,-0.18243568773404578,0.003907564502811177,0.2623575268040553,0.003727,0.006,0.00398,-4.725195018392344,23.303544715269183,5.038759879137863,-5.104219401812577,23.912940767267816,6.084081096039145,-39.29149002914754,-46.230794566547374,-200.0,-38.61978130024609,-49.37840151991882,-200.78870829005996,-39.291490969633024,-46.230795722848434,-200.000002024429,5.570241346805655,-7.9311320031613475,-16.363798900588897,-0.12591897563449994,-0.2504550181009134,-0.3607670526020066
4.31,0.006829770452787376,-0.011344340947511244,-0.018276015360077086,-0.18343489985018002,0.01795374292117421,0.25708279391040534,0.003727,0.006,0.00398,-4.618515001568752,23.256601308447916,4.9032843397494945,-4.999316465883989,23.905474721247877,5.93572351758867,-39.46743776831472,-45.74655066068689,-200.0,-38.91436933946718,-48.9339143152386,-200.79401404930692,-39.46743871408255,-45.74655180522962,-200.0000020281836,5.60053049139094,-8.252383952112861,-16.20043432495119,-0.12545731542311503,-0.2521664104790332,-0.3601922032015017
4.32,0.00685821963911841,-0.01204549106399655,-0.01804154794655899,-0.18436830008731867,0.032089860057901376,0.2517544827003606,0.003727,0.006,0.00398,-4.511487417099852,23.201690984348936,4.771097293720252,-4.893865778213488,23.889926914733437,5.7904080763501415,-39.61845702786606,-45.2550828441662,-200.0,-39.1840585749337,-48.4811598700447,-200.79931037097776,-39.61845797837345,-45.25508397681647,-200.00000203214933,5.6271894239340545,-8.570385812615783,-16.032483344341856,-0.12503679810710316,-0.2538099456359053,-0.3595480532264808
4.33,0.006883346573975366,-0.01274426652409183,-0.017802671557233196,-0.18524187154129113,0.04630627357433984,0.24637214390291753,0.003727,0.006,0.00398,-4.404134525235266,23.138791557236914,4.642232762112557,-4.787902825273486,23.866249402415328,5.64816563235557,-39.744452420800336,-44.75646872545094,-200.0,-39.42868426460096,-48.02019944693266,-200.8045972316855,-39.74445337550082,-44.756469846075184,-200.000002036327,5.650348907562648,-8.88494815326456,-15.859893995239034,-0.12465708496429179,-0.25538506326438254,-0.35883366765668223
4.34,0.006905390581779733,-0.013440204370294473,-0.017559332307344702,-0.18606176441172992,0.060593216707958905,0.2409352048244766,0.003727,0.006,0.00398,-4.296474962482176,23.06788661815684,4.516724962769916,-4.681459602564306,23.834399810123607,5.509027349558071,-39.845344365726895,-44.25078704149044,-200.0,-39.648097128097625,-47.55109584123214,-200.80987474348075,-39.845345324070536,-44.25078814995581,-200.00000204071728,5.670140919410448,-9.195882270846903,-15.682620921248859,-0.12431785993483756,-0.2568912432696154,-0.3580482575591002
4.35,0.006924592759944295,-0.014132837915881435,-0.017311478588486418,-0.18683427940168298,0.07494080175075478,0.2354429826222975,0.003727,0.006,0.00398,-4.188523691732353,22.988965606039024,4.394608346588069,-4.574564525029456,23.794341404815263,5.373024761621864,-39.92106913713086,-43.738117645284724,-200.0,-39.842163420433934,-47.0739133560987,-200.81514314284476,-39.921070098564556,-43.738118741458656,-200.00000204532026,5.686698275303942,-9.503000101140747,-15.500625716552223,-0.12401883114347827,-0.2583280032851955,-0.3571911823252899
4.36,0.006941195264086666,-0.014821696749029278,-0.017059061594421457,-0.1875658505689387,0.08933902338886247,0.22989469797193599,0.003727,0.006,0.00398,-4.08029196236341,22.9020238757015,4.275917626208902,-4.467242347188174,23.746043162622037,5.240189829958395,-39.971578905623566,-43.21854149327441,-200.0,-40.01076499799951,-46.58871777818981,-200.82040277801238,-39.97157986959095,-43.21854257702456,-200.00000205013555,5.700154250563588,-9.806114135872448,-15.313877248426941,-0.12375973234345736,-0.2596948963330777,-0.35626195145368755
4.37,0.006955440590473386,-0.015506306760407984,-0.01680203584310261,-0.18826302767335612,0.10377776193790711,0.22428948908030238,0.003727,0.006,0.00398,-3.971787280485184,22.807062762628657,4.160687796990199,-4.359514093283057,23.689479835025143,5.110554993800874,-39.99684176815264,-42.69214063255711,-200.0,-40.15379937699662,-46.095576354193895,-200.82565409462705,-39.99684273409425,-42.69214170375123,-200.0000020551624,5.710642198170621,-10.105037348047475,-15.122351958629771,-0.12354032427379635,-0.2609915086551182,-0.3552602258867732
4.38,0.006967570857976335,-0.01618619019749873,-0.0165403596938047,-0.18893245806693762,0.11824678651115768,0.21862642599689863,0.003727,0.006,0.00398,-3.8630133894746437,22.70408964438785,4.048954150130318,-4.251396997714192,23.62463201320282,4.984153212136927,-39.99684176815264,-42.158998187930976,-200.0,-40.27117978444717,-45.59455776846807,-200.83089761974335,-39.99684273550615,-42.158999246436885,-200.0000020603996,5.718295165606906,-10.3995831278674,-14.926034143500665,-0.1233603959213125,-0.2622174577434568,-0.3541858189135182
4.39,0.006977827091830341,-0.01686086574880241,-0.016273995858310533,-0.18958086817568123,0.13273575815993446,0.21290452517677275,0.003727,0.006,0.00398,-3.753970260914843,22.5931179985289,3.940752277852358,-4.142904456003632,23.55148619057474,4.8610179973458605,-39.97157890562357,-41.61919834876832,-200.0,-40.36283520191089,-45.08573212203175,-200.83613394421565,-39.971579873823764,-41.619199394453524,-200.00000206584536,5.723245511717061,-10.689565231433342,-14.724916212722722,-0.12321976567868143,-0.2633723905959862,-0.35303869664864307
4.4,0.0069864485114712604,-0.0175298486610036,-0.016002911905101183,-0.190215044624348,0.14723423302795552,0.20712276424979317,0.003727,0.006,0.00398,-3.6446540960251674,22.474167456793683,3.836118070578045,-4.034045986505124,23.470034823543614,4.741183440413269,-39.92106913713086,-41.0728263557213,-200.0,-40.42871040204236,-44.56917091314518,-200.8413637035248,-39.92107010560982,-41.07282738845313,-200.00000207149736,5.725624524966687,-10.97479774440363,-14.518998926718558,-0.12311828239000477,-0.26445598222221806,-0.3518189781006399
4.41,0.006993671824720021,-0.018192650892043527,-0.01572708075551739,-0.19084181505718195,0.16173166556337534,0.20128009695193522,0.003727,0.006,0.00398,-3.535057337641086,22.34726385544493,3.7350877060463437,-3.924827203044046,23.380276390409936,4.624684227621304,-39.8453443657269,-40.51996848726147,-200.0,-40.46876597811297,-44.04494701968602,-200.8465875571185,-39.8453453339142,-40.51996950690686,-200.000002077353,5.725562044492999,-11.255095062730415,-14.30829161271126,-0.12305582627540425,-0.26546793442345396,-0.350526934841092
4.42,0.0069997305305441945,-0.018848781302917172,-0.015446481170846307,-0.19146802870929236,0.17621741183416068,0.19537546817536655,0.003727,0.006,0.00398,-3.42516869277254,22.21243928150555,3.6376976303575628,-3.815249798641412,23.28221544840978,4.511555648637948,-39.744452420800336,-39.96071204605511,-200.0,-40.482978366613196,-43.51313468351522,-200.8518061663565,-39.74445338812302,-39.960713052480344,-200.0000020834091,5.723186085343555,-11.530271892531335,-14.092812359486999,-0.12303230972672817,-0.2664079748695764,-0.34916299028740483
4.43,0.007004854232579856,-0.019497745890857787,-0.015161098229283805,-0.1921005367848408,0.1906807329941402,0.18940782909519052,0.003727,0.006,0.00398,-3.3149731657411596,22.069732114681845,3.543984530948355,-3.705311540443955,23.175862688798883,4.401833595952929,-39.61845702786606,-39.39514534517743,-200.0,-40.47133986304602,-42.97380949700237,-200.85702017117305,-39.618457993748834,-39.39514633824834,-200.000002089662,5.718622469283187,-11.800143271068425,-13.872588190908134,-0.12304767796702676,-0.2672758564929206,-0.3477277186111941
4.44,0.007009267965558966,-0.020139048066410425,-0.014870923791712606,-0.19274617269933708,0.20511079894854609,0.18337615233172494,0.003727,0.006,0.00398,-3.204452101866077,21.91918706472566,3.4539853015274224,-3.595006275949709,23.061234989878642,4.295554555631736,-39.467437768314724,-38.82335769416666,-200.0,-40.43385863101317,-42.427048391855095,-200.8622301655862,-39.467438732180256,-38.823358673748245,-200.00000209610747,5.711994462546846,-12.064524610711587,-13.647655218226753,-0.12310190956669617,-0.2680713572177423,-0.34622184328412675
4.45,0.007013191536697959,-0.020772188976700412,-0.014575956955205402,-0.1934117322442536,0.21949669226911458,0.17727944710814986,0.003727,0.006,0.00398,-3.0935832416401023,21.760855203973314,3.367736999026766,-3.48432395058527,22.938355467831023,4.1927555893823705,-39.291490029147546,-38.245439384921376,-200.0,-40.37055870468639,-41.87292963037068,-200.8674366722031,-39.29149099041635,-38.24544035087795,-200.00000210274078,5.703422421854298,-12.323231767636253,-13.418058771217982,-0.12319501681075065,-0.26879428004120176,-0.34464623527217053
4.46,0.007016838884059351,-0.02139666787700567,-0.014276204493153817,-0.19410395373277337,0.23382741240979737,0.1711167743642145,0.003727,0.006,0.00398,-2.9823407853069916,21.594793994781398,3.2852767926465254,-3.37325063665738,22.807253525200487,4.093474307952136,-39.090724942727746,-37.66148167744206,-200.0,-40.28147998474668,-41.31153279920132,-200.87264011588613,-39.09072590081847,-37.66148262963696,-200.00000210955687,5.693023449993662,-12.576081136875466,-13.183853508146672,-0.12332704591149557,-0.2694444534795867,-0.34300191088912074
4.47,0.007020417453782943,-0.022011982552515907,-0.013971681280883406,-0.19482949818582163,0.24809188027485127,0.16488726178746338,0.003727,0.006,0.00398,-2.870695467723323,21.421067311563117,3.2066419050960824,-3.2617685736676174,22.667964896831418,3.997748835894052,-38.86526931658697,-37.071576785420085,-200.0,-40.1666782278638,-40.74293880569457,-200.87784079676382,-38.86527027091661,-37.071577723715784,-200.00000211655,5.68091106219026,-12.822889775187106,-12.945103504530653,-0.12349807706302851,-0.270021732390329,-0.3412900293187996
4.48,0.007024127598024239,-0.022617629791920335,-0.013662410705590398,-0.1955949296175529,0.26227894319147343,0.15859011872408127,0.003727,0.006,0.00398,-2.7586146433579493,21.239745457112722,3.1318695461573705,-3.149856219945069,22.520531693039757,3.9056177677642894,-38.61526555333094,-36.475817861676305,-200.0,-40.02622502977592,-40.16722987684209,-200.883038862784,-38.615266503314984,-36.47581878593427,-200.00000212371407,5.66719486444997,-13.063475553027109,-12.701882320633224,-0.12370822433386786,-0.2705259991777108,-0.33951188981490865
4.49,0.007028161995319339,-0.023213105914206444,-0.013348425059416427,-0.19640669547922185,0.27637738033922354,0.15222465093199275,0.003727,0.006,0.00398,-2.646062381254968,21.050905172890573,3.0609968387189586,-3.0374883155180403,22.365002439767522,3.8171201158335064,-38.34087156069504,-35.87429898345115,-200.0,-39.860207802016106,-39.58448956083905,-200.88823428202215,-38.3408725057475,-35.87429989353171,-200.00000213104235,5.651980244973447,-13.297657336729788,-12.454273047585467,-0.12395763539593799,-0.27095716538668463,-0.3376689285866826
4.5,0.007032705095011055,-0.023797907349776104,-0.013029765914436484,-0.19727110731981506,0.2903759086881851,0.14579027513925405,0.003727,0.006,0.00398,-2.532999569757344,20.85462964292734,2.9940607374531556,-2.924635956112285,22.201432115439236,3.7322952494162784,-38.04226065180615,-35.2671151375484,-200.0,-39.66872974232052,-38.99480273122787,-200.89342681497095,-38.04226159133997,-35.267116033310806,-200.00000213852775,5.635368079680628,-13.525255201794248,-12.202368331984905,-0.12424649108855182,-0.2713151736861247,-0.3357627153775231
4.51,0.007037932587255762,-0.0243715312766854,-0.012706484478315357,-0.19819432172100482,0.3042631894971468,0.13928653337106542,0.003727,0.006,0.00398,-2.419384030761767,20.6510084909935,2.931097940330571,-2.8112666781300817,22.029882184209555,3.6511828259438337,-37.71962143571458,-34.654362205336064,-200.0,-39.45190979873543,-38.39825559356958,-200.89861598704886,-37.71962236914174,-34.6543630866386,-200.00000214616264,5.617454452794843,-13.746090677953646,-11.946270378782563,-0.12457500481754914,-0.27160000023914904,-0.3337949497430026
4.52,0.007044010900037166,-0.02493347631250159,-0.01237864192937252,-0.19918232156290466,0.318027835422001,0.13271310700890107,0.003727,0.006,0.00398,-2.3051706432479824,20.440137770669015,2.8721447931884065,-2.6973445544319046,21.850420625262526,3.573822713926271,-37.37315769826451,-34.03613694760543,-200.0,-39.20988262742677,-37.794935694558376,-200.90380106157352,-37.37315862499623,-34.03613781430499,-200.00000215393882,5.598330393370609,-13.959987026472477,-11.686090932242864,-0.12494342179024859,-0.27181165745457875,-0.33176745703428573
4.53,0.007051096724496796,-0.025483243261937016,-0.01204630972976406,-0.20024089767577577,0.33165841828303017,0.12606983054532514,0.003727,0.006,0.00398,-2.1903114758005784,20.222119947939056,2.8172371875914273,-2.5828303007105466,21.66312195779461,3.5002549079712972,-37.00308827337832,-33.412536989291276,-200.0,-38.94279854417766,-37.18493193346711,-200.90898101345735,-37.003089192825335,-33.41253784124376,-200.00000216184787,5.5780816285568084,-14.16676954986983,-11.421951234713699,-0.12535201808837865,-0.27195019710981605,-0.32968218409196465
4.54,0.007059336569792234,-0.02602033592006281,-0.01170956991549233,-0.20137563093126376,0.3451434775377669,0.11935670499802398,0.003727,0.006,0.00398,-2.074755927815739,19.99706387593473,2.7664104522453514,-2.46768139221654,21.46806726128652,3.430519436047451,-36.609646904836694,-32.78366080405613,-200.0,-38.65082346954184,-36.56833457578557,-200.91415450388496,-36.60964781640956,-32.78366164111634,-200.00000216988067,5.556788354316759,-14.366265934004401,-11.153981962936362,-0.12580109958135482,-0.2720157138316254,-0.32754119465547105
4.55,0.0070688663485931336,-0.026544261930553092,-0.011368515361943443,-0.20259187482499302,0.35847152950364236,0.11257391094649434,0.003727,0.006,0.00398,-1.9584508790611075,19.765084761431957,2.7196992382438925,-2.351852190563663,21.265344190643027,3.364656259200645,-36.1930820986408,-32.14960769873983,-200.0,-38.33413886760316,-35.94523526888873,-200.91931985623893,-36.19308300175006,-32.14960852076128,-200.00000217802764,5.53452502425318,-14.55830662219946,-10.882323141603285,-0.12629100068349855,-0.2720083489175825,-0.32534666449255406
4.56,0.007079810994213495,-0.02705453369800037,-0.01102325002365289,-0.20389473860037435,0.37163107737165896,0.10572182115464523,0.003727,0.006,0.00398,-1.8413408472342299,19.52630412272066,2.677137398451694,-2.235294080314358,21.055046985755574,3.302705163953934,-35.75365696605057,-31.510477797677762,-200.0,-37.992941678270356,-35.31572705955052,-200.9244750335404,-35.75365786010711,-31.5104786045129,-200.00000218627886,5.511360157101403,-14.742725220789758,-10.607124033863418,-0.1268220829591903,-0.2719282944767186,-0.3231008762535827
4.57,0.007092284110295225,-0.027550669352961576,-0.010673889147018355,-0.20528907096139454,0.3846106220488251,0.09880101274238381,0.003727,0.006,0.00398,-1.7233681531418912,19.28084973845588,2.6387578613454443,-2.117955615017082,20.837276475020364,3.244705647641491,-35.29164905739811,-30.86637202689036,-200.0,-37.62744424301832,-34.67990441309758,-200.92961761767208,-35.29164994181343,-30.86637281839064,-200.00000219462402,5.4873561634025805,-14.919358935200552,-10.328543008489705,-0.127394733580573,-0.2717757978643192,-0.32080621405535414
4.58,0.007106387653854698,-0.028032193767972058,-0.010320559454696024,-0.2067794444199,0.39739867386305033,0.09181227886902509,0.003727,0.006,0.00398,-1.6044730931019233,19.028855587106058,2.6045924996556673,-1.9997826723410828,20.61214007232428,3.190696796949035,-34.807350186781036,-30.217392098145663,-200.0,-37.237874223964376,-34.03786323398012,-200.93474479064685,-34.80735106096759,-30.217392874161455,-200.0000022030523,5.462569191795534,-15.088049035371801,-10.046747383436962,-0.12800936364261176,-0.27155116638191723,-0.31846515779979656
4.59,0.007122211652422647,-0.028498639622333455,-0.009963399300446887,-0.20837014032055753,0.4099837651596155,0.08475663989116176,0.003727,0.006,0.00398,-1.4845941181483906,18.770461776620664,2.5746719941713483,-1.8807186179288855,20.379751766993465,3.1407171599543284,-34.3010662477461,-29.563640492897502,-200.0,-36.82447451614918,-33.38970088752156,-200.93985331818163,-34.30106711111771,-29.56364125327822,-200.00000221155244,5.437048995317506,-15.248641349041941,-9.761913245549028,-0.12866640634069582,-0.27125477220971295,-0.31608027723321536
4.6,0.007139833955917066,-0.028949548513036938,-0.009602558793237438,-0.21006513458426238,0.4223544638132015,0.07763535395745762,0.003727,0.006,0.00398,-1.3636680196022537,18.50581446394973,2.549025693088831,-1.760704477562925,20.140232106184556,3.094804611982823,-33.77311702008064,-28.905220446102966,-200.0,-36.38750315286978,-32.735516222595415,-200.9449395358283,-33.77311787205269,-28.90522119069707,-200.00000222011275,5.410838818046934,-15.400986781103324,-9.47422524621431,-0.1293663150161711,-0.27088705753487186,-0.31365422575257645
4.61,0.007159320023819273,-0.02938447210874734,-0.009238199889460307,-0.2118680842083,0.43449938767376334,0.07044992700270968,0.003727,0.006,0.00398,-1.2416301205510107,18.235065764060806,2.5276814673044568,-1.639679117220306,19.893708169186997,3.0529962156151016,-33.2238359678325,-28.24223592991995,-200.0,-35.92723320389141,-32.075409594967624,-200.94999933790157,-33.22383680782245,-28.242236658575255,-200.00000222872143,5.383975302390164,-15.544941856951617,-9.183876372836236,-0.13010956107487603,-0.27044853983594896,-0.31118973396659666
4.62,0.0071807227481391345,-0.029802973343288075,-0.008870496452188834,-0.2137823145590936,0.4464072199583048,0.06320212210350618,0.003727,0.006,0.00398,-1.1184144727644838,17.958373648118087,2.5106655620692497,-1.517579430568667,19.640313533096464,3.0153280752043328,-32.65357002868735,-27.574791637289263,-200.0,-35.44395266634327,-31.409482891034585,-200.95502816943483,-32.653570856115145,-27.574792349852796,-200.00000223736595,5.3564884172645,-15.680369287432079,-8.891067696039414,-0.13089663178398223,-0.2699398172798515,-0.30868960302024734
4.63,0.007204082312596331,-0.030204627644632498,-0.008499634276456648,-0.21581080749089515,0.4580667255938361,0.055893968157897114,0.003727,0.006,0.00398,-0.9939540585575357,17.675901830508735,2.498002445441074,-1.3943405334364953,19.3801882293154,2.9818351862835253,-32.062679394835094,-26.902992965401967,-200.0,-34.93796434808463,-30.737839551681848,-200.96002102137663,-32.06268020912355,-26.90299366172013,-200.0000022460338,5.328401407412918,-15.807138552711423,-8.596008092618776,-0.13172802795189786,-0.26936157418507783,-0.3061566976926851
4.64,0.007229426088369783,-0.03058902419491477,-0.008125811079637425,-0.21795619032132832,0.4694667685094965,0.048527767851721866,0.003727,0.006,0.00398,-0.8681809970964638,17.387819644428678,2.4897146539863506,-1.2698959647730563,19.11347869033592,2.9525512802638114,-31.45153728546478,-26.226945999056003,-200.0,-34.409585743305286,-30.06058459598469,-200.96497242922513,-31.451538086040006,-26.226946678974734,-200.00000225471183,5.299730764049945,-15.925126502093809,-8.298913944332792,-0.1326042614959985,-0.2687145865015782,-0.3035939392803175
4.65,0.007256768566710188,-0.03095576721651372,-0.0077492364560832055,-0.22022072569229054,0.48059632986803863,0.04110610487463708,0.003727,0.006,0.00398,-0.7410267546321317,17.094301905770205,2.485822636199951,-1.1441778935962779,18.84033768626467,2.927508664846277,-30.820529711031543,-25.546757493904334,-200.0,-33.859148900107066,-29.3778246444716,-200.96987647527763,-30.82053049732345,-25.54675815726933,-200.00000226338676,5.270486217023436,-16.034217966521982,-8.000008812734391,-0.13352585290232585,-0.26799972725518467,-0.3010042982780403
4.66,0.0072861113286500755,-0.03130447727880814,-0.00737013179528824,-0.22260630234238094,0.4914445272186143,0.03363185034947041,0.003727,0.006,0.00398,-0.6124223581307808,16.795528765087923,2.486344594126638,-1.017117331411476,18.560924250557772,2.906738060590779,-30.170055229444166,-24.862534859597066,-200.0,-33.28700027979436,-28.689667941671914,-200.97472679465017,-30.17005600088703,-24.862535506253742,-200.00000227204512,5.24067074866035,-16.134306380236893,-7.699523090351996,-0.13449332858116733,-0.26721797190206836,-0.2983907868736358
4.67,0.0073174430519833255,-0.03163479261973995,-0.0069887301629431575,-0.22511442681474683,0.5020006345441081,0.02610816843931801,0.003727,0.006,0.00398,-0.48229861176277133,16.491685547459213,2.491296323682446,-0.8886443495696705,18.2754035944476,2.8902684341057876,-29.500524694326966,-24.17438614281977,-200.0,-32.69350060758467,-27.996224377672217,-200.97951658519753,-29.500525450359746,-24.174386772613627,-200.00000228067296,5.2102806294450135,-16.2252944078046,-7.397693628637696,-0.1355072181219611,-0.26637040353685126,-0.29575645127178646
4.68,0.007350739555630902,-0.031946370475862795,-0.006605276144373923,-0.2277462161220547,0.512254103167209,0.01853852109781913,0.003727,0.006,0.00398,-0.35058631569966375,16.18296258009964,2.5006910541870186,-0.7586883010213515,17.98394700956179,2.878126828343289,-28.81236099551633,-23.4824200102322,-200.0,-32.07902471443506,-27.297605508409703,-200.98423862143764,-28.812361735583316,-23.48242062300879,-200.0000022892563,5.17930547566826,-16.30709457246434,-7.094763343236799,-0.1365680514505231,-0.26545821789585156,-0.2931043638664096
4.69,0.007385963881447313,-0.03223888841415884,-0.006220025649970144,-0.23050239138818543,0.5221945834700008,0.010926671929303529,0.003727,0.006,0.00398,-0.21721648666185225,15.869555007640066,2.5145392876310586,-0.6271780459099304,17.68673175825885,2.870338190502122,-28.10599879195397,-22.786745731308066,-200.0,-31.443961369667065,-26.593924574437484,-200.988885272557,-28.105999515505424,-22.786746326913324,-200.0000022977809,5.147728329168716,-16.379629881549267,-6.790980797244133,-0.1376763558913762,-0.26448272809636797,-0.29043761528128414
4.7,0.007423066413459297,-0.03251204565846638,-0.005833245682347374,-0.23338327248422389,0.5318119473721957,0.00327668912702339,0.003727,0.006,0.00398,-0.0821205796519863,15.551662595026265,2.532848638213612,-0.49404218043862125,17.383940951234454,2.866925198061679,-27.38188423714754,-22.087473161080673,-200.0,-30.788713104061095,-25.88529651790251,-200.99344852453973,-27.38188494364001,-22.08747373936109,-200.00000230623232,5.115525759268794,-16.442834444504175,-6.486599763252274,-0.13883265313758839,-0.2634453690514023,-0.2877593063012073
4.71,0.007461985034471938,-0.03276556440300521,-0.005445214065120926,-0.23638877367437444,0.5410963115032585,-0.00440705254053542,0.003727,0.006,0.00398,0.05476928969681386,15.229489518056685,2.5556236726939665,-0.35920926843516454,17.075763411987225,2.867908083485427,-26.640474697370102,-21.38471272279508,-200.0,-30.113696023081626,-25.171837997484904,-200.99792000643419,-26.640475386267283,-21.384713283597822,-200.0000023145961,5.082667986997902,-16.496654078863024,-6.181878765123793,-0.1400374561300617,-0.26234770149956865,-0.2850725397173283
4.72,0.007502645319889164,-0.0329991911051285,-0.005056219133307553,-0.23951840028555127,0.5500380609936946,-0.01211987072321836,0.003727,0.006,0.00398,0.19352012273224328,14.903244141634975,2.5828657521115646,-0.22260807503055288,16.76239352777407,2.873304458150172,-25.882238462777806,-20.678575390471053,-200.0,-29.419339609889153,-24.45366740105648,-201.0022910207346,-25.88223913355099,-20.678575933644392,-200.0000023228575,5.049119031649091,-16.54104689939163,-5.877080600545034,-0.1412912658487537,-0.26119141558955683,-0.2823804121120884
4.73,0.007544960768545805,-0.03321269774911606,-0.004666559385519735,-0.2427712464125732,0.5586278738007318,-0.019856775488261258,0.003727,0.006,0.00398,0.3341978159323445,14.573138785877589,2.61457287543409,-0.08416780186071539,16.44403108673127,2.883129136072135,-25.107654451627994,-19.969172671379173,-200.0,-28.706086517789725,-23.730904855824132,-201.00655257781992,-25.107655103756628,-19.969173196772424,-200.00000233100192,5.014836879711451,-16.575983885480444,-5.572471845550563,-0.14259456801742088,-0.25997833395958536,-0.2796860056106082
4.74,0.007588833070240749,-0.03340588307257153,-0.004276543098267631,-0.24614599366912301,0.5668567454736725,-0.027612470347862253,0.003727,0.006,0.00398,0.4768669401721416,14.239389480283256,2.6507395256991844,0.05618167680605004,16.120881100890188,2.897393958014625,-24.317211907784237,-19.25661658843259,-200.0,-27.974392351773222,-23.00367223573398,-201.0106954343554,-24.31721254075674,-19.25661709589654,-200.00000233901457,4.979773676153332,-16.601449421797945,-5.268322342330012,-0.14394782972463127,-0.25871041425344415,-0.27699237962692536
4.75,0.00763415240960076,-0.03357857374676551,-0.003886487902825607,-0.2496409109928679,0.574716014254357,-0.035381354335399046,0.003727,0.006,0.00398,0.6215905216880592,13.90221570624083,2.691356519219384,0.19850957761827773,15.793153614874067,2.9161076165742434,-23.511410091698938,-18.54101966249686,-200.0,-27.224725438793975,-22.27209316592147,-201.0147101355235,-23.51141070501314,-18.54102015188402,-200.00000234688056,4.943875938014635,-16.617441807168973,-4.964904671737465,-0.1453514959630244,-0.2573897510169511,-0.2743025626343403
4.76,0.0076807978057825705,-0.03373062550209113,-0.003496720325290026,-0.25325385551139823,0.5821973863986327,-0.04315752514727845,0.003727,0.006,0.00398,0.7684298253180832,13.561840128225196,2.736410858420709,0.34288397197371,15.461063500126112,2.9392754828528895,-22.69075796507027,-17.822494894622103,-200.0,-26.457566586453105,-21.536293024002678,-201.01858706091346,-22.690758558234307,-17.82249536578685,-200.00000235458546,4.90708479018133,-16.62397372662586,-4.662493612050223,-0.1468059860902253,-0.256018576920595,-0.2716195439905932
4.77,0.0077286374874378245,-0.0338619241897318,-0.0031075752905909693,-0.25698227447387545,0.58929296159553,-0.05093478336400187,0.003727,0.006,0.00398,0.9174441405941282,13.218488314103045,2.7858855888862237,0.48937155074454664,15.124830234587748,2.966899435331355,-21.85577386937082,-17.10115574819862,-200.0,-25.673408829753058,-20.796398938012093,-201.02231647385696,-21.855774441903574,-17.101156200997533,-200.00000236211451,4.8693362231724855,-16.621072681645284,-4.361365585606578,-0.148311690214786,-0.2545992632581104,-0.268946265848946
4.78,0.0077775293022479385,-0.03397238677058362,-0.002719395591390568,-0.2608232082514784,0.5959952583521421,-0.058706637760377,0.003727,0.006,0.00398,1.0686905712585675,12.872388445046816,2.8397596611727787,0.6380373905074003,14.784677667819874,2.998977691566694,-21.006985198451822,-16.37711613103951,-200.0,-24.87275716560808,-20.05253978080206,-201.02588857395986,-21.006985749883626,-16.377116565331672,-200.00000236945317,4.830561372686853,-16.60878137365151,-4.061798095061182,-0.14986896551154538,-0.253134319673918,-0.2662856151871525
4.79,0.00782732116021502,-0.03406196222252919,-0.0023325313229451555,-0.26477329440786934,0.6022972392041195,-0.06646631171092626,0.003727,0.006,0.00398,1.2222238287711553,12.523771015630514,2.898007797965335,0.7889447218908692,14.440833771638598,3.0355046433398285,-20.14492806543042,-15.650490377393806,-200.0,-24.05612827481343,-19.304846160730882,-201.02929355253886,-20.144928595303934,-15.65049079304101,-200.00000237658708,4.79068682056854,-16.587158036011648,-3.764069151067782,-0.15147813247161585,-0.2516263930773009,-0.26364041598644916
4.8,0.007877851509774186,-0.03413063235729413,-0.0019473392851666743,-0.2688287728389707,0.6081923356043182,-0.07420675069245466,0.003727,0.006,0.00398,1.3780960303657306,12.172868524755796,2.960600367126426,0.9421547006536225,14.093530376420091,3.076470695881793,-19.27014696406865,-14.92139322989132,-200.0,-23.22405023119901,-18.55345040847588,-201.03252165063418,-19.270147471939318,-14.921393626758345,-200.00000238350214,4.749634916762102,-16.556276709945973,-3.468456693275205,-0.15313947109354348,-0.2500782657063723,-0.26101342159277413
4.81,0.007928949845662121,-0.0341784125382977,-0.0015641823532682314,-0.27298549197927524,0.6136744723356311,-0.08192063088145582,0.003727,0.006,0.00398,1.5363565022075656,11.819915158132993,3.0275032611894854,1.097726182104718,13.74300289331589,3.121862111806567,-18.383194424859546,-14.18993982142351,-200.0,-22.37706219772025,-17.798486559820738,-201.03556321922972,-18.38319491029631,-14.189940199378494,-200.00000239018422,4.707324121725174,-16.516227459999964,-3.17523800657958,-0.1548532170227803,-0.2484928523104884,-0.2584073072923873
4.82,0.007980437247330632,-0.03420535229122515,-0.001183428818532832,-0.277238916069776,0.618738091288504,-0.08960036883959016,0.003727,0.006,0.00398,1.6970515881916042,11.465146463113841,3.098677783833254,1.2557154994754969,13.389490022710625,3.1716608603754475,-17.48463066603728,-13.456245656962842,-200.0,-21.515714109272547,-17.04009033427793,-201.03840878127684,-17.48463112862342,-13.456246015877484,-200.0000023966198,4.663669368645859,-16.46711652503444,-2.8846891346264014,-0.15661955764874866,-0.2468731964264155,-0.2558246631335589
4.83,0.008032126946562506,-0.034211535799419546,-0.0008054517008802831,-0.28158413348027767,0.6233781744391911,-0.09723813227588096,0.003727,0.006,0.00398,1.8602244649107411,11.10879901674401,3.174080543861352,1.41617624684872,13.033233449346993,3.2258444727123603,-16.575023239731387,-12.720426595323294,-200.0,-20.64056634205138,-16.278399109420345,-201.04104909508237,-16.575023679065005,-12.720426935073172,-200.0000024027955,4.618582444704478,-16.40906640103106,-2.5970842925795368,-0.1584386281694272,-0.24522246573071926,-0.25326798702514736
4.84,0.008083824922797335,-0.03419708227667492,-0.00043062803506255937,-0.28601586607641943,0.6275902658615864,-0.10482585186957799,0.003727,0.006,0.00398,2.0259149633098383,10.751110087971087,3.253663357194228,1.5791590672455653,12.674477524638068,3.2843859035812315,-15.654946673488109,-11.982598830864431,-200.0,-19.752189369323087,-15.513551890810003,-201.04347521858875,-15.654947089182972,-11.982599151329238,-200.0000024086983,4.571972390490104,-16.342215852416274,-2.3126952812080024,-0.16031050763505808,-0.24354394645842517,-0.25073967814225734
4.85,0.008135330524521464,-0.03416214621056371,-5.933813244406172e-05,-0.29052847961913825,0.6313704926035707,-0.11235523413285985,0.003727,0.006,0.00398,2.194159397526006,10.392317295008345,3.3373731573627734,1.744711446464603,12.313468936783636,3.3472534003255867,-14.724982107387188,-11.242878875143534,-200.0,-18.851163403518903,-14.745689277428536,-201.04567857404527,-14.724982499073171,-11.24287917620754,-200.00000241431562,4.5237459165440415,-16.266719849047632,-2.0317909043359164,-0.16223521498450336,-0.24184103688591427,-0.2482420306676609
4.86,0.008186437114943552,-0.03410691747011499,0.00030803517953399,-0.29511599518153975,0.6347155842583332,-0.11981777528771524,0.003727,0.006,0.00398,2.3649904014001875,10.032658258912596,3.4251519149712477,1.912877513258812,11.950456369404202,3.4144103795568013,-13.785716926980678,-10.50138353851656,-200.0,-17.938078024614928,-13.974953422529339,-201.04765101254233,-13.785717294304627,-10.501383820068611,-200.00000241963517,4.4738078358873805,-16.182749426524033,-1.7546363917063525,-0.16421270508852245,-0.24011723988500985,-0.24577722789653922
4.87,0.00823693274001401,-0.03403162127238754,0.0006711073379885163,-0.2997721015652271,0.6376228910621656,-0.12720477612650313,0.003727,0.006,0.00398,2.5384367731262207,9.672370254489685,3.51693656657422,2.0836978464270124,11.585690149503318,3.4858153121609297,-12.837744392288368,-9.758229911693007,-200.0,-17.013531794818725,-13.20148798985175,-201.04938487785955,-12.837744734914653,-9.758230173627075,-200.0000024246453,4.422061511234332,-16.090491468011386,-1.4814928292803025,-0.16624286481640824,-0.2383761545637941,-0.2433473367300864
4.88,0.00828660081672141,-0.0339365180033426,0.0010294928429839673,-0.3044901686950758,0.6400904003528732,-0.13450735782086773,0.003727,0.006,0.00398,2.714523328485115,9.311689859687586,3.6126589533858735,2.257209289384659,11.219421885664332,3.561421617174766,-11.881663263081446,-9.01353534724546,-200.0,-16.078131859643733,-12.425438105157037,-201.05087306905904,-11.8816635806925,-9.013535589460728,-200.0000024293348,4.368409315479525,-15.99014840638,-1.2126165989702107,-0.16832550914335626,-0.23662146701916817,-0.24095430258209305
4.89,0.008335220839448779,-0.033821902889326266,0.0013828060712258172,-0.3092632619682222,0.6421167512272193,-0.14171647863891326,0.003727,0.006,0.00398,2.893270763090646,8.950852604678968,3.712245770212232,2.4334447727657236,10.851904097481308,3.6411775650597558,-10.918077420693049,-8.267417441078315,-200.0,-15.13249353551654,-11.646950303069767,-201.05210910124538,-10.918077712990156,-8.267417663479618,-200.0000024336931,4.31275310390025,-15.881937846063607,-0.9482588297561528,-0.1704603773177067,-0.23485694023532339,-0.23859994472016138
4.9,0.008382569102052213,-0.03368810551647489,0.0017306621024979207,-0.3140841575296976,0.6437012472418194,-0.14882295152587022,0.003727,0.006,0.00398,3.0746955240505365,8.590092621868422,3.8156185249661347,2.6124331455922603,10.48338983731417,3.7250261908776916,-9.947595486594155,-7.519994013858227,-200.0,-14.177239884132426,-10.866172469231365,-201.05308716390388,-9.947595753297778,-7.519994216356204,-200.00000243771,4.254994696398203,-15.766092104710077,-0.6886648620845816,-0.17264712910804123,-0.23308640317181364,-0.23628595206129765
4.91,0.008428419433200565,-0.03353548919643293,0.0020726775561923927,-0.3189453584436928,0.6448438670096214,-0.15581746249893516,0.003727,0.006,0.00398,3.258809691423513,8.229642298084618,3.9226935090924453,2.7941990155311776,10.114132305544564,3.8129052178447393,-8.970830437975271,-6.77138309240892,-200.0,-13.213001273845741,-10.083253777801355,-201.05380217622934,-8.970830678825896,-6.771383274920261,-200.00000244137615,4.195036367980783,-15.642857675380926,-0.4340737273795128,-0.1748853411515686,-0.23131373909426586,-0.2340138794391413
4.92,0.008472543942409316,-0.03336445017790196,0.0024084714351997605,-0.32383911172589586,0.6455452725535308,-0.16269058980258636,0.003727,0.006,0.00398,3.4456208698276196,7.8697319302348685,4.033381779196723,2.978762598738652,9.744384460590103,3.9047469917104625,-7.988399220576296,-6.021702891072906,-200.0,-12.240414928455145,-9.298344624369134,-201.05424983886263,-7.988399435334566,-6.02170305352064,-200.00000244468268,4.132781345573759,-15.512494610756354,-0.1847176444165448,-0.17717450342585706,-0.22954287321018274,-0.23178514435746697
4.93,0.008514713774099451,-0.0331754167046944,0.002737665974337375,-0.328757426198762,0.6458068152899291,-0.1694328237664954,0.003727,0.006,0.00398,3.6351320905283506,7.510589385709183,4.147589150133354,3.1661395797714915,9.374398625010045,4.000478426376194,-7.000922359011119,-5.27107179304465,-200.0,-11.260124463823272,-8.511596554371327,-201.0544266814652,-7.000922547458783,-5.271071935358394,-200.00000244762157,4.068134309147989,-15.37527583149295,0.059178465757465326,-0.17951401586703025,-0.22777775968052114,-0.22960102424241685
4.94,0.008554699866943842,-0.032968847922227096,0.003059887490458199,-0.3336920911279522,0.6456305395276299,-0.1760345873042204,0.003727,0.006,0.00398,3.827341724308283,7.152439768817647,4.265216199772636,3.3563409820215506,9.004426089103418,4.100020961132433,-6.009023564830281,-4.519608331675963,-200.0,-10.272779412844955,-7.723162187141417,-201.05433010557937,-6.009023726770336,-4.519608453792187,-200.00000245018538,4.001001895067941,-15.231486361623636,0.29739744479718644,-0.18190318515775605,-0.22602236808706808,-0.2274626542026635
4.95,0.008592273715684669,-0.03274523263558027,0.003374767231305184,-0.3386346955945651,0.6450191833822636,-0.18248625698719131,0.003727,0.006,0.00398,4.022243405390278,6.795505094537826,4.386158285625351,3.54937304910402,8.634716713461172,4.203290529858173,-5.013329342572161,-3.767431171758796,-200.0,-9.279034739358847,-6.933195135753801,-201.05395842225204,-5.013329477829312,-3.76743127362084,-200.0000024523675,3.9312931994779032,-15.081422494552282,0.5297303404324722,-0.18434122170895859,-0.22428066944237077,-0.22537102530470496
4.96,0.008627208132567274,-0.03250508792354981,0.003681942220162507,-0.3435766485542243,0.6439761770220099,-0.1887781846251488,0.003727,0.006,0.00398,4.219825966657021,6.440003970826656,4.510305573463936,3.745237137603094,8.265518531985126,4.310197542486277,-4.014468594048649,-3.014659090786213,-200.0,-8.279550341674234,-6.141849922858657,-201.0533108839292,-4.014468702469792,-3.014659172344732,-200.00000245416217,3.858920279491775,-14.925390893915363,0.7559768268813808,-0.18682723685904903,-0.22255662183729683,-0.22332698336709852
4.97,0.008659278005507559,-0.03224895761432606,0.003981056093321778,-0.34850919953060067,0.6425056381779353,-0.19490071928116776,0.003727,0.006,0.00398,4.4200733863788955,6.086151290724901,4.637543078037078,3.9439296215491697,7.8970773569283494,4.420646878998411,-3.013072221117354,-2.2614109601961063,-200.0,-7.274990546461428,-5.349281892741749,-201.0523877101753,-3.0130723025718407,-2.2614110214089904,-200.00000245556413,3.7837986499076366,-14.76370763420868,0.9759456010391322,-0.18936024031434653,-0.22085415582637738,-0.2213312282751807
4.98,0.008688261050087923,-0.03197741062968637,0.004271759927377494,-0.35342345988758506,0.6406123648707605,-0.2008442296467497,0.003727,0.006,0.00398,4.622964746629851,5.734157935443,4.767750715932307,4.145441808970454,7.529636387542999,4.534537896170918,-2.009772727190748,-1.507805726600223,-200.0,-6.266023593828338,-4.555647119878136,-201.05119010681506,-2.0097727815707653,-1.5078057674330554,-200.00000245656923,3.7058477731272497,-14.596697186714374,1.1894547532989928,-0.1919391378541131,-0.219177159657264,-0.2193843138149727
4.99,0.008713938552504796,-0.03169103920577401,0.004553713053377442,-0.3583104246211379,0.6383018253255651,-0.2065991267002133,0.003727,0.006,0.00398,4.828474203539506,5.384230489570502,4.900803370598344,4.34975987082868,7.163435823941903,4.651764447249403,-1.0052038177335272,-0.7539623930011776,-200.0,-5.25332111447594,-3.7611023142870756,-201.0497202781548,-1.0052038449542693,-0.7539624134270904,-200.0000024571741,3.6249915399703996,-14.42469135683394,1.3963321119810856,-0.19456272932265953,-0.2175294644543138,-0.21748664802239134
5.0,0.008736096100606286,-0.03139045699967735,0.004826583854879052,-0.3631609946088394,0.6355801450664725,-0.21215588656976453,0.003727,0.006,0.00398,5.036570969495907,5.036570969495919,5.036570969495908,4.559013532096425,6.800930667916621,4.774570858655343,-1.9594348786357652e-14,-1.469576158976824e-14,-200.0,-4.237423102116308,-2.966245034429697,-201.05537837325454,-2.4338777862767522e-14,-3.1251647713814326e-14,-200.00000245737616,3.5411587390653354,-14.24802817945192,1.5964155604666177,-0.1972297069302497,-0.21591482946979812,-0.21563849404121477
5.01,0.006773661959686789,-0.033134788703814255,0.002929059933654915,-0.7210658595090542,0.2643144429066721,-0.6016959543908058,0.003727,0.006,0.00398,5.247219307379913,4.6913765660608195,5.174918573302324,4.902331452900514,6.576714805422205,5.043617225589505,1.005203817733488,0.7539623930011481,-200.0,-3.2124571167472142,-2.196193079120194,-201.5133777039918,1.0052038449923302,0.7539624134381684,-200.00000245717365,-4.553074862827231,-19.54685323830821,-6.551934546243256,-0.449795304708479,-0.4218083484956984,-0.47872500692022335
5.02,0.0015424549644816876,-0.03831879633750836,-0.002494723141700489,-1.0298880706231335,-0.06538566533699132,-0.9313558194113803,0.003727,0.006,0.00398,5.460378536878424,4.348839402399729,5.315706477052732,5.430413911521185,6.547603224340323,5.511389216093159,2.009772727190709,1.5078057266001934,-200.0,-2.182392918143808,-1.4567782237724825,-202.6030477850131,2.0097727817228455,1.5078057674772916,-200.00000245656594,-15.26417040871805,-26.486248144695715,-17.187756087710326,-0.7240108673848842,-0.6376205353275579,-0.7575625783201009
5.03,-0.004413087848752301,-0.0444296835306526,-0.008710671837969017,-0.9233467930246386,0.02104565100674498,-0.8210458884808939,0.003727,0.006,0.00398,5.676003052889654,4.009146307840275,5.458790323058809,5.981126020242939,6.55306491878776,6.00426221146566,3.013072221117315,2.2614109601960766,-200.0,-1.1622158350357685,-0.727557014944775,-203.7799963300117,3.0130723029135873,2.261411021508319,-200.00000245555296,-19.732805105672934,-29.251199942487236,-21.49296300295842,-0.7595804434769327,-0.6540732212283025,-0.7893512019051888
5.04,-0.009226963136494126,-0.04960159256030157,-0.013749273943741758,-0.8111764503702906,0.11117884088320842,-0.70461386224041,0.003727,0.006,0.00398,5.894042355998264,3.6724786086539285,5.604021225403709,6.468534650798654,6.50754734590753,6.431491174777099,4.014468594048609,3.0146590907861843,-200.0,-0.16179139038557133,-0.0024214123738085114,-204.75290688258676,4.014468703076182,3.014659172520454,-200.0000024541357,-22.91115167378552,-31.42074342016395,-24.535385725058674,-0.7802473118461329,-0.6652816594948063,-0.8065889363989084
5.05,-0.012867451195413812,-0.05380655364084195,-0.017575324192040137,-0.6977438181727761,0.20273866508141733,-0.5863820863647295,0.003727,0.006,0.00398,6.114441094965521,3.339011936356899,5.751245905772989,6.89102484522818,6.409760166936516,6.791161107099593,5.0133293425721215,3.7674311717587665,-200.0,0.8141596403732246,0.7163084240202593,-205.51463450471442,5.0133294787745255,3.767431273893923,-200.00000245231615,-24.83182870247857,-33.00402319682151,-26.34810860866293,-0.7794122463172688,-0.6662404490280109,-0.8026365815682913
5.06,-0.015345759304209339,-0.05703961693508129,-0.020196231304031684,-0.5871135762565292,0.2935240745509703,-0.47039688347124237,0.003727,0.006,0.00398,6.337139121143793,3.008916054168057,5.9003068403415515,7.24940850432972,6.25971443757449,7.083767997650803,6.009023564830242,4.519608331675934,-200.0,1.763411260429012,1.4277528585963264,-206.06541459792734,6.009023728127405,4.519608454182606,-200.00000245009682,-25.570233401841385,-34.021129996388744,-27.00329483305248,-0.7595245018078448,-0.6579139509116037,-0.7798801730472033
5.07,-0.01671085436337104,-0.059316739303323845,-0.021657121521463346,-0.48280036988633807,0.3815575819801996,-0.3601824763768754,0.003727,0.006,0.00398,6.562071554691963,2.6823547021320873,6.051042417399825,7.546624372317383,6.0586001054507825,7.311934516880462,7.000922359011081,5.27107179304462,-200.0,2.686074299808187,2.1323612115094743,-206.41204720641142,7.000922549299421,5.271071935885366,-200.00000244748162,-25.2348526792909,-34.50045557987639,-26.60326832415455,-0.7234297870164971,-0.6413419064786448,-0.7410613448473766
5.08,-0.017043640816501907,-0.060672428567906465,-0.022035298182059945,-0.38771436946095483,0.4651063434950267,-0.2586870610515066,0.003727,0.006,0.00398,6.78916886243406,2.3594854613156104,6.203287105367267,7.787401560141742,5.80864973805191,7.480089789554206,7.988399220576259,6.021702891072876,-200.0,3.584315915723844,2.831727304855996,-206.56692917145483,7.988399437728862,6.021703054202205,-200.00000244447483,-23.959888548791398,-34.47745660814655,-25.27392277718439,-0.6742302682307457,-0.617612840319968,-0.6891508153169495
5.09,-0.016450731591301865,-0.061157219660937887,-0.02143429211317084,-0.30413167590928575,0.5426954670122526,-0.16825236445683633,0.003727,0.006,0.00398,7.0183569471714655,2.0404596373815016,6.356871630808166,7.977901178655094,5.512993080965528,7.594127071286175,8.970830437975234,6.7713830924088905,-200.0,4.461988167690364,3.5283522391163293,-206.54699292221298,8.970830681842235,6.771383275773285,-200.0000024410819,-21.897682374270126,-33.99350280531807,-23.15800667961551,-0.6151484908015836,-0.5878410567751002,-0.6272266285255377
5.1,-0.015058052963917934,-0.06083505794627822,-0.019977729463781346,-0.23368811364400305,0.6131140305301366,-0.09060511989207291,0.003727,0.006,0.00398,7.249557248225261,1.7254221637446625,6.5116231660330675,8.125349797411696,5.175506731313882,7.661052220027242,9.947595486594118,7.519994013858197,-200.0,5.324200083320148,4.225376260584892,-206.37260643385468,9.94759575700262,7.51999421739619,-200.00000243730906,-19.21127676898061,-33.094779109568556,-20.408540411119887,-0.5494004925955405,-0.5531465715769861,-0.5583610046527602
5.11,-0.01300450662531652,-0.05978065886864134,-0.017803225508880194,-0.17739440377342638,0.6754145189393637,-0.026868465431021202,0.003727,0.006,0.00398,7.482686852955558,1.4145115244069772,6.667365525842118,8.237677403736328,4.800662847019507,7.688634793707188,10.918077420693011,8.267417441078287,-200.0,6.176866877667076,4.926301030498652,-206.06648305913032,10.918077717447753,8.26741766472062,-200.00000243316344,-16.067409225686806,-31.831211702252027,-17.182590592110195,-0.48008245864520543,-0.5146372711883572,-0.48551900464669223
5.12,-0.010435889353200778,-0.05807690515914254,-0.015056491026012711,-0.13567021140645996,0.7289065275515887,0.022409079501400638,0.003727,0.006,0.00398,7.7176586189722425,1.1078596964699485,6.823919372938923,8.323171197850622,4.3933803509554865,7.685072328816983,11.881663263081407,9.013535347245432,-200.0,7.026266398766327,5.634721170475775,-205.6526429468775,11.881663585964825,9.013535590915236,-200.00000242865275,-12.630174241490696,-30.255396903136774,-13.635588828160097,-0.4100741499252022,-0.47339271421110124,-0.4114714698789318
5.13,-0.007499243293955238,-0.055812333969811265,-0.011885812822946415,-0.10839415180104196,0.7731456374566719,0.05720967854539887,0.003727,0.006,0.00398,7.954381306723821,0.8055921122205756,6.981102431522398,8.390154967147934,3.9588815786477713,7.658676905838524,12.83774439228833,9.758229911692979,-200.0,7.878627392368838,6.354080251697903,-205.15546009659718,12.837744741061053,9.758230175305727,-200.00000242378573,-9.055527713404429,-28.421525795630227,-9.916339743403395,-0.341961158346621,-0.43044921101567024,-0.33872390530787
5.14,-0.004337779002270004,-0.05307875727404325,-0.008437042664205405,-0.09496654936162219,0.8079183565147297,0.07799009813101235,0.003727,0.006,0.00398,8.192759722120913,0.5078276405901441,7.138729708541899,8.446701998790001,3.5025568013792587,7.6175915307277196,13.785716926980642,10.50138353851653,-200.0,8.739767765817943,7.0874620735424205,-204.59882107625782,13.785717301381998,10.501383821980403,-200.00000241857174,-5.4867444482393255,-26.384311989375302,-6.162819419999395,-0.2779768982879007,-0.3867860662423173,-0.26946218101795316
5.15,-0.0010864803465830963,-0.04996905022715345,-0.004849200013808702,-0.09438158570830335,0.8332239609466571,0.08561640910666975,0.003727,0.006,0.00398,8.43269486882462,0.21467858769121062,7.296613722084715,8.500387588485996,3.0298385648279353,7.569542203833062,14.724982107387152,11.242878875143504,-200.0,9.614794530682586,7.837423735497628,-204.00541330842543,14.724982507135463,11.242879178359466,-200.00000241302098,-2.050881100313685,-24.19794188788775,-2.4988224915293165,-0.21996421847123437,-0.34331308440295194,-0.20551517379712522
5.16,0.0021315334835868005,-0.04657513428525377,-0.0012507645308721949,-0.10530545027151972,0.8492539879911276,0.08129242283437137,0.003727,0.006,0.00398,8.674084109803625,-0.07374928395310869,7.454564736350015,8.558085262014949,2.5460873358001592,7.521629857511979,15.654946673488073,11.9825988308644,-200.0,10.507871174464778,8.605873105009822,-203.39615288682043,15.654947098281301,11.982599153726497,-200.00000240714417,1.1437542934359641,-21.915074262569444,0.9685237611685164,-0.16935565647350084,-0.30085958382032957,-0.14833379316381254
5.17,0.005207847020865186,-0.04298617487934186,0.002243295003917567,-0.1261572117704236,0.8563700390713154,0.06648475273713297,0.003727,0.006,0.00398,8.916821337739602,-0.357356717957148,7.6123910026518375,8.625808919710572,2.0564895535927215,7.480164671324893,16.57502323973135,12.720426595323266,-200.0,11.422053285594332,9.393990116314157,-202.78975444114033,16.575023689247566,12.7204269377187,-200.00000240095298,4.0091670300399125,-19.58591825520355,4.150395276996197,-0.1271706878184609,-0.2601652245517459,-0.09898526223991308
5.18,0.008050778465405195,-0.03928700731898775,0.005533736823136154,-0.15518934785524877,0.8550804692047561,0.04284724538895067,0.003727,0.006,0.00398,9.160797153836315,-0.6360509089482879,7.769899005884743,8.708601311019384,1.5659688363676467,7.450543668534493,17.484630666037244,13.456245656962812,-200.0,12.359189536977896,10.20218902605296,-202.20243895380204,17.484631139935246,13.456246018772312,-200.00000239445941,6.4783477987859,-17.25741666222541,6.977103630102133,-0.0940278486541931,-0.22187293762062218,-0.05816107076293209
5.19,0.01058661934887059,-0.03555679923618199,0.008538515121005702,-0.1905651853221228,0.8460164695932293,0.012147299395529757,0.003727,0.006,0.00398,9.405899054567357,-0.909745430394705,7.926893715880563,8.810467605203259,1.0791107893708132,7.437171006404134,18.383194424859514,14.189939821423481,-200.0,13.31988262569882,11.030117282950753,-201.64776993894475,18.383194922779357,14.189940202521477,-200.00000238767632,8.50514787862829,-14.972555721476375,9.398194926543479,-0.07016932556441788,-0.1865241648750384,-0.026196692908630595
5.2,0.012760128113541519,-0.03186795311152952,0.01119353318271768,-0.2304308939770554,0.8299079982179824,-0.023803703932479697,0.003727,0.006,0.00398,9.652011625875753,-1.1783601460769164,8.083178843080866,8.934351392810875,0.6001015914455872,7.443419036947053,19.270146964068616,14.921393229891292,-200.0,14.303503324059927,11.876685921819446,-201.13660422167263,19.270147485632258,14.921393630146202,-200.00000238061688,10.063467362385145,-12.769815122680091,11.381902103795644,-0.055495486250597616,-0.15455650597256396,-0.0031009645070743013
5.21,0.014534342966198849,-0.028285248096916002,0.013452732423459485,-0.2729801208271699,0.807559975186076,-0.06321398262483123,0.003727,0.006,0.00398,9.89901674432146,-1.4418211059572492,8.238557097950347,9.08214926561295,0.13268029036712886,7.471627068385871,20.14492806543039,15.650490377393776,-200.0,15.308250183852719,12.740126191493653,-200.67714078302217,20.14492861024232,15.650490796668324,-200.00000237329496,11.145873110510415,-10.68276400901208,12.914048516359893,-0.04960684130267464,-0.12630374574630765,0.011407067220320762
5.22,0.01588979591255235,-0.024865216347987162,0.015287585721108304,-0.3165098242273657,0.7798291303155082,-0.10436745939272109,0.003727,0.006,0.00398,10.146793784654186,-1.7000604272551005,8.392830453557767,9.254759201847028,-0.31989549011422874,7.523133825589744,21.006985198451787,16.37711613103948,-200.0,16.331247384308053,13.618067282281222,-200.27504971736155,21.00698576609966,16.37711656919086,-200.0000023657249,11.761764202313291,-8.739801429392049,13.996506256446276,-0.05185104755251337,-0.10199812122089891,0.017855988708543494
5.23,0.016823221642895014,-0.021655745350824353,0.016686076098669872,-0.35946634655006726,0.7476018640749973,-0.14567130644152324,0.003727,0.006,0.00398,10.395219833274526,-1.953016161583992,8.54580041075649,9.452157336927826,-0.7548709408216387,7.598338904996829,21.855773869370793,17.101155748198593,-200.0,17.368673475587002,14.507630359298663,-199.93366313232843,21.855774459426264,17.101156205078965,-200.00000235792132,11.935199468981947,-6.9640337349994175,14.64531363704134,-0.06137275571195091,-0.08177459583809794,0.01697662546000295
5.24,0.017345861985002792,-0.01869589427093895,0.01765125040580018,-0.40048122711193473,0.7117734542877776,-0.1856942530500678,0.003727,0.006,0.00398,10.64416990703195,-2.2006321490475145,8.697268265403295,9.67349732248093,-1.1700032609924573,7.696788050459101,22.690757965070233,17.822494894622075,-200.0,18.415914146674826,15.405534500109958,-199.65421058436334,22.69075857708945,17.822495370078613,-200.00000234989943,11.702495586664174,-5.373277093399735,14.888553525677922,-0.07716434081182184,-0.06567684528732193,0.009655309307864573
5.25,0.017481469230365282,-0.016015909213997558,0.018199442241864927,-0.4383966856446682,0.6732289063337847,-0.22319537103952647,0.003727,0.006,0.00398,10.893517176796522,-2.4428578602255735,8.847035377063685,9.917226352451172,-1.5635595389520294,7.817276835603797,23.511410091698906,18.54101966249683,-200.0,19.467732510269208,16.308210492078867,-199.43608313014502,23.51141072522332,18.541020156372237,-200.0000023416746,11.109696241830843,-3.980170613304536,14.764088601947277,-0.09811581038412702,-0.05366462539353539,-0.0031124985299200536
5.26,0.017264110206072603,-0.01363741953727992,0.01835825919149975,-0.4722810856693495,0.6328257022102884,-0.25714341514933764,0.003727,0.006,0.00398,11.143133195229494,-2.6796482270082076,8.994903438662616,10.181212038572427,-1.934304358300964,7.957967311369845,24.317211907784205,19.256616588432564,-200.0,20.51845068806119,17.211918726917567,-199.27711203197407,24.317212562341282,19.256617100565283,-200.0000023332626,10.210003823808679,-2.7923843214047745,14.317241872086568,-0.12306244548147695,-0.04562218458184584,-0.020266768947158283
5.27,0.01673586806246566,-0.01157379506688825,0.018164426874322265,-0.501435006440735,0.5913786537911188,-0.2867271155014662,0.003727,0.006,0.00398,11.392888128170396,-2.9109634632566737,9.140674746552792,10.462874616285132,-2.2814782962751003,8.116512342676348,25.107654451627962,19.969172671379148,-200.0,21.562136696490672,18.11286763601381,-199.1738503556667,25.107655126731807,19.969173201603745,-200.0000023246795,9.061255440849395,-1.8129060959508818,13.598501542888853,-0.15082898259289698,-0.04136739615262436,-0.0407244384401489
5.28,0.015944531008020207,-0.009830642327472598,0.0176615768104528,-0.5253888060907203,0.5496470094166328,-0.3113570892033043,0.003727,0.006,0.00398,11.642650989049674,-3.136768876284662,9.28415247048693,10.759319419739363,-2.604768577869046,8.290182688475586,25.882238462777778,20.67857539047103,-200.0,22.59279081506341,19.007329266485883,-199.121847955236,25.882239157930027,20.678575938618494,-200.00000231594146,7.723515054560319,-1.0403923026592086,12.661319144458535,-0.18026938458833794,-0.040661312872585904,-0.06341695105149033
5.29,0.01494134731139668,-0.008406416728139729,0.01689805720722698,-0.5438927460160343,0.5083239029261779,-0.3306602524948009,0.003727,0.006,0.00398,11.892289875730736,-3.357034670159861,9.425140922996041,11.0674651427671,-2.904273212510004,8.475992343836069,26.640474697370074,21.38471272279505,-200.0,23.60452582666492,19.891748745460404,-199.11591250692538,26.640475412060397,21.38471328869298,-200.0000023070649,6.256843275156649,-0.46956799004664107,11.560058997019912,-0.2103014742779985,-0.04321788241106544,-0.08732308802619437
5.3,0.013778914460563979,-0.00729312709312438,0.015924836048591323,-0.5569008699184246,0.4680281732308967,-0.34446777169194964,0.003727,0.006,0.00398,12.141672209181404,-3.5717357418302327,9.56344582769293,11.384164064311314,-3.180459968384602,8.670818228513829,27.38188423714751,22.08747316108064,-200.0,24.59173581406036,20.762844562667667,-199.15035123675642,27.38188497085454,22.087473744553783,-200.00000229806636,4.719295855775219,-0.09166383434960701,10.348146055189948,-0.23993591583445276,-0.04871360198657601,-0.11149659523753605
5.31,0.01250925803368827,-0.006477108972694642,0.01479355488942774,-0.5645498955113922,0.4292985233794571,-0.35279769143348233,0.003727,0.006,0.00398,12.390664973371363,-3.780851471073561,9.698874586037418,11.706311126938086,-3.434121533459361,8.871510940980434,28.105998791953937,22.786745731308038,-200.0,25.549248628598775,21.617696856691722,-199.2191897196228,28.105999544145792,22.78674633217849,-200.00000228896238,3.165191144841054,0.10512160348972491,9.076448089022378,-0.2682992291212015,-0.05679693041118505,-0.1350883332428294
5.32,0.011182143145649637,-0.005939843785472451,0.013554780071629885,-0.5671343898748672,0.392589933397364,-0.3558334257752739,0.003727,0.006,0.00398,12.639134955792013,-3.9843655052621747,9.831236542118477,12.03093948466072,-3.666328173851684,9.074993968825398,28.812360995516304,23.482420010232172,-200.0,26.47245774433241,22.453821243156796,-199.31636558490462,28.812361765651474,23.48242062831976,-200.0000022797697,1.6436757160912705,0.13514445329016922,7.791917295440402,-0.29465071164210815,-0.06709731284124719,-0.15736287090124426
5.33,0.009843648760260032,-0.005658801970793506,0.012256486191582594,-0.5650794687778967,0.35827219312601,-0.3538992967843952,0.003727,0.006,0.00398,12.886948987995208,-4.182265539920507,9.96034324502741,12.355300854748878,-3.878379132886359,9.27834942724872,29.50052469432694,24.174386142819746,-200.0,27.357429976696274,23.269226183298535,-199.43589613980612,29.500525481854847,24.174386777942136,-200.00000227050478,0.19760619106271538,0.014831939769677005,6.536505980470283,-0.31839332297347345,-0.0792337062917461,-0.1777096188981964
5.34,0.008535023093032473,-0.005608289893700991,0.010942795003534955,-0.5589121941126551,0.32663038141612455,-0.3474342630755551,0.003727,0.006,0.00398,13.133974185550112,-4.374543096036228,10.086008708415159,12.676929695514646,-4.071753922312737,9.478889061964285,30.17005522944414,24.862534859597037,-200.0,28.200986459300957,24.0624524524685,-199.57201983290915,30.170056033805775,24.86253551157035,-200.00000226118428,-1.1372459075752142,-0.2377993679115471,5.3463611085133484,-0.33907875610176325,-0.09282252152509886,-0.19564875284229077
5.35,0.007291827085189911,-0.005760282158102689,0.009652981913273295,-0.5492327495333355,0.2978670872807461,-0.3369649045722221,0.003727,0.006,0.00398,13.38007818681943,-4.561193295063362,10.208049666846028,12.993690870786399,-4.2480645458243265,9.674209880297099,30.820529711031522,25.546757493904305,-200.0,29.00075529595051,24.832593909966377,-199.71931215672296,30.82053053166026,25.546758162543142,-200.00000225182467,-2.3326702944459785,-0.6036162601557544,4.251293469263263,-0.3564070762956488,-0.10748491912148683,-0.21083230573180328
5.36,0.006143362746980102,-0.006085223152107508,0.008420752099213002,-0.5366863593108028,0.2721061473066398,-0.3230786272598408,0.003727,0.006,0.00398,13.625129389963542,-4.742214632531924,10.3262858285794,13.303811038515217,-4.409009569586662,9.862234347953622,31.451537285464756,26.226945999055975,-200.0,29.755195385864834,25.579299463428434,-199.8727770683254,31.451538121786935,26.226946684173814,-200.00000224244232,-3.3681892662531268,-1.0628260196027504,3.2745091417753143,-0.37022144689276676,-0.1228534147092396,-0.2230409157279801
5.37,0.005112374224081312,-0.0065527839799952164,0.0072737793160722874,-0.5219367852344076,0.24939766151860845,-0.3063979302246161,0.003727,0.006,0.00398,13.868997187585371,-4.917608751149518,10.440540124429395,13.60589450590405,-4.5563308202832085,10.041235596544507,32.06267939483507,26.902992965401943,-200.0,30.46359200087756,26.302756825498673,-200.02791533480763,32.06268024627059,26.902993666811533,-200.0000022330533,-4.230947613050926,-1.5954120298017824,2.432583990837137,-0.38049857796078057,-0.13857776115776455,-0.23217679687398024
5.38,0.004215001857332756,-0.007132563339312711,0.006233492740972957,-0.5056420962273012,0.22972404627381038,-0.2875564437061193,0.003727,0.006,0.00398,14.111552198438313,-5.087380214250777,10.550638952371463,13.898924719891319,-4.691773353256586,10.209848520165567,32.65357002868733,27.574791637289234,-200.0,31.1260257175583,27.00365933798123,-200.1807714280454,32.653570894650294,27.57479235480256,-200.00000222367376,-4.915352200851839,-2.181542416670827,1.7356562309353893,-0.3873356236766971,-0.15433008491916525,-0.2382535576512841
5.39,0.0034609633579030796,-0.007794723299952344,0.005315090899628311,-0.48843325966449846,0.21300688656001465,-0.2671773073608924,0.003727,0.006,0.00398,14.352666495628096,-5.2515362804168815,10.656412417581565,14.182252905725278,-4.81704919612863,10.367067993582626,33.22383596783248,28.242235929919925,-200.0,31.743317224193262,27.683157750940378,-200.32796073981106,33.22383684773186,28.242236663348777,-200.0000022143195,-5.422498387936673,-2.801946768545447,1.1878077125581064,-0.3909343139414874,-0.16980926067197294,-0.2413835255779957
5.4,0.0028539315399617182,-0.008510553267704543,0.004527756791227439,-0.470895956243126,0.19911435997875299,-0.24585431770890265,0.003727,0.006,0.00398,14.592213830750081,-5.410086680052858,10.757694567611399,14.455575626096493,-4.933805240597468,10.51223571840095,33.77311702008062,28.905220446102938,-200.0,32.31695129128257,28.34279935795167,-200.46667899427058,33.77311791332058,28.905221195259028,-200.00000220500573,-5.759424621062416,-3.4382564892077885,0.7876015519952158,-0.39158313328592886,-0.18474451402266337,-0.241763246486035
5.41,0.0023920748345229725,-0.009252957614280438,0.0038750447967233204,-0.45355587544773834,0.18786901930485325,-0.22413613720754555,0.003727,0.006,0.00398,14.830069853416045,-5.563043394674566,10.854323622419075,14.718903209436858,-5.0435955299112925,10.64501739830423,34.30106624774608,29.563640492897477,-200.0,32.8489837851208,28.984457278006424,-200.59469582169265,34.30106715372687,29.563641257592618,-200.00000219574778,-5.938238798506951,-4.07330490091322,0.5287420195004248,-0.38963835552309734,-0.1988982472406321,-0.23965781627395807
5.42,0.002068725007962624,-0.009996864489841217,0.003355407749302486,-0.43686760980606065,0.17905573843601452,-0.20251372812023605,0.003727,0.006,0.00398,15.066112325637693,-5.710420439619831,10.946142198989081,14.972521091238706,-5.147858073980767,10.765372063497024,34.80735018678102,30.21739209814564,-200.0,33.34193599982267,29.610252922667634,-200.7103345356747,34.80735110489914,30.217392878192022,-200.00000218656035,-5.975160332556821,-4.691383857143599,0.40082215839443075,-0.38550470778879353,-0.21206808867541851,-0.23538467291634643
5.43,0.001873136048083257,-0.010719555176702936,0.0029628315794796023,-0.4212071366804917,0.17242964650086143,-0.18141105510647323,0.003727,0.006,0.00398,15.300221330548228,-5.8522336508596515,11.032997530290553,15.2169461313007,-5.24789621962974,10.873515413099309,35.29164905739809,30.866372026890332,-200.0,33.79868077846304,30.22247478713833,-200.8124402277246,35.2916499870471,30.866372822100864,-200.0000021774581,-5.889520446585475,-5.278454362709259,0.3901253285960463,-0.37961637619887,-0.22408817324417096,-0.2292974298269839
5.44,0.0017912989479589858,-0.011400914980015137,0.0026875451079007573,-0.40686775943758335,0.16772389578659602,-0.1611789933773086,0.003727,0.006,0.00398,15.532279474960257,-5.988500476547758,11.11474167833469,15.452879919240788,-5.3448645108451975,10.969879028989313,35.75365696605055,31.510477797677744,-200.0,34.222324894389814,30.823496658913943,-200.90033835131834,35.75365790662127,31.510478607865856,-200.00000216845484,-5.702760334465511,-5.822309534237574,0.48044862074932043,-0.37241898222355785,-0.23482966952711548,-0.22177027115092873
5.45,0.0018067789722688299,-0.012023608078373174,0.002516773716120413,-0.39405927819236186,0.16465713011046346,-0.14209228587988884,0.003727,0.006,0.00398,15.762172085274768,-6.1192397739071325,11.191231741104806,15.681160968649984,-5.4397588932766086,11.055067243033799,36.19308209864079,32.1496076987398,-200.0,34.61609198423552,31.415698159521103,-200.97378600133,36.19308304952204,32.149608523720076,-200.00000215956456,-5.437462680237338,-6.312689155854366,0.6539187172118395,-0.3643530596878536,-0.2442005786162233,-0.21318335824745266
5.46,0.0019015447677019903,-0.012573179977525412,0.0024355076360855488,-0.3829100760531338,0.16294054066631872,-0.1243493143488232,0.003727,0.006,0.00398,15.989787396274584,-6.244471612014091,11.262330053142396,15.902717536452672,-5.533411048449098,11.129813320045393,36.60964690483668,32.783660804056105,-200.0,34.98320998732348,32.001390242609396,-201.03291809090038,36.6096478654154,32.78366164364421,-200.0000021508001,-5.116446998450775,-6.7413460692012475,0.8917741132234114,-0.35583945297361286,-0.25214484069448095,-0.20390961769824356
5.47,0.0020567621962115368,-0.013038092231447862,0.0024272583115849677,-0.37347174129368055,0.16228441583197517,-0.10807438580836319,0.003727,0.006,0.00398,16.215016732355505,-6.364217081001497,11.327904379582716,16.11852259889593,-5.626486585718838,11.194936459865488,37.0030882733783,33.41253698929125,-200.0,35.32680658028528,32.5827478896401,-201.0781905744377,37.003089243040186,33.412537843304065,-200.00000214217437,-4.761953628684269,-7.102065649528261,1.1750914761549989,-0.3472669432842648,-0.25864079690235187,-0.19430319783436373
5.48,0.002253529835638257,-0.013409694927888419,0.002474779544187816,-0.3657257997661261,0.16240410972613076,-0.09332218845102008,0.003727,0.006,0.00398,16.437754680768425,-6.478498108164935,11.387828103440382,16.32955228012956,-5.7194867732855155,11.25130093259462,37.37315769826449,34.036136947605414,-200.0,35.64981553257213,33.16175179974546,-201.11032275429037,37.37315867639414,34.03613781586119,-200.00000213369955,-4.394935304044889,-7.390640619283826,1.4854381308976077,-0.33898229699353266,-0.2636990657291624,-0.1846897961504437
5.49,0.0024735375130384707,-0.013682143091880428,0.002560733786832803,-0.35959210496373745,0.16302537140999906,-0.08008403860647774,0.003727,0.006,0.00398,16.657899256468554,-6.587337281418195,11.441980405953723,16.53674877463395,-5.81275345290385,11.299778450076033,37.719621435714565,34.654362205336035,-200.0,35.95489628140646,33.74014039073557,-201.130240536843,37.71962242169598,34.6543630876545,-200.00000212538743,-4.034469285875237,-7.604804393577301,1.80543703744921,-0.3312828226601821,-0.2673599042171806,-0.17535897701446854
5.5,0.0026996338242080142,-0.01385226365242348,0.0026682878381987796,-0.3549384245423119,0.1638889925940179,-0.06829552324228558,0.003727,0.006,0.00398,16.87535205819018,-6.6907576805077715,11.490246439801435,16.74098854150063,-5.906476755635738,11.341214652957646,38.04226065180614,35.26711513754837,-200.0,36.244368366355616,34.3193729400125,-201.1390222746595,38.04226164502302,35.267116033750916,-200.00000211724907,-3.6972973496302703,-7.744126996175017,2.119235005009154,-0.32441142490874403,-0.26969013396111075,-0.16655852046021574
5.51,0.002916293173347184,-0.013919379955373332,0.0027816261753603744,-0.35159077027876257,0.16475474663996328,-0.05784513925232455,0.003727,0.006,0.00398,17.090018415389107,-6.788782716359873,11.532517495009948,16.943056286712043,-6.000705217441219,11.376400364269644,38.340871560695035,35.874298983451126,-200.0,36.52016170469065,34.900604220625915,-201.13784855407027,38.34087256053114,35.87429989336083,-200.00000210929537,-3.397495610294034,-7.809878294233167,2.412869113853869,-0.31855405679066323,-0.270779719586977,-0.15849077086802582
5.52,0.003109977282675702,-0.013885100999336292,0.0028863741063412107,-0.34934404135888486,0.165404605653969,-0.04858354051291064,0.003727,0.006,0.00398,17.30180752572067,-6.881435978899569,11.568691157373664,17.143624997972132,-6.095357883068801,11.406048035104465,38.615265553330936,36.475817861676276,-200.0,36.783783056015544,35.48467054811487,-201.12795697639163,38.61526655917015,36.47581878511791,-200.00000210153624,-3.146271434851031,-7.8048638475823005,2.6745302609076784,-0.3138393992850565,-0.2707380926167309,-0.1513108908587477
5.53,0.0032693902384483,-0.013753082629735389,0.002969926706786863,-0.34797258616652577,0.1656452356270718,-0.04033302485021215,0.003727,0.006,0.00398,17.510632582746457,-6.968741093646647,11.598671459212786,17.343242062882968,-6.190237984075486,11.430773592533995,38.86526931658696,37.07157678542006,-200.0,37.03629844078815,36.07208676279015,-201.11060265318366,38.86527032781369,37.07157772222021,-200.0000020939813,-2.9518806053484843,-7.733239037372115,2.89472630017383,-0.31034053827192926,-0.26969031606809224,-0.14512687211707936
5.54,0.0033856298476804825,-0.013528767857514903,0.0030216830209330303,-0.34724033281056704,0.1653097819262706,-0.03289692395285221,0.003727,0.006,0.00398,17.716410893589366,-7.050721587361028,11.622369022294725,17.54232129147387,-6.285047781414126,11.451083700270487,39.09072494272774,37.66148167744203,-200.0,37.27833075969985,36.66305333972159,-201.08702481028678,39.090725958727205,37.66148262742909,-200.00000208663946,-2.8196545294130533,-7.600307323590217,3.0663503338375357,-0.3080783658688944,-0.2677731847053513,-0.14000111198958287
5.55,0.0034522412957636583,-0.01321911328137916,0.0030331881694095064,-0.346910190817876,0.16425896894054381,-0.026068597984390228,0.003727,0.006,0.00398,17.91906398628498,-7.127400762978594,11.639701192746433,17.741140482885257,-6.379404174394647,11.46736826364607,39.29149002914754,38.245439384921355,-200.0,37.51007142167825,37.25747255058464,-201.05841958989623,39.291491049305804,38.24544034792564,-200.00000207951916,-2.752124670353626,-7.412308485716813,3.1846622689490967,-0.3070264041029872,-0.26513135263239324,-0.13595333293910464
5.56,0.003465181762127567,-0.012832308294927056,0.0029981887478288394,-0.3467524831262319,0.16238154825739637,-0.019639781196417953,0.003727,0.006,0.00398,18.11851770660422,-7.19880158404773,11.650592167784769,17.939844026496377,-6.472854695442556,11.479897855993602,39.46743776831472,38.82335769416663,-200.0,37.73130443483384,37.854972399609906,-201.02591887028947,39.46743879201901,38.82335867002026,-200.00000207262804,-2.749229480880157,-7.176202538376291,3.2471937584295794,-0.3071167336421599,-0.2619135741480836,-0.1329646011973254
5.57,0.0034227067378978515,-0.012377493362525457,0.0029126091735535986,-0.34655222625840354,0.15959413925927443,-0.013408073177007058,0.003727,0.006,0.00398,18.314702304152068,-7.264946568847915,11.654973114091785,18.138449911622246,-6.564893533363922,11.488825616037248,39.61845702786605,39.39514534517741,-200.0,37.94144114986697,38.4549369190384,-200.99057470095966,39.618458054504906,39.39514633371441,-200.00000206597332,-2.8085879433922822,-6.899454703394498,3.253588087331373,-0.3082467075223953,-0.2582691358272356,-0.1309821907533679
5.58,0.003325190288209434,-0.01186448316162142,0.0027744584166357333,-0.34611513509235364,0.1558405143365378,-0.007183420500139001,0.003727,0.006,0.00398,18.507552507575728,-7.325857694343051,11.652782277660787,18.336860437409555,-6.654977256119884,11.494193066870466,39.74445242080033,39.960712046055086,-200.0,38.13956366839648,39.0565413342708,-200.95334878425487,39.74445344976369,39.96071304711127,-200.00000205956155,-2.9258232979419736,-6.589826384316497,3.205387459890848,-0.3102861380222908,-0.2543445480810092,-0.1299250383350624
5.59,0.003174892425799214,-0.011303499827354568,0.002583677827150105,-0.3452722849838283,0.15109038786518306,-0.0007934835966202948,0.003727,0.006,0.00398,18.697007588746235,-7.381556310095689,11.643965084937731,18.534875864863054,-6.742539936668291,11.495939236837211,39.845344365726895,40.51996848726146,-200.0,38.324474835396124,39.65879059021718,-200.91510632583405,39.84534539640628,40.51996950067448,-200.00000205339862,-3.0949206150381046,-6.255176554454198,3.1057805213366185,-0.31308466245774474,-0.2502805534575527,-0.12968954320747386
5.6,0.002975687143000505,-0.010704920912048999,0.002341941555239452,-0.34388341648043785,0.14533777356379982,0.005912168046507751,0.003727,0.006,0.00398,18.88301141580633,-7.432063062241699,11.628474235081212,18.732210234141775,-6.82700742141922,11.493912420457166,39.92106913713086,41.072826355721276,-200.0,38.494752719089405,40.260559762041815,-200.87661352347033,39.92107016891953,41.07282738133055,-200.00000204748986,-3.3086024740950326,-5.903277360571014,2.9593228560153877,-0.316479019035825,-0.24620949713486281,-0.13015548117859202
5.61,0.002732764532587195,-0.010079046002876693,0.002052421378081981,-0.3418389151574004,0.13859897873248758,0.013059044195762025,0.003727,0.006,0.00398,19.065512495009557,-7.477397827600327,11.606269783162597,18.928508579658303,-6.907810519387457,11.487883901879034,39.971578905623566,41.61919834876829,-200.0,38.64880753515037,40.860634948757216,-200.8385379612818,39.97157993791662,41.619199386414834,-200.0000020418398,-3.5587080630401093,-5.541647086335742,2.771642696163473,-0.3202999953498292,-0.24225309287955335,-0.13119182379867328
5.62,0.0024523198716300265,-0.009435885241732847,0.0017195276388349834,-0.3390605402066108,0.13091030614147653,0.020745876902848872,0.003727,0.006,0.00398,19.24446400130458,-7.5175796579703915,11.57731921412662,19.123364809732976,-6.984396930285395,11.477562971898081,39.99684176815264,42.15899818793096,-200.0,38.78493908556356,41.45775335985186,-200.80145121577394,39.99684280034701,42.158999237457564,-200.00000203645254,-3.8365624406094194,-5.177402936058138,2.5491432170945383,-0.324378847992523,-0.238520605602392,-0.13266227995330193
5.63,0.0021412416125906053,-0.008784972278394448,0.0013486375159638686,-0.33550100964918816,0.12232553498661063,0.02904385419200665,0.003727,0.006,0.00398,19.419823797650245,-7.552626734640201,11.541597507331447,19.316339572788966,-7.0562417706548475,11.462612599443954,39.99684176815264,42.69214063255709,-200.0,38.901392945914246,42.05064144614936,-200.76583305082175,39.99684279964729,42.69214169380793,-200.00000203133158,-4.133324418424731,-4.817135411341695,2.2987116526904057,-0.3285530305422232,-0.2351074598909743,-0.13443040647262122
5.64,0.001806808993136233,-0.008135203477212055,0.0009458210344046036,-0.3311425770464075,0.11291325142264337,0.03799685103284587,0.003727,0.006,0.00398,19.591554443077495,-7.582556333116533,11.499087191486458,19.5069775042408,-7.122856597780629,11.442665166322781,39.97157890562357,43.21854149327439,-200.0,38.99641383773539,42.63805008928222,-200.7320766699238,39.97157993581956,43.21854256609518,-200.00000202647965,-4.440303443276907,-4.46680538024608,2.027444109705637,-0.33267110735522737,-0.23209427284527775,-0.13636416565467166
5.65,0.0014564085137009908,-0.007494704503907185,0.0005175741646185061,-0.32599475425773494,0.10275409683092765,0.04762254124772389,0.003727,0.006,0.00398,19.759623189543774,-7.607384798056414,11.449778389805774,19.694823333136895,-7.183796870709081,11.417337736319803,39.921069137130864,43.73811764528471,-200.0,39.06829485428939,43.21878604258561,-200.70049459513064,39.92107016543142,43.73811872952253,-200.00000202189878,-4.749237910479676,-4.1316642969998565,1.7423934596602664,-0.33659677079265354,-0.22954629943201368,-0.13833983946678016
5.66,0.0010972769123891446,-0.006870724756217916,7.05670957015514e-05,-0.3200913472803518,0.09193799832241664,0.05791425743294093,0.003727,0.006,0.00398,19.92400196765711,-7.627127528364418,11.393668855196147,19.879436421109283,-7.238667825434766,11.386246402868878,39.8453443657269,44.250787041490426,-200.0,39.11542145853253,43.79173900322138,-200.67132484361167,39.845345391537414,44.25078813699351,-200.0000020175907,-5.052529438720476,-3.816197434367293,1.4503461092284984,-0.34021191844731363,-0.22751326960375026,-0.1402452415073618
5.67,0.0007362765604769783,-0.0062695594822259615,-0.0003885856222091977,-0.31348697785033747,0.08056144119639717,0.06884345566791897,0.003727,0.006,0.00398,20.084667361375782,-7.641798972398589,11.330763995298827,20.060403404264775,-7.287128776537338,11.349019339745531,39.74445242080034,44.75646872545092,-200.0,39.136309431211785,44.3559038846259,-200.64473716728835,39.7444534435286,44.75646983206867,-200.0000020135561,-5.343429712060081,-3.5240894519559296,1.1576318554529603,-0.34341878348015226,-0.22602958874173912,-0.14198219759179215
5.68,0.0003797074742264983,-0.005696498863352162,-0.000853527832026274,-0.3062532628109477,0.06872483736598425,0.08036263739856643,0.003727,0.006,0.00398,20.241600571819028,-7.651412633207329,11.261076887207725,20.237348707589078,-7.328895889675933,11.305308263173233,39.61845702786606,45.25508284416618,-200.0,39.1296362060556,44.91039804410115,-200.6208392028718,39.618458046922086,45.25508396174903,-200.00000200979554,-5.6161784782830315,-3.2582111508421425,0.8699694758624837,-0.3461411443417741,-0.22511486666815633,-0.1434682932464972
5.69,3.3158449670056545e-05,-0.005155802833450407,-0.0013183336607950624,-0.2984748169160691,0.056530037328743885,0.0924085818981423,0.003727,0.006,0.00398,20.394787370353352,-7.655981083701574,11.184628281689433,20.409942797846963,-7.363743497924659,11.25479809814253,39.467437768314724,45.74655066068687,-200.0,39.094265279770745,45.45447339723592,-200.59968244576433,39.46743878311101,45.74655178908604,-200.00000200630845,-5.8660931254622275,-3.0206258640440296,0.5923492330572779,-0.34832466913516374,-0.2247747355788053,-0.14463791080748092
5.7,-0.0002986017710979727,-0.0046506999671768745,-0.001777646225976648,-0.290245233502766,0.044078026311865415,0.1049057484925771,0.003727,0.006,0.00398,20.544218041146387,-7.655515991646643,11.10144659673561,20.57790813188566,-7.391504059622387,11.197214723766045,39.291490029147546,46.23079456654735,-200.0,39.02926362009718,45.98752351421689,-200.58126801041055,39.29149103909906,46.230795705614824,-200.00000200309404,-6.089611891002762,-2.8126136069869654,0.3289521276320812,-0.3499364740625957,-0.2250019137684615,-0.1454425997517627
5.71,-0.0006116938563349716,-0.00418340840398132,-0.002226782192152804,-0.2816631821802831,0.031466837957345305,0.11776971756013238,0.003727,0.006,0.00398,20.689887313408207,-7.65002815434051,11.011567900284305,20.741022840189594,-7.4120668759928625,11.132330749666092,39.09072494272775,46.70773809402138,-200.0,38.93391220977953,46.509085939062935,-200.5655521723913,39.090725947252075,46.707739243609645,-200.0000020001508,-6.284294151188024,-2.634710863180307,0.08310454271948817,-0.35096399439097814,-0.22577746991677775,-0.14585084104576332
5.72,-0.0009031596097960892,-0.0037551764806901256,-0.0026618024535474127,-0.2728287442387512,0.018789711523872942,0.13091055239774932,0.003727,0.006,0.00398,20.831794283565728,-7.639527542826219,10.915035881954589,20.89912225850369,-7.425375703157887,11.059969345690362,38.86526931658697,47.17730592819711,-200.0,38.80771005355515,47.018840098305546,-200.55245170573414,38.865270315104205,47.17730708815919,-200.00000199747672,-6.448782368122204,-2.4867637064722103,-0.14273409046668595,-0.3514132799860565,-0.2270722418951342,-0.14584727953636445
5.73,-0.001170959004930472,-0.003366340526051448,-0.0030795503128767665,-0.26384008579638235,0.006133511243738577,0.1442359795893423,0.003727,0.006,0.00398,20.969942327641267,-7.62402335546876,10.811901813648735,21.052098481871443,-7.4314254053114,10.98000620910453,38.61526555333094,47.639423918870136,-200.0,38.65037213598734,47.516601268430975,-200.54184903533312,38.615266545263964,47.63942508905921,-200.00000199506889,-6.58273112078193,-2.367991859209083,-0.34695380074143456,-0.35130683573506827,-0.22884836443853276,-0.14543150774970676
5.74,-0.0014139363478543054,-0.003016397123352582,-0.0034776594568872166,-0.25479054669083506,-0.0064225806574714,0.15765430272573555,0.003727,0.006,0.00398,21.104339004131212,-7.603524080708058,10.702224498886746,21.199898164578716,-7.430257803834077,10.892369805703915,38.34087156069504,48.09401909225258,-200.0,38.46182194827675,48.00231115016873,-200.53359722221035,38.34087254546945,48.09402027252197,-200.00000199292427,-6.686709215420679,-2.2770612504591394,-0.5287505821450099,-0.35068113032895415,-0.2310608614737089,-0.14461649003734253
5.75,-0.0016317600449659575,-0.0027040870694911567,-0.003854534780931701,-0.24576620065730048,-0.01880809255538491,0.1710769824583037,0.003727,0.006,0.00398,21.234995947703247,-7.578037568782286,10.586070210751837,21.34251882582423,-7.4219568811778,10.797040063344326,38.04226065180615,48.541019662496836,-200.0,38.24217930130189,48.47602565202098,-200.52752479181217,38.0422616288505,48.54102085269977,-200.000001991039,-6.76208116650182,-2.2121626640975327,-0.6880611546624805,-0.349583895311931,-0.23365926126365993,-0.1434267180625198
5.76,-0.0018248408839703356,-0.002427488246526527,-0.0042093096838281,-0.23684392024173873,-0.03096201523395778,0.18442083422101266,0.003727,0.006,0.00398,21.361928754052723,-7.547571112197527,10.463512618340374,21.480003944501444,-7.40664349867984,10.694045727951417,37.719621435714586,48.98035504303103,-200.0,37.991744210331554,48.93790051568066,-200.52344040548783,37.71962240446041,48.98035624302059,-200.00000198940873,-6.810874380775606,-2.171094146040231,-0.8254804877199104,-0.34807133057207196,-0.23658919566928616,-0.1418961874806519
5.77,-0.0019942339545605536,-0.0021841146695935343,-0.004541783841311764,-0.22808995890776945,-0.04283328426486328,0.19760981290274424,0.003727,0.006,0.00398,21.485156856279744,-7.512131534701863,10.334632701627129,21.612437137764445,-7.384469784380086,10.583460613238492,37.37315769826451,49.411955857705614,-200.0,37.71097767527101,49.388175423349594,-200.5211373651247,37.373158658146394,49.41195706733454,-200.00000198802866,-6.835638189949016,-2.151344965862547,-0.9421666688824242,-0.3462053231910913,-0.23979394858947556,-0.14006628172932115
5.78,-0.0021415293516987566,-0.001971019077079139,-0.004852345678764858,-0.21955904354060948,-0.05438100544381343,0.21057637075131921,0.003727,0.006,0.00398,21.604703393167565,-7.471725288503902,10.199518654675721,21.739935717934074,-7.355613340761585,10.46539898658257,37.003088273378324,49.83575395174876,-200.0,37.40048019084863,49.82715721329207,-200.52039793231546,37.00308922383413,49.83575517086914,-200.0000019868934,-6.839300493350136,-2.1501790928285307,-1.039737618319426,-0.34405077451255295,-0.24321592287214097,-0.13798364254034978
5.79,-0.002268736640565705,-0.0017848965784585669,-0.005141883813585102,-0.2112939535414306,-0.06557444020114835,0.22326239039133122,0.003727,0.006,0.00398,21.720595069761107,-7.426358559457403,10.0582657771462,21.86264391196938,-7.320271413500901,10.34001033549247,36.609646904836694,50.25168240252851,-200.0,37.06096880630925,50.25520279762706,-200.52099743746257,36.60964784530767,50.25168363099174,-200.00000198599707,-6.825027226556281,-2.1647163424061002,-1.1201639303509479,-0.34167311617059437,-0.24679799954718692,-0.1356980985800113
5.8,-0.0023781677424928316,-0.0016221870650260095,-0.005411691640615279,-0.20332554832027355,-0.07639277160774965,0.23561970868329066,0.003727,0.006,0.00398,21.832862010660833,-7.3760373799155134,9.910976354074712,21.98072600861682,-7.278655151211807,10.207473752788934,36.19308209864081,50.659675530120886,-200.0,36.69325351692719,50.672702328191114,-200.52270815131715,36.19308302857168,50.65967676777754,-200.00000198533323,-6.796089202675005,-2.1920095692417028,-1.1856617886045073,-0.339136080387214,-0.2504847679838903,-0.13326071398407272
5.81,-0.0024723224532336996,-0.0014791743115143141,-0.005663369009511254,-0.19567319348072482,-0.0868246745536921,0.2476102589804549,0.003727,0.006,0.00398,21.94153760646266,-7.320767748939195,9.757759523926696,22.094359672056243,-7.230984073218571,10.067992165112473,35.75365696605057,51.0596689076815,-200.0,36.298213713265845,51.080063095377156,-200.52530289151713,35.75365788488983,51.05967015438117,-200.0000019848951,-6.755740117573345,-2.229116519192129,-1.2385894740440069,-0.3364997738007045,-0.2542236103943201,-0.13072200794463867
5.82,-0.002553780258240268,-0.0013520799448097087,-0.005898724611989203,-0.1883455274587136,-0.09686771588474039,0.25920586898375936,0.003727,0.006,0.00398,22.046658353787755,-7.260555759526088,9.598731134952702,22.203729629081238,-7.177480848033123,9.92178660990112,35.29164905739811,51.45159937161915,-200.0,35.876775342109454,51.47769457440351,-200.52855833929596,35.29164996459818,51.45160062721012,-200.00000198467535,-6.707108705417554,-2.2731651996236257,-1.2813504890018408,-0.33381908807908167,-0.257965628878375,-0.12813038537169125
5.83,-0.0026251014940242845,-0.0012371507221777683,-0.0061196822818996854,-0.1813415048212942,-0.1065276117550779,0.2703877587742079,0.003727,0.006,0.00398,22.1482636893591,-7.19540773250667,9.434013589906002,22.309021901292244,-7.118366469857927,9.769090741823351,34.80735018678104,51.83540503157011,-200.0,35.42988934897422,51.86599495673049,-200.53225804599384,34.80735108179841,51.83540629589935,-200.00000198466643,-6.653107210464146,-2.3214118774409087,-1.3163057786458299,-0.33114246516823725,-0.26166640783148315,-0.12553080740886047
5.84,-0.0026887402494243373,-0.0011307378384593642,-0.006328193934738768,-0.17465164972917643,-0.11581737022193209,0.28114578871712237,0.003727,0.006,0.00398,22.246395818591783,-7.125330356735641,9.263735679213475,22.410418716108396,-7.053855904504135,9.610145722111344,34.3010662477461,52.21102528017153,-200.0,34.958511879686085,52.24533942445272,-200.5361951145718,34.30106713004153,52.211026553084544,-200.00000198486012,-6.596357535900091,-2.3712910623688974,-1.3456969664120497,-0.32851102070852156,-0.26528660892368167,-0.12296371960531759
5.85,-0.002746970733066678,-0.0010293672627064016,-0.006526161357812921,-0.16825945300538256,-0.12475634720983582,0.2914775098577226,0.003727,0.006,0.00398,22.3410995391735,-7.05033083518728,9.088032402725705,22.508094192177484,-6.984154259992382,9.44519561458885,33.77311702008065,52.57840080263179,-200.0,34.46358662119251,52.616070345378795,-200.5401745472761,33.773117889119575,52.57840208397239,-200.0000019852477,-6.539135667240505,-2.4204570735327886,-1.3715819526656825,-0.3259580163086795,-0.2687923999300444,-0.12046424516309215
5.86,-0.002801828178383925,-0.0009298003833229929,-0.00671536852905083,-0.16214284854348568,-0.13336924346067563,0.30138707029978323,0.003727,0.006,0.00398,22.432422060119777,-6.970417036543381,8.907044780207219,22.602210857390787,-6.909453521153809,9.274483381632816,33.22383596783251,52.9374735860972,-200.0,33.946029562888654,52.9784894887994,-200.54401525632008,33.22383682308518,52.93747487570751,-200.0000019858207,-6.483334268435145,-2.466817015600971,-1.3957836750273127,-0.3235086602795801,-0.2721557223815018,-0.1180616411685171
5.87,-0.002855064736930868,-0.0008290845111893624,-0.006897425610858959,-0.1562757090895868,-0.1416850690209217,0.31088403006813964,0.003727,0.006,0.00398,22.520412816794494,-6.885597651843923,8.720919650766765,22.692917022413166,-6.829929872100933,9.098247542955294,32.653570028687355,53.28818692881268,-200.0,33.406716362344795,53.33285228893267,-200.54755173950684,32.65357086962916,53.288188226532725,-200.0000019865695,-6.430442730727119,-2.50855520256962,-1.4198523106646992,-0.3211802072940315,-0.27535440626100227,-0.1157790072949113
5.88,-0.0029081202424325325,-0.0007245930472378065,-0.007073725252938257,-0.15062930736477642,-0.1497361002670819,0.31998213433222605,0.003727,0.006,0.00398,22.605123282391762,-6.795882355749625,8.529809461465337,22.780345000430902,-6.745741615783767,8.916719530926015,32.062679394835094,53.630485449075806,-200.0,32.84647240616218,53.67936411660996,-200.5506354268574,32.062680220946746,53.630486754743664,-200.0000019874848,-6.3815434298980565,-2.5441492591623223,-1.4450407290636633,-0.3189823203513157,-0.2783721427517105,-0.11363322929512075
5.89,-0.0029621072261891146,-0.0006140553601520216,-0.007245411359436127,-0.14517369566553198,-0.1575568525073431,0.3286980908717881,0.003727,0.006,0.00398,22.686606776378223,-6.701281971947123,8.333872045381396,22.86461013548785,-6.657027686237605,8.730121749015167,31.451537285464784,53.96431509398224,-200.0,32.266065570115906,54.01817846140986,-200.55313570746299,31.451538096232866,53.96431640743383,-200.00000198855665,-6.337322524631101,-2.5723782991153157,-1.472292588864751,-0.3169176534037698,-0.28119832832846586,-0.1116351337873748
5.9,-0.003017809139343741,-0.0004955766374794002,-0.0074133600434958535,-0.13987896509519646,-0.165183088897757,0.3370503925756725,0.003727,0.006,0.00398,22.76491827039742,-6.601808642206958,8.13327038945357,22.945810577888395,-6.563906736773105,8.538666315504154,30.820529711031547,54.28962314796118,-200.0,31.666201604700742,54.34939687722596,-200.55494064802122,30.820530505948632,54.28962446903,-200.00000198977494,-6.298093310676232,-2.5923237242487667,-1.5022421219909745,-0.31498260998847105,-0.2838277952567309,-0.10978982642551076
5.91,-0.003075690395450914,-0.0003676481666166215,-0.007578172115508819,-0.13471635406250337,-0.17265088385298688,0.34505821986541874,0.003727,0.006,0.00398,22.84011419213893,-6.497475998586064,7.928172392463714,23.02402772603537,-6.466476776420749,8.34255445340981,30.170055229444174,54.606358241099734,-200.0,31.04752200417601,54.6730705048147,-200.55595741603156,30.170056008009404,54.60635956961694,-200.0000019911293,-6.263829931663889,-2.6033633069838267,-1.5352243670850207,-0.3131682320803084,-0.2862604448279716,-0.10809718252921473
5.92,-0.0031359165904887853,-0.0002291486686262778,-0.007740176136722732,-0.12965918428238074,-0.17999575639201948,0.35274045150948763,0.003727,0.006,0.00398,22.912252227674426,-6.3882993382461395,7.718750613566546,23.099327239878154,-6.364815317539678,8.141976469953033,29.50052469432697,54.91447035725505,-200.0,30.41060416024745,54.98920295547951,-200.55611242164474,29.500525456046176,54.91447169304919,-200.00000199260919,-6.234209133589562,-2.6051593112808544,-1.5712944040765424,-0.31146117397015055,-0.2885008004280971,-0.10655245758035681
5.93,-0.0031983830863284157,-7.933744635278683e-05,-0.007899440821092563,-0.12468361091579501,-0.1872518860139013,0.3601148056112386,0.003727,0.006,0.00398,22.98139112276117,-6.274295800342135,7.505182011815484,23.171760521818968,-6.258979989711042,7.937112255076427,28.812360995516336,55.2139108419522,-200.0,29.755963556228632,55.29775432061646,-200.55535119294535,28.812361739902624,55.213912184849335,-200.00000199420379,-6.2086577289692695,-2.5976414730751625,-1.6102540017778568,-0.3098447180613054,-0.2905574978330311,-0.10514698457792833
5.94,-0.003262750054202679,8.2159781932864e-05,-0.0080557953865662,-0.11976918141824751,-0.19445142081940398,0.36719712586407754,0.003727,0.006,0.00398,23.04759048361095,-6.155484544414811,7.287647677177163,23.241366556247584,-6.149009568891788,7.728132218530747,28.105998791953972,55.50463241006748,-200.0,29.08405772407015,55.598646061967294,-200.55363800021573,28.105999518528,55.504633759890844,-200.00000199590215,-6.186403498831936,-2.58098570191279,-1.6516840177602703,-0.30829979282866854,-0.2924427299843918,-0.10386892596279648
5.95,-0.0033284820609574273,0.0002553714109487515,-0.008208856341158963,-0.11489920490721675,-0.2016238847485584,0.3740008216939764,0.003727,0.006,0.00398,23.110910577618466,-6.0318869297057125,7.06633255357121,23.308173998492602,-6.034925366300598,7.515198578825911,27.381884237147545,55.78658915329509,-200.0,28.395291664819567,55.89176653642418,-200.5509552456559,27.38188494543815,55.78659050986518,-200.00000199769318,-6.166527394653079,-2.55558938211916,-1.6949808794192167,-0.3068059575408202,-0.2941716629640665,-0.10270404952647486
5.96,-0.0033948903348891557,0.0004400058333339646,-0.00835805913601484,-0.11006094023355155,-0.20879568805202198,0.3805364648450236,0.003727,0.006,0.00398,23.171412134538233,-5.903526694794119,6.841425154512885,23.372203407427612,-5.91673291860149,7.298466914682449,26.640474697370106,56.05973654739671,-200.0,27.69002442233447,56.176976916208496,-200.54730263621656,26.64047538691448,56.05973791053115,-200.0000019995657,-6.148015095391784,-2.5220441462311776,-1.7393955207087586,-0.30534232344296275,-0.2957618390048351,-0.10163650024264442
5.97,-0.0034611759604006864,0.0006354816490876242,-0.008502693122107968,-0.10524561632635643,-0.2159897425099171,0.3868115394656639,0.003727,0.006,0.00398,23.229156148593084,-5.770430136941214,6.613117271979178,23.433469522708684,-5.7944239195681675,7.078087890228828,25.88223846277781,56.32403145923243,-200.0,26.96857649957267,56.45411727914113,-200.54269615867494,25.882239133122226,56.32403282874594,-200.0000020015085,-6.129806213696024,-2.4811069679448563,-1.7840732428055743,-0.30388838667876705,-0.2972325812015562,-0.10064954312966526
5.98,-0.003526472411172321,0.0008409611660875199,-0.00864193830304702,-0.10044830269935619,-0.22322518050092588,0.39283033794359046,0.003727,0.006,0.00398,23.2842036819903,-5.632626290510564,6.38160367915775,23.49198349704775,-5.667978333451741,6.854209068697839,25.107654451627997,56.57943215357188,-200.0,26.231237815457884,56.72301266334591,-200.53716687778734,25.10765510232798,56.57943352927628,-200.0000020035104,-6.110839716677062,-2.4336703789319323,-1.8280931006995784,-0.30242475404423913,-0.29860441317691455,-0.09972625589460064
5.99,-0.0035898860291890267,0.0010553861796488428,-0.008774902476142002,-0.09566765122825674,-0.2305171748445473,0.3985939907014147,0.003727,0.006,0.00398,23.336615670313677,-5.490147103821282,6.1470818277772254,23.547755005421223,-5.537366631610542,6.626976735353218,24.31721190778424,56.825898299684646,-200.0,25.47827591692557,56.983478904836,-200.53075958020858,24.317212538405283,56.8258996813887,-200.0000020055599,-6.0900944173944955,-2.380732556364822,-1.8705055825553811,-0.30093374848903837,-0.29989850536617774,-0.09885015404934505
6.0,-0.003650533280832202,0.0012775150608655278,-0.008900657489511077,-0.09090553244361449,-0.23787685441949802,0.4041006149536019,0.003727,0.006,0.00398,23.38645273025109,-5.343027613777147,5.909751540752826,23.600794166047255,-5.4025520964501474,6.396537658362639,23.51141009169894,57.06339097770921,-200.0,24.709944183934386,57.235328103749275,-200.52353128872383,23.511410701816985,57.063392365218704,-200.0000020076459,-6.066623691064732,-2.323367958639211,-1.9103675359235137,-0.29939988690664,-0.30113615787114745,-0.0980057352671259
6.01,-0.003707573860722735,0.0015059602428673657,-0.009018273506118418,-0.08616659067867997,-0.24531130892179473,0.4093455650550682,0.003727,0.006,0.00398,23.43377497010703,-5.191306117605547,5.669814700916203,23.651113221733176,-5.26349314020731,6.1630407258448505,22.690757965070276,57.29187268479858,-200.0,23.926489793570635,57.47837359428379,-200.51554967304668,22.690758554272,57.29187407791622,-200.0000020097571,-6.0395838638902095,-2.2626991084881594,-1.946773495870307,-0.2978102280116434,-0.3023383280496213,-0.09717893381225866
6.02,-0.0037602389590440377,0.001739225268310815,-0.00912685034795871,-0.08145774254365659,-0.2528236747793615,0.41432176553072,0.003727,0.006,0.00398,23.47864180354003,-5.035024341030352,5.427474936628108,23.698727944227056,-5.120145590427789,5.926638407878537,21.85577386937083,57.51130734104254,-200.0,23.128161241460408,57.712434323449436,-200.50689138484344,21.855774437254443,57.51130873956803,-200.00000201188251,-6.008256002478507,-2.199870038160665,-1.9788827768733417,-0.2961545928468557,-0.3035252092016509,-0.096357479797869
6.03,-0.0038078542496424728,0.0019757406473845246,-0.009225545186970635,-0.07678764246853625,-0.26041329319055556,0.41902010712428167,0.003727,0.006,0.00398,23.521111766953116,-4.8742276021963304,5.182937305101242,23.74365873799039,-4.972464898965231,5.687488003406994,21.006985198451822,57.72166029516516,-200.0,22.315215253155444,57.937338573522226,-200.49764034561065,21.006985744627293,57.72166169889524,-200.00000201401102,-5.972061089946078,-2.1360218232727464,-2.0059418954548756,-0.2944256645881936,-0.30471586493473096,-0.09553116169109395
6.04,-0.003849857386308053,0.002213897870400258,-0.00931359604614182,-0.07216613758629296,-0.26807593049907785,0.4234298861833002,0.003727,0.006,0.00398,23.561242340953587,-4.708964970658583,4.936407974285005,23.78593143289281,-4.820408236796823,5.445752643274731,20.144928065430424,57.922898329996436,-200.0,21.48792295368153,58.15292699159653,-200.48788601645154,20.14492858952017,57.92289973872475,-200.00000201613182,-5.9305688044317355,-2.0722705427654793,-2.027302087564307,-0.29261897774647044,-0.30592792207641284,-0.09469199380292673
6.05,-0.00388581000656546,0.00245208101977816,-0.009390340767792299,-0.06760373214931172,-0.2758040506481324,0.4275392683269783,0.003727,0.006,0.00398,23.599089776286732,-4.539289420747655,4.688093904183597,23.825577767338505,-4.663936442745764,5.2016020317004825,19.27014696406866,58.11498966771786,-200.0,20.646575198847117,58.35905491607236,-200.4777216786077,19.270147465707982,58.114991081235075,-200.00000201823437,-5.883500312058894,-2.0096879143217126,-2.0424318681658127,-0.2907328095591074,-0.30717732338924736,-0.09383429340032527
6.06,-0.003915404430798186,0.0026886955301044096,-0.009455231290122143,-0.06311107912360886,-0.28358712925748947,0.4313357585332814,0.003727,0.006,0.00398,23.634708924634037,-4.365257978621706,4.438202528496864,23.86263557397156,-4.503015800162544,4.955212918986046,18.383194424859553,58.29790397488043,-200.0,19.791487006156586,58.555594013630724,-200.4672427527608,18.383194903697127,58.29790539297434,-200.0000020203082,-5.830725646372359,-1.9492847695862836,-2.050924745805207,-0.2887679883123949,-0.30847813985833533,-0.09295467451166894
6.07,-0.003938465405585012,0.002922193749365698,-0.009507843242803585,-0.05869851372780142,-0.2914119989185939,0.4348066614319181,0.003727,0.006,0.00398,23.668153074653308,-4.186931862320111,4.186941437484849,23.897148689155784,-4.337619621598852,4.7067693078978445,17.484630666037283,58.47161236719464,-200.0,18.923001055370264,58.7424332607548,-200.45654518365222,17.484631121735696,58.47161378965009,-200.00000202234307,-5.772256368366061,-1.8919974532516166,-2.052502348809917,-0.2867276345493835,-0.3098424409883752,-0.09205196743623309
6.08,-0.003954947371267226,0.0031510970570509944,-0.009547881023610663,-0.05437564061315964,-0.29926321558131036,0.4379395175963061,0.003727,0.006,0.00398,23.699473793624044,-4.004376614138982,3.9345180629648344,23.92916661474768,-4.167729627374675,4.456462404713125,16.57502323973139,58.636087414091605,-200.0,18.041490258171272,58.919479320825275,-200.44572391451192,16.575023671967646,58.6360888406908,-200.00000202432932,-5.708234285499412,-1.8386771559045318,-2.047013339829787,-0.2846168516420231,-0.31128022038111675,-0.09112707440499757
6.09,-0.003964927833743193,0.003374014393451294,-0.009575178647831736,-0.050150983245454174,-0.3071234363846111,0.4407225038861737,0.003727,0.006,0.00398,23.728720775046302,-3.8176622246574605,3.681139366353076,23.958743966214648,-3.993337109570628,4.20449033322987,15.654946673488112,58.79130314305481,-200.0,17.14735942248302,59.086656381085916,-200.434871473213,15.654947081954102,58.791304573577,-200.00000202625736,-5.638917055881033,-1.7900821235534787,-2.034428590353431,-0.28244238209719696,-0.31279937287628606,-0.0901827727805272
6.1,-0.003968597489301617,0.003589657147279976,-0.00958969676854625,-0.04603170096497463,-0.31497379993358277,0.44314478830171145,0.003727,0.006,0.00398,23.75594169252665,-3.626863247757208,3.4270115306623365,23.985939744902762,-3.8144438782696435,3.9510576359923655,14.724982107387195,58.93723504372131,-200.0,16.241046059338082,59.243905523329495,-200.4240766890776,14.724982491790135,58.937236477943294,-200.000002028118,-5.564661517541032,-1.7468726278083087,-2.01483315627688,-0.28021224530047834,-0.31440571873529305,-0.08922347765255197
6.11,-0.003966247790068489,0.0037968504342273807,-0.009591516347821565,-0.04202337626967849,-0.32279430081632776,0.4451968322749028,0.003727,0.006,0.00398,23.7811820602685,-3.432058905991216,3.1723396573587967,24.0108164742962,-3.6310629917380473,3.696374591532435,13.785716926980685,59.07386007175232,-200.0,15.323020398598741,59.39118370810236,-200.41342355595057,13.785717287043642,59.073861509448236,-200.0000020299024,-5.485905565823292,-1.7096085302244446,-1.9884156400992545,-0.27793537126546913,-0.3161030697256024,-0.08825497571976539
6.12,-0.003958256648311564,0.003994540875881809,-0.009580829516364325,-0.038129872173056814,-0.33056415105597603,0.4468706357570812,0.003727,0.006,0.00398,23.804485100468952,-3.2333331856789047,2.917327468971765,24.03343924055389,-3.443219276606055,3.44065637957044,12.837744392288373,59.20115665247208,-200.0,14.393784694186257,59.528462454798465,-200.4029902536344,12.837744727750646,59.2011580934137,-200.00000203160218,-5.4031493584132715,-1.678749232720538,-1.9554555460630534,-0.27562124344211164,-0.31789333152318566,-0.08728414199159323
6.13,-0.003945072963258078,0.004181801055796915,-0.009557928192961904,-0.034353257100329326,-0.33826212217460017,0.4481599227875226,0.003727,0.006,0.00398,23.825891617907168,-3.030774921124854,2.66217701833234,24.05387467662098,-3.250949647930298,3.1841221279071323,11.88166326308145,59.31910468427483,-200.0,13.4538719098409,59.65572629952509,-200.39284833616537,11.881663573699042,59.31910612823154,-200.0000020332095,-5.316936561987666,-1.6546557731704787,-1.916309233519824,-0.2732795618424924,-0.31977663657988703,-0.08631865015242046
6.14,-0.003927200617504845,0.004357830886586207,-0.009523191046552595,-0.030693792753105777,-0.34586686257780075,0.449060267381323,0.003727,0.006,0.00398,23.8454398819929,-2.8244778673863116,2.4070884052965704,24.07218992698648,-3.054303242261032,2.9269938752536935,10.918077420693056,59.42768554179907,-200.0,12.503843882969699,59.77297110946178,-200.3830620917805,10.91807770623903,59.42768698853816,-200.000002034717,-5.227836271639816,-1.6375948011974752,-1.871395053317302,-0.2709199357594297,-0.321751501493761,-0.08536668646249955
6.15,-0.003905182535319074,0.004521956168556017,-0.009477069375016876,-0.027149978724940002,-0.3533571860230428,0.44956916150398507,0.003727,0.006,0.00398,23.863165516526585,-2.6145407610426994,2.1522595017828494,24.088451626910157,-2.8533413794760785,2.669495483611243,9.94759548659416,59.526882078868674,-200.0,11.544289067107718,59.880202327033395,-200.37368807589442,9.947595746859065,59.52688352815534,-200.00000203611745,-5.136426139006236,-1.6277441534236026,-1.8211782148769848,-0.2685516132744283,-0.3238150029566357,-0.08443667588694373
6.16,-0.0038795853260535362,0.00467362465637957,-0.009420072448261714,-0.02371864640241481,-0.3607123279854826,0.44968602856593654,0.003727,0.006,0.00398,23.879101397405197,-2.4010673684539374,1.8978856859220148,24.10272492589782,-2.648137371179189,2.411851532166496,8.970830437975277,59.6166786312005,-200.0,10.575819953259188,59.977433210034675,-200.3647748150203,8.970830672767502,59.61668008279806,-200.0000020374046,-5.043277142075922,-1.6251997395209898,-1.7661558808843503,-0.266183252659163,-0.3259629665210397,-0.08353702780857328
6.17,-0.0038509849565688814,0.004812399975887831,-0.009352752821628195,-0.02039509383706107,-0.36791216775844143,0.44941218724640264,0.003727,0.006,0.00398,23.893277558489977,-2.1841665210304426,1.6441595860839167,24.115072580594262,-2.43877619490338,2.1542862221782286,7.988399220576302,59.69706101887801,-200.0,9.599070267290848,60.06468312534951,-200.35636267642107,7.988399429722412,59.697062472548055,-200.00000203857252,-4.948940323504147,-1.6299834497161312,-1.7068429252464388,-0.2638227387441311,-0.3281901627093871,-0.0826759072523592
6.18,-0.0038199538108422137,0.004937953748558148,-0.009275692072082564,-0.017173252807263225,-0.3749374151011163,0.4487507715287846,0.003727,0.006,0.00398,23.90572110583474,-1.9639521370784203,1.3912708355054029,24.125554137310008,-2.225354054233356,1.897022319161355,7.000922359011125,59.768016548590346,-200.0,8.61469203505873,60.14197594454831,-200.3484838953943,7.000922542356183,59.76801800409284,-200.00000203961582,-4.8539357188914165,-1.642051800228883,-1.6437587213342497,-0.2614770454227319,-0.3304905053652557,-0.08186103608472152
6.19,-0.0037870494065694316,0.0050500562873643275,-0.009189487347138803,-0.014045879179294096,-0.3817697611557836,0.4477066135964685,0.003727,0.006,0.00398,23.91645614045484,-1.7405432298257106,1.1394058382001364,24.134225219311933,-2.007977845299643,1.6402801550070216,6.0090235648302865,59.82953401563684,-200.0,7.623352599513173,60.209338579858056,-200.34116274952333,6.009023722237988,59.82953547273037,-200.0000020405298,-4.7587435955291095,-1.6613050446493447,-1.5774152545922655,-0.2591521437305249,-0.33285724759991525,-0.08109952720340978
6.2,-0.0037528049508907535,0.005148566224955627,-0.009094739047946335,-0.011004757886310824,-0.38839199418608034,0.4462860967067319,0.003727,0.006,0.00398,23.925503689798678,-1.5140639012816592,0.8887475467852268,24.141136928979464,-1.7867645499437181,1.3842767086808865,5.013329342572166,59.88160370569629,-200.0,6.625731665101356,60.266799689169794,-200.33441586700488,5.013329473925357,59.881605164138165,-200.00000204131032,-4.663798028548272,-1.6875964957170158,-1.5083067791219102,-0.2568529534289137,-0.3352831712011268,-0.08039775334616153
6.21,-0.0037177218333353523,0.005233419424656029,-0.008992039896456794,-0.008040914330003358,-0.3947880814255527,0.44449698534794246,0.003727,0.006,0.00398,23.932881648065138,-1.2846433216316784,0.6394752528074354,24.1463353701243,-1.561840575258708,1.1292247799825694,4.014468594048654,59.92421739636105,-200.0,5.622518434822413,60.31438856921621,-200.32825265428912,4.0144686992493215,59.92421885590762,-200.00000204195376,-4.569482757621051,-1.7207418224175672,-1.436901164532527,-0.25458333475576833,-0.33776076592497695,-0.07976125086074598
6.22,-0.0036822640762281256,0.0053046175073470266,-0.008881965564610864,-0.005144824723363058,-0.40094321896338553,0.44234823991586647,0.003727,0.006,0.00398,23.938604725491242,-1.052415693921235,0.391764390100275,24.149861291333796,-1.3333410582297733,0.8753322666794192,3.013072221117359,59.95736835843535,-200.0,4.614408894705066,60.352134247118244,-200.32267582678358,3.013072300086837,59.957369818842025,-200.00000204245725,-4.476129195193358,-1.7605281110119941,-1.3636330093233362,-0.25234611600081136,-0.3402823956724667,-0.07919465762150558
6.23,-0.003646854693077295,0.0053622163040824115,-0.008765066973582375,-0.0023066187840107893,-0.40684385212695273,0.43984982284872476,0.003727,0.006,0.00398,23.942684406715852,-0.8175202038371616,0.145786351646104,24.151749847236726,-1.1014091528914467,0.6228015512835037,2.009772727190753,59.981051356997995,-200.0,3.6021032896627987,60.380064772387385,-200.31768202525484,2.009772779869982,59.98105281801947,-200.00000204281858,-4.384016397783056,-1.8067225046249122,-1.288898532352475,-0.25014315182385866,-0.3428404491410831,-0.07870168327698372
6.24,-0.0036118738454076205,0.005406314516257225,-0.008641864305272669,0.0004837307954390645,-0.412477669246416,0.43701250267205327,0.003727,0.006,0.00398,23.94512891830594,-0.5801009544515133,-0.09829167964048863,24.15203047118878,-0.8661953158469554,0.37182899993929786,1.005203817733532,59.995262652228966,-200.0,2.586303823982495,60.398206704360454,-200.31326249983994,1.0052038440830315,59.99526411361958,-200.00000204303595,-4.293372765825247,-1.8590802636171835,-1.2130521959874943,-0.24797540675604413,-0.34542747312714933,-0.07828510918031514
6.25,-0.003577658639073389,0.005437042833441064,-0.00851284270821167,0.0032362365800902336,-0.41783357200552895,0.43384766176035666,0.003727,0.006,0.00398,23.94594320551267,-0.34030688585155305,-0.34030688585154134,24.15072685008672,-0.6278566042182825,0.12260457242756626,2.4492935982947064e-14,60.0,-200.0,1.5677126094190637,60.406584784056214,-200.30940384323299,3.118890632633414e-14,60.0000014615137,-200.00000204310857,-4.2043792049131445,-1.9173521173630848,-1.1364049644847445,-0.24584305809395612,-0.34803628722247865,-0.07794681470011891
6.26,-0.0035445043627806427,0.005454553724611079,-0.008378449627126174,0.0059607456855485345,-0.4229016257980389,0.43036711286112894,0.003727,0.006,0.00398,23.94512891830594,-0.09829167964049793,-0.5801009544515016,24.147856989871112,-0.386555998175502,-0.12468846075676387,-1.0052038177334832,59.995262652228966,-200.0,0.5470298742475401,60.405221774636054,-200.30608875464003,-1.0052038440829902,59.99526411361958,-200.00000204303598,-4.117173461660601,-1.9812908065758645,-1.0592240597500138,-0.24374561239326428,-0.3506600791896684,-0.07768782613467651
6.27,-0.003512666944464282,0.00545901208255473,-0.008239093640646601,0.008666812377310436,-0.4276729936256479,0.4265829285858387,0.003727,0.006,0.00398,23.942684406715866,0.14578635164608772,-0.81752020383715,24.143433358769155,-0.14246175818736043,-0.369873700875183,-2.0097727271907035,59.981051356998,-200.0,-0.47504756213735155,60.39413845104961,-200.30329681648695,-2.00977277986993,59.98105281801952,-200.00000204281855,-4.0318553400282,-2.050656743309312,-0.9817340442789285,-0.24168202996750512,-0.353292480803432,-0.07750838415215286
6.28,-0.0034823663849118947,0.005450586864542669,-0.008095144655507546,0.011363595162560015,-0.43213985709822783,0.42250728718823094,0.003727,0.006,0.00398,23.938604725491242,0.3917643901002635,-1.0524156939212232,24.1374630944396,0.1042531749037337,-0.6127817116679042,-3.01307222111731,59.95736835843535,-200.0,-1.4978275522409865,60.373353717009934,-200.30100526659726,-3.013072300086795,59.957369818842025,-200.00000204245725,-3.948492507602455,-2.1252227427054544,-0.9041190377848319,-0.23965085216724755,-0.355927624405227,-0.0774080255446634
6.29,-0.003453790921978228,0.005429443835930556,-0.007946935278403245,0.014059778580266294,-0.43629532803815657,0.4181523370565731,0.003727,0.006,0.00398,23.932881648065138,0.6394752528074342,-1.2846433216316646,24.12994826087123,0.3534117309006649,-0.8532500286004876,-4.014468594048605,59.92421739636105,-200.0,-2.5206236309332306,60.34288482611658,-200.29918974961032,-4.0144686992493,59.924218855907604,-200.00000204195376,-3.8671266146574617,-2.204777805942984,-0.8265258595471763,-0.23765032672389969,-0.3585601808276801,-0.07738567509966307
6.3,-0.003427101681920952,0.0053957394879223675,-0.007794763168325745,0.016763519021135397,-0.44013335405763115,0.41353008147359915,0.003727,0.006,0.00398,23.925503689798678,0.888747546785214,-1.5140639012816453,24.120886141098957,0.604833208242623,-1.091123097971215,-5.013329342572117,59.88160370569629,-200.0,-3.5427557886930265,60.302747683621256,-200.29782503275496,-5.013329473925305,59.88160516413818,-200.00000204131032,-3.7877794702623087,-2.289129957270492,-0.7490678823630864,-0.23567852705672548,-0.3611853797011028,-0.0774397435417285
6.31,-0.003402437585636242,0.005349616166980162,-0.007638894162316487,0.019482413158405612,-0.44364862128075766,0.40865228437220974,0.003727,0.006,0.00398,23.91645614045484,1.1394058382001198,-1.740543229825699,24.110269552469347,0.8583337167055543,-1.3262521577959316,-6.009023564830239,59.82953401563684,-200.0,-4.563551027321672,60.252957205900145,-200.2968856726917,-6.009023722237931,59.82953547273038,-200.00000204052978,-3.7104590475442536,-2.3781081591894906,-0.6718293853681523,-0.23373346212777849,-0.36379901345359705,-0.07756822776032621
6.32,-0.0033799202956036334,0.005291198421913525,-0.007479565965573982,0.022223486955583904,-0.4468364571317575,0.4035303970583607,0.003727,0.006,0.00398,23.90572110583474,1.3912708355053889,-1.963952137078404,24.09808717223541,1.113726564275467,-1.5584950725191795,-7.000922359011076,59.768016548590346,-200.0,-5.58234372103942,60.19352771600897,-200.29634662195588,-7.0009225423561166,59.76801800409284,-200.00000203961582,-3.635165122802767,-2.4715633485172694,-0.5948702010959914,-0.23181317415557118,-0.3663974265585415,-0.07776880989428782
6.33,-0.0033596590127357717,0.005220590546015296,-0.00731699220192953,0.024993202743764244,-0.44969273581748603,0.3981755052021211,0.003727,0.006,0.00398,23.893277558489977,1.6441595860839153,-2.1841665210304306,24.084323862607857,1.3708225892241792,-1.7877161333305063,-7.9883992205762535,59.69706101887801,-200.0,-6.5984758080367865,60.12447335561882,-200.29618376551886,-7.988399429722393,59.697062472548055,-200.00000203857257,-3.561894388786362,-2.569368652041817,-0.5182304659074211,-0.22991582223437723,-0.3689774917675553,-0.07803895226955415
6.34,-0.003341754959686527,0.005137875266076387,-0.007151366631920328,0.02779748152943019,-0.4522137888073751,0.39259829482607833,0.003727,0.006,0.00398,23.879101397405197,1.897885685922,-2.401067368453921,24.068960985956327,1.6294304398029988,-2.0137858352470976,-8.970830437975229,59.6166786312005,-200.0,-7.611296838722309,60.04580849600169,-200.29637438009695,-8.970830672767447,59.61668008279806,-200.0000020374046,-3.490644919545824,-2.671418853703086,-0.44193530128974023,-0.228039750625843,-0.3715365751965017,-0.07837598566074082
6.35,-0.0033263054170581396,0.005043113507983976,-0.006982867361981608,0.030641737498908764,-0.4543963222671821,0.386809035554861,0.003727,0.006,0.00398,23.863165516526585,2.152259501782835,-2.6145407610426856,24.051976702558456,1.8893568051609657,-2.2365806412178864,-9.947595486594112,59.52688207886868,-200.0,-8.620163907194716,59.957548133412814,-200.29689751101824,-9.947595746859001,59.526883528155324,-200.00000203611745,-3.421419901356957,-2.777629195670541,-0.3659992753683399,-0.22618354116917924,-0.374072492208344,-0.07877718884888321
6.36,-0.0033134072100942102,0.0049363451501004615,-0.006811660888623616,0.033530921619049296,-0.4562373430443799,0.3808175790339432,0.003727,0.006,0.00398,23.8454398819929,2.4070884052965575,-2.824477867386296,24.03334624506314,2.150406602081977,-2.4559827423725,-10.918077420693006,59.42768554179907,-200.0,-9.624441491984463,59.859708257060184,-200.2977342636605,-10.918077706238957,59.42768698853816,-200.000002034717,-3.354230580031536,-2.887933603329637,-0.2904305182631205,-0.2243460498772981,-0.3765834560625028,-0.07923985795897154
6.37,-0.00330315957458438,0.004817590660733527,-0.0066379058446536104,0.036469571282932364,-0.4577340944417802,0.3746333701795167,0.003727,0.006,0.00398,23.82589161790717,2.662177018332308,-3.0307749211248236,24.013042165596712,2.4123831229160158,-2.6718798222436493,-11.881663263081334,59.31910468427485,-200.0,-10.623501230977125,59.75230618073195,-200.29886800864048,-11.88166357369892,59.31910612823155,-200.00000203320954,-3.289098408358318,-3.002282429192185,-0.21523439051132898,-0.2225264283336689,-0.3790680212812081,-0.07976136456211276
6.38,-0.0032956663607943693,0.0046868535048031,-0.006461756339583104,0.039461863099597885,-0.4588840026603133,0.36826546877994676,0.003727,0.006,0.00398,23.804485100468952,2.91732746897177,-3.233333185678898,23.991034553137077,2.6750881506553648,-2.8841648313949766,-12.837744392288393,59.20115665247208,-200.0,-11.616721653776638,59.635360831954806,-200.30028450202033,-12.83774472775064,59.201158093413696,-200.00000203160224,-3.226056407578534,-3.120639813180848,-0.1404166298105474,-0.22072413096753546,-0.3815250236226647,-0.08033920200546897
6.39,-0.0032910375623346755,0.004544123197117569,-0.006283364812193805,0.04251166616122169,-0.4596846344491367,0.36172257892601806,0.003727,0.006,0.00398,23.781182060268502,3.1723396573587825,-3.432058905991216,23.967291220358675,2.938322047483097,-3.092735777445766,-13.785716926980637,59.07386007175233,-200.0,-12.603487892707546,59.50889299518682,-200.3019719237468,-13.785717287043605,59.07386150944825,-200.00000202990236,-3.165149783014276,-3.2429807568518694,-0.06598592681418428,-0.21893890965746057,-0.383953518454897,-0.08097101987366945
6.4,-0.00328939018225044,0.00438937887543564,-0.006102884339010142,0.04562259342218264,-0.4601336661777826,0.3550130837923405,0.003727,0.006,0.00398,23.755941692526658,3.427011530662324,-3.6268632477572105,23.941777860569353,3.2018838233081035,-3.2974955340518015,-14.724982107387149,58.937235043721316,-200.0,-13.583191391315552,59.372925507924315,-200.30392083931963,-14.724982491790122,58.937236477943344,-200.00000202811793,-3.1064358557680944,-3.369288007038403,0.00804409499615727,-0.21717079739188086,-0.386352719196639,-0.08165464688054651
6.41,-0.003290848470690666,0.00422259326536234,-0.0059204703671970615,0.048798049174077616,-0.46022886424616644,0.34814508341446837,0.003727,0.006,0.00398,23.728720775046302,3.6811393663530647,-3.8176622246574587,23.914458176587072,3.4655711908115006,-3.498351671024631,-15.654946673488068,58.79130314305482,-200.0,-14.555229626704307,59.22748341067064,-200.30612409124652,-15.654947081954075,58.791304573577015,-200.00000202625736,-3.049983389554302,-3.499548840461979,0.08165349799625271,-0.21542008290161027,-0.38872193734017535,-0.08238810282997419
6.42,-0.0032955435869017613,0.004043736910975024,-0.005736281863580744,0.05204127098135579,-0.4599680764782605,0.34112643329293674,0.003727,0.006,0.00398,23.69947379362403,3.934518062964803,-4.004376614138961,23.885293984418503,3.72918061337922,-3.6952163064890677,-16.57502323973128,58.63608741409162,-200.0,-15.519005859451036,59.07259405342998,-200.3085766281657,-16.575023671967543,58.6360888406908,-200.00000202432932,-2.9958714041264027,-3.633751835223416,0.1548152302867785,-0.21368727827693004,-0.39106052539929903,-0.08316960056669706
6.43,-0.003303612752779128,0.003852782549478781,-0.005550481892390505,0.05535536483717326,-0.45934923390728605,0.333964781893113,0.003727,0.006,0.00398,23.668153074653308,4.186941437484854,-4.186931862320114,23.854245295391852,3.9925073520025967,-3.888005980822759,-17.484630666037305,58.47161236719464,-200.0,-16.473928922250874,58.9082871627376,-200.3112752805697,-17.484631121735735,58.4716137896501,-200.0000020223431,-2.9441875745539168,-3.771883708107159,0.22749487217893533,-0.21197308159799128,-0.3933678239401487,-0.08399753905805155
6.44,-0.0033151979757251593,0.003649709514900401,-0.0053632376526219355,0.05874333269303349,-0.45837036215664884,0.3266676053850668,0.003727,0.006,0.00398,23.634708924634037,4.438202528496868,-4.365257978621708,23.82127038095979,4.255345516812268,-4.076641551116491,-18.38319442485957,58.29790397488043,-200.0,-17.419413055926793,58.73459487420477,-200.3142184928373,-18.383194903697134,58.29790539297434,-200.00000202030822,-2.8950263190020227,-3.9139262885215556,0.29965088048617716,-0.21027833654962358,-0.3956431136584218,-0.0848704889070693
6.45,-0.003330444425216905,0.0034345080644647558,-0.005174720021220117,0.0622080918952791,-0.45702960145280747,0.3192422382672943,0.003727,0.006,0.00398,23.59908977628674,4.688093904183582,-4.539289420747643,23.7863258247312,4.517488128390584,-4.261048104056026,-19.270146964068612,58.114989667717865,-200.0,-18.3548777990651,58.55155173616619,-200.3174060217643,-19.270147465707925,58.1149910812351,-200.00000201823437,-2.8484866770961657,-4.059853690954289,0.3712352707269471,-0.20860399087183487,-0.39788557326801655,-0.08578717169698845
6.46,-0.0033494985504626817,0.0032071835314796404,-0.004985102660474472,0.06575248641502854,-0.45532523417420756,0.31169589882956417,0.003727,0.006,0.00398,23.561242340953584,4.936407974284993,-4.708964970658573,23.749366566425117,4.778727193404944,-4.4411548844649955,-20.144928065430385,57.92289832999644,-200.0,-19.279747935342137,58.359194690282216,-200.32083861198015,-20.14492858952012,57.922899738724716,-200.00000201613184,-2.8046700768469845,-4.209629738322372,0.4421946693568196,-0.2069510553252869,-0.4000942437688886,-0.08674643461111245
6.47,-0.003372506026145472,0.0029677602199667252,-0.004794560757002478,0.0693792900764096,-0.45325571874394527,0.3040357087218708,0.003727,0.006,0.00398,23.521111766953116,5.182937305101247,-4.8742276021963375,23.710345942384837,5.038853798439103,-4.616895236266052,-21.006985198451847,57.72166029516515,-200.0,-20.193453500626138,58.15756303490801,-200.3245176585564,-21.00698574462732,57.72166169889524,-200.00000201401102,-2.763678081024798,-4.363205678767775,0.5124716632129989,-0.20532056463953263,-0.4022679994691275,-0.08774722176464242
6.48,-0.003399609609922083,0.002716284968542773,-0.004603269465589019,0.07309120226391945,-0.45081972861181385,0.2962687061982234,0.003727,0.006,0.00398,23.478641803540043,5.427474936628078,-5.035024341030332,23.66921572706843,5.297658225191897,-4.788206552310526,-21.85577386937073,57.51130734104257,-200.0,-21.09542985019089,57.94669837674075,-200.32844486676962,-21.855774437254315,57.51130873956808,-200.00000201188251,-2.725610194407069,-4.520518228543399,0.582006371233728,-0.20371354167236858,-0.4044055259520866,-0.08878854363346377
6.49,-0.003430946989485373,0.0024528303238479376,-0.00441140213403611,0.07689083681861124,-0.44801619504208806,0.28840185288702264,0.003727,0.006,0.00398,23.43377497010703,5.669814700916207,-5.191306117605547,23.625926179568857,5.554930089481903,-4.955030229386032,-22.69075796507029,57.29187268479857,-200.0,-21.98511778487572,57.72664457573792,-200.33262191840348,-22.690758554272012,57.29187407791622,-200.0000020097571,-2.6905618020417466,-4.681487963866142,0.6507381640153844,-0.20213096575258235,-0.40650530500684307,-0.08986944587440852
6.5,-0.0034666486891299364,0.0021774972767894807,-0.004219128385310605,0.08078070501197321,-0.4448443524245462,0.2804420341968858,0.003727,0.006,0.00398,23.38645273025109,5.909751540752815,-5.343027613777138,23.58042609874176,5.810458505760288,-5.1173116247235075,-23.511410091698902,57.06339097770922,-200.0,-22.861963733767773,57.49744768761816,-200.33705015318213,-23.51141070181696,57.063392365218725,-200.0000020076459,-2.6586222962158894,-4.846018075199881,0.7186074595724001,-0.20057374591703117,-0.4085656063823326,-0.09098897871001728
6.51,-0.0035068360963507184,0.001890417527801183,-0.004026612131006926,0.08476319361518561,-0.44130378485512245,0.2723960536924612,0.003727,0.006,0.00398,23.33661567031369,6.1470818277771935,-5.490147103821275,23.53266288995925,6.064032278108967,-5.275000010472983,-24.317211907784145,56.82589829968468,-200.0,-23.72541998996124,57.259155907462386,-200.34173027296353,-24.317212538405197,56.825899681388734,-200.00000200555988,-2.629873436713492,-5.013993488483965,0.7855575283604798,-0.19904269949515474,-0.4105844860834038,-0.09214616790671018
6.52,-0.003551619658592464,0.0015917552598421897,-0.003834009585691689,0.08884053916108084,-0.4373944727861943,0.2642706219651399,0.003727,0.006,0.00398,23.284203681990302,6.3816036791577435,-5.6326262905105695,23.48258264589372,6.315440118001883,-5.428048522881473,-25.107654451628015,56.57943215357187,-200.0,-24.574944995154247,57.01181951707773,-200.34666207521735,-25.10765510232798,56.57943352927629,-200.00000200351036,-2.60438797577813,-5.185280349571332,0.8515362469729998,-0.19753853624987003,-0.4125597908035515,-0.09333998821342607
6.53,-0.0036010972892748794,0.0012817084098396964,-0.0036414673455576613,0.09301479952934244,-0.4331168386215867,0.25607234067633317,0.003727,0.006,0.00398,23.22915614859309,6.6131172719791484,-5.770430136941195,23.430130243092343,6.56447088844689,-5.5764141032656225,-25.88223846277772,56.324031459232465,-200.0,-25.410003668252823,56.755490837914294,-200.3518442211034,-25.882239133122106,56.32403282874601,-200.0000020015085,-2.582228566363064,-5.3597258606222224,0.9164977474163154,-0.19606184805815702,-0.41448916798428204,-0.09456933995753702
6.54,-0.0036553530111531063,0.0009605094404558506,-0.00344912058729345,0.09728782397625196,-0.4284717902244875,0.24780768256529395,0.003727,0.006,0.00398,23.17141213453824,6.841425154512873,-5.903526694794113,23.375249455457322,6.810913873515111,-5.720057428304184,-26.64047469737007,56.059736547396724,-200.0,-26.230067772751635,56.4902241904811,-200.3572740422011,-26.64047538691446,56.05973791053117,-200.0000019995657,-2.563446960243449,-5.537158450556119,0.9804039172284259,-0.19461310391579767,-0.41637008090563643,-0.09583302932158388
6.55,-0.00371445585427177,0.0006284256242667652,-0.0032570914345822904,0.10166122268368048,-0.42346076141417877,0.23948296828987095,0.003727,0.006,0.00398,23.11091057761848,7.066332553571197,-6.031886929705704,23.317883085120055,7.054559071713093,-5.858942827659148,-27.381884237147503,55.786589153295104,-200.0,-27.034616317421595,56.21607586042474,-200.3629473886488,-27.3818849454381,55.78659050986519,-200.00000199769315,-2.548083491645533,-5.717388255958748,1.0432257145434627,-0.1931926498807079,-0.41819982814758466,-0.0971297526535504
6.56,-0.00377845901561652,0.00028575886159881714,-0.0030654875305623774,0.10613633682373509,-0.4180857486463069,0.23110434100877278,0.003727,0.006,0.00398,23.047590483610964,7.287647677177144,-6.155484544414798,23.25797311060991,7.295197511167447,-5.993038187448394,-28.105998791953883,55.504632410067515,-200.0,-27.823135984737757,55.933104070746126,-200.36885852017116,-28.10599951852793,55.504633759890865,-200.00000199590215,-2.536166832522753,-5.900207884074935,1.104944271182147,-0.19180071343207433,-0.4199755667154771,-0.09845808500102268
6.57,-0.0038473992783181754,-6.715493879938528e-05,-0.0028744008452432773,0.11071421003173909,-0.4123493431979751,0.22267773962054063,0.003727,0.006,0.00398,22.98139112276117,7.505182011815455,-6.274295800342121,23.195460851684803,7.532621584177163,-6.122314838616996,-28.81236099551625,55.21391084195223,-200.0,-28.595121581502664,55.64136895905391,-200.37500004024642,-28.812361739902535,55.21391218484934,-200.00000199420376,-2.527713997633969,-6.085393425765958,1.1655517656915055,-0.1904374116185063,-0.42169433809587903,-0.09981647290903628
6.58,-0.003921296680160724,-0.00042994688035929984,-0.002683906737614955,0.11539556205738223,-0.40625475831001917,0.21420887155097101,0.003727,0.006,0.00398,22.912252227674422,7.718750613566551,-6.388299338246144,23.130287149724726,7.766625398348597,-6.246747429771232,-29.500524694326984,54.91447035725504,-200.0,-29.35007650623768,55.340932558310485,-200.38136287251027,-29.500525456046194,54.91447169304919,-200.00000199260919,-2.5227305712868335,-6.2727056835157695,1.225052056689145,-0.1891027622987543,-0.4233530964994269,-0.1012032313866849
6.59,-0.004000154414316337,-0.000802216459264482,-0.0024940632832906456,0.12018076522826752,-0.3998058508713614,0.20570318593121928,0.003727,0.006,0.00398,22.840114192138934,7.928172392463707,-6.497475998586054,23.06239256219804,7.997005141263719,-6.366313784532738,-30.17005522944414,54.60635824109975,-200.0,-30.087513228111202,55.03185877921671,-200.38793627744695,-30.17005600800937,54.60635956961695,-200.00000199112932,-2.5212111230091723,-6.461891577739896,1.2834610746714263,-0.18779669774043042,-0.4249487385544362,-0.1026165448305813
6.6,-0.004083958939788246,-0.001183533259562941,-0.00230491087020486,0.12506982421774857,-0.3930071373615251,0.19716584793767525,0.003727,0.006,0.00398,22.76491827039743,8.133270389453557,-6.601808642206955,22.991717569400073,8.223559455443338,-6.480994743927192,-30.82052971103152,54.2896231479612,-200.0,-30.806953772426656,54.714213392213786,-200.39470790649904,-30.820530505948614,54.28962446903004,-200.00000198977494,-2.5231397764991303,-6.65268569373401,1.3408069774772615,-0.186519079834699,-0.42647813373686855,-0.1040544715957915
6.61,-0.004172680275022378,-0.0015734389145354577,-0.002116472057383148,0.13006235946549652,-0.38586380389470215,0.18860171497656822,0.003727,0.006,0.00398,22.68660677637823,8.333872045381385,-6.701281971947121,22.918202791435125,8.446089820251983,-6.590773994731446,-31.451537285464752,53.964315093982265,-200.0,-31.50793020799137,54.388064007046026,-200.40166388994885,-31.45153809623284,53.964316407433834,-200.00000198855665,-2.5284908948991056,-6.8448119315375315,1.3971300806854985,-0.18526971620487523,-0.42793815485768266,-0.10551495182807796
6.62,-0.004266272445520303,-0.001971449284395521,-0.0019287516852088266,0.13515759445970538,-0.37838171032992846,0.1800153152957859,0.003727,0.006,0.00398,22.605123282391773,8.52980946146531,-6.79588235574962,22.841789213265514,8.664400937346732,-6.695637885057387,-32.06267939483502,53.63048544907585,-200.0,-32.18998513201823,54.05348004791606,-200.40878895430285,-32.06268022094667,53.63048675474372,-200.00000198748475,-2.537229845599655,-7.03798522170739,1.4524825793295062,-0.18404837653000067,-0.4293257079750459,-0.10699581811448736
6.63,-0.004364674055000295,-0.00237705679991837,-0.0017417372200875109,0.14035434695855378,-0.37056738852502297,0.17141082949808714,0.003727,0.006,0.00398,22.520412816794494,8.72091965076677,-6.885597651843923,22.762418415580992,8.878301116294658,-6.7955752287443785,-32.65357002868737,53.28818692881267,-200.0,-32.85267214856105,53.71053272246234,-200.4160665644496,-32.653570869629185,53.28818822653272,-200.00000198656952,-2.54931380925726,-7.231913271424748,1.5069280813418582,-0.18285480846775312,-0.4306377611551436,-0.1084948084731346
6.64,-0.004467808949581764,-0.0027897329222064116,-0.0015553993119366838,0.1456510241090859,-0.3624280349153634,0.16279207531805037,0.003727,0.006,0.00398,22.432422060119784,8.907044780207206,-6.970417036543378,22.680032809242388,9.08760265706671,-6.890577100362311,-33.22383596783248,52.93747358609722,-200.0,-33.49555633684758,53.35929498307712,-200.42347908556192,-33.223836823085165,52.93747487570752,-200.0000019858207,-2.5646926002875814,-7.426298307418836,1.5605409761644464,-0.18168875263892156,-0.4318713715696299,-0.11000958118424306
6.65,-0.004575586945518018,-0.0032089306703452225,-0.0013696925396213117,0.15104562131680485,-0.35397149769099007,0.1541624959135842,0.003727,0.006,0.00398,22.341099539173506,9.088032402725696,-7.050330835187285,22.59457587111707,9.29212222625481,-6.980636622793205,-33.77311702008062,52.578400802631805,-200.0,-34.118214706241275,52.999841479443745,-200.43100795957335,-33.77311788911956,52.578402083972406,-200.00000198524768,-2.583309469605098,-7.620838784748633,1.613405663899513,-0.1805499562253608,-0.433023710486849,-0.11153773096447381
6.66,-0.0046879045929617,-0.00363408717117375,-0.0011845563171834772,0.1565357246309792,-0.3452062589260193,0.14552515181512393,0.003727,0.006,0.00398,22.24639581859179,9.263735679213468,-7.125330356735648,22.505992379241388,9.491681224045841,-7.065748749462735,-34.30106624774608,52.21102528017155,-200.0,-34.72023663493234,52.63224850157946,-200.43863389106883,-34.301067130041524,52.21102655308456,-200.00000198486003,-2.605101864546706,-7.815231033519226,1.665615671409953,-0.1794381848290231,-0.4340920857881555,-0.11307680600005128
6.67,-0.004804645950998276,-0.004064626188533954,-0.0009999159325305013,0.16211851634011418,-0.3361414120822084,0.13688271657466108,0.003727,0.006,0.00398,22.148263689359105,9.434013589905978,-7.195407732506662,22.41422864540698,9.686106139215077,-7.145910043337096,-34.80735018678098,51.835405031570154,-200.0,-35.301224289824695,52.256593913107395,-200.44633703757603,-34.807351081798345,51.83540629589939,-200.0000019846664,-2.6300021255784376,-8.009170818924126,1.71727268186864,-0.17835323233876366,-0.43507396171552304,-0.11462432538200619
6.68,-0.004925683352485055,-0.004499960593207536,-0.0008156836899739228,0.16779078341969633,-0.32678663536339786,0.1282374760648847,0.003727,0.006,0.00398,22.046658353787752,9.598731134952708,-7.260555759526092,22.319232743463147,9.875228889664081,-7.221118454790148,-35.291649057398125,51.45159937161914,-200.0,-35.86079302544699,51.87295707492298,-200.45409719951786,-35.2916499645982,51.451600627210105,-200.00000198467535,-2.6579381042651606,-8.202354793623167,1.7684855036091156,-0.17729492864852964,-0.43596697563333564,-0.11617779652409561
6.69,-0.0050508781409686065,-0.0049394947390256905,-0.0006317601286396635,0.17354892843993167,-0.3171521614393967,0.11959133129781442,0.003727,0.006,0.00398,21.941537606462653,9.757759523926705,-7.320767748939199,22.220954731846163,10.058887146317506,-7.291373100386661,-35.753656966050585,51.059668907681484,-200.0,-36.39857176007095,51.48141875984824,-200.461894005463,-35.75365788488985,51.05967015438113,-200.00000198489508,-2.688833691952469,-8.394481825188093,1.8193690027631173,-0.17626314516455316,-0.43676895166159774,-0.11773473219040026
6.7,-0.0051800813658871014,-0.005382626715314198,-0.0004480352901101159,0.17938898252396945,-0.30724874408681363,0.11094580456361829,0.003727,0.006,0.00398,21.832862010660847,9.910976354074704,-7.3760373799155134,22.119346869077983,10.236924638501582,-7.356674044526551,-36.19308209864079,50.65967553012091,-200.0,-36.914203327568316,51.082061059263836,-200.46970708877745,-36.19308302857166,50.6596767677776,-200.0000019853332,-2.7226092534241064,-8.585254185158023,1.8700430222763686,-0.17525779812482142,-0.43747791111026607,-0.11929266681107815
6.71,-0.005313134426276844,-0.005828750450758202,-0.00026439001063005563,0.18530661994569908,-0.2970876223108206,0.10230204863459551,0.003727,0.006,0.00398,21.720595069761107,10.058265777146195,-7.426358559457407,22.014363821213053,10.409191439247449,-7.417022085759507,-36.60964690483668,50.25168240252852,-200.0,-37.40734480387591,50.67496728305782,-200.47751625231342,-36.60964784530766,50.25168363099174,-200.00000198599705,-2.759181964349783,-8.774378590039763,1.9206313075529695,-0.1742788498312357,-0.43809207971276976,-0.12084917182023636
6.72,-0.005449869657100814,-0.006277257648818008,-8.06972156639496e-05,0.19129717396890883,-0.28668048251645345,0.09366085873680474,0.003727,0.006,0.00398,21.604703393167565,10.199518654675723,-7.471725288503902,21.905962860442646,10.575544229287782,-7.472418549416905,-37.00308827337833,49.83575395174875,-200.0,-37.877667807268715,50.260221854518896,-200.48530161835114,-37.003089223834124,49.835755170869135,-200.00000198689338,-2.7984660554473684,-8.961567088289831,1.971260456325073,-0.17332630796013238,-0.4386098917205043,-0.12240186980657901
6.73,-0.005590110856027952,-0.006727539539886723,0.00010317680259749884,0.19735565355439538,-0.2760394192916296,0.08502268696234355,0.003727,0.006,0.00398,21.485156856279744,10.334632701627108,-7.51213153470186,21.79410405428599,10.735846538839084,-7.522865088025943,-37.373157698264464,49.411955857705664,-200.0,-38.32485877195803,49.837910202023735,-200.49304376161544,-37.373158658146316,49.41195706733456,-200.00000198802869,-2.8403729699115448,-9.146537790857986,2.0220589074988347,-0.1724002231707557,-0.4390299909777176,-0.12394844732389924
6.74,-0.005733673751839585,-0.007178988440358941,0.0002873711411445212,0.20347676059627623,-0.26517689534753053,0.07638765877824895,0.003727,0.006,0.00398,21.361928754052723,10.463512618340374,-7.547571112197527,21.67875044499857,10.889968966578259,-7.568363490776706,-37.719621435714586,48.980355043031025,-200.0,-38.74861919484099,49.40811864951313,-200.50072382380384,-37.71962240446041,48.98035624302059,-200.00000198940873,-2.8848114436573074,-9.32901544620851,2.073155980793795,-0.17150068527145934,-0.43935122914778374,-0.12548666626237204
6.75,-0.005880366418594241,-0.0076309991135852795,0.00047202908868615445,0.20965490739097628,-0.2541057011364424,0.06775559128247534,0.003727,0.006,0.00398,21.23499594770325,10.58607021075183,-7.578037568782281,21.559868219006685,11.037789375525623,-7.6089155031133044,-38.04226065180614,48.54101966249685,-200.0,-39.14866585551727,48.9709343078215,-200.5083236086656,-38.042261628850476,48.5410208526998,-200.00000199103897,-2.931687520309246,-9.508731863815164,2.1246809760769443,-0.17062781823134882,-0.43957266130628087,-0.1270143737324037
6.76,-0.00602998964214857,-0.008082969932203449,0.0006572969848797905,0.21588423408981666,-0.2428389146337192,0.05912601286227161,0.003727,0.006,0.00398,21.104339004131216,10.70222449888673,-7.603524080708058,21.43742686632986,11.179193065832315,-7.644522657321277,-38.340871560695014,48.09401909225263,-200.0,-39.52473100996953,48.52644496891687,-200.5158256572486,-38.34087254546941,48.094020272522,-200.00000199292424,-2.980904514577739,-9.68542619288546,2.176762338465935,-0.16978177433979957,-0.43969353915322573,-0.12852951045857683
6.77,-0.006182337247579606,-0.008534303845557811,0.0008433231432707633,0.222158625936535,-0.2313898617304805,0.050498183924147094,0.003727,0.006,0.00398,20.96994232764126,10.81190181364874,-7.62402335546876,21.31139933007647,11.314072924734285,-7.6751861147908675,-38.61526555333095,47.63942391887012,-200.0,-39.87656255856025,48.0747390050285,-200.5232133034695,-38.61526654526396,47.63942508905916,-200.00000199506886,-3.0323629387176694,-9.858845065527804,2.229526892642534,-0.16896272781961114,-0.43971330212684584,-0.13003011772146697
6.78,-0.0063371963974739876,-0.00898440915971449,0.0010302568420738623,0.22847173014233116,-0.21977207763822176,0.04187111838602288,0.003727,0.006,0.00398,20.831794283565742,10.915035881954587,-7.639527542826207,21.18176214619298,11.442329554174117,-7.700906520453881,-38.86526931658694,47.17730592819717,-200.0,-40.203924189238975,47.61590527449312,-200.5304707106441,-38.86527031510416,47.177307088159225,-200.0000019974767,-3.08596040719905,-10.028742615653398,2.283099147394716,-0.16817086819167845,-0.4396315667233351,-0.13151434291960742
6.79,-0.006494347871929207,-0.009432700140940109,0.0012182473843075914,0.2348169723012072,-0.20799926965698012,0.03324360564955825,0.003727,0.006,0.00398,20.689887313408217,11.011567900284296,-7.650028154340506,21.04849557371262,11.563871376803641,-7.721683869724552,-39.09072494272774,46.7077380940214,-200.0,-40.50659549706901,47.15003303594462,-200.5375828900452,-39.09072594725206,46.70773924360967,-200.00000200015083,-3.1415915345608783,-10.194880386620952,2.3376006692823816,-0.1674063936719896,-0.439448114341618,-0.1329804438514724
6.8,-0.006653566341477901,-0.009878597456421973,0.0014074432264583048,0.24118757229577156,-0.19608528160631933,0.024614232802479888,0.003727,0.006,0.00398,20.544218041146397,11.101446596735613,-7.6555159916466495,20.9115837157874,11.678614721262152,-7.73751738812499,-39.29149002914754,46.23079456654738,-200.0,-40.78437208137375,46.67721187221959,-200.54453570290707,-39.29149103909907,46.230795705614845,-200.00000200309407,-3.1991478407363996,-10.357027141991347,2.393149522499743,-0.16666950485629445,-0.4391628779804374,-0.13442679183871237
6.81,-0.006814620644055025,-0.010321528468389213,0.0015979911728464524,0.24757655968692452,-0.18404406016438318,0.01598140683550459,0.003727,0.006,0.00398,20.394787370353377,11.184628281689417,-7.655981083701582,20.77101463179951,11.786483887776678,-7.748405423645263,-39.4674377683147,45.74655066068693,-200.0,-41.03706562196671,46.19753162505843,-200.55131584758644,-39.467438783111,45.74655178908614,-200.0000020063085,-3.2585176770248196,-10.51495859472217,2.4498597705089584,-0.16596039891664188,-0.4387759281156729,-0.13585187382704722
6.82,-0.0069772740765778885,-0.010760927399685594,0.0017900356312377241,0.25397678861876677,-0.1718896233057774,0.007343376694722663,0.003727,0.006,0.00398,20.241600571819042,11.261076887207722,-7.651412633207337,20.62678044083764,11.887411195250733,-7.754345351778244,-39.61845702786604,45.255082844166246,-200.0,-41.26450393606317,45.71108234136628,-200.55791083380257,-39.61845804692206,45.25508396174911,-200.00000200979554,-3.3195861843669596,-10.668457070745392,2.507841033874422,-0.16527926449716,-0.4382874580807829,-0.13725429360971747
6.83,-0.00714128471082609,-0.011196235390232345,0.0019837179239507174,0.2603809523019058,-0.1596360309751518,-0.0013017449732148831,0.003727,0.006,0.00398,20.08466736137578,11.330763995298819,-7.6417989723985835,20.47887741679362,11.981337011097393,-7.75533349308035,-39.74445242080034,44.75646872545091,-200.0,-41.46653101757436,45.2179542314662,-200.5643089460211,-39.74445344352855,44.75646983206868,-200.00000201355616,-3.3822352938176206,-10.817311123135324,2.5671980978872067,-0.16462627745770236,-0.437697769262291,-0.1386327723221676
6.84,-0.007306405742106725,-0.011626900464685508,0.0021791756478083957,0.2667815971635217,-0.14729735808105243,-0.009955960490236598,0.003727,0.006,0.00398,19.924001967657116,11.393668855196143,-7.627127528364418,20.32730607528896,12.068209765131177,-7.751365043040756,-39.845344365726895,44.25078704149044,-200.0,-41.64300706055508,44.71823763944503,-200.57049919812383,-39.84534539153741,44.250788136993535,-200.0000020175907,-3.4463437771283485,-10.96131511299203,2.6280305630689424,-0.16400159757327645,-0.43700725640598925,-0.13998614835448384
6.85,-0.007472385877747012,-0.012052377432019035,0.00237654207570534,0.27317113677087723,-0.13488766984478748,-0.018621366303871623,0.003727,0.006,0.00398,19.759623189543785,11.449778389805767,-7.607384798056405,20.17207125258304,12.147985948863148,-7.74243401399304,-39.92106913713086,43.73811764528473,-200.0,-41.79380846861477,44.2120230253692,-200.57647128151274,-39.921070165431395,43.73811872952254,-200.00000202189878,-3.5117873532506847,-11.100268772804665,2.690432531419949,-0.16340536625629842,-0.43621639330945455,-0.1413133768223179
6.86,-0.007638969770871584,-0.012472127737693711,0.0025759455923194396,0.27954186564642136,-0.12242099949244677,-0.02730013267489437,0.003727,0.006,0.00398,19.591554443077513,11.499087191486451,-7.582556333116533,20.01318217654924,12.220630101546037,-7.72853318877249,-39.971578905623566,43.218541493274415,-200.0,-41.91882785210441,43.69940095884344,-200.58221550875245,-39.971579935819555,43.21854256609521,-200.0000020264796,-3.5784388544584806,-11.233976767386082,2.754492321324281,-0.1628377053298919,-0.43532571915163165,-0.14261352872719912
6.87,-0.007805898503227937,-0.012885619288624306,0.0027775091565485632,0.28588597309751973,-0.10991132823551086,-0.03599448391091057,0.003727,0.006,0.00398,19.41982379765027,11.541597507331447,-7.552626734640198,19.850652529735157,12.286114784293206,-7.709654085808394,-39.99684176815264,42.692140632557155,-200.0,-42.017974014866255,43.18046212310945,-200.58772275475314,-39.9968427996473,42.692141693808004,-200.0000020313316,-3.6461684536993735,-11.362248266579936,2.8202922043060066,-0.16229871684390168,-0.4343358256833825,-0.1438857899244555
6.88,-0.007972910119111831,-0.01329232627030219,0.0029813497835603775,0.2921955571826022,-0.09737256744717498,-0.04470667913765043,0.003727,0.006,0.00398,19.24446400130457,11.577319214126621,-7.5175796579703835,19.684500504453236,12.344420543549663,-7.685786935340569,-39.99684176815264,42.15899818793095,-200.0,-42.09117193227242,42.65529732864268,-200.5929843973591,-39.99684280034701,42.15899923745754,-200.00000203645254,-3.714843952814659,-11.484896542814766,2.887908157304811,-0.161788483892423,-0.43324734547287225,-0.145129460002183
6.89,-0.008139740210746926,-0.013691728974260353,0.003187578039868355,0.29846263892876856,-0.08481854290801642,-0.05343899358030562,0.003727,0.006,0.00398,19.065512495009568,11.606269783162595,-7.477397827600333,19.51474884978027,12.395535865127423,-7.6569206664617235,-39.97157890562357,41.61919834876832,-200.0,-42.13836272219144,42.12399753500556,-200.59799225902435,-39.97157993791665,41.619199386414856,-200.0000020418398,-3.7843311294367026,-11.601738605287272,2.957409624768331,-0.16130707236270564,-0.4320609413684058,-0.14634395115852256
6.9,-0.008306122553885131,-0.014083313652597435,0.0033962975455628097,0.3046791769044063,-0.0722629809662209,-0.06219370031208922,0.003727,0.006,0.00398,18.88301141580633,11.628474235081208,-7.432063062241704,19.341424910282598,12.439457119934268,-7.6230429047087656,-39.921069137130864,41.072826355721304,-200.0,-42.15950361040632,41.58665387956317,-200.602738551063,-39.921070168919535,41.07282738133056,-200.00000204748986,-3.8544941387774996,-11.71259488111082,3.028859285622272,-0.16085453352169723,-0.4307772973090352,-0.14752878714716947
6.91,-0.008471789790905737,-0.014466572414577161,0.0036076044786589323,0.31083708223496154,-0.05971949643440937,-0.07097305241628503,0.003727,0.006,0.00398,18.697007588746242,11.64396508493773,-7.3815563100956965,19.164560656230098,12.476188502427435,-7.58413997995502,-39.8453443657269,40.51996848726148,-200.0,-42.15456789186859,41.0433577115613,-200.60721582173286,-39.845345396406294,40.5199695006745,-200.00000205339865,-3.9251959651296358,-11.817288952215693,3.102312821004387,-0.16043090732770246,-0.4293971105803892,-0.1486836023441448
6.92,-0.008636474157398655,-0.014841003178429707,0.0038215870774785665,0.3169282341316144,-0.047201582027224916,-0.07977926550124091,0.003727,0.006,0.00398,18.507552507575756,11.652782277660782,-7.325857694343054,18.98419270501825,12.505741962714962,-7.540196944388804,-39.74445242080035,39.96071204605515,-200.0,-42.12354488901338,40.494200630010596,-200.61141690918768,-39.74445344976369,39.96071304711134,-200.00000205956155,-3.9962989168039154,-11.915647355163772,3.17781867955029,-0.1600362263411692,-0.4279210855809072,-0.14980814097160228
6.93,-0.00879990824708321,-0.015206109689450575,0.004038325137972115,0.3229444959820748,-0.03472259913118459,-0.08861450050478556,0.003727,0.006,0.00398,18.314702304152064,11.654973114091787,-7.264946568847915,18.800362333485143,12.528137133110224,-7.491197600399712,-39.61845702786605,39.3951453451774,-200.0,-42.066439908184634,39.93927452380863,-200.61533490009515,-39.618458054504906,39.39514633371441,-200.00000206597332,-4.067665157363114,-12.007499449373807,3.2554178379115815,-0.1596705201002025,-0.4263499291318632,-0.15090225649859199
6.94,-0.008961825809018775,-0.015561401613379433,0.00425788950391956,0.3288777320310033,-0.022295769690729914,-0.09748084672509905,0.003727,0.006,0.00398,18.118517706604212,11.650592167784758,-7.198801584047728,18.61311548079029,12.543401249822752,-7.437124538230367,-39.46743776831471,38.82335769416662,-200.0,-41.983274195030404,39.378671612569,-200.61896309449332,-39.46743879201899,38.823358670020255,-200.000002072628,-4.139157265451077,-12.092677357585757,3.3351435550907977,-0.15933381982305553,-0.4246843473344507,-0.15196591122370437
6.95,-0.009121962570372344,-0.01590639471187641,0.0044803415489600845,0.33471982465546446,-0.009934168991673384,-0.10638030501871558,0.003727,0.006,0.00398,17.919063986284982,11.639701192746442,-7.12740076297859,18.422502741514418,12.551569070343408,-7.377959183286134,-39.291490029147546,38.24543938492138,-200.0,-41.87408488953078,38.812484486700285,-200.62229497723814,-39.291491049305826,38.24544034792564,-200.00000207951916,-4.210638815202007,-12.171015980740663,3.4170211200313068,-0.15902616330103994,-0.4229250439484598,-0.15299917603116184
6.96,-0.00928005707753976,-0.0162406111047676,0.0047057326503864155,0.3404626922191425,0.0023492808749662527,-0.11531477111264549,0.003727,0.006,0.00398,17.71641089358938,11.622369022294725,-7.050721587361028,18.228579348644452,12.552682786957076,-7.313681853027183,-39.09072494272775,37.66148167744207,-200.0,-41.7389249811202,38.24080614538965,-200.62532419619185,-39.090725958727205,37.661482627429095,-200.00000208663946,-4.281974969150493,-12.242353087865968,3.5010675927114674,-0.15874759985031178,-0.42107272024095116,-0.1540022303000262
6.97,-0.009435851548158902,-0.016563579621598934,0.004934103655551414,0.34609830746846754,0.014541817079791807,-0.12428601898611227,0.003727,0.006,0.00398,17.510632582746435,11.598671459212786,-6.968741093646647,18.031405146125127,12.546791936693813,-7.244271823394364,-38.865269316586954,37.07157678542005,-200.0,-41.577863264162886,37.66373003129028,-200.62804454711747,-38.8652703278137,37.07157772222014,-200.0000020939813,-4.353033075718163,-12.306529480023922,3.587291539713891,-0.15849819519967429,-0.41912807622910486,-0.15497536193666084
6.98,-0.0095890927265051,-0.01687483624302613,0.005165484342590454,0.3516187164149087,0.026630841853882103,-0.13329568428761648,0.003727,0.006,0.00398,17.301807525720687,11.568691157373662,-6.881435978899581,17.83104455068656,12.53395330791187,-7.169707404742324,-38.61526555333097,36.47581786167635,-200.0,-41.39098429384397,37.08135006087598,-200.6304499650839,-38.61526655917016,36.475818785117966,-200.0000021015362,-4.423683263715722,-12.363389225980086,3.675692765903345,-0.1582780362028601,-0.4170918132206692,-0.15591896749217427
6.99,-0.009739532734902745,-0.0171739246306232,0.005399892877908097,0.35701605763095234,0.03860392820806574,-0.14234524776449123,0.003727,0.006,0.00398,17.09001841538909,11.532517495009944,-6.788782716359883,17.62756650269576,12.514230843595389,-7.089966027268593,-38.34087156069502,35.87429898345111,-200.0,-41.17838834234848,36.493760649613556,-200.63253452204424,-38.34087256053114,35.874299893360785,-200.00000210929528,-4.49379902683616,-12.41277996593179,3.76626204439672,-0.15808723527781843,-0.4149646375367465,-0.15683355232081536
7.0,-0.009886929914044607,-0.017460396741924733,0.0056373352735347715,0.36228258187306434,0.050448825745244646,-0.1514360186943712,0.003727,0.006,0.00398,16.875352058190188,11.490246439801448,-6.690757680507766,17.421044405826684,12.487695541347334,-7.005024335935924,-38.04226065180615,35.2671151375484,-200.0,-40.94019135502169,35.901056731297714,-200.63429243013988,-38.04226164502303,35.26711603375094,-200.0000021172491,-4.563257791729721,-12.4545532784845,3.8589808474736866,-0.15792593448964912,-0.41274726528687605,-0.15771973073066378
7.01,-0.010031049645589762,-0.01773381352588918,0.005877804848005652,0.36741067193345356,0.0621534667203343,-0.16056911832063098,0.003727,0.006,0.00398,16.657899256468575,11.441980405953734,-6.587337281418218,17.211556055397654,12.454425349966057,-6.914858294886583,-37.71962143571461,34.65436220533611,-200.0,-40.67652490604114,35.303333771095325,-200.6357180501904,-37.71962242169604,34.65436308765458,-200.00000212538737,-4.631941464060627,-12.488565105038738,3.953821081445426,-0.1577943092110059,-0.4104404280540268,-0.1585782260758424
7.02,-0.01017166515090362,-0.017993745692530205,0.006121281694859995,0.3723928626138645,0.0737059724825274,-0.16974546330646648,0.003727,0.006,0.00398,16.43775468076842,11.387828103440382,-6.478498108164928,16.999183555284574,12.414505062412514,-6.819443301341356,-37.373157698264485,34.0361369476054,-200.0,-40.38753615298301,34.70068777204468,-200.6368059047654,-37.373158676394105,34.03613781586114,-200.00000213369952,-4.699736947708604,-12.514676224889929,4.050744828773859,-0.15769257130891093,-0.4080448793383493,-0.15940987073780175
7.03,-0.010308558260457457,-0.01823977454921985,0.006367732163182718,0.37722186070893304,0.08509466041342931,-0.17896574923462177,0.003727,0.006,0.00398,16.215016732355526,11.327904379582716,-6.364217081001509,16.784013223381677,12.368026204905961,-6.718754308963021,-37.003088273378346,33.412536989291326,-200.0,-40.07338778953854,34.09321527494834,-200.63755069519374,-37.003089243040215,33.412537843304115,-200.0000021421743,-4.766536633161074,-12.532752773643145,4.1497041009065665,-0.15762097182317789,-0.40556140160258425,-0.16021560594461295
7.04,-0.010441520149072292,-0.01847149289512104,0.006617108354868395,0.3818905648837378,0.09630805145262028,-0.18823043419144553,0.003727,0.006,0.00398,15.9897873962746,11.262330053142396,-6.244471612014103,16.56613548564724,12.315086921828955,-6.612765960644236,-36.6096469048367,32.78366080405614,-200.0,-39.734257995529774,33.48101335177834,-200.637947321841,-36.60964786541544,32.78366164364426,-200.0000021508001,-4.832238851981046,-12.542666797007817,4.25064060541627,-0.15757980311704342,-0.4029908137592856,-0.16099648137764092
7.05,-0.010570352032889307,-0.0186885059643703,0.006869347643402565,0.3863920853299631,0.10733487827985155,-0.19753972248484852,0.003727,0.006,0.00398,15.762172085274777,11.191231741104806,-6.119239773907141,16.345644758837967,12.255791856078403,-6.501452730653444,-36.19308209864081,32.149607698739835,-200.0,-39.37034038328892,32.864179592876084,-200.63799090698856,-36.19308304952205,32.14960852372014,-200.00000215956453,-4.896748295046955,-12.54429683166313,4.353485531030813,-0.1575694004936985,-0.40033397893993217,-0.1617536545187473
7.06,-0.010694865824677213,-0.018890432408001062,0.007124372219038944,0.3907197630872855,0.11816409420077816,-0.20689354855560324,0.003727,0.006,0.00398,15.532279474960292,11.114741678334711,-5.988500476547771,16.122639322101264,12.190252024468032,-6.384789076040377,-35.753656966050606,31.510477797677815,-200.0,-38.981843939405074,32.24281208837505,-200.63767681965646,-35.753657906621335,31.51047860786594,-200.00000216845496,-4.959976393056032,-12.53752850467193,4.458159354128636,-0.15759014328543466,-0.3975918123887305,-0.1624883896937883
7.07,-0.010814884744764053,-0.019076905304163755,0.007382088665213893,0.39486718892091954,0.12878488276129044,-0.2162915611501681,0.003727,0.006,0.00398,15.300221330548252,11.032997530290563,-5.852233650859656,15.897221177658075,12.118584687768973,-6.26274959716529,-35.291649057398146,30.86637202689041,-200.0,-38.56899296080298,31.617009404394278,-200.6370007017464,-35.29164998704711,30.86637282210089,-200.0000021774581,-5.021841658469598,-12.522255142855656,4.56457167015842,-0.15764245543228245,-0.3947652893288563,-0.16320205677269092
7.08,-0.01093024388554692,-0.019247573185972894,0.007642387570962153,0.39882822165241216,0.13918666809445016,-0.22573310783076359,0.003727,0.006,0.00398,15.06611232563769,10.946142198989081,-5.710420439619826,15.66949590086915,12.040913214968645,-6.135309207174192,-34.80735018678101,30.21739209814562,-200.0,-38.132026984103085,30.98687055464998,-200.63595849491378,-34.80735110489915,30.217392878192015,-200.0000021865604,-5.082269988712123,-12.498378383632355,4.672621053306799,-0.15772680557578783,-0.39185545265652644,-0.16389612949081114
7.09,-0.011040790728142735,-0.019402101076254508,0.007905143183962238,0.40259700584837477,0.14935912598410542,-0.2352172199047213,0.003727,0.006,0.00398,14.830069853416056,10.854323622419075,-5.563043394674573,15.43957248003388,11.957366941333326,-6.002443310196516,-34.3010662477461,29.563640492897505,-200.0,-37.67120070721774,30.352494968203725,-200.63454646763046,-34.30106715372689,29.563641257592646,-200.00000219574778,-5.14119493097198,-12.46580877903235,4.782194947562522,-0.15784370670046058,-0.3888634203271947,-0.1645721833608394
7.1,-0.011146385610281362,-0.019540171518590665,0.00817021310864581,0.4061679887805449,0.15929219561068655,-0.24474259786018884,0.003727,0.006,0.00398,14.592213830750097,10.757694567611415,-5.410086680052862,15.207563146322201,11.86808101987587,-5.864127987992765,-33.77311702008065,28.905220446102973,-200.0,-37.18678390216608,29.71398245411491,-200.63276124195036,-33.773117913320625,28.905221195259045,-200.00000220500573,-5.198557909379043,-12.424466384946182,4.89316959210733,-0.15799371535997506,-0.38579039230936873,-0.1652318931497607
7.11,-0.011246902145012505,-0.0196614855943322,0.008437438053590735,0.4095359365800224,0.16897609192771776,-0.25430759739912,0.003727,0.006,0.00398,14.352666495628107,10.656412417581567,-5.251536280416888,14.973583194286224,11.773196265856246,-5.720340194728287,-33.22383596783251,28.242235929919957,-200.0,-36.67906131813563,29.071433163786168,-200.630599819547,-33.223836847731874,28.242236663348802,-200.0000022143195,-5.254308415667128,-12.374281328104821,5.00540998374179,-0.15817743052792582,-0.38263765699359886,-0.16587702990006345
7.12,-0.011342227590198373,-0.01976576391566881,0.008706641632165571,0.4126959495183605,0.17840131860236327,-0.263910216161164,0.003727,0.006,0.00398,14.111552198438348,10.55063895237148,-5.0873802142508,14.73775079343869,11.672858993977725,-5.571057959496179,-32.6535700286874,27.574791637289316,-200.0,-36.148332573881085,28.424947551792133,-200.62805960665122,-32.65357089465039,27.574792354802653,-200.00000222367382,-5.308404164671333,-12.315194343832504,5.118769878809336,-0.15839549211421056,-0.3794065969576385,-0.1665094574792268
7.13,-0.011432263169093904,-0.019852747585382857,0.00897763022013029,0.4156434763581077,0.1875586814400096,-0.2735480812336652,0.003727,0.006,0.00398,13.868997187585368,10.440540124429395,-4.91760875114951,14.500186791420454,11.567220847984848,-5.41626059615804,-32.06267939483506,26.90299296540193,-200.0,-35.594912038631854,27.774626335959578,-200.62513843757444,-32.06268024627057,26.90299366681152,-200.0000022330533,-5.360811216169048,-12.247157278230237,5.233091836839447,-0.15864857918820152,-0.37609869400299983,-0.1671311286458834
7.14,-0.011516924342524243,-0.019922199114544153,0.00925019287359817,0.41837432772513566,0.19643930220154282,-0.2832184375435981,0.003727,0.006,0.00398,13.625129389963556,10.326285828579401,-4.742214632531945,14.2610145093082,11.456438622419425,-5.255928920016516,-31.451537285464788,26.22694599905601,-200.0,-35.01912870076821,27.120570457427412,-200.62183459655722,-31.45153812178698,26.22694668417386,-200.0000022424423,-5.4115040645944505,-12.170133549120962,5.348207307858848,-0.15893740794662625,-0.3727155333924392,-0.16774408062608348
7.15,-0.011596141033383633,-0.019973903290136347,0.00952410131049812,0.4208846884643239,0.20503463271264855,-0.2929181372269224,0.003727,0.006,0.00398,13.38007818681944,10.20804966684603,-4.561193295063371,14.020359529637577,11.34067407634671,-5.090045470778699,-30.820529711031554,25.54675749390434,-200.0,-34.42132602363118,26.462881041358294,-200.6181468377388,-30.820530531660282,25.546758162543167,-200.00000225182464,-5.460465698195638,-12.084098560820605,5.463936765099556,-0.1592627294628079,-0.3692588072329925,-0.16835043019621504
7.16,-0.011669857804239459,-0.020007667985373873,0.009799109958343655,0.42317112894878894,0.21333646915715446,-0.3026436300697112,0.003727,0.006,0.00398,13.133974185550123,10.086008708415163,-4.374543096036239,13.77834947773572,11.220093738924403,-4.918594741215163,-30.170055229444177,24.862534859597073,-200.0,-33.801861787938314,25.801659358905045,-200.61407440308656,-30.1700560338058,24.862535511570393,-200.00000226118425,-5.507687629076522,-11.989040068541586,5.580089884545272,-0.15962532724877876,-0.3657303169636867,-0.16895236827396334
7.17,-0.01173803398890566,-0.020023324906319473,0.010074956070850627,0.42523061532065315,0.2213369664411215,-0.3123909551135286,0.003727,0.006,0.00398,12.886948987995247,9.960343245027419,-4.182265539920531,13.535113796971215,11.094868706751019,-4.7415634108660525,-29.50052469432702,24.174386142819824,-200.0,-33.16110792039679,25.137006790954434,-200.60961703817355,-29.50052548185491,24.174386777942246,-200.00000227050478,-5.55316989548113,-11.884958489021278,5.696465772555688,-0.1600260146583398,-0.36213197492176935,-0.16955215402124788
7.18,-0.011800643778816733,-0.020020730269246084,0.010351359915601571,0.427060518648206,0.2290286525109911,-0.3221557335149728,0.003727,0.006,0.00398,12.639134955792006,9.831236542118475,-3.984365505262168,13.290783518539564,10.965174432996466,-4.558940584093513,-28.812360995516286,23.482420010232154,-200.0,-32.499450308220226,24.46902479408532,-200.60477500572637,-28.81236176565145,23.482420628319744,-200.0000022797697,-5.596921037480876,-11.771867154721383,5.812853242525828,-0.1604656321536898,-0.3584658049748405,-0.17015210846725284
7.19,-0.01185767626500503,-0.01999976540407411,0.010628025034673486,0.4286586229902103,0.23640444250753975,-0.3319331627461736,0.003727,0.006,0.00398,12.39066497337136,9.698874586037416,-3.7808514710735586,13.045491026408751,10.831190508385149,-4.370718031729445,-28.105998791953922,22.786745731308024,-200.0,-31.817288599378287,23.797814869087553,-200.59954909690282,-28.105999544145785,22.78674633217849,-200.0000022889624,-5.638958047055579,-11.649792509718674,5.929031141331076,-0.1609450444537555,-0.35473394221985677,-0.17075460766214404
7.2,-0.011909135436409257,-0.01996033728007046,0.010904638579822878,0.43002313236299056,0.24345765263756047,-0.3417180122193631,0.003727,0.006,0.00398,12.141672209181415,9.563445827692933,-3.571735741830248,12.799369818052801,10.693100434169697,-4.17689043551913,-27.381884237147545,22.087473161080677,-200.0,-31.115035988524127,23.123478532295703,-200.5939406402845,-27.38188497085457,22.087473744553822,-200.0000022980664,-5.679306293355855,-11.518774246137568,6.04476872606275,-0.16146513757753275,-0.35093863176208595,-0.17136207537509202
7.21,-0.011955040135146144,-0.0199023789508396,0.01118087172349922,0.43115267660983336,0.25018201364693327,-0.3515046204144605,0.003727,0.006,0.00398,11.892289875730748,9.425140922996045,-3.3570346701598672,12.552554261602372,10.551091387300495,-3.9774556345152425,-26.64047469737011,21.384712722795086,-200.0,-30.393118988659683,22.44611728990275,-200.5879515085958,-26.64047541206041,21.384713288693003,-200.0000023070649,-5.717999423727729,-11.378865380676524,6.159826091320332,-0.16202681579107128,-0.3470822265984781,-0.17197697535315049
7.22,-0.01199542396927386,-0.019825849916453087,0.011456380146627192,0.4320463161751912,0.25657168378195017,-0.36128689358398924,0.003727,0.006,0.00398,11.64265098904967,9.28415247048693,-3.13676887628465,12.30517935004043,10.40535397806166,-3.772414872533167,-25.88223846277776,20.67857539047101,-200.0,-29.651977188706486,21.7658326153311,-200.5815841231796,-25.88223915793001,20.678575938618454,-200.00000231594146,-5.755079240884196,-11.23013227144155,6.273954647085337,-0.16263099846272355,-0.34316718464004414,-0.1726018031602759
7.23,-0.012030335183485646,-0.019730736401335214,0.011730804603768845,0.43270354578828846,0.2626212611302189,-0.3710583061045537,0.003727,0.006,0.00398,11.39288812817042,9.140674746552804,-2.9109634632567114,12.057380453068925,10.256082000507394,-3.5617730457379095,-25.107654451628054,19.96917267137923,-200.0,-28.892062997252555,21.0827259296597,-200.57484145627677,-25.107655126731903,19.969173201603837,-200.00000232467946,-5.7905955564448695,-11.072654575907814,6.3868976469690955,-0.16327861682781797,-0.33919606491690724,-0.17323907761806998
7.24,-0.01205983648807965,-0.01961705154724913,0.012003771565912036,0.4331242970620894,0.2683257952380709,-0.3808119025385802,0.003727,0.006,0.00398,11.143133195229488,8.994903438662615,-2.679648227008201,11.809293067269085,10.103472176092794,-3.345538949395201,-24.317211907784188,19.256616588432546,-200.0,-28.113841372834965,20.39689858503115,-200.56772703116792,-24.31721256234127,19.25661710056526,-200.0000023332626,-5.824606020912421,-10.906525151385567,6.498390766363683,-0.1639706106610209,-0.33517152301731895,-0.17389133187305886
7.25,-0.012084004846466212,-0.019484835521386468,0.01227489394075204,0.43330894001431525,0.27368079790791805,-0.3905403014640288,0.003727,0.006,0.00398,10.893517176796532,8.84703537706369,-2.4428578602255944,11.561052565174398,9.94772389094993,-3.123725522785157,-23.51141009169895,18.54101966249687,-200.0,-27.3177895412034,19.708451850900254,-200.56024492024923,-23.511410725223378,18.541020156372287,-200.0000023416746,-5.8571759300228585,-10.731849899853295,6.6081627297522365,-0.16470792485228328,-0.33109630581842786,-0.17456110411792353
7.26,-0.012102931221443902,-0.019334155540177783,0.012543771869961987,0.4332582835174378,0.27868225308632416,-0.40023570112332696,0.003727,0.006,0.00398,10.644169907031973,8.697268265403313,-2.2006321490475496,11.31279394387124,9.78903892731258,-2.8963500912461364,-22.690757965070336,17.82249489462216,-200.0,-26.504396700078203,19.01748690292959,-200.55239974112055,-22.690758577089557,17.82249537007868,-200.00000234989938,-5.888378007347737,-10.548747559456912,6.715935986180903,-0.16549150588124106,-0.3269732455717387,-0.17525092799676675
7.27,-0.012116720280424903,-0.01916510580997066,0.012809993602504947,0.4329735746844532,0.2833266257614689,-0.40988988693580436,0.003727,0.006,0.00398,10.395219833274519,8.545800410756486,-1.953016161583983,11.064651573738319,9.62762118964124,-2.663434604289685,-21.855773869370772,17.101155748198575,-200.0,-25.674163711976895,18.324104814294085,-200.54419665077083,-21.855774459426232,17.10115620507894,-200.00000235792132,-5.918292162947331,-10.357349445329916,6.821427431569888,-0.16632229818361116,-0.32280525341006944,-0.17596332272798523
7.28,-0.012125490059819333,-0.01897780738620003,0.013073136442618444,0.43245649719691676,0.2876108697970698,-0.419494240910432,0.003727,0.006,0.00398,10.146793784654214,8.392830453557792,-1.7000604272551425,10.816758947932192,9.463676426043467,-2.4250058687048224,-21.00698519845189,16.377116131039568,-200.0,-24.82760278573021,17.628406549122563,-200.53564133795481,-21.006985766099806,16.377116569190974,-200.00000236572487,-5.9470052278899965,-10.157799142691792,6.924349176249127,-0.16720124040349102,-0.3185953123453719,-0.17670078298138064
7.29,-0.012129371588817855,-0.01877240795309304,0.013332767770641834,0.4317091685812744,0.29153243463849127,-0.42903975298759645,0.003727,0.006,0.00398,9.899016744321475,8.23855709795035,-1.441821105957255,10.569248433222716,9.297411945623296,-2.1810957755518285,-20.144928065430427,15.650490377393814,-200.0,-23.965237147342314,16.930492957779965,-200.52674001385662,-20.144928610242346,15.650490796668356,-200.000002373295,-5.974610664469891,-9.950252155425831,7.024409355779524,-0.16812926152625368,-0.3143464698288024,-0.17746576854890792
7.3,-0.012128508472871447,-0.01854908152626583,0.013588446134344487,0.4307341364391611,0.2950892708356265,-0.4385170343300256,0.003727,0.006,0.00398,9.652011625875765,8.083178843080873,-1.1783601460769266,10.322251022778817,9.129036332426827,-1.9317415199324208,-19.270146964068662,14.92139322989133,-200.0,-23.087600700873324,16.2304647736807,-200.51749940114303,-19.270147485632307,14.921393630146266,-200.0000023806169,-6.001208252002194,-9.73487551349206,7.121312982747466,-0.16910727688712898,-0.3100618299440732,-0.17826069385312016
7.31,-0.012123056437288698,-0.018308028080887995,0.01383972240794289,0.4295343736370854,0.2982798343360144,-0.4479163325737355,0.003727,0.006,0.00398,9.405899054567385,7.926893715880589,-0.9097454303947472,10.075896091501889,8.958759156679736,-1.6769858124150858,-18.38319442485962,14.189939821423568,-200.0,-22.195237680031376,15.528422611318176,-200.5079267215152,-18.383194922779495,14.189940202521573,-200.0000023876763,-6.026903748190064,-9.511847342676909,7.214762836904375,-0.17013618405313546,-0.3057445453055598,-0.17908791733947474
7.32,-0.012113182831485408,-0.018049473108277814,0.014086141015420167,0.428113272460934,0.30110308951046244,-0.4572275490399981,0.003727,0.006,0.00398,9.160797153836343,7.769899005884759,-0.6360509089483181,9.83031115450111,8.786790684035584,-1.4168770809917648,-17.484630666037354,13.456245656962901,-200.0,-21.288702291160828,14.824466965199559,-200.49802968186884,-17.484631139935367,13.45624601877238,-200.00000239445947,-6.051808526155208,-9.281356400219082,7.304460390600778,-0.1712168585772864,-0.30139780873045774,-0.17994973080363738
7.33,-0.012099066094584138,-0.017773667103981483,0.014327241214246632,0.42647463774103567,0.30355851088208324,-0.4664402578988516,0.003727,0.006,0.00398,8.916821337739597,7.612391002651834,-0.35735671795713986,9.585621629301555,8.613341583572506,-1.151469662445396,-16.57502323973133,12.72042659532325,-200.0,-20.368558348301,14.118698209385414,-200.4878164591816,-16.575023689247537,12.720426937718678,-200.00000240095295,-6.076039187372533,-9.043601579883802,7.390106766114914,-0.17235014962682962,-0.29702484475261637,-0.18084834870763536
7.34,-0.012080895183252005,-0.01748088499051062,0.01456255843503378,0.4246226789542409,0.3056460835380312,-0.47554372726356614,0.003727,0.006,0.00398,8.674084109803635,7.4545647363500205,-0.0737492839531273,9.341950602372677,8.438622635289073,-0.8808239820173515,-15.654946673488118,11.982598830864438,-200.0,-19.435378900967255,13.411216597351101,-200.47729568424703,-15.65494709828135,11.982599153726527,-200.00000240714414,-6.099717150918188,-8.798791390030267,7.471403721078786,-0.17353687548972785,-0.29262890104292594,-0.18178589754244304
7.35,-0.012058868962851549,-0.01717142547797937,0.014791625672081032,0.42256200131057703,0.30736630221128836,-0.4845269421837861,0.003727,0.006,0.00398,8.432694868824633,7.296613722084723,0.2146785876911897,9.099418600560439,8.262844437859208,-0.605006720279938,-14.724982107387198,11.242878875143541,-200.0,-18.489745855277327,12.702122261908732,-200.46647642438177,-14.72498250713552,11.242879178359523,-200.00000241302095,-6.122968219597781,-8.547143408144931,7.548054657804703,-0.17477781896606848,-0.2882132397974531,-0.18276440529820528
7.36,-0.012033195563199983,-0.01684561036593811,0.015013974919211553,0.4202975958335987,0.30872016902752364,-0.49337862949283634,0.003727,0.006,0.00398,8.192759722120924,7.138729708541907,0.5078276405901371,8.858143368001624,8.086217117410277,-0.3240909661421567,-13.785716926980689,10.501383538516567,-200.0,-17.53224958900465,11.991515214955315,-200.4553681652337,-13.785717301382022,10.501383821980426,-200.00000241857174,-6.14592212370789,-8.288883715227257,7.619765651931533,-0.17607372265369742,-0.2837811291512263,-0.1837857911065892
7.37,-0.01200409170045838,-0.01650378378970918,0.015229138644746038,0.417834828445543,0.30970918991932367,-0.5020872844519402,0.003727,0.006,0.00398,7.954381306723848,6.981102431522416,0.8055921122205314,8.618239649092812,7.908950038088726,-0.038156354947154386,-12.837744392288444,9.758229911693066,-200.0,-16.56348856109926,11.279495346840678,-200.44398079182318,-12.837744741061181,9.758230175305837,-200.00000242378573,-6.168712043371048,-8.02424631329052,7.686246495445745,-0.17742528414017592,-0.27933583467122397,-0.1848518551220898
7.38,-0.011971781966909234,-0.016146311414529158,0.015436651298920651,0.4151794280708101,0.3103353697169083,-0.5106411991209584,0.003727,0.006,0.00398,7.717658618972237,6.82391937293892,1.1078596964699579,8.379818978079324,7.731251515173574,0.2527108093425336,-11.881663263081386,9.013535347245416,-200.0,-15.584068916164814,10.566162425180014,-200.43232456894998,-11.8816635859648,9.013535590915218,-200.00000242865275,-6.1914741105754985,-7.7534725291063715,7.7472117487741174,-0.17883315111583473,-0.27488061097827393,-0.1859642687116531
7.39,-0.011936498090585196,-0.015773579580762934,0.015636050846520297,0.41233747377412644,0.31060120593082835,-0.5190284923718262,0.003727,0.006,0.00398,7.48268685295557,6.667365525842125,1.4145115244069586,8.142989475820622,7.5533285314906715,0.5484174488305146,-10.91807742069306,8.267417441078322,-200.0,-14.59460408432844,9.851616092967541,-200.42041012109885,-10.918077717447801,8.267417664720664,-200.00000243316342,-6.21434689220021,-7.476810407158409,7.802381796292369,-0.18029791642398474,-0.27041869354275855,-0.18712456502464753
7.4,-0.011898478166975562,-0.015385994403437922,0.015826880317054613,0.40931538095289655,0.31050968124804273,-0.5272371414471955,0.003727,0.006,0.00398,7.2495572482252735,6.511623166033075,1.7254221637446439,7.907855654278112,7.375386457869339,0.8488636241483011,-9.947595486594164,7.519994013858234,-200.0,-13.595714376885722,9.135955865877705,-200.4082484119765,-9.94759575700267,7.519994217396232,-200.00000243730906,-6.237470855521085,-7.194514094622244,7.851483899338906,-0.18182011306767445,-0.2659532906951526,-0.18833413001524202
7.41,-0.011857965865211414,-0.014983980829281249,0.01600868936432261,0.4061198866067414,0.3100642547682407,-0.535255014953095,0.003727,0.006,0.00398,7.018356947171478,6.356871630808172,2.040459637381482,7.674518229258854,7.197628778368846,1.153942465537804,-8.97083043797528,6.771383092408928,-200.0,-12.588026578046417,8.419281128672491,-200.3958507238085,-8.970830681842308,6.771383275773319,-200.0000024410819,-6.260987817803976,-6.9068432210064605,7.89425324051741,-0.1834002091929376,-0.26148757588773486,-0.1895941939910167
7.42,-0.011815209611375554,-0.01456798165442913,0.016181035826872404,0.402758033710949,0.30926885201230103,-0.5430699071608076,0.003727,0.006,0.00398,6.789168862434088,6.203287105367287,2.359485461315561,7.443073941934115,7.0202568209848115,1.4635401233302705,-7.988399220576376,6.021702891072966,-200.0,-11.57217353305366,7.7016911306603575,-200.38322863652004,-7.988399437729012,6.021703054202299,-200.0000024444748,-6.285040381783989,-6.614062274943777,7.930433952914274,-0.18503860307090672,-0.25702468024009356,-0.19090582376043055
7.43,-0.011770461751732839,-0.01413845650590384,0.016343487280499596,0.39923715472445803,0.30812785373938834,-0.5506695734797886,0.003727,0.006,0.00398,6.562071554691959,6.05104241739982,2.682354702132096,7.213615389634955,6.843469494525631,1.777535738520878,-7.000922359011059,5.271071793044604,-200.0,-10.548793732895096,6.983284980180129,-200.37039400691765,-7.000922549299399,5.271071935885352,-200.00000244748162,-6.3097713589167705,-6.316439980435456,7.959780127658503,-0.1867356181013872,-0.2525676853965297,-0.19226991545149807
7.44,-0.01172397769887494,-0.013695880789949696,0.01649562257370764,0.39556485426702537,0.3066460836133996,-0.5580417669505183,0.003727,0.006,0.00398,6.337139121143787,5.900306840341548,3.008916054168065,6.986230866407983,6.667463032326519,2.0958014340542,-6.009023564830222,4.519608331675918,-200.0,-9.518530895776989,6.264161638106968,-200.35735894797932,-6.009023728127372,4.519608454182588,-200.00000245009682,-6.335323182435869,-6.014248674716932,7.982056793196237,-0.1884914978621766,-0.24811961672024527,-0.19368718807141003
7.45,-0.011676015063906892,-0.01324074461027673,0.016637033336870673,0.3917489910042981,0.30482879476334224,-0.5651742755938624,0.003727,0.006,0.00398,6.114441094965521,5.751245905772985,3.339011936356881,6.761004213793029,6.492430743444036,2.4182023273445417,-5.01332934257217,3.7674311717588034,-200.0,-8.482033545486768,5.544419910399425,-200.3441358083503,-5.013329478774573,3.7674312738939584,-200.00000245231612,-6.36183731233139,-5.707763689753131,7.99704085961635,-0.19030640122829487,-0.24368343684528687,-0.1951581778740626
7.46,-0.011626832777932375,-0.012773551659254007,0.016767325455755426,0.38779765878354766,0.30268165528573493,-0.5720549604419964,0.003727,0.006,0.00398,5.894042355998264,5.604021225403704,3.6724786086539085,6.538014682260864,6.318562771947012,2.744596564457217,-4.014468594048658,3.0146590907862207,-200.0,-7.439954586731919,4.824158439724976,-200.33073715212748,-4.0144687030762105,3.014659172520484,-200.00000245413568,-6.3894536344517805,-5.397262739240542,8.004522021416118,-0.19218039758610697,-0.23926203960423262,-0.19668323359846918
7.47,-0.01157669020618532,-0.012294818085088713,0.016886120500063627,0.38371916706679543,0.30021073274035676,-0.5786717940654232,0.003727,0.006,0.00398,5.676003052889649,5.458790323058806,4.009146307840285,6.317336803723019,6.146045864891084,3.0748353762725853,-3.0130722211172927,2.26141096019606,-200.0,-6.392950877509307,4.103475696218363,-200.31717573900173,-3.0130723029135447,2.261411021508303,-200.00000245555293,-6.418309855983508,-5.083025312865779,8.00430361222005,-0.19411346216666092,-0.2348582443464888,-0.19826251263595443
7.48,-0.011525846258246791,-0.011805071338038181,0.016993057097768577,0.3795220207118668,0.2974224776936055,-0.5850128994012878,0.003727,0.006,0.00398,5.460378536878453,5.315706477052739,4.348839402399696,6.099040275497607,5.975063149533518,3.4087631568449357,-2.009772727190829,1.5078057266002836,-200.0,-5.341682798534955,3.3824699674398326,-200.30346450481028,-2.009772781722924,1.5078057674773857,-200.00000245656597,-6.448540899630601,-4.76533207945854,7.996203405180084,-0.1961054715231508,-0.23047479065949533,-0.19989597817794422
7.49,-0.011474558497825318,-0.011304848998726955,0.017087792246234357,0.37521489915552864,0.2943237063664374,-0.5910665886802248,0.003727,0.006,0.00398,5.247219307379907,5.17491857330232,4.691376566060829,5.883189856084775,5.80579392031288,3.7462175640536044,-1.0052038177334661,0.7539623930011315,-200.0,-4.286813819746699,2.6612393476118665,-200.2896165425335,-1.0052038449923084,0.7539624134381543,-200.00000245717365,-6.480278298837533,-4.444464300579203,7.980054353082042,-0.19815619917642624,-0.22611433350268437,-0.20158339738900422
7.5,-0.01142308225559753,-0.01079469759166593,0.017170002551383054,0.37080663505623546,0.2909215824463304,-0.5968214022425563,0.003727,0.006,0.00398,5.036570969495918,5.036570969495916,5.0365709694959,5.669845273073029,5.638413436084571,4.087029642525139,-2.9391523179536473e-14,2.2043642384652355e-14,-200.0,-3.2290100638823063,1.9398817262217993,-200.27564508375372,-2.7843561951562253e-14,8.712240190504217e-15,-200.00000245737616,-6.513649596410226,-4.120703255986347,7.955705262517262,-0.20026531145198742,-0.22177943876194314,-0.20332434064226357
7.51,-0.01137166974862347,-0.010275171387115895,0.017239385386635386,0.3663061924570829,0.2872235981249936,-0.6022661470299396,0.003727,0.006,0.00398,4.828474203539533,4.900803370598363,5.384230489570465,5.459061143463623,5.4730927280682815,4.4310239686835775,1.005203817733407,-0.7539623930010876,-200.0,-2.168939867134578,1.218494776084521,-200.26156348057253,1.0052038449541574,-0.753962413426995,-200.00000245717416,-6.548777748918849,-3.7943296823551838,7.923021396977314,-0.2024323635315141,-0.21747257923026242,-0.20511818184490663
7.52,-0.011320569209806924,-0.009746831194488631,0.01729565996381631,0.3617226445323197,0.2832375544256266,-0.6073899345356908,0.003727,0.006,0.00398,4.6229647466298465,4.767750715932303,5.734157935443009,5.250886906664447,5.309998418927328,4.778018817662275,2.0097727271907697,-1.5078057266002394,-200.0,-1.1072733368932342,0.49717594096452145,-200.24738518796667,2.009772781570785,-1.507805767433078,-200.00000245656923,-6.585780539235944,-3.465623226550129,7.8818850042023385,-0.20465679574086243,-0.21319613101882684,-0.20696409987232797
7.53,-0.011270024030829301,-0.009210243150518618,0.01733856830885798,0.3570651509831902,0.2789715408854473,-0.612182217996112,0.003727,0.006,0.00398,4.420073386378924,4.637543078037099,6.086151290724855,5.04536677036758,5.149292553362517,5.127826351686013,3.013072221117234,-2.261410960196016,-200.0,-0.04468190659661003,-0.22397757713904415,-200.23312374654202,3.013072302571707,-2.2614110214089047,-200.00000245556416,-6.624769999555079,-3.1348619146854677,7.832195763737987,-0.20693793009533337,-0.20895237040088596,-0.20886108111937005
7.54,-0.01122027192193105,-0.008665977505515093,0.017367876135832974,0.3523429351508924,0.27443391466094363,-0.6166328286062883,0.003727,0.006,0.00398,4.2198259666570355,4.510305573463944,6.440003970826638,4.8425396694862926,4.991132440564884,5.480252829407817,4.0144685940486005,-3.0146590907861768,-200.0,1.0181621122583921,-0.9448688309378735,-200.21879276563047,4.014468702469736,-3.0146591723446843,-200.00000245416217,-6.665851847225383,-2.8023216381686322,7.773871151312621,-0.20927496712308302,-0.2047434710898771,-0.21080792316553298
7.55,-0.011171544091790206,-0.008114607411025501,0.017383373613606923,0.34756526091611933,0.26963327912487217,-0.6207320105470967,0.003727,0.006,0.00398,4.02224340539029,4.38615828562536,6.795505094537806,4.642439238287739,4.835670508832428,5.835098835561916,5.013329342572113,-3.767431171758759,-200.0,2.0805859808721987,-1.665401140922945,-200.20440590665643,5.013329477829261,-3.76743127362081,-200.00000245236754,-6.70912493566168,-2.468275657848002,7.706846717323257,-0.21166698298495257,-0.20057150195141157,-0.21280323954154226
7.56,-0.011124064450681648,-0.007556707712323224,0.017384876020317408,0.34274140945590326,0.26457846202542956,-0.6244704546156018,0.003727,0.006,0.00398,3.827341724308314,4.265216199772655,7.152439768817601,4.44509379581735,4.683054172615873,6.192159530174088,6.009023564830162,-4.519608331675873,-200.0,3.1419169865489027,-2.3854781084446097,-200.18997686668718,6.009023726770216,-4.519608453792082,-200.00000245018543,-6.754680722596409,-2.1329941273627897,7.631076277538632,-0.2141129269096467,-0.19643842514814225,-0.21484546557140807
7.57,-0.011078048839933338,-0.006992853749144906,0.017372224281758455,0.33788065592938005,0.2592784932792378,-0.6278393302586058,0.003727,0.006,0.00398,3.635132090528368,4.1475891501333715,7.510589385709137,4.250526344670032,4.533425712217669,6.551224916454205,7.0009223590110015,-5.27107179304456,-200.0,4.20148289859756,-3.1050036286947593,-200.17551936206914,7.000922547458658,-5.271071935358331,-200.00000244762157,-6.802602757839395,-1.7967436367246181,7.546532014860814,-0.21661161896069842,-0.1923460947149722,-0.21693286525484573
7.58,-0.011033704290582022,-0.0064236201681505956,0.017345285390768683,0.3329922461645835,0.25374258247080944,-0.6308303158188266,0.003727,0.006,0.00398,3.4456208698276147,4.033381779196718,7.869731930234878,4.058754583122053,4.38692216632704,6.912080126384705,7.988399220576319,-6.021702891072922,-200.0,5.258612426524169,-3.8238819034769995,-200.1610471120434,7.988399435334595,-6.021703053520659,-200.00000244468268,-6.852966192684984,-1.4597867771239745,7.453204491846684,-0.21916174815157607,-0.18829625556123483,-0.2190635391423505
7.59,-0.010991228313962785,-0.005849579750589459,0.017303952705740172,0.3280853734185211,0.24798009613199065,-0.6334356268149676,0.003727,0.006,0.00398,3.2588096914235236,3.9226935090924533,8.229642298084595,3.8697909305961233,4.2436752375318765,7.274505722913774,8.970830437975224,-6.771383092408883,-200.0,6.3126356802602475,-4.5420174536531555,-200.14657382222782,8.970830678825815,-6.771383274920207,-200.00000244137615,-6.905837313026104,-1.1223817278982509,7.35110257451825,-0.22176187092376523,-0.18429054289529154,-0.22123543314512065
7.6,-0.010950808226800633,-0.0052713022586588915,0.017248146127406855,0.32316915528254697,0.24200053487547976,-0.6356480420906728,0.003727,0.006,0.00398,3.074695524050548,3.815618524966142,8.590092621868402,3.683642566390832,4.103811210905998,7.638278017564687,9.947595486594107,-7.519994013858191,-200.0,7.362884632119023,-5.259315131151032,-200.1321131678497,9.947595753297716,-7.519994216356159,-200.00000243771,-6.961273098162739,-0.7847818665442665,7.240253268814285,-0.22441041000159662,-0.18033048206598365,-0.22344634821171352
7.61,-0.010912620513189086,-0.0046893533040250485,0.01717781215413869,0.31825261080448003,0.2358135104568927,-0.6374609276829415,0.003727,0.006,0.00398,2.8932707630906447,3.712245770212236,8.950852604678952,3.50031148156458,3.967450885727651,8.003169402183936,10.918077420693002,-8.267417441078278,-200.0,8.408693580116607,-5.975680130418711,-200.11767877661524,10.918077712990113,-8.26741766347961,-200.0000024336931,-7.019320807207573,-0.4472354025949786,7.120701471860319,-0.2271056536363962,-0.17641748881415617,-0.22569395079412233
7.62,-0.010876830225655283,-0.004104293241934315,0.017092923817031758,0.3133446378980194,0.22942872283996352,-0.638868258277781,0.003727,0.006,0.00398,2.7145233284851287,3.6126589533858926,9.311689859687538,3.319794543823468,3.8347095203423986,8.368948693471518,11.88166326308133,-9.013535347245373,-200.0,9.449399612239036,-6.6910179992101835,-200.1032842111035,11.881663580692384,-9.013535589460664,-200.0000024293348,-7.080017594906574,-0.10998503611099272,6.992509641032488,-0.22984575525142834,-0.17255286992629829,-0.2279757840170354
7.63,-0.01084359042732088,-0.0035166760943028327,0.01699348049714519,0.3084539911087918,0.22285593733931006,-0.6398646361395741,0.003727,0.006,0.00398,2.538436773126228,3.5169365665742176,9.67237025448969,3.142083575222677,3.705696790140886,8.735381488867862,12.83774439228839,-9.758229911693023,-200.0,10.484343071181739,-7.405234648586338,-200.08894295058235,12.837744734914667,-9.758230173627059,-200.0000024246453,-7.143390158604429,0.2267323585261188,6.855757384566639,-0.23262873349818744,-0.16873782428150083,-0.23028927945608732
7.64,-0.010813041676944829,-0.0029270485050633052,0.01687950762820503,0.30358925980489143,0.21610496191476364,-0.6404453074205878,0.003727,0.006,0.00398,2.3649904014002012,3.425151914971255,10.032658258912578,2.967165442451663,3.580516758579445,9.102230532314264,13.785716926980633,-10.501383538516524,-200.0,11.51286801903664,-8.118236362015232,-200.07466837215372,13.785717294304584,-10.501383820068583,-200.00000241963522,-7.209454417956902,0.5626860229345731,6.7105409781244205,-0.23545247273257328,-0.16497344428101868,-0.23263176942603217
7.65,-0.010785311558451582,-0.00233594873098026,0.016751056289121852,0.29875884685799553,0.20918562469051327,-0.6406061757779573,0.003727,0.006,0.00398,2.194159397526018,3.3373731573627685,10.39231729500833,2.795022159435252,3.459267861129395,9.469256088357794,14.724982107387143,-11.242878875143498,-200.0,12.534322701350806,-8.82992980345739,-200.06047373114887,14.72498249907313,-11.242879176207468,-200.0000024143156,-7.278215228911843,0.8976515786471589,6.556972812442541,-0.23831472391897038,-0.1612607176491573,-0.2350004996728848
7.66,-0.010760514256312671,-0.0017439056709875056,0.016608202691517193,0.2939709478791332,0.20210775177126353,-0.6403438132471572,0.003727,0.006,0.00398,2.0259149633098383,3.253663357194234,10.751110087971067,2.625631001945606,3.342042901999281,9.836216323038093,15.654946673488064,-11.982598830864395,-200.0,13.548060009938077,-9.540222024322183,-200.0463721407125,15.654947089182928,-11.982599151329227,-200.0000024086983,-7.349666133332961,1.2314112642212642,6.395180777704163,-0.24121310596835957,-0.15760052959233445,-0.23739264236188132
7.67,-0.010738750177953747,-0.001151437936981907,0.01645104756833815,0.28923353107095995,0.19488114542623622,-0.6396554683431155,0.003727,0.006,0.00398,1.8602244649107598,3.174080543861356,11.10879901674397,2.458964633884144,3.228929063433432,10.20286768997247,16.575023239731276,-12.720426595323206,-200.0,14.553437943783413,-10.249020469185044,-200.03237655053303,16.57502367906492,-12.720426935073085,-200.00000240279547,-7.423789145535861,1.5637541452288721,6.225307590823775,-0.24414510751531462,-0.15399366530212613,-0.23980530924999216
7.68,-0.010720105624132125,-0.0005590529688176762,0.016279715470351258,0.28455431775592716,0.1875155627101374,-0.6385390713824068,0.003727,0.006,0.00398,1.6970515881915995,3.0986777838332507,11.46514646311385,2.29499124485795,3.1200079273502643,10.568965320047456,17.4846306660373,-13.456245656962857,-200.0,15.549820067347254,-10.956232980158118,-200.0184997246979,17.48463112862347,-13.456246015877515,-200.0000023966198,-7.500554576857716,1.8944762969378053,6.047510072205447,-0.24710808913726887,-0.15044081278657961,-0.24223556493166573
7.69,-0.010704652508015874,3.275380392960686e-05,0.016094353977986225,0.2799407636371146,0.18002069458818984,-0.6369932370421622,0.003727,0.006,0.00398,1.536356502207562,3.0275032611894814,11.819915158133005,2.1336746986421584,3.015355509044885,10.934263413129552,18.383194424859568,-14.189939821423526,-200.0,16.536575965550224,-11.66176779981371,-200.0047542186784,18.38319491029634,-14.189940199378508,-200.00000239018422,-7.579920899242455,2.2233809596012115,5.861958378876674,-0.25009928601752957,-0.14694256601270164,-0.24468044004704603
7.7,-0.010692448123490378,0.0006234997510699974,0.015895132836557135,0.2754000408456792,0.1724061456299752,-0.635017264193123,0.003727,0.006,0.00398,1.3780960303657295,2.9606003671264327,12.172868524755781,1.9749746920883295,2.9150423026429655,11.298515630224962,19.27014696406861,-14.921393229891287,-200.0,17.513081694698716,-12.365533572565058,-199.99115235546833,19.270147471939246,-14.921393626758316,-200.00000238350208,-7.661834648685814,2.5502786663953323,5.668835201123599,-0.25311581105238434,-0.14349942834181706,-0.24713694434410657
7.71,-0.010683534962994224,0.0012127157796460244,0.0156822430233248,0.27093902082590593,0.1646814143341608,-0.6326111330653693,0.003727,0.006,0.00398,1.222223828771168,2.89800779796533,12.52377101563049,1.8188469240089757,2.8191333379567594,11.661475484547458,20.144928065430378,-15.65049037739377,-200.0,18.47872022860113,-13.067439344419727,-199.97770620093226,20.14492859530389,-15.650490793040944,-200.0000023765871,-7.746230369216421,2.874987344172956,5.468334929863482,-0.2561546584003685,-0.14011181623789332,-0.24960207949043006
7.72,-0.010677940584988159,0.0017999470186191094,0.01545589575520645,0.266564258105752,0.15685587414321112,-0.6297754998254044,0.003727,0.006,0.00398,1.0686905712585628,2.8397596611727773,12.872388445046825,1.6652432735403948,2.727688248359639,12.022896729994569,21.006985198451844,-16.377116131039525,-200.0,19.432881899120886,-13.767394561029397,-199.9644275384402,21.006985749883647,-16.377116565331693,-200.00000236945317,-7.833030597941299,3.1973323873217416,5.260662802022328,-0.2592127074704108,-0.13678006322791297,-0.25207285153520326
7.73,-0.010675677530946358,0.0023847534487465086,0.015216321446165693,0.26228197499753825,0.14893875520391897,-0.6265116886622452,0.003727,0.006,0.00398,0.9174441405941446,2.785885588886238,13.218488314103007,1.5141119874596656,2.6407613492628914,12.382533745584556,21.855773869370726,-17.101155748198533,-200.0,20.37496483041704,-14.465309063974416,-199.95132784289243,21.855774441903442,-17.10115620099746,-200.00000236211454,-7.922145891508987,3.517146705144206,5.046034031118148,-0.26228672734334146,-0.13350442409197327,-0.2545462829286101
7.74,-0.010676743291585685,0.0029667104762565177,0.014963768623431378,0.2580980472701125,0.14093912692605828,-0.6228216814976903,0.003727,0.006,0.00398,0.7684298253180798,2.736410858420719,13.5618401282252,1.3653978759073546,2.5584017267478205,12.740141914469108,22.690757965070286,-17.822494894622118,-200.0,21.304375366137055,-15.16109308523413,-199.93841825426253,22.690758558234293,-17.822495365786867,-200.00000235458546,-8.01347489420468,3.834270743302607,4.824672930093746,-0.2653733816201065,-0.13028507925974453,-0.25701942401339667
7.75,-0.010681120321818664,0.0035454094491959645,0.014698502811662656,0.2540179908303764,0.1328658813876745,-0.6187081054518278,0.003727,0.006,0.00398,0.621590521688073,2.691356519219377,13.902215706240813,1.219042515945058,2.4806533358776304,13.095477996208714,23.5114100916989,-18.541019662496822,-200.0,22.22052848884678,-15.854657239811335,-199.92570955080973,23.511410705013144,-18.541020151883956,-200.0000023468806,-8.106904447678929,4.148552479996589,4.596812033159472,-0.26846923368715964,-0.127122139388904,-0.259489363912339
7.76,-0.010688776103779284,0.004120458115585313,0.014420805394108976,0.2500469494485628,0.1247277176315378,-0.6141742182089391,0.003727,0.006,0.00398,0.4768669401721554,2.6507395256991875,14.23938948028322,1.0749844623565115,2.4075551081872555,13.44830049107807,24.31721190778414,-19.256616588432504,-200.0,23.12284823101159,-16.545912516497093,-199.9132121221318,24.317212540756653,-19.256617095896463,-200.0000023390145,-8.20230974219695,4.459847397658292,4.362691223120687,-0.27157075238880735,-0.12401565010020964,-0.26195324074442616
7.77,-0.01069966325705608,0.004691481022786381,0.01413097245955705,0.24618968355806684,0.11653312689308759,-0.6092238914410856,0.003727,0.006,0.00398,0.3341978159323375,2.61457287543409,14.573138785877598,0.93315946508261,2.3391410678253366,13.798369995256637,25.107654451628008,-19.96917267137919,-200.0,24.010768076878524,-17.234770266781126,-199.9009359422495,25.10765510375664,-19.96917319677245,-200.00000233100192,-8.299554509081153,4.768018431065997,4.12255687021184,-0.2746743180935529,-0.1209655968431812,-0.2644082511132457
7.78,-0.010713719695128068,0.005258119857755247,0.013829313643573565,0.24245056015702757,0.10829037879585807,-0.6038615924567462,0.003727,0.006,0.00398,0.19352012273226998,2.582865752111577,14.903244141634932,0.7935006926643937,2.275440455801057,14.14544954585346,25.882238462777714,-20.67857539047097,-200.0,24.88373135465081,-17.92114219193485,-199.8888905429286,25.882239133550872,-20.67857593364429,-200.0000023228575,-8.39849125388424,5.072935892888007,3.876660988018815,-0.2777762291401282,-0.11797190986568594,-0.26685165882164646
7.79,-0.010730868826838567,0.005820033728105134,0.013516150972152252,0.23883354383517835,0.10000750854590351,-0.5980923642498148,0.003727,0.006,0.00398,0.05476928969681154,2.5556236726939616,15.229489518056672,0.655938961053826,2.2164778617695804,14.489304954814262,26.640474697370067,-21.384712722795044,-200.0,25.741191618395035,-18.604940328315283,-199.8770849874588,26.640475386267276,-21.38471328359781,-200.0000023145961,-8.498961529661392,5.374477377763748,3.6252604115453377,-0.2808727086474556,-0.11503446926032852,-0.26928080277724437
7.8,-0.01075101980158608,0.006376899384160854,0.013191817715372423,0.23534218894581455,0.09169230515218985,-0.5919218041300371,0.003727,0.006,0.00398,-0.08212057965197583,2.5328486382136144,15.551662595026249,0.5204029671400894,2.1622733627734787,14.829705130861564,27.381884237147503,-22.087473161080634,-200.0,26.58261301917145,-19.286077030961128,-199.8655278451181,27.381884943639992,-22.087473739361062,-200.00000230623235,-8.600796249537536,5.672527646124664,3.368616001884634,-0.2839599116703622,-0.11215311006027676,-0.2716931040656623
7.81,-0.010774067796802221,0.006928411382423526,0.012856657258177528,0.23197963293903284,0.08335230069531385,-0.5853560411195737,0.003727,0.006,0.00398,-0.21721648666184062,2.51453928763107,15.869555007640015,0.3868195263291241,2.112842668343787,15.166422388723657,28.105998791953883,-22.786745731307985,-200.0,27.407470664936977,-19.964464955575895,-199.85422716655722,28.105999515505292,-22.786746326913246,-200.00000229778087,-8.703816037641154,5.966978489034819,3.106991881408225,-0.28703393268229976,-0.10932762735708561,-0.27408607217780606
7.82,-0.010799894346142584,0.007474282191099531,0.01251102199473686,0.22874859086871144,0.0749947606622913,-0.5784017123018322,0.003727,0.006,0.00398,-0.35058631569963583,2.5006910541870155,16.182962580099613,0.25511381350625667,2.06819727135325,15.499232745014888,28.812360995516247,-23.482420010232115,-200.0,28.215250968826723,-20.64001703901555,-199.8431904603418,28.812361735583284,-23.482420623008714,-200.00000228925632,-8.807831617302286,6.2577285754062215,2.84065470271519,-0.2900908133640394,-0.10655778141308808,-0.2764573103899141
7.83,-0.01082836770672251,0.008014242238557012,0.012155272252240668,0.22565135108203765,0.0666266753605553,-0.5710659383080843,0.003727,0.006,0.00398,-0.4822986117627772,2.4912963236824432,16.49168554745922,0.12520960670597805,2.028344604005853,15.827916200235988,29.50052469432698,-24.174386142819785,-200.0,29.005451985482235,-21.312646478421193,-199.83242467088652,29.50052545035976,-24.17438677261365,-200.00000228067296,-8.912644235290621,6.544683282997099,2.569872953992224,-0.2931265506764944,-0.10384330274138283,-0.27880452030410896
7.84,-0.010859343263627317,0.008548039905773235,0.01178977524930297,0.222689772096753,0.058254752419766645,-0.5633562981248054,0.003727,0.006,0.00398,-0.6124223581307715,2.4863445941266438,16.795528765087894,-0.0029704671907493153,1.9932881983409092,16.152257006468822,30.170055229444138,-24.862534859597034,-200.0,29.777583735154863,-21.98226670915987,-199.82193615801415,30.170056000886948,-24.862535506253682,-200.00000227204512,-9.018046120731743,6.827754514646457,2.294916302809818,-0.29613710519439845,-0.10118389712689788,-0.2811255055673898
7.85,-0.010892663969848995,0.009075441464024225,0.011414904093437095,0.21986528066770122,0.0498854103855789,-0.5552808034002045,0.003727,0.006,0.00398,-0.7410267546321178,2.4858226361999414,17.094301905770195,-0.1295046854129086,1.9630278506267074,16.472043920442946,30.82052971103151,-25.5467574939043,-200.0,30.531168515374347,-22.648791381756922,-199.8117306783602,30.82053049732345,-25.546758157269277,-200.00000226338676,-9.123820977223636,7.106860501235094,2.0160549797549465,-0.2991184096766905,-0.09857925056262287,-0.28341817479603093
7.86,-0.01092816081971058,0.009596230959229707,0.011031036821372908,0.21717887104073733,0.04152477340517,-0.5468478724222662,0.003727,0.006,0.00398,-0.8681809970964673,2.489714653986353,17.387819644428653,-0.2544719815904122,1.9375597890179714,16.78707044175158,31.451537285464752,-26.22694599905597,-200.0,31.265741200031066,-23.312134338022716,-199.80181336883481,31.451538086039957,-26.226946678974738,-200.00000225471183,-9.229744506539284,7.381925592877214,1.7335592027210138,-0.302066377847808,-0.09602903407610013,-0.2856805437405236
7.87,-0.01096565335380081,0.010110210044511098,0.01063855548529602,0.21463110538858346,0.033178667000163066,-0.5380663039329161,0.003727,0.006,0.00398,-0.9939540585575113,2.498002445441069,17.6759018305087,-0.37795169805808393,1.9168768438530457,17.097135036090368,32.06267939483502,-26.902992965401886,-200.0,31.98084952577897,-23.972209586595458,-199.79218873233893,32.0626802091235,-26.902993661720032,-200.00000224603383,-9.33558496221987,7.652880039850622,1.4476986421350992,-0.3049769133640987,-0.09353290842238915,-0.2879107367327
7.88,-0.011004950193382318,0.01061719776265651,0.010237845287391245,0.21222211541984265,0.024852614918550998,-0.5289452509338708,0.003727,0.006,0.00398,-1.1184144727644907,2.5106655620692497,17.958373648118094,-0.500023338846713,1.9009686199707518,17.402041343483432,32.65357002868736,-27.57479163728928,-200.0,32.6760543657187,-24.628931278134917,-199.7828606259114,32.65357085611515,-27.574792349852807,-200.00000223736595,-9.441103731252253,7.919659764769115,1.1587419268757422,-0.30784591893836144,-0.09109052862081225,-0.29010698746314106
7.89,-0.01104584960218158,0.011117030280288487,0.009829293764407387,0.20995160514907824,0.01655183705342174,-0.5194941946295343,0.003727,0.006,0.00398,-1.241630120550997,2.5276814673044568,18.235065764060796,-0.6207663240289808,1.8898216704330713,17.701598371546517,33.22383596783248,-28.242235929919918,-200.0,33.35092999037087,-25.282213680417215,-199.7738322514689,33.22383680782244,-28.242236658575223,-200.00000222872146,-9.546055941914107,8.182206127470593,0.8669561901660455,-0.3106693055943878,-0.08870154831448696,-0.2922676391419828
7.9,-0.011088140073477007,0.011609560575628418,0.009413290023344068,0.20781885481266796,0.00828124841268884,-0.5097229186411337,0.003727,0.006,0.00398,-1.3636680196022446,2.549025693088831,18.505814463949715,-0.7402597460799366,1.8834196710481703,17.995620673916136,33.77311702008062,-28.905220446102934,-200.0,34.005064315995575,-25.93197115358879,-199.76510614927324,33.77311787205266,-28.905221190697034,-200.00000222011275,-9.650191095828294,8.440465684063536,0.5726066543300422,-0.31344300202391123,-0.08636562393307459,-0.29439114409967726
7.91,-0.011131600940333882,0.012094658081823528,0.008990224028746718,0.20582272591203168,4.545912066802893e-05,-0.4996414836143936,0.003727,0.006,0.00398,-1.4845941181483906,2.5746719941713505,18.770461776620653,-0.8585821289017802,1.8817435950985786,18.283928514046302,34.30106624774607,-29.56364049289747,-200.0,34.63805914035205,-26.578118125846668,-199.75668419424136,34.30106711111765,-29.56364125327819,-200.0000022115524,-9.753253722134577,8.694389941520862,0.2759562529180009,-0.3161629640165341,-0.0840824186410139,-0.29647606288698536
7.92,-0.011176003006868662,0.012572208287857871,0.008560485941570495,0.2039616673628495,-0.008151224570773738,-0.48926020233063267,0.003727,0.006,0.00398,-1.6044730931019102,2.604592499655657,19.028855587106012,-0.975811190151045,1.8847718876914918,18.566348014639672,34.80735018678098,-30.217392098145588,-200.0,35.2495303660302,-27.220569069814992,-199.74856759518715,34.807351060967534,-30.21739287416137,-200.0000022030523,-9.854984051666143,8.943935109147748,-0.02273471156723006,-0.3188251839339095,-0.08185160605553235,-0.2985210629350387
7.93,-0.01122110919839063,0.013042112299117906,0.008124465509056045,0.20223372272598458,-0.01630479828662363,-0.47858961541839634,0.003727,0.006,0.00398,-1.7233681531418958,2.638757861345442,19.280849738455885,-1.0920236074929406,1.892480639161999,18.842711293038317,35.291649057398125,-30.86637202689037,-200.0,35.83910821151116,-27.85923847989007,-199.74075689705722,35.29164994181344,-30.866372818390648,-200.00000219462402,-9.955118708916524,9.189061848180268,-0.32320887637146206,-0.3214257001984116,-0.07967287372051322,-0.30052491683650034
7.94,-0.011266675228284083,0.013504286359702432,0.00768255150461955,0.2006365384930632,-0.024411556576408196,-0.46764046774987844,0.003727,0.006,0.00398,-1.841340847234223,2.677137398451696,19.52630412272067,-1.207294789392665,1.9048437569754149,19.112856582950002,35.75365696605058,-31.510477797677783,-200.0,36.40643741013876,-28.49404085082279,-199.73325198620074,35.75365786010712,-31.510478604512887,-200.00000218627886,-10.053391419533531,9.429735020681044,-0.6252120958202908,-0.32396060676627686,-0.07754592632473613,-0.30248650030857
7.95,-0.011312450279510045,0.013958661338586052,0.00723513121638264,0.19916737339700147,-0.03246808903520456,-0.45642368559356167,0.003727,0.006,0.00398,-1.9584508790611,2.7196992382438796,19.76508476143195,-1.3216986510370072,1.9218331355916518,19.37662834292966,36.19308209864078,-32.14960769873979,-200.0,36.95117739720071,-29.124890657803554,-199.7260520986831,36.193083001750075,-32.149608520761234,-200.00000217802767,-10.149533731027656,9.665923438807138,-0.9284936895888717,-0.3264260625552782,-0.07547048865507489,-0.304404789896256
7.96,-0.011358177698607513,0.014405182181752428,0.0067825899826102765,0.19782310871521788,-0.04047127553008517,-0.4449503545819185,0.003727,0.006,0.00398,-2.0747559278157253,2.7664104522453408,19.997063875934717,-1.4353073959615772,1.943418823772569,19.633877352071508,36.60964690483667,-32.7836608040561,-200.0,37.473002485327335,-29.751702338305442,-199.719155831631,36.60964781640954,-32.78366164111627,-200.00000216988062,-10.243275744313245,9.897599615425216,-1.2328066643098181,-0.32881830079621804,-0.07344630827746691,-0.30627886047265307
7.97,-0.01140359570010976,0.014843807332398463,0.006325310772061499,0.19660025953083785,-0.048418280565900966,-0.43323169854081867,0.003727,0.006,0.00398,-2.1903114758005833,2.8172371875914273,20.22211994793906,-1.5481913039396091,1.9695691888322975,19.88446079339695,37.003088273378324,-33.41253698929129,-200.0,37.9716020284232,-30.37439027593101,-199.7125611575703,37.00308919282537,-33.41253784124379,-200.00000216184787,-10.33434685367047,10.124739516934053,-1.5379079109148075,-0.3311336382779024,-0.07147315794106172,-0.30810788258907945
7.98,-0.011448438079303635,0.015274508121306117,0.005863673807029346,0.1954949869148821,-0.0563065468258431,-0.42127905921562053,0.003727,0.006,0.00398,-2.305170643247971,2.8721447931884065,20.44013777066898,-1.6604185256675374,2.000251077350572,20.12824232544522,37.373157698264464,-34.03613694760536,-200.0,38.44668057434621,-30.992868786494423,-199.70626544169377,37.373158624996165,-34.03613781430493,-200.00000215393885,-10.422476492659356,10.347322319045512,-1.8435583800763768,-0.3333684844545588,-0.06955083770301333,-0.3098911197243501
7.99,-0.011492434931299724,0.015697268129453136,0.005398056226681824,0.19450311099020917,-0.0641337879235155,-0.40910387691789196,0.003727,0.006,0.00398,-2.4193840307617713,2.931097940330571,20.6510084909935,-1.7720548847605129,2.0354299718898745,20.365092142590115,37.719621435714586,-34.65436220533608,-200.0,38.8979580065436,-31.607052106553937,-199.70026546197445,37.71962236914173,-34.6543630866386,-200.00000214616261,-10.507394883491921,10.56533016615369,-2.1495232380310494,-0.33551935038503733,-0.06767917677397688,-0.3116279254777599
8.0,-0.01153531337439951,0.01611208252491409,0.004928831788174826,0.19362012483588809,-0.07189798040430175,-0.3967176721064218,0.003727,0.006,0.00398,-2.5329995697573504,2.994060737453153,20.854629642927325,-1.8831636875477589,2.075070143278654,20.594887024615637,38.04226065180613,-35.267115137548366,-200.0,39.3251696748469,-32.216854384592,-199.6945574320169,38.04226159133992,-35.26711603331079,-200.00000213852772,-10.58883378732027,10.778747934805095,-2.455572004971212,-0.33758285747266903,-0.06585803508646088,-0.3133177407457657
8.01,-0.011576798275794303,0.016518957376074242,0.004456370602961834,0.19284120918867748,-0.07959735503464195,-0.38413202790671963,0.003727,0.006,0.00398,-2.646062381254956,3.060996838718942,21.05090517289055,-1.993805541133243,2.119134798044846,20.81751037608789,38.34087156069501,-35.87429898345108,-200.0,39.728066515614195,-32.82218967501938,-199.68913702652165,38.34087250574748,-35.87429989353165,-200.00000213104235,-10.666527252887796,10.987563001660046,-2.7614786780148317,-0.3395557459750431,-0.06408730459066306,-0.314960090916859
8.02,-0.011616612977654775,0.016917908943153148,0.003981038905656764,0.19216124789639852,-0.0872303874184486,-0.3713585735645991,0.003727,0.006,0.00398,-2.758614643357954,3.1318695461573705,21.239745457112722,-2.1040381801616217,2.1675862206062937,21.03285225605959,38.61526555333095,-36.47581786167632,-200.0,40.106415161393784,-33.42297193515855,-199.68399940921776,38.615266503314984,-36.47581878593428,-200.00000212371407,-10.740212360954954,11.191765016219954,-3.0670218406285366,-0.34143488325277843,-0.06236691028433277,-0.31655458311415513
8.03,-0.011654480021714618,0.01730896295001113,0.0035031988528340663,0.19157484407620956,-0.09479578798033025,-0.3584089688217705,0.003727,0.006,0.00398,-2.8706954677232988,3.206641905096066,21.4210673115631,-2.213916302702814,2.2203859098472996,21.240809398638238,38.86526931658694,-37.071576785420014,-200.0,40.459998040265205,-34.019115025336895,-199.67913926310283,38.8652702709166,-37.071577723715684,-200.00000211655004,-10.80962996190457,11.391345678480851,-3.3719847601635276,-0.34321727172650235,-0.06069681098548326,-0.3181009035097445
8.04,-0.01169012187049992,0.017692153838190464,0.003023208349178852,0.19107633692910528,-0.10229249135553947,-0.3452948891946037,0.003727,0.006,0.00398,-2.98234078530697,3.2852767926464974,21.594793994781377,-2.32349141564104,2.2774947097333715,21.44128522493936,39.09072494272771,-37.66148167744195,-200.0,40.78861346499529,-34.61053271219786,-199.67455082281583,39.090725900818455,-37.661482629636836,-200.00000210955687,-10.87452540393458,11.586298521567675,-3.676155474969426,-0.34490005651218997,-0.05907699985836785,-0.319598814729149
8.05,-0.011723261623380839,0.01806752400511804,0.0025414208984440023,0.1906598191603978,-0.10971964522667228,-0.33202801213139876,0.003727,0.006,0.00398,-3.093583241640109,3.367736999026787,21.76085520397332,-2.4328116899256513,2.338872933639161,21.634189846933477,39.29149002914756,-38.24543938492143,-200.0,41.09207571212665,-35.197138675311486,-199.67022790895516,39.29149099041633,-38.245440350878006,-200.0000021027408,-10.93464924922963,11.776618699298469,-3.9793268723630617,-0.34648053270436974,-0.05750750470519702,-0.32104815336003534
8.06,-0.011753623725686821,0.01843512302839124,0.002058185476774832,0.19031915495447874,-0.11707659864711947,-0.3186200040185835,0.003727,0.006,0.00398,-3.204452101866082,3.453985301527425,21.91918706472566,-2.541921826011771,2.404480482087485,21.819440063679238,39.467437768314724,-38.82335769416667,-200.0,41.37021509109666,-35.778846517141005,-199.66616396414196,39.46743873218024,-38.82335867374827,-200.00000209610747,-10.989757975540615,11.962302778542497,-4.281296758501265,-0.34795615227826754,-0.055988388037334226,-0.32244882757359344
8.07,-0.011780934669170726,0.018795006878066116,0.0015738464260553475,0.1900479984508081,-0.12436288989112847,-0.3050825080022064,0.003727,0.006,0.00398,-3.3149731657411317,3.543984530948342,22.06973211468183,-2.6508629297886044,2.474276953620239,21.99695935041674,39.61845702786604,-39.39514534517736,-200.0,41.622878003465665,-36.35556977639671,-199.6623520906223,39.61845799374884,-39.39514633824824,-200.00000208966202,-11.039614660625258,12.143348536159563,-4.581867921013039,-0.34932453058251034,-0.05451974694095004,-0.32380081486280127
8.08,-0.011804923682142504,0.019147237118849553,0.00108874336503062,0.18983981266685912,-0.1315782338701134,-0.2914271325878907,0.003727,0.006,0.00398,-3.42516869277254,3.6376976303575628,22.21243928150555,-2.759672399262452,2.548221748544715,22.166677840974604,39.74445242080034,-39.960712046055114,-200.0,41.849926992315,-36.927221944781905,-199.65878508919147,39.74445338812302,-39.960713052480344,-200.0000020834091,-11.083989647024865,12.319754760227676,-4.880848185068703,-0.3505834523943893,-0.05310171275355616,-0.32510415989783414
8.09,-0.011825323407668058,0.019491880104132775,0.0006032111160921283,0.18968788881264592,-0.13872250915455744,-0.27766544097998835,0.003727,0.006,0.00398,-3.535057337641074,3.7350877060463405,22.347263855444925,-2.868383822229924,2.626274165321491,22.328532303922227,39.845344365726895,-40.51996848726145,-200.0,42.0512407818596,-37.49371648711129,-199.65545549921853,39.84534533391419,-40.51996950690683,-200.0000020773531,-11.12266118473421,12.491521055232976,-5.178050463375465,-0.35173087751157833,-0.051734450568155094,-0.32635897249531254
8.1,-0.011841870568276881,0.01982900616380237,0.00011757964573494428,0.18958536594049166,-0.14579574464051048,-0.2638089411189356,0.003727,0.006,0.00398,-3.6446540960251674,3.8361180705780384,22.474167456793676,-2.977026885144774,2.7083934893824435,22.48246611287563,39.92106913713086,-41.07282635572127,-200.0,42.226714307305535,-38.05496686475691,-199.65235563954613,39.92107010560982,-41.07282738845312,-200.00000207149736,-11.155416049381923,12.658647650844747,-5.473292800432777,-0.35276494585549495,-0.050418158582549714,-0.327565425694372
8.11,-0.011854306615675353,0.020158688787801415,-0.0003678259831876307,0.18952525087288458,-0.15279810589932724,-0.24986907637476427,0.003727,0.006,0.00398,-3.753970260914831,3.94075227785233,22.593117998528882,-3.085627293349172,2.7945390741896543,22.62842921134122,39.971578905623566,-41.619198348768215,-200.0,42.3762587349722,-38.61088656235251,-199.64947765003413,39.97157987382383,-41.61919939445344,-200.0000020658453,-11.182050133618112,12.821135213884181,-5.766398411253252,-0.3536839820626659,-0.049153067311513865,-0.3287237539307337
8.12,-0.011862378364037994,0.02048100380744728,-0.0008526856491578583,0.18950043835060124,-0.15972988124892185,-0.23585721685420996,0.003727,0.006,0.00398,-3.863013389474635,4.048954150130296,22.704089644387842,-3.1942067028072536,2.884670414368006,22.766378072457645,39.99684176815264,-42.15899818793091,-200.0,42.499801472688894,-39.16138911766442,-199.64681353351727,39.99684273550617,-42.1589992464368,-200.0000020603996,-11.2023690095241,12.978984663091213,-6.057195714634028,-0.3544864995428294,-0.0479394386794856,-0.3298342512975354
8.13,-0.011865838605508265,0.020796028576555117,-0.0013366842012662028,0.18950373134277268,-0.16659146758446527,-0.22178465127886682,0.003727,0.006,0.00398,-3.971787280485189,4.1606877969902,22.80706276262866,-3.3027826634454227,2.978747210766029,22.896275653971376,39.99684176815264,-42.69214063255713,-200.0,42.5972861704733,-39.706388154514464,-199.6443551979434,39.99684273409426,-42.692141703751254,-200.0000020551624,-11.21618845997039,13.132196986305198,-6.345518360975749,-0.35517120398438345,-0.04677756501112996,-0.330897269880129
8.14,-0.011864446706616766,0.021103841154477186,-0.0018195114815826585,0.18952786146025194,-0.17338335600613247,-0.2076625793922583,0.003727,0.006,0.00398,-4.080291962363414,4.275917626208909,22.9020238757015,-3.4113685741703876,3.0767294273211996,23.018091348757608,39.971578905623566,-43.21854149327446,-200.0,42.66867271149388,-40.245797418619155,-199.64209449846103,39.97157986959093,-43.21854257702458,-200.00000205013555,-11.223334976993518,13.280773059713047,-6.6312052545817775,-0.355736996290416,-0.04566776793628462,-0.3319132181512399
8.15,-0.011857969184396487,0.021404519493215826,-0.0023008623420458507,0.18956550941350972,-0.1801061172812403,-0.19350210485447875,0.003727,0.006,0.00398,-4.188523691732348,4.394608346588062,22.988965606039024,-3.5199736496022127,3.1785773396273225,23.131800931173906,39.921069137130864,-43.7381176452847,-200.0,42.71393719332334,-40.77953081618977,-199.640023279226,39.92107009856458,-43.738118741458635,-200.00000204532026,-11.22364622541245,13.424713468857885,-6.914100570331404,-0.3561829749307439,-0.04461039722529661,-0.3328825594125677
8.16,-0.011846180261055078,0.02169814063084547,-0.0027804366571946293,0.1896093254563394,-0.18676038717790722,-0.17931422858410817,0.003727,0.006,0.00398,-4.2964749624821685,4.51672496276991,23.06788661815684,-3.6286028985260352,3.2842515751229415,23.23738649951112,39.8453443657269,-44.25078704149042,-200.0,42.73307189949223,-41.30750245511892,-199.6381334146981,39.845345324070536,-44.25078814995579,-200.00000204071728,-11.216971470077983,13.564018331174374,-7.19405376460388,-0.35650843769860224,-0.04360582956914889,-0.3338058102687159
8.17,-0.011828862396146125,0.021984779893541966,-0.0032579393339798868,0.18965194975693941,-0.19334685170724042,-0.16510984250837935,0.003727,0.006,0.00398,-4.404134525235253,4.642232762112549,23.13879155723691,-3.7372571140325346,3.3937131448409565,23.33483641478305,39.74445242080035,-44.75646872545088,-200.0,42.72608526136319,-41.82962668856175,-199.63641685020536,39.744453375500825,-44.756469846075134,-200.000002036327,-11.203171965332881,13.698687119891314,-7.470919580332605,-0.3567128828634818,-0.042654467317655494,-0.33468353911988524
8.18,-0.011805806795270588,0.022264510108601122,-0.0037330803198243334,0.18968603263842782,-0.19986623231101316,-0.15089972368401564,0.003727,0.006,0.00398,-4.511487417099861,4.771097293720256,23.201690984348936,-3.8459328752839363,3.5069234666808,23.424145236074832,39.61845702786605,-45.25508284416622,-200.0,42.69300181035344,-42.34581816070447,-199.63486564155355,39.61845797837344,-45.25508397681649,-200.00000203214933,-11.182121305463118,13.82871848924378,-7.744558046101619,-0.3567960097147123,-0.04175673718726248,-0.33551636466094437
8.19,-0.011776813894421242,0.022537400830891924,-0.004205574610027907,0.18970425463155863,-0.20631927103183667,-0.13669452875267085,0.003727,0.006,0.00398,-4.618515001568736,4.903284339749477,23.256601308447916,-3.954622560809401,3.6238443801857136,23.50531365264887,39.46743776831474,-45.746550660686836,-200.0,42.633862120552415,-42.85599185449736,-199.63347199346848,39.467438714082604,-45.74655180522955,-200.00000202818362,-11.153705735122227,13.954110101034985,-8.0148344692361,-0.3567577184938787,-0.040913088948186044,-0.33630495437525676
8.2,-0.011741693819186258,0.022803517585287383,-0.0046751422555544875,0.18969934628337276,-0.2127067157029906,-0.12250478869650656,0.003727,0.006,0.00398,-4.725195018392313,5.038759879137829,23.30354471526918,-4.063314373201189,3.744438152828946,23.578348412987175,39.291490029147575,-46.23079456654728,-200.0,42.548722741793135,-43.360063141117465,-199.63222829666148,39.291490969633074,-46.23079572284832,-200.00000202442902,-11.117824418944808,14.074858452721424,-8.281619422896323,-0.35659810971758565,-0.04012399409849295,-0.33705002301330195
8.21,-0.011700266818109276,0.02306292112766603,-0.005141508372194126,0.18966410766668323,-0.21902930519530958,-0.1083409038610385,0.003727,0.006,0.00398,-4.8315016432290365,5.177490043927728,23.342549093225514,-4.171992375051194,3.8686674778340198,23.643262250929723,39.09072494272772,-46.70773809402144,-200.0,42.43765612325802,-43.857947830913126,-199.63112716331798,39.0907258773916,-46.70773926194586,-200.00000202088395,-11.074389669777792,14.190958707305068,-8.544788727267013,-0.356317482895381,-0.039389944530954,-0.337752331048164
8.22,-0.011652363669600707,0.023315666727163065,-0.005604403152036641,0.18959142753673494,-0.2252877547588765,-0.09421313921397458,0.003727,0.006,0.00398,-4.9374055568496855,5.3194410683827,23.373647956396013,-4.280636535936383,3.996495463575833,23.700073809050263,38.865269316586954,-47.17730592819714,-200.0,42.300750527718805,-44.349562225574374,-199.63016146081722,38.8652702448939,-47.17730710760894,-200.0000020175467,-11.023327135193313,14.30240452545977,-8.804223425003704,-0.35591633465115435,-0.03871145119604899,-0.3384126831012311
8.23,-0.011597826061905736,0.023561803472425466,-0.006063561878155765,0.1894743020830143,-0.23148274149770756,-0.08013161981031486,0.003727,0.006,0.00398,-5.042874023648764,5.464579231120521,23.396880364680815,-4.389222790231539,4.127885614631095,23.74880755939369,38.61526555333097,-47.639423918870094,-200.0,42.13810993653162,-44.83482317126222,-199.6293243434994,38.615266474749596,-47.6394251096321,-200.00000201441506,-10.964575942199804,14.409187900465428,-9.059809751192118,-0.35539535626041624,-0.03808904276208173,-0.33903192633386153
8.24,-0.01153650694570249,0.023801373604645543,-0.006518724943363807,0.18930585322607876,-0.237614890016134,-0.0661063264354812,0.003727,0.006,0.00398,-5.147870979190664,5.612870790510518,23.412290841181726,-4.497723105498612,4.262801804568699,23.789493721682522,38.34087156069503,-48.0940190922526,-200.0,41.94985394553236,-45.313648112425554,-199.62860928230864,38.340872474698024,-48.094020294226425,-200.00000201148632,-10.89808880026841,14.511298996635304,-9.31143909816694,-0.3547554306182435,-0.03752326427181489,-0.33961094880261616
8.25,-0.011468270859017332,0.02403441188023482,-0.006969637873851797,0.1890793464113756,-0.24368475827619168,-0.052147091399661616,0.003727,0.006,0.00398,-5.252357126496712,5.7642819136097465,23.41992928685551,-4.606105561173974,4.401208240593009,23.82216817908448,38.04226065180615,-48.541019662496836,-200.0,41.73611765199776,-45.785955146027405,-199.62801009215107,38.042261557870376,-48.541020875542515,-200.00000200875752,-10.82383206304633,14.608725992088507,-9.559007975621583,-0.3539976286567122,-0.03701467579212753,-0.340150677777399
8.26,-0.011392994224235592,0.02426094496600563,-0.007416051358493991,0.18878820785432526,-0.24969282370597642,-0.03826359445791838,0.003727,0.006,0.00398,-5.356290040757717,5.918778598935768,23.419850892473786,-4.714334437248288,4.543069420175827,23.8468723916183,37.719621435714615,-48.980355043031,-200.0,41.4970515328631,-46.25166307589953,-199.6275209568198,37.71962233332157,-48.980356267007046,-200.00000200622543,-10.741785749350214,14.701454926833696,-9.802417966530738,-0.3531232052337683,-0.036563851051499244,-0.3406520780240578
8.27,-0.011310565617061119,0.024480990869755526,-0.007857721284554253,0.18842604119345827,-0.25563946959963524,-0.024465358831891694,0.003727,0.006,0.00398,-5.45962428213543,6.076326593398515,23.412116047911613,-4.822370312608353,4.68835007983593,23.863653307260737,37.37315769826449,-49.41195585770564,-200.0,41.232821314406124,-46.71069146694276,-199.62713645135332,37.3731585868999,-49.41195709246869,-200.00000200388615,-10.651943524231662,14.789469557260862,-10.041575679488838,-0.35213359451782233,-0.03617137605812808,-0.34111615005458523
8.28,-0.011220886007375253,0.024694558409143003,-0.008294408780474105,0.1879866435110687,-0.26152497185037843,-0.0107617473101509,0.003727,0.006,0.00398,-5.562311516298056,6.236891303736818,23.396790248776824,-4.930170172686589,4.837015136248685,23.872563270804367,37.00308827337835,-49.83575395174873,-200.0,40.9436078336303,-47.16296069888996,-199.62685156170707,37.003089152533036,-49.835755197153446,-200.0000020017358,-10.554312641123136,14.87275121824834,-10.27639269812574,-0.3510304048956711,-0.03583784768976047,-0.34154392834929825
8.29,-0.011123868972026621,0.024901646721740736,-0.008725880266386377,0.1874640206836949,-0.26734948605863007,0.0028380415945725226,0.003727,0.006,0.00398,-5.664300642317198,6.400437702829009,23.373944000381268,-5.037687526041587,4.989029619892167,23.87365993050318,36.60964690483676,-50.251682402528445,-200.0,40.62960689159842,-47.60839201935157,-199.62666170163607,36.60964777400619,-50.25168365842743,-200.00000199976995,-10.448913846261705,14.95127869420647,-10.506785528337725,-0.3498154134334957,-0.035563872244447,-0.34193647955738476
8.3,-0.011019440879644654,0.025102244819083963,-0.009151907512922552,0.18685240202770514,-0.273113035058125,0.016324977451902454,0.003727,0.006,0.00398,-5.765537927536486,6.566930231267455,23.34365271904748,-5.144872529472692,5.144358601460664,23.867006142530688,36.193082098640744,-50.659675530120936,-200.0,40.291029098984446,-48.04690759586592,-199.62656272670125,36.19308295732562,-50.65967679636452,-200.00000199798384,-10.335781246743528,15.02502810044405,-10.732675544096558,-0.3484905599224853,-0.03535006394076247,-0.34229490068257434
8.31,-0.010907541047652833,0.025296331187493235,-0.009572267708830795,0.18614625420835781,-0.2788154969034168,0.02969020170359411,0.003727,0.006,0.00398,-5.865967149008004,6.7363326946093665,23.305996630735766,-5.251672121252848,5.302967111301174,23.852669873264155,35.75365696605054,-51.05966890768152,-200.0,39.928099714127555,-48.47843056668458,-199.62655094533196,35.753657813756895,-51.05967018411762,-200.0000019963727,-10.214962143732805,15.093972776331551,-10.953988932645684,-0.3470579405428298,-0.035197043354442965,-0.34262031726211506
8.32,-0.010788121871717501,0.025483873438361407,-0.009986743537836795,0.18534029438386335,-0.2844565933628102,0.042925031454958414,0.003727,0.006,0.00398,-5.96552974107888,6.908608156736232,23.261060666970646,-5.358030162046962,5.464820052153653,23.83072409939752,35.29164905739815,-51.45159937161912,-200.0,39.541058473883375,-48.90288509002769,-199.62662312689352,35.291649893637334,-51.451600658092985,-200.00000199493127,-10.086516832480074,15.158083191781557,-11.170656639892966,-0.34551980118114783,-0.0351054357777564,-0.3429138815473554
8.33,-0.010661148927913144,0.025664828010459148,-0.010395123265099948,0.1844295025592129,-0.2900358789611959,0.05602096328517067,0.003727,0.006,0.00398,-6.064164948697753,7.083718829771817,23.208934358040025,-5.463887583067939,5.629882105501142,23.801246705875688,34.80735018678101,-51.83540503157013,-200.0,39.130159417578184,-49.32019639155755,-199.62677650673052,34.80735101107018,-51.83540632792445,-200.00000199365397,-9.950518370905261,15.217326868578322,-11.382614316806496,-0.34387853043705296,-0.03507586948798712,-0.34317677069471375
8.34,-0.010526601047940287,0.025839139926698507,-0.01079720083353003,0.1834091331277828,-0.2955527306175651,0.06896967709252047,0.003727,0.006,0.00398,-6.161809986000475,7.2616259610276535,23.14971172343596,-5.569182541009296,5.798117631861496,23.764320381633244,34.30106624774611,-52.211025280171526,-200.0,38.69567070437664,-49.73029080982675,-199.6270087881751,34.30106705960836,-52.211026586245964,-200.00000199253518,-9.807052318602102,15.271668318110432,-11.589802267602046,-0.342136652355473,-0.035108973911082454,-0.3434101849756659
8.35,-0.010384470367779744,0.02600674260762814,-0.011192775970122915,0.1822747255819754,-0.3010063379221021,0.08176303998939809,0.003727,0.006,0.00398,-6.258400199725644,7.442289717461174,23.08349115950323,-5.673850579281868,5.969490565378181,23.72003251311217,33.773117020080655,-52.57840080263178,-200.0,38.237874424377466,-50.133095839473654,-199.627318141529,33.77311781904513,-52.57840211826315,-200.00000199156892,-9.656216448198931,15.321068997042484,-11.79216540046206,-0.3402968189220614,-0.035205377666411415,-0.34361534601415455
8.36,-0.010234762350179241,0.026167557743711947,-0.011581654302369793,0.18102211437738952,-0.3063956940976869,0.09439311026047924,0.003727,0.006,0.00398,-6.353869237001497,7.625669068144642,23.010375324259773,-5.7778247950726005,6.1439643030933,23.668475075524785,33.22383596783259,-52.93747358609714,-200.0,37.75706640375144,-50.52854017195107,-199.62770320005157,33.2238367534349,-52.93747491111903,-200.00000199074904,-9.498120431033795,15.365487282396318,-11.989653181470961,-0.33836180235798985,-0.035365706480306826,-0.343793495059136
8.37,-0.010077495781415785,0.026321495228263228,-0.011963647484673934,0.17964743793817967,-0.3117195876903041,0.10685214139613149,0.003727,0.006,0.00398,-6.448149217040541,7.81172166525831,22.93047101935266,-5.881036011735695,6.321501589311539,23.609744521821344,32.653570028687405,-53.28818692881265,-200.0,37.25355600423121,-50.916553733593155,-199.62816305300404,32.65357080046971,-53.288188263055424,-200.00000199006934,-9.332885499156143,15.404878467474832,-12.182219592372588,-0.336334487250959,-0.03559058095602485,-0.34394589129902015
8.38,-0.009912702742778681,0.02646845315261999,-0.012338573334585323,0.17814714679434757,-0.31697659503226844,0.11913258621150793,0.003727,0.006,0.00398,-6.541170906272288,8.00040372413016,22.843889069114017,-5.983412956020485,6.502064395489094,23.5439416693151,32.06267939483506,-53.63048544907583,-200.0,36.72766591725613,-51.29706772084221,-199.62869723582185,32.06268015234637,-53.630486792366526,-200.00000198952318,-9.160644085652528,15.439194779939799,-12.369823092662333,-0.334217862557963,-0.03588061418989847,-0.34407381022377087
8.39,-0.009740428557239791,0.02660831786491047,-0.01270625597853664,0.17651801084470592,-0.3221650735212856,0.1312271010600999,0.003727,0.006,0.00398,-6.632863896441351,8.191669902855944,22.75074419668315,-6.084882439636219,6.685613796106411,23.471171583912483,31.451537285464703,-53.96431509398229,-200.0,36.17973195306523,-51.67001463247975,-199.6293057175077,31.451538028261176,-53.96431644614444,-200.000001989104,-8.9815394452943,15.468385423265396,-12.55242658642513,-0.33201501351453094,-0.03623640922453565,-0.34417854203923404
8.4,-0.009560731711778167,0.026740964093428396,-0.013066526006621837,0.17475712574209942,-0.32728315575714795,0.14312855014870635,0.003727,0.006,0.00398,-6.723156785195508,8.385473182038576,22.651154897164677,-6.185369544651398,6.872109841007801,23.391543461891576,30.820529711031554,-54.28962314796118,-200.0,35.610102825016334,-52.03532829872615,-199.6299888853577,30.820530438676695,-54.28962450881469,-200.00000198880502,-8.795725257467568,15.492396642626701,-12.729997394202156,-0.32972911348388984,-0.03665855633252169,-0.34426139013627993
8.41,-0.009373683755829643,0.02686625513534241,-0.01341922063582035,0.17286191840019355,-0.332328744576299,0.15483000995877857,0.003727,0.006,0.00398,-6.811977358687442,8.581764745192556,22.545243307797094,-6.284797812224421,7.0615114247143875,23.305170509168796,30.170055229444177,-54.60635824109973,-200.0,35.01913992939429,-52.39294390709668,-199.63074752715033,30.170055941509066,-54.60635961046097,-200.00000198861946,-8.603365213304288,15.511171816140182,-12.902507230041676,-0.3273634157779473,-0.03714763012573188,-0.3443236696162705
8.42,-0.00917936917632245,0.026984043111100503,-0.013764183880929148,0.17083015162368925,-0.3372995090225737,0.166324773776989,0.003727,0.006,0.00398,-6.899252775713732,8.780493860360743,22.43313507511221,-6.383089434162786,7.253776153239174,23.2121698179918,29.500524694327023,-54.91447035725503,-200.0,34.40721712095117,-52.74279802492697,-199.63158281094985,29.50052539039067,-54.91447173493642,-200.00000198854016,-8.404632588866173,15.52465157217722,-13.06993218375037,-0.3249212454802439,-0.03770418648836113,-0.34436670587218376
8.43,-0.008977885249759135,0.027094169284553632,-0.014101266732314321,0.16865992786620213,-0.3421928812901015,0.17760635633558342,0.003727,0.006,0.00398,-6.984909752916474,8.981607763492608,22.314959219073316,-6.480165446810121,7.448860208954113,23.11266224099557,28.81236099551629,-55.21391084195221,-200.0,33.77472048439921,-53.084828618503415,-199.63249626268785,28.812361675165945,-55.213912227762506,-200.0000019885603,-8.19970980617027,15.532773933290164,-13.232252708208861,-0.3224059912992536,-0.03832875933411097,-0.34439183322289557
8.44,-0.008769341871790293,0.027196464448418334,-0.014430327339459037,0.16634969212224676,-0.3470060546716514,0.18866849856064039,0.003727,0.006,0.00398,-7.068874750575152,9.18505154412998,22.19084799418844,-6.575945926763524,7.646718214078758,23.006772262559522,28.105998791954026,-55.50463241006746,-200.0,33.12204810205347,-53.418975068762315,-199.63348974170756,28.105999454785323,-55.504633803811494,-200.0000019886727,-7.9887879837576845,15.535474487058556,-13.389453611472954,-0.31982109747854853,-0.039021857190998446,-0.3444003935966924
8.45,-0.00855386136471345,0.027290749374338147,-0.014751231199131853,0.16389823396177397,-0.3517359825425967,0.19950517242381657,0.003727,0.006,0.00398,-7.1510741585200615,9.390768033943433,22.060936747605382,-6.670350187928176,7.847303093377854,22.89462786740525,27.381884237147656,-55.78658915329504,-200.0,32.44960981779547,-53.745178183545065,-199.63456541446573,27.381884882764968,-55.786590554773674,-200.00000198887034,-7.772066478419474,15.532686583956261,-13.541524053217431,-0.31717005578809576,-0.03978395962000317,-0.34439373525749806
8.46,-0.008331578263320788,0.027376835326373333,-0.015063851346869828,0.1613046887175336,-0.3563793784071595,0.21011058589043644,0.003727,0.006,0.00398,-7.231434481703407,9.59869769865435,21.925363774206282,-6.763296979421678,8.0505659366714,22.776360406378227,26.64047469737001,-56.05973654739674,-200.0,31.757826997500658,-54.06338020642418,-199.63572572660146,26.640475325386795,-56.05973795640685,-200.00000198914594,-7.549752419602573,15.524341562084391,-13.688457544935407,-0.31445639761909294,-0.0406155134771193,-0.34437321156611744
8.47,-0.00810263907949979,0.027454524636358474,-0.015368068550328629,0.15856853783716576,-0.36093271702970225,0.22047918795399846,0.003727,0.006,0.00398,-7.309882524969545,9.808778533869162,21.784270168732313,-6.854704683847105,8.25645586177444,22.652104459361734,25.882238462777764,-56.32403145923245,-200.0,31.04713228604494,-54.37352482213995,-199.63697337359181,25.88223907281669,-56.32403287556686,-200.00000198949246,-7.322060237914851,15.510368998381411,-13.83025195314626,-0.3116836862024982,-0.04151692903113631,-0.34434017976648035
8.48,-0.007867202045995753,0.027523611339164034,-0.015663771502943957,0.15568960841337268,-0.3653922366695399,0.23060567374425528,0.003727,0.006,0.00398,-7.386345576573339,10.02094596534101,21.637799674982205,-6.944491515461105,8.464919878495328,22.521997695278323,25.107654451628058,-56.57943215357186,-200.0,30.31796936097551,-54.675557158713666,-199.63831127022334,25.10765504332156,-56.579433577019444,-200.00000198990287,-7.089211189069728,15.490696985681314,-13.966909504740357,-0.308855508969942,-0.04248857595227195,-0.3442959997859923
8.49,-0.007625436839711799,0.02758388186545893,-0.015950857016206688,0.1526680719067999,-0.36975394243309045,0.24048498969306523,0.003727,0.006,0.00398,-7.460751590001787,10.235132754158005,21.48609853214441,-7.0325757177715245,8.675902754330112,22.38618072914227,24.31721190778419,-56.82589829968466,-200.0,29.570792682901963,-54.96942378632758,-199.63974251911415,24.317212480774437,-56.82589973003018,-200.00000199037007,-6.851432874486391,15.46525243471745,-14.098436793423314,-0.3059754700728209,-0.04353077919034686,-0.3442420330366372
8.5,-0.007377524284942025,0.027635115789196474,-0.016229230208767376,0.1495044420773618,-0.37401361075218664,0.2501123387391915,0.003727,0.006,0.00398,-7.533029363663976,10.451268907342088,21.32931531833788,-7.118875760107831,8.889346882496671,22.244796976136893,23.511410091698952,-57.063390977709204,-200.0,28.806067242632892,-55.255072713085816,-199.64127037852734,23.511410645638403,-57.063392414733435,-200.0000019908871,-6.608958759699258,15.433961399946925,-14.224844786117721,-0.303047183074576,-0.0446438147633477,-0.3441796412028856
8.51,-0.007123656036912979,0.02767708662663579,-0.016498804690496305,0.14619957214069712,-0.3781667949920417,0.25948318555018623,0.003727,0.006,0.00398,-7.603108718022516,10.669281594322563,21.167600791453268,-7.203310532716986,9.105192152955468,22.097992502702372,22.690757965070336,-57.291872684798555,-200.0,28.024268305056072,-55.53245337779383,-199.64289822971887,22.690758499621946,-57.291874128278174,-200.00000199144705,-6.36202769162089,15.396749427817754,-14.346148828069868,-0.30007426382871016,-0.04582790547997276,-0.34411018500144125
8.52,-0.006864034246020861,0.02770956268332267,-0.016759502739519927,0.14275465116726488,-0.3822088321867666,0.2685932617364891,0.003727,0.006,0.00398,-7.670920669750187,10.889095069726118,21.001107727405834,-7.285799539947279,9.323375827063499,21.945915874633513,21.85577386937078,-57.51130734104255,-200.0,27.225881149729847,-55.801516639915,-199.64462954406304,21.855774384208164,-57.51130879075035,-200.00000199204328,-6.1108834156312755,15.353541925863071,-14.462368645280385,-0.2970603235539084,-0.04708321662246657,-0.3440350228962051
8.53,-0.0065988712031541386,0.027732307945089935,-0.01701125547022031,0.1391711997422805,-0.3861348508944827,0.2774385710298781,0.003727,0.006,0.00398,-7.736397602505885,11.110630602901509,20.82999075592853,-7.366263091092947,9.543832416504872,21.788718002202067,21.006985198451893,-57.72166029516514,-200.0,26.41140080812762,-56.06221476688273,-199.64646785019661,21.00698569325989,-57.72166175086985,-200.0000019926689,-5.855774093385174,15.304264550787524,-14.573528342826242,-0.29400896211592437,-0.04840985161789456,-0.3439555097521503
8.54,-0.006328388966507281,0.02774508300880449,-0.017254002990123918,0.13545106490528042,-0.38993978015801994,0.28601539439552937,0.003727,0.006,0.00398,-7.7994734339355185,11.333806414571425,20.654406194054033,-7.444622488483059,9.766493567134464,21.626551982335403,20.144928065430555,-57.92289832999641,-200.0,25.581331797451092,-56.31450141896543,-199.64841670141996,20.144928539905194,-57.922899791462946,-200.00000199331745,-5.596951822165924,15.248843613510985,-14.679656397561525,-0.29092376152495053,-0.04980784772771281,-0.34387299541105715
8.55,-0.006052818970307128,0.02774764604823393,-0.01748769454357002,0.13159641438861286,-0.3936183595509912,0.2943202950441469,0.003727,0.006,0.00398,-7.860083778515282,11.558537620973771,20.47451187745508,-7.520800212409061,9.991287948360872,21.459572937901985,19.27014696406854,-58.114989667717886,-200.0,24.73618785090513,-56.5583316318977,-199.65047964358664,19.270147417917556,-58.11499113470727,-200.0000019939826,-5.334672156550346,15.187206498918504,-14.78078564362832,-0.2878082796556855,-0.05127717178765606,-0.34378882317190773
8.56,-0.00577240161589454,0.02773975381014157,-0.017712288640049256,0.12760973017458097,-0.39716515028272475,0.3023501233080196,0.003727,0.006,0.00398,-7.918166105867241,11.784736185825988,20.290466989832574,-7.594720102496655,10.218141148680921,21.28793785417422,18.3831944248595,-58.29790397488044,-200.0,23.876491644305094,-56.79366179750525,-199.65266018370383,18.383194857802557,-58.29790544714996,-200.00000199465816,-5.069193633096245,15.119282097912887,-14.876953249194452,-0.28466604419658137,-0.052817716030621985,-0.34370432815900986
8.57,-0.005487385845643178,0.0277211626354526,-0.017927753165119298,0.12349380139135158,-0.40057454732918124,0.3101020213423886,0.003727,0.006,0.00398,-7.973659894190718,12.012310880413489,20.102431890561277,-7.666307535139088,10.446975577960414,21.111805412560923,17.484630666037358,-58.47161236719462,-200.0,23.002774518869398,-57.020449642564444,-199.65496175945876,17.4846310778062,-58.47161384449794,-200.00000199533804,-4.80077729873138,15.045001249211271,-14.968200682836075,-0.2815005468340644,-0.054429294025929685,-0.3436208355622538
8.58,-0.00519802870021116,0.027691629500081028,-0.01813406547180546,0.11925171656808638,-0.4038407925506507,0.3175734276113289,0.003727,0.006,0.00398,-8.026506778465484,12.241167252068086,19.910567940825928,-7.7354895966205985,10.677710377034654,20.93133582172464,16.575023239731333,-58.63608741409161,-200.0,22.115576200033384,-57.23865420614558,-199.65738770987036,16.575023630070216,-58.6360888961788,-200.00000199601652,-4.529686243463985,14.964297188175262,-15.05457366796578,-0.2783152376764028,-0.05611163676958176,-0.34353965873328646
8.59,-0.00490459485968342,0.027650913069851457,-0.01833121245047975,0.11488685527009337,-0.406957988750761,0.32476208111537386,0.003727,0.006,0.00398,-8.076650693098095,12.471207601268759,19.715037328499506,-7.8021952515706126,10.910261335177418,20.746690646223104,15.654946673488121,-58.791303143054805,-200.0,21.215444512109094,-57.448235815699725,-199.6599412472555,15.654947042153877,-58.79130462967247,-200.00000199668796,-4.256185138032802,14.877105999885128,-15.13612212378337,-0.27511351992177696,-0.05786438895947675,-0.34346209712389625
8.6,-0.004607356169188059,0.027598774763786693,-0.01851919057526452,0.11040287913510843,-0.40992011462519173,0.3316660253164603,0.003727,0.006,0.00398,-8.124038008696253,12.70233096755995,19.516002892037537,-7.866355506401319,11.144540815958779,20.558032632839257,14.724982107387204,-58.93723504372131,-200.0,20.30293508860414,-57.64915606215194,-199.6626254306816,14.724982454149702,-58.93723653461278,-200.00000199734703,-3.9805397770727424,14.783367073575716,-15.212900091264682,-0.271898744774547,-0.05968710548932948,-0.3433894340538517
8.61,-0.0043065911496235065,0.027534979819916844,-0.01869800592510462,0.10580372233216379,-0.4127210405425685,0.33828361171445326,0.003727,0.006,0.00398,-8.168617662671249,12.934433124444409,19.313627943682654,-7.9279035673934874,11.380457691980332,20.36552553479035,13.785716926980827,-59.0738600717523,-200.0,19.37861107800847,-57.84137777426886,-199.6654431410611,13.785717251622996,-59.07386156665777,-200.00000199798868,-3.703016628362643,14.683023555491525,-15.284965642789388,-0.26867420661320907,-0.06157924819469759,-0.34332293429709576
8.62,-0.004002584494182476,0.02745929835772573,-0.018867674177766136,0.10109358146485198,-0.4153545450943379,0.34461350302853955,0.003727,0.006,0.00398,-8.210341283383814,13.167406583370589,19.10807609229332,-7.986774993107764,11.617917288941337,20.169333934033002,12.837744392288448,-59.20115665247208,-200.0,18.44304284485399,-58.024864992569725,-199.66839705802676,12.83774469460671,-59.20115815112858,-200.00000199860796,-3.423882388710065,14.576022797206793,-15.352380774112806,-0.26544313841338496,-0.06354018288308333,-0.34326384147718453
8.63,-0.003695626551411979,0.027371506431316833,-0.01902822057516057,0.09627690494116897,-0.4178143323450721,0.35065467593620264,0.003727,0.006,0.00398,-8.249163307564416,13.401140606894778,18.899511066129932,-8.042907840811385,11.856821339451038,19.969623061908244,11.88166326308139,-59.31910468427484,-200.0,17.49680766585333,-58.19958294304847,-199.6714896387061,11.881663542885695,-59.31910618641665,-200.00000199920035,-3.143403547020398,14.462316796444673,-15.415211277516146,-0.26220870742906777,-0.06556917667864355,-0.34321337526549406
8.64,-0.00338601279559847,0.02727138706742957,-0.019179679858545295,0.09135838183254735,-0.4200940497096917,0.3564064233223465,0.003727,0.006,0.00398,-8.285041090754659,13.635521231060066,18.688096535949672,-8.096242806623087,12.097067946961316,19.766558618397728,10.918077420692926,-59.427685541799086,-200.0,16.540489420928953,-58.36549801097177,-199.67472309849512,10.918077677807068,-59.42768704715774,-200.00000199976165,-2.861845955088401,14.34186262746945,-15.473526595111146,-0.2589740111349493,-0.06766539571024416,-0.34317272837783874
8.65,-0.003074043285326622,0.027158731282501597,-0.01932209617232683,0.08634293024514117,-0.4221873063795532,0.36186835599141004,0.003727,0.006,0.00398,-8.317935010532924,13.870431296994385,18.473995938778657,-8.146723359092064,12.338551560149982,19.560306590289343,9.94759548659417,-59.526882078868674,-200.0,15.574678278951485,-58.52257771501357,-199.67809939391014,9.947595720855862,-59.52688358717326,-200.00000200028776,-2.5794744066512685,14.214622858172042,-15.527399651438817,-0.255742073432578,-0.0698279031695143,-0.3431430633678286
8.66,-0.002760022111109456,0.027033339073113782,-0.019455522935391656,0.08123568522691126,-0.4240876922153103,0.3670404037960556,0.003727,0.006,0.00398,-8.347808562303753,14.105750491691897,18.257372302745296,-8.194295865940344,12.581162958038735,19.35103306857718,8.970830437975286,-59.6166786312005,-200.0,14.599970378019389,-58.67079068197919,-199.6816202075776,8.970830649236575,-59.616680142177664,-200.00000200077505,-2.296552225233651,14.080565951061654,-15.576906664689725,-0.25251584112296255,-0.0720556577628168,-0.34312550921859464
8.67,-0.002444256833046804,0.026895020374319872,-0.019580022679092424,0.07604198623461034,-0.425788797020951,0.3719228161372362,0.003727,0.006,0.00398,-8.374628447447263,14.341355397903396,18.03838807337351,-8.238909713711463,12.824789246081552,19.138904065447147,7.988399220576381,-59.697061018878,-200.0,13.616967500125607,-58.81010662236346,-199.68528693539838,7.98839940870343,-59.697062532252275,-200.00000200122028,-2.0133408613169275,13.939666645479358,-15.622126936062138,-0.24929818064799783,-0.07434751257843826,-0.34312115773689056
8.68,-0.0021270579095167275,0.026743595980586482,-0.019695666851255733,0.07076736418532735,-0.4272842301104881,0.3765161617921413,0.003727,0.006,0.00398,-8.398364653641838,14.577119553024096,17.817204941746034,-8.280517420082544,13.069313863408974,18.924085331224564,7.0009223590110645,-59.768016548590346,-200.0,12.626276740078483,-58.94049630697792,-199.6891006759064,7.000922523884584,-59.76801806408438,-200.00000200162026,-1.7300994993547318,13.791906318486255,-15.663142617000492,-0.2460918751027841,-0.0767022143873817,-0.34313105975716085
8.69,-0.0018087381179554551,0.026578898424332892,-0.019802535585804748,0.06541752811786132,-0.4285676400764657,0.38082132802870255,0.003727,0.006,0.00398,-8.418990527190433,14.812913516830896,17.59398367495932,-8.319074738611057,13.314616601362271,18.706742171684375,6.0090235648303665,-59.82953401563683,-200.0,11.628510168564326,-59.061931544869154,-199.6930622218165,6.009023706345791,-59.82953553297156,-200.00000200197243,-1.4470846751505113,13.637273322035112,-15.70003845426693,-0.24289962152073769,-0.07911840339254332,-0.34315622116615185
8.7,-0.0014896119688294351,0.026400772807375905,-0.019900717437859206,0.05999835148983219,-0.4296327346677994,0.3848395189680156,0.003727,0.006,0.00398,-8.436482837198307,15.048604947886673,17.36888394929906,-8.35454075570237,13.560573633398706,18.4870392661473,5.013329342572317,-59.881603705696286,-200.0,10.624284489266216,-59.17438516273837,-199.69717205374172,5.013329460639673,-59.88160522459108,-200.00000200227444,-1.1645499041034335,13.475763294220629,-15.732901513052798,-0.23972402843297572,-0.08159461343770448,-0.3431975987622703
8.71,-0.0011699951139466647,0.026209077580908152,-0.019990309084417124,0.054515858137088376,-0.43047330068347106,0.3885722531591975,0.003727,0.006,0.00398,-8.450821831467579,15.284058688394357,17.14206418657263,-8.386877979599232,13.807057556395753,18.265140486806096,4.014468594048522,-59.92421739636106,-200.0,9.614220689981535,-59.27783098605768,-199.70143033603753,4.014468688592789,-59.924218916534066,-200.0000020025243,-0.8827453208145289,13.307379442584992,-15.761820878556662,-0.23656761370307747,-0.08412927268466934,-0.3432560959661323
8.72,-0.0008502037502883808,0.026003685270042237,-0.020071414991001568,0.048976207922638716,-0.4310832237883217,0.3920213603348124,0.003727,0.006,0.00398,-8.46199128399128,15.519136857252986,16.913681394037795,-8.416052421209828,14.053937443328474,18.041208719745295,3.013072221117298,-59.95736835843535,-200.0,8.598943687712252,-59.37224382206239,-199.70583691471433,3.0130722920781885,-59.957369879603576,-200.00000200272027,-0.6019173305214182,13.132132797686351,-15.786887336715065,-0.23343280263772126,-0.08672070476253907,-0.34333255840299504
8.73,-0.000530554020585633,0.02578448313937315,-0.020144147044946048,0.043385682103017235,-0.43145650815758774,0.3951889773190857,0.003727,0.006,0.00398,-8.469978533947986,15.7536989510384,16.683891008367777,-8.442033666606852,14.30107890724054,17.81540568813439,2.0097727271908337,-59.981051356997995,-200.0,7.579081967735726,-59.45759944478405,-199.71039131734375,2.0097727745232414,-59.98105287887769,-200.0000020028612,-0.3223082728162522,12.950042435373257,-15.808193035039752,-0.23032192637333396,-0.0893671303894724,-0.34342776938063024
8.74,-0.00021136141188599078,0.025551373796425247,-0.02020862415623198,0.037750668440643,-0.4315872958579485,0.3980775430656348,0.003727,0.006,0.00398,-8.474774516115424,15.98760195260175,16.452846744093115,-8.464794941046355,14.54834417637646,17.58789177808877,1.0052038177334708,-59.995262652228966,-200.0,6.55526721669979,-59.53387458226933,-199.7150927548667,1.0052038414072193,-59.99526417453581,-200.0000020029461,-0.044156098064347254,12.761135666427792,-15.82583112472415,-0.22723722053803813,-0.09206666946407707,-0.34354244528844063
8.75,0.00010705984661454893,0.025304275730351655,-0.020264971827094747,0.03207764609140533,-0.4314698858746762,0.40068979280636097,0.003727,0.006,0.00398,-8.476373782639754,16.220700446955473,16.220700446955487,-8.484313164371624,14.795592180290202,17.358825867704148,3.429011037612589e-14,-60.0,-200.0,5.528133949823743,-59.601046906114895,-199.71994012520028,2.4787679933592085e-14,-60.00000152244923,-200.00000200297444,0.23230594308519992,12.565448192517213,-15.839895385458927,-0.22418082418751692,-0.09481734361930733,-0.343677230947132
8.76,0.00042439738517760506,0.02504312378373874,-0.020313321691889208,0.026373170297323886,-0.4310987526969787,0.40302875129841936,0.003727,0.006,0.00398,-8.474774516115424,16.452846744093097,15.987601952601766,-8.500568997684484,15.042678646694661,17.128365159778976,-1.0052038177334024,-59.995262652228966,-200.0,4.498319132325976,-59.6590950234277,-199.72493201852652,-1.0052038414071298,-59.99526417453585,-200.0000020029461,0.5068495967393616,12.363024227651637,-15.85047983463835,-0.2211547790128394,-0.09761707922794367,-0.3438326949409808
8.77,0.0007403412932663889,0.024767869555856414,-0.020353811028944846,0.02064385691473106,-0.430468564376811,0.40509772516180376,0.003727,0.006,0.00398,-8.469978533947986,16.68389100836777,15.753698951038421,-8.513546881183572,15.289456208767064,16.896665018744457,-2.0097727271907653,-59.981051356997995,-200.0,3.4664617952394665,-59.70799847130286,-199.7300667241365,-2.0097727745232024,-59.98105287887771,-200.0000020028612,0.7792518890464687,12.15391658459554,-15.857678322840323,-0.21816102881699587,-0.1004637108459219,-0.344009324966181
8.78,0.0010545847161022859,0.024478481736230184,-0.020386582246422036,0.01489636680897835,-0.4295741999802427,0.4069002943059684,0.003727,0.006,0.00398,-8.461991283991289,16.913681394037777,15.519136857253006,-8.52323506308694,15.535774522578382,16.663878812324185,-3.0130722211172296,-59.95736835843536,-200.0,2.4332026458170355,-59.74773771389171,-199.7353422386967,-3.0130722920781055,-59.95736987960358,-200.00000200272027,1.0492953954478013,11.938186725963444,-15.86158411770787,-0.2152014192565532,-0.10335498507560163,-0.3442075232317011
8.79,0.0013668244467230917,0.024174946367940986,-0.02041178234442087,0.009137390147174306,-0.428410766354896,0.40844030245004387,0.003727,0.006,0.00398,-8.450821831467579,17.142064186572604,15.284058688394376,-8.529625619574137,15.781480394269984,16.43015775844379,-4.014468594048454,-59.92421739636106,-200.0,1.3991836727704643,-59.7782941421133,-199.74075627579495,-4.014468688592682,-59.924218916534095,-200.0000020025243,1.3167684956832277,11.715904779999942,-15.86228947855876,-0.21227769784330014,-0.10628856482802497,-0.34442760195054917
8.8,0.0016767615122143809,0.023857267040548913,-0.02042956235580884,0.00337363062090224,-0.4269736141419606,0.4097218467475037,0.003727,0.006,0.00398,-8.436482837198307,17.36888394929904,15.04860494788669,-8.532714465701337,16.026417916558877,16.19565077790628,-5.0133293425722485,-59.881603705696286,-200.0,0.365047746627078,-59.799650076044095,-199.74630627662395,-5.013329460639618,-59.881605224591084,-200.00000200227447,1.581465614368369,11.487149521283905,-15.859885224216955,-0.20939151420043198,-0.10926203396068523,-0.34466977896040657
8.81,0.001984101752808859,0.02352546501309488,-0.020440076768457438,-0.002388210368745191,-0.4252583529667995,0.4107492665325932,0.003727,0.006,0.00398,-8.418990527190427,17.593983674959308,14.812913516830914,-8.532501357261335,16.270428614113857,15.960504353339871,-6.009023564830298,-59.82953401563684,-200.0,-0.6685617844702694,-59.81178877000017,-199.7519894216528,-6.009023706345716,-59.829535532971576,-200.00000200197246,1.8431874470303966,11.252008316880042,-15.854460296738301,-0.20654442056624658,-0.11227290226395477,-0.3449341735137145
8.82,0.0022885563925453267,0.023179579268131578,-0.020443482931781165,-0.008141449531159868,-0.42326086574813043,0.41152713121229656,0.003727,0.006,0.00398,-8.398364653641844,17.817204941746024,14.577119553024115,-8.528989883579007,16.51335159730932,15.724862394913028,-7.000922359010997,-59.76801654859035,-200.0,-1.7010015031553392,-59.814694420307994,-199.75780264314184,-7.000922523884543,-59.7680180640844,-200.0000020016203,2.1017411715284013,11.010577038701172,-15.846101323856477,-0.20373787253776812,-0.11531861076685192,-0.34522080227870905
8.83,0.0025898426001996766,0.0228196664982116,-0.02043994045060543,-0.013879437478348754,-0.4209773220721573,0.412060227334146,0.003727,0.006,0.00398,-8.374628447447263,18.038388073373493,14.341355397903417,-8.522187451251577,16.755023723831524,15.488866113295172,-7.988399220576313,-59.697061018878,-200.0,-2.731628335020873,-59.80835217574107,-199.76374263835595,-7.988399408703341,-59.69706253225229,-200.00000200122028,2.3569406448433488,10.76295994306662,-15.834892183050545,-0.20097323004557438,-0.11839653733125458,-0.3455295755915577
8.84,0.002887684039215549,0.022445801026765744,-0.020429610569569878,-0.01959557445612707,-0.41840419058475337,0.4123535448666014,0.003727,0.006,0.00398,-8.347808562303753,18.25737230274528,14.105750491691914,-8.512105258862004,16.995279767583735,15.252653900321967,-8.97083043797522,-59.6166786312005,-200.0,-3.7597999641508952,-59.79274815058,-199.76980588333444,-8.97083064923646,-59.61668014217767,-200.00000200077505,2.6086065852722933,10.509269518687532,-15.820913570264205,-0.1982517585502093,-0.12150400250118769,-0.3458602940004977
8.85,0.003181811405384899,0.02205807466574794,-0.020412655551382053,-0.02528332598121281,-0.41553825036179903,0.4124122627350164,0.003727,0.006,0.00398,-8.317935010532924,18.473995938778636,13.870431296994406,-8.498758262712702,17.233952594312534,15.016361217800464,-9.947595486594103,-59.52688207886868,-200.0,-4.784875251531604,-59.76786944023647,-199.77598864708347,-9.947595720855803,-59.52688358717327,-200.00000200028776,2.856566740113815,10.249626304511915,-15.804242576355797,-0.1955746304496703,-0.12463827557223621,-0.3462126451425001
8.86,0.003471962951047791,0.021656596512836968,-0.020389238052312186,-0.030936238351037346,-0.4123766012250134,0.41224173366234684,0.003727,0.006,0.00398,-8.285041090754667,18.688096535949658,13.635521231060084,-8.48216513364589,17.47087334335737,14.780120494862636,-10.918077420692862,-59.42768554179909,-200.0,-5.806214655836401,-59.7337041393628,-199.78228700606311,-10.918077677807,-59.427687047157754,-200.0000019997616,3.1006560389746602,9.984158679046104,-15.784952274372039,-0.1929429266867427,-0.12779658084540668,-0.34658620099058435
8.87,0.003757884994613825,0.021241492691396635,-0.02035952049839565,-0.036547953993137094,-0.4089166729779727,0.4118474683695875,0.003727,0.006,0.00398,-8.24916330756442,18.89951106612993,13.401140606894783,-8.462348205035859,17.705871614909313,14.544061034245418,-11.881663263081325,-59.31910468427485,-200.0,-6.823180656052141,-59.690241362352644,-199.78869685884987,-11.88166354288568,-59.31910618641666,-200.00000199920035,3.3407167328803538,9.71300262295617,-15.763111320754275,-0.1903576385439761,-0.13097610402848486,-0.34698041550922243
8.88,0.004039332414226604,0.020812906036740242,-0.020323664465838637,-0.04211222662112357,-0.4051562335444539,0.41123511919645533,0.003727,0.006,0.00398,-8.210341283383814,19.108076092293306,13.167406583370598,-8.439333412057353,17.938775662153553,14.308308927841736,-12.837744392288384,-59.20115665247208,-200.0,-7.835138175390689,-59.637471266119924,-199.79521394086652,-12.837744694606632,-59.20115815112859,-200.00000199860798,3.5765985194044507,9.43630145689811,-15.738783573551524,-0.18781966961374844,-0.13417399874755637,-0.3473946227530862
8.89,0.004316069124429972,0.020370995732581887,-0.02028183006911924,-0.047622936164420294,-0.4010933959986797,0.41041046320799407,0.003727,0.006,0.00398,-8.168617662671249,19.313627943682643,12.934433124444416,-8.413150222353089,18.16941258766235,14.072986981830505,-13.785716926980761,-59.073860071752314,-200.0,-8.841455005906399,-59.5753850750289,-199.80183383908104,-13.785717251622968,-59.073861566657776,-200.00000199798868,3.808158654075551,9.154205556670618,-15.712027730646637,-0.18532983793001834,-0.1373873931309803,-0.3478280354417479
8.9,0.004587868534720402,0.0199159369018147,-0.020234175360241025,-0.053074103439218825,-0.39672662448441603,0.4093793848574735,0.003727,0.006,0.00398,-8.124038008696257,19.516002892037523,12.702330967559968,-8.383831558242235,18.397608543402207,13.838214651654054,-14.724982107387138,-58.937235043721316,-200.0,-9.841502233224572,-59.50397510783204,-199.80855200659036,-14.724982454149629,-58.93723653461278,-200.00000199734703,4.035262048347875,8.866872047882577,-15.682896990901034,-0.18288887824802352,-0.1406133964287591,-0.34827974403981016
8.91,0.0048545139889019095,0.019447920156018372,-0.020180855742550047,-0.05845990452843607,-0.3920547390271092,0.4081478582801774,0.003727,0.006,0.00398,-8.076650693098099,19.715037328499484,12.471207601268775,-8.35141371063006,18.62318893371986,13.604107987069659,-15.654946673488059,-58.79130314305482,-200.0,-10.834654660770806,-59.42323480645738,-199.81536377701448,-15.654947042153823,-58.791304629672474,-200.00000199668796,4.25778135444706,8.574464482437346,-15.651438741014609,-0.18049744445797553,-0.14384910562996414,-0.34874871636934945
8.92,0.00511579918419619,0.018967151108269742,-0.020122023402413064,-0.06377468483883245,-0.3870769192502917,0.4067219292963572,0.003727,0.006,0.00398,-8.026506778465484,19.910567940825917,12.241167252068092,-8.315936244797408,18.845978620676732,13.370779587457598,-16.575023239731273,-58.63608741409162,-200.0,-11.820291232883312,-59.333158766475044,-199.82226437864293,-16.575023630070188,-58.636088896178784,-200.00000199601652,4.475597037426855,8.277152499190652,-15.617694270716262,-0.1781561121181667,-0.14709161204230986,-0.34923379777717767
8.93,0.0053715285690868475,0.01847384985399081,-0.020057826761958664,-0.06901297280390103,-0.38179270701426,0.4051076972047198,0.003727,0.006,0.00398,-7.973659894190719,20.102431890561267,12.012310880413494,-8.27744189826668,19.065802131110487,13.138338567522215,-17.484630666037294,-58.47161236719464,-200.0,-12.797795456185218,-59.23374276905873,-199.82924894828562,-17.484631077806185,-58.471613844497945,-200.00000199533804,4.688597434779013,7.975111471197936,-15.581698518743092,-0.17586538109338443,-0.15033800779879694,-0.3497337118758974
8.94,0.005621517718917224,0.01796825042466743,-0.019988409955914666,-0.07416949320161946,-0.37620200800147763,0.4033112964503053,0.003727,0.006,0.00398,-7.918166105867247,20.290466989832563,11.784736185826006,-8.235976470958773,19.282483864814996,12.906890533474828,-18.383194424859436,-58.297903974880455,-200.0,-13.766555818592172,-59.12498381424659,-199.83631254479457,-18.383194857802494,-58.29790544714996,-200.00000199465816,4.896678803952721,7.668522141992316,-15.543479851832998,-0.17362567828394943,-0.15358539225736673,-0.3502470618734883
8.95,0.005865593688290677,0.017450600219327483,-0.019913912335421613,-0.07923918005669847,-0.37030509227925124,0.4013388782524494,0.003727,0.006,0.00398,-7.860083778515293,20.474511877455065,11.55853762097379,-8.191588707873015,19.49584830324644,12.676537569738645,-19.27014696406848,-58.1149896677179,-200.0,-14.725966205335459,-59.00688015529688,-199.84345016223577,-19.27014741791747,-58.11499113470725,-200.00000199398255,5.099745358136365,7.3575702533418506,-15.503059878742137,-0.17143736043123925,-0.15683087826151237,-0.3507723325017816
8.96,0.006103595339358725,0.016921159418676723,-0.019834468001485084,-0.08421718909754192,-0.3641025938758755,0.3991965922796991,0.003727,0.006,0.00398,-7.799473433935529,20.654406194054022,11.33380641457143,-8.144330174539268,19.705720218182762,12.447378236166227,-20.1449280654305,-57.92289832999642,-200.0,-15.675426311388184,-58.879431333922376,-199.85065674269993,-20.14492853990514,-57.92289979146294,-200.0000019933174,5.297709290649929,7.042446166921234,-15.460453301020678,-0.169300716985622,-0.16007159823137826,-0.35130789254905426
8.97,0.0063353736451105536,0.01638020038675375,-0.01975020537052366,-0.08909890973875387,-0.3575955094116525,0.3968905684590507,0.003727,0.006,0.00398,-7.736397602505893,20.82999075592852,11.110630602901528,-8.094255125508212,19.911924879786458,12.219507575710024,-21.006985198451837,-57.72166029516515,-200.0,-16.614342049693526,-58.742638216182364,-199.85792718875564,-21.00698569325981,-57.72166175086989,-200.0000019926689,5.490490788277079,6.7233444823002415,-15.415667802018092,-0.16721597302341085,-0.16330471005681307,-0.351851997997777
8.98,0.006560791966830071,0.01582800706491333,-0.019661246774248547,-0.09387997656068262,-0.35078519583088097,0.3944268990066881,0.003727,0.006,0.00398,-7.670920669750193,21.001107727405824,10.88909506972612,-8.04142036616231,20.11428826354618,11.993017132436599,-21.855773869370722,-57.51130734104257,-200.0,-17.542125954611315,-58.59650302880238,-199.86525637555377,-21.855774384208118,-57.51130879075035,-200.00000199204325,5.678018033866601,6.400463653618888,-15.368703975318468,-0.16518329219926228,-0.16652740276567427,-0.3524027957640411
8.99,0.006779726304899286,0.015264874362788727,-0.019567708095813763,-0.0985562802581893,-0.34367336728509007,0.39181162076653864,0.003727,0.006,0.00398,-7.603108718022516,21.167600791453253,10.669281594322586,-7.985885108146009,20.31263725560061,11.767994979725394,-22.690757965070283,-57.29187268479857,-200.0,-18.458197580016265,-58.44102939568842,-199.87263916260432,-22.690758499621875,-57.29187412827821,-200.00000199144708,5.860227198481526,6.074005607225478,-15.319555293452174,-0.16320277972195477,-0.16973690194360125,-0.35295832802898913
9.0,0.006992065522182761,0.014691107550767968,-0.01946969844396193,-0.10312397803155295,-0.33626209122140827,0.38905069794143,0.003727,0.006,0.00398,-7.533029363663981,21.32931531833787,10.451268907342104,-7.927710818729391,20.50679985597822,11.54452575844401,-23.5114100916989,-57.063390977709226,-200.0,-19.36198389150677,-58.27622237439822,-199.88007040525113,-23.511410645638353,-57.06339241473345,-200.0000019908871,6.037062423366844,5.744175362501541,-15.268208117477716,-0.1612744853415502,-0.17293047488309105,-0.3535165371492835
9.01,0.007197711539260382,0.014107021658311791,-0.019367319866588156,-0.10757950339318159,-0.32855378373300814,0.3861500052994376,0.003727,0.006,0.00398,-7.460751590001797,21.486098532144414,10.235132754158023,-7.866961064434802,20.696605379318573,11.322690724844234,-24.31721190778414,-56.82589829968468,-200.0,-20.252919652206455,-58.10208849233111,-199.8875449658778,-24.317212480774405,-56.82589973003023,-200.0000019903701,6.208475791964636,5.411180657993263,-15.214641747680092,-0.15939840633681118,-0.17610543544231386,-0.3540752711283127
9.02,0.007396579500811351,0.013512940882213498,-0.019260667104866402,-0.11191957536459639,-0.3205512042310521,0.3831153119352116,0.003727,0.006,0.00398,-7.386345576573343,21.637799674982187,10.020945965341026,-7.803701349270645,20.88188465267449,11.10256780787667,-25.107654451628004,-56.57943215357187,-200.0,-21.13044780167119,-57.91863578239653,-199.89505772487882,-25.10765504332147,-56.57943357701946,-200.00000198990287,6.374427292162889,5.075231584860846,-15.158828515317575,-0.1575744904929583,-0.17925914859680903,-0.35463228962497984
9.03,0.007588597912501799,0.012909198008656697,-0.01914982738880583,-0.11614120703897964,-0.31225744949945433,0.3799522656626609,0.003727,0.006,0.00398,-7.30988252496956,21.7842701687323,9.80877853386918,-7.737998947930977,21.06247021002894,10.884231675577404,-25.88223846277771,-56.324031459232465,-200.0,-21.994019827443832,-57.72587381792502,-199.90260359143613,-25.88223907281665,-56.32403287556691,-200.00000198949246,6.534884768930713,4.736540229548155,-15.1007339150421,-0.15580263906040046,-0.18238903466920645,-0.3551852704731437
9.04,0.0077737087477706135,0.012296133852646551,-0.01903488027482561,-0.1202417134854451,-0.30367594719510155,0.37666637811142384,0.003727,0.006,0.00398,-7.231434481703404,21.925363774206268,9.598697698654368,-7.669922734333301,21.238196483196496,10.667753810137835,-26.640474697369957,-56.05973654739676,-200.0,-22.843096128832254,-57.52381374658709,-199.9101775141386,-26.640475325386713,-56.05973795640683,-200.00000198914594,6.68982386744666,4.395320327449563,-15.04031677731468,-0.15408270968620733,-0.1854925732248138,-0.355731816680547
9.05,0.007951867523950606,0.011674096718081728,-0.018915897525641573,-0.12421871897208897,-0.294810448856927,0.3732630105950862,0.003727,0.006,0.00398,-7.151074158520074,22.06093674760537,9.39076803394345,-7.599543005880336,21.40889998881509,10.45320259122889,-27.381884237147602,-55.78658915329506,-200.0,-23.67714637252057,-57.31246832309124,-199.91777449148086,-27.3818848827649,-55.78659055477368,-200.00000198887028,6.839227966775921,4.0517869292142406,-14.97752947982101,-0.15241451931124564,-0.18856730662322815,-0.3562694638719467
9.06,0.008123043347220332,0.011043441881418425,-0.01879294303249665,-0.12807016348582895,-0.28566502248744685,0.3697473608142001,0.003727,0.006,0.00398,-7.0688747505751595,22.190847994188434,9.185051544129983,-7.526931303844247,21.57441951117042,10.240643387113783,-28.10599879195398,-55.50463241006747,-200.0,-24.495649839658814,-57.091851940440165,-199.92538958227763,-28.10599945478527,-55.50463380381149,-200.0000019886727,6.9830881041152075,3.706156081193155,-14.912318196620422,-0.15079784702676713,-0.19161084321858576,-0.35679568813787743
9.07,0.008287218925930165,0.010404531101546877,-0.018666072779510656,-0.1317943085280306,-0.27624404477003756,0.3661244504518192,0.003727,0.006,0.00398,-6.984909752916481,22.31495921907331,8.981607763492626,-7.452160230284174,21.7345962806316,10.030138653049251,-28.812360995516244,-55.213910841952234,-200.0,-25.298095764111814,-56.86198065953176,-199.93301791602175,-28.812361675165903,-55.213912227762556,-200.00000198856034,7.121402889573126,3.358644521394823,-14.844623183499884,-0.1492324368853102,-0.1946208602029936,-0.35730791424805947
9.08,0.008444390551904032,0.009757732158135413,-0.018535334849651308,-0.13538974216595998,-0.26655219298441263,0.36239911371362593,0.003727,0.006,0.00398,-6.899252775713739,22.43313507511221,8.780493860360759,-7.375303261919435,21.889274147512698,9.821748036444324,-29.50052469432698,-54.91447035725505,-200.0,-26.083983661585602,-56.622872236903746,-199.94065470321075,-29.500525390390646,-54.914471734936434,-200.00000198854016,7.254178411409393,3.009469392156232,-14.77437909772959,-0.14771800066194837,-0.19759510609042494,-0.35780352418463596
9.09,0.00859456804938312,0.009103418420358445,-0.0184007694716041,-0.13885538332121264,-0.25659443668145837,0.3585759868587718,0.003727,0.006,0.00398,-6.811977358687449,22.545243307797094,8.581764745192574,-7.296434561391878,22.03829975121,9.615528488217889,-30.17005522944413,-54.606358241099755,-200.0,-26.852823649384316,-56.37454615043187,-199.94829524565785,-30.170055941509037,-54.606359610461,-200.00000198861946,7.381428131618113,2.6588479705978902,-14.701515350203225,-0.14625422056290213,-0.20053140284009993,-0.35827986594887085
9.1,0.008737774691340502,0.008441968447553183,-0.018262409106609284,-0.1421904852774179,-0.24637602917684195,0.3546594987613848,0.003727,0.006,0.00398,-6.723156785195518,22.651154897164666,8.38547318203859,-7.215628786361181,22.181522684499452,9.41153437977237,-30.820529711031508,-54.2896231479612,-200.0,-27.6041367565879,-56.11702362280705,-199.9559349467965,-30.82053043867665,-54.289624508814754,-200.00000198880508,7.503172771699829,2.306997417773441,-14.62595648775362,-0.14484075187936662,-0.2034276476204673,-0.3587342625936756
9.11,0.008874047082968836,0.00777376562299098,-0.018120278574099535,-0.14539463839075825,-0.23590249892066484,0.3506538625364021,0.003727,0.006,0.00398,-6.632863896441358,22.750744196683144,8.191669902855947,-7.132960896886629,22.31879565291177,9.209817624980152,-31.45153728546466,-53.964315093982314,-200.0,-28.337455224474944,-55.8503276426327,-199.96356932197662,-31.451538028261176,-53.96431644614446,-200.000001989104,7.619440188433444,1.954134547273388,-14.547622603219997,-0.14347722558552495,-0.20628181421690855,-0.3591640214318533
9.12,0.009003435012216607,0.0070991978215808604,-0.01797439521482233,-0.14846777198814634,-0.22517964079792188,0.3465630682569645,0.003727,0.006,0.00398,-6.541170906272294,22.84388906911401,8.000403724130178,-7.048505961557808,22.449974629134708,9.010427806562499,-32.062679394835016,-53.630485449075856,-200.0,-29.05232279704859,-55.574482982999804,-199.97119400874115,-32.06268015234631,-53.63048679236655,-200.00000198952318,7.730265239431016,1.6004756138852536,-14.46642977072864,-0.1421632508805457,-0.20909195408824058,-0.3595664433702207
9.13,0.009126001267329445,0.006418657111974757,-0.01782476908994371,-0.15141015543927944,-0.2142135074116784,0.3423908767841844,0.003727,0.006,0.00398,-6.448149217040548,22.93047101935265,7.811721665258328,-6.962338962844836,22.574919002422426,8.813412306227587,-32.65357002868736,-53.28818692881267,-200.0,-29.748295001557295,-55.28951621741895,-199.9788047770626,-32.65357080046966,-53.28818826305546,-200.0000019900693,7.83568963823465,1.246236122765329,-14.382290503497405,-0.14089841767505717,-0.21185619707852127,-0.3599388323189184
9.14,0.009241821421442628,0.005732539493187749,-0.01767140321450228,-0.15422239839026697,-0.20301040039776047,0.3381408147237062,0.003727,0.006,0.00398,-6.353869237001511,23.010375324259762,7.62566906814466,-6.874534602146141,22.693491723020124,8.618816437924625,-33.22383596783255,-52.93747358609717,-200.0,-30.424939418931448,-54.99545573300615,-199.98639753950465,-33.22383675343482,-52.93747491111904,-200.000001990749,7.935761798705403,0.8916306594205143,-14.29511423139514,-0.1396822990232417,-0.21457275179266452,-0.36027850462555566
9.15,0.009350983584354405,0.005041244665505873,-0.017514293823457094,-0.15690545014808724,-0.19157686181636818,0.3338161705171678,0.003727,0.006,0.00398,-6.258400199725651,23.083491159503225,7.442289717461174,-6.785167105018199,22.805559441639318,8.42668358356522,-33.77311702008062,-52.578400802631805,-200.0,-31.08183594408694,-54.692331740843585,-199.99396836126687,-33.77311781904511,-52.57840211826314,-200.00000199156887,8.0305366684386,0.5368727406477709,-14.204807795414473,-0.13851445350248046,-0.2172399056457345,-0.36058279848433145
9.16,0.009453588121709156,0.004345175835125947,-0.01735343066848058,-0.15946059820677602,-0.17991966566244375,0.32941999167051816,0.003727,0.006,0.00398,-6.161809986000484,23.149711723435956,7.261625961027671,-6.694310027077262,22.910992644043347,8.237055330560716,-34.30106624774607,-52.211025280171555,-200.0,-31.71857703607382,-54.38017628345776,-200.00151347005718,-34.30106705960831,-52.211026586246,-200.00000199253518,8.120075550946222,0.18217468642934997,-14.111275956186198,-0.13739442754272682,-0.21985602459742198,-0.3608490832717095
9.17,0.009549747341920836,0.003644739551655507,-0.0171887973435621,-0.16188946590801753,-0.16804580953287046,0.32495508311519755,0.003727,0.006,0.00398,-6.06416494869776,23.208934358040015,7.0837188297718265,-6.602036061067605,23.00966578082566,8.049971610525418,-34.80735018678097,-51.835405031570154,-200.0,-32.334767958072725,-54.059023239381766,-200.00902926572698,-34.80735101107013,-51.835406327924446,-200.00000199365397,8.204445916357741,-0.17225248736684984,-14.014421913644732,-0.13632175770816027,-0.22241955258451182,-0.3610747687612175
9.18,0.00963958515126978,0.002940345577301162,-0.01702037163744541,-0.1641940092306557,-0.15596250648469753,0.3204240066924747,0.003727,0.006,0.00398,-5.965529741078887,23.26106066697064,6.908608156736245,-6.508416845594394,23.101457392483493,7.865470838499974,-35.29164905739812,-51.451599371619146,-200.0,-32.930027007265,-53.72890832479334,-200.0165123295944,-35.291649893637285,-51.45160065809299,-200.00000199493124,8.28372120040953,-0.5261991557780965,-13.914147834987988,-0.1352959729339364,-0.22492901066565618,-0.36125731417214174
9.19,0.009723236677710481,0.002232406786285168,-0.01684812591087756,-0.16637651270561515,-0.14367717711460068,0.31582908174581725,0.003727,0.006,0.00398,-5.86596714900801,23.305996630735756,6.736332694609378,-6.413522776021623,23.186250229907923,7.68359005205683,-35.753656966050514,-51.05966890768154,-200.0,-33.503985734624074,-53.38986909224445,-200.02395943337106,-35.75365781375682,-51.059670184117614,-200.00000199637267,8.357980591517133,-0.8794571514720589,-13.810355388108846,-0.1343165967209674,-0.22738299589396477,-0.3613942370092316
9.2,0.009800847864053205,0.0015213390927691361,-0.016672027496646022,-0.16843958445478852,-0.13119744188574112,0.31117238680108167,0.003727,0.006,0.00398,-5.765537927536494,23.34365271904748,6.5669302312674676,-6.317422818036884,23.263931370426903,7.504365049660194,-36.193082098640716,-50.659675530120964,-200.0,-34.05628915469205,-53.04194492652469,-200.03136754760118,-36.193082957325586,-50.65967679636455,-200.00000199798384,8.427308805779136,-1.2318198119885593,-13.702946277763502,-0.13338314929119344,-0.2297801799342034,-0.3614831216531922
9.21,0.009872575031276032,0.000807561405307522,-0.016492039120360735,-0.1703861503546287,-0.11853111372411125,0.30645576230958166,0.003727,0.006,0.00398,-5.664300642317208,23.37394400038127,6.400437702829024,-6.220184324384686,23.334392329551427,7.327830527666376,-36.60964690483673,-50.25168240252847,-200.0,-34.586595945424826,-52.68517703772511,-200.03873384951314,-36.609647774006156,-50.25168365842747,-200.0000019997699,8.491795849785351,-1.5830820082236146,-13.591822781809821,-0.13249514970643006,-0.23211930744274661,-0.36152162766386475
9.22,0.0099385844128618,9.149560562882186e-05,-0.01630811933997421,-0.17221944732746802,-0.10568619090235437,0.30168081442472816,0.003727,0.006,0.00398,-5.5623115162980685,23.396790248776824,6.236891303736823,-6.1218728552688315,23.39752916858615,7.15402021536623,-37.003088273378324,-49.83575395174876,-200.0,-35.09457863820133,-52.31960845159443,-200.04605573017898,-37.00308915253302,-49.83575519715347,-200.0000020017358,8.551536771183814,-1.9330401550163074,-13.476888284985176,-0.13165211795263929,-0.23439919422933395,-0.3615074977621904
9.23,0.009999051661164618,-0.0006264334506698721,-0.016120223002068043,-0.17394301576597673,-0.09267085022498345,0.2968489197790002,0.003727,0.006,0.00398,-5.4596242821354375,23.412116047911606,6.076326593398513,-6.022552002921694,23.45324259827444,6.982967007489725,-37.373157698264464,-49.411955857705664,-200.0,-35.57992379810634,-51.94528399730515,-200.0533308008734,-37.37315858689991,-49.41195709246873,-200.00000200388618,8.60663139701879,-2.281492204833866,-13.358047807827477,-0.13085357699148525,-0.2366187252210953,-0.3614385654598192
9.24,0.010054161326922328,-0.0013457979141219267,-0.01592830171295717,-0.17556069109865546,-0.07949344052487979,0.2919612312244583,0.003727,0.006,0.00398,-5.356290040757724,23.419850892473782,5.918778598935783,-5.922283220834226,23.50143807865449,6.814703093613102,-37.719621435714586,-48.980355043031025,-200.0,-36.04233219460636,-51.56225029276953,-200.06055689852028,-37.719622333321475,-48.98035626700705,-200.00000200622543,8.657184059917322,-2.6282376256817166,-13.235208528466622,-0.13009905478060793,-0.23877685225019646,-0.3613127623084254
9.25,0.010104106313162095,-0.0020661669048630538,-0.015732304322738574,-0.17707659450684754,-0.06616247647697197,0.2870186844969126,0.003727,0.006,0.00398,-5.252357126496712,23.41992928685551,5.764281913609757,-5.821125658135086,23.542025915307114,6.649260083931227,-38.04226065180613,-48.54101966249686,-200.0,-36.48151896274704,-51.17055572766984,-200.06773209011442,-38.04226155787036,-48.54102087554253,-200.00000200875755,8.70330331229845,-2.9730773644937414,-13.108280295196186,-0.12938808626309117,-0.24087259168767386,-0.36112812474471473
9.26,0.010149087304861526,-0.002787106462501965,-0.015532177420472928,-0.17849512280640914,-0.05268663273107901,0.28202200576115416,0.003727,0.006,0.00398,-5.1478709791906745,23.412290841181726,5.612870790510532,-5.719135999600218,23.574921352177974,6.486669130881726,-38.34087156069501,-48.09401909225264,-200.0,-36.897213755008934,-50.7702504443883,-200.07485467600642,-38.340872474698,-48.09402029422645,-200.00000201148632,8.745101628865282,-3.315813797376774,-12.977176127903558,-0.12872021532581795,-0.24290502194680813,-0.36088280051078897
9.27,0.010189312175835519,-0.0035081794854585624,-0.015327865838745514,-0.17982093750992964,-0.039074738362070344,0.27697171999240655,0.003727,0.006,0.00398,-5.0428740236487775,23.396880364680815,5.46457923112053,-5.6163683117656955,23.600044661156417,6.326961046132678,-38.61526555333095,-47.63942391887013,-200.0,-37.28916088396303,-50.36138631704168,-200.08192319194097,-38.61526647474957,-47.63942510963215,-200.00000201441506,8.782695097725119,-3.6562506682082216,-12.841812706598011,-0.12809499672589944,-0.24487328088064111,-0.3605750546325743
9.28,0.010224995374434415,-0.004228945662938521,-0.01511931316593948,-0.18105895308819228,-0.025335771631751117,0.2718681601472842,0.003727,0.006,0.00398,-4.9374055568496935,23.373647956396027,5.319441068382711,-5.512873895606536,23.61732122859096,6.170166412472099,-38.86526931658694,-47.17730592819717,-200.0,-37.65711945587299,-49.9440169288457,-200.08893640974387,-38.8652702448939,-47.17730710760898,-200.0000020175467,8.81620310058521,-3.9941930171886924,-12.702110845471218,-0.12751199798339588,-0.2467765630987208,-0.36020327494308335
9.29,0.010256357289755297,-0.004948961402822694,-0.014906462264627454,-0.1822143244524228,-0.011478855053233664,0.26671147707609355,0.003727,0.006,0.00398,-4.831501643229045,23.342549093225525,5.177490043927737,-5.40870114623232,23.626681638916608,6.01631569016473,-39.09072494272771,-46.70773809402147,-200.0,-38.00086349539431,-49.51819754804886,-200.09589333655708,-39.090725877391584,-46.70773926194591,-200.00000202088395,8.845747982582198,-4.329447101068905,-12.55799595110122,-0.126970801237255,-0.24861411722943175,-0.3597659771404609
9.3,0.010283623600151115,-0.005667779758813218,-0.0146892557945624,-0.18329243368176418,0.002486749254985206,0.2615016501272225,0.003727,0.006,0.00398,-4.72519501839233,23.303544715269176,5.03875987913784,-5.3038954200371435,23.628061755562833,5.8654393173696775,-39.29149002914756,-46.23079456654732,-200.0,-38.32018206152348,-49.08398510269106,-200.10279321253037,-39.29149096963303,-46.23079572284836,-200.000002024429,8.871454712383594,-4.661820306858665,-12.409398463586156,-0.12647100506117467,-0.25038524315452054,-0.3592618093740492
9.31,0.01030702460593208,-0.006384950360239838,-0.014467636738820844,-0.18429887602332973,0.01655164394145578,0.25623849839365376,0.003727,0.006,0.00398,-4.6185150015687455,23.256601308447916,4.9032843397494865,-5.198498909726266,23.62140279930215,5.717567804240965,-39.467437768314724,-45.746550660686864,-200.0,-38.61487935495005,-48.64143815445253,-200.1096355068868,-39.46743871408257,-45.74655180522959,-200.0000020281836,8.893450533316491,-4.991121060920216,-12.256254279564477,-0.12601222623476635,-0.25208928924334195,-0.35868955635456096
9.32,0.01032679454823937,-0.007100019347976327,-0.014241548931746048,-0.185239445195087,0.030706300540257775,0.25092169255122065,0.003727,0.006,0.00398,-4.511487417099868,23.20169098434894,4.771097293720268,-5.092550527625095,23.606651424188986,5.572731820361827,-39.61845702786604,-45.25508284416625,-200.0,-38.88477481696823,-48.19061687186976,-200.1164199122896,-39.618457978373414,-45.255083976816515,-200.00000203214933,8.911864606377929,-5.317158735434335,-12.098505156269484,-0.12559410146434552,-0.25372564961478583,-0.35804814298832943
9.33,0.010343170916133793,-0.007812529319925599,-0.01401093758737057,-0.18612011802472012,0.044941063358285016,0.24555076723815306,0.003727,0.006,0.00398,-4.404134525235264,23.13879155723691,4.642232762112555,-4.98608579765773,23.583759791225933,5.430962275192507,-39.74445242080034,-44.756468725450915,-200.0,-39.1297032201008,-47.73158300319897,-200.1231463374499,-39.744453375500804,-44.756469846075156,-200.00000203632698,8.926827646055559,-5.639743554288394,-11.936099095880612,-0.12521628904763377,-0.25529376145504246,-0.35733663753671835
9.34,0.010356393744030815,-0.008522019289543159,-0.013775749827091247,-0.18694703846046695,0.05924615315717856,0.24012513392563214,0.003727,0.006,0.00398,-4.296474962482176,23.06788661815684,4.516724962769918,-4.879136756362232,23.55268563988035,5.292290391240143,-39.845344365726895,-44.25078704149045,-200.0,-39.34951475059078,-47.264399849213426,-200.1298148979308,-39.84534532407052,-44.25078814995582,-200.00000204071728,8.938471550001466,-5.958686500501793,-11.768990709615379,-0.12487847047520119,-0.2567931024196453,-0.35655425430520776
9.35,0.010366704901658017,-0.00922802466086231,-0.013535935205421595,-0.1877265009926957,0.07361167065873148,0.23464409422947186,0.003727,0.006,0.00398,-4.188523691732353,22.988965606039024,4.394608346588069,-4.77173186328813,23.513392357558384,5.156747769688031,-39.92106913713086,-43.73811764528474,-200.0,-39.54407508291221,-46.78913223621945,-200.13642590511375,-39.921070098564556,-43.738118741458656,-200.00000204532026,8.94692902367029,-6.273799227355789,-11.597141561132997,-0.12458035196105266,-0.25822318814842365,-0.3557003558689572
9.36,0.010374347378756088,-0.009930077223436196,-0.013291446232673282,-0.18846493352769805,0.08802759990543597,0.2291068536136937,0.003727,0.006,0.00398,-4.080291962363426,22.902023875701506,4.2759176262089165,-4.663895921098443,23.465849047125843,5.0243664482498716,-39.971578905623566,-43.21854149327449,-200.0,-39.71326544645141,-46.3058464895744,-200.14297985331447,-39.971579869590926,-43.21854257702463,-200.00000205013555,8.952333201102537,-6.584893975416368,-11.420520488913297,-0.12432166589460612,-0.25958356992147175,-0.35477445484224845
9.37,0.010379564566787902,-0.010627705170580426,-0.013042238893489988,-0.1891688797577463,0.10248381151057852,0.2235125354375203,0.003727,0.006,0.00398,-3.971787280485192,22.80706276262866,4.160687796990206,-4.555650005673797,23.410030592546278,4.895178951042557,-39.99684176815264,-42.69214063255716,-200.0,-39.856982684505624,-45.81461040798368,-200.14947740504772,-39.996842734094265,-42.69214170375128,-200.00000205516244,8.954817263111423,-6.891783497670871,-11.23910390741301,-0.1241021722054395,-0.26087383248409807,-0.3537762152019116
9.38,0.010382599539928594,-0.011320433144225428,-0.01278827316016351,-0.18984498107391323,0.11697006583486186,0.2178601952982484,0.003727,0.006,0.00398,-3.8630133894746415,22.70408964438785,4.0489541501303,-4.447011406489999,23.34591772268582,4.769218330298474,-39.99684176815264,-42.158998187930955,-200.0,-39.97513930574459,-45.31549323884512,-200.15591937446175,-39.996842735506185,-42.158999246436835,-200.0000020603996,8.95451405416813,-7.194280994996332,-11.052876086857953,-0.12392165963240293,-0.2620935920681304,-0.352705453175307
9.39,0.010383694337633573,-0.01200778230961086,-0.012529513499702091,-0.19049995807044315,0.1314760161289936,0.2121488356234762,0.003727,0.006,0.00398,-3.753970260914839,22.59311799852889,3.9407522778523396,-4.337993577512994,23.27349707331228,4.646518199765174,-39.971578905623566,-41.61919834876826,-200.0,-40.06766352827507,-44.80856565489721,-200.16230670897957,-39.971579873823806,-41.61919939445347,-200.0000020658453,8.951555699339524,-7.492200064170862,-10.861829411619276,-0.12377994688810533,-0.26324249463603205,-0.3515621377045936
9.4,0.01038308925106339,-0.01268927046294649,-0.012265929373624765,-0.19114059169157183,0.14599121168396306,0.20637742046724453,0.003727,0.006,0.00398,-3.6446540960251674,22.474167456793683,3.836118070578045,-4.228606098826366,23.19276124729268,4.527112759666499,-39.921069137130864,-41.07282635572131,-200.0,-40.13449931644495,-44.2938997324127,-200.16864046920355,-39.92107010560982,-41.07282738845313,-200.00000207149736,8.946073222645454,-7.7853546606047,-10.665964617162263,-0.12367688371046458,-0.2643202143731459,-0.35034639049934024
9.41,0.010381022115637073,-0.013364412175058793,-0.01199749572946987,-0.19177370407359226,0.16050510103285867,0.20054489046576512,0.003727,0.006,0.00398,-3.535057337641086,22.34726385544493,3.7350877060463437,-4.118854649176623,23.103708872968358,4.411036813124901,-39.8453443657269,-40.51996848726149,-200.0,-40.17560641051756,-43.771568931162136,-200.17492180716022,-39.8453453339142,-40.51996950690686,-200.000002077353,8.938196168230466,-8.073559077931334,-10.465291005602982,-0.12361235179265692,-0.2653264524523677,-0.3490584856901707
9.42,0.010377727611954282,-0.01403271897389402,-0.011724193482996456,-0.19240613913665103,0.17500703525002315,0.1946501779095333,0.003727,0.006,0.00398,-3.4251686927725515,22.212439281505556,3.637697630357567,-4.008740989590683,23.006344660661348,4.298325773969632,-39.74445242080035,-39.96071204605515,-200.0,-40.19096034934227,-43.241648076351055,-200.18115194297985,-39.744453388123006,-39.96071305248038,-200.0000020834091,8.928052225745176,-8.356627946525952,-10.259826639921487,-0.12358626558351318,-0.2662609360935889,-0.34769884909578896
9.43,0.010373436577282007,-0.014693699568606333,-0.011446009990057418,-0.1930447429821986,0.18948627139509358,0.18869222188971177,0.003727,0.006,0.00398,-3.3149731657411445,22.069732114681837,3.543984530948349,-3.8982629581881643,22.900679457238496,4.189015665879872,-39.61845702786605,-39.3951453451774,-200.0,-40.18055248613845,-42.70421334271257,-200.18733214012565,-39.61845799374884,-39.395146338248296,-200.00000208966205,8.915766861320698,-8.634376252944717,-10.049598516897793,-0.12359857295099777,-0.26712341793867916,-0.34626805711579706
9.44,0.01036837532975591,-0.015346860117781969,-0.011162939507101594,-0.19369634415319226,0.2039319761510012,0.1826699834777214,0.003727,0.006,0.00398,-3.2044521018660928,21.919187064725676,3.453985301527425,-3.7874144762786166,22.786730298632143,4.083143112835562,-39.46743776831474,-38.82335769416671,-200.0,-40.144389997504874,-42.159342240912764,-200.19346367930666,-39.46743873218029,-38.823358673748324,-200.00000209610747,8.90146295550561,-8.906619382174151,-9.83464271882551,-0.12364925570165952,-0.2679136757606548,-0.3447668352612751
9.45,0.01036276500738205,-0.015991704544167873,-0.01087498363924351,-0.19436773381507813,0.2183332297063057,0.17658246089794327,0.003727,0.006,0.00398,-3.093583241640107,21.760855203973332,3.367736999026787,-3.676185565800757,22.664520460187457,3.980745320871895,-39.291490029147575,-38.24543938492147,-200.0,-40.08249588575578,-41.60711360639909,-200.19954783122603,-39.29149099041637,-38.245440350878035,-200.0000021027408,8.88526044950088,-9.173173184466943,-9.61500454404421,-0.12373832994999759,-0.2686315125234199,-0.34319605633449807
9.46,0.010356820923845163,-0.01662773489805408,-0.010582151774818777,-0.19506564591619635,0.2326790299332667,0.17042870465432325,0.003727,0.006,0.00398,-2.982340785306984,21.59479399478138,3.285276792646514,-3.5645623781272646,22.534079504677432,3.8818600511560333,-39.09072494272772,-37.66148167744199,-200.0,-39.99490897467709,-41.04760759079497,-200.20558582833533,-39.09072590081845,-37.6614826296369,-200.0000021095569,8.867276000977135,-9.433854068395457,-9.390738616310431,-0.12386584633274149,-0.26927675680563323,-0.34155673826846256
9.47,0.01035075194305917,-0.017254451771244073,-0.01028446150530455,-0.1957967373866071,0.24695829691381133,0.16420783257244592,0.003727,0.006,0.00398,-2.8706954677233116,21.42106731156311,3.2066419050960695,-3.452527234224984,22.39544332779658,3.7865255844268333,-38.865269316586954,-37.07157678542005,-200.0,-39.88168389878445,-40.480905655914675,-200.2115788357821,-38.865270270916625,-37.071577723715734,-200.00000211655004,8.847622650717588,-9.68847912160934,-9.161908972983834,-0.12403189006350872,-0.2698492635998173,-0.3398500416360854
9.48,0.010344759874304048,-0.01787135476330426,-0.009981939029471129,-0.19656756843439244,0.26115987786598976,0.15791904471931162,0.003727,0.006,0.00398,-2.7586146433579524,21.23974545711273,3.131869546157375,-3.340058676126505,22.24865420091451,3.6947806768600757,-38.61526555333097,-36.475817861676354,-200.0,-39.74289108615462,-39.90709057044244,-200.21752792175454,-38.61526650331499,-36.47581878593429,-200.0000021237141,8.826409501266127,-9.936866260613197,-8.928589131984765,-0.12423658082460097,-0.2703489154947988,-0.33807726683832107
9.49,0.01033903888969405,-0.01847794300149963,-0.009674619540587348,-0.1973845829982479,0.2752725525236157,0.15156163816358667,0.003727,0.006,0.00398,-2.646062381254957,21.050905172890563,3.0609968387189537,-3.2271315296353613,22.093760810840266,3.606664507443178,-38.34087156069503,-35.87429898345112,-200.0,-39.578616734887255,-39.32624640928967,-200.22343402744013,-38.34087250574748,-35.87429989353166,-200.00000213104238,8.803741408685939,-10.17883441067762,-8.690862137424025,-0.12448007249376203,-0.2707756242459924,-0.33623985097931935
9.5,0.010333774965628012,-0.019073715715562822,-0.009362547595475376,-0.19825408941467132,0.2892850390215258,0.14513502153952335,0.003727,0.006,0.00398,-2.5329995697573486,20.854629642927346,2.9940607374531574,-3.1137169781535565,21.930818296318208,3.5222166169644877,-38.04226065180615,-35.26711513754841,-200.0,-39.38896278324222,-38.738458555614855,-200.22929793683247,-38.04226159133999,-35.26711603331083,-200.00000213852775,8.77971868846701,-10.414203716809071,-8.448820583766514,-0.12476255270476809,-0.2711293327351082,-0.3343393644359059
9.51,0.010329145349773451,-0.01965817286813576,-0.00904577746419185,-0.19918224135725057,0.3031860003382352,0.13863872937802876,0.003727,0.006,0.00398,-2.419384030761774,20.65100849099351,2.931097940330571,-2.9997826474870095,21.759888280946438,3.441476838743285,-37.719621435714615,-34.65436220533612,-200.0,-39.17404687348131,-38.14381370545899,-200.23512024662801,-37.71962236914175,-34.65436308663862,-200.00000214616261,8.754436836548722,-10.642795786480235,-8.202566618359718,-0.12508424224140566,-0.27141001731730213,-0.3323775071282785
9.52,0.010325318055020391,-0.02023081584139025,-0.008724373459079629,-0.20017501910450525,0.3169640513467011,0.1320724361685465,0.003727,0.006,0.00398,-2.3051706432479757,20.440137770668994,2.87214479318841,-2.8852927014519385,21.581038902179454,3.3644852212474214,-37.37315769826449,-34.03613694760541,-200.0,-38.93400230942845,-37.5423998749226,-200.24090133646834,-37.373158624996194,-34.036137814304965,-200.00000215393885,8.727986266331204,-10.864433964578469,-7.952211922110082,-0.12544539426598958,-0.2716176905497473,-0.3303561044976703
9.53,0.01032245138174586,-0.02079114818001132,-0.008398410241918473,-0.2012382111914228,0.33060776652238105,0.12543597011548027,0.003727,0.006,0.00398,-2.190311475800595,20.22211994793908,2.8172371875914375,-2.7702079480733506,21.39434483604825,3.291281942766358,-37.00308827337835,-33.41253698929133,-200.0,-38.6689780077445,-36.934306409780156,-200.24664133978965,-37.003089192825406,-33.41253784124386,-200.00000216184787,8.700452062482391,-11.078943640795186,-7.697877668062333,-0.12584629338402128,-0.27175240429234254,-0.3282771031963998
9.54,0.010320693469623138,-0.02133867639036713,-0.008067973107891695,-0.20237739649829514,0.3441056883557968,0.11872932655285673,0.003727,0.006,0.00398,-2.0747559278157577,19.997063875934764,2.766410452245349,-2.654485956135755,21.199887317203554,3.221907218328109,-36.60964690483676,-32.78366080405623,-200.0,-38.379138442895986,-36.3196239974027,-200.25234011555042,-36.60964781640965,-32.78366164111642,-200.00000216988064,8.671913752267255,-11.286152589416618,-7.439694457614118,-0.12628725454747083,-0.2718142531672238,-0.32614256649534346
9.55,0.010320181880099345,-0.02187291079530357,-0.007733158245078295,-0.20359792682871955,0.35744633651432867,0.11195268098081779,0.003727,0.006,0.00398,-1.9584508790610962,19.76508476143192,2.719699238243868,-2.5380811818161604,20.99775415386176,3.1564011990694847,-36.193082098640744,-32.14960769873974,-200.0,-38.064663585776955,-35.69844468083324,-200.2579972211091,-36.19308300175,-32.14960852076114,-200.0000021780276,8.642445095041394,-11.485891341197616,-7.17780223407984,-0.1267686218003071,-0.2718033783597418,-0.32395466941350565
9.56,0.010321043210569161,-0.022393366443623497,-0.00739407296817951,-0.20490491002669645,0.3706182177949956,0.10510640168736034,0.003727,0.006,0.00398,-1.8413408472342188,19.526304122720656,2.677137398451696,-2.4209451051003987,20.78803973720871,3.0948038642899105,-35.75365696605055,-31.510477797677737,-200.0,-37.725748835925124,-35.070861874837036,-200.26361188652896,-35.75365786010711,-31.51047860451287,-200.00000218627886,8.612113890484892,-11.677993586729409,-6.912350173309398,-0.1272907668702052,-0.2717199717397056,-0.3217156935743026
9.57,0.010323392741181252,-0.02289956407291338,-0.007050835925207444,-0.20630319368066755,0.38360983690643846,0.09819106191852492,0.003727,0.006,0.00398,-1.7233681531418965,19.280849738455903,2.6387578613454536,-2.3030263756559983,20.57084504479353,3.0371549064401533,-35.29164905739815,-30.866372026890417,-200.0,-37.36260494725128,-34.43697038372762,-200.269182990587,-35.29164994181346,-30.866372818390687,-200.00000219462405,8.580981806092868,-11.86229661043167,-6.643496551081894,-0.12785408761066672,-0.2715642802783488,-0.3194280217936282
9.58,0.010327334115102865,-0.023391031123923933,-0.00670357727586729,-0.2077973494601229,0.3964097081142882,0.09120745156001323,0.003727,0.006,0.00398,-1.6044730931019073,19.028855587106037,2.604592499655657,-2.184270967808216,20.346277637424738,2.9834936093184594,-34.80735018678101,-30.217392098145627,-200.0,-36.97545794718278,-33.79686642075092,-200.27470903875948,-34.807351060967584,-30.217392874161384,-200.00000220305233,8.549104224354885,-12.038641753978869,-6.371408586992621,-0.1284590062988458,-0.27133661073154786,-0.31709413240449635
9.59,0.010332959052991954,-0.023867302804315593,-0.006352438840412367,-0.20939165812808216,0.4090063677794877,0.0841565882929786,0.003727,0.006,0.00398,-1.4845941181483926,18.770461776620667,2.5746719941713483,-2.064622344240574,20.11445164906255,2.9338587197678967,-34.30106624774611,-29.563640492897513,-200.0,-36.564549049096826,-33.15064762879351,-200.28018814345427,-34.30106711111772,-29.563641253278224,-200.00000221155244,8.516530110016825,-12.206874907700302,-6.096262264601716,-0.1291059677942,-0.27103733455681506,-0.31471659332429963
9.6,0.010340347102344018,-0.024327923199121415,-0.005997574217777933,-0.21109009527035252,0.42138838781396076,0.07703972818655624,0.003727,0.006,0.00398,-1.3636680196022608,18.505814463949736,2.5490256930888426,-1.9440216280173157,19.875487769186552,2.8882883131901123,-33.773117020080655,-28.90522044610298,-200.0,-36.13013455790258,-32.498413102167035,-200.2856180067519,-33.77311787205267,-28.90522119069711,-200.00000222011272,8.483301897770211,-12.366847028183086,-5.818242127640497,-0.12979543756287087,-0.27066689302805974,-0.3122980558710566
9.61,0.010349565422284126,-0.024772446424808248,-0.005639148871854113,-0.21289631778003,0.4335443900723228,0.06985837568956406,0.003727,0.006,0.00398,-1.2416301205510316,18.235065764060852,2.5276814673044545,-1.8224077825026792,19.62951321710586,2.8468196532122123,-33.2238359678326,-28.242235929920056,-200.0,-35.67248576860453,-31.84026340921036,-200.2909959059079,-33.223836807822565,-28.242236658575372,-200.00000222872143,8.449455400651699,-12.518414679991817,-5.537541052129891,-0.13052789957364674,-0.2702258025077097,-0.3098412483361453
9.62,0.010360668604317762,-0.025200437823379662,-0.005277340184816917,-0.21481365113323392,0.4454630616920425,0.06261429298376531,0.003727,0.006,0.00398,-1.118414472764492,17.958373648118112,2.5106655620692577,-1.699717798730741,19.376661707670635,2.809489045865034,-32.653570028687405,-27.574791637289323,-200.0,-35.19188885766265,-31.176300615441473,-200.29631868185777,-32.65357085611516,-27.57479234985284,-200.00000223736598,8.415019739419792,-12.661440599136888,-5.254359994331108,-0.13130385407034662,-0.2697146598331694,-0.3073489693220384
9.63,0.010373698529470596,-0.02561147519247403,-0.004912337476512353,-0.2168450774896025,0.45713317138765885,0.05530950866115203,0.003727,0.006,0.00398,-0.9939540585575252,17.67590183050872,2.498002445441068,-1.575886889759919,19.117073407839065,2.776331688652583,-32.06267939483506,-26.902992965401936,-200.0,-34.68864476694023,-30.506628306985125,-200.30158273094878,-32.062680209123535,-26.902993661720085,-200.0000022460338,8.38001729313039,-12.795794275608598,-4.968907714532526,-0.13212381522578498,-0.2691341477710306,-0.30482408085521207
9.64,0.010388684262186728,-0.026005150046961023,-0.004544341988958332,-0.21899322464863735,0.4685435866973277,0.04794632568793044,0.003727,0.006,0.00398,-0.8681809970964501,17.387819644428635,2.489714653986348,-1.4508486915278902,18.850894883553572,2.747381514913855,-31.45153728546471,-26.22694599905592,-200.0,-34.163069080012185,-29.83135161399929,-200.30678400010984,-31.451538086039925,-26.22694667897465,-200.00000225471183,8.344463671114582,-12.921352552016439,-4.681400476754124,-0.1329883086819472,-0.2684850404897812,-0.3022695012853014
9.65,0.010405641981286181,-0.026381068907044836,-0.004173566835133924,-0.22126035589058235,0.47968329217214256,0.04052732861825236,0.003727,0.006,0.00398,-0.7410267546321341,17.094301905770216,2.4858226361999485,-1.3245354697057796,18.57827903638381,2.7226710338995206,-30.820529711031558,-25.546757493904344,-200.0,-33.615491890585446,-29.15057723381957,-200.3119179856473,-30.8205304973235,-25.54675815726936,-200.00000226338682,8.308367706535439,-13.038000235069623,-4.392061724565994,-0.13389786898086994,-0.26776820899852605,-0.2996881979838379
9.66,0.010424574948223846,-0.026738854607445073,-0.003800236911312836,-0.22364836072818348,0.4905414084903743,0.03305539002131276,0.003727,0.006,0.00398,-0.6124223581307843,16.79552876508793,2.486344594126638,-1.1968783320349117,18.29938502940255,2.702231167006908,-30.17005522944418,-24.86253485959708,-200.0,-33.04625766276468,-28.464413453543692,-200.31697973583522,-30.170056000887044,-24.862535506253757,-200.00000227204512,8.271731471686973,-13.145630716380996,-4.101121733311723,-0.13485303689009623,-0.26698462649761157,-0.29708317985703264
9.67,0.010445473512825366,-0.027078147621739324,-0.0034245887723119775,-0.22615874659340687,0.5011072124700543,0.02553367608619879,0.003727,0.006,0.00398,-0.482298611762776,16.491685547459234,2.4912963236824397,-1.067807445615168,18.014378201774083,2.6860910806372935,-29.500524694327027,-24.17438614281983,-200.0,-32.45572508287927,-27.772970171778052,-200.32196385744365,-29.500525450359792,-24.17438677261366,-200.00000228067296,8.234550315175127,-13.244146598793822,-3.8088172391489428,-0.13585435662643452,-0.26613537358436035,-0.2944574896890914
9.68,0.0104683151566252,-0.027398607395530294,-0.003046870469146014,-0.22879263148099768,0.5113701579442227,0.017965651369880847,0.003727,0.006,0.00398,-0.35058631569964976,16.182962580099627,2.5006910541870107,-0.9372522586010205,17.723429971553262,2.67427801615955,-28.812360995516293,-23.48242001023216,-200.0,-31.844266902571338,-27.07635891927295,-200.3268645263217,-28.812361735583316,-23.482420623008757,-200.0000022892563,8.19681292111829,-13.33346032420319,-3.515391045444772,-0.13690237298118435,-0.26522164325562736,-0.2918141963343999
9.69,0.010493064573856847,-0.02769991368165642,-0.002667341348695902,-0.23155073756865133,0.5213198974537137,0.010355082654977674,0.003727,0.006,0.00398,-0.21721648666186272,15.869555007640088,2.514539287631052,-0.8051417257495631,17.426717726217476,2.666817117483576,-28.10599879195403,-22.786745731308127,-200.0,-31.21226977282977,-26.37469287817859,-200.33167550212423,-28.105999515505484,-22.78674632691337,-200.00000229778087,8.158501390473422,-13.41349479860618,-3.221091607181301,-0.13799762834970208,-0.26424474564793665,-0.28915638677854205
9.7,0.010519673790096015,-0.027981767870269403,-0.002286271815135181,-0.234433385831542,0.5309463047026709,0.0027060418854310754,0.003727,0.006,0.00398,-0.0821205796519956,15.551662595026313,2.5328486382136086,-0.6714045372542884,17.124424700482887,2.6637312567655114,-27.381884237147656,-22.08747316108078,-200.0,-30.560134068643926,-25.66808689965886,-200.3363901472399,-27.381884943640127,-22.08747373936117,-200.00000230623232,8.119591344592937,-13.484184009918987,-2.926172594160976,-0.13914065966779962,-0.263206112454848,-0.2864871580899679
9.71,0.010548082318477427,-0.02824389430620633,-0.0019039430529951482,-0.23744049166699308,0.5402394977120596,-0.004977091850005591,0.003727,0.006,0.00398,0.05476928969682084,15.229489518056647,2.5556236726939687,-0.5359693502889321,16.816739840991886,2.6650408587843364,-26.640474697370014,-21.38471272279499,-200.0,-29.88827370393935,-24.95665751960843,-200.3410014499461,-26.640475386267216,-21.384713283597776,-200.00000231459606,8.08005205108175,-13.545473633908887,-2.6308924339312667,-0.1403319952575121,-0.26210730096072304,-0.2838096092859484
9.72,0.010578217353341225,-0.028486041585747357,-0.001520646711888049,-0.2405715615432005,0.5491898625964476,-0.012689631314522205,0.003727,0.006,0.00398,0.19352012273225253,14.903244141634955,2.5828657521115654,-0.39876502267735536,16.503857657499083,2.670763724545963,-25.88223846277777,-20.678575390471018,-200.0,-29.197115936452096,-24.24052297222579,-200.34550205178212,-25.882239133550947,-20.678575933644346,-200.0000023228575,8.039846572005475,-13.597321623445971,-2.3355138354729967,-0.14157215158445177,-0.26094999763058285,-0.28112683313792397
9.73,0.01060999400109623,-0.02870798382455536,-0.0011366845530570019,-0.2438256906840816,0.5577880778792517,-0.0204265811259772,0.003727,0.006,0.00398,0.33419781593232,14.573138785877621,2.61457287543408,-0.25972084809815416,16.18597806022991,2.6809148546861348,-25.107654451628065,-19.969172671379237,-200.0,-28.48710116219141,-23.519803201203047,-200.34988427909462,-25.107655103756713,-19.969173196772505,-200.0000023310019,7.99893193447857,-13.639698776172587,-2.0403032948272437,-0.14286162992873963,-0.2597360211966818,-0.2784419079429245
9.74,0.010643315547985983,-0.02890952188828605,-0.0007523680580731676,-0.2472015618005414,0.5660251392516603,-0.02818263878873002,0.003727,0.006,0.00398,0.47686694017215553,14.23938948028324,2.6507395256991786,-0.11876679222643624,15.86330618313832,2.6955062732572475,-24.3172119077842,-19.256616588432554,-200.0,-27.758682699140618,-22.794619868303204,-200.35414017867447,-24.317212540756724,-19.256617095896484,-200.00000233901454,7.957259323600356,-13.672589275572914,-1.7455305839601967,-0.1442009129723058,-0.25846732518284415,-0.2757578892893047
9.75,0.010678073764369843,-0.029090484577185022,-0.0003680180001457145,-0.2506974448766881,0.573892384670598,-0.035952196774838276,0.003727,0.006,0.00398,0.6215905216880685,13.902215706240835,2.6913565192193816,0.02416627079004098,15.536052192847768,2.7145468524964005,-23.511410091698956,-18.541019662496872,-200.0,-27.012326559846915,-22.065096359103848,-200.35826155736393,-23.51141070501316,-18.541020151884002,-200.00000234688062,7.91477429767842,-13.695991200412358,-1.4514682242751196,-0.14559046130517417,-0.2571459998104347,-0.27307780184588415
9.76,0.010714149245039127,-0.029250729755816385,1.6036021325070704e-05,-0.25431119801776547,0.5813815196815115,-0.04372934567172971,0.003727,0.006,0.00398,0.7684298253180751,13.561840128225226,2.736410858420711,0.16914632212740444,15.204431083123515,2.7380421391824066,-22.69075796507034,-17.822494894622167,-200.0,-26.248511212555695,-21.331357785695456,-200.3622400254738,-22.69075855823436,-17.822495365786907,-200.0000023545855,7.871417025628281,-13.709916997503056,-1.1583909463028763,-0.14703070985345412,-0.25577427323223995,-0.270404631204975
9.77,0.010751411784961954,-0.029390145418956792,0.0003994560821756407,-0.2580402693648076,0.5884846428425631,-0.05150787841005994,0.003727,0.006,0.00398,0.9174441405941305,13.21848831410303,2.7858855888862304,0.3162399629651297,14.868662454792943,2.765994183198096,-21.855773869370783,-17.101155748198583,-200.0,-25.467727330555444,-20.59353098613384,-200.36606704381094,-21.855774441903513,-17.101156200997508,-200.00000236211454,7.827122546347685,-13.714393912781835,-0.8665751371931041,-0.1485220642334335,-0.25435451204318854,-0.26774131581028937
9.78,0.010789720789762485,-0.029508650684674315,0.0007818964699469813,-0.26188170007919986,0.5951942711180868,-0.059281295581812776,0.003727,0.006,0.00398,1.0686905712585617,12.872388445046845,2.839759661172767,0.46551218066088396,14.528970281104666,2.798401368920673,-21.0069851984519,-16.37711613103957,-200.0,-24.67047752941026,-19.85174452045328,-200.36973397407635,-21.00698574988373,-16.37711656533172,-200.00000236945317,7.781821049816436,-13.709464375785599,-0.5762982777326024,-0.15006489703583054,-0.25288922102127415,-0.2650907390015633
9.79,0.010828925720112565,-0.029606196705666415,0.0011630042543042535,-0.26583212839846404,0.6015033651010668,-0.06704281185481445,0.003727,0.006,0.00398,1.2222238287711182,12.523771015630567,2.898007797965312,0.617026117034329,14.185582658595965,2.8352582500672923,-20.144928065430562,-15.650490377393924,-200.0,-23.857276091776242,-19.10612866306024,-200.37323213235192,-20.14492859530408,-15.650490793041131,-200.00000237658708,7.735438179579235,-13.695186332752922,-0.28783837069059776,-0.15165954404562162,-0.2513810420565291,-0.2624557212078169
9.8,0.010868866569083284,-0.029682767490029544,0.00154241989015734,-0.26988779476263514,0.6074053539170163,-0.07478536348573998,0.003727,0.006,0.00398,1.378096030365733,12.172868524755755,2.9606003671264416,0.770842839373499,13.838731543621178,2.8765553886249777,-19.270146964068545,-14.921393229891233,-200.0,-23.028648679519186,-18.356815391335587,-200.37655284535649,-19.27014747193917,-14.921393626758288,-200.0000023835021,7.687895356170014,-13.671633523750055,-0.0014733623715407762,-0.15330630040405327,-0.24983275223076395,-0.2598390123215193
9.81,0.010909374371373164,-0.029738380622852917,0.0019197778520827144,-0.27404454800854244,0.612894159655125,-0.08250161692940207,0.003727,0.006,0.00398,1.536356502207577,11.819915158132979,3.0275032611894903,0.9270211147762403,13.488652474780762,2.922279198493635,-18.383194424859504,-14.189939821423472,-200.0,-22.185132032877117,-17.60393837028573,-200.37968750911224,-18.383194910296268,-14.189940199378452,-200.00000239018416,7.639110120935741,-13.638895699469666,0.2825194406884748,-0.155005416720567,-0.24824726101657432,-0.25724328428566495
9.82,0.010950271743204069,-0.029773087880351407,0.002294707298502896,-0.27829785262713247,0.6179642211669856,-0.09018397853765403,0.003727,0.006,0.00398,1.6970515881915833,11.465146463113873,3.0986777838332547,1.0856171884368644,13.135584281581123,2.972411794467998,-17.48463066603736,-13.456245656962906,-200.0,-21.32727365644335,-16.847632933094697,-200.38262764962292,-17.484631128623498,-13.456246015877587,-200.00000239661983,7.588996499621927,-13.597078773665391,0.5638639579043739,-0.1567570951430977,-0.2466276065716731,-0.25467112392510943
9.83,0.010991373451512479,-0.029786975728574083,0.0026668327639157788,-0.28264279707667284,0.6226105170687917,-0.09782460533664342,0.003727,0.006,0.00398,1.8602244649107442,11.108799016743992,3.1740805438613586,1.2466845664845199,12.77976877974853,3.026930847178798,-16.57502323973134,-12.720426595323255,-200.0,-20.45563149178069,-16.088036057441485,-200.38536498513184,-16.575023679064955,-12.720426935073153,-200.0000024027955,7.537465384939072,-13.54630490748641,0.8422859216740086,-0.15856148539741896,-0.2449769511099275,-0.2521250260533745
9.84,0.011032487010927964,-0.029780165699260536,0.003035774877339463,-0.28707410314222837,0.6268285877796591,-0.10541541686644698,0.003727,0.006,0.00398,2.0259149633098343,10.751110087971092,3.2536633571942235,1.4102738039747846,12.421450453715734,3.085809444605262,-15.654946673488128,-11.982598830864445,-200.0,-19.570773576520136,-15.32528633746162,-200.38789148949283,-15.65494708918299,-11.982599151329248,-200.0000024086983,7.484424937217618,-13.486712522419161,1.1175134632257693,-0.16041868080738464,-0.24329857533936675,-0.24960738688480574
9.85,0.011073413306892967,-0.029752814635967878,0.003401151104996107,-0.2915861363291795,0.6306145564268136,-0.11294810806231491,0.003727,0.006,0.00398,2.1941593975260014,10.392317295008352,3.3373731573627716,1.5764322986295094,12.060876126896462,3.1490159607601034,-14.724982107387207,-11.242878875143548,-200.0,-18.673277689841772,-14.559523951246053,-200.39019945615635,-14.72498249907319,-11.242879176207554,-200.00000241431562,7.429781002140775,-13.418456238982234,1.389277695235793,-0.16232871430872206,-0.24159587196561616,-0.24712049778063308
9.86,0.011113947243109996,-0.029705114804232075,0.003762576515112512,-0.2961729172758116,0.6339651484479327,-0.12041416315192432,0.003727,0.006,0.00398,2.364990401400174,10.032658258912644,3.4251519149712384,1.7452040909119124,11.698294620460356,3.2165139321344665,-13.78571692698083,-10.501383538516679,-200.0,-17.763730984287744,-13.790890623788593,-200.39228156224624,-13.785717294304755,-10.501383820068696,-200.00000241963517,7.37343754438959,-13.341706738803799,1.6573132891600781,-0.16429155447157434,-0.23987233826680218,-0.24466653935679433
9.87,0.011153878411370825,-0.029637293860314773,0.004119664562610127,-0.3008281341670696,0.6368777097219532,-0.1278048705381694,0.003727,0.006,0.00398,2.5384367731262105,9.672370254489719,3.51693656657422,1.9166296710142692,11.3339564014176,3.2882619424738158,-12.837744392288455,-9.758229911693075,-200.0,-16.842729603911767,-13.019529585310112,-200.39413093217766,-12.837744734914711,-9.758230173627133,-200.0000024246453,7.315297095917603,-13.256650548283618,1.9213590452684122,-0.16630710154779946,-0.2381315677558255,-0.2422475759787873
9.88,0.011192991781676216,-0.02954961467389966,0.004472027891313207,-0.30554515612850724,0.6393502230622906,-0.13511133863218788,0.003727,0.006,0.00398,2.7145233284851136,9.311689859687569,3.612658953385883,2.0907457933241425,10.968113220918452,3.364213516436487,-11.881663263081395,-9.013535347245423,-200.0,-15.910878288830718,-12.245585524909332,-200.39574120024957,-11.881663580692456,-9.01353558946073,-200.00000242933484,7.2552612174357956,-13.16348974260893,2.1811584533710304,-0.16837518356053696,-0.2363772409546619,-0.23986555066788595
9.89,0.011231068410415462,-0.029442375001047544,0.004819279151212261,-0.31031704757623857,0.641381322910711,-0.14232451259652926,0.003727,0.006,0.00398,2.8932707630906522,8.950852604678921,3.712245770212249,2.2675852989218868,10.60101774376635,3.444317022664619,-10.918077420692931,-8.267417441078225,-200.0,-14.968789966307453,-11.469204539511974,-200.39710657162902,-10.91807771299002,-8.267417663479568,-200.00000243369308,7.1932309715551055,-13.062441569534274,2.4364602422943826,-0.17049555245498765,-0.23461311531496143,-0.23752228044023863
9.9,0.011267886164248071,-0.029315907004701353,0.005161031828199672,-0.31513658349536566,0.6429703080760799,-0.14943519195368365,0.003727,0.006,0.00398,3.0746955240505316,8.590092621868429,3.8156185249661307,2.4471769466470716,10.232923170233864,3.528515586772442,-9.947595486594174,-7.51999401385824,-200.0,-14.017085328562679,-10.69053407811453,-200.39822188113786,-9.947595753297794,-7.519994216356216,-200.00000243770998,7.129107405910976,-12.953737992977963,2.6870189161979554,-0.17266788033071095,-0.23284301432815513,-0.2352194520988476
9.91,0.01130322045720944,-0.029170576621120964,0.005496901083611241,-0.3199962656158886,0.6441171523699218,-0.15643404901061975,0.003727,0.006,0.00398,3.2588096914235085,8.229642298084626,3.9226935090924413,2.6295452532543986,9.86408285135716,3.6167470147295555,-8.970830437975291,-6.771383092408934,-200.0,-13.056392397584894,-9.909722881345955,-200.39908264924802,-8.97083067882591,-6.771383274920289,-200.00000244137613,7.06279204447435,-12.837625157181993,2.932595275901377,-0.17489175577642763,-0.23107081587835615,-0.23295861849554073
9.92,0.011336844998451112,-0.029006782771741735,0.0058265046008166566,-0.32488833945158024,0.644822513000174,-0.16331164804558573,0.003727,0.006,0.00398,3.4456208698275965,7.869731930234903,4.0333817791967075,2.81471034316063,9.494749898966136,3.708943727086897,-7.988399220576385,-6.021702891072974,-200.0,-12.087346077282232,-9.126920916399547,-200.39968513469702,-7.9883994353346885,-6.0217030535207305,-200.00000244468268,6.994187385139396,-12.714362772868535,3.1729569234584494,-0.1771666803296319,-0.2293004398998634,-0.23074119527783285
9.93,0.011368532547934636,-0.028824956421146186,0.0061494634360295675,-0.32980481216370516,0.6450877365956676,-0.17005846519922987,0.003727,0.006,0.00398,3.6351320905283497,7.510589385709163,4.147589150133361,3.0026878082629174,9.125176791782593,3.805032704460722,-7.000922359011069,-5.2710717930446105,-200.0,-11.110587693396424,-8.342279307418003,-200.4000263831457,-7.000922547458732,-5.271071935358381,-200.00000244762157,6.923197401582284,-12.584223427544178,3.407878748299414,-0.179492065084052,-0.22753583541013023,-0.22856845813314075
9.94,0.011398055677311413,-0.02862555948304657,0.006465402870450707,-0.3347374712078326,0.6449148627466846,-0.17666490900813558,0.003727,0.006,0.00398,3.8273417243082757,7.152439768817669,4.2652161997726346,3.1934885782857405,8.755614978987214,3.9049354446552633,-6.009023564830372,-4.5196083316760305,-200.0,-10.126764521676604,-7.555950261447697,-200.40010427131708,-6.009023726770386,-4.519608453792229,-200.0000024501854,6.849728047289621,-12.447491822804775,3.637143393359065,-0.18186722746817896,-0.2257809669977133,-0.22644154053973384
9.95,0.011425187533166764,-0.028409083577433117,0.006773953260806376,-0.33967790371838724,0.6443066249613705,-0.18312134151518944,0.003727,0.006,0.00398,4.022243405390254,6.795505094537879,4.386158285625338,3.3871188020883927,8.38631448271652,4.008567931767861,-5.013329342572321,-3.7674311717589166,-200.0,-9.136529304890862,-6.76808699011258,-200.39991754608235,-5.013329477829467,-3.7674312736209687,-200.0000024523676,6.773687759591953,-12.30446394220344,3.8605416997042528,-0.18429138821856075,-0.2240398008523954,-0.22436143203147407
9.96,0.011449702599742428,-0.028176048643278495,0.007074750885307388,-0.34461751658199774,0.6432664489537065,-0.1894180998878164,0.003727,0.006,0.00398,4.219825966657052,6.440003970826608,4.510305573463954,3.5835797403376173,8.017523501002467,4.1158406175815125,-4.014468594048527,-3.0146590907861217,-200.0,-8.14053975932949,-5.9788436271939,-200.3994658579906,-4.0144687024696335,-3.01465917234462,-200.00000245416217,6.694987961457947,-12.155446153913468,4.077873128277483,-0.18676366857201196,-0.22231629043139153,-0.22232897698067056
9.97,0.011471377458234372,-0.02792700141244446,0.007367438782036259,-0.34954755714722396,0.6417984481960771,-0.1955455184720902,0.003727,0.006,0.00398,4.420073386378908,6.086151290724881,4.637543078037086,3.782867669920686,7.649488012709243,4.226658415509128,-3.013072221117303,-2.2614109601960672,-200.0,-7.139458071533125,-5.188375142338465,-200.39874978878052,-3.0130723025717834,-2.261411021408945,-200.00000245556413,6.6135435587729265,-12.00075425307818,4.288946157486586,-0.18928308770020014,-0.22061436186220884,-0.22034487390058072
9.98,0.01148999153975945,-0.027662513751701326,0.007651667576773671,-0.35445913451486066,0.6399074166880272,-0.20149395120804575,0.003727,0.006,0.00398,4.62296474662983,5.734157935443026,4.767750715932293,3.9849738004428725,7.282451386053476,4.340920707311546,-2.009772727190838,-1.5078057266002909,-200.0,-6.1339503860527405,-4.396837251155641,-200.3977708724597,-2.0097727815708373,-1.5078057674331222,-200.00000245656923,6.5292734308052385,-11.840712449384318,4.4935786554947885,-0.19184856040956355,-0.21893789918851977,-0.21840967526607283
9.99,0.011505327869070978,-0.027383180880896613,0.007927096297266026,-0.3593432413498144,0.6375988189124715,-0.20725379432926117,0.003727,0.006,0.00398,4.828474203539517,5.38423048957048,4.900803370598352,4.189884203120139,6.916653992314224,4.458521362767676,-1.0052038177334757,-0.753962393001139,-200.0,-5.124686285120006,-3.6043863219989505,-200.3965316095893,-1.005203844954206,-0.7539624134270497,-200.0000024571741,6.442100911525567,-11.675652305919318,4.6915982261618625,-0.1944588951295795,-0.21729072956822734,-0.21652378784922016
