Time,e1,e2,e3,edot1,edot2,edot3,mu1,mu2,mu3,SetAngle1,SetAngle2,SetAngle3,ActualAngle1,ActualAngle2,ActualAngle3,X0,Y0,Z0,Actual_X,Actual_Y,Actual_Z,X_Set,Y_Set,Z_Set,refCurr1,refCurr2,refCurr3,ActualCurr1,ActualCurr2,ActualCurr3
0.0,0.0,0.0,0.0,0.0,0.0,0.0,0.0018307793921119666,0.0018307793921119666,0.0018307793921119666,5.036570969495911,5.036570969495911,5.036570969495911,5.037372695792273,5.037372695792273,5.037372695792273,0.0,0.0,-200.0,0.0,0.0,-200.00263799907762,0.0,-1.4389247772835927e-14,-200.00000245737616,-0.22997536201500873,-0.22997536201500882,-0.22997536201500882,-0.0069384076681152035,-0.006938407668115205,-0.006938407668115205
0.01,-0.0007328854702939036,-0.0007328854702939036,-0.0007328854702939036,-0.12989744487754282,-0.1298974448775429,-0.12989744487754284,0.001813205936985979,0.001813205936985979,0.001813205936985979,5.036570969495911,5.036570969495911,5.036570969495911,5.086676099489076,5.086676099489076,5.086676099489076,0.0,0.0,-200.0,0.0,0.0,-200.1647679130779,0.0,-1.4389247772835927e-14,-200.00000245737616,-5.720246749488307,-5.72024674948831,-5.720246749488309,-0.14282166085352863,-0.14282166085352868,-0.14282166085352865
0.02,-0.0026343388016968894,-0.0026343388016968894,-0.0026343388016968894,-0.2355386375947421,-0.2355386375947422,-0.23553863759474214,0.0018068254716901194,0.0018068254716901194,0.0018068254716901194,5.036570969495911,5.036570969495911,5.036570969495911,5.201524573170469,5.201524573170469,5.201524573170469,0.0,0.0,-200.0,0.0,-1.4393086513794235e-14,-200.54284217024687,0.0,-1.4389247772835927e-14,-200.00000245737616,-12.994607993552993,-12.994607993552995,-12.994607993552995,-0.29892493494931316,-0.29892493494931316,-0.29892493494931327
0.03,-0.005444989374312578,-0.005444989374312592,-0.005444989374312578,-0.3141406790329801,-0.31414067903298026,-0.3141406790329801,0.0018036280646883435,0.0018036280646883437,0.0018036280646883435,5.036570969495911,5.036570969495911,5.036570969495911,5.3669070173217595,5.36690701732176,5.3669070173217595,0.0,0.0,-200.0,0.0,0.0,-201.0882635044063,0.0,-1.4389247772835927e-14,-200.00000245737616,-21.402395180538374,-21.402395180538406,-21.402395180538374,-0.4659575371229724,-0.4659575371229732,-0.46595753712297233
0.04,-0.008887884253045097,-0.008887884253045111,-0.008887884253045097,-0.36478023827822253,-0.36478023827822265,-0.36478023827822276,0.00180120248542776,0.0018012024854277605,0.0018012024854277598,5.036570969495911,5.036570969495911,5.036570969495911,5.566912686479902,5.566912686479903,5.566912686479902,0.0,0.0,-200.0,-4.914698683509169e-15,-1.7239539444814906e-14,-201.74942637656608,0.0,-1.4389247772835927e-14,-200.00000245737616,-30.32971595951207,-30.329715959512093,-30.329715959512086,-0.6332538497105106,-0.6332538497105107,-0.6332538497105111
0.05,-0.012686646901238288,-0.012686646901238302,-0.012686646901238288,-0.3882944655316274,-0.3882944655316274,-0.38829446553162755,0.0018004490720782424,0.0018004490720782427,0.0018004490720782429,5.036570969495911,5.036570969495911,5.036570969495911,5.785763576413423,5.785763576413424,5.785763576413423,0.0,0.0,-200.0,-2.467153460287503e-15,-1.4244117144291066e-15,-202.4748252661267,0.0,-1.4389247772835927e-14,-200.00000245737616,-39.18522430477743,-39.185224304777456,-39.18522430477743,-0.7911826898537867,-0.7911826898537869,-0.7911826898537866
0.06,-0.016581468430000565,-0.01658146843000058,-0.016581468430000565,-0.38695167120863394,-0.3869516712086339,-0.3869516712086341,0.0018004873685959382,0.0018004873685959384,0.0018004873685959382,5.036570969495911,5.036570969495911,5.036570969495911,6.008710768955685,6.008710768955685,6.008710768955685,0.0,0.0,-200.0,0.0,0.0,-203.21586952717774,0.0,-1.4389247772835927e-14,-200.00000245737616,-47.48088925530443,-47.480889255304454,-47.48088925530443,-0.9322197980924638,-0.9322197980924639,-0.9322197980924639
0.07,-0.020341487029482783,-0.02034148702948281,-0.020341487029482797,-0.364111280703213,-0.364111280703213,-0.364111280703213,0.0018012266716472371,0.0018012266716472371,0.0018012266716472373,5.036570969495911,5.036570969495911,5.036570969495911,6.222724584087354,6.222724584087356,6.222724584087355,0.0,0.0,-200.0,-2.486937086792908e-15,-4.307501389552647e-15,-203.92916843887136,0.0,-1.4389247772835927e-14,-200.00000245737616,-54.8160857760159,-54.81608577601596,-54.816085776015925,-1.0506324236944098,-1.0506324236944105,-1.0506324236944096
0.08,-0.023773956153810505,-0.023773956153810533,-0.02377395615381052,-0.32390864160560046,-0.3239086416056003,-0.32390864160560046,0.001803053761103496,0.0018030537611034958,0.0018030537611034964,5.036570969495911,5.036570969495911,5.036570969495911,6.417001894992477,6.417001894992479,6.417001894992478,0.0,0.0,-200.0,-2.4958228909920153e-15,-8.653591002351645e-15,-204.57832598149403,0.0,-1.4389247772835927e-14,-200.00000245737616,-60.88251963898839,-60.88251963898847,-60.882519638988406,-1.1424611964099478,-1.1424611964099494,-1.1424611964099478
0.09,-0.02673030710609231,-0.026730307106092338,-0.026730307106092324,-0.2709305426553227,-0.27093054265532235,-0.2709305426553227,0.0018054798106741973,0.0018054798106741973,0.0018054798106741966,5.036570969495911,5.036570969495911,5.036570969495911,6.5832941661807105,6.583294166180712,6.583294166180711,0.0,0.0,-200.0,-2.5034728821021067e-15,-1.1551236685169565e-14,-205.13520492684853,0.0,-1.4389247772835927e-14,-200.00000245737616,-65.51019715625124,-65.51019715625131,-65.5101971562513,-1.2063503277463006,-1.2063503277463015,-1.2063503277463024
0.1,-0.02910795192742817,-0.029107951927428197,-0.029107951927428183,-0.20974138691223007,-0.2097413869122297,-0.20974138691223,0.001808010929070173,0.001808010929070173,0.001808010929070173,5.036570969495911,5.036570969495911,5.036570969495911,6.715984690608226,6.715984690608227,6.715984690608226,0.0,0.0,-200.0,3.740593915487077e-15,2.1596329040355405e-15,-205.58036756246048,0.0,-1.4389247772835927e-14,-200.00000245737616,-68.63633054060332,-68.6363305406034,-68.63633054060337,-1.2424567680815441,-1.242456768081545,-1.2424567680815448
0.11,-0.030849791323908388,-0.030849791323908415,-0.0308497913239084,-0.14486608070279391,-0.1448660807027936,-0.14486608070279383,0.0018120160269505987,0.001812016026950599,0.0018120160269505991,5.036570969495911,5.036570969495911,5.036570969495911,6.812060209994116,6.812060209994118,6.812060209994117,0.0,0.0,-200.0,-5.028127433292412e-15,-1.0121585237034784e-14,-205.90313671891874,0.0,-1.4389247772835927e-14,-200.00000245737616,-70.22828681445016,-70.2282868144502,-70.22828681445017,-1.251640818563258,-1.251640818563258,-1.2516408185632577
0.12,-0.03194246010402034,-0.03194246010402037,-0.031942460104020354,-0.0805112255307573,-0.08051122553075696,-0.08051122553075725,0.0018181071988313427,0.0018181071988313425,0.0018181071988313427,5.036570969495911,5.036570969495911,5.036570969495911,6.870993418824514,6.870993418824516,6.870993418824515,0.0,0.0,-200.0,-2.5168046399015116e-15,-4.3592335090345106e-15,-206.1013096230498,0.0,-1.4389247772835927e-14,-200.00000245737616,-70.36630193740899,-70.36630193740905,-70.36630193740902,-1.236520913168776,-1.236520913168777,-1.236520913168777
0.13,-0.03241190718444564,-0.03241190718444566,-0.03241190718444566,-0.020356218015025417,-0.020356218015025046,-0.020356218015025324,0.0018268592891059374,0.0018268592891059374,0.0018268592891059374,5.036570969495911,5.036570969495911,5.036570969495911,6.894478325849065,6.894478325849066,6.894478325849066,0.0,0.0,-200.0,0.0,7.21988549490651e-15,-206.18032064154667,0.0,-1.4389247772835927e-14,-200.00000245737616,-69.20758151586972,-69.20758151586973,-69.20758151586973,-1.2008609314599499,-1.2008609314599494,-1.2008609314599494
0.14,-0.03231716711838141,-0.03231716711838141,-0.032317167118381424,0.03261861407406542,0.0326186140740657,0.032618614074065494,0.001838412536364782,0.0018384125363647816,0.0018384125363647822,5.036570969495911,5.036570969495911,5.036570969495911,6.886063604255094,6.886063604255094,6.886063604255095,0.0,0.0,-200.0,0.0,0.0,-206.1520081713525,0.0,-1.4389247772835927e-14,-200.00000245737616,-66.98350097632009,-66.98350097632012,-66.98350097632013,-1.14948639299479,-1.149486392994791,-1.149486392994791
0.15,-0.03174250591809823,-0.03174250591809823,-0.03174250591809824,0.07628437277613281,0.07628437277613304,0.0762843727761329,0.0018520160268021906,0.0018520160268021908,0.0018520160268021906,5.036570969495911,5.036570969495911,5.036570969495911,6.850694049351616,6.850694049351616,6.850694049351617,0.0,0.0,-200.0,2.515859953892336e-15,-1.45253242162314e-15,-206.03303372626223,0.0,-1.4389247772835927e-14,-200.00000245737616,-63.98926646585155,-63.98926646585154,-63.98926646585157,-1.0880500440580714,-1.0880500440580718,-1.0880500440580723
0.16,-0.030788300740908867,-0.030788300740908867,-0.03078830074090888,0.10946118856908514,0.10946118856908531,0.1094611885690853,0.0018658282831181183,0.0018658282831181183,0.0018658282831181183,5.036570969495911,5.036570969495911,5.036570969495911,6.794182935418599,6.794182935418599,6.7941829354186,0.0,0.0,-200.0,2.5132332834472115e-15,-8.66933249545403e-15,-205.84304908394913,0.0,-1.4389247772835927e-14,-200.00000245737616,-60.55478642604037,-60.55478642604038,-60.554786426040394,-1.0224738148630788,-1.0224738148630785,-1.022473814863079
0.17,-0.029561529860536284,-0.029561529860536284,-0.029561529860536298,0.1319008956722051,0.1319008956722052,0.13190089567220523,0.0018773928553523643,0.0018773928553523643,0.0018773928553523645,5.036570969495911,5.036570969495911,5.036570969495911,6.7226689165435,6.7226689165435,6.722668916543501,0.0,0.0,-200.0,0.0,-1.4434424558628584e-14,-205.6028113570063,0.0,-1.4389247772835927e-14,-200.00000245737616,-56.99418652605574,-56.99418652605575,-56.99418652605577,-0.9580919828455178,-0.9580919828455182,-0.9580919828455188
0.18,-0.028167206137258136,-0.028167206137258136,-0.02816720613725815,0.14413165204211184,0.144131652042112,0.144131652042112,0.001884599324657476,0.0018845993246574759,0.001884599324657476,5.036570969495911,5.036570969495911,5.036570969495911,6.642134806238273,6.642134806238273,6.642134806238274,0.0,0.0,-200.0,2.5061895306970804e-15,-1.4469492001881811e-15,-205.3325206663735,0.0,-1.4389247772835927e-14,-200.00000245737616,-53.55816640916396,-53.55816640916395,-53.55816640916399,-0.898898735674235,-0.8988987356742348,-0.8988987356742356
0.19,-0.026701917603539252,-0.026701917603539252,-0.026701917603539266,0.14721437792781597,0.14721437792781605,0.1472143779278161,0.00188652930204604,0.00188652930204604,0.0018865293020460402,5.036570969495911,5.036570969495911,5.036570969495911,6.5580516511569735,6.5580516511569735,6.558051651156974,0.0,0.0,-200.0,2.502309014878242e-15,5.770006966003224e-15,-205.0506001253359,0.0,-1.4389247772835927e-14,-200.00000245737616,-50.413560285614224,-50.41356028561421,-50.413560285614246,-0.8473190352774447,-0.847319035277444,-0.8473190352774447
0.2,-0.025249850422306472,-0.025249850422306472,-0.025249850422306486,0.14250429314929822,0.14250429314929816,0.14250429314929827,0.0018835987701368874,0.0018835987701368874,0.0018835987701368872,5.036570969495911,5.036570969495911,5.036570969495911,6.475164248273136,6.475164248273136,6.475164248273137,0.0,0.0,-200.0,2.1239671633039737e-14,-1.2262730134834749e-14,-204.77297119899376,0.0,-1.4389247772835927e-14,-200.00000245737616,-47.65534367440941,-47.65534367440941,-47.655343674409444,-0.8045058556875369,-0.8045058556875372,-0.8045058556875374
0.21,-0.023880863202454833,-0.023880863202454833,-0.023880863202454847,0.13147737609789567,0.1314773760978956,0.1314773760978958,0.001877155355376471,0.001877155355376471,0.0018771553553764714,5.036570969495911,5.036570969495911,5.036570969495911,6.397390318228936,6.397390318228936,6.397390318228937,0.0,0.0,-200.0,4.98984676496755e-15,-1.0093229610580116e-14,-204.51272546297452,0.0,-1.4389247772835927e-14,-200.00000245737616,-45.330870416479776,-45.33087041647978,-45.33087041647979,-0.7708058290562395,-0.7708058290562397,-0.7708058290562395
0.22,-0.022649880486322008,-0.022649880486322008,-0.02264988048632202,0.11563111609498326,0.1156311160949832,0.11563111609498342,0.0018688104545962975,0.001868810454596297,0.0018688104545962975,5.036570969495911,5.036570969495911,5.036570969495911,6.327791070497712,6.327791070497712,6.327791070497713,0.0,0.0,-200.0,2.4917356995715623e-15,-8.649934119992446e-15,-204.2800442629929,0.0,-1.4389247772835927e-14,-200.00000245737616,-43.462241675361064,-43.46224167536108,-43.462241675361085,-0.74615518095884,-0.7461551809588406,-0.74615518095884
0.23,-0.02159698564905395,-0.02159698564905395,-0.021596985649053962,0.09643281686195027,0.09643281686195017,0.09643281686195043,0.0018599818872282422,0.0018599818872282422,0.0018599818872282424,5.036570969495911,5.036570969495911,5.036570969495911,6.268579327788813,6.268579327788813,6.268579327788814,0.0,0.0,-200.0,2.489029377893556e-15,-1.5858000047144137e-14,-204.08224709868966,0.0,-1.4389247772835927e-14,-200.00000245737616,-42.05654460197881,-42.056544601978814,-42.056544601978835,-0.7302529869642577,-0.730252986964258,-0.7302529869642581
0.24,-0.02074791219530106,-0.020747912195301074,-0.020747912195301074,0.07528643012137462,0.07528643012137452,0.07528643012137483,0.0018516523911718823,0.001851652391171882,0.0018516523911718823,5.036570969495911,5.036570969495911,5.036570969495911,6.221149532254327,6.221149532254328,6.221149532254328,0.0,0.0,-200.0,0.0,-2.8715846708617457e-15,-203.9239119254862,0.0,-1.4389247772835927e-14,-200.00000245737616,-41.108690845884276,-41.108690845884325,-41.108690845884304,-0.7226100476828683,-0.7226100476828693,-0.722610047682869
0.25,-0.020114852285996215,-0.02011485228599623,-0.02011485228599623,0.05350020310860979,0.05350020310860971,0.05350020310860998,0.0018443629425855372,0.0018443629425855374,0.0018443629425855374,5.036570969495911,5.036570969495911,5.036570969495911,6.186125945301006,6.186125945301007,6.186125945301007,0.0,0.0,-200.0,0.0,-7.209308102714366e-15,-203.807052143911,0.0,-1.4389247772835927e-14,-200.00000245737616,-40.599855352212074,-40.5998553522121,-40.5998553522121,-0.7225290025222584,-0.7225290025222587,-0.7225290025222588
0.26,-0.01969760937976736,-0.019697609379767375,-0.01969760937976736,0.032250671206743964,0.03225067120674393,0.03225067120674417,0.0018383156813594282,0.001838315681359428,0.0018383156813594282,5.036570969495911,5.036570969495911,5.036570969495911,6.163430767225581,6.163430767225582,6.163430767225581,0.0,0.0,-200.0,-2.4842361615616348e-15,-8.64326297157852e-15,-203.73135446222923,0.0,-1.4389247772835927e-14,-200.00000245737616,-40.49593591066353,-40.495935910663576,-40.495935910663526,-0.7290895232987371,-0.7290895232987379,-0.729089523298737
0.27,-0.01948511705300658,-0.019485117053006595,-0.01948511705300658,0.01254637564551133,0.012546375645511323,0.012546375645511467,0.0018335008902735494,0.0018335008902735492,0.0018335008902735494,5.036570969495911,5.036570969495911,5.036570969495911,6.152373220895585,6.152373220895586,6.152373220895585,0.0,0.0,-200.0,-2.4837330432946043e-15,-8.642817240137835e-15,-203.69448076058322,0.0,-1.4389247772835927e-14,-200.00000245737616,-40.7478721494998,-40.747872149499834,-40.74787214949979,-0.7411663271437968,-0.7411663271437977,-0.7411663271437968
0.28,-0.019457294447462123,-0.019457294447462137,-0.019457294447462123,-0.0048027839568254346,-0.004802783956825414,-0.004802783956825348,0.0018298020371819734,0.0018298020371819727,0.0018298020371819734,5.036570969495911,5.036570969495911,5.036570969495911,6.151757567459034,6.151757567459035,6.151757567459034,0.0,0.0,-200.0,-2.4837050363324314e-15,5.774856891819388e-15,-203.69242788427297,0.0,-1.4389247772835927e-14,-200.00000245737616,-41.29404642192169,-41.29404642192175,-41.2940464219217,-0.7574805473090029,-0.7574805473090042,-0.7574805473090033
0.29,-0.01958715411762163,-0.019587154117621644,-0.019587154117621616,-0.019205782113877044,-0.019205782113877003,-0.01920578211387704,0.0018270655435674967,0.0018270655435674965,0.0018270655435674965,5.036570969495911,5.036570969495911,5.036570969495911,6.160004966122593,6.160004966122593,6.160004966122592,0.0,0.0,-200.0,-2.4840802684877488e-15,1.4341844117000394e-15,-203.71992987016105,0.0,-1.4389247772835927e-14,-200.00000245737616,-42.06417196378489,-42.064171963784915,-42.06417196378486,-0.7766724603585957,-0.776672460358596,-0.7766724603585953
0.3,-0.01984304177073659,-0.019843041770736605,-0.019843041770736577,-0.030297823625251418,-0.030297823625251363,-0.030297823625251494,0.0018251440187257429,0.0018251440187257429,0.0018251440187257426,5.036570969495911,5.036570969495911,5.036570969495911,6.175282147711955,6.175282147711955,6.175282147711954,0.0,0.0,-200.0,3.758536007828829e-15,-2.1699917758788755e-15,-203.77088099275386,0.0,-1.4389247772835927e-14,-200.00000245737616,-42.98377083130369,-42.983770831303715,-42.98377083130366,-0.7973799364716218,-0.7973799364716222,-0.7973799364716211
0.31,-0.020190875446422105,-0.02019087544642212,-0.02019087544642209,-0.03793407669233648,-0.03793407669233641,-0.03793407669233664,0.0018239059670858847,0.0018239059670858845,0.0018239059670858847,5.036570969495911,5.036570969495911,5.036570969495911,6.195629276957591,6.195629276957592,6.1956292769575905,0.0,0.0,-200.0,-2.485702214004019e-15,-8.644563107808497e-15,-203.83875596656176,0.0,-1.4389247772835927e-14,-200.00000245737616,-43.978933473495886,-43.978933473495935,-43.97893347349587,-0.8183158733589416,-0.818315873358943,-0.8183158733589416
0.32,-0.020596258159624334,-0.020596258159624348,-0.020596258159624334,-0.042172350426909734,-0.04217235042690967,-0.04217235042691,0.001823248863333724,0.0018232488633337246,0.0018232488633337237,5.036570969495911,5.036570969495911,5.036570969495911,6.219079945317271,6.219079945317272,6.219079945317271,0.0,0.0,-200.0,-2.4867709191391238e-15,-8.645512087546254e-15,-203.91700512681163,0.0,-1.4389247772835927e-14,-200.00000245737616,-44.98028620711576,-44.98028620711578,-44.980286207115775,-0.8383315374453226,-0.8383315374453227,-0.8383315374453234
0.33,-0.021026358341953072,-0.021026358341953086,-0.021026358341953086,-0.043245197144651915,-0.043245197144651804,-0.04324519714465219,0.0018230855397141448,0.0018230855397141446,0.0018230855397141444,5.036570969495911,5.036570969495911,5.036570969495911,6.243767265081357,6.243767265081358,6.243767265081358,0.0,0.0,-200.0,0.0,-7.210125079227402e-15,-203.9994052521429,0.0,-1.4389247772835927e-14,-200.00000245737616,-45.926674176502246,-45.92667417650228,-45.9266741765023,-0.8564685401795564,-0.8564685401795574,-0.8564685401795584
0.34,-0.021451473588382647,-0.02145147358838266,-0.02145147358838266,-0.04152580878338751,-0.04152580878338738,-0.04152580878338772,0.0018233478709743774,0.0018233478709743776,0.0018233478709743772,5.036570969495911,5.036570969495911,5.036570969495911,6.268011484115062,6.268011484115063,6.268011484115063,0.0,0.0,-200.0,0.0,-1.0084524636735227e-14,-204.08035091343237,0.0,-1.4389247772835927e-14,-200.00000245737616,-46.7674989967021,-46.76749899670214,-46.767498996702145,-0.8719886913059074,-0.8719886913059083,-0.8719886913059084
0.35,-0.021846229333763775,-0.02184622933376379,-0.02184622933376379,-0.03748982201727031,-0.03748982201727016,-0.03748982201727048,0.001823975959894587,0.0018239759598945862,0.0018239759598945868,5.036570969495911,5.036570969495911,5.036570969495911,6.290386461304452,6.290386461304453,6.290386461304453,0.0,0.0,-200.0,0.0,-1.0086025267435464e-14,-204.15507714215758,0.0,-1.4389247772835927e-14,-200.00000245737616,-47.464449378041266,-47.46444937804131,-47.464449378041316,-0.884391327859564,-0.8843913278595644,-0.8843913278595646
0.36,-0.02219038633631798,-0.022190386336317994,-0.022190386336318008,-0.03167592768885334,-0.0316759276888532,-0.03167592768885344,0.0018249154429732784,0.0018249154429732786,0.0018249154429732782,5.036570969495911,5.036570969495911,5.036570969495911,6.309763677815415,6.309763677815416,6.3097636778154165,0.0,0.0,-200.0,2.4909111971298462e-15,-4.314384750571109e-15,-204.21980835755704,0.0,-1.4389247772835927e-14,-200.00000245737616,-47.99212092131808,-47.99212092131811,-47.99212092131815,-0.8934116504436564,-0.893411650443657,-0.8934116504436577
0.37,-0.022469260189887486,-0.0224692601898875,-0.022469260189887513,-0.024647745295069072,-0.024647745295068905,-0.024647745295069055,0.0018261043029987004,0.0018261043029987008,0.0018261043029987004,5.036570969495911,5.036570969495911,5.036570969495911,6.325334099160177,6.325334099160178,6.325334099160178,0.0,0.0,-200.0,0.0,-2.451096190725567e-14,-204.27183386366394,0.0,-1.4389247772835927e-14,-200.00000245737616,-48.338082593047595,-48.33808259304761,-48.33808259304766,-0.8990109767481163,-0.8990109767481166,-0.8990109767481171
0.38,-0.022673772716669857,-0.02267377271666987,-0.022673772716669885,-0.01695857447344871,-0.01695857447344854,-0.01695857447344862,0.0018274732375700446,0.0018274732375700448,0.001827473237570045,5.036570969495911,5.036570969495911,5.036570969495911,6.336609128053365,6.336609128053366,6.336609128053367,0.0,0.0,-200.0,2.492139177069329e-15,-1.1527968907323088e-14,-204.30951339055719,0.0,-1.4389247772835927e-14,-200.00000245737616,-48.50186370700381,-48.501863707003835,-48.501863707003864,-0.9013480750109404,-0.9013480750109409,-0.9013480750109412
0.39,-0.022800181586171767,-0.02280018158617178,-0.022800181586171794,-0.009121911233888773,-0.009121911233888594,-0.009121911233888608,0.0018289509063336986,0.0018289509063336988,0.001828950906333699,5.036570969495911,5.036570969495911,5.036570969495911,6.343403458812138,6.343403458812139,6.34340345881214,0.0,0.0,-200.0,0.0,-1.0089589024035154e-14,-204.33222159434825,0.0,-1.4389247772835927e-14,-200.00000245737616,-48.49326647524012,-48.493266475240155,-48.49326647524018,-0.9007421550102803,-0.9007421550102809,-0.9007421550102812
0.4,-0.022849548846139933,-0.022849548846139947,-0.02284954884613996,-0.0015880084443428502,-0.0015880084443426906,-0.001588008444342623,0.001830452563452557,0.0018304525634525565,0.0018304525634525567,5.036570969495911,5.036570969495911,5.036570969495911,6.345803315414935,6.345803315414936,6.345803315414936,0.0,0.0,-200.0,0.0,-1.0089750608143681e-14,-204.34024291668018,0.0,-1.4389247772835927e-14,-200.00000245737616,-48.33072911584512,-48.330729115845166,-48.330729115845195,-0.8976390440183273,-0.8976390440183278,-0.8976390440183278
0.41,-0.022827007054966306,-0.022827007054966306,-0.02282700705496632,0.005273354213484997,0.00527335421348514,0.005273354213485274,0.0018318914220455955,0.0018318914220455955,0.0018318914220455957,5.036570969495911,5.036570969495911,5.036570969495911,6.344123462264305,6.344123462264305,6.344123462264306,0.0,0.0,-200.0,0.0,0.0,-204.3346281214934,0.0,-1.4389247772835927e-14,-200.00000245737616,-48.038849741885294,-48.038849741885294,-48.03884974188531,-0.8925628786680289,-0.8925628786680289,-0.8925628786680286
0.42,-0.022740898808272056,-0.022740898808272056,-0.02274089880827207,0.011181917744338899,0.011181917744338984,0.011181917744339154,0.0018331923051385112,0.0018331923051385114,0.001833192305138511,5.036570969495911,5.036570969495911,5.036570969495911,6.338857425993937,6.338857425993937,6.338857425993938,0.0,0.0,-200.0,2.4922420680911783e-15,5.772593113216049e-15,-204.31702750501867,0.0,-1.4389247772835927e-14,-200.00000245737616,-47.645856154233606,-47.6458561542336,-47.64585615423364,-0.8860716118149674,-0.8860716118149674,-0.886071611814968
0.43,-0.022601861607167595,-0.022601861607167595,-0.02260186160716761,0.015949812270482245,0.015949812270482266,0.015949812270482474,0.0018342838230214894,0.0018342838230214894,0.001834283823021489,5.036570969495911,5.036570969495911,5.036570969495911,6.330624927142658,6.330624927142658,6.330624927142659,0.0,0.0,-200.0,0.0,-1.4422741525260628e-14,-204.28951439910153,0.0,-1.4389247772835927e-14,-200.00000245737616,-47.18175118383482,-47.18175118383483,-47.18175118383486,-0.8787255681451587,-0.878725568145159,-0.8787255681451598
0.44,-0.022421912994994547,-0.022421912994994547,-0.02242191299499456,0.019478921211735594,0.01947892121173557,0.01947892121173583,0.0018351160228120833,0.0018351160228120833,0.001835116022812083,5.036570969495911,5.036570969495911,5.036570969495911,6.320119649852905,6.320119649852905,6.320119649852906,0.0,0.0,-200.0,0.0,-1.442243833066479e-14,-204.25440969306635,0.0,-1.4389247772835927e-14,-200.00000245737616,-46.676007172080524,-46.67600717208053,-46.67600717208055,-0.8710484141246672,-0.8710484141246675,-0.8710484141246674
0.45,-0.022213594591522598,-0.022213594591522598,-0.022213594591522612,0.021752766561478842,0.02175276656147877,0.021752766561479082,0.0018356634643740448,0.0018356634643740448,0.0018356634643740448,5.036570969495911,5.036570969495911,5.036570969495911,6.308060685199976,6.308060685199976,6.308060685199977,0.0,0.0,-200.0,2.4908333336042144e-15,-8.649128760040448e-15,-204.21411874788473,0.0,-1.4389247772835927e-14,-200.00000245737616,-46.155976956629154,-46.155976956629154,-46.15597695662917,-0.8635038515807866,-0.8635038515807866,-0.8635038515807867
0.46,-0.02198921524591939,-0.02198921524591939,-0.021989215245919402,0.022825272053738407,0.02282527205373829,0.02282527205373864,0.0018359247904199008,0.0018359247904199008,0.001835924790419901,5.036570969495911,5.036570969495911,5.036570969495911,6.295149826062478,6.295149826062478,6.295149826062479,0.0,0.0,-200.0,2.4902431672767703e-15,-8.648602430939611e-15,-204.17098812680254,0.0,-1.4389247772835927e-14,-200.00000245737616,-45.64572149319643,-45.64572149319643,-45.64572149319645,-0.8564792133348262,-0.8564792133348262,-0.8564792133348261
0.47,-0.02176021935106004,-0.02176021935106004,-0.021760219351060053,0.022807380919277538,0.022807380919277385,0.022807380919277767,0.0018359204145624647,0.0018359204145624647,0.001835920414562465,5.036570969495911,5.036570969495911,5.036570969495911,6.282036149454335,6.282036149454335,6.282036149454335,0.0,0.0,-200.0,0.0,-7.210671753450975e-15,-204.1271869976677,0.0,-1.4389247772835927e-14,-200.00000245737616,-45.16521528203667,-45.16521528203667,-45.16521528203669,-0.8502762223564715,-0.8502762223564715,-0.8502762223564723
0.48,-0.02153669532272999,-0.02153669532272999,-0.02153669532272999,0.02185268059504632,0.02185268059504614,0.021852680595046487,0.0018356877245272114,0.0018356877245272114,0.0018356877245272114,5.036570969495911,5.036570969495911,5.036570969495911,6.269288680555497,6.269288680555497,6.269288680555497,0.0,0.0,-200.0,0.0,7.210489276024635e-15,-204.08461584018255,0.0,-1.4389247772835927e-14,-200.00000245737616,-44.72992336749602,-44.72992336749602,-44.729923367496006,-0.8451082419446784,-0.8451082419446783,-0.8451082419446777
0.49,-0.021327028702668477,-0.021327028702668477,-0.021327028702668463,0.020142997678243665,0.020142997678243464,0.020142997678243763,0.001835274982030381,0.0018352749820303815,0.0018352749820303806,5.036570969495911,5.036570969495911,5.036570969495911,6.257377339931406,6.257377339931406,6.257377339931405,0.0,0.0,-200.0,-2.4885179611432137e-15,-5.7735725948284164e-15,-204.04484305680188,0.0,-1.4389247772835927e-14,-200.00000245737616,-44.350689955960846,-44.35068995596083,-44.350689955960824,-0.8411027238926102,-0.8411027238926093,-0.8411027238926101
0.5,-0.021137695870504222,-0.021137695870504222,-0.02113769587050421,0.017874716405750737,0.0178747164057505,0.01787471640575073,0.0018347351298103277,0.0018347351298103275,0.0018347351298103269,5.036570969495911,5.036570969495911,5.036570969495911,6.246661901910857,6.246661901910857,6.246661901910856,0.0,0.0,-200.0,-2.488028929796184e-15,-1.2983868447938457e-14,-204.0090684780426,0.0,-1.4389247772835927e-14,-200.00000245737616,-44.033876352648825,-44.03387635264883,-44.03387635264881,-0.8383075963162467,-0.8383075963162467,-0.8383075963162467
0.51,-0.020973187898720463,-0.020973187898720477,-0.02097318789872045,0.015246381294695693,0.015246381294695471,0.015246381294695598,0.0018341204415599436,0.0018341204415599436,0.0018341204415599436,5.036570969495911,5.036570969495911,5.036570969495911,6.237388333362874,6.237388333362875,6.2373883333628735,0.0,0.0,-200.0,-4.975211677122012e-15,0.0,-203.97811155420462,0.0,-1.4389247772835927e-14,-200.00000245737616,-43.78169231147788,-43.781692311477926,-43.781692311477855,-0.8367005014069508,-0.8367005014069517,-0.8367005014069508
0.52,-0.020836049398716208,-0.020836049398716222,-0.020836049398716194,0.012447981873388319,0.012447981873388107,0.01244798187338811,0.001833478537074054,0.0018334785370740536,0.0018334785370740533,5.036570969495911,5.036570969495911,5.036570969495911,6.229691622769102,6.229691622769103,6.229691622769101,0.0,0.0,-200.0,-2.4872547847064793e-15,1.4360172194934706e-15,-203.95242117775322,0.0,-1.4389247772835927e-14,-200.00000245737616,-43.59267347263796,-43.59267347263802,-43.59267347263797,-0.836199983536703,-0.8361999835367043,-0.8361999835367038
0.53,-0.020727013988605686,-0.0207270139886057,-0.020727013988605686,0.009652182506926009,0.00965218250692582,0.00965218250692573,0.0018328498873348212,0.0018328498873348214,0.0018328498873348214,5.036570969495911,5.036570969495911,5.036570969495911,6.223604032739358,6.223604032739359,6.223604032739358,0.0,0.0,-200.0,-2.4869771858439172e-15,-1.5855533782178983e-14,-203.93210351933863,0.0,-1.4389247772835927e-14,-200.00000245737616,-43.46226435168126,-43.462264351681284,-43.46226435168127,-0.8366778769196895,-0.8366778769196896,-0.8366778769196896
0.54,-0.02064521603118892,-0.020645216031188934,-0.02064521603118892,0.007007644770556369,0.007007644770556188,0.0070076447705560594,0.0018322666469726711,0.001832266646972671,0.0018322666469726711,5.036570969495911,5.036570969495911,5.036570969495911,6.219067602082947,6.219067602082948,6.219067602082947,0.0,0.0,-200.0,-2.486770356415149e-15,-1.435737534689068e-15,-203.91696393446847,0.0,-1.4389247772835927e-14,-200.00000245737616,-43.3834702166323,-43.38347021663234,-43.383470216632304,-0.8379722359334074,-0.8379722359334082,-0.8379722359334074
0.55,-0.020588457596461773,-0.0205884575964618,-0.020588457596461787,0.004634427948686922,0.004634427948686762,0.0046344279486866015,0.0018317544650602595,0.00183175446506026,0.0018317544650602597,5.036570969495911,5.036570969495911,5.036570969495911,6.215949693757874,6.215949693757876,6.215949693757875,0.0,0.0,-200.0,0.0,-2.8713109434168555e-15,-203.90655892582808,0.0,-1.4389247772835927e-14,-200.00000245737616,-43.34749887999583,-43.34749887999589,-43.34749887999589,-0.8398994193472576,-0.8398994193472591,-0.8398994193472594
0.56,-0.020553509764944966,-0.020553509764944994,-0.02055350976494498,0.0026215862400003846,0.0026215862400003264,0.0026215862400001135,0.001831327035128165,0.0018313270351281653,0.0018313270351281647,5.036570969495911,5.036570969495911,5.036570969495911,6.2140603818900635,6.214060381890065,6.214060381890064,0.0,0.0,-200.0,-2.48654209733566e-15,-1.5855011878194222e-14,-203.90025415526242,0.0,-1.4389247772835927e-14,-200.00000245737616,-43.344587018938334,-43.34458701893839,-43.34458701893838,-0.8422689627028799,-0.8422689627028805,-0.8422689627028807
0.57,-0.020536425987120133,-0.02053642598712016,-0.020536425987120147,0.001026765616269751,0.0010267656162697549,0.0010267656162695218,0.0018309926719387117,0.0018309926719387126,0.001830992671938712,5.036570969495911,5.036570969495911,5.036570969495911,6.213170421210502,6.213170421210504,6.213170421210503,0.0,0.0,-200.0,0.0,-1.0080855110461463e-14,-203.89728434313457,0.0,-1.4389247772835927e-14,-200.00000245737616,-43.36451493487377,-43.36451493487382,-43.36451493487381,-0.8448919242380103,-0.8448919242380112,-0.8448919242380114
0.58,-0.020532851609630295,-0.020532851609630323,-0.02053285160963031,-0.00012270084788833832,-0.00012270084788825164,-0.0001227008478885192,0.001830754008080544,0.0018307540080805438,0.0018307540080805436,5.036570969495911,5.036570969495911,5.036570969495911,6.21302890893366,6.213028908933662,6.213028908933661,0.0,0.0,-200.0,3.757278268416394e-15,6.507796859071608e-15,-203.89681211756292,0.0,-1.4389247772835927e-14,-200.00000245737616,-43.39723500323916,-43.397235003239224,-43.39723500323921,-0.8475914108420489,-0.84759141084205,-0.84759141084205
0.59,-0.020538313496523505,-0.020538313496523533,-0.02053831349652352,-0.0008271432893860307,-0.0008271432893858834,-0.0008271432893861806,0.0018306086999837397,0.00183060869998374,0.0018306086999837399,5.036570969495911,5.036570969495911,5.036570969495911,6.213379719665391,6.213379719665393,6.213379719665392,0.0,0.0,-200.0,-2.486511071515156e-15,-4.306763509446781e-15,-203.89798277227086,0.0,-1.4389247772835927e-14,-200.00000245737616,-43.43339005704651,-43.43339005704655,-43.43339005704654,-0.8502104207892184,-0.8502104207892184,-0.8502104207892187
0.6,-0.02054847669538558,-0.020548476695385606,-0.020548476695385606,-0.0011107818232204078,-0.0011107818232202016,-0.0011107818232205,0.001830550396643692,0.0018305503966436916,0.001830550396643692,5.036570969495911,5.036570969495911,5.036570969495911,6.213975989734795,6.213975989734797,6.213975989734797,0.0,0.0,-200.0,0.0,-1.0080908925139353e-14,-203.89997253596994,0.0,-1.4389247772835927e-14,-200.00000245737616,-43.464723028782714,-43.464723028782785,-43.464723028782785,-0.8526175958645937,-0.8526175958645946,-0.8526175958645946
0.61,-0.020559358796678584,-0.020559358796678612,-0.020559358796678612,-0.0010171738965339,-0.0010171738965336396,-0.0010171738965339056,0.0018305696253168124,0.0018305696253168118,0.0018305696253168118,5.036570969495911,5.036570969495911,5.036570969495911,6.2145921348644375,6.214592134864439,6.214592134864439,0.0,0.0,-200.0,0.0,-2.871239486981407e-15,-203.90202863853645,0.0,-1.4389247772835927e-14,-200.00000245737616,-43.484375261344105,-43.48437526134419,-43.4843752613442,-0.8547108672595294,-0.8547108672595308,-0.854710867259531
0.62,-0.02056749610022683,-0.02056749610022686,-0.02056749610022686,-0.0006042278240567559,-0.0006042278240564436,-0.0006042278240566749,0.001830654603435727,0.0018306546034357273,0.0018306546034357273,5.036570969495911,5.036570969495911,5.036570969495911,6.215033083677621,6.215033083677622,6.215033083677622,0.0,0.0,-200.0,0.0,-2.8712626964096502e-15,-203.90350011316076,0.0,-1.4389247772835927e-14,-200.00000245737616,-43.48707043851675,-43.48707043851679,-43.4870704385168,-0.8564190478727937,-0.8564190478727937,-0.8564190478727942
0.63,-0.020570059073936567,-0.020570059073936595,-0.020570059073936595,6.0890051876020496e-05,6.089005187635749e-05,6.089005187616438e-05,0.0018307919970619161,0.001830791997061917,0.001830791997061917,5.036570969495911,5.036570969495911,5.036570969495911,6.215140601550352,6.215140601550353,6.215140601550353,0.0,0.0,-200.0,0.0,-2.8712683556841464e-15,-203.9038589084543,0.0,-1.4389247772835927e-14,-200.00000245737616,-43.46918791570698,-43.469187915707025,-43.469187915707025,-0.8577015333794564,-0.8577015333794573,-0.8577015333794572
0.64,-0.020564917685355996,-0.020564917685356024,-0.020564917685356024,0.0009066618932831118,0.0009066618932834747,0.0009066618932833187,0.0018309676439417976,0.0018309676439417976,0.0018309676439417976,5.036570969495911,5.036570969495911,5.036570969495911,6.214796754600271,6.214796754600273,6.214796754600273,0.0,0.0,-200.0,0.0,-5.74250051428167e-15,-203.9027114667903,0.0,-1.4389247772835927e-14,-200.00000245737616,-43.42873520255853,-43.42873520255859,-43.42873520255859,-0.8585463645260327,-0.8585463645260344,-0.8585463645260341
0.65,-0.020550659860515616,-0.020550659860515644,-0.020550659860515644,0.0018616935226359451,0.0018616935226363597,0.0018616935226362064,0.0018311672486118313,0.0018311672486118306,0.001831167248611831,5.036570969495911,5.036570969495911,5.036570969495911,6.2139247140155796,6.213924714015581,6.213924714015581,0.0,0.0,-200.0,0.0,-2.871204357779114e-15,-203.89980142741624,0.0,-1.4389247772835927e-14,-200.00000245737616,-43.36523411013871,-43.36523411013878,-43.36523411013878,-0.8589669688341917,-0.8589669688341932,-0.8589669688341933
0.66,-0.020526568471453968,-0.020526568471453996,-0.020526568471453996,0.0028585693024858077,0.002858569302486256,0.002858569302486124,0.0018313770428644556,0.0018313770428644556,0.0018313770428644556,5.036570969495911,5.036570969495911,5.036570969495911,6.2124872206860315,6.212487220686033,6.212487220686033,0.0,0.0,-200.0,0.0,-1.2951938171365391e-14,-203.89500451496153,0.0,-1.4389247772835927e-14,-200.00000245737616,-43.279538402222435,-43.27953840222248,-43.27953840222248,-0.8589979387982744,-0.858997938798275,-0.858997938798275
0.67,-0.02049256381305256,-0.020492563813052575,-0.020492563813052575,0.0038369580782425102,0.0038369580782429257,0.003836958078242817,0.0018315843916163177,0.0018315843916163186,0.0018315843916163186,5.036570969495911,5.036570969495911,5.036570969495911,6.2104831159737515,6.210483115973752,6.210483115973752,0.0,0.0,-200.0,0.0,4.33862916075481e-15,-203.88831696400786,0.0,-1.4389247772835927e-14,-200.00000245737616,-43.173602588180486,-43.173602588180486,-43.17360258818048,-0.8586902155385105,-0.8586902155385104,-0.8586902155385104
0.68,-0.02044911948448795,-0.02044911948448795,-0.020449119484487965,0.004745901535311547,0.004745901535311899,0.004745901535311854,0.0018317783153051549,0.0018317783153051549,0.0018317783153051547,5.036570969495911,5.036570969495911,5.036570969495911,6.207942395736494,6.207942395736494,6.207942395736494,0.0,0.0,-200.0,0.0,0.0,-203.87983900499557,0.0,-1.4389247772835927e-14,-200.00000245737616,-43.050221798039516,-43.0502217980395,-43.05022179803954,-0.8581060336393556,-0.8581060336393549,-0.8581060336393558
0.69,-0.020397159964517297,-0.020397159964517297,-0.02039715996451731,0.00554527229559259,0.005545272295592859,0.005545272295592875,0.0018319498975645724,0.001831949897564572,0.0018319498975645717,5.036570969495911,5.036570969495911,5.036570969495911,6.20492026296591,6.20492026296591,6.204920262965911,0.0,0.0,-200.0,2.486125530816878e-15,-1.585451251149975e-14,-203.86975500038093,0.0,-1.4389247772835927e-14,-200.00000245737616,-42.91276164204139,-42.91276164204138,-42.91276164204143,-0.8573139483496348,-0.8573139483496349,-0.8573139483496359
0.7,-0.0203379480208518,-0.0203379480208518,-0.020337948020851815,0.006206437956851523,0.006206437956851732,0.006206437956851797,0.0018320925516581994,0.0018320925516581994,0.0018320925516581996,5.036570969495911,5.036570969495911,5.036570969495911,6.201490643116208,6.201490643116208,6.201490643116209,0.0,0.0,-200.0,0.0,0.0,-203.8583117838773,0.0,-1.4389247772835927e-14,-200.00000245737616,-42.764894829923215,-42.76489482992321,-42.76489482992323,-0.8563842156687513,-0.8563842156687512,-0.8563842156687516
0.71,-0.020272969505520072,-0.020272969505520072,-0.020272969505520086,0.00671220693006072,0.006712206930060867,0.006712206930060991,0.0018322021674410892,0.0018322021674410892,0.0018322021674410894,5.036570969495911,5.036570969495911,5.036570969495911,6.19773959029902,6.19773959029902,6.197739590299021,0.0,0.0,-200.0,2.4857983531966724e-15,-8.644648434532437e-15,-203.84579663615872,0.0,-1.4389247772835927e-14,-200.00000245737616,-42.61035755879933,-42.61035755879932,-42.61035755879935,-0.8553847089240759,-0.8553847089240755,-0.8553847089240765
0.72,-0.020203822220669243,-0.020203822220669243,-0.020203822220669257,0.007056147250059028,0.007056147250059116,0.007056147250059301,0.0018322772456074912,0.0018322772456074912,0.0018322772456074914,5.036570969495911,5.036570969495911,5.036570969495911,6.193758961933805,6.193758961933805,6.193758961933805,0.0,0.0,-200.0,0.0,0.0,-203.832516160904,0.0,-1.4389247772835927e-14,-200.00000245737616,-42.452734298258385,-42.452734298258385,-42.4527342982584,-0.8543775621291798,-0.8543775621291798,-0.8543775621291797
0.73,-0.02013211422964603,-0.020132114229646017,-0.02013211422964603,0.007241459634282221,0.0072414596342822175,0.007241459634282441,0.0018323177732196586,0.0018323177732196584,0.001832317773219659,5.036570969495911,5.036570969495911,5.036570969495911,6.189640659112988,6.189640659112987,6.189640659112988,0.0,0.0,-200.0,2.4854294270965284e-15,-1.2983752045190555e-14,-203.81877705564642,0.0,-1.4389247772835927e-14,-200.00000245737616,-42.29530520271487,-42.295305202714836,-42.29530520271485,-0.8534168687146525,-0.8534168687146515,-0.8534168687146518
0.74,-0.020059375568068707,-0.020059375568068694,-0.020059375568068707,0.007279459584510177,0.0072794595845100795,0.007279459584510335,0.0018323260903585113,0.0018323260903585115,0.0018323260903585113,5.036570969495911,5.036570969495911,5.036570969495911,6.185471656996725,6.185471656996724,6.185471656996725,0.0,0.0,-200.0,2.485239556357176e-15,-5.774445146706754e-15,-203.80486952687625,0.0,-1.4389247772835927e-14,-200.00000245737616,-42.14088744655188,-42.14088744655185,-42.14088744655188,-0.8525465290531002,-0.8525465290530992,-0.8525465290531
0.75,-0.01998698661984906,-0.019986986619849045,-0.01998698661984906,0.0071878270106934756,0.007187827010693279,0.007187827010693579,0.0018323060383396788,0.0018323060383396781,0.0018323060383396788,5.036570969495911,5.036570969495911,5.036570969495911,6.181330002060006,6.1813300020600055,6.181330002060006,0.0,0.0,-200.0,2.4850509563309056e-15,1.4347448385875854e-15,-203.79105393883802,0.0,-1.4389247772835927e-14,-200.00000245737616,-41.991758163822055,-41.99175816382205,-41.99175816382206,-0.8517994705624691,-0.8517994705624691,-0.8517994705624693
0.76,-0.01991612454036336,-0.019916124540363345,-0.01991612454036336,0.006988769880614482,0.006988769880614208,0.006988769880614545,0.0018322625234677215,0.001832262523467721,0.0018322625234677215,5.036570969495911,5.036570969495911,5.036570969495911,6.177281847778263,6.1772818477782625,6.177281847778263,0.0,0.0,-200.0,2.4848666383754095e-15,1.4346384225663632e-15,-203.77755093318515,0.0,-1.4389247772835927e-14,-200.00000245737616,-41.84960786766969,-41.84960786766968,-41.84960786766968,-0.8511974160276125,-0.8511974160276129,-0.8511974160276121
0.77,-0.01984772805345944,-0.019847728053459426,-0.01984772805345944,0.006707201658747723,0.0067072016587473825,0.006707201658747746,0.00183220107620156,0.0018322010762015597,0.00183220107620156,5.036570969495911,5.036570969495911,5.036570969495911,6.173379541672563,6.1733795416725625,6.173379541672563,0.0,0.0,-200.0,2.4846889838212027e-15,1.434535853661669e-15,-203.76453506027417,0.0,-1.4389247772835927e-14,-200.00000245737616,-41.715531758825584,-41.71553175882556,-41.71553175882558,-0.8507512843591846,-0.8507512843591842,-0.8507512843591845
0.78,-0.01978247997371821,-0.01978247997371821,-0.01978247997371821,0.0063690196053793596,0.00636901960537898,0.006369019605379338,0.0018321277331765913,0.001832127733176591,0.0018321277331765913,5.036570969495911,5.036570969495911,5.036570969495911,6.1696607217808,6.1696607217808,6.1696607217808,0.0,0.0,-200.0,0.0,0.0,-203.7521317797188,0.0,-1.4389247772835927e-14,-200.00000245737616,-41.59004757796545,-41.59004757796547,-41.59004757796545,-0.8504619962167073,-0.8504619962167081,-0.8504619962167074
0.79,-0.019720805972748848,-0.019720805972748848,-0.019720805972748848,0.005999582229270693,0.005999582229270301,0.005999582229270638,0.0018320478481897101,0.0018320478481897101,0.0018320478481897101,5.036570969495911,5.036570969495911,5.036570969495911,6.166148331615491,6.166148331615491,6.166148331615491,0.0,0.0,-200.0,0.0,0.0,-203.7404175246025,0.0,-1.4389247772835927e-14,-200.00000245737616,-41.47316555022409,-41.4731655502241,-41.473165550224095,-0.8503221447039273,-0.8503221447039279,-0.8503221447039275
0.8,-0.019662887123976056,-0.019662887123976056,-0.019662887123976056,0.005622437745512773,0.005622437745512384,0.005622437745512694,0.0018319665124211227,0.0018319665124211224,0.0018319665124211227,5.036570969495911,5.036570969495911,5.036570969495911,6.162851410605437,6.162851410605437,6.162851410605437,0.0,0.0,-200.0,0.0,-7.208980413322681e-15,-203.72942235062783,0.0,-1.4389247772835927e-14,-200.00000245737616,-41.364443093744285,-41.364443093744306,-41.36444309374429,-0.8503172363024116,-0.850317236302412,-0.8503172363024121
0.81,-0.01960868389432255,-0.01960868389432255,-0.01960868389432255,0.005258299485446834,0.005258299485446449,0.005258299485446733,0.0018318881878461796,0.0018318881878461794,0.0018318881878461796,5.036570969495911,5.036570969495911,5.036570969495911,6.159766525679292,6.159766525679292,6.159766525679292,0.0,0.0,-200.0,0.0,-7.208937074853073e-15,-203.71913472102028,0.0,-1.4389247772835927e-14,-200.00000245737616,-41.263073990457485,-41.26307399045752,-41.2630739904575,-0.8504275323042602,-0.8504275323042609,-0.8504275323042606
0.82,-0.01955796870283169,-0.01955796870283169,-0.01955796870283169,0.004924324473850556,0.004924324473850175,0.004924324473850437,0.001831816528904528,0.001831816528904528,0.001831816528904528,5.036570969495911,5.036570969495911,5.036570969495911,6.156879676388571,6.156879676388571,6.156879676388571,0.0,0.0,-200.0,0.0,-7.208896538566966e-15,-203.70950786770285,0.0,-1.4389247772835927e-14,-200.00000245737616,-41.16798219060738,-41.16798219060739,-41.16798219060738,-0.85062983106135,-0.8506298310613498,-0.8506298310613498
0.83,-0.019510364092628574,-0.019510364092628574,-0.019510364092628574,0.004633681673417659,0.004633681673417264,0.004633681673417506,0.0018317543054550273,0.0018317543054550268,0.0018317543054550273,5.036570969495911,5.036570969495911,5.036570969495911,6.154168505117198,6.154168505117198,6.154168505117198,0.0,0.0,-200.0,0.0,0.0,-203.70046716695876,0.0,-1.4389247772835927e-14,-200.00000245737616,-41.07791649616713,-41.07791649616716,-41.077916496167134,-0.8508991870289933,-0.8508991870289944,-0.8508991870289935
0.84,-0.019465383699255753,-0.019465383699255753,-0.019465383699255753,0.004395393310109567,0.004395393310109165,0.004395393310109389,0.001831703386092442,0.001831703386092442,0.001831703386092442,5.036570969495911,5.036570969495911,5.036570969495911,6.151604652001896,6.151604652001896,6.151604652001896,0.0,0.0,-200.0,0.0,-7.2088225183022e-15,-203.69191799510213,0.0,-1.4389247772835927e-14,-200.00000245737616,-40.99154164838802,-40.991541648388036,-40.991541648388036,-0.8512104876109938,-0.8512104876109942,-0.8512104876109942
0.85,-0.019422473434455273,-0.019422473434455287,-0.019422473434455287,0.004214420431326389,0.004214420431326054,0.0042144204313262525,0.0018316647717903903,0.00183166477179039,0.0018316647717903903,5.036570969495911,5.036570969495911,5.036570969495911,6.149156108400091,6.149156108400091,6.149156108400091,0.0,0.0,-200.0,0.0,0.0,-203.68375357726967,0.0,-1.4389247772835927e-14,-200.00000245737616,-40.90752148300401,-40.907521483004054,-40.90752148300404,-0.8515398236087037,-0.8515398236087045,-0.8515398236087042
0.86,-0.019381050645409792,-0.019381050645409806,-0.019381050645409806,0.004091954787835482,0.0040919547878352,0.00409195478783538,0.0018316386693030444,0.001831638669303044,0.001831638669303044,5.036570969495911,5.036570969495911,5.036570969495911,6.146789442777399,6.1467894427774,6.1467894427774,0.0,0.0,-200.0,0.0,-1.0076429602273403e-14,-203.67586240930817,0.0,-1.4389247772835927e-14,-200.00000245737616,-40.824590801083694,-40.824590801083765,-40.82459080108375,-0.8518656083257314,-0.8518656083257332,-0.8518656083257329
0.87,-0.019340539423474162,-0.01934053942347419,-0.01934053942347419,0.0040258732548428666,0.004025873254842659,0.004025873254842826,0.0018316245940070348,0.0018316245940070348,0.0018316245940070348,5.036570969495911,5.036570969495911,5.036570969495911,6.144471796926824,6.144471796926826,6.144471796926826,0.0,0.0,-200.0,0.0,-5.735105754265145e-15,-203.66813491284373,0.0,-1.4389247772835927e-14,-200.00000245737616,-40.741613638305175,-40.74161363830524,-40.74161363830523,-0.8521694195272773,-0.8521694195272785,-0.8521694195272783
0.88,-0.01930040069205982,-0.01930040069205985,-0.01930040069205985,0.004011308223555634,0.004011308223555513,0.004011308223555664,0.0018316214925574166,0.0018316214925574168,0.0018316214925574168,5.036570969495911,5.036570969495911,5.036570969495911,6.1421725766799735,6.142172576679975,6.142172576679975,0.0,0.0,-200.0,0.0,-2.8674321354107943e-15,-203.66046907103618,0.0,-1.4389247772835927e-14,-200.00000245737616,-40.65762664293481,-40.65762664293487,-40.65762664293487,-0.8524365565549187,-0.85243655655492,-0.85243655655492
0.89,-0.019260156170872844,-0.019260156170872872,-0.019260156170872872,0.0040412874608153114,0.004041287460815285,0.004041287460815415,0.001831627876626982,0.001831627876626982,0.001831627876626982,5.036570969495911,5.036570969495911,5.036570969495911,6.1398647880394925,6.139864788039494,6.139864788039494,0.0,0.0,-200.0,0.0,-1.2943279919761265e-14,-203.6527748816669,0.0,-1.4389247772835927e-14,-200.00000245737616,-40.57186724032047,-40.571867240320536,-40.571867240320536,-0.8526563211372239,-0.8526563211372252,-0.8526563211372251
0.9,-0.019219405766566805,-0.019219405766566833,-0.019219405766566833,0.004107399487293158,0.004107399487293192,0.004107399487293323,0.0018316419599580828,0.0018316419599580824,0.0018316419599580824,5.036570969495911,5.036570969495911,5.036570969495911,6.1375259954497405,6.137525995449742,6.137525995449742,0.0,0.0,-200.0,0.0,-5.734376302367848e-15,-203.64497755009546,0.0,-1.4389247772835927e-14,-200.00000245737616,-40.48378712431988,-40.48378712431995,-40.48378712431995,-0.8528220441652913,-0.8528220441652928,-0.8528220441652931
0.91,-0.01917783835562087,-0.019177838355620896,-0.019177838355620896,0.004200445109254503,0.004200445109254623,0.004200445109254751,0.0018316617919265643,0.0018316617919265645,0.0018316617919265645,5.036570969495911,5.036570969495911,5.036570969495911,6.135138902470682,6.1351389024706835,6.1351389024706835,0.0,0.0,-200.0,0.0,-2.8670628231105223e-15,-203.63701942307353,0.0,-1.4389247772835927e-14,-200.00000245737616,-40.393052338883244,-40.393052338883315,-40.39305233888331,-0.8529308914692201,-0.852930891469221,-0.8529308914692209
0.92,-0.019135236286366097,-0.019135236286366125,-0.019135236286366125,0.0043110418429674145,0.004311041842967596,0.004311041842967707,0.0018316853818007948,0.0018316853818007945,0.0018316853818007945,5.036570969495911,5.036570969495911,5.036570969495911,6.132691575453436,6.132691575453438,6.132691575453438,0.0,0.0,-200.0,0.0,-1.2942426343193918e-14,-203.62886073218107,0.0,-1.4389247772835927e-14,-200.00000245737616,-40.299531772691545,-40.299531772691616,-40.29953177269161,-0.8529834891987147,-0.8529834891987156,-0.8529834891987156
0.93,-0.019091474221291357,-0.019091474221291385,-0.019091474221291385,0.004430155060827215,0.004430155060827461,0.004430155060827563,0.0018317108089032526,0.001831710808903253,0.001831710808903253,5.036570969495911,5.036570969495911,5.036570969495911,6.130177347262596,6.130177347262597,6.130177347262597,0.0,0.0,-200.0,0.0,-7.20852251115425e-15,-203.62047927048073,0.0,-1.4389247772835927e-14,-200.00000245737616,-40.203276275105104,-40.20327627510515,-40.20327627510514,-0.8529834137511515,-0.8529834137511518,-0.8529834137511516
0.94,-0.019046513161096706,-0.01904651316109672,-0.01904651316109672,0.004549537242596025,0.004549537242596268,0.004549537242596356,0.001831736314974554,0.0018317363149745543,0.0018317363149745543,5.036570969495911,5.036570969495911,5.036570969495911,6.127594450280878,6.127594450280879,6.127594450280879,0.0,0.0,-200.0,0.0,-2.8666667847247367e-15,-203.6118691666536,0.0,-1.4389247772835927e-14,-200.00000245737616,-40.10449081317434,-40.104490813174365,-40.10449081317437,-0.8529365924693199,-0.8529365924693205,-0.8529365924693211
0.95,-0.01900039063647152,-0.019000390636471534,-0.019000390636471534,0.004662064253675169,0.0046620642536754015,0.004662064253675499,0.0018317603762071596,0.0018317603762071596,0.0018317603762071596,5.036570969495911,5.036570969495911,5.036570969495911,6.12494543578098,6.1249454357809805,6.1249454357809805,0.0,0.0,-200.0,0.0,-2.866527750214145e-15,-203.6030389470605,0.0,-1.4389247772835927e-14,-200.00000245737616,-40.00350213797189,-40.003502137971914,-40.003502137971914,-0.8528506598769781,-0.8528506598769782,-0.8528506598769783
0.96,-0.018953208124757412,-0.018953208124757426,-0.018953208124757412,0.004761964679764364,0.004761964679764594,0.004761964679764681,0.001831781753637014,0.0018317817536370141,0.001831781753637014,5.036570969495911,5.036570969495911,5.036570969495911,6.122236440424363,6.122236440424364,6.122236440424363,0.0,0.0,-200.0,-2.482362729195406e-15,-1.4331927899272617e-15,-203.59400908843062,0.0,-1.4389247772835927e-14,-200.00000245737616,-39.900724333307984,-39.900724333308005,-39.90072433330797,-0.8527343104831837,-0.8527343104831843,-0.8527343104831835
0.97,-0.018905116752734055,-0.01890511675273407,-0.018905116752734055,0.004844944589504716,0.004844944589504956,0.0048449445895049695,0.001831799521806793,0.0018317995218067934,0.0018317995218067931,5.036570969495911,5.036570969495911,5.036570969495911,6.11947636052221,6.119476360522211,6.11947636052221,0.0,0.0,-200.0,-2.482237295321802e-15,-8.641493455315324e-15,-203.58480926345192,0.0,-1.4389247772835927e-14,-200.00000245737616,-39.79662440634536,-39.79662440634537,-39.796624406345344,-0.8525966836933174,-0.8525966836933176,-0.8525966836933171
0.98,-0.018856302292810156,-0.01885630229281017,-0.018856302292810156,0.004908215429646472,0.0049082154296467145,0.0049082154296466556,0.001831813076776102,0.0018318130767761022,0.001831813076776102,5.036570969495911,5.036570969495911,5.036570969495911,6.116675991303137,6.116675991303138,6.116675991303137,0.0,0.0,-200.0,0.0,0.0,-203.5754754701987,0.0,-1.4389247772835927e-14,-200.00000245737616,-39.69168977661658,-39.6916897766166,-39.69168977661657,-0.8524468096744329,-0.8524468096744329,-0.8524468096744329
0.99,-0.018806970358916,-0.018806970358916014,-0.018806970358916,0.004950436928534207,0.004950436928534445,0.004950436928534336,0.0018318221255769586,0.001831822125576959,0.0018318221255769586,5.036570969495911,5.036570969495911,5.036570969495911,6.113847182414146,6.113847182414147,6.113847182414146,0.0,0.0,-200.0,-2.481981507720798e-15,-8.641267278405413e-15,-203.566047216227,0.0,-1.4389247772835927e-14,-200.00000245737616,-39.58639915746384,-39.58639915746385,-39.58639915746384,-0.8522931376846353,-0.8522931376846353,-0.8522931376846357
1.0,0.22812611706623623,0.2281261170662362,0.22812611706623623,0.004971589828124719,0.004971589828124973,0.004971589828124809,0.0051702317158768725,0.005170231715876872,0.0051702317158768725,19.181950665421784,19.181950665421784,19.181950665421784,6.115182783940873,6.115182783940874,6.115182783940873,0.0,0.0,-250.0,-2.4820421927229277e-15,-8.641320932962616e-15,-203.57049865633763,0.0,0.0,-250.00000223057026,169.60189688680083,169.6018968868009,169.60189688680086,3.5308739695650937,3.5308739695650937,3.5308739695650937
1.01,0.224825646517687,0.224825646517687,0.224825646517687,-0.5930432072743356,-0.5930432072743353,-0.5930432072743356,0.004647236773325484,0.004647236773325485,0.004647236773325484,19.181950665421784,19.181950665421784,19.181950665421784,6.337733351782213,6.337733351782214,6.337733351782213,0.0,0.0,-250.0,0.0,0.0,-204.31327067163835,0.0,0.0,-250.00000223057026,177.55054725065955,177.55054725065952,177.55054725065958,2.681001296743052,2.681001296743052,2.681001296743052
1.02,0.2155115957545524,0.2155115957545524,0.2155115957545524,-1.2252646615785552,-1.225264661578555,-1.2252646615785552,0.0029108189559203684,0.0029108189559203684,0.0029108189559203684,19.181950665421784,19.181950665421784,19.181950665421784,6.908059495294632,6.908059495294632,6.908059495294632,0.0,0.0,-250.0,0.0,0.0,-206.2260223412528,0.0,0.0,-250.00000223057026,260.0137603395132,260.0137603395133,260.0137603395133,3.1690398055412476,3.1690398055412476,3.1690398055412476
1.03,0.19966124589245018,0.19966124589245018,0.19966124589245018,-1.8738765278833907,-1.8738765278833907,-1.8738765278833902,0.0018517351705986701,0.0018517351705986701,0.0018517351705986701,19.181950665421784,19.181950665421784,19.181950665421784,7.853169877675712,7.853169877675712,7.853169877675712,0.0,0.0,-250.0,0.0,-7.236075774967983e-15,-209.4244048910707,0.0,0.0,-250.00000223057026,359.7786464781852,359.77864647818524,359.77864647818524,2.978271609562464,2.978271609562464,2.9782716095624644
1.04,0.17752574566614385,0.17752574566614385,0.17752574566614385,-2.486072186450213,-2.4860721864502127,-2.486072186450213,0.0017978870411916718,0.0017978870411916718,0.0017978870411916718,19.181950665421784,19.181950665421784,19.181950665421784,9.15631130906897,9.15631130906897,9.15631130906897,0.0,0.0,-250.0,0.0,0.0,-213.89082184298272,0.0,0.0,-250.00000223057026,305.12640096609044,305.12640096609044,305.1264009660905,2.798214062918534,2.798214062918535,2.798214062918534
1.05,0.1494631357070288,0.1494631357070288,0.1494631357070288,-3.063089511359952,-3.0630895113599523,-3.0630895113599523,0.0017978400651233637,0.001797840065123363,0.001797840065123363,19.181950665421784,19.181950665421784,19.181950665421784,10.797045273341848,10.797045273341848,10.797045273341848,0.0,0.0,-250.0,0.0,-1.4599059356094953e-14,-219.60185715475689,0.0,0.0,-250.00000223057026,227.604112347638,227.60411234763808,227.60411234763808,2.6285030849975737,2.6285030849975737,2.6285030849975737
1.06,0.11611616676696593,0.11611616676696593,0.1161161667669659,-3.5192907763920416,-3.5192907763920425,-3.519290776392043,0.0017978400651233633,0.0017978400651233633,0.0017978400651233637,19.181950665421784,19.181950665421784,19.181950665421784,12.732437946989583,12.732437946989583,12.732437946989583,0.0,0.0,-250.0,0.0,0.0,-226.4535442354372,0.0,0.0,-250.00000223057026,142.02345960277873,142.0234596027788,142.02345960277864,1.1576613813499856,1.157661381349987,1.1576613813499832
1.07,0.07990714085995315,0.07990714085995315,0.0799071408599531,-3.640241473209836,-3.640241473209837,-3.6402414732098385,0.0026100267920478046,0.002610026792047805,0.0026100267920477938,19.181950665421784,19.181950665421784,19.181950665421784,14.812552305252119,14.812552305252119,14.812552305252122,0.0,0.0,-250.0,-5.537818375093051e-16,-7.1012011412519216e-15,-233.94079440100012,0.0,0.0,-250.00000223057026,36.951738182138996,36.95173818213895,36.95173818213911,-0.4199241577711969,-0.41992415777119835,-0.41992415777119546
1.08,0.043373173338806026,0.043373173338806026,0.04337317333880597,-3.634355354368609,-3.634355354368611,-3.634355354368611,0.0017978400651233635,0.0017978400651233633,0.0017978400651233633,19.181950665421784,19.181950665421784,19.181950665421784,16.904419252705097,16.904419252705097,16.9044192527051,0.0,0.0,-250.0,6.13021152893744e-15,-3.5392792764213786e-15,-241.58043382575275,0.0,0.0,-250.00000223057026,-18.889096977799753,-18.889096977799838,-18.889096977799984,-1.585779452497093,-1.585779452497095,-1.5857794524970976
1.09,0.007969194926778833,0.007969194926778778,0.007969194926778722,-3.4371835443912673,-3.437183544391269,-3.4371835443912686,0.0017978400651233633,0.0017978400651233633,0.0017978400651233635,19.181950665421784,19.181950665421784,19.181950665421784,18.92062504800468,18.920625048004684,18.920625048004688,0.0,0.0,-250.0,6.3941398594087174e-15,-1.0868307065972247e-14,-249.02936434108648,0.0,0.0,-250.00000223057026,-89.80996012924504,-89.80996012924527,-89.80996012924538,-2.720674682285221,-2.7206746822852255,-2.720674682285227
1.1,-0.024567144965808863,-0.024567144965808918,-0.024567144965808974,-3.0826313930911375,-3.0826313930911406,-3.08263139309114,0.001797840065123364,0.001797840065123364,0.0017978400651233633,19.181950665421784,19.181950665421784,19.181950665421784,20.763721201438152,20.763721201438155,20.76372120143816,0.0,0.0,-250.0,-2.7011990429955802e-18,-1.535902655856194e-14,-255.8960558739872,0.0,0.0,-250.00000223057026,-149.72365546147782,-149.72365546147807,-149.72365546147827,-3.6231505715448025,-3.6231505715448082,-3.623150571544812
1.11,-0.052868080188134325,-0.052868080188134436,-0.052868080188134436,-2.6084216008651255,-2.6084216008651286,-2.6084216008651273,0.0017978400651233637,0.0017978400651233637,0.0017978400651233635,19.181950665421784,19.181950665421784,19.181950665421784,22.357511450721645,22.357511450721653,22.357511450721653,0.0,0.0,-250.0,0.0,-3.9561696482157403e-14,-261.86631418616594,0.0,0.0,-250.00000223057026,-196.70560333824423,-196.70560333824466,-196.70560333824463,-4.272187371035067,-4.272187371035077,-4.272187371035077
1.12,-0.07609039438651921,-0.07609039438651932,-0.07609039438651932,-2.091625206162983,-2.0916252061629854,-2.091625206162984,0.0017978400651233635,0.0017978400651233637,0.0017978400651233635,19.181950665421784,19.181950665421784,19.181950665421784,23.658566616155074,23.65856661615508,23.65856661615508,0.0,0.0,-250.0,0.0,-3.989942896882123e-14,-266.7551207448141,0.0,0.0,-250.00000223057026,-231.26071830078212,-231.2607183007825,-231.2607183007825,-4.144595648964604,-4.1445956489646045,-4.144595648964604
1.13,-0.09427755397680898,-0.09427755397680909,-0.09427755397680909,-1.5989252518602532,-1.5989252518602552,-1.598925251860254,0.0017978400651233635,0.0017978400651233633,0.0017978400651233635,19.181950665421784,19.181950665421784,19.181950665421784,24.672517621452652,24.67251762145266,24.67251762145266,0.0,0.0,-250.0,0.0,-1.672661405938847e-14,-270.57081895301553,0.0,0.0,-250.00000223057026,-255.55354180302416,-255.55354180302476,-255.55354180302456,-3.999683897694778,-3.9996838976947786,-3.9996838976947786
1.14,-0.10766257262103252,-0.10766257262103268,-0.10766257262103263,-1.1286778498793475,-1.1286778498793495,-1.1286778498793477,0.0017978400651233633,0.0017978400651233637,0.0017978400651233635,19.181950665421784,19.181950665421784,19.181950665421784,25.412603295591346,25.412603295591353,25.41260329559135,0.0,0.0,-250.0,0.0,-2.4967694819991848e-14,-273.3574468568243,0.0,0.0,-250.00000223057026,-270.05499719950143,-270.05499719950194,-270.05499719950177,-3.8613758382846255,-3.861375838284626,-3.8613758382846255
1.15,-0.1164619093233959,-0.11646190932339606,-0.116461909323396,-0.6794924712593078,-0.67949247125931,-0.6794924712593088,0.0017978400651233637,0.001797840065123363,0.001797840065123363,19.181950665421784,19.181950665421784,19.181950665421784,25.89114899987671,25.89114899987672,25.891148999876716,0.0,0.0,-250.0,0.0,-2.6381276965543796e-14,-275.15946339896107,0.0,0.0,-250.00000223057026,-275.2125445411907,-275.2125445411914,-275.2125445411912,-3.7292624916278854,-3.729262491627886,-3.7292624916278854
1.16,-0.1208804847226903,-0.12088048472269053,-0.12088048472269042,-0.25037750994524577,-0.25037750994524804,-0.2503775099452469,0.0017978400651233637,0.0017978400651233635,0.0017978400651233637,19.181950665421784,19.181950665421784,19.181950665421784,26.119840667122475,26.11984066712249,26.11984066712248,0.0,0.0,-250.0,-2.2986444397921447e-14,-3.981368958255693e-14,-276.0205753853479,0.0,0.0,-250.00000223057026,-271.4567273778896,-271.4567273778903,-271.45672737788993,-3.6030522088848276,-3.6030522088848285,-3.6030522088848285
1.17,-0.12111461992378064,-0.12111461992378086,-0.12111461992378075,0.15944303270305932,0.159443032703057,0.15944303270305807,0.0017978513242974882,0.0017978513242974887,0.0017978513242974882,19.181950665421784,19.181950665421784,19.181950665421784,26.109882971262497,26.10988297126251,26.109882971262504,0.0,0.0,-250.0,-2.2980346901281572e-14,-3.730170494011735e-14,-275.9830821526141,0.0,0.0,-250.00000223057026,-259.19619782215057,-259.1961978221513,-259.1961978221508,-3.4825167551612437,-3.482516755161244,-3.482516755161244
1.18,-0.11735340536473787,-0.1173534053647381,-0.11735340536473798,0.5506663685311064,0.5506663685311041,0.5506663685311048,0.0017989964316390474,0.0017989964316390472,0.0017989964316390474,19.181950665421784,19.181950665421784,19.181950665421784,25.872070157077857,25.87207015707787,25.872070157077864,0.0,0.0,-250.0,-4.3605625690092884e-14,-3.436239910823072e-14,-275.08762182655374,0.0,0.0,-250.00000223057026,-238.66944507370192,-238.66944507370272,-238.6694450737024,-3.3674510681496277,-3.367451068149628,-3.367451068149628
1.19,-0.10977891727138828,-0.10977891727138855,-0.10977891727138844,0.9240096821382892,0.9240096821382869,0.9240096821382879,0.0018215871045154158,0.0018215871045154154,0.0018215871045154158,19.181950665421784,19.181950665421784,19.181950665421784,25.41679297776084,25.416792977760856,25.41679297776085,0.0,0.0,-250.0,-2.2560283380569094e-14,-5.500141173492236e-14,-273.3732236291483,0.0,0.0,-250.00000223057026,-207.9111651914508,-207.91116519145166,-207.91116519145123,-3.2576442112031088,-3.2576442112031097,-3.2576442112031097
1.2,-0.09865758739963071,-0.09865758739963099,-0.09865758739963087,1.2537325224066083,1.253732522406607,1.2537325224066074,0.0017984284276819772,0.0017984284276819772,0.0017984284276819768,19.181950665421784,19.181950665421784,19.181950665421784,24.761116570564134,24.761116570564152,24.761116570564145,0.0,0.0,-250.0,-2.8229961998756532e-14,-4.189902196977755e-14,-270.9043761394145,0.0,0.0,-250.00000223057026,-176.14390729008633,-176.14390729008713,-176.14390729008696,-2.790654562540571,-2.7906545625405856,-2.790654562540584
1.21,-0.08471979781405081,-0.08471979781405109,-0.08471979781405098,1.4866536109431958,1.4866536109431963,1.4866536109431956,0.0020415520578128976,0.0020415520578128767,0.0020415520578128846,19.181950665421784,19.181950665421784,19.181950665421784,23.950150053383346,23.95015005338336,23.950150053383357,0.0,0.0,-250.0,-7.443204848379273e-15,-2.935298207103481e-14,-267.85203142046817,0.0,0.0,-250.00000223057026,-121.36251030686151,-121.36251030686391,-121.36251030686299,-1.727114513578952,-1.7271145135789978,-1.727114513578979
1.22,-0.06938370168391561,-0.06938370168391589,-0.06938370168391578,1.5585864787802244,1.5585864787802253,1.5585864787802246,0.002282630094620292,0.0022826300946202937,0.0022826300946202924,19.181950665421784,19.181950665421784,19.181950665421784,23.067898841912243,23.06789884191226,23.067898841912253,0.0,0.0,-250.0,-4.1493610166413416e-14,-5.624537694789739e-14,-264.5343512417605,0.0,0.0,-250.00000223057026,-79.79848267715427,-79.79848267715478,-79.79848267715464,-1.0981115249349025,-1.0981115249349114,-1.098111524934909
1.23,-0.05377781612544241,-0.05377781612544269,-0.05377781612544258,1.5519488811028799,1.551948881102882,1.5519488811028799,0.0025386903133239338,0.0025386903133238787,0.0025386903133239012,19.181950665421784,19.181950665421784,19.181950665421784,22.174685975848682,22.1746859758487,22.174685975848693,0.0,0.0,-250.0,-1.371159780953328e-14,-3.1822593114612576e-14,-261.18026915442255,0.0,0.0,-250.00000223057026,-47.21933393921212,-47.21933393921406,-47.2193339392133,-0.4753752764576395,-0.47537527645767214,-0.4753752764576595
1.24,-0.038870792703963375,-0.03887079270396365,-0.03887079270396354,1.430042857839189,1.4300428578391922,1.4300428578391902,0.00466883545224659,0.004668835452246597,0.004668835452246593,19.181950665421784,19.181950665421784,19.181950665421784,21.327968774883697,21.327968774883715,21.327968774883708,0.0,0.0,-250.0,-1.3514798018575686e-14,-3.118086100090101e-14,-258.00682160970007,0.0,0.0,-250.00000223057026,-12.261097460122189,-12.261097460122397,-12.26109746012235,-0.021258035242346145,-0.02125803524234921,-0.02125803524234915
1.25,-0.025384612786775285,-0.025384612786775562,-0.02538461278677545,1.2796906774641363,1.2796906774641392,1.279690677464137,0.004264915959903633,0.004264915959903643,0.004264915959903636,19.181950665421784,19.181950665421784,19.181950665421784,20.563970021897877,20.563970021897894,20.563970021897887,0.0,0.0,-250.0,-6.599484356915229e-15,-4.206524040794441e-14,-255.1496820594062,0.0,0.0,-250.00000223057026,-3.8583297793451705,-3.8583297793454068,-3.858329779345374,0.07672330577368063,0.07672330577367703,0.07672330577367677
1.26,-0.013484825321275373,-0.013484825321275484,-0.013484825321275484,1.1143273306522812,1.1143273306522847,1.1143273306522825,0.003705427806011394,0.003705427806011407,0.0037054278060113994,19.181950665421784,19.181950665421784,19.181950665421784,19.891723579853302,19.891723579853306,19.891723579853306,0.0,0.0,-250.0,0.0,-1.4973605533511757e-14,-252.64148066279319,0.0,0.0,-250.00000223057026,4.580727044784059,4.580727044783982,4.580727044783941,0.17256948606658468,0.17256948606658473,0.17256948606658376
1.27,-0.0033244393205376643,-0.0033244393205377754,-0.0033244393205377754,0.9330752385599872,0.9330752385599907,0.9330752385599885,0.0030990001032225314,0.0030990001032225423,0.003099000103222535,19.181950665421784,19.181950665421784,19.181950665421784,19.32005913348816,19.32005913348817,19.32005913348817,0.0,0.0,-250.0,0.0,-2.994683525844151e-14,-250.51340336422325,0.0,0.0,-250.00000223057026,13.929164450825686,13.929164450825562,13.929164450825528,0.28036671294273796,0.2803667129427365,0.28036671294273535
1.28,0.004926745675456035,0.004926745675455924,0.004926745675455924,0.734091163202818,0.734091163202822,0.7340911632028196,0.0025930993130785962,0.0025930993130786045,0.0025930993130785993,19.181950665421784,19.181950665421784,19.181950665421784,18.85880396538558,18.858803965385587,18.858803965385587,0.0,0.0,-250.0,0.0,-2.2334466374216604e-14,-248.79990139260528,0.0,0.0,-250.00000223057026,23.894290825239292,23.89429082523911,23.89429082523909,0.3923509022514893,0.39235090225148667,0.3923509022514859
1.29,0.011096254152919094,0.011096254152919094,0.011096254152919038,0.5191913773536728,0.5191913773536767,0.5191913773536744,0.002259271427959706,0.0022592714279597104,0.002259271427959708,19.181950665421784,19.181950665421784,19.181950665421784,18.51769989694102,18.51769989694102,18.517699896941025,0.0,0.0,-250.0,1.2680191699861348e-14,-2.246344908944257e-14,-247.53494022821585,0.0,0.0,-250.00000223057026,32.21970543109613,32.21970543109618,32.21970543109604,0.4686965832710308,0.46869658327103253,0.4686965832710295
1.3,0.01506764299040697,0.01506764299040697,0.015067642990406915,0.2971395146873351,0.29713951468733885,0.29713951468733696,0.002068805908115711,0.002068805908115719,0.0020688059081157154,19.181950665421784,19.181950665421784,19.181950665421784,18.302881974622963,18.302881974622963,18.302881974622967,0.0,0.0,-250.0,6.311551724531938e-15,-1.876694756366653e-14,-246.7393077512651,0.0,0.0,-250.00000223057026,36.408064528104255,36.40806452810422,36.40806452810409,0.47158915631220605,0.47158915631220427,0.47158915631220244
1.31,0.01681977902769627,0.016819779027696324,0.01681977902769627,0.07655983502302786,0.07655983502303135,0.07655983502302968,0.0018521168761844388,0.0018521168761844401,0.0018521168761844397,19.181950665421784,19.181950665421784,19.181950665421784,18.215085501649867,18.215085501649867,18.215085501649867,0.0,0.0,-250.0,0.0,0.0,-246.41436155586226,0.0,0.0,-250.00000223057026,37.57393021524333,37.57393021524358,37.57393021524337,0.4218106711358887,0.42181067113589366,0.4218106711358892
1.32,0.016450117492258554,0.01645011749225861,0.016450117492258554,-0.12589929218569607,-0.1258992921856931,-0.1258992921856944,0.0018135450741543285,0.001813545074154329,0.0018135450741543285,19.181950665421784,19.181950665421784,19.181950665421784,18.24771218584065,18.247712185840644,18.24771218584065,0.0,0.0,-250.0,1.2608501986351768e-14,-2.7947313577967586e-16,-246.53510138265972,0.0,0.0,-250.00000223057026,31.32839823269139,31.328398232691644,31.328398232691466,0.252389115508663,0.25238911550866766,0.25238911550866444
1.33,0.014219016419954822,0.014219016419954988,0.014219016419954822,-0.2974270248345057,-0.2974270248345036,-0.2974270248345042,0.0018046448277770051,0.0018046448277770054,0.001804644827777005,19.181950665421784,19.181950665421784,19.181950665421784,18.385171982165634,18.385171982165627,18.385171982165634,0.0,0.0,-250.0,1.8967392251356236e-14,1.0950829022145745e-14,-247.0439958058395,0.0,0.0,-250.00000223057026,21.339368788501815,21.339368788502334,21.33936878850188,0.03087292313901589,0.030872923139024934,0.030872923139017325
1.34,0.01047335813853334,0.010473358138533506,0.01047335813853334,-0.43181319644709665,-0.4318131964470953,-0.4318131964470953,0.0017994658588058629,0.001799465858805863,0.001799465858805863,19.181950665421784,19.181950665421784,19.181950665421784,18.607257612978945,18.607257612978934,18.607257612978945,0.0,0.0,-250.0,1.9056153092085353e-14,1.1002075117434196e-14,-247.8668719559345,0.0,0.0,-250.00000223057026,9.09191384420236,9.091913844202855,9.091913844202407,-0.21717781224098837,-0.21717781224098012,-0.21717781224098756
1.35,0.005602900386307952,0.005602900386308118,0.005602900386307952,-0.5261430095580406,-0.52614300955804,-0.5261430095580394,0.001798411399813542,0.0017984113998135423,0.0017984113998135423,19.181950665421784,19.181950665421784,19.181950665421784,18.8914864673973,18.89148646739729,18.8914864673973,0.0,0.0,-250.0,3.870470408922208e-14,7.168941110703848e-15,-248.92120225161932,0.0,0.0,-250.00000223057026,-4.4259841715444646,-4.425984171543993,-4.4259841715444175,-0.4744707832396737,-0.4744707832396659,-0.47447078323967284
1.36,1.1424187975894728e-05,1.1424187976061262e-05,1.1424187975894728e-05,-0.5802106589464637,-0.5802106589464635,-0.5802106589464624,0.0017981480457093595,0.0017981480457093598,0.001798148045709359,19.181950665421784,19.181950665421784,19.181950665421784,19.214726199196885,19.214726199196875,19.214726199196885,0.0,0.0,-250.0,1.9150814580618083e-14,3.4527768593926637e-15,-250.12181490162246,0.0,0.0,-250.00000223057026,-18.274220786072256,-18.274220786071798,-18.27422078607221,-0.7251856674298524,-0.7251856674298447,-0.7251856674298512
1.37,-0.005908102312629782,-0.005908102312629615,-0.005908102312629782,-0.5960759374423533,-0.596075937442354,-0.5960759374423521,0.0017980961479513342,0.0017980961479513342,0.0017980961479513345,19.181950665421784,19.181950665421784,19.181950665421784,19.5545909209154,19.554590920915388,19.5545909209154,0.0,0.0,-250.0,3.912104405399562e-14,2.258654531555358e-14,-251.3859008691904,0.0,0.0,-250.00000223057026,-31.65388530573938,-31.653885305738964,-31.65388530573933,-0.9565332227620302,-0.9565332227620236,-0.9565332227620291
1.38,-0.011793637021238368,-0.011793637021238201,-0.011793637021238257,-0.5776106549571784,-0.5776106549571796,-0.5776106549571774,0.0017981575202294633,0.0017981575202294638,0.001798157520229464,19.181950665421784,19.181950665421784,19.181950665421784,19.890567979247557,19.890567979247546,19.89056797924755,0.0,0.0,-250.0,1.3053970916340116e-14,4.542092247956825e-14,-252.6371741581988,0.0,0.0,-250.00000223057026,-43.89411492240827,-43.894114922407844,-43.8941149224079,-1.1584019808083643,-1.1584019808083574,-1.158401980808355
1.39,-0.017329750606115912,-0.017329750606115746,-0.0173297506061158,-0.5300548886075371,-0.5300548886075387,-0.5300548886075364,0.001798386837099075,0.0017983868370990744,0.0017983868370990749,19.181950665421784,19.181950665421784,19.181950665421784,20.204891269980543,20.204891269980532,20.204891269980536,0.0,0.0,-250.0,0.0,1.5109315592202793e-14,-253.80920566539788,0.0,0.0,-250.00000223057026,-54.465924014188786,-54.465924014188424,-54.46592401418847,-1.323470780383108,-1.3234707803831034,-1.3234707803831032
1.4,-0.022258863276088336,-0.02225886327608817,-0.022258863276088225,-0.459574434389992,-0.45957443438999424,-0.45957443438999185,0.001799039222321486,0.001799039222321486,0.001799039222321486,19.181950665421784,19.181950665421784,19.181950665421784,20.483159795389433,20.483159795389426,20.483159795389426,0.0,0.0,-250.0,0.0,-6.901255702330078e-17,-254.84786942678,0.0,0.0,-250.00000223057026,-62.987653869857226,-62.98765386985685,-62.98765386985691,-1.447162396996735,-1.4471623969967304,-1.4471623969967307
1.41,-0.026388212156967794,-0.026388212156967628,-0.026388212156967683,-0.3728533385404015,-0.37285333854040403,-0.37285333854040165,0.0018009227264866655,0.0018009227264866648,0.0018009227264866653,19.181950665421784,19.181950665421784,19.181950665421784,20.7147138796334,20.71471387963339,20.714713879633393,0.0,0.0,-250.0,1.3293434383934112e-14,3.0686953196411944e-14,-255.71289544792927,0.0,0.0,-250.00000223057026,-69.21190128114151,-69.21190128114118,-69.21190128114122,-1.5272795578485168,-1.527279557848513,-1.5272795578485137
1.42,-0.029593194127577493,-0.029593194127577382,-0.029593194127577382,-0.2767704366786178,-0.2767704366786208,-0.27677043667861834,0.001805284640604931,0.001805284640604931,0.001805284640604931,19.181950665421784,19.181950665421784,19.181950665421784,20.89280807909241,20.892808079092408,20.892808079092408,0.0,0.0,-250.0,0.0,7.688680673634586e-15,-256.37863937185244,0.0,0.0,-250.00000223057026,-73.0245576831934,-73.02455768319321,-73.02455768319312,-1.5641142831938808,-1.5641142831938797,-1.5641142831938772
1.43,-0.031816192725772574,-0.03181619272577246,-0.03181619272577246,-0.17774409837074387,-0.17774409837074712,-0.1777440983707449,0.0018097768813950953,0.0018097768813950955,0.0018097768813950957,19.181950665421784,19.181950665421784,19.181950665421784,21.014504797594554,21.01450479759455,21.01450479759455,0.0,0.0,-250.0,0.0,2.506243757197752e-17,-256.833768100774,0.0,0.0,-250.00000223057026,-74.5942911415234,-74.5942911415232,-74.59429114152312,-1.5622521248544892,-1.5622521248544867,-1.5622521248544845
1.44,-0.0330604794233062,-0.033060479423306144,-0.03306047942330609,-0.08166560425924621,-0.0816656042592495,-0.08166560425924752,0.0018179728308647884,0.001817972830864788,0.0018179728308647882,19.181950665421784,19.181950665421784,19.181950665421784,21.080326496985236,21.080326496985233,21.08032649698523,0.0,0.0,-250.0,-6.72351913445082e-15,1.16129978708949e-14,-257.08000042559746,0.0,0.0,-250.00000223057026,-73.98145173958552,-73.9814517395855,-73.9814517395853,-1.5244995930584833,-1.5244995930584833,-1.524499593058479
1.45,-0.03338506793676943,-0.033385067936769375,-0.03338506793676932,0.006221740618285548,0.006221740618282326,0.006221740618283901,0.0018320958613152552,0.0018320958613152537,0.0018320958613152545,19.181950665421784,19.181950665421784,19.181950665421784,21.09394991694959,21.09394991694959,21.093949916949587,0.0,0.0,-250.0,-2.9457787226684773e-17,1.7007461385057433e-17,-257.1309701704197,0.0,0.0,-250.00000223057026,-71.41758739405356,-71.4175873940536,-71.41758739405334,-1.4563415458091167,-1.4563415458091193,-1.4563415458091138
1.46,-0.03289625602410973,-0.03289625602410978,-0.03289625602410967,0.0816529722074793,0.08165297220747636,0.08165297220747744,0.00185401918473413,0.0018540191847341292,0.0018540191847341294,19.181950665421784,19.181950665421784,19.181950665421784,21.061703276926984,21.061703276926988,21.06170327692698,0.0,0.0,-250.0,-2.002550527470903e-14,1.1531351188940084e-14,-257.0103280324558,0.0,0.0,-250.00000223057026,-67.25571315832482,-67.25571315832512,-67.2557131583248,-1.365099261683227,-1.3650992616832331,-1.3650992616832278
1.47,-0.031736098915765676,-0.03173609891576573,-0.03173609891576562,0.1416717233841995,0.14167172338419703,0.14167172338419765,0.0018830916883283307,0.0018830916883283294,0.0018830916883283292,19.181950665421784,19.181950665421784,19.181950665421784,20.991886463100755,20.99188646310076,20.99188646310075,0.0,0.0,-250.0,-1.3384822580686247e-14,-1.539917226345016e-14,-256.7491661977426,0.0,0.0,-250.00000223057026,-62.006983002938725,-62.00698300293901,-62.0069830029387,-1.2604404840486934,-1.260440484048699,-1.2604404840486934
1.48,-0.030067411372532715,-0.03006741137253277,-0.03006741137253266,0.18495824500455585,0.18495824500455377,0.18495824500455393,0.0019143642447974692,0.001914364244797468,0.0019143642447974679,19.181950665421784,19.181950665421784,19.181950665421784,20.893893798397393,20.893893798397396,20.89389379839739,0.0,0.0,-250.0,-2.666443323382415e-14,7.682991308488165e-15,-256.3826990753657,0.0,0.0,-250.00000223057026,-56.29736023915083,-56.29736023915107,-56.29736023915079,-1.1533907626741373,-1.1533907626741413,-1.1533907626741373
1.49,-0.028056884177039776,-0.02805688417703983,-0.028056884177039776,0.21185531571652644,0.21185531571652483,0.21185531571652472,0.0019399403833485385,0.0019399403833485365,0.0019399403833485365,19.181950665421784,19.181950665421784,19.181950665421784,20.777247785292236,20.77724778529224,20.777247785292236,0.0,0.0,-250.0,-6.6519095468556215e-15,-1.1523047381890063e-14,-255.94661518784173,0.0,0.0,-250.00000223057026,-50.704383972118315,-50.70438397211856,-50.704383972118436,-1.0534608679200563,-1.053460867920061,-1.0534608679200588
1.5,-0.025860535946129304,-0.02586053594612936,-0.025860535946129304,0.22392975415943342,0.22392975415943228,0.22392975415943184,0.0019533315244565632,0.0019533315244565624,0.0019533315244565615,19.181950665421784,19.181950665421784,19.181950665421784,20.650792907070755,20.65079290707076,20.650792907070755,0.0,0.0,-250.0,-6.633886049614838e-15,-3.83007589651843e-15,-255.47403905502244,0.0,0.0,-250.00000223057026,-45.59792249230177,-45.59792249230199,-45.59792249230189,-0.9661714262932858,-0.96617142629329,-0.9661714262932886
1.51,-0.02361503050012409,-0.023615030500124146,-0.02361503050012409,0.22332622550897302,0.2233262255089721,0.22332622550897158,0.001952631696754924,0.0019526316967549229,0.0019526316967549218,19.181950665421784,19.181950665421784,19.181950665421784,20.522235032225815,20.52223503222582,20.522235032225815,0.0,0.0,-250.0,-2.6514746403280828e-14,-1.5308295973428846e-14,-254.99379892391178,0.0,0.0,-250.00000223057026,-41.127118235410855,-41.12711823541105,-41.12711823541095,-0.893212338191906,-0.8932123381919096,-0.8932123381919079
1.52,-0.021434802687749943,-0.021434802687750054,-0.02143480268775,0.2122804951597455,0.2122804951597451,0.21228049515974443,0.0019403907455464854,0.0019403907455464852,0.0019403907455464845,19.181950665421784,19.181950665421784,19.181950665421784,20.39800305612786,20.398003056127866,20.398003056127862,0.0,0.0,-250.0,-1.3196128114251708e-14,-1.523757623804802e-14,-254.52991026116536,0.0,0.0,-250.00000223057026,-37.311242927888244,-37.31124292788854,-37.31124292788844,-0.8341876924705642,-0.8341876924705696,-0.8341876924705679
1.53,-0.019412480117387665,-0.019412480117387776,-0.019412480117387776,0.19291569823506924,0.19291569823506918,0.1929156982350684,0.0019213671889913094,0.001921367188991309,0.0019213671889913083,19.181950665421784,19.181950665421784,19.181950665421784,20.283283305282207,20.283283305282215,20.283283305282215,0.0,0.0,-250.0,0.0,-3.811416301481352e-14,-254.10171204291444,0.0,0.0,-250.00000223057026,-34.13303986131377,-34.13303986131407,-34.13303986131411,-0.7882079232414554,-0.7882079232414609,-0.7882079232414633
1.54,-0.01762018506065044,-0.01762018506065055,-0.01762018506065055,0.16722894200612204,0.16722894200612243,0.1672289420061217,0.001900255034336756,0.001900255034336756,0.0019002550343367559,19.181950665421784,19.181950665421784,19.181950665421784,20.18209422579355,20.182094225793556,20.182094225793556,0.0,0.0,-250.0,0.0,-3.8122626799537664e-14,-253.72415732457458,0.0,0.0,-250.00000223057026,-31.586098979699003,-31.586098979699276,-31.586098979699305,-0.7546380317137044,-0.7546380317137095,-0.7546380317137097
1.55,-0.016110527090639815,-0.016110527090639926,-0.016110527090639926,0.13714124711372416,0.1371412471137249,0.13714124711372414,0.001880396012014263,0.001880396012014263,0.0018803960120142627,19.181950665421784,19.181950665421784,19.181950665421784,20.097340360794075,20.097340360794078,20.097340360794078,0.0,0.0,-250.0,0.0,-1.5140009194089457e-14,-253.40802784131373,0.0,0.0,-250.00000223057026,-29.680724860490084,-29.680724860490336,-29.68072486049038,-0.73313781832394,-0.7331378183239445,-0.7331378183239454
1.56,-0.014917174175716474,-0.014917174175716585,-0.014917174175716585,0.10452544369982143,0.10452544369982253,0.1045254436998218,0.0018635412711819218,0.0018635412711819218,0.0018635412711819213,19.181950665421784,19.181950665421784,19.181950665421784,20.030843732102785,20.03084373210279,20.03084373210279,0.0,0.0,-250.0,0.0,-3.0321901755845576e-14,-253.1600637351981,0.0,0.0,-250.00000223057026,-28.428227699588906,-28.42822769958916,-28.428227699589197,-0.7233761160253086,-0.7233761160253133,-0.7233761160253139
1.57,-0.01405540729260163,-0.014055407292601685,-0.014055407292601685,0.0711857062823469,0.07118570628234829,0.0711857062823476,0.0018501860579416816,0.0018501860579416822,0.0018501860579416822,19.181950665421784,19.181950665421784,19.181950665421784,19.983377062247868,19.98337706224787,19.98337706224787,0.0,0.0,-250.0,0.0,-7.551630222583374e-15,-252.9830979673564,0.0,0.0,-250.00000223057026,-27.82291248956482,-27.822912489564906,-27.822912489564942,-0.724729733602181,-0.7247297336021826,-0.7247297336021831
1.58,-0.013523111087069828,-0.013523111087069828,-0.013523111087069828,0.03879828370331668,0.038798283703318184,0.03879828370331748,0.0018400783445637584,0.0018400783445637588,0.0018400783445637584,19.181950665421784,19.181950665421784,19.181950665421784,19.954724068620166,19.954724068620166,19.954724068620166,0.0,0.0,-250.0,0.0,0.0,-252.87628825263891,0.0,0.0,-250.00000223057026,-27.83111027771483,-27.831110277714767,-27.831110277714803,-0.7361316131234957,-0.7361316131234924,-0.7361316131234932
1.59,-0.0133024536932706,-0.0133024536932706,-0.0133024536932706,0.008838345885364526,0.008838345885365882,0.008838345885365192,0.001832669230259229,0.0018326692302592295,0.001832669230259229,19.181950665421784,19.181950665421784,19.181950665421784,19.94377991223884,19.94377991223884,19.94377991223884,0.0,0.0,-250.0,0.0,0.0,-252.8354946746506,0.0,0.0,-250.00000223057026,-28.38883852998216,-28.388838529982102,-28.388838529982127,-0.7560588439251118,-0.7560588439251109,-0.7560588439251114
1.6,-0.013362270196047021,-0.013362270196047021,-0.013362270196047021,-0.017485399872397073,-0.01748539987239584,-0.017485399872396494,0.001827377084868343,0.001827377084868343,0.0018273770848683429,19.181950665421784,19.181950665421784,19.181950665421784,19.94869141566102,19.94869141566102,19.94869141566102,0.0,0.0,-250.0,0.0,0.0,-252.8538017593126,0.0,0.0,-250.00000223057026,-29.406366868190773,-29.406366868190723,-29.406366868190755,-0.7826325546315708,-0.78263255463157,-0.7826325546315706
1.61,-0.013660996801583392,-0.013660996801583392,-0.013660996801583392,-0.03927617778081119,-0.039276177780810065,-0.03927617778081071,0.0018236958124917882,0.0018236958124917882,0.001823695812491788,19.181950665421784,19.181950665421784,19.181950665421784,19.96702764203703,19.96702764203703,19.96702764203703,0.0,0.0,-250.0,0.0,-7.640864376418865e-15,-252.92215090152334,0.0,0.0,-250.00000223057026,-30.776313409015174,-30.77631340901514,-30.776313409015145,-0.8137740940306725,-0.8137740940306721,-0.813774094030672
1.62,-0.014149924853364138,-0.014149924853364138,-0.014149924853364138,-0.055969990099947936,-0.05596999009994692,-0.05596999009994751,0.001821237064530335,0.0018212370645303345,0.0018212370645303345,19.181950665421784,19.181950665421784,19.181950665421784,19.995967396099175,19.995967396099175,19.995967396099175,0.0,0.0,-250.0,0.0,0.0,-253.0300344389451,0.0,0.0,-250.00000223057026,-32.38229550505799,-32.382295505057954,-32.382295505057975,-0.8473535871406679,-0.8473535871406679,-0.847353587140668
1.63,-0.014776533010535775,-0.014776533010535775,-0.014776533010535775,-0.06733306295690135,-0.0673330629569004,-0.06733306295690095,0.0018197226689934962,0.0018197226689934968,0.0018197226689934966,19.181950665421784,19.181950665421784,19.181950665421784,20.032489871272094,20.032489871272094,20.032489871272094,0.0,0.0,-250.0,0.0,-1.5288316183862608e-14,-253.16620143185264,0.0,0.0,-250.00000223057026,-34.10721138184727,-34.10721138184723,-34.10721138184725,-0.8813293807291801,-0.8813293807291794,-0.8813293807291798
1.64,-0.015487680823693728,-0.015487680823693728,-0.015487680823693728,-0.07343934128623537,-0.07343934128623447,-0.07343934128623505,0.0018189563552183966,0.0018189563552183964,0.0018189563552183964,19.181950665421784,19.181950665421784,19.181950665421784,20.07355623366409,20.07355623366409,20.07355623366409,0.0,0.0,-250.0,0.0,0.0,-253.31933073164387,0.0,0.0,-250.00000223057026,-35.84051042628392,-35.840510426283885,-35.84051042628392,-0.9138643143610117,-0.9138643143610113,-0.9138643143610121
1.65,-0.016232483979817525,-0.016232483979817525,-0.016232483979817525,-0.0746318689464411,-0.0746318689464403,-0.07463186894644082,0.001818810330409396,0.0018188103304093964,0.0018188103304093957,19.181950665421784,19.181950665421784,19.181950665421784,20.11627207699868,20.11627207699868,20.11627207699868,0.0,0.0,-250.0,0.0,0.0,-253.47863441328397,0.0,0.0,-250.00000223057026,-37.48374186142524,-37.48374186142519,-37.48374186142522,-0.9434055608149524,-0.9434055608149516,-0.9434055608149523
1.66,-0.01696474142601495,-0.01696474142601495,-0.01696474142601495,-0.07147339406620808,-0.07147339406620735,-0.07147339406620785,0.001819199649985106,0.0018191996499851064,0.0018191996499851057,19.181950665421784,19.181950665421784,19.181950665421784,20.158023604156842,20.158023604156842,20.158023604156842,0.0,0.0,-250.0,0.0,0.0,-253.63436502562362,0.0,0.0,-250.00000223057026,-38.954885522905585,-38.95488552290555,-38.95488552290559,-0.9687432578855942,-0.9687432578855937,-0.9687432578855946
1.67,-0.017644825635970973,-0.017644825635970973,-0.017644825635970973,-0.06468989500069867,-0.06468989500069801,-0.0646898950006985,0.001820064269910735,0.001820064269910735,0.0018200642699107352,19.181950665421784,19.181950665421784,19.181950665421784,20.19658267011382,20.19658267011382,20.19658267011382,0.0,0.0,-250.0,0.0,0.0,-253.7782082057756,0.0,0.0,-250.00000223057026,-40.19111765053455,-40.19111765053454,-40.191117650534544,-0.9890397009125403,-0.9890397009125401,-0.9890397009125405
1.68,-0.018240990277457403,-0.018240990277457347,-0.018240990277457403,-0.05511145565016118,-0.05511145565016067,-0.055111455650161026,0.001821356800146384,0.001821356800146384,0.001821356800146384,19.181950665421784,19.181950665421784,19.181950665421784,20.230178315739668,20.230178315739664,20.230178315739668,0.0,0.0,-250.0,6.5201500747768494e-15,3.764410400829172e-15,-253.9035512712815,0.0,0.0,-250.00000223057026,-41.15008910353149,-41.15008910353132,-41.1500891035315,-1.0038327731276082,-1.0038327731276055,-1.0038327731276082
1.69,-0.018730090731637394,-0.01873009073163734,-0.018730090731637394,-0.043614399538814554,-0.04361439953881434,-0.04361439953881445,0.001823029611917836,0.0018230296119178362,0.001823029611917836,19.181950665421784,19.181950665421784,19.181950665421784,20.25753475010117,20.257534750101165,20.25753475010117,0.0,0.0,-250.0,1.310490515055294e-14,7.566120516376253e-15,-254.0056270276074,0.0,0.0,-250.00000223057026,-41.809954578799285,-41.80995457879912,-41.80995457879929,-1.013019806217248,-1.0130198062172455,-1.0130198062172484
1.7,-0.019097742630340753,-0.019097742630340697,-0.019097742630340753,-0.03106677700286467,-0.03106677700286471,-0.031066777002864594,0.0018250162096054557,0.0018250162096054559,0.0018250162096054557,19.181950665421784,19.181950665421784,19.181950665421784,20.27787734210108,20.277877342101075,20.27787734210108,0.0,0.0,-250.0,6.581138053866822e-15,-3.857000492173482e-15,-254.0815380883672,0.0,0.0,-250.00000223057026,-42.168383462118136,-42.16838346211797,-42.168383462118136,-1.016823000158911,-1.0168230001589087,-1.0168230001589116
1.71,-0.019337974366204047,-0.01933797436620399,-0.019337974366204047,-0.018281522375709895,-0.01828152237571016,-0.018281522375709847,0.0018272324512838552,0.0018272324512838554,0.0018272324512838552,19.181950665421784,19.181950665421784,19.181950665421784,20.29091007379168,20.290910073791675,20.29091007379168,0.0,0.0,-250.0,1.3165942799111183e-14,7.601360619202058e-15,-254.1301742260335,0.0,0.0,-250.00000223057026,-42.24020574844881,-42.24020574844867,-42.240205748448815,-1.015737482377079,-1.0157374823770768,-1.0157374823770793
1.72,-0.01945245381330929,-0.019452453813309234,-0.01945245381330929,-0.005977468014164098,-0.005977468014164579,-0.005977468014164094,0.001829567986605175,0.0018295679866051746,0.001829567986605175,19.181950665421784,19.181950665421784,19.181950665421784,20.296769057269774,20.29676905726977,20.296769057269774,0.0,0.0,-250.0,1.3167591668604187e-14,-5.5277036061309574e-17,-254.15203975212827,0.0,0.0,-250.00000223057026,-42.05453620766113,-42.05453620766101,-42.05453620766114,-1.010468780150695,-1.0104687801506937,-1.0104687801506957
1.73,-0.01944938591922224,-0.019449385919222184,-0.01944938591922224,0.005248469046556771,0.005248469046556113,0.005248469046556751,0.0018318860761644751,0.0018318860761644747,0.0018318860761644751,19.181950665421784,19.181950665421784,19.181950665421784,20.295957835645083,20.29595783564508,20.295957835645083,0.0,0.0,-250.0,2.643062567235084e-14,-5.5367294864970347e-17,-254.14901227464216,0.0,0.0,-250.00000223057026,-41.651306151378556,-41.65130615137845,-41.651306151378556,-1.0018683617676927,-1.0018683617676916,-1.0018683617676927
1.74,-0.019342186024737806,-0.019342186024737806,-0.019342186024737806,0.014938952889966807,0.014938952889966021,0.014938952889966755,0.0018340492944363708,0.0018340492944363706,0.0018340492944363708,19.181950665421784,19.181950665421784,19.181950665421784,20.289270428404915,20.289270428404915,20.289270428404915,0.0,0.0,-250.0,0.0,0.0,-254.12405520391383,0.0,0.0,-250.00000223057026,-41.07705046805243,-41.07705046805246,-41.07705046805244,-0.990854858209942,-0.9908548582099435,-0.9908548582099427
1.75,-0.019148043255036995,-0.01914804325503705,-0.019148043255036995,0.02278238835855444,0.022782388358553857,0.022782388358554357,0.0018359143027614107,0.0018359143027614107,0.0018359143027614107,19.181950665421784,19.181950665421784,19.181950665421784,20.27770871623029,20.277708716230293,20.27770871623029,0.0,0.0,-250.0,-6.581114337635014e-15,-3.799608134401281e-15,-254.0809088169408,0.0,0.0,-250.00000223057026,-40.38159575892703,-40.38159575892719,-40.38159575892703,-0.978358956922636,-0.9783589569226393,-0.9783589569226361
1.76,-0.018886470060882343,-0.0188864700608824,-0.018886470060882343,0.028610031266448146,0.028610031266447813,0.028610031266448028,0.0018373710750736688,0.0018373710750736688,0.0018373710750736688,19.181950665421784,19.181950665421784,19.181950665421784,20.262399561779254,20.262399561779258,20.262399561779254,0.0,0.0,-250.0,-6.52777958923068e-15,-3.768815303052876e-15,-254.02378023033904,0.0,0.0,-250.00000223057026,-39.61412372099868,-39.61412372099884,-39.614123720998684,-0.9652561105122093,-0.9652561105122128,-0.9652561105122096
1.77,-0.018577933769668264,-0.01857793376966832,-0.018577933769668264,0.03238413810921405,0.03238413810921394,0.032384138109213916,0.0018383507846198488,0.0018383507846198486,0.0018383507846198488,19.181950665421784,19.181950665421784,19.181950665421784,20.24451711687579,20.244517116875794,20.24451711687579,0.0,0.0,-250.0,5.2903972966322435e-17,3.054412303330677e-17,-253.95705280178024,0.0,0.0,-250.00000223057026,-38.82053714009574,-38.8205371400959,-38.82053714009575,-0.9523279376973411,-0.952327937697344,-0.9523279376973417
1.78,-0.018242634715725736,-0.018242634715725792,-0.018242634715725736,0.03418129404683394,0.03418129404683404,0.03418129404683379,0.0018388267673794159,0.0018388267673794152,0.0018388267673794159,19.181950665421784,19.181950665421784,19.181950665421784,20.225213795373076,20.22521379537308,20.225213795373076,0.0,0.0,-250.0,-3.2978209952839234e-14,-2.669391002596724e-14,-253.88502806463055,0.0,0.0,-250.00000223057026,-38.04152314443351,-38.04152314443367,-38.041523144433526,-0.9402336422908073,-0.9402336422908103,-0.9402336422908081
1.79,-0.017899475214729288,-0.017899475214729343,-0.017899475214729288,0.03417151684645619,0.03417151684645647,0.034171516846456,0.0018388241610942009,0.001838824161094201,0.0018388241610942009,19.181950665421784,19.181950665421784,19.181950665421784,20.20556241381128,20.205562413811283,20.20556241381128,0.0,0.0,-250.0,-6.570978566430389e-15,-3.793756244167846e-15,-253.81170958650108,0.0,0.0,-250.00000223057026,-37.31100417180564,-37.31100417180578,-37.31100417180565,-0.929491252827485,-0.9294912528274871,-0.9294912528274849
1.8,-0.01756524829445244,-0.017565248294452496,-0.01756524829445244,0.03259581037170711,0.032595810371707556,0.03259581037170692,0.0018384065261751437,0.0018384065261751433,0.0018384065261751437,19.181950665421784,19.181950665421784,19.181950665421784,20.186510997888558,20.186510997888558,20.186510997888558,0.0,0.0,-250.0,0.0,0.0,-253.74063433396898,0.0,0.0,-250.00000223057026,-36.65556291770986,-36.65556291771,-36.65556291770987,-0.9204745985044573,-0.9204745985044603,-0.9204745985044582
1.81,-0.01725405178997852,-0.017254051789978575,-0.017254051789978575,0.029743707142628986,0.02974370714262958,0.029743707142628795,0.0018376625660507994,0.0018376625660507992,0.0018376625660507997,19.181950665421784,19.181950665421784,19.181950665421784,20.168850495972062,20.168850495972066,20.168850495972066,0.0,0.0,-250.0,0.0,-2.2744700555644225e-14,-253.67475239089163,0.0,0.0,-250.00000223057026,-36.09426261828159,-36.09426261828173,-36.09426261828176,-0.9134170050744832,-0.9134170050744859,-0.9134170050744864
1.82,-0.016976922178700893,-0.01697692217870095,-0.01697692217870095,0.025931821426141297,0.02593182142614205,0.0259318214261413,0.0018366931866441146,0.0018366931866441152,0.0018366931866441146,19.181950665421784,19.181950665421784,19.181950665421784,20.153195020115994,20.153195020115998,20.153195020115998,0.0,0.0,-250.0,0.0,-7.579033410537468e-15,-253.61635353704867,0.0,0.0,-250.00000223057026,-35.63881243436316,-35.638812434363246,-35.6388124343633,-0.9084202932027619,-0.9084202932027631,-0.9084202932027643
1.83,-0.01674167424766787,-0.016741674247667926,-0.016741674247667926,0.021484078127317008,0.02148407812731791,0.021484078127317195,0.001835598310228511,0.0018355983102285108,0.0018355983102285112,19.181950665421784,19.181950665421784,19.181950665421784,20.139973779498014,20.139973779498018,20.139973779498018,0.0,0.0,-250.0,0.0,-1.5226489570799146e-14,-253.56703748952367,0.0,0.0,-250.00000223057026,-35.294055779633226,-35.29405577963335,-35.29405577963337,-0.9054692122388904,-0.9054692122388928,-0.9054692122388928
1.84,-0.016552923906776762,-0.016552923906776762,-0.016552923906776762,0.016714708955967914,0.016714708955968768,0.016714708955968095,0.0018344624150325574,0.0018344624150325578,0.0018344624150325574,19.181950665421784,19.181950665421784,19.181950665421784,20.129433346124124,20.129433346124124,20.129433346124124,0.0,0.0,-250.0,0.0,-7.649060018724377e-15,-253.52772266191894,0.0,0.0,-250.00000223057026,-35.05874581629313,-35.05874581629309,-35.058745816293126,-0.9044488281825188,-0.9044488281825183,-0.9044488281825188
1.85,-0.016412267520334256,-0.0164122675203342,-0.016412267520334256,0.01191363493796792,0.011913634937968562,0.011913634937968069,0.0018333574168996301,0.00183335741689963,0.0018333574168996301,19.181950665421784,19.181950665421784,19.181950665421784,20.12164875256672,20.121648752566717,20.12164875256672,0.0,0.0,-250.0,6.559217621829202e-15,3.786966059636427e-15,-253.49868779565114,0.0,0.0,-250.00000223057026,-34.926239720017904,-34.92623972001773,-34.92623972001789,-0.905160889309059,-0.905160889309056,-0.9051608893090587
1.86,-0.016318591468525045,-0.01631859146852499,-0.016318591468525045,0.007334876194538315,0.007334876194538695,0.007334876194538439,0.0018323382235472324,0.0018323382235472321,0.0018323382235472324,19.181950665421784,19.181950665421784,19.181950665421784,20.116541873941042,20.11654187394104,20.116541873941042,0.0,0.0,-250.0,6.558502836426393e-15,3.786553378091702e-15,-253.47964066564057,0.0,0.0,-250.00000223057026,-34.885533063214346,-34.88553306321419,-34.88553306321433,-0.9073445511625141,-0.9073445511625117,-0.9073445511625139
1.87,-0.016268480085639248,-0.016268480085639192,-0.016268480085639248,0.003188110461648788,0.0031881104616489136,0.003188110461648879,0.0018314467216853539,0.001831446721685354,0.0018314467216853539,19.181950665421784,19.181950665421784,19.181950665421784,20.113905267251948,20.113905267251944,20.113905267251948,0.0,0.0,-250.0,6.49266907108313e-15,3.748544235949004e-15,-253.469807045665,0.0,0.0,-250.00000223057026,-34.92226862302084,-34.92226862302067,-34.92226862302083,-0.9106957602326902,-0.9106957602326871,-0.9106957602326896
1.88,-0.01625669024012616,-0.016256690240126104,-0.01625669024012616,-0.0003664208283728617,-0.0003664208283729494,-0.00036642082837279473,0.0018307036531602437,0.0018307036531602435,0.0018307036531602437,19.181950665421784,19.181950665421784,19.181950665421784,20.11342963325683,20.113429633256825,20.11342963325683,0.0,0.0,-250.0,1.3116134571059663e-14,-7.564497165026405e-17,-253.468033107119,0.0,0.0,-250.00000223057026,-35.020037993796414,-35.02003799379628,-35.02003799379642,-0.9148910482760023,-0.9148910482760003,-0.9148910482760025
1.89,-0.016276658000002275,-0.01627665800000222,-0.016276658000002275,-0.003219797968320346,-0.00321979796832066,-0.003219797968320309,0.0018301205195427961,0.0018301205195427963,0.0018301205195427961,19.181950665421784,19.181950665421784,19.181950665421784,20.11473294047683,20.114732940476827,20.11473294047683,0.0,0.0,-250.0,-6.538526490864557e-17,-7.686065031825339e-15,-253.4728939671919,0.0,0.0,-250.00000223057026,-35.16129503691674,-35.16129503691659,-35.16129503691674,-0.9196028742351027,-0.9196028742351005,-0.9196028742351025
1.9,-0.01632101055208729,-0.016321010552087234,-0.01632101055208729,-0.005313744700721587,-0.005313744700722097,-0.005313744700721585,0.0018296999925792663,0.0018296999925792663,0.0018296999925792663,19.181950665421784,19.181950665421784,19.181950665421784,20.117389700659356,20.117389700659356,20.117389700659356,0.0,0.0,-250.0,0.0,0.0,-253.48280278197075,0.0,0.0,-250.00000223057026,-35.32843260880921,-35.32843260880909,-35.3284326088092,-0.9245179449037839,-0.9245179449037823,-0.9245179449037839
1.91,-0.016382056170316905,-0.01638205617031685,-0.016382056170316905,-0.006637288183121491,-0.006637288183122163,-0.006637288183121489,0.0018294373667525016,0.0018294373667525024,0.0018294373667525016,19.181950665421784,19.181950665421784,19.181950665421784,20.12095883737255,20.120958837372548,20.12095883737255,0.0,0.0,-250.0,6.559121051194942e-15,3.786910304554741e-15,-253.49611459824052,0.0,0.0,-250.00000223057026,-35.50471789024785,-35.504717890247704,-35.50471789024786,-0.929351843505458,-0.9293518435054563,-0.9293518435054583
1.92,-0.0164522290348475,-0.016452229034847443,-0.0164522290348475,-0.007221357508887737,-0.007221357508888561,-0.007221357508887749,0.001829322247597282,0.0018293222475972816,0.001829322247597282,19.181950665421784,19.181950665421784,19.181950665421784,20.125008852566083,20.12500885256608,20.125008852566083,0.0,0.0,-250.0,6.495289965055005e-15,3.750057409789182e-15,-253.51122015103422,0.0,0.0,-250.00000223057026,-35.67506504594999,-35.6750650459499,-35.67506504595,-0.9338604048267882,-0.9338604048267871,-0.9338604048267884
1.93,-0.016524471113653738,-0.016524471113653683,-0.016524471113653738,-0.007131841102688134,-0.007131841102689095,-0.007131841102688167,0.0018293398604699769,0.0018293398604699762,0.0018293398604699769,19.181950665421784,19.181950665421784,19.181950665421784,20.129139301884123,20.12913930188412,20.129139301884123,0.0,0.0,-250.0,6.560266239543728e-15,3.787571479356185e-15,-253.52662592541475,0.0,0.0,-250.00000223057026,-35.82663088521821,-35.82663088521811,-35.82663088521821,-0.9378476470554878,-0.9378476470554863,-0.9378476470554878
1.94,-0.01659253870731986,-0.016592538707319804,-0.01659253870731986,-0.006461652362825197,-0.00646165236282629,-0.00646165236282525,0.001829472076903462,0.0018294720769034625,0.001829472076903462,19.181950665421784,19.181950665421784,19.181950665421784,20.13299789983659,20.132997899836585,20.13299789983659,0.0,0.0,-250.0,6.560806506210127e-15,-3.861357409713738e-15,-253.5410179495665,0.0,0.0,-250.00000223057026,-35.94921967835038,-35.94921967835027,-35.94921967835039,-0.9411701932027068,-0.9411701932027051,-0.9411701932027069
1.95,-0.01665122675022679,-0.016651226750226733,-0.01665122675022679,-0.005322347722269233,-0.005322347722270434,-0.005322347722269294,0.001829698277600606,0.001829698277600605,0.001829698277600606,19.181950665421784,19.181950665421784,19.181950665421784,20.136292890145096,20.136292890145093,20.136292890145096,0.0,0.0,-250.0,6.5612679089154304e-15,-3.861258174880891e-15,-253.55330795180444,0.0,0.0,-250.00000223057026,-36.03549581204047,-36.03549581204039,-36.03549581204048,-0.943738324661383,-0.9437383246613822,-0.9437383246613833
1.96,-0.016696509227197565,-0.01669650922719751,-0.016696509227197565,-0.003835805014864142,-0.0038358050148654555,-0.0038358050148642143,0.001829996162012314,0.0018299961620123135,0.001829996162012314,19.181950665421784,19.181950665421784,19.181950665421784,20.13880061604948,20.138800616049476,20.13880061604948,0.0,0.0,-250.0,2.6372621837353353e-14,1.522624031703216e-14,-253.56266162778815,0.0,0.0,-250.00000223057026,-36.08101439855477,-36.081014398554686,-36.08101439855477,-0.9455139910518984,-0.9455139910518977,-0.9455139910518986
1.97,-0.01672559882056862,-0.016725598820568566,-0.01672559882056862,-0.002126407889832827,-0.0021264078898342357,-0.0021264078898329025,0.0018303425845880327,0.0018303425845880316,0.0018303425845880327,19.181950665421784,19.181950665421784,19.181950665421784,20.1403684941648,20.140368494164797,20.1403684941648,0.0,0.0,-250.0,6.498916651181073e-15,-3.8974634936812314e-15,-253.56850976652956,0.0,0.0,-250.00000223057026,-36.08408963276823,-36.08408963276817,-36.08408963276823,-0.9465062446573772,-0.9465062446573774,-0.9465062446573771
1.98,-0.01673693292448203,-0.016736932924481973,-0.01673693292448203,-0.0003141004164094561,-0.00031410041641095475,-0.00031410041640955147,0.001830714455757601,0.0018307144557576007,0.001830714455757601,19.181950665421784,19.181950665421784,19.181950665421784,20.140913821147365,20.14091382114736,20.140913821147365,0.0,0.0,-250.0,6.499045438062948e-15,-1.1547059259717127e-14,-253.57054382751562,0.0,0.0,-250.00000223057026,-36.04552815304992,-36.045528153049844,-36.04552815304992,-0.9467646685587048,-0.9467646685587048,-0.946764668558705
1.99,-0.016730096294884034,-0.016730096294883978,-0.016730096294884034,0.0014914179684564224,0.0014914179684548414,0.001491417968456316,0.0018310896997187293,0.0018310896997187286,0.0018310896997187293,19.181950665421784,19.181950665421784,19.181950665421784,20.140419016427867,20.140419016427863,20.140419016427867,0.0,0.0,-250.0,3.306089752967506e-14,1.1438100752816e-14,-253.56869821360465,0.0,0.0,-250.00000223057026,-35.968259605380815,-35.96825960538074,-35.968259605380815,-0.9463714220930075,-0.9463714220930067,-0.9463714220930075
2.0,-0.016705692761499302,-0.016705692761499247,-0.016705692761499302,0.0031951861025125076,0.003195186102510851,0.0031951861025124053,0.0018314482195567346,0.001831448219556734,0.0018314482195567346,19.181950665421784,19.181950665421784,19.181950665421784,20.138924022217804,20.1389240222178,20.138924022217804,0.0,0.0,-250.0,-6.306085718925951e-17,-3.6408202873547603e-17,-253.56312192795647,0.0,0.0,-250.00000223057026,-35.85689890474878,-35.85689890474871,-35.85689890474879,-0.9454325355034657,-0.9454325355034651,-0.9454325355034658
2.01,-0.016665179600058866,-0.016665179600058866,-0.016665179600058866,0.004720089412802037,0.004720089412800392,0.004720089412801902,0.0018317727910151732,0.001831772791015173,0.0018317727910151732,19.181950665421784,19.181950665421784,19.181950665421784,20.13651664361217,20.13651664361217,20.13651664361217,0.0,0.0,-250.0,0.0,0.0,-253.55414253624485,0.0,0.0,-250.00000223057026,-35.717274400268096,-35.71727440026817,-35.71727440026811,-0.9440690509404458,-0.9440690509404477,-0.9440690509404466
2.02,-0.016610678403959522,-0.016610678403959578,-0.016610678403959522,0.006008597936897788,0.006008597936896382,0.006008597936897641,0.0018320497952013684,0.0018320497952013684,0.0018320497952013682,19.181950665421784,19.181950665421784,19.181950665421784,20.133321620381395,20.1333216203814,20.133321620381395,0.0,0.0,-250.0,-6.560851835257253e-15,-1.1437166806358673e-14,-253.54222539026784,0.0,0.0,-250.00000223057026,-35.555953562595334,-35.55595356259554,-35.55595356259535,-0.9424085360760506,-0.9424085360760549,-0.9424085360760512
2.03,-0.01654477572089247,-0.016544775720892524,-0.01654477572089247,0.007023221394132364,0.0070232213941312915,0.007023221394132205,0.0018322700503377617,0.001832270050337761,0.0018322700503377617,19.181950665421784,19.181950665421784,19.181950665421784,20.12948918523857,20.129489185238572,20.12948918523857,0.0,0.0,-250.0,-1.3056662935167769e-14,-1.518733071090795e-14,-253.52793093273195,0.0,0.0,-250.00000223057026,-35.37978699092681,-35.37978699092703,-35.37978699092683,-0.9405772711416802,-0.9405772711416853,-0.9405772711416811
2.04,-0.016470325630766836,-0.01647032563076689,-0.016470325630766836,0.007745817465128921,0.007745817465128148,0.007745817465128745,0.0018324283462547552,0.0018324283462547554,0.0018324283462547552,19.181950665421784,19.181950665421784,19.181950665421784,20.125183797619474,20.125183797619478,20.125183797619474,0.0,0.0,-250.0,-1.3119424940737195e-14,-7.574503521147709e-15,-253.5118726575823,0.0,0.0,-250.00000223057026,-35.195519005339165,-35.195519005339335,-35.19551900533917,-0.9386940132496169,-0.9386940132496201,-0.9386940132496169
2.05,-0.01639026408538552,-0.016390264085385575,-0.01639026408538552,0.008176047231634176,0.008176047231633652,0.008176047231633973,0.0018325229814427065,0.001832522981442706,0.0018325229814427065,19.181950665421784,19.181950665421784,19.181950665421784,20.120573599422546,20.120573599422546,20.120573599422546,0.0,0.0,-250.0,0.0,7.648610824059119e-15,-253.49467776741997,0.0,0.0,-250.00000223057026,-35.00945054997092,-35.009450549971106,-35.009450549970936,-0.9368646537836883,-0.9368646537836922,-0.9368646537836892
2.06,-0.016307443316542602,-0.016307443316542658,-0.016307443316542602,0.008329010960304452,0.008329010960304162,0.008329010960304226,0.001832556697782865,0.0018325566977828644,0.0018325566977828649,19.181950665421784,19.181950665421784,19.181950665421784,20.115821066466182,20.115821066466186,20.115821066466182,0.0,0.0,-250.0,-6.4931212253964324e-15,-1.904554522241681e-14,-253.47695229698786,0.0,0.0,-250.00000223057026,-34.82714398055536,-34.82714398055554,-34.82714398055538,-0.9351780785569398,-0.9351780785569436,-0.9351780785569407
2.07,-0.016224492781465483,-0.016224492781465538,-0.016224492781465483,0.008232406511520445,0.00823240651152037,0.008232406511520206,0.0018325353999185407,0.0018325353999185407,0.0018325353999185403,19.181950665421784,19.181950665421784,19.181950665421784,20.111075206054526,20.11107520605453,20.111075206054526,0.0,0.0,-250.0,0.0,0.0,-253.45925201005713,0.0,0.0,-250.00000223057026,-34.6532412285356,-34.65324122853575,-34.65324122853562,-0.9337039405212426,-0.9337039405212455,-0.9337039405212435
2.08,-0.01614371017068944,-0.016143710170689496,-0.016143710170689496,0.007923414684639592,0.007923414684639737,0.007923414684639477,0.0018324673762427457,0.0018324673762427455,0.001832467376242746,19.181950665421784,19.181950665421784,19.181950665421784,20.106465491609214,20.106465491609214,20.106465491609214,0.0,0.0,-250.0,0.0,-7.64789603426727e-15,-253.44205978110293,0.0,0.0,-250.00000223057026,-34.4913437816271,-34.49134378162725,-34.49134378162726,-0.9324915787942035,-0.9324915787942061,-0.9324915787942065
2.09,-0.01606698416679425,-0.016066984166794307,-0.016066984166794307,0.007445503155306236,0.007445503155306593,0.007445503155306326,0.0018323624590525548,0.0018323624590525546,0.0018323624590525546,19.181950665421784,19.181950665421784,19.181950665421784,20.10209762007617,20.102097620076172,20.102097620076172,0.0,0.0,-250.0,0.0,-7.493871143072408e-15,-253.425769779748,0.0,0.0,-250.00000223057026,-34.343962815625055,-34.34396281562518,-34.343962815625204,-0.9315701390605635,-0.931570139060566,-0.9315701390605663
2.1,-0.01599574877469656,-0.015995748774696616,-0.015995748774696616,0.006845325547001831,0.006845325547002373,0.006845325547002081,0.0018322312039382436,0.0018322312039382438,0.0018322312039382434,19.181950665421784,19.181950665421784,19.181950665421784,20.098051071875567,20.09805107187557,20.09805107187557,0.0,0.0,-250.0,0.0,-3.0435178788698695e-14,-253.4106783804366,0.0,0.0,-250.00000223057026,-34.21253222556633,-34.21253222556645,-34.21253222556648,-0.9309497210920783,-0.9309497210920807,-0.9309497210920811
2.11,-0.015930967463284484,-0.01593096746328454,-0.01593096746328454,0.0061698539404792165,0.006169853940479913,0.0061698539404796155,0.0018320846407301019,0.0018320846407301023,0.0018320846407301023,19.181950665421784,19.181950665421784,19.181950665421784,20.094378364940958,20.09437836494096,20.09437836494096,0.0,0.0,-250.0,0.0,-1.5216810350651462e-14,-253.39698139081958,0.0,0.0,-250.00000223057026,-34.09746661324897,-34.09746661324907,-34.09746661324908,-0.9306231947740371,-0.9306231947740389,-0.9306231947740388
2.12,-0.015873144148138396,-0.01587314414813845,-0.01587314414813845,0.005463876023452465,0.0054638760234533195,0.005463876023453009,0.0018319323816047,0.0018319323816046998,0.0018319323816046998,19.181950665421784,19.181950665421784,19.181950665421784,20.091105824623927,20.09110582462393,20.09110582462393,0.0,0.0,-250.0,0.0,-7.568997747889535e-15,-253.38477693250687,0.0,0.0,-250.00000223057026,-33.99829525909257,-33.998295259092686,-33.9982952590927,-0.9305692641137605,-0.930569264113763,-0.9305692641137628
2.13,-0.015822356504500812,-0.015822356504500867,-0.015822356504500867,0.004767968861140091,0.004767968861141072,0.00476796886114076,0.001831783038938494,0.0018317830389384942,0.0018317830389384942,19.181950665421784,19.181950665421784,19.181950665421784,20.088235606146167,20.08823560614617,20.08823560614617,0.0,0.0,-250.0,0.0,-7.490095246781277e-15,-253.37407299105635,0.0,0.0,-250.00000223057026,-33.913786079208066,-33.91378607920817,-33.91378607920818,-0.9307550604338853,-0.930755060433887,-0.9307550604338869
2.14,-0.01577830727627516,-0.015778307276275216,-0.015778307276275216,0.004116903501326826,0.00411690350132794,0.004116903501327622,0.001831643985066888,0.0018316439850668885,0.001831643985066888,19.181950665421784,19.181950665421784,19.181950665421784,20.085748722867645,20.08574872286765,20.08574872286765,0.0,0.0,-250.0,0.0,-1.5214980281555317e-14,-253.36479871453537,0.0,0.0,-250.00000223057026,-33.842107288912864,-33.84210728891296,-33.842107288912985,-0.931139397461551,-0.9311393974615528,-0.9311393974615533
2.15,-0.015740388634391866,-0.015740388634391922,-0.015740388634391922,0.0035385764182807302,0.0035385764182819593,0.0035385764182816414,0.0018315210035680708,0.0018315210035680712,0.0018315210035680712,19.181950665421784,19.181950665421784,19.181950665421784,20.08360879204287,20.083608792042874,20.083608792042874,0.0,0.0,-250.0,0.0,-7.488835230570255e-15,-253.35681838538986,0.0,0.0,-250.00000223057026,-33.78100308621207,-33.78100308621216,-33.78100308621217,-0.9316760277298085,-0.9316760277298103,-0.9316760277298105
2.16,-0.015707754462875034,-0.015707754462875034,-0.01570775446287509,0.003053438393617543,0.0030534383936187594,0.00305343839361857,0.001831418226710943,0.001831418226710943,0.0018314182267109434,19.181950665421784,19.181950665421784,19.181950665421784,20.08176620647001,20.08176620647001,20.081766206470014,0.0,0.0,-250.0,3.9527484607823116e-14,-2.2821203878715465e-14,-253.3499469785545,0.0,0.0,-250.00000223057026,-33.727966133571265,-33.72796613357122,-33.727966133571364,-0.9323167112027393,-0.9323167112027387,-0.9323167112027407
2.17,-0.01567939577347338,-0.01567939577347338,-0.015679395773473437,0.002674386286415316,0.0026743862864164413,0.002674386286416451,0.0018313381696339088,0.001831338169633909,0.0018313381696339085,19.181950665421784,19.181950665421784,19.181950665421784,20.0801624591322,20.0801624591322,20.080162459132204,0.0,0.0,-250.0,1.3106828403284704e-14,-2.2860360958738805e-14,-253.34396628866088,0.0,0.0,-250.00000223057026,-33.68040114065603,-33.68040114065598,-33.68040114065614,-0.9330139957989038,-0.9330139957989027,-0.9330139957989053
2.18,-0.015654214899619878,-0.015654214899619823,-0.015654214899619878,0.0024070642826386074,0.002407064282639466,0.002407064282639685,0.0018312818393949244,0.0018312818393949248,0.0018312818393949246,19.181950665421784,19.181950665421784,19.181950665421784,20.078734374794728,20.078734374794724,20.078734374794728,0.0,0.0,-250.0,6.553214560898287e-15,-3.86299263107245e-15,-253.33864070942357,0.0,0.0,-250.00000223057026,-33.63577221235403,-33.63577221235384,-33.63577221235399,-0.9337236024575023,-0.9337236024574993,-0.9337236024575017
2.19,-0.015631094738683626,-0.01563109473868357,-0.015631094738683626,0.00225050669825476,0.002250506698255338,0.0022505066982557416,0.0018312488989607665,0.0018312488989607667,0.0018312488989607667,19.181950665421784,19.181950665421784,19.181950665421784,20.07741803874412,20.07741803874412,20.07741803874412,0.0,0.0,-250.0,0.0,0.0,-253.3337318832845,0.0,0.0,-250.00000223057026,-33.59172832425266,-33.59172832425248,-33.591728324252614,-0.9344063402976258,-0.9344063402976227,-0.9344063402976249
2.2,-0.01560896004620621,-0.015608960046206155,-0.01560896004620621,0.002198045108340071,0.002198045108340386,0.002198045108340958,0.001831237868965079,0.001831237868965079,0.001831237868965079,19.181950665421784,19.181950665421784,19.181950665421784,20.07615225545511,20.076152255455106,20.07615225545511,0.0,0.0,-250.0,-6.909037337636508e-17,-3.988934566725593e-17,-253.329011598102,0.0,0.0,-250.00000223057026,-33.54620309135893,-33.54620309135877,-33.5462030913589,-0.9350295105544989,-0.9350295105544963,-0.9350295105544979
2.21,-0.015586828585182733,-0.015586828585182677,-0.015586828585182733,0.0022383983968027256,0.0022383983968027998,0.0022383983968035236,0.0018312463528391545,0.0018312463528391545,0.001831246352839155,19.181950665421784,19.181950665421784,19.181950665421784,20.074881415982656,20.074881415982652,20.074881415982656,0.0,0.0,-250.0,6.552675975295995e-15,-3.8631088090237854e-15,-253.324272479085,0.0,0.0,-250.00000223057026,-33.49748680291994,-33.49748680291979,-33.497486802919894,-0.9355677896331891,-0.9355677896331868,-0.9355677896331877
2.22,-0.015563850747950358,-0.015563850747950303,-0.015563850747950358,0.002356864920691297,0.002356864920691136,0.002356864920692002,0.0018312712732423272,0.0018312712732423274,0.0018312712732423272,19.181950665421784,19.181950665421784,19.181950665421784,20.073557699483803,20.0735576994838,20.073557699483803,0.0,0.0,-250.0,6.552490954265809e-15,-1.150937986645292e-14,-253.31933619783044,0.0,0.0,-250.00000223057026,-33.44427040951097,-33.44427040951083,-33.44427040951094,-0.9360036102615645,-0.9360036102615628,-0.9360036102615638
2.23,-0.015539337053053215,-0.01553933705305316,-0.015539337053053215,0.002536540788323446,0.002536540788323075,0.0025365407883240734,0.0018313091094415653,0.0018313091094415651,0.0018313091094415656,19.181950665421784,19.181950665421784,19.181950665421784,20.072142578942902,20.0721425789429,20.072142578942902,0.0,0.0,-250.0,0.0,-1.529231924307365e-14,-253.31405908679707,0.0,0.0,-250.00000223057026,-33.3856626827632,-33.385662682763076,-33.385662682763176,-0.9363270840821726,-0.9363270840821716,-0.9363270840821726
2.24,-0.015512773636518762,-0.015512773636518706,-0.015512773636518762,0.0027594965163561737,0.0027594965163556177,0.002759496516356732,0.0018313561264962671,0.0018313561264962667,0.001831356126496267,19.181950665421784,19.181950665421784,19.181950665421784,20.07060764176783,20.070607641767825,20.07060764176783,0.0,0.0,-250.0,6.4824559825741864e-15,-3.903434346618813e-15,-253.3083351988885,0.0,0.0,-250.00000223057026,-33.321183055650714,-33.3211830556506,-33.3211830556507,-0.9365355281843574,-0.9365355281843561,-0.9365355281843573
2.25,-0.015483826476333007,-0.015483826476332951,-0.015483826476333007,0.003007855197136028,0.0030078551971352914,0.0030078551971365153,0.001831408588015158,0.0018314085880151577,0.0018314085880151581,19.181950665421784,19.181950665421784,19.181950665421784,20.068934770776544,20.06893477077654,20.068934770776544,0.0,0.0,-250.0,6.551844847998576e-15,3.78270938668064e-15,-253.3020969817898,0.0,0.0,-250.00000223057026,-33.250733645723564,-33.25073364572345,-33.250733645723535,-0.9366326715222576,-0.936632671522257,-0.9366326715222575
2.26,-0.015452335589554334,-0.015452335589554278,-0.015452335589554334,0.003264727861997271,0.0032647278619963947,0.0032647278619977174,0.001831462945131932,0.0018314629451319313,0.001831462945131932,19.181950665421784,19.181950665421784,19.181950665421784,20.06711575905237,20.067115759052367,20.06711575905237,0.0,0.0,-250.0,1.3103181291225083e-14,-7.726685988665172e-15,-253.2953138410076,0.0,0.0,-250.00000223057026,-33.174554641585075,-33.174554641584976,-33.17455464158506,-0.9366276247740444,-0.9366276247740436,-0.9366276247740447
2.27,-0.015418300811571362,-0.015418300811571306,-0.015418300811571362,0.0035149750660644647,0.003514975066063449,0.0035149750660648524,0.0018315159954256839,0.0018315159954256836,0.0018315159954256843,19.181950665421784,19.181950665421784,19.181950665421784,20.06515145258361,20.065151452583606,20.06515145258361,0.0,0.0,-250.0,6.551316154470984e-15,-1.1509208619251172e-14,-253.28798894183433,0.0,0.0,-250.00000223057026,-33.09316759315137,-33.09316759315127,-33.09316759315135,-0.9365336992292101,-0.936533699229209,-0.9365336992292097
2.28,-0.015381861003306518,-0.015381861003306463,-0.015381861003306518,0.0037457770076077556,0.0037457770076066146,0.0037457770076080982,0.0018315650069345081,0.0018315650069345084,0.0018315650069345084,19.181950665421784,19.181950665421784,19.181950665421784,20.063050527383208,20.063050527383204,20.063050527383208,0.0,0.0,-250.0,1.310204518097326e-14,7.56446931216955e-15,-253.28015464816863,0.0,0.0,-250.00000223057026,-33.00731120780533,-33.00731120780523,-33.0073112078053,-0.9363671573193197,-0.9363671573193186,-0.9363671573193193
2.29,-0.015343268639344765,-0.01534326863934471,-0.015343268639344765,0.003947007001443032,0.003947007001441772,0.003947007001443319,0.0018316078042053053,0.0018316078042053046,0.0018316078042053055,19.181950665421784,19.181950665421784,19.181950665421784,20.06082801321497,20.060828013214966,20.06082801321497,0.0,0.0,-250.0,1.3101424114472431e-14,7.564110739258112e-15,-253.27186701641395,0.0,0.0,-250.00000223057026,-32.917874052980174,-32.91787405298009,-32.91787405298016,-0.9361459702526148,-0.9361459702526141,-0.9361459702526148
2.3,-0.015302861719180605,-0.01530286171918055,-0.015302861719180605,0.004111414263610937,0.0041114142636095525,0.004111414263611181,0.0018316428154072312,0.001831642815407231,0.0018316428154072312,19.181950665421784,19.181950665421784,19.181950665421784,20.05850367480596,20.058503674805955,20.05850367480596,0.0,0.0,-250.0,6.550387319439773e-15,3.781867882174865e-15,-253.26319975804424,0.0,0.0,-250.00000223057026,-32.825828148235466,-32.825828148235374,-32.82582814823546,-0.9358886478472155,-0.9358886478472148,-0.9358886478472159
2.31,-0.015261034831218656,-0.015261034831218656,-0.015261034831218656,0.004234631304524306,0.004234631304522945,0.004234631304524518,0.0018316690817409586,0.001831669081740958,0.0018316690817409586,19.181950665421784,19.181950665421784,19.181950665421784,20.056100354451846,20.056100354451846,20.056100354451846,0.0,0.0,-250.0,0.0,0.0,-253.25423805841115,0.0,0.0,-250.00000223057026,-32.7321668506146,-32.73216685061467,-32.7321668506146,-0.935613193120075,-0.9356131931200773,-0.9356131931200755
2.32,-0.015218211004403959,-0.015218211004403959,-0.015218211004403959,0.004315028503438899,0.0043150285034376555,0.004315028503439073,0.0018316862324861086,0.0018316862324861086,0.0018316862324861088,19.181950665421784,19.181950665421784,19.181950665421784,20.053642368358545,20.053642368358545,20.053642368358545,0.0,0.0,-250.0,0.0,0.0,-253.24507259621993,0.0,0.0,-250.00000223057026,-32.63784975197311,-32.63784975197315,-32.63784975197309,-0.9353362204992378,-0.9353362204992395,-0.9353362204992379
2.33,-0.015174815726775703,-0.015174815726775703,-0.015174815726775703,0.004353443536499922,0.004353443536498776,0.004353443536500051,0.00183169443083067,0.0018316944308306696,0.00183169443083067,19.181950665421784,19.181950665421784,19.181950665421784,20.051154034139874,20.051154034139874,20.051154034139874,0.0,0.0,-250.0,0.0,-1.529019918023682e-14,-253.23579405240872,0.0,0.0,-250.00000223057026,-32.543756569749476,-32.54375656974954,-32.543756569749476,-0.9350722626195899,-0.9350722626195919,-0.9350722626195902
2.34,-0.0151312542155706,-0.0151312542155706,-0.0151312542155706,0.004352816279172231,0.0043528162791711825,0.004352816279172326,0.001831694296946612,0.001831694296946612,0.001831694296946612,19.181950665421784,19.181950665421784,19.181950665421784,20.048658389851095,20.048658389851095,20.048658389851095,0.0,0.0,-250.0,0.0,0.0,-253.22648833358122,0.0,0.0,-250.00000223057026,-32.450651271565675,-32.450651271565704,-32.45065127156567,-0.9348332773380176,-0.9348332773380184,-0.9348332773380176
2.35,-0.015087892710559825,-0.015087892710559825,-0.015087892710559825,0.004317760741080346,0.004317760741079367,0.004317760741080404,0.0018316868155128813,0.0018316868155128813,0.0018316868155128813,19.181950665421784,19.181950665421784,19.181950665421784,20.04617614696478,20.04617614696478,20.04617614696478,0.0,0.0,-250.0,0.0,-1.5289696759683255e-14,-253.21723266808138,0.0,0.0,-250.00000223057026,-32.35915696968674,-32.35915696968677,-32.35915696968673,-0.9346283545003921,-0.9346283545003932,-0.9346283545003921
2.36,-0.01504504425001918,-0.01504504425001918,-0.01504504425001918,0.004254104744546929,0.004254104744546027,0.004254104744546961,0.001831673235018668,0.0018316732350186675,0.001831673235018668,19.181950665421784,19.181950665421784,19.181950665421784,20.043724901860962,20.043724901860962,20.043724901860962,0.0,0.0,-250.0,0.0,-1.5289449410415036e-14,-253.20809266626375,0.0,0.0,-250.00000223057026,-32.2697414857576,-32.26974148575765,-32.2697414857576,-0.9344636115779009,-0.9344636115779026,-0.9344636115779009
2.37,-0.015002959093401491,-0.015002959093401491,-0.015002959093401491,0.004168425716132975,0.004168425716132148,0.004168425716132981,0.0018316549657597593,0.001831654965759759,0.0018316549657597593,19.181950665421784,19.181950665421784,19.181950665421784,20.04131861362402,20.04131861362402,20.04131861362402,0.0,0.0,-250.0,0.0,0.0,-253.1991203739329,0.0,0.0,-250.00000223057026,-32.182712942547674,-32.18271294254771,-32.182712942547674,-0.9343422588656203,-0.9343422588656216,-0.9343422588656205
2.38,-0.014961819689572164,-0.014961819689572164,-0.014961819689572164,0.004067607448251372,0.004067607448250613,0.004067607448251345,0.0018316334825787038,0.0018316334825787038,0.0018316334825787038,19.181950665421784,19.181950665421784,19.181950665421784,20.038967340950308,20.038967340950308,20.038967340950308,0.0,0.0,-250.0,0.0,0.0,-253.19035329202765,0.0,0.0,-250.00000223057026,-32.09822430245204,-32.09822430245207,-32.09822430245204,-0.9342648086520867,-0.934264808652088,-0.9342648086520869
2.39,-0.014921739864247219,-0.014921739864247219,-0.014921739864247219,0.003958438344569771,0.003958438344569082,0.0039584383445697225,0.0018316102372373864,0.0018316102372373864,0.0018316102372373864,19.181950665421784,19.181950665421784,19.181950665421784,20.03667721831879,20.03667721831879,20.03667721831879,0.0,0.0,-250.0,0.0,0.0,-253.18181428846,0.0,0.0,-250.00000223057026,-32.016285449516964,-32.016285449516985,-32.016285449516964,-0.9342293986462704,-0.9342293986462714,-0.934229398646271
2.4,-0.01488276772147451,-0.01488276772147451,-0.01488276772147451,0.0038472668227169603,0.0038472668227163237,0.003847266822716886,0.001831586583996788,0.0018315865839967878,0.001831586583996788,19.181950665421784,19.181950665421784,19.181950665421784,20.034450641611873,20.034450641611873,20.034450641611873,0.0,0.0,-250.0,0.0,7.64425695094185e-15,-253.1735122908788,0.0,0.0,-250.00000223057026,-31.93678120340218,-31.936781203402223,-31.936781203402184,-0.9342321978985471,-0.9342321978985483,-0.9342321978985472
2.41,-0.014844891624866685,-0.014844891624866685,-0.014844891624866685,0.0037397245247771473,0.0037397245247765593,0.0037397245247770684,0.0018315637206473528,0.0018315637206473522,0.0018315637206473528,19.181950665421784,19.181950665421784,19.181950665421784,20.03228662626259,20.03228662626259,20.03228662626259,0.0,0.0,-250.0,0.0,-1.528829569061794e-14,-253.16544362263056,0.0,0.0,-250.00000223057026,-31.85949355515389,-31.85949355515394,-31.859493555153904,-0.9342678633009519,-0.9342678633009538,-0.9342678633009529
2.42,-0.014808048545057406,-0.014808048545057406,-0.014808048545057406,0.0036405230617481727,0.003640523061747624,0.0036405230617480894,0.0018315426459908815,0.0018315426459908815,0.0018315426459908815,19.181950665421784,19.181950665421784,19.181950665421784,20.03018129674527,20.03018129674527,20.03018129674527,0.0,0.0,-250.0,0.0,-7.644041712341062e-15,-253.1575938283303,0.0,0.0,-250.00000223057026,-31.784126416504098,-31.784126416504122,-31.784126416504108,-0.93433001625704,-0.934330016257041,-0.9343300162570405
2.43,-0.014772134028178785,-0.014772134028178785,-0.014772134028178785,0.003553325432564938,0.003553325432564422,0.0035533254325648272,0.001831524133693771,0.0018315241336937709,0.0018315241336937709,19.181950665421784,19.181950665421784,19.181950665421784,20.028128464672196,20.028128464672196,20.028128464672196,0.0,0.0,-250.0,0.0,-7.643938238989055e-15,-253.14993982968022,0.0,0.0,-250.00000223057026,-31.710331263738638,-31.710331263738667,-31.710331263738652,-0.9344117119851505,-0.9344117119851515,-0.934411711985151
2.44,-0.014737013051554615,-0.014737013051554615,-0.014737013051554615,0.0034806892038852454,0.0034806892038847705,0.0034806892038851266,0.001831508721551224,0.001831508721551224,0.001831508721551224,19.181950665421784,19.181950665421784,19.181950665421784,20.02612025364041,20.02612025364041,20.02612025364041,0.0,0.0,-250.0,0.0,0.0,-253.14245225547063,0.0,0.0,-250.00000223057026,-31.6377322184731,-31.63773221847313,-31.63773221847311,-0.934505877842693,-0.9345058778426945,-0.9345058778426936
2.45,-0.014702531081144443,-0.014702531081144443,-0.014702531081144443,0.003424075154972659,0.0034240751549722247,0.003424075154972535,0.0018314967145348375,0.0018314967145348373,0.0018314967145348375,19.181950665421784,19.181950665421784,19.181950665421784,20.024147731932196,20.024147731932196,20.024147731932196,0.0,0.0,-250.0,0.0,0.0,-253.13509780074858,0.0,0.0,-250.00000223057026,-31.565949323836605,-31.565949323836627,-31.5659493238366,-0.9346057017036628,-0.9346057017036636,-0.9346057017036628
2.46,-0.014668524723286724,-0.014668524723286724,-0.014668524723286724,0.003383912472332815,0.0033839124723324134,0.003383912472332676,0.001831488199533456,0.001831488199533456,0.001831488199533456,19.181950665421784,19.181950665421784,19.181950665421784,20.022201518788137,20.022201518788137,20.022201518788137,0.0,0.0,-250.0,0.0,-7.643639563049977e-15,-253.12784148735034,0.0,0.0,-250.00000223057026,-31.494619027772185,-31.494619027772192,-31.49461902777219,-0.9347049564607467,-0.9347049564607469,-0.9347049564607468
2.47,-0.01463483146311112,-0.014634831463111175,-0.014634831463111175,0.003359709760823553,0.0033597097608233234,0.0033597097608235363,0.0018314830694194273,0.0018314830694194275,0.001831483069419427,19.181950665421784,19.181950665421784,19.181950665421784,20.02027233579051,20.020272335790512,20.020272335790512,0.0,0.0,-250.0,0.0,-2.275868614288732e-14,-253.12064871969378,0.0,0.0,-250.00000223057026,-31.423411157864084,-31.42341115786423,-31.423411157864237,-0.9347982518499068,-0.9347982518499097,-0.9347982518499098
2.48,-0.01460129809558669,-0.014601298095586746,-0.014601298095586746,0.0033502001151060443,0.003350200115106042,0.003350200115106214,0.0018314810539534461,0.0018314810539534461,0.001831481053953446,19.181950665421784,19.181950665421784,19.181950665421784,20.018351481457664,20.018351481457664,20.018351481457664,0.0,0.0,-250.0,0.0,0.0,-253.113487054199,0.0,0.0,-250.00000223057026,-31.35204194773934,-31.352041947739487,-31.35204194773949,-0.9348812097330752,-0.9348812097330781,-0.9348812097330784
2.49,-0.01456778757483751,-0.014567787574837565,-0.014567787574837565,0.0033535082204196503,0.003353508220419855,0.003353508220419975,0.001831481755054987,0.0018314817550549875,0.0018314817550549875,19.181950665421784,19.181950665421784,19.181950665421784,20.01643121401782,20.016431214017825,20.016431214017825,0.0,0.0,-250.0,0.0,-1.5200301880419545e-14,-253.10632762630883,0.0,0.0,-250.00000223057026,-31.280282938933865,-31.28028293893399,-31.280282938933993,-0.9349505634897605,-0.9349505634897629,-0.9349505634897627
2.5,-0.01453418412601587,-0.014534184126015925,-0.014534184126015925,0.003367327844362936,0.0033673278443633477,0.0033673278443634045,0.0018314846840873312,0.0018314846840873312,0.0018314846840873312,19.181950665421784,19.181950665421784,19.181950665421784,20.01450503410361,20.014505034103614,20.014505034103614,0.0,0.0,-250.0,0.0,-1.5113285344588832e-14,-253.09914620433375,0.0,0.0,-250.00000223057026,-31.20796582173883,-31.20796582173897,-31.207965821738973,-0.9350041860763723,-0.9350041860763749,-0.9350041860763748
2.51,-0.014500396575571228,-0.014500396575571284,-0.014500396575571284,0.003389099036124789,0.0033890990361253666,0.0033890990361253787,0.001831489299014958,0.001831489299014958,0.001831489299014958,19.181950665421784,19.181950665421784,19.181950665421784,20.012567865442076,20.01256786544208,20.01256786544208,0.0,0.0,-250.0,0.0,-3.804212417160537e-14,-253.09192386295845,0.0,0.0,-250.00000223057026,-31.13498348432197,-31.1349834843221,-31.1349834843221,-0.9350410544825897,-0.9350410544825926,-0.9350410544825921
2.52,-0.014466359955227048,-0.014466359955227104,-0.014466359955227104,0.0034161757444301504,0.0034161757444308863,0.003416175744430864,0.0018314950395675687,0.0018314950395675687,0.0018314950395675687,19.181950665421784,19.181950665421784,19.181950665421784,20.01061613723253,20.010616137232535,20.010616137232535,0.0,0.0,-250.0,0.0,-3.0398144497193054e-14,-253.08464729018903,0.0,0.0,-250.00000223057026,-31.061287704675443,-31.061287704675575,-31.061287704675568,-0.9350611606716421,-0.9350611606716449,-0.9350611606716444
2.53,-0.014432035518689601,-0.014432035518689657,-0.014432035518689657,0.0034459762703301314,0.0034459762703310096,0.0034459762703309576,0.0018315013588717406,0.0018315013588717413,0.0018315013588717413,19.181950665421784,19.181950665421784,19.181950665421784,20.0086477766017,20.008647776601702,20.008647776601702,0.0,0.0,-250.0,0.0,-1.519865608845631e-14,-253.07730875903496,0.0,0.0,-250.00000223057026,-30.986884041007947,-30.986884041008054,-30.986884041008057,-0.9350653806133452,-0.9350653806133475,-0.9350653806133473
2.54,-0.014397409375680792,-0.014397409375680847,-0.014397409375680847,0.0034761108558603185,0.003476110855861343,0.0034761108558612644,0.0018315077503712064,0.0018315077503712066,0.0018315077503712066,19.181950665421784,19.181950665421784,19.181950665421784,20.006662123173957,20.00666212317396,20.00666212317396,0.0,0.0,-250.0,0.0,-7.555379302346934e-15,-253.0699058088173,0.0,0.0,-250.00000223057026,-30.91182455225157,-30.91182455225166,-30.91182455225167,-0.9350553137304226,-0.9350553137304238,-0.9350553137304242
2.55,-0.014362489994197425,-0.01436248999419748,-0.01436248999419748,0.0035044826515430246,0.0035044826515441747,0.0035044826515440654,0.0018315137692329056,0.0018315137692329058,0.0018315137692329058,19.181950665421784,19.181950665421784,19.181950665421784,20.004659780336468,20.00465978033647,20.00465978033647,0.0,0.0,-250.0,0.0,-7.467357391897276e-15,-253.06244069047335,0.0,0.0,-250.00000223057026,-30.836199013119433,-30.83619901311953,-30.83619901311954,-0.935033105046037,-0.935033105046039,-0.935033105046039
2.56,-0.01432730484899114,-0.014327304848991196,-0.014327304848991196,0.0035293601944668203,0.0035293601944680923,0.0035293601944679513,0.0018315190478109277,0.0018315190478109277,0.001831519047810928,19.181950665421784,19.181950665421784,19.181950665421784,20.002642419223697,20.0026424192237,20.0026424192237,0.0,0.0,-250.0,0.0,1.758455645344607e-16,-253.05491963561147,0.0,0.0,-250.00000223057026,-30.760125281459377,-30.760125281459477,-30.76012528145949,-0.9350012616410338,-0.9350012616410358,-0.9350012616410359
2.57,-0.014291896503214996,-0.014291896503215051,-0.014291896503215051,0.0035494212711624407,0.0035494212711638185,0.0035494212711636532,0.0018315233050970117,0.0018315233050970124,0.0018315233050970124,19.181950665421784,19.181950665421784,19.181950665421784,20.00061255186003,20.000612551860034,20.000612551860034,0.0,0.0,-250.0,0.0,-3.039391512800879e-14,-253.04735201061143,0.0,0.0,-250.00000223057026,-30.683739435032027,-30.683739435032106,-30.683739435032113,-0.9349624738242005,-0.9349624738242017,-0.9349624738242017
2.58,-0.014256318402852242,-0.014256318402852242,-0.014256318402852242,0.003563769562536289,0.0035637695625377586,0.0035637695625375895,0.00183152635040851,0.0018315263504085104,0.0018315263504085104,19.181950665421784,19.181950665421784,19.181950665421784,19.998573289393228,19.998573289393228,19.998573289393228,0.0,0.0,-250.0,0.0,-1.5284899885147157e-14,-253.03974941517643,0.0,0.0,-250.00000223057026,-30.60718622684864,-30.607186226848572,-30.607186226848572,-0.9349194498196016,-0.9349194498195982,-0.9349194498195977
2.59,-0.014220630642450438,-0.014220630642450383,-0.014220630642450383,0.0035719267197375664,0.003571926719738791,0.003571926719738627,0.001831528081838721,0.001831528081838721,0.001831528081838721,19.181950665421784,19.181950665421784,19.181950665421784,19.996528100073057,19.996528100073053,19.996528100073053,0.0,0.0,-250.0,0.0,7.553747317208094e-15,-253.03212477997437,0.0,0.0,-250.00000223057026,-30.530610320089117,-30.530610320088922,-30.53061032008893,-0.9348747709195752,-0.9348747709195722,-0.9348747709195718
2.6,-0.014184895928713415,-0.014184895928713248,-0.014184895928713248,0.0035738034693771244,0.003573803469377826,0.0035738034693776734,0.0018315284802099241,0.0018315284802099244,0.0018315284802099244,19.181950665421784,19.181950665421784,19.181950665421784,19.994480579744945,19.994480579744934,19.994480579744934,0.0,0.0,-250.0,0.0,7.286938402246627e-15,-253.02449151097588,0.0,0.0,-250.00000223057026,-30.45414866266982,-30.454148662669336,-30.45414866266934,-0.9348307720714839,-0.9348307720714761,-0.9348307720714759
2.61,-0.014149175928761915,-0.014149175928761693,-0.014149175928761693,0.003569653983286118,0.003569653983285906,0.003569653983285814,0.0018315275994198479,0.0018315275994198476,0.0018315275994198476,19.181950665421784,19.181950665421784,19.181950665421784,19.992434245316822,19.992434245316808,19.992434245316808,0.0,0.0,-250.0,0.0,3.0123299785966096e-14,-253.01686271947582,0.0,0.0,-250.00000223057026,-30.37792425479893,-30.377924254798344,-30.377924254798355,-0.9347894508826281,-0.9347894508826187,-0.9347894508826187
2.62,-0.014113528145454635,-0.014113528145454413,-0.014113528145454413,0.0035600180792914847,0.003560018079290411,0.003560018079290358,0.0018315255541559365,0.0018315255541559363,0.0018315255541559363,19.181950665421784,19.181950665421784,19.181950665421784,19.990392359094944,19.990392359094933,19.990392359094933,0.0,0.0,-250.0,0.0,2.256899939054439e-14,-253.0092505672298,0.0,0.0,-250.00000223057026,-30.302041456720946,-30.302041456720413,-30.30204145672041,-0.9347524061458374,-0.9347524061458297,-0.934752406145829
2.63,-0.014078003416007956,-0.014078003416007734,-0.014078003416007734,0.0035456558676977374,0.003545655867695882,0.0035456558676958644,0.0018315225059711516,0.001831522505971151,0.001831522505971151,19.181950665421784,19.181950665421784,19.181950665421784,19.98835778923891,19.9883577892389,19.9883577892389,0.0,0.0,-250.0,0.0,3.77621596778499e-14,-253.00166574627247,0.0,0.0,-250.00000223057026,-30.22658288381395,-30.226582883813453,-30.226582883813457,-0.9347208052935377,-0.9347208052935301,-0.9347208052935299
2.64,-0.014042644084924283,-0.01404264408492406,-0.01404264408492406,0.0035274792576683324,0.003527479257665741,0.003527479257665787,0.0018315186486766355,0.0018315186486766348,0.0018315186486766348,19.181950665421784,19.181950665421784,19.181950665421784,19.986332909007462,19.986332909007448,19.986332909007448,0.0,0.0,-250.0,0.0,3.785025830610908e-14,-252.99411710336835,0.0,0.0,-250.00000223057026,-30.151607846733533,-30.151607846733054,-30.151607846733043,-0.9346953787455834,-0.934695378745577,-0.9346953787455763
2.65,-0.014007482860176779,-0.014007482860176612,-0.014007482860176612,0.0035064843313810557,0.0035064843313779136,0.0035064843313779874,0.0018315141939198225,0.0018315141939198218,0.0018315141939198218,19.181950665421784,19.181950665421784,19.181950665421784,19.98431953508094,19.98431953508093,19.98431953508093,0.0,0.0,-250.0,0.0,1.5013612616573482e-14,-252.9866114101547,0.0,0.0,-250.00000223057026,-30.077152218662235,-30.07715221866193,-30.077152218661922,-0.9346764379676361,-0.9346764379676323,-0.9346764379676322
2.66,-0.01397254232451589,-0.01397254232451578,-0.01397254232451578,0.0034836880297462176,0.0034836880297426796,0.0034836880297427703,0.0018315093576928877,0.0018315093576928869,0.001831509357692887,19.181950665421784,19.181950665421784,19.181950665421784,19.982318903154752,19.982318903154752,19.982318903154752,0.0,0.0,-250.0,0.0,0.0,-252.97915327223478,0.0,0.0,-250.00000223057026,-30.00322955210402,-30.003229552103875,-30.003229552103864,-0.9346639132246589,-0.9346639132246599,-0.9346639132246591
2.67,-0.013937835042950542,-0.013937835042950486,-0.013937835042950486,0.003460071921663223,0.0034600719216597753,0.003460071921659837,0.0018315043483679583,0.0018315043483679574,0.0018315043483679574,19.181950665421784,19.181950665421784,19.181950665421784,19.980331677271646,19.980331677271646,19.980331677271646,0.0,0.0,-250.0,0.0,-7.641532698817284e-15,-252.971745164048,0.0,0.0,-250.00000223057026,-29.92983322506065,-29.929833225060655,-29.92983322506065,-0.9346574065000606,-0.934657406500062,-0.9346574065000619
2.68,-0.01390336418372401,-0.013903364183723954,-0.013903364183723954,0.003436535098389297,0.003436535098385911,0.003436535098385973,0.0018314993566943263,0.0018314993566943257,0.0018314993566943257,19.181950665421784,19.181950665421784,19.181950665421784,19.978357988042887,19.978357988042884,19.978357988042884,0.0,0.0,-250.0,0.0,7.55082246018028e-15,-252.96438757143025,0.0,0.0,-250.00000223057026,-29.856939370864712,-29.8569393708647,-29.856939370864698,-0.9346562548406194,-0.9346562548406208,-0.9346562548406205
2.69,-0.013869124553786916,-0.01386912455378686,-0.01386912455378686,0.0034138574914409814,0.003413857491437651,0.0034138574914377045,0.0018314945480299631,0.0018314945480299623,0.0018314945480299623,19.181950665421784,19.181950665421784,19.181950665421784,19.976397494016002,19.976397494016,19.976397494016,0.0,0.0,-250.0,0.0,2.2833176995114147e-14,-252.95707922045196,0.0,0.0,-250.00000223057026,-29.784510336560167,-29.784510336560178,-29.78451033656017,-0.934659599452659,-0.9346595994526609,-0.9346595994526605
2.7,-0.01383510394075349,-0.013835103940753546,-0.013835103940753546,0.003392674197112138,0.0033926741971090587,0.0033926741971090895,0.0018314900569243416,0.0018314900569243412,0.0018314900569243412,19.181950665421784,19.181950665421784,19.181950665421784,19.974449459970906,19.97444945997091,19.97444945997091,0.0,0.0,-250.0,0.0,-7.550193512982748e-15,-252.94981736935065,0.0,0.0,-250.00000223057026,-29.712498419892814,-29.712498419893087,-29.712498419893087,-0.9346664561762527,-0.9346664561762588,-0.9346664561762585
2.71,-0.013801284651159429,-0.01380128465115954,-0.01380128465115954,0.0033734607370503036,0.0033734607370477392,0.0033734607370477267,0.001831485984029405,0.0018314859840294043,0.0018314859840294043,19.181950665421784,19.181950665421784,19.181950665421784,19.97251284583895,19.972512845838956,19.972512845838956,0.0,0.0,-250.0,0.0,-2.2649645721888824e-14,-252.9425981400492,0.0,0.0,-250.00000223057026,-29.640849652588656,-29.640849652589065,-29.64084965258907,-0.9346757834562536,-0.9346757834562612,-0.9346757834562612
2.72,-0.0137676451387313,-0.01376764513873141,-0.01376764513873141,0.003356528618690486,0.003356528618688564,0.003356528618688526,0.001831482395195838,0.0018314823951958376,0.0018314823951958376,19.181950665421784,19.181950665421784,19.181950665421784,19.97058640019429,19.970586400194293,19.970586400194293,0.0,0.0,-250.0,0.0,-7.549571955984407e-15,-252.93541686670406,0.0,0.0,-250.00000223057026,-29.569507425100415,-29.569507425100788,-29.569507425100795,-0.9346865445604785,-0.934686544560486,-0.9346865445604858
2.73,-0.013734161625366503,-0.013734161625366614,-0.013734161625366614,0.003342030100018562,0.003342030100017248,0.003342030100017183,0.0018314793225160358,0.0018314793225160352,0.001831479322516035,19.181950665421784,19.181950665421784,19.181950665421784,19.96866875280775,19.96866875280776,19.96866875280776,0.0,0.0,-250.0,0.0,-5.311989411575636e-14,-252.92826844074384,0.0,0.0,-250.00000223057026,-29.498415782733627,-29.498415782733993,-29.498415782734003,-0.934697761516662,-0.9346977615166692,-0.9346977615166692
2.74,-0.01370080963045317,-0.013700809630453281,-0.013700809630453281,0.0033299707205510795,0.003329970720550336,0.0033299707205502248,0.0018314767670048768,0.001831476767004877,0.001831476767004877,19.181950665421784,19.181950665421784,19.181950665421784,19.96675850151302,19.966758501513027,19.966758501513027,0.0,0.0,-250.0,0.0,-3.792857010918812e-14,-252.92114763469112,0.0,0.0,-250.00000223057026,-29.42752226222227,-29.427522262222595,-29.427522262222595,-0.9347085590001899,-0.934708559000196,-0.9347085590001959
2.75,-0.013667565339872123,-0.013667565339872234,-0.013667565339872234,0.003320227937513044,0.0033202279375128163,0.0033202279375126515,0.0018314747025646426,0.0018314747025646428,0.0018314747025646428,19.181950665421784,19.181950665421784,19.181950665421784,19.964854289547436,19.964854289547443,19.964854289547443,0.0,0.0,-250.0,0.0,-2.2553843981374248e-14,-252.9140493904641,0.0,0.0,-250.00000223057026,-29.356780178850503,-29.3567801788508,-29.356780178850816,-0.9347181971608196,-0.9347181971608254,-0.9347181971608254
2.76,-0.013634406763306572,-0.013634406763306683,-0.013634406763306683,0.003312574099308969,0.003312574099309206,0.0033125740993090102,0.0018314730808598495,0.0018314730808598493,0.0018314730808598491,19.181950665421784,19.181950665421784,19.181950665421784,19.962954870525433,19.96295487052544,19.96295487052544,0.0,0.0,-250.0,0.0,-1.5096688552537234e-14,-252.90696906156577,0.0,0.0,-250.00000223057026,-29.286150314664198,-29.286150314664496,-29.286150314664496,-0.9347260930879244,-0.9347260930879303,-0.9347260930879298
2.77,-0.013601314646253748,-0.01360131464625386,-0.01360131464625386,0.003306701988183787,0.0033067019881844375,0.0033067019881842206,0.0018314718367292186,0.0018314718367292186,0.0018314718367292186,19.181950665421784,19.181950665421784,19.181950665421784,19.961059159220184,19.96105915922019,19.96105915922019,0.0,0.0,-250.0,0.0,-5.311385162123084e-14,-252.89990260236172,0.0,0.0,-250.00000223057026,-29.215601996183032,-29.21560199618331,-29.215601996183317,-0.9347318312500649,-0.9347318312500705,-0.9347318312500702
2.78,-0.013568273120371344,-0.013568273120371455,-0.013568273120371455,0.003302251256776048,0.0033022512567770826,0.0033022512567768606,0.0018314708937823459,0.0018314708937823463,0.0018314708937823467,19.181950665421784,19.181950665421784,19.181950665421784,19.9591662673108,19.959166267310806,19.959166267310806,0.0,0.0,-250.0,0.0,-1.5002735016426715e-14,-252.89284670130903,0.0,0.0,-250.00000223057026,-29.145113583617633,-29.14511358361787,-29.145113583617878,-0.9347351637811085,-0.9347351637811123,-0.9347351637811124
2.79,-0.013535270091669771,-0.013535270091669882,-0.013535270091669882,0.003298834252204007,0.003298834252205397,0.0032988342522051553,0.001831470169864479,0.001831470169864479,0.001831470169864479,19.181950665421784,19.181950665421784,19.181950665421784,19.95727552415228,19.957275524152283,19.957275524152283,0.0,0.0,-250.0,0.0,-2.282818048525693e-14,-252.88579885835168,0.0,0.0,-250.00000223057026,-29.074672421710538,-29.074672421710787,-29.074672421710805,-0.9347360019066813,-0.9347360019066853,-0.9347360019066858
2.8,-0.013502297379921258,-0.013502297379921313,-0.013502297379921313,0.0032960599477292797,0.003296059947730916,0.0032960599477306566,0.0018314695821203028,0.0018314695821203036,0.0018314695821203036,19.181950665421784,19.181950665421784,19.181950665421784,19.95538648340619,19.955386483406194,19.955386483406194,0.0,0.0,-250.0,0.0,0.0,-252.87875740960789,0.0,0.0,-250.00000223057026,-29.004274324186003,-29.004274324186067,-29.004274324186078,-0.9347344001041509,-0.9347344001041517,-0.9347344001041519
2.81,-0.013469350634022992,-0.013469350634023047,-0.013469350634023047,0.0032935549666026783,0.003293554966604391,0.0032935549666041255,0.0018314690514429552,0.0018314690514429554,0.0018314690514429554,19.181950665421784,19.181950665421784,19.181950665421784,19.953498917005994,19.953498917005998,19.953498917005998,0.0,0.0,-250.0,0.0,-3.0467379471828487e-14,-252.87172150484773,0.0,0.0,-250.00000223057026,-28.933922679046976,-28.933922679047047,-28.933922679047065,-0.934730534766162,-0.9347305347661632,-0.9347305347661633
2.82,-0.013436429056652877,-0.013436429056652932,-0.013436429056652932,0.0032909809665656545,0.0032909809665674617,0.0032909809665671733,0.001831468506153841,0.0018314685061538419,0.0018314685061538417,19.181950665421784,19.181950665421784,19.181950665421784,19.95161279840744,19.951612798407442,19.951612798407442,0.0,0.0,-250.0,0.0,-7.640090698496452e-15,-252.86469104503132,0.0,0.0,-250.00000223057026,-28.86362727066209,-28.863627270662153,-28.863627270662164,-0.9347246791987925,-0.9347246791987935,-0.9347246791987935
2.83,-0.013403534977297349,-0.013403534977297404,-0.013403534977297404,0.003288047939256208,0.0032880479392580837,0.003288047939257798,0.0018314678848187036,0.0018314678848187038,0.0018314678848187038,19.181950665421784,19.181950665421784,19.181950665421784,19.949728277387074,19.949728277387077,19.949728277387077,0.0,0.0,-250.0,0.0,-1.5092434395878226e-14,-252.85766658834592,0.0,0.0,-250.00000223057026,-28.793402917121128,-28.79340291712121,-28.79340291712122,-0.9347171767422942,-0.9347171767422953,-0.9347171767422954
2.84,-0.013370673315668713,-0.013370673315668768,-0.013370673315668768,0.003284523251149901,0.0032845232511518364,0.0032845232511515476,0.0018314671381626886,0.001831467138162689,0.0018314671381626892,19.181950665421784,19.181950665421784,19.181950665421784,19.947845648804673,19.947845648804677,19.947845648804677,0.0,0.0,-250.0,0.0,-3.0371632482008456e-14,-252.85064923374844,0.0,0.0,-250.00000223057026,-28.723268018352936,-28.723268018353,-28.723268018353004,-0.9347084136704462,-0.9347084136704473,-0.9347084136704471
2.85,-0.013337850977887034,-0.013337850977887089,-0.013337850977887089,0.003280236499049374,0.003280236499051375,0.003280236499051061,0.0018314662300991697,0.0018314662300991703,0.0018314662300991703,19.181950665421784,19.181950665421784,19.181950665421784,19.945965317752105,19.94596531775211,19.94596531775211,0.0,0.0,-250.0,0.0,-4.574464935952938e-14,-252.84364049104315,0.0,0.0,-250.00000223057026,-28.65324310289307,-28.653243102893125,-28.653243102893143,-0.9346987933229574,-0.9346987933229581,-0.9346987933229582
2.86,-0.013305076225876178,-0.013305076225876233,-0.013305076225876233,0.003275080463934651,0.0032750804639367164,0.003275080463936407,0.0018314651379317903,0.0018314651379317914,0.0018314651379317914,19.181950665421784,19.181950665421784,19.181950665421784,19.944087763388794,19.944087763388797,19.944087763388797,0.0,0.0,-250.0,0.0,-1.499621780342239e-14,-252.83664214606955,0.0,0.0,-250.00000223057026,-28.58334944992512,-28.583349449925162,-28.583349449925183,-0.9346887126728282,-0.9346887126728284,-0.934688712672829
2.87,-0.01327235805662319,-0.013272358056623246,-0.013272358056623246,0.0032690086156652903,0.003269008615667407,0.0032690086156671005,0.00183146385182517,0.0018314638518251703,0.00183146385182517,19.181950665421784,19.181950665421784,19.181950665421784,19.942213503536887,19.94221350353689,19.94221350353689,0.0,0.0,-250.0,0.0,-3.8103486273694786e-14,-252.82965612872727,0.0,0.0,-250.00000223057026,-28.513607849387395,-28.51360784938746,-28.513607849387466,-0.9346785422476953,-0.9346785422476964,-0.9346785422476964
2.88,-0.01323970562270782,-0.01323970562270782,-0.01323970562270782,0.003262029744179179,0.0032620297441812614,0.003262029744180962,0.0018314623736660398,0.0018314623736660394,0.0018314623736660394,19.181950665421784,19.181950665421784,19.181950665421784,19.940343061802153,19.940343061802153,19.940343061802153,0.0,0.0,-250.0,0.0,-7.6395255271102e-15,-252.82268439042073,0.0,0.0,-250.00000223057026,-28.4440375475812,-28.444037547581143,-28.444037547581136,-0.9346686100292602,-0.934668610029259,-0.9346686100292589
2.89,-0.01320712771929411,-0.013207127719294054,-0.013207127719294054,0.003254200369837445,0.003254200369839225,0.0032542003698389377,0.0018314607154532138,0.0018314607154532145,0.0018314607154532145,19.181950665421784,19.181950665421784,19.181950665421784,19.938476938626167,19.938476938626163,19.938476938626163,0.0,0.0,-250.0,0.0,7.44938492286948e-15,-252.8157287961621,0.0,0.0,-250.00000223057026,-28.3746554098538,-28.374655409853577,-28.374655409853585,-0.934659189665349,-0.9346591896653453,-0.9346591896653452
2.9,-0.013174632356031002,-0.013174632356030835,-0.013174632356030835,0.003245615618321768,0.003245615618322802,0.003245615618322545,0.0018314588973618955,0.0018314588973618957,0.0018314588973618957,19.181950665421784,19.181950665421784,19.181950665421784,19.93661558728748,19.936615587287474,19.936615587287474,0.0,0.0,-250.0,0.0,7.353650485682964e-15,-252.80879103512436,0.0,0.0,-250.00000223057026,-28.305475316442635,-28.30547531644215,-28.305475316442156,-0.9346504930592381,-0.9346504930592301,-0.9346504930592301
2.91,-0.01314222642546653,-0.013142226425466363,-0.013142226425466363,0.0032363992379931083,0.003236399237993382,0.003236399237993182,0.0018314569456263526,0.0018314569456263517,0.0018314569456263517,19.181950665421784,19.181950665421784,19.181950665421784,19.934759395478004,19.934759395477997,19.934759395477997,0.0,0.0,-250.0,0.0,7.352941576969806e-15,-252.80187255197856,0.0,0.0,-250.00000223057026,-28.236507793237802,-28.236507793237372,-28.23650779323738,-0.9346426671623213,-0.9346426671623143,-0.9346426671623147
2.92,-0.013109915473009104,-0.013109915473008937,-0.013109915473008937,0.0032266933954454837,0.0032266933954450735,0.00322669339544492,0.0018314548903760562,0.0018314548903760558,0.0018314548903760558,19.181950665421784,19.181950665421784,19.181950665421784,19.932908672706805,19.932908672706798,19.932908672706798,0.0,0.0,-250.0,0.0,1.4991387696126028e-14,-252.7949744999537,0.0,0.0,-250.00000223057026,-28.167759866647465,-28.167759866647042,-28.167759866647046,-0.9346357945977875,-0.9346357945977811,-0.9346357945977811
2.93,-0.013077703567472898,-0.013077703567472732,-0.013077703567472732,0.003216648814810136,0.003216648814809094,0.003216648814808986,0.001831452763545416,0.001831452763545416,0.001831452763545416,19.181950665421784,19.181950665421784,19.181950665421784,19.931063643444357,19.931063643444347,19.931063643444347,0.0,0.0,-250.0,0.0,-1.9168684179946774e-16,-252.78809771529407,0.0,0.0,-250.00000223057026,-28.099235121350027,-28.099235121349622,-28.09923512134963,-0.9346298975892124,-0.9346298975892058,-0.9346298975892061
2.94,-0.013045593266079403,-0.013045593266079236,-0.013045593266079236,0.0032064157354923734,0.003206415735490741,0.0032064157354906777,0.0018314505969578346,0.0018314505969578342,0.0018314505969578342,19.181950665421784,19.181950665421784,19.181950665421784,19.92922444562937,19.92922444562936,19.92922444562936,0.0,0.0,-250.0,0.0,2.2532717684473825e-14,-252.7812427117049,0.0,0.0,-250.00000223057026,-28.030933931791523,-28.03093393179115,-28.030933931791154,-0.934624944562176,-0.9346249445621707,-0.9346249445621707
2.95,-0.013013585663603222,-0.013013585663603056,-0.013013585663603056,0.0031961360588902065,0.0031961360588880178,0.003196136058887996,0.0018314484206626053,0.001831448420662604,0.001831448420662604,19.181950665421784,19.181950665421784,19.181950665421784,19.92739113392687,19.927391133926864,19.927391133926864,0.0,0.0,-250.0,0.0,7.35012781307228e-15,-252.77440969250674,0.0,0.0,-250.00000223057026,-27.962853832896894,-27.962853832896567,-27.96285383289656,-0.9346208587276663,-0.9346208587276623,-0.9346208587276619
2.96,-0.012981680512247629,-0.012981680512247462,-0.012981680512247462,0.003185936944420685,0.003185936944417988,0.003185936944418013,0.0018314462615796664,0.0018314462615796655,0.0018314462615796655,19.181950665421784,19.181950665421784,19.181950665421784,19.925563686954625,19.925563686954618,19.925563686954618,0.0,0.0,-250.0,0.0,3.0458688122451186e-14,-252.76759857757912,0.0,0.0,-250.00000223057026,-27.89498999258506,-27.89498999258474,-27.894989992584733,-0.9346175279407755,-0.9346175279407709,-0.9346175279407705
2.97,-0.012949876396841475,-0.012949876396841309,-0.012949876396841309,0.0031759260054563636,0.003175926005453205,0.0031759260054532593,0.0018314441424838797,0.001831444142483879,0.0018314441424838789,19.181950665421784,19.181950665421784,19.181950665421784,19.923742017586985,19.923742017586978,19.923742017586978,0.0,0.0,-250.0,0.0,1.4890775101226227e-14,-252.76080904177402,0.0,0.0,-250.00000223057026,-27.82733574814185,-27.827335748141547,-27.827335748141536,-0.9346148151520808,-0.934614815152077,-0.9346148151520765
2.98,-0.012918170949016206,-0.012918170949016039,-0.012918170949016039,0.0031661881522382124,0.0031661881522346363,0.003166188152234723,0.0018314420813385101,0.0018314420813385092,0.0018314420813385092,19.181950665421784,19.181950665421784,19.181950665421784,19.921925985397888,19.92192598539788,19.92192598539788,0.0,0.0,-250.0,0.0,1.4986643862051158e-14,-252.75404056129923,0.0,0.0,-250.00000223057026,-27.759883170020046,-27.75988317001976,-27.75988317001975,-0.9346125688256381,-0.9346125688256346,-0.9346125688256341
2.99,-0.012886561084074766,-0.0128865610840746,-0.0128865610840746,0.003156784036135537,0.0031567840361315766,0.0031567840361317037,0.0018314400909679493,0.0018314400909679482,0.0018314400909679482,19.181950665421784,19.181950665421784,19.181950665421784,19.92011541031269,19.92011541031268,19.92011541031268,0.0,0.0,-250.0,0.0,3.0359940224349404e-14,-252.74729246460595,0.0,0.0,-250.00000223057026,-27.692623619883136,-27.692623619882866,-27.692623619882863,-0.9346106327798401,-0.9346106327798369,-0.9346106327798365
3.0,-0.01285504324516129,-0.01285504324516118,-0.01285504324516118,0.0031477499712445297,0.00314774997124028,0.003147749971240426,0.001831438179043161,0.0018314381790431595,0.0018314381790431595,19.181950665421784,19.181950665421784,19.181950665421784,19.918310086594655,19.918310086594648,19.918310086594648,0.0,0.0,-250.0,0.0,2.272075773605322e-14,-252.74056398452123,0.0,0.0,-250.00000223057026,-27.625548274271114,-27.625548274270997,-27.625548274270997,-0.9346088550075862,-0.9346088550075855,-0.9346088550075853
3.01,-0.012823613640938036,-0.012823613640937925,-0.012823613640937925,0.003139099147533414,0.003139099147529051,0.003139099147529199,0.001831436348340302,0.0018314363483403007,0.0018314363483403011,19.181950665421784,19.181950665421784,19.181950665421784,19.916509796386602,19.9165097963866,19.9165097963866,0.0,0.0,-250.0,0.0,1.508175767213949e-14,-252.73385430872082,0.0,0.0,-250.00000223057026,-27.55864859075947,-27.55864859075937,-27.558648590759354,-0.9346070951429419,-0.9346070951429417,-0.9346070951429412
3.02,-0.012792268465087575,-0.012792268465087464,-0.012792268465087464,0.0031308239056710946,0.0031308239056666368,0.003130823905666794,0.0018314345972237206,0.0018314345972237193,0.0018314345972237193,19.181950665421784,19.181950665421784,19.181950665421784,19.914714322151838,19.91471432215183,19.91471432215183,0.0,0.0,-250.0,0.0,1.508118089801883e-14,-252.72716262609686,0.0,0.0,-250.00000223057026,-27.49191669947141,-27.491916699471307,-27.491916699471297,-0.934605230355357,-0.9346052303553568,-0.9346052303553561
3.03,-0.012761004088419292,-0.012761004088419292,-0.012761004088419292,0.0031228988173519416,0.003122898817347453,0.0031228988173476,0.0018314329202990319,0.0018314329202990306,0.0018314329202990306,19.181950665421784,19.181950665421784,19.181950665421784,19.912923457500767,19.912923457500767,19.912923457500767,0.0,0.0,-250.0,0.0,0.0,-252.72048816710827,0.0,0.0,-250.00000223057026,-27.425345708938238,-27.425345708938433,-27.425345708938433,-0.9346031595634273,-0.9346031595634345,-0.9346031595634344
3.04,-0.012729817216984518,-0.012729817216984629,-0.012729817216984629,0.0031152843054720984,0.0031152843054682608,0.003115284305468344,0.0018314313091800439,0.0018314313091800432,0.0018314313091800432,19.181950665421784,19.181950665421784,19.181950665421784,19.911137016040556,19.911137016040563,19.911137016040563,0.0,0.0,-250.0,0.0,-2.2620047739387727e-14,-252.71383023676088,0.0,0.0,-250.00000223057026,-27.35892992121752,-27.358929921217968,-27.358929921217964,-0.9346008059623802,-0.9346008059623888,-0.9346008059623887
3.05,-0.012698705012241629,-0.01269870501224174,-0.01269870501224174,0.0031079305442323723,0.003107930544229264,0.0031079305442293093,0.0018314297533145426,0.001831429753314542,0.001831429753314542,19.181950665421784,19.181950665421784,19.181950665421784,19.909354838035785,19.909354838035792,19.909354838035792,0.0,0.0,-250.0,0.0,-3.799337989726025e-14,-252.70718823942872,0.0,0.0,-250.00000223057026,-27.292664956605734,-27.29266495660616,-27.29266495660616,-0.9345981179489188,-0.9345981179489271,-0.9345981179489268
3.06,-0.012667665171819054,-0.012667665171819165,-0.012667665171819165,0.003100781397904227,0.003100781397901804,0.003100781397901799,0.0018314282408179443,0.0018314282408179445,0.0018314282408179445,19.181950665421784,19.181950665421784,19.181950665421784,19.90757679481066,19.907576794810662,19.907576794810662,0.0,0.0,-250.0,0.0,-7.539444183339017e-15,-252.70056169525648,0.0,0.0,-250.00000223057026,-27.226547792995845,-27.226547792996232,-27.226547792996236,-0.9345950686006728,-0.93459506860068,-0.9345950686006799
3.07,-0.01263669597168443,-0.012636695971684597,-0.012636695971684597,0.003093778185952775,0.003093778185951054,0.003093778185950977,0.0018314267592699526,0.0018314267592699522,0.0018314267592699522,19.181950665421784,19.181950665421784,19.181950665421784,19.905802790950943,19.905802790950954,19.905802790950954,0.0,0.0,-250.0,0.0,-3.0156637289051384e-14,-252.69395024836285,0.0,0.0,-250.00000223057026,-27.160576728770288,-27.1605767287708,-27.160576728770803,-0.9345916539232467,-0.9345916539232565,-0.9345916539232563
3.08,-0.012605796272456782,-0.012605796272456948,-0.012605796272456948,0.0030868630986157445,0.0030868630986147917,0.0030868630986146646,0.00183142529643706,0.00183142529643706,0.00183142529643706,19.181950665421784,19.181950665421784,19.181950665421784,19.90403276447245,19.90403276447246,19.90403276447246,0.0,0.0,-250.0,0.0,-3.769437557598864e-14,-252.68735366746347,0.0,0.0,-250.00000223057026,-27.094751281002267,-27.09475128100276,-27.09475128100275,-0.9345878901154459,-0.9345878901154547,-0.9345878901154543
3.09,-0.012574965494133616,-0.012574965494133783,-0.012574965494133783,0.003079982128021064,0.0030799821280208285,0.0030799821280206446,0.0018314238408924139,0.0018314238408924139,0.0018314238408924139,19.181950665421784,19.181950665421784,19.181950665421784,19.902266685208122,19.902266685208133,19.902266685208133,0.0,0.0,-250.0,0.0,-6.814440604283795e-14,-252.6807718398563,0.0,0.0,-250.00000223057026,-27.029072032627536,-27.029072032627983,-27.029072032627983,-0.9345838101226351,-0.9345838101226428,-0.9345838101226426
3.1,-0.012544203564618994,-0.01254420356461916,-0.01254420356461916,0.0030730874227422457,0.003073087422742671,0.003073087422742433,0.0018314223825135918,0.0018314223825135925,0.0018314223825135925,19.181950665421784,19.181950665421784,19.181950665421784,19.900504551727522,19.900504551727533,19.900504551727533,0.0,0.0,-250.0,0.0,-3.015323459169971e-14,-252.67420475993748,0.0,0.0,-250.00000223057026,-26.96354044317953,-26.96354044317994,-26.96354044317995,-0.9345794597509997,-0.9345794597510065,-0.9345794597510065
3.11,-0.012513510848128129,-0.012513510848128295,-0.012513510848128295,0.0030661390158577854,0.0030661390158588215,0.0030661390158585313,0.0018314209128477718,0.0018314209128477718,0.0018314209128477718,19.181950665421784,19.181950665421784,19.181950665421784,19.898746387139376,19.898746387139386,19.898746387139386,0.0,0.0,-250.0,0.0,-6.060246050469334e-14,-252.66765251355474,0.0,0.0,-250.00000223057026,-26.89815863772791,-26.898158637728326,-26.898158637728333,-0.9345748936036361,-0.9345748936036432,-0.9345748936036433
3.12,-0.012482888059821451,-0.012482888059821617,-0.012482888059821617,0.0030591059159680387,0.0030591059159696394,0.003059105915969295,0.0018314194253420855,0.0018314194253420864,0.0018314194253420864,19.181950665421784,19.181950665421784,19.181950665421784,19.896992234141543,19.896992234141553,19.896992234141553,0.0,0.0,-250.0,0.0,-2.2513624033614588e-14,-252.66111525955714,0.0,0.0,-250.00000223057026,-26.83292918792334,-26.83292918792371,-26.83292918792372,-0.9345701710751468,-0.9345701710751524,-0.9345701710751525
3.13,-0.012452336172931067,-0.012452336172931233,-0.012452336172931233,0.0030519665854908916,0.0030519665854929884,0.003051966585492612,0.0018314179154443355,0.0018314179154443363,0.0018314179154443363,19.181950665421784,19.181950665421784,19.181950665421784,19.895242149675724,19.89524214967573,19.89524214967573,0.0,0.0,-250.0,0.0,-3.788692687200003e-14,-252.65459320987281,0.0,0.0,-250.00000223057026,-26.767854897683705,-26.76785489768406,-26.767854897684078,-0.9345653526080472,-0.9345653526080528,-0.934565352608053
3.14,-0.012421856324235647,-0.012421856324235758,-0.012421856324235758,0.003044708859693257,0.003044708859695634,0.0030447088596952387,0.0018314163805854017,0.0018314163805854024,0.0018314163805854017,19.181950665421784,19.181950665421784,19.181950665421784,19.893496199519184,19.89349619951919,19.89349619951919,0.0,0.0,-250.0,0.0,-2.261155083684559e-14,-252.6480866093519,0.0,0.0,-250.00000223057026,-26.702938604207915,-26.702938604208114,-26.702938604208132,-0.934560496374445,-0.9345604963744482,-0.9345604963744482
3.15,-0.01239144972307138,-0.01239144972307149,-0.01239144972307149,0.003037329382480492,0.0030373293824830804,0.0030373293824826723,0.0018314148200594513,0.0018314148200594524,0.0018314148200594524,19.181950665421784,19.181950665421784,19.181950665421784,19.891754453106298,19.8917544531063,19.8917544531063,0.0,0.0,-250.0,0.0,-1.5173997346974092e-14,-252.6415957164677,0.0,0.0,-250.00000223057026,-26.638183002816845,-26.638183002817016,-26.638183002817033,-0.9345556555029492,-0.9345556555029514,-0.9345556555029514
3.16,-0.01236111756822078,-0.012361117568220836,-0.012361117568220836,0.003029832650649841,0.0030298326506524404,0.0030298326506520245,0.0018314132348213727,0.0018314132348213733,0.001831413234821373,19.181950665421784,19.181950665421784,19.181950665421784,19.890016978823304,19.890016978823308,19.890016978823308,0.0,0.0,-250.0,0.0,-1.507325037941298e-14,-252.63512078578125,0.0,0.0,-250.00000223057026,-26.573590501790697,-26.573590501790726,-26.573590501790747,-0.9345508759269581,-0.9345508759269577,-0.9345508759269582
3.17,-0.01233086097604269,-0.012330860976042746,-0.012330860976042746,0.003022229767154503,0.00302222976715706,0.003022229767156664,0.0018314116272227195,0.0018314116272227208,0.0018314116272227213,19.181950665421784,19.181950665421784,19.181950665421784,19.888283839963247,19.88828383996325,19.88828383996325,0.0,0.0,-250.0,0.0,-1.507269407837965e-14,-252.6286620528676,0.0,0.0,-250.00000223057026,-26.509163110987306,-26.509163110987338,-26.509163110987338,-0.9345461948877107,-0.9345461948877106,-0.9345461948877102
3.18,-0.012300680922189056,-0.012300680922189056,-0.012300680922189056,0.003014537006338502,0.0030145370063409662,0.0030145370063405833,0.0018314100007079776,0.001831410000707978,0.0018314100007079776,19.181950665421784,19.181950665421784,19.181950665421784,19.886555091469546,19.886555091469546,19.886555091469546,0.0,0.0,-250.0,0.0,0.0,-252.62221972218043,0.0,0.0,-250.00000223057026,-26.4449023657761,-26.444902365776,-26.444902365776016,-0.9345416400870079,-0.9345416400870052,-0.9345416400870054
3.19,-0.012270578198234794,-0.012270578198234738,-0.012270578198234738,0.003006774290802007,0.0030067742908041965,0.003006774290803831,0.0018314083594922243,0.001831408359492224,0.0018314083594922247,19.181950665421784,19.181950665421784,19.181950665421784,19.884830777538557,19.884830777538554,19.884830777538554,0.0,0.0,-250.0,0.0,7.535792902844658e-15,-252.61579395811984,0.0,0.0,-250.00000223057026,-26.380809285759952,-26.380809285759725,-26.380809285759725,-0.9345372294508273,-0.9345372294508233,-0.9345372294508228
3.2,-0.012240553383592367,-0.012240553383592312,-0.012240553383592312,0.0029989636714175968,0.002998963671419358,0.0029989636714190136,0.0018314067082395654,0.0018314067082395667,0.0018314067082395662,19.181950665421784,19.181950665421784,19.181950665421784,19.883110930097192,19.88311093009719,19.88311093009719,0.0,0.0,-250.0,0.0,7.434372477648847e-15,-252.6093848793596,0.0,0.0,-250.00000223057026,-26.316884365997,-26.31688436599677,-26.316884365996785,-0.9345329714379585,-0.9345329714379539,-0.934532971437954
3.21,-0.012210606832230964,-0.012210606832230908,-0.012210606832230908,0.0029911278901270416,0.002991127890128393,0.0029911278901280695,0.001831405051759179,0.0018314050517591798,0.0018314050517591793,19.181950665421784,19.181950665421784,19.181950665421784,19.881395568123647,19.881395568123647,19.881395568123647,0.0,0.0,-250.0,0.0,0.0,-252.60299255631773,0.0,0.0,-250.00000223057026,-26.25312759701845,-26.253127597018242,-26.25312759701826,-0.9345288658075114,-0.9345288658075077,-0.9345288658075078
3.22,-0.012180738673002844,-0.012180738673002733,-0.012180738673002733,0.002983289090577913,0.002983289090578769,0.0029832890905784615,0.0018314033947327117,0.0018314033947327121,0.0018314033947327121,19.181950665421784,19.181950665421784,19.181950665421784,19.879684697738952,19.879684697738945,19.879684697738945,0.0,0.0,-250.0,0.0,2.2604901554011817e-14,-252.5966170114992,0.0,0.0,-250.00000223057026,-26.189538508900046,-26.189538508899712,-26.18953850889973,-0.9345249047461732,-0.9345249047461675,-0.9345249047461679
3.23,-0.012150948821812613,-0.012150948821812502,-0.012150948821812502,0.0029754677255406196,0.0029754677255409284,0.00297546772554066,0.0018314017414833696,0.0018314017414833694,0.0018314017414833694,19.181950665421784,19.181950665421784,19.181950665421784,19.87797831296557,19.877978312965563,19.877978312965563,0.0,0.0,-250.0,0.0,3.0342196852769325e-14,-252.59025822232408,0.0,0.0,-250.00000223057026,-26.12611623397855,-26.126116233978244,-26.12611623397825,-0.9345210742496027,-0.9345210742495975,-0.9345210742495976
3.24,-0.012121237003474006,-0.012121237003473895,-0.012121237003473895,0.0029676816934146462,0.002967681693414457,0.002967681693414227,0.0018314000957935137,0.001831400095793514,0.001831400095793514,19.181950665421784,19.181950665421784,19.181950665421784,19.876276397027812,19.876276397027805,19.876276397027805,0.0,0.0,-250.0,0.0,7.534420374417746e-15,-252.58391612597538,0.0,0.0,-250.00000223057026,-26.062859582530645,-26.062859582530354,-26.06285958253036,-0.9345173556528653,-0.9345173556528605,-0.9345173556528605
3.25,-0.01209160278085869,-0.012091602780858579,-0.012091602780858579,0.002959945719937396,0.0029599457199367615,0.0029599457199365525,0.0018313984607741432,0.0018313984607741438,0.0018313984607741438,19.181950665421784,19.181950665421784,19.181950665421784,19.874578924055925,19.874578924055918,19.874578924055918,0.0,0.0,-250.0,0.0,7.329973662198016e-15,-252.57759062574976,0.0,0.0,-250.00000223057026,-25.99976712576368,-25.99976712576339,-25.999767125763405,-0.9345137272101234,-0.9345137272101185,-0.9345137272101187
3.26,-0.012062045588868808,-0.012062045588868753,-0.012062045588868753,0.002952270986233676,0.002952270986232742,0.002952270986232564,0.0018313968387864835,0.001831396838786484,0.001831396838786484,19.181950665421784,19.181950665421784,19.181950665421784,19.872885861052506,19.872885861052502,19.872885861052502,0.0,0.0,-250.0,0.0,7.329327950829039e-15,-252.57128159838675,0.0,0.0,-250.00000223057026,-25.936837280816725,-25.936837280816597,-25.936837280816615,-0.9345101656341911,-0.9345101656341889,-0.9345101656341893
3.27,-0.012032564770825427,-0.012032564770825427,-0.012032564770825427,0.0029446649912369333,0.0029446649912360182,0.002944664991235848,0.0018313952314131232,0.0018313952314131228,0.0018313952314131228,19.181950665421784,19.181950665421784,19.181950665421784,19.87119716998402,19.87119716998402,19.87119716998402,0.0,0.0,-250.0,0.0,0.0,-252.56498890186307,0.0,0.0,-250.00000223057026,-25.874068393039472,-25.874068393039515,-25.874068393039522,-0.9345066475200426,-0.9345066475200436,-0.934506647520044
3.28,-0.012003159615045889,-0.012003159615045889,-0.012003159615045889,0.002937131625704408,0.0029371316257035406,0.002937131625703369,0.0018313936394738766,0.0018313936394738761,0.0018313936394738761,19.181950665421784,19.181950665421784,19.181950665421784,19.86951280987115,19.86951280987115,19.86951280987115,0.0,0.0,-250.0,0.0,0.0,-252.55871238318255,0.0,0.0,-250.00000223057026,-25.81145881156477,-25.8114588115648,-25.81145881156482,-0.934503150592175,-0.9345031505921757,-0.934503150592176
3.29,-0.011973829389659685,-0.011973829389659685,-0.011973829389659685,0.0029296714268283335,0.002929671426827498,0.0029296714268273317,0.0018313920630797919,0.0018313920630797919,0.0018313920630797919,19.181950665421784,19.181950665421784,19.181950665421784,19.86783273876811,19.86783273876811,19.86783273876811,0.0,0.0,-250.0,0.0,0.0,-252.55245188575216,0.0,0.0,-250.00000223057026,-25.74900695505708,-25.749006955057116,-25.74900695505712,-0.9344996547327522,-0.934499654732753,-0.9344996547327528
3.3,-0.011944573374054857,-0.011944573374054857,-0.011944573374054857,0.002922281976911807,0.0029222819769110044,0.002922281976910846,0.0018313905017175768,0.0018313905017175768,0.0018313905017175768,19.181950665421784,19.181950665421784,19.181950665421784,19.866156915540817,19.866156915540817,19.866156915540817,0.0,0.0,-250.0,0.0,0.0,-252.54620725600793,0.0,0.0,-250.00000223057026,-25.686711365434718,-25.686711365434757,-25.686711365434764,-0.934496142764512,-0.934496142764513,-0.9344961427645133
3.31,-0.011915390885727684,-0.011915390885727684,-0.011915390885727684,0.0029149584066670885,0.002914958406666324,0.0029149584066661518,0.001831388954356099,0.0018313889543560985,0.0018313889543560985,19.181950665421784,19.181950665421784,19.181950665421784,19.864485301375975,19.864485301375975,19.864485301375975,0.0,0.0,-250.0,0.0,-7.635731437968227e-15,-252.53997834903802,0.0,0.0,-250.00000223057026,-25.624570748272703,-25.624570748272745,-25.624570748272752,-0.9344926009785124,-0.9344926009785136,-0.9344926009785136
3.32,-0.011886281301712265,-0.011886281301712265,-0.011886281301712265,0.0029076939632368863,0.00290769396323615,0.002907693963235977,0.0018313874195665194,0.0018313874195665194,0.0018313874195665194,19.181950665421784,19.181950665421784,19.181950665421784,19.862817860976108,19.862817860976108,19.862817860976108,0.0,0.0,-250.0,0.0,-7.635648237650738e-15,-252.5337650330358,0.0,0.0,-250.00000223057026,-25.56258399946996,-25.56258399947,-25.562583999470004,-0.9344890194117318,-0.9344890194117329,-0.9344890194117331
3.33,-0.01185724407415284,-0.011857244074152895,-0.011857244074152895,0.0029004806047427507,0.0029004806047422237,0.0029004806047420407,0.0018313858956479957,0.0018313858956479955,0.0018313858956479955,19.181950665421784,19.181950665421784,19.181950665421784,19.861154563417667,19.86115456341767,19.86115456341767,0.0,0.0,-250.0,0.0,-7.4284247268545e-15,-252.52756719249646,0.0,0.0,-250.00000223057026,-25.500750218530435,-25.50075021853061,-25.500750218530616,-0.934485391891831,-0.9344853918918342,-0.9344853918918343
3.34,-0.011828278739949238,-0.01182827873994935,-0.01182827873994935,0.0028933095866524264,0.002893309586652326,0.002893309586652133,0.0018313843807516098,0.0018313843807516092,0.0018313843807516088,19.181950665421784,19.181950665421784,19.181950665421784,19.859495382670246,19.859495382670254,19.859495382670254,0.0,0.0,-250.0,0.0,-1.4959704345875587e-14,-252.52138473015157,0.0,0.0,-250.00000223057026,-25.439068709474466,-25.43906870947478,-25.439068709474792,-0.934481715876573,-0.9344817158765788,-0.934481715876579
3.35,-0.01179938492472532,-0.011799384924725376,-0.011799384924725431,0.0028861720101344955,0.0028861720101347374,0.0028861720101346073,0.0018313828729962364,0.0018313828729962364,0.0018313828729962364,19.181950665421784,19.181950665421784,19.181950665421784,19.857840297792816,19.85784029779282,19.857840297792823,0.0,0.0,-250.0,6.522438775156833e-15,-2.656799519322226e-14,-252.51521756769944,0.0,0.0,-250.00000223057026,-25.377538970913907,-25.37753897091405,-25.3775389709142,-0.9344779921226056,-0.9344779921226082,-0.9344779921226108
3.36,-0.011770562341637425,-0.01177056234163748,-0.011770562341637536,0.0028790593083832597,0.0028790593083836873,0.0028790593083837376,0.0018313813705712685,0.0018313813705712687,0.0018313813705712683,19.181950665421784,19.181950665421784,19.181950665421784,19.856189292838028,19.856189292838028,19.85618929283803,0.0,0.0,-250.0,6.432040072959626e-15,-1.1348857643575895e-14,-252.50906564544812,0.0,0.0,-250.00000223057026,-25.316160677199292,-25.316160677199424,-25.316160677199576,-0.9344742242228775,-0.9344742242228801,-0.9344742242228825
3.37,-0.011741810785746876,-0.011741810785746931,-0.011741810785746987,0.0028719636532384156,0.002871963653239003,0.0028719636532392244,0.0018313798718224805,0.001831379871822481,0.0018313798718224805,19.181950665421784,19.181950665421784,19.181950665421784,19.854542356506958,19.85454235650696,19.854542356506965,0.0,0.0,-250.0,1.3043961722029317e-14,2.086012581279771e-16,-252.50292892102829,0.0,0.0,-250.00000223057026,-25.25493365277613,-25.254933652776252,-25.254933652776387,-0.9344704180538952,-0.9344704180538975,-0.9344704180538991
3.38,-0.011713130124818616,-0.011713130124818671,-0.011713130124818727,0.0028648782708812323,0.002864878270881967,0.0028648782708823417,0.0018313783753186625,0.0018313783753186625,0.0018313783753186625,19.181950665421784,19.181950665421784,19.181950665421784,19.852899481604382,19.852899481604386,19.85289948160439,0.0,0.0,-250.0,0.0,-1.5061342863597867e-14,-252.49680736736303,0.0,0.0,-250.00000223057026,-25.193857841964682,-25.193857841964803,-25.193857841964938,-0.9344665811733563,-0.9344665811733582,-0.9344665811733605
3.39,-0.011684520287489897,-0.011684520287489952,-0.011684520287489952,0.0028577976616070986,0.002857797661607945,0.002857797661608376,0.0018313768798979778,0.0018313768798979783,0.0018313768798979783,19.181950665421784,19.181950665421784,19.181950665421784,19.85126066434885,19.851260664348853,19.851260664348853,0.0,0.0,-250.0,0.0,-2.2695889233369765e-14,-252.49070097009664,0.0,0.0,-250.00000223057026,-25.13293327634409,-25.1329332763442,-25.13293327634418,-0.9344627222063456,-0.9344627222063472,-0.9344627222063465
3.4,-0.0116559812497668,-0.0116559812497668,-0.0116559812497668,0.002850717724372052,0.002850717724372981,0.002850717724373331,0.0018313753846941993,0.0018313753846941996,0.0018313753846941996,19.181950665421784,19.181950665421784,19.181950665421784,19.84962590359238,19.84962590359238,19.84962590359238,0.0,0.0,-250.0,0.0,-7.634990298340976e-15,-252.48460972468675,0.0,0.0,-250.00000223057026,-25.072160041760124,-25.072160041760085,-25.072160041760075,-0.9344588502537597,-0.9344588502537591,-0.9344588502537589
3.41,-0.01162751302077536,-0.011627513020775304,-0.011627513020775304,0.0028436357917262767,0.0028436357917269333,0.0028436357917272434,0.0018313738891440065,0.0018313738891440072,0.0018313738891440072,19.181950665421784,19.181950665421784,19.181950665421784,19.847995200002536,19.847995200002533,19.847995200002533,0.0,0.0,-250.0,0.0,-7.634909005184627e-15,-252.47853363335642,0.0,0.0,-250.00000223057026,-25.01153824674506,-25.011538246744877,-25.01153824674487,-0.9344549743513478,-0.9344549743513447,-0.9344549743513443
3.42,-0.011599115628611878,-0.011599115628611822,-0.011599115628611767,0.0028365505847538844,0.002836550584754234,0.0028365505847543454,0.0018313723929774014,0.0018313723929774014,0.0018313723929774012,19.181950665421784,19.181950665421784,19.181950665421784,19.846368555254752,19.84636855525475,19.846368555254745,0.0,0.0,-250.0,-6.4297373443602195e-15,-4.0278207105470134e-15,-252.4724727020845,0.0,0.0,-250.00000223057026,-24.95106799382862,-24.951067993828456,-24.951067993828307,-0.934451103001319,-0.9344511030013161,-0.9344511030013132
3.43,-0.011570789107026691,-0.011570789107026636,-0.01157078910702658,0.002829462100620604,0.002829462100620657,0.002829462100620541,0.0018313708961938844,0.0018313708961938836,0.001831370896193884,19.181950665421784,19.181950665421784,19.181950665421784,19.8447459712761,19.844745971276097,19.844745971276094,0.0,0.0,-250.0,-6.520620919011661e-15,1.8718028649868233e-14,-252.46642693778782,0.0,0.0,-250.00000223057026,-24.890749354884058,-24.890749354883926,-24.890749354883773,-0.9344472437919578,-0.9344472437919558,-0.9344472437919529
3.44,-0.011542533483535011,-0.011542533483534956,-0.0115425334835349,0.002822371447263955,0.002822371447263746,0.002822371447263426,0.0018313693990274862,0.0018313693990274864,0.0018313693990274868,19.181950665421784,19.181950665421784,19.181950665421784,19.843127449573853,19.84312744957385,19.843127449573846,0.0,0.0,-250.0,9.141876829310421e-17,1.489986822368478e-14,-252.46039634581953,0.0,0.0,-250.00000223057026,-24.830582351288655,-24.83058235128851,-24.83058235128837,-0.9344434031139759,-0.9344434031139737,-0.9344434031139713
3.45,-0.011514348769399718,-0.011514348769399663,-0.011514348769399607,0.002815280640692155,0.002815280640691682,0.002815280640691183,0.0018313679019039144,0.0018313679019039144,0.0018313679019039144,19.181950665421784,19.181950665421784,19.181950665421784,19.84151299067331,19.841512990673305,19.8415129906733,0.0,0.0,-250.0,-6.428599037175487e-15,1.124039973788796e-14,-252.45438092787427,0.0,0.0,-250.00000223057026,-24.770566939329512,-24.770566939329385,-24.770566939329253,-0.9344395859761994,-0.9344395859761971,-0.9344395859761947
3.46,-0.011486234951774199,-0.011486234951774144,-0.011486234951774144,0.0028081923803432193,0.002808192380342509,0.002808192380341873,0.0018313664053930736,0.0018313664053930738,0.0018313664053930733,19.181950665421784,19.181950665421784,19.181950665421784,19.839902593680563,19.83990259368056,19.83990259368056,0.0,0.0,-250.0,0.0,7.422670868818724e-15,-252.44838068035926,0.0,0.0,-250.00000223057026,-24.710703000952407,-24.710703000952293,-24.710703000952318,-0.9344357959175918,-0.9344357959175904,-0.934435795917591
3.47,-0.011458191988143629,-0.011458191988143573,-0.011458191988143573,0.00280110981714331,0.0028011098171423815,0.002801109817141812,0.0018313649101600697,0.0018313649101600695,0.0018313649101600695,19.181950665421784,19.181950665421784,19.181950665421784,19.838296255977294,19.838296255977294,19.838296255977294,0.0,0.0,-250.0,0.0,0.0,-252.4423955932574,0.0,0.0,-250.00000223057026,-24.65099033965841,-24.650990339658303,-24.65099033965833,-0.934432035007965,-0.9344320350079636,-0.934432035007964
3.48,-0.01143021980306308,-0.011430219803063024,-0.01143021980306308,0.0027940363274136836,0.0027940363274125643,0.0027940363274120807,0.001831363416917453,0.0018313634169174534,0.001831363416917453,19.181950665421784,19.181950665421784,19.181950665421784,19.836693973046767,19.836693973046764,19.836693973046767,0.0,0.0,-250.0,1.3131040880858786e-14,7.5812099873038e-15,-252.43642564947916,0.0,0.0,-250.00000223057026,-24.59142868110527,-24.59142868110516,-24.591428681105334,-0.9344283039259469,-0.9344283039259451,-0.9344283039259479
3.49,-0.011402318287071778,-0.011402318287071778,-0.011402318287071833,0.0027869753037874498,0.002786975303786166,0.0027869753037859275,0.0018313619263810796,0.0018313619263810794,0.0018313619263810792,19.181950665421784,19.181950665421784,19.181950665421784,19.835095738423476,19.835095738423476,19.83509573842348,0.0,0.0,-250.0,0.0,0.0,-252.4304708246749,0.0,0.0,-250.00000223057026,-24.532017677782722,-24.532017677782775,-24.532017677782935,-0.9344246021002988,-0.934424602100302,-0.9344246021003045
3.5,-0.011374487297562075,-0.011374487297562075,-0.01137448729756213,0.002779929971979508,0.002779929971978296,0.0027799299719782856,0.0018313604392314249,0.0018313604392314242,0.0018313604392314249,19.181950665421784,19.181950665421784,19.181950665421784,19.833501543753236,19.833501543753236,19.83350154375324,0.0,0.0,-250.0,6.519060458719144e-15,-1.1397968141830522e-14,-252.4245310874592,0.0,0.0,-250.00000223057026,-24.472756916993898,-24.47275691699396,-24.472756916994094,-0.9344209278990239,-0.9344209278990254,-0.9344209278990273
3.51,-0.011346726661307649,-0.011346726661307649,-0.011346726661307704,0.002772903239756301,0.002772903239755145,0.0027729032397553503,0.0018313589560817242,0.0018313589560817235,0.0018313589560817237,19.181950665421784,19.181950665421784,19.181950665421784,19.83191137894654,19.83191137894654,19.831911378946543,0.0,0.0,-250.0,1.3037679649250193e-14,-1.5161415492369275e-14,-252.41860639998268,0.0,0.0,-250.00000223057026,-24.41364593129991,-24.413645931299975,-24.413645931300113,-0.9344172788501725,-0.934417278850174,-0.9344172788501761
3.52,-0.011319036178306152,-0.011319036178306152,-0.011319036178306208,0.0027658975819531066,0.0027658975819520345,0.0027658975819523997,0.0018313574774537177,0.0018313574774537177,0.0018313574774537172,19.181950665421784,19.181950665421784,19.181950665421784,19.830325232405052,19.830325232405052,19.830325232405055,0.0,0.0,-250.0,6.518619758707023e-15,-1.1397555523668308e-14,-252.41269671877538,0.0,0.0,-250.00000223057026,-24.354684210564344,-24.354684210564386,-24.354684210564525,-0.9344136518787255,-0.9344136518787265,-0.934413651878729
3.53,-0.011291415626565882,-0.011291415626565882,-0.011291415626565937,0.0027589149629909473,0.0027589149629899303,0.0027589149629904585,0.0018313560037613225,0.0018313560037613221,0.001831356003761323,19.181950665421784,19.181950665421784,19.181950665421784,19.82874309130012,19.82874309130012,19.828743091300122,0.0,0.0,-250.0,1.3036800518207644e-14,-1.5160750160888878e-14,-252.4068019957853,0.0,0.0,-250.00000223057026,-24.295871214758442,-24.29587121475849,-24.2958712147586,-0.93441004354501,-0.934410043545011,-0.9344100435450124
3.54,-0.011263864767462939,-0.011263864767462939,-0.011263864767462994,0.0027519567961887094,0.002751956796187761,0.0027519567961884245,0.0018313545353020764,0.0018313545353020764,0.001831354535302076,19.181950665421784,19.181950665421784,19.181950665421784,19.827164941881836,19.827164941881836,19.827164941881836,0.0,0.0,-250.0,0.0,0.0,-252.40092217952952,0.0,0.0,-250.00000223057026,-24.237206386754202,-24.237206386754238,-24.23720638675437,-0.9344064502718498,-0.934406450271851,-0.934406450271853
3.55,-0.011236383351314438,-0.011236383351314438,-0.011236383351314494,0.0027450239373158834,0.0027450239373150043,0.002745023937315808,0.0018313530722558003,0.0018313530722558,0.0018313530722558007,19.181950665421784,19.181950665421784,19.181950665421784,19.825590769798534,19.825590769798534,19.825590769798538,0.0,0.0,-250.0,6.424867294483513e-15,-1.1343191794885059e-14,-252.39505721628498,0.0,0.0,-250.00000223057026,-24.17868916443466,-24.178689164434704,-24.17868916443481,-0.9344028685499945,-0.9344028685499955,-0.9344028685499969
3.56,-0.011208971122846856,-0.011208971122846856,-0.011208971122846911,0.002738116708356032,0.002738116708355184,0.0027381167083561316,0.001831351614689648,0.0018313516146896479,0.0018313516146896483,19.181950665421784,19.181950665421784,19.181950665421784,19.8240205604086,19.8240205604086,19.824020560408602,0.0,0.0,-250.0,6.517745137928676e-15,-1.9030451451550577e-14,-252.3892070512501,0.0,0.0,-250.00000223057026,-24.120318991571366,-24.120318991571402,-24.12031899157151,-0.9343992951137641,-0.9343992951137651,-0.9343992951137664
3.57,-0.01118162782628257,-0.01118162782628257,-0.011181627826282625,0.002731234946372724,0.0027312349463719096,0.0027312349463729786,0.0018313501625684418,0.0018313501625684418,0.0018313501625684425,19.181950665421784,19.181950665421784,19.181950665421784,19.822454299068962,19.822454299068962,19.822454299068966,0.0,0.0,-250.0,1.9645979169312132e-14,-1.8976248174687102e-14,-252.38337162961975,0.0,0.0,-250.00000223057026,-24.06209532704913,-24.062095327049157,-24.062095327049256,-0.9343957270813942,-0.9343957270813948,-0.9343957270813963
3.58,-0.011154353209828327,-0.011154353209828383,-0.011154353209828327,0.002724378071702045,0.002724378071701421,0.002724378071702346,0.0018313487157690853,0.001831348715769085,0.0018313487157690853,19.181950665421784,19.181950665421784,19.181950665421784,19.820891971388296,19.820891971388296,19.820891971388296,0.0,0.0,-250.0,0.0,0.0,-252.3775508975283,0.0,0.0,-250.00000223057026,-24.004017652169484,-24.00401765216966,-24.004017652169477,-0.9343921620573099,-0.9343921620573133,-0.9343921620573099
3.59,-0.01112714702940254,-0.011127147029402595,-0.01112714702940254,0.002717545169412289,0.0027175451694118817,0.0027175451694125157,0.0018313472740977745,0.0018313472740977745,0.0018313472740977745,19.181950665421784,19.181950665421784,19.181950665421784,19.819333563435805,19.81933356343581,19.819333563435805,0.0,0.0,-250.0,-6.5170950392655376e-15,-3.762646575254333e-15,-252.37174480282778,0.0,0.0,-250.00000223057026,-23.94608547588728,-23.946085475887436,-23.946085475887266,-0.9343885981956959,-0.9343885981956982,-0.9343885981956956
3.6,-0.011100009051503268,-0.011100009051503323,-0.011100009051503268,0.002710735078044375,0.0027107350780441616,0.0027107350780445284,0.001831345837308733,0.0018313458373087333,0.001831345837308733,19.181950665421784,19.181950665421784,19.181950665421784,19.817779061900506,19.81777906190051,19.817779061900506,0.0,0.0,-250.0,-1.9738323278058353e-14,-1.1395926257938847e-14,-252.36595329568107,0.0,0.0,-250.00000223057026,-23.888298337970834,-23.88829833797098,-23.888298337970824,-0.9343850342269956,-0.9343850342269979,-0.9343850342269951
3.61,-0.01107293905517609,-0.011072939055176145,-0.01107293905517609,0.0027039464800342524,0.0027039464800342103,0.00270394648003433,0.0018313444051233025,0.001831344405123302,0.0018313444051233025,19.181950665421784,19.181950665421784,19.181950665421784,19.816228454198736,19.81622845419874,19.816228454198736,0.0,0.0,-250.0,-1.97379746087728e-14,-2.666237896557355e-14,-252.36017632896255,0.0,0.0,-250.00000223057026,-23.830655810185505,-23.83065581018566,-23.830655810185505,-0.9343814694507104,-0.9343814694507133,-0.9343814694507107
3.62,-0.011045936833090686,-0.011045936833090741,-0.011045936833090686,0.0026971779888339065,0.002697177988834024,0.0026971779888339278,0.0018313429772483267,0.0018313429772483267,0.0018313429772483267,19.181950665421784,19.181950665421784,19.181950665421784,19.814681728530925,19.81468172853093,19.814681728530925,0.0,0.0,-250.0,-6.516449909423653e-15,-3.7622741093664575e-15,-252.35441385846912,0.0,0.0,-250.00000223057026,-23.773157495685638,-23.77315749568578,-23.773157495685638,-0.9343779036990725,-0.934377903699075,-0.9343779036990725
3.63,-0.01101900219178542,-0.011019002191785476,-0.01101900219178542,0.00269042822856433,0.0026904282285646125,0.002690428228564305,0.0018313415533929595,0.00183134155339296,0.0018313415533929595,19.181950665421784,19.181950665421784,19.181950665421784,19.81313887389108,19.813138873891084,19.81313887389108,0.0,0.0,-250.0,-1.293818588995416e-14,-1.510303841449887e-14,-252.34866584295597,0.0,0.0,-250.00000223057026,-23.71580302688038,-23.715803026880508,-23.71580302688038,-0.9343743372773337,-0.9343743372773355,-0.9343743372773337
3.64,-0.010992134951171295,-0.01099213495117135,-0.010992134951171295,0.0026836959029551207,0.002683695902955542,0.002683695902955048,0.0018313401332832031,0.0018313401332832034,0.0018313401332832031,19.181950665421784,19.181950665421784,19.181950665421784,19.81159988003449,19.811599880034493,19.81159988003449,0.0,0.0,-250.0,-1.3032045120284635e-14,-2.279024827512492e-14,-252.3429322440158,0.0,0.0,-250.00000223057026,-23.65859206207645,-23.658592062076583,-23.658592062076455,-0.9343707708867218,-0.934370770886724,-0.9343707708867219
3.65,-0.010965334943416893,-0.010965334943416949,-0.010965334943416893,0.0026769798513054956,0.0026769798513060434,0.0026769798513053655,0.0018313387166737092,0.001831338716673709,0.0018313387166737092,19.181950665421784,19.181950665421784,19.181950665421784,19.8100647374107,19.8100647374107,19.8100647374107,0.0,0.0,-250.0,0.0,-1.5266040815009742e-14,-252.33721302582907,0.0,0.0,-250.00000223057026,-23.601524281232827,-23.601524281232958,-23.601524281232834,-0.9343672055363615,-0.9343672055363637,-0.9343672055363618
3.66,-0.01093860201135094,-0.010938602011350995,-0.010938602011350995,0.0026702790901702127,0.002670279090170904,0.002670279090170245,0.0018313373033565605,0.0018313373033565607,0.0018313373033565607,19.181950665421784,19.181950665421784,19.181950665421784,19.80853343706969,19.80853343706969,19.80853343706969,0.0,0.0,-250.0,0.0,-1.5265888509735067e-14,-252.3315081548146,0.0,0.0,-250.00000223057026,-23.544599381161945,-23.54459938116207,-23.544599381162087,-0.9343636424501898,-0.9343636424501918,-0.9343636424501922
3.67,-0.010911936006529732,-0.010911936006529788,-0.010911936006529788,0.0026635928403965963,0.002663592840397405,0.0026635928403967724,0.0018313358931669698,0.0018313358931669702,0.00183133589316697,19.181950665421784,19.181950665421784,19.181950665421784,19.80700597054969,19.80700597054969,19.80700597054969,0.0,0.0,-250.0,0.0,7.63286830003156e-15,-252.3258175992114,0.0,0.0,-250.00000223057026,-23.487817070503947,-23.48781707050406,-23.48781707050409,-0.9343600829744517,-0.9343600829744536,-0.9343600829744539
3.68,-0.010885336787111732,-0.010885336787111788,-0.010885336787111788,0.0026569205399542403,0.0026569205399551584,0.0026569205399545534,0.0018313344859859696,0.0018313344859859696,0.0018313344859859691,19.181950665421784,19.181950665421784,19.181950665421784,19.805482329754714,19.805482329754717,19.805482329754717,0.0,0.0,-250.0,0.0,-1.515586790607883e-14,-252.32014132862233,0.0,0.0,-250.00000223057026,-23.43117706476285,-23.43117706476296,-23.431177064762984,-0.9343565284904917,-0.9343565284904931,-0.9343565284904939
3.69,-0.010858804215677642,-0.010858804215677698,-0.010858804215677698,0.00265026184368959,0.0026502618436905975,0.0026502618436900385,0.001831333081740352,0.0018313330817403524,0.0018313330817403524,19.181950665421784,19.181950665421784,19.181950665421784,19.803962506829784,19.803962506829787,19.803962506829787,0.0,0.0,-250.0,0.0,-1.493577924127286e-14,-252.31447931354927,0.0,0.0,-250.00000223057026,-23.374679081661863,-23.37467908166197,-23.37467908166199,-0.9343529803368394,-0.9343529803368411,-0.9343529803368417
3.7,-0.01083233815711715,-0.010832338157117205,-0.010832338157117205,0.0026436166116866346,0.0026436166116877435,0.0026436166116871954,0.0018313316804002033,0.0018313316804002033,0.001831331680400203,19.181950665421784,19.181950665421784,19.181950665421784,19.80244649404055,19.802446494040552,19.802446494040552,0.0,0.0,-250.0,0.0,-7.41253719500044e-15,-252.3088315249447,0.0,0.0,-250.00000223057026,-23.31832283702052,-23.318322837020617,-23.318322837020645,-0.9343494397434774,-0.9343494397434783,-0.9343494397434791
3.71,-0.01080593847668504,-0.010805938476685095,-0.010805938476685095,0.002636984888299768,0.002636984888300968,0.002636984888300442,0.0018313302819744724,0.0018313302819744726,0.0018313302819744721,19.181950665421784,19.181950665421784,19.181950665421784,19.800934283663153,19.800934283663157,19.800934283663157,0.0,0.0,-250.0,0.0,-7.522347358227522e-15,-252.30319793380139,0.0,0.0,-250.00000223057026,-23.262108041303605,-23.262108041303705,-23.262108041303726,-0.9343459077801849,-0.934345907780186,-0.9343459077801866
3.72,-0.010779605038307605,-0.010779605038307605,-0.01077960503830766,0.0026303668741466785,0.0026303668741478907,0.0026303668741474617,0.0018313288865050544,0.0018313288865050548,0.0018313288865050548,19.181950665421784,19.181950665421784,19.181950665421784,19.799425867888868,19.799425867888868,19.79942586788887,0.0,0.0,-250.0,-9.55966893650755e-17,5.51927743385635e-17,-252.29757851079685,0.0,0.0,-250.00000223057026,-23.206034396938698,-23.206034396938644,-23.20603439693881,-0.9343423853199218,-0.9343423853199206,-0.9343423853199233
3.73,-0.010753337703197141,-0.010753337703197141,-0.010753337703197197,0.002623762893441052,0.0026237628934421093,0.002623762893441928,0.0018313274940598995,0.0018313274940599002,0.0018313274940598998,19.181950665421784,19.181950665421784,19.181950665421784,19.797921238746568,19.797921238746568,19.797921238746568,0.0,0.0,-250.0,0.0,0.0,-252.29197322600504,0.0,0.0,-250.00000223057026,-23.15010159644599,-23.150101596445936,-23.1501015964461,-0.9343388730172467,-0.9343388730172456,-0.9343388730172485
3.74,-0.01072713632880723,-0.01072713632880723,-0.010727136328807285,0.002617173358974054,0.0026171733589749773,0.0026171733589750268,0.0018313261047256198,0.0018313261047256202,0.0018313261047256204,19.181950665421784,19.181950665421784,19.181950665421784,19.79642038804489,19.796420388044886,19.79642038804489,0.0,0.0,-250.0,6.4180343515230844e-15,-3.926888256588142e-15,-252.28638204868025,0.0,0.0,-250.00000223057026,-23.09430932137371,-23.09430932137367,-23.094309321373814,-0.9343353713009748,-0.934335371300974,-0.9343353713009767
3.75,-0.010701000768141566,-0.010701000768141511,-0.010701000768141566,0.0026105987368921445,0.0026105987368927326,0.0026105987368930123,0.0018313247186000606,0.001831324718600061,0.0018313247186000612,19.181950665421784,19.181950665421784,19.181950665421784,19.794923307334663,19.794923307334663,19.794923307334663,0.0,0.0,-250.0,0.0,0.0,-252.2808049471178,0.0,0.0,-250.00000223057026,-23.038657241994606,-23.03865724199443,-23.03865724199456,-0.9343318803796844,-0.9343318803796811,-0.9343318803796833
3.76,-0.010674930869406685,-0.01067493086940663,-0.010674930869406685,0.00260403951315201,0.0026040395131522805,0.002604039513152772,0.001831323335785227,0.001831323335785227,0.0018313233357852272,19.181950665421784,19.181950665421784,19.181950665421784,19.793429987890914,19.79342998789091,19.793429987890914,0.0,0.0,-250.0,0.0,0.0,-252.2752418885866,0.0,0.0,-250.00000223057026,-22.983145017680314,-22.983145017680155,-22.983145017680283,-0.934328400258111,-0.9343284002581086,-0.9343284002581106
3.77,-0.010648926475984033,-0.010648926475983977,-0.010648926475984033,0.0025974961632078686,0.0025974961632078573,0.0025974961632085364,0.0018313219563808904,0.0018313219563808906,0.0018313219563808906,19.181950665421784,19.181950665421784,19.181950665421784,19.79194042071295,19.791940420712947,19.79194042071295,0.0,0.0,-250.0,6.51329739467593e-15,3.760454004128237e-15,-252.26969283932976,0.0,0.0,-250.00000223057026,-22.92777229784999,-22.92777229784984,-22.92777229784996,-0.9343249307622118,-0.9343249307622096,-0.9343249307622115
3.78,-0.010622987426681552,-0.010622987426681496,-0.010622987426681552,0.0025909691261159318,0.0025909691261156546,0.0025909691261165016,0.0018313205804791355,0.0018313205804791352,0.0018313205804791357,19.181950665421784,19.181950665421784,19.181950665421784,19.790454596540286,19.790454596540282,19.790454596540286,0.0,0.0,-250.0,-9.645398108674925e-17,-5.568773194484598e-17,-252.26415776462377,0.0,0.0,-250.00000223057026,-22.872538723368077,-22.872538723367946,-22.872538723368056,-0.934321471570462,-0.9343214715704599,-0.9343214715704616
3.79,-0.010597113556215676,-0.01059711355621562,-0.010597113556215676,0.0025844587838603173,0.0025844587838598143,0.002584458783860814,0.001831319208159997,0.0018313192081599967,0.0018313192081599971,19.181950665421784,19.181950665421784,19.181950665421784,19.788972505881354,19.78897250588135,19.788972505881354,0.0,0.0,-250.0,6.5128861283987495e-15,3.760216559432398e-15,-252.25863662888537,0.0,0.0,-250.00000223057026,-22.81744392826049,-22.817443928260367,-22.81744392826047,-0.9343180222489211,-0.9343180222489196,-0.9343180222489208
3.8,-0.01057130469586931,-0.010571304695869255,-0.01057130469586931,0.0025779654463217467,0.0025779654463210376,0.002577965446322172,0.001831317839488302,0.0018313178394883014,0.001831317839488302,19.181950665421784,19.181950665421784,19.181950665421784,19.787494139052068,19.787494139052065,19.787494139052068,0.0,0.0,-250.0,0.0,0.0,-252.25312939581562,0.0,0.0,-250.00000223057026,-22.762487541618505,-22.762487541618395,-22.76248754161849,-0.9343145822877672,-0.9343145822877654,-0.934314582287767
3.81,-0.010545560674269538,-0.010545560674269483,-0.010545560674269538,0.0025714893419680534,0.0025714893419671466,0.0025714893419684056,0.0018313164745117057,0.001831316474511705,0.001831316474511706,19.181950665421784,19.181950665421784,19.181950665421784,19.786019486220884,19.78601948622088,19.786019486220884,0.0,0.0,-250.0,6.415599211066699e-15,-3.92777751626057e-15,-252.24763602856729,0.0,0.0,-250.00000223057026,-22.707669189568183,-22.70766918956808,-22.707669189568172,-0.9343111511372124,-0.9343111511372109,-0.9343111511372123
3.82,-0.010519881318225899,-0.010519881318225843,-0.010519881318225899,0.002565030614024443,0.0025650306140233363,0.002565030614024728,0.0018313151132598909,0.0018313151132598902,0.001831315113259891,19.181950665421784,19.181950665421784,19.181950665421784,19.784548537457,19.784548537457,19.784548537457,0.0,0.0,-250.0,0.0,0.0,-252.24215648992495,0.0,0.0,-250.00000223057026,-22.65298849718688,-22.652988497186787,-22.65298849718687,-0.9343077282408868,-0.9343077282408853,-0.9343077282408865
3.83,-0.010494266453581425,-0.010494266453581369,-0.010494266453581425,0.0025585893216306145,0.002558589321629331,0.002558589321630843,0.001831313755744816,0.001831313755744816,0.001831313755744816,19.181950665421784,19.181950665421784,19.181950665421784,19.783081282779033,19.78308128277903,19.783081282779033,0.0,0.0,-250.0,1.3024139774247612e-14,7.519490604625171e-15,-252.2366907424858,0.0,0.0,-250.00000223057026,-22.598445090281313,-22.598445090281217,-22.59844509028131,-0.9343043130653996,-0.9343043130653979,-0.9343043130653996
3.84,-0.010468715906026105,-0.01046871590602605,-0.010468715906026105,0.0025521654452886106,0.002552165445287177,0.0025521654452888057,0.0018313124019618656,0.0018313124019618656,0.0018313124019618658,19.181950665421784,19.181950665421784,19.181950665421784,19.781617712201303,19.7816177122013,19.781617712201303,0.0,0.0,-250.0,3.2948528873440326e-14,3.759628239895057e-15,-252.23123874883237,0.0,0.0,-250.00000223057026,-22.544038596943057,-22.54403859694297,-22.54403859694305,-0.9343009051248724,-0.9343009051248713,-0.9343009051248724
3.85,-0.010443229501837292,-0.010443229501837237,-0.010443229501837292,0.002545758895769978,0.0025457588957684026,0.0025457588957701308,0.0018313110518917346,0.001831311051891734,0.0018313110518917346,19.181950665421784,19.181950665421784,19.181950665421784,19.780157815775706,19.780157815775702,19.780157815775706,0.0,0.0,-250.0,6.511664889021313e-15,3.759511476549089e-15,-252.22580047168847,0.0,0.0,-250.00000223057026,-22.489768648833127,-22.489768648833053,-22.489768648833127,-0.9342975039998878,-0.9342975039998871,-0.9342975039998876
3.86,-0.010417807068514917,-0.010417807068514862,-0.010417807068514917,0.002539369525570121,0.0025393695255684166,0.0025393695255702233,0.0018313097055028386,0.0018313097055028386,0.0018313097055028386,19.181950665421784,19.181950665421784,19.181950665421784,19.77870158362747,19.778701583627466,19.77870158362747,0.0,0.0,-250.0,6.413886262051262e-15,3.703058959946938e-15,-252.2203758740524,0.0,0.0,-250.00000223057026,-22.43563488215774,-22.43563488215765,-22.435634882157732,-0.934294109350472,-0.9342941093504706,-0.9342941093504722
3.87,-0.010392448435294188,-0.010392448435294133,-0.010392448435294188,0.002532997141984345,0.002532997141982527,0.0025329971419844237,0.0018313083627540803,0.00183130836275408,0.0018313083627540803,19.181950665421784,19.181950665421784,19.181950665421784,19.777249005983744,19.77724900598374,19.777249005983744,0.0,0.0,-250.0,0.0,0.0,-252.21496491930324,0.0,0.0,-250.00000223057026,-22.38163693832853,-22.381636938328455,-22.381636938328526,-0.9342907209233102,-0.9342907209233089,-0.93429072092331
3.88,-0.010367153433521181,-0.010367153433521237,-0.010367153433521181,0.002526641520909354,0.002526641520907645,0.002526641520909375,0.0018313070235977539,0.0018313070235977532,0.0018313070235977539,19.181950665421784,19.181950665421784,19.181950665421784,19.77580007319435,19.775800073194354,19.77580007319435,0.0,0.0,-250.0,-6.51106126263479e-15,-3.759162972692341e-15,-252.20956757127834,0.0,0.0,-250.00000223057026,-22.32777446430642,-22.327774464306643,-22.327774464306422,-0.934287338553413,-0.9342873385534173,-0.9342873385534133
3.89,-0.010341921896891704,-0.010341921896891815,-0.010341921896891704,0.002520302420550733,0.0025203024205494853,0.002520302420550706,0.0018313056879824343,0.0018313056879824346,0.0018313056879824343,19.181950665421784,19.181950665421784,19.181950665421784,19.77435477574467,19.774354775744676,19.77435477574467,0.0,0.0,-250.0,-1.2923730003715736e-14,-7.461518996579326e-15,-252.2041837943213,0.0,0.0,-250.00000223057026,-22.274047112656728,-22.274047112657065,-22.274047112656728,-0.9342839621609647,-0.9342839621609705,-0.9342839621609648
3.9,-0.010316753661555822,-0.010316753661555933,-0.010316753661555822,0.0025139795943265363,0.002513979594325756,0.0025139795943264543,0.0018313043558557019,0.0018313043558557014,0.0018313043558557019,19.181950665421784,19.181950665421784,19.181950665421784,19.77291310426091,19.772913104260915,19.77291310426091,0.0,0.0,-250.0,-1.2923192943930934e-14,-7.461208924967996e-15,-252.19881355330145,0.0,0.0,-250.00000223057026,-22.220454541344118,-22.220454541344445,-22.22045454134412,-0.9342805917440432,-0.934280591744049,-0.9342805917440432
3.91,-0.010291648566101264,-0.010291648566101375,-0.010291648566101264,0.002507672802387573,0.0025076728023872277,0.0025076728023874424,0.0018313030271665627,0.0018313030271665629,0.0018313030271665629,19.181950665421784,19.181950665421784,19.181950665421784,19.771475049508506,19.77147504950851,19.771475049508506,0.0,0.0,-250.0,-6.5104622476068485e-15,-3.75881713120471e-15,-252.19345681360798,0.0,0.0,-250.00000223057026,-22.166996413315264,-22.166996413315577,-22.16699641331527,-0.9342772273681891,-0.9342772273681946,-0.9342772273681894
3.92,-0.010266606451430793,-0.010266606451430904,-0.010266606451430793,0.0025013818213233236,0.002501381821323383,0.002501381821323163,0.0018313017018674984,0.0018313017018674982,0.0018313017018674984,19.181950665421784,19.181950665421784,19.181950665421784,19.770040602384537,19.77004060238454,19.770040602384537,0.0,0.0,-250.0,-6.510263594351323e-15,-1.1389734772411221e-14,-252.1881135411215,0.0,0.0,-250.00000223057026,-22.11367239591519,-22.113672395915486,-22.1136723959152,-0.9342738691537226,-0.9342738691537276,-0.934273869153723
3.93,-0.010241627160554712,-0.010241627160554823,-0.010241627160554712,0.002495106451774785,0.0024951064517751962,0.0024951064517745817,0.0018313003799160642,0.0018313003799160644,0.0018313003799160642,19.181950665421784,19.181950665421784,19.181950665421784,19.768609753905412,19.76860975390542,19.768609753905412,0.0,0.0,-250.0,-6.411524510604093e-15,-1.1332656753516816e-14,-252.1827837021685,0.0,0.0,-250.00000223057026,-22.06048216019202,-22.060482160192297,-22.060482160192034,-0.9342705172618115,-0.9342705172618159,-0.9342705172618118
3.94,-0.010216710538318297,-0.010216710538318408,-0.010216710538318297,0.0024888465238150884,0.002488846523815821,0.0024888465238148473,0.001831299061276026,0.001831299061276026,0.001831299061276026,19.181950665421784,19.181950665421784,19.181950665421784,19.767182495190987,19.767182495190994,19.767182495190987,0.0,0.0,-250.0,-1.2921058350004082e-14,-7.45997651658972e-15,-252.17746726346178,0.0,0.0,-250.00000223057026,-22.00742538013681,-22.00742538013707,-22.00742538013682,-0.9342671718801244,-0.9342671718801283,-0.9342671718801246
3.95,-0.010191856431088775,-0.01019185643108883,-0.010191856431088775,0.002482601900101723,0.002482601900102706,0.0024826019001014396,0.001831297745918019,0.0018312977459180192,0.0018312977459180187,19.181950665421784,19.181950665421784,19.181950665421784,19.765758817446425,19.76575881744643,19.765758817446425,0.0,0.0,-250.0,-6.509670671492007e-15,-3.758360114521722e-15,-252.17216419203328,0.0,0.0,-250.00000223057026,-21.954501731910927,-21.954501731911037,-21.95450173191094,-0.9342638332089377,-0.9342638332089395,-0.9342638332089385
3.96,-0.01016706468642159,-0.010167064686421645,-0.01016706468642159,0.002476372476913319,0.002476372476914376,0.0024763724769130183,0.001831296433819766,0.0018312964338197664,0.001831296433819766,19.181950665421784,19.181950665421784,19.181950665421784,19.764338711943047,19.76433871194305,19.764338711943047,0.0,0.0,-250.0,0.0,-7.63074950840468e-15,-252.16687445516217,0.0,0.0,-250.00000223057026,-21.9017108930993,-21.901710893099406,-21.901710893099313,-0.9342605014483182,-0.9342605014483196,-0.9342605014483188
3.97,-0.010142335152728166,-0.010142335152728221,-0.010142335152728166,0.002470158183288758,0.002470158183289891,0.002470158183288444,0.0018312951249658965,0.001831295124965897,0.0018312951249658965,19.181950665421784,19.181950665421784,19.181950665421784,19.762922169999353,19.762922169999356,19.762922169999353,0.0,0.0,-250.0,-6.509277907526312e-15,-3.7581333521404e-15,-252.1615980203048,0.0,0.0,-250.00000223057026,-21.849052542029774,-21.84905254202987,-21.84905254202979,-0.9342571767869745,-0.9342571767869758,-0.9342571767869748
3.98,-0.010117667678960107,-0.010117667678960163,-0.010117667678960107,0.0024639589785533872,0.0024639589785545707,0.002463958978553046,0.00183129381934742,0.0018312938193474205,0.00183129381934742,19.181950665421784,19.181950665421784,19.181950665421784,19.761509182963078,19.761509182963078,19.761509182963078,0.0,0.0,-250.0,0.0,0.0,-252.15633485502732,0.0,0.0,-250.00000223057026,-21.79652635718096,-21.796526357181055,-21.796526357180973,-0.9342538593930902,-0.9342538593930916,-0.9342538593930909
3.99,-0.010093062114326423,-0.010093062114326423,-0.010093062114326423,0.002457774848566296,0.0024577748485673768,0.0024577748485659495,0.001831292516960937,0.0018312925169609374,0.001831292516960937,19.181950665421784,19.181950665421784,19.181950665421784,19.7600997421952,19.7600997421952,19.7600997421952,0.0,0.0,-250.0,0.0,0.0,-252.1510849269465,0.0,0.0,-250.00000223057026,-21.744132016702853,-21.744132016702803,-21.744132016702867,-0.9342505494074343,-0.934250549407433,-0.9342505494074348
4.0,-0.01006851830805311,-0.01006851830805311,-0.01006851830805311,0.0024516058010519677,0.0024516058010528937,0.0024516058010516186,0.0018312912178076559,0.001831291217807656,0.0018312912178076557,19.181950665421784,19.181950665421784,19.181950665421784,19.75869383905646,19.75869383905646,19.75869383905646,0.0,0.0,-250.0,0.0,0.0,-252.14584820367912,0.0,0.0,-250.00000223057026,-21.691869198058182,-21.691869198058146,-21.6918691980582,-0.9342472469387644,-0.9342472469387632,-0.9342472469387646
4.01,-0.010044036109192855,-0.0100440361091928,-0.010044036109192855,0.002445451860375239,0.0024454518603758586,0.0024454518603748867,0.0018312899218922863,0.0018312899218922859,0.001831289921892286,19.181950665421784,19.181950665421784,19.181950665421784,19.757291464896735,19.75729146489673,19.757291464896735,0.0,0.0,-250.0,6.408876437094617e-15,3.700166536159628e-15,-252.14062465280287,0.0,0.0,-250.00000223057026,-21.63973757778929,-21.63973757778913,-21.63973757778931,-0.9342439520615134,-0.9342439520615101,-0.9342439520615138
4.02,-0.010019615366488765,-0.01001961536648871,-0.010019615366488765,0.002439313062107533,0.002439313062107839,0.0024393130621071916,0.0018312886292219015,0.0018312886292219013,0.0018312886292219013,19.181950665421784,19.181950665421784,19.181950665421784,19.75589261104756,19.755892611047557,19.75589261104756,0.0,0.0,-250.0,2.623273000584966e-14,1.5145473730456072e-14,-252.13541424182807,0.0,0.0,-250.00000223057026,-21.587736831406893,-21.587736831406737,-21.587736831406914,-0.9342406648155958,-0.9342406648155926,-0.9342406648155961
4.03,-0.009995255928291313,-0.009995255928291202,-0.009995255928291313,0.0024331894476977726,0.0024331894476976243,0.002433189447697439,0.0018312873398048097,0.0018312873398048095,0.0018312873398048097,19.181950665421784,19.181950665421784,19.181950665421784,19.754497268817666,19.75449726881766,19.754497268817666,0.0,0.0,-250.0,1.9524334771427976e-14,-3.988143236837065e-15,-252.1302169381811,0.0,0.0,-250.00000223057026,-21.535866633389322,-21.535866633389034,-21.53586663338934,-0.9342373852080124,-0.9342373852080073,-0.9342373852080127
4.04,-0.009970957642527867,-0.009970957642527756,-0.009970957642527867,0.002427081059513481,0.002427081059512865,0.0024270810595131737,0.001831286053649514,0.001831286053649514,0.001831286053649514,19.181950665421784,19.181950665421784,19.181950665421784,19.753105429491512,19.753105429491505,19.753105429491512,0.0,0.0,-250.0,1.9523756812130498e-14,3.641853645796397e-15,-252.12503270919925,0.0,0.0,-250.00000223057026,-21.48412665728138,-21.484126657281113,-21.484126657281394,-0.9342341132160492,-0.9342341132160447,-0.9342341132160494
4.05,-0.009946720356717564,-0.009946720356717453,-0.009946720356717564,0.002420987936469673,0.0024209879364686373,0.002420987936469387,0.001831284770763788,0.0018312847707637882,0.0018312847707637882,19.181950665421784,19.181950665421784,19.181950665421784,19.75171708433039,19.751717084330384,19.75171708433039,0.0,0.0,-250.0,3.934682347093415e-14,1.5086775319509384e-14,-252.11986152213467,0.0,0.0,-250.00000223057026,-21.432516575870824,-21.43251657587057,-21.432516575870835,-0.9342308487915784,-0.9342308487915741,-0.9342308487915786
4.06,-0.009922543918026994,-0.009922543918026883,-0.009922543918026994,0.0024149101103983386,0.002414910110396924,0.002414910110398062,0.0018312834911539163,0.0018312834911539157,0.0018312834911539163,19.181950665421784,19.181950665421784,19.181950665421784,19.750332224575825,19.750332224575818,19.750332224575825,0.0,0.0,-250.0,6.407248592620094e-15,-3.9308284799755645e-15,-252.1147033441666,0.0,0.0,-250.00000223057026,-21.381036061427174,-21.381036061426943,-21.381036061427185,-0.9342275918661971,-0.9342275918661931,-0.9342275918661973
4.07,-0.00989842817335651,-0.0098984281733564,-0.00989842817335651,0.0024088476032575177,0.002408847603255751,0.00240884760325726,0.0018312822148241013,0.0018312822148241008,0.0018312822148241013,19.181950665421784,19.181950665421784,19.181950665421784,19.748950841454647,19.74895084145464,19.748950841454647,0.0,0.0,-250.0,3.273755645592137e-14,3.64106356384417e-15,-252.10955814242098,0.0,0.0,-250.00000223057026,-21.329684785978383,-21.32968478597816,-21.329684785978394,-0.9342243423567473,-0.9342243423567438,-0.9342243423567475
4.08,-0.009874372969450484,-0.009874372969450373,-0.009874372969450484,0.0024028004252186408,0.0024028004252165465,0.0024028004252183892,0.001831280941776068,0.0018312809417760673,0.001831280941776068,19.181950665421784,19.181950665421784,19.181950665421784,19.747572926185452,19.74757292618545,19.747572926185452,0.0,0.0,-250.0,-1.0054999075498725e-16,-5.805256422940646e-17,-252.10442588399422,0.0,0.0,-250.00000223057026,-21.27846242160926,-21.278462421609053,-21.27846242160927,-0.934221100170941,-0.9342211001709376,-0.934221100170941
4.09,-0.009850378153021921,-0.00985037815302181,-0.009850378153021921,0.0023967685736260703,0.002396768573623681,0.002396768573625832,0.0018312796720088393,0.0018312796720088393,0.0018312796720088393,19.181950665421784,19.181950665421784,19.181950665421784,19.746198469985767,19.74619846998576,19.746198469985767,0.0,0.0,-250.0,6.406281793643952e-15,3.6986685180649345e-15,-252.09930653597957,0.0,0.0,-250.00000223057026,-21.227368640762027,-21.22736864076182,-21.227368640762037,-0.934217865212751,-0.9342178652127477,-0.9342178652127511
4.1,-0.009826443570881915,-0.009826443570881804,-0.009826443570881915,0.0023907520327677025,0.0023907520327650297,0.0023907520327674774,0.0018312784055186926,0.0018312784055186928,0.0018312784055186928,19.181950665421784,19.181950665421784,19.181950665421784,19.74482746407949,19.74482746407948,19.74482746407949,0.0,0.0,-250.0,1.3013546603206677e-14,7.513374634473113e-15,-252.0942000654953,0.0,0.0,-250.00000223057026,-21.17640311652015,-21.176403116519953,-21.176403116520152,-0.9342146373872807,-0.9342146373872777,-0.9342146373872808
4.11,-0.009802569070068712,-0.009802569070068656,-0.009802569070068712,0.0023847507743680794,0.00238475077436519,0.0023847507743678534,0.0018312771422992625,0.0018312771422992614,0.0018312771422992625,19.181950665421784,19.181950665421784,19.181950665421784,19.74345989970424,19.743459899704238,19.74345989970424,0.0,0.0,-250.0,-1.0094271059775173e-16,-7.687994025361136e-15,-252.08910643971174,0.0,0.0,-250.00000223057026,-21.125565522867582,-21.12556552286756,-21.12556552286759,-0.9342114166050169,-0.9342114166050172,-0.934211416605017
4.12,-0.009778754497967501,-0.009778754497967446,-0.009778754497967501,0.0023787647586885788,0.0023787647586856592,0.0023787647586883424,0.0018312758823417713,0.0018312758823417702,0.0018312758823417709,19.181950665421784,19.181950665421784,19.181950665421784,19.74209576811818,19.742095768118176,19.74209576811818,0.0,0.0,-250.0,1.311386357405018e-14,1.5200939826786913e-14,-252.08402562587702,0.0,0.0,-250.00000223057026,-21.074855534908213,-21.074855534908192,-21.07485553490823,-0.9342082027852046,-0.9342082027852052,-0.9342082027852051
4.13,-0.009754999702416445,-0.00975499970241639,-0.009754999702416445,0.0023727939360956305,0.0023727939360926966,0.002372793936095402,0.0018312746256353622,0.0018312746256353614,0.0018312746256353622,19.181950665421784,19.181950665421784,19.181950665421784,19.740735060605967,19.740735060605964,19.740735060605967,0.0,0.0,-250.0,6.506207036748145e-15,3.756360384069979e-15,-252.07895759133874,0.0,0.0,-250.00000223057026,-21.02427282904029,-21.024272829040267,-21.0242728290403,-0.9342049958583524,-0.9342049958583529,-0.9342049958583529
4.14,-0.009731304531796048,-0.009731304531796048,-0.009731304531796048,0.0023668382489570785,0.002366838248954272,0.0023668382489568456,0.0018312733721674987,0.0018312733721674982,0.0018312733721674987,19.181950665421784,19.181950665421784,19.181950665421784,19.739377768483788,19.739377768483788,19.739377768483788,0.0,0.0,-250.0,0.0,-7.629512563385205e-15,-252.0739023035633,0.0,0.0,-250.00000223057026,-20.973817083084622,-20.973817083084743,-20.973817083084636,-0.9342017957678503,-0.934201795767853,-0.9342017957678508
4.15,-0.00970766883509716,-0.00970766883509716,-0.00970766883509716,0.0023608976337262453,0.002360897633723617,0.0023608976337259895,0.0018312721219244015,0.0018312721219244004,0.0018312721219244012,19.181950665421784,19.181950665421784,19.181950665421784,19.738023883103125,19.738023883103125,19.738023883103125,0.0,0.0,-250.0,0.0,0.0,-252.06885973014948,0.0,0.0,-250.00000223057026,-20.923487976360995,-20.923487976361116,-20.923487976361013,-0.9341986024706526,-0.9341986024706553,-0.9341986024706531
4.16,-0.00968409246196894,-0.009684092461968996,-0.00968409246196894,0.002354972023077574,0.0023549720230752673,0.002354972023077302,0.0018312708748914992,0.0018312708748914985,0.0018312708748914992,19.181950665421784,19.181950665421784,19.181950665421784,19.73667339585338,19.736673395853384,19.73667339585338,0.0,0.0,-250.0,-6.505645094968042e-15,-3.756035946831967e-15,-252.06382983883827,0.0,0.0,-250.00000223057026,-20.87328518971999,-20.873285189720235,-20.873285189719997,-0.9341954159372166,-0.9341954159372211,-0.9341954159372168
4.17,-0.009660575262744497,-0.009660575262744553,-0.009660575262744497,0.0023490613479762003,0.0023490613479742344,0.002349061347975899,0.0018312696310538654,0.0018312696310538651,0.0018312696310538654,19.181950665421784,19.181950665421784,19.181950665421784,19.735326298163233,19.735326298163237,19.735326298163233,0.0,0.0,-250.0,-6.505458735879651e-15,-1.9014552294862903e-14,-252.0588125975182,0.0,0.0,-250.00000223057026,-20.823208405529424,-20.823208405529655,-20.823208405529442,-0.9341922361506767,-0.934192236150681,-0.9341922361506775
4.18,-0.009637117088447944,-0.009637117088448055,-0.009637117088447944,0.002343165539579347,0.0023431655395777544,0.0023431655395790255,0.0018312683903966172,0.0018312683903966163,0.001831268390396617,19.181950665421784,19.181950665421784,19.181950665421784,19.733982581500932,19.73398258150094,19.733982581500932,0.0,0.0,-250.0,-1.2908698181879843e-14,-1.5082085823820227e-14,-252.05380797422598,0.0,0.0,-250.00000223057026,-20.77325730762668,-20.773257307627052,-20.773257307626697,-0.9341890631055179,-0.9341890631055245,-0.9341890631055184
4.19,-0.009613717790782794,-0.009613717790782905,-0.009613717790782794,0.00233728453089267,0.0023372845308915653,0.0023372845308923126,0.0018312671529052624,0.0018312671529052624,0.0018312671529052622,19.181950665421784,19.181950665421784,19.181950665421784,19.732642237373533,19.73264223737354,19.732642237373533,0.0,0.0,-250.0,-1.9413286852161137e-14,-2.6466624606821553e-14,-252.04881593714424,0.0,0.0,-250.00000223057026,-20.723431581239346,-20.72343158123968,-20.72343158123936,-0.9341858968057679,-0.9341858968057741,-0.9341858968057686
4.2,-0.009590377222105984,-0.009590377222106095,-0.009590377222105984,0.0023314182581236956,0.0023314182581230442,0.0023314182581233257,0.0018312659185659886,0.0018312659185659884,0.0018312659185659886,19.181950665421784,19.181950665421784,19.181950665421784,19.73130525732535,19.731305257325353,19.73130525732535,0.0,0.0,-250.0,1.0210310445130846e-16,5.894925484005941e-17,-252.04383645459498,0.0,0.0,-250.00000223057026,-20.673730912884952,-20.673730912885272,-20.673730912884967,-0.9341827372629472,-0.9341827372629524,-0.9341827372629473
4.21,-0.009567095235389733,-0.009567095235389844,-0.009567095235389733,0.0023255666617003766,0.0023255666617001403,0.0023255666616999737,0.0018312646873658725,0.001831264687365873,0.0018312646873658725,19.181950665421784,19.181950665421784,19.181950665421784,19.729971632935694,19.7299716329357,19.729971632935694,0.0,0.0,-250.0,-1.941192371183063e-14,-1.8836526314045254e-14,-252.038869495032,0.0,0.0,-250.00000223057026,-20.624154990256155,-20.62415499025645,-20.624154990256176,-0.9341795844938597,-0.9341795844938645,-0.9341795844938604
4.22,-0.009543871684175587,-0.009543871684175698,-0.009543871684175587,0.002319729686941491,0.0023197296869416307,0.002319729686941039,0.001831263459293024,0.001831263459293024,0.001831263459293024,19.181950665421784,19.181950665421784,19.181950665421784,19.728641355816222,19.728641355816226,19.728641355816222,0.0,0.0,-250.0,1.0235739397906342e-16,-1.5198866136836097e-14,-252.03391502703025,0.0,0.0,-250.00000223057026,-20.57470350210039,-20.574703502100682,-20.5747035021004,-0.9341764385184114,-0.9341764385184164,-0.934176438518412
4.23,-0.009520706422523284,-0.009520706422523395,-0.009520706422523284,0.0023139072843901777,0.0023139072843906604,0.0023139072843897076,0.0018312622343366542,0.0018312622343366542,0.0018312622343366542,19.181950665421784,19.181950665421784,19.181950665421784,19.72731441760797,19.727314417607978,19.72731441760797,0.0,0.0,-250.0,-1.290621698541227e-14,-7.451407850747496e-15,-252.0289730192753,0.0,0.0,-250.00000223057026,-20.525376138099773,-20.525376138100054,-20.5253761380998,-0.9341732993575222,-0.934173299357527,-0.9341732993575229
4.24,-0.009497599304958082,-0.009497599304958193,-0.009497599304958082,0.0023080994098339793,0.0023080994098347873,0.0023080994098334875,0.0018312610124870809,0.0018312610124870815,0.0018312610124870806,19.181950665421784,19.181950665421784,19.181950665421784,19.725990809978363,19.72599080997837,19.725990809978363,0.0,0.0,-250.0,-1.9409891992705e-14,-2.646400627295838e-14,-252.02404344055205,0.0,0.0,-250.00000223057026,-20.476172588758022,-20.47617258875827,-20.476172588758043,-0.9341701670312506,-0.934170167031254,-0.9341701670312508
4.25,-0.00947455018641985,-0.009474550186419961,-0.00947455018641985,0.0023023060240509236,0.0023023060240520148,0.002302306024050411,0.0018312597937356736,0.001831259793735674,0.0018312597937356736,19.181950665421784,19.181950665421784,19.181950665421784,19.72467052461828,19.724670524618283,19.72467052461828,0.0,0.0,-250.0,-1.3213442584100092e-14,-7.628784632851853e-15,-252.0191262597335,0.0,0.0,-250.00000223057026,-20.42709254530006,-20.427092545300308,-20.427092545300077,-0.9341670415572149,-0.9341670415572189,-0.9341670415572154
4.26,-0.009451558922215164,-0.009451558922215275,-0.009451558922215164,0.002296527092329118,0.0022965270923304805,0.002296527092328585,0.001831258578074754,0.0018312585780747544,0.0018312585780747538,19.181950665421784,19.181950665421784,19.181950665421784,19.723353553239363,19.72335355323937,19.723353553239363,0.0,0.0,-250.0,-1.2904743374345096e-14,-2.2707996024886586e-14,-252.01422144577143,0.0,0.0,-250.00000223057026,-20.378135699585695,-20.378135699585933,-20.378135699585716,-0.9341639229493277,-0.9341639229493314,-0.9341639229493283
4.27,-0.009428625367976007,-0.009428625367976118,-0.009428625367976007,0.0022907625838137794,0.0022907625838154105,0.0022907625838132356,0.0018312573654974548,0.0018312573654974554,0.0018312573654974548,19.181950665421784,19.181950665421784,19.181950665421784,19.722039887571682,19.72203988757169,19.722039887571682,0.0,0.0,-250.0,-6.400633581552867e-15,-1.1324062021131339e-14,-252.00932896768674,0.0,0.0,-250.00000223057026,-20.329301744042905,-20.32930174404313,-20.32930174404293,-0.9341608112168958,-0.9341608112168989,-0.9341608112168964
4.28,-0.009405749379625183,-0.009405749379625294,-0.009405749379625239,0.0022850124707387044,0.0022850124707405784,0.0022850124707382586,0.0018312561559975641,0.0018312561559975643,0.001831256155997564,19.181950665421784,19.181950665421784,19.181950665421784,19.720729519361804,19.72072951936181,19.720729519361807,0.0,0.0,-250.0,-3.282653717023636e-14,-1.1204756242288723e-14,-252.00444879456316,0.0,0.0,-250.00000223057026,-20.280590371619304,-20.280590371619528,-20.28059037161948,-0.9341577063640671,-0.9341577063640703,-0.9341577063640701
4.29,-0.009382930813350232,-0.009382930813350343,-0.009382930813350288,0.0022792767275968315,0.002279276727598918,0.0022792767275965934,0.0018312549495693431,0.0018312549495693438,0.0018312549495693433,19.181950665421784,19.181950665421784,19.181950665421784,19.71942244037133,19.719422440371336,19.719422440371332,0.0,0.0,-250.0,-2.611627394360664e-14,-3.02160796794509e-14,-251.9995808955411,0.0,0.0,-250.00000223057026,-20.232001275753895,-20.232001275754104,-20.232001275754047,-0.9341546083896466,-0.9341546083896495,-0.9341546083896491
4.3,-0.00936016952558505,-0.00936016952558516,-0.009360169525585105,0.0022735553303011185,0.0022735553303034075,0.00227355533030106,0.001831253746207357,0.0018312537462073578,0.0018312537462073567,19.181950665421784,19.181950665421784,19.181950665421784,19.718118642375895,19.718118642375902,19.7181186423759,0.0,0.0,-250.0,-6.399717123164233e-15,-1.1203987088527762e-14,-251.99472523981458,0.0,0.0,-250.00000223057026,-20.18353415036528,-20.183534150365478,-20.18353415036544,-0.9341515172871715,-0.9341515172871743,-0.9341515172871749
4.31,-0.009337465373000453,-0.009337465373000509,-0.009337465373000509,0.002267848255381578,0.0022678482553840666,0.0022678482553817017,0.0018312525459063004,0.001831252545906301,0.0018312525459063004,19.181950665421784,19.181950665421784,19.181950665421784,19.716818117164696,19.7168181171647,19.7168181171647,0.0,0.0,-250.0,0.0,-2.2646198355694905e-14,-251.9898817966288,0.0,0.0,-250.00000223057026,-20.13518868985814,-20.13518868985819,-20.135188689858282,-0.9341484330453014,-0.9341484330452996,-0.9341484330453037
4.32,-0.009314818212501963,-0.009314818212502018,-0.009314818212502018,0.002262155479256325,0.0022621554792587556,0.002262155479256599,0.0018312513486608464,0.0018312513486608464,0.0018312513486608462,19.181950665421784,19.181950665421784,19.181950665421784,19.715520856540376,19.71552085654038,19.71552085654038,0.0,0.0,-250.0,0.0,-2.2765358161287175e-14,-251.98505053528007,0.0,0.0,-250.00000223057026,-20.08696458914237,-20.086964589142426,-20.086964589142504,-0.9341453556483839,-0.9341453556483839,-0.934145355648386
4.33,-0.009292227901234629,-0.009292227901234684,-0.009292227901234684,0.0022564769776048503,0.0022564769776072598,0.002256476977605268,0.0018312501544655137,0.0018312501544655148,0.0018312501544655146,19.181950665421784,19.181950665421784,19.181950665421784,19.714226852319342,19.714226852319346,19.714226852319346,0.0,0.0,-250.0,0.0,1.1978075194510985e-16,-251.98023142511698,0.0,0.0,-250.00000223057026,-20.038861543664108,-20.03886154366415,-20.038861543664225,-0.9341422850772046,-0.9341422850772049,-0.9341422850772064
4.34,-0.009269694296593134,-0.00926969429659319,-0.00926969429659319,0.0022508127248652074,0.0022508127248676017,0.002250812724865757,0.001831248963314566,0.0018312489633145663,0.001831248963314566,19.181950665421784,19.181950665421784,19.181950665421784,19.71293609633239,19.71293609633239,19.712936096332392,0.0,0.0,-250.0,1.3004724735965535e-14,-1.5136485641137024e-14,-251.97542443554272,0.0,0.0,-250.00000223057026,-19.990879249443747,-19.990879249443793,-19.99087924944387,-0.9341392213098,-0.9341392213098001,-0.9341392213098021
4.35,-0.009247217256236284,-0.009247217256236229,-0.00924721725623634,0.0022451626938644895,0.002245162693866485,0.002245162693865197,0.0018312477752019242,0.0018312477752019244,0.0018312477752019244,19.181950665421784,19.181950665421784,19.181950665421784,19.71164858042553,19.711648580425525,19.711648580425532,0.0,0.0,-250.0,6.398205159360443e-15,-3.814070333181507e-15,-251.9706295360182,0.0,0.0,-250.00000223057026,-19.943017403119164,-19.943017403118944,-19.94301740311928,-0.9341361643223315,-0.9341361643223275,-0.9341361643223334
4.36,-0.009224796638104715,-0.00922479663810466,-0.00922479663810477,0.002239526855584725,0.0022395268555863343,0.0022395268555855823,0.0018312465901211261,0.0018312465901211268,0.0018312465901211264,19.181950665421784,19.181950665421784,19.181950665421784,19.71036429646104,19.710364296461037,19.710364296461044,0.0,0.0,-250.0,1.3004013691656546e-14,0.0,-251.96584669606554,0.0,0.0,-250.00000223057026,-19.895275701991093,-19.89527570199088,-19.895275701991206,-0.9341331140899497,-0.9341331140899459,-0.9341331140899517
4.37,-0.009202432300439933,-0.009202432300439878,-0.009202432300439989,0.0022339051790632373,0.002233905179064486,0.0022339051790642374,0.0018312454080653027,0.001831245408065303,0.0018312454080653027,19.181950665421784,19.181950665421784,19.181950665421784,19.70908323631854,19.709083236318538,19.709083236318545,0.0,0.0,-250.0,3.27175968673688e-14,-1.1381847029458988e-14,-251.96107588527266,0.0,0.0,-250.00000223057026,-19.847653844067136,-19.84765384406693,-19.84765384406724,-0.9341300705875927,-0.9341300705875889,-0.9341300705875945
4.38,-0.009180124101803633,-0.009180124101803577,-0.009180124101803688,0.0022282976314090003,0.0022282976314099054,0.0022282976314101158,0.0018312442290271806,0.0018312442290271808,0.0018312442290271814,19.181950665421784,19.181950665421784,19.181950665421784,19.707805391896112,19.70780539189611,19.707805391896116,0.0,0.0,-250.0,6.397307173972158e-15,-1.1441926065375549e-14,-251.95631707329716,0.0,0.0,-250.00000223057026,-19.80015152810242,-19.800151528102234,-19.800151528102514,-0.9341270337906993,-0.9341270337906963,-0.9341270337907005
4.39,-0.009157871901096626,-0.00915787190109657,-0.009157871901096681,0.0022227041779267903,0.002222704177927398,0.002222704177928023,0.0018312430529991099,0.0018312430529991099,0.0018312430529991103,19.181950665421784,19.181950665421784,19.181950665421784,19.70653075511136,19.706530755111356,19.706530755111363,0.0,0.0,-250.0,1.289848631974415e-14,-6.031439008836783e-17,-251.95157022987027,0.0,0.0,-250.00000223057026,-19.75276845363598,-19.752768453635806,-19.752768453636072,-0.9341240036758132,-0.93412400367581,-0.9341240036758145
4.4,-0.009135675557575551,-0.009135675557575496,-0.009135675557575607,0.0022171247823233576,0.002217124782323696,0.0022171247823246924,0.0018312418799731058,0.001831241879973106,0.001831241879973106,19.181950665421784,19.181950665421784,19.181950665421784,19.70525931790237,19.705259317902367,19.705259317902375,0.0,0.0,-250.0,3.2715683931269654e-14,3.753528011140679e-15,-251.94683532480045,0.0,0.0,-250.00000223057026,-19.705504321019603,-19.70550432101944,-19.705504321019696,-0.9341209802210371,-0.9341209802210341,-0.9341209802210383
4.41,-0.009113534930867584,-0.009113534930867528,-0.00911353493086764,0.002211559406977099,0.002211559406977174,0.0022115594069785196,0.0018312407099409075,0.0018312407099409077,0.0018312407099409075,19.181950665421784,19.181950665421784,19.181950665421784,19.70399107222854,19.703991072228536,19.703991072228543,0.0,0.0,-250.0,1.2897541958191554e-14,-6.045430136754395e-17,-251.94211232797642,0.0,0.0,-250.00000223057026,-19.658358831440392,-19.658358831440246,-19.658358831440488,-0.9341179634063616,-0.9341179634063591,-0.9341179634063629
4.42,-0.009091449880981983,-0.009091449880981928,-0.009091449880981983,0.002206008013248389,0.00220600801324821,0.0022060080132497535,0.0018312395428940413,0.0018312395428940413,0.0018312395428940417,19.181950665421784,19.181950665421784,19.181950665421784,19.702726010071203,19.7027260100712,19.702726010071203,0.0,0.0,-250.0,6.5009511035012746e-15,-1.1502073574933311e-14,-251.93740120936954,0.0,0.0,-250.00000223057026,-19.611331686935248,-19.611331686935117,-19.61133168693519,-0.9341149532138501,-0.9341149532138483,-0.9341149532138489
4.43,-0.009069420268318362,-0.009069420268318362,-0.009069420268318362,0.002200470561808539,0.002200470561808262,0.002200470561809762,0.0018312383788238913,0.0018312383788238915,0.0018312383788238917,19.181950665421784,19.181950665421784,19.181950665421784,19.701464123434107,19.701464123434107,19.701464123434107,0.0,0.0,-250.0,0.0,0.0,-251.93270193903567,0.0,0.0,-250.00000223057026,-19.56442259039763,-19.564422590397637,-19.564422590397584,-0.934111949627681,-0.9341119496276811,-0.93411194962768
4.44,-0.009047445953672129,-0.009047445953672129,-0.009047445953672129,0.0021949470129691297,0.0021949470129688374,0.0021949470129702118,0.0018312372177217687,0.0018312372177217684,0.0018312372177217689,19.181950665421784,19.181950665421784,19.181950665421784,19.70020540434369,19.70020540434369,19.70020540434369,0.0,0.0,-250.0,0.0,-1.5255150401047508e-14,-251.92801448711592,0.0,0.0,-250.00000223057026,-19.517631245578475,-19.51763124557849,-19.51763124557843,-0.9341089526340974,-0.9341089526340981,-0.9341089526340967
4.45,-0.009025526798235817,-0.009025526798235817,-0.009025526798235817,0.0021894373269925175,0.0021894373269921996,0.0021894373269934772,0.0018312360595789752,0.0018312360595789752,0.0018312360595789756,19.181950665421784,19.181950665421784,19.181950665421784,19.69894984484915,19.69894984484915,19.69894984484915,0.0,0.0,-250.0,0.0,-7.627513181208102e-15,-251.9233388238372,0.0,0.0,-250.00000223057026,-19.470957357078756,-19.47095735707877,-19.47095735707871,-0.9341059622212214,-0.9341059622212217,-0.9341059622212206
4.46,-0.009003662663598422,-0.009003662663598422,-0.009003662663598366,0.0021839414643700845,0.0021839414643697506,0.0021839414643707892,0.0018312349043868644,0.0018312349043868642,0.0018312349043868642,19.181950665421784,19.181950665421784,19.181950665421784,19.697697437022377,19.697697437022377,19.697697437022374,0.0,0.0,-250.0,1.0531040891209481e-16,-6.080099293386728e-17,-251.91867491951194,0.0,0.0,-250.00000223057026,-19.424400630338955,-19.424400630338976,-19.42440063033878,-0.9341029783788207,-0.9341029783788215,-0.9341029783788178
4.47,-0.008981853411741625,-0.008981853411741625,-0.008981853411741514,0.002178459386057812,0.002178459386057452,0.0021784593860579905,0.0018312337521368884,0.0018312337521368884,0.0018312337521368886,19.181950665421784,19.181950665421784,19.181950665421784,19.69644817295774,19.69644817295774,19.696448172957734,0.0,0.0,-250.0,-6.500083582426617e-15,-1.1501954241022555e-14,-251.914022744537,0.0,0.0,-250.00000223057026,-19.377960771623254,-19.377960771623272,-19.377960771622952,-0.9341000010980101,-0.9341000010980108,-0.9341000010980053
4.48,-0.00896009890503402,-0.00896009890503402,-0.008960098905033909,0.002172991053663143,0.0021729910536627582,0.0021729910536628315,0.0018312326028206399,0.0018312326028206397,0.0018312326028206395,19.181950665421784,19.181950665421784,19.181950665421784,19.695202044771733,19.695202044771733,19.695202044771726,0.0,0.0,-250.0,-1.9499734206967336e-14,1.1258176793518745e-14,-251.90938226939255,0.0,0.0,-250.00000223057026,-19.331637488001086,-19.331637488001107,-19.331637488000812,-0.9340970303709072,-0.934097030370908,-0.9340970303709029
4.49,-0.008938399006223952,-0.008938399006223952,-0.00893839900622384,0.002167536429576833,0.002167536429576428,0.002167536429576072,0.0018312314564298759,0.0018312314564298759,0.0018312314564298759,19.181950665421784,19.181950665421784,19.181950665421784,19.69395904460257,19.69395904460257,19.69395904460256,0.0,0.0,-250.0,-1.9499218982791682e-14,1.125787932870224e-14,-251.90475346464075,0.0,0.0,-250.00000223057026,-19.28543048732757,-19.285430487327577,-19.285430487327304,-0.9340940661903042,-0.9340940661903044,-0.9340940661903
4.5,-0.008916753578431191,-0.008916753578431191,-0.00891675357843108,0.0021620954770526033,0.0021620954770521844,0.0021620954770514267,0.0018312303129565397,0.0018312303129565395,0.0018312303129565393,19.181950665421784,19.181950665421784,19.181950665421784,19.692719164609684,19.692719164609684,19.692719164609677,0.0,0.0,-250.0,-1.2893351363111809e-14,-7.810431085938884e-15,-251.9001363009235,0.0,0.0,-250.00000223057026,-19.239339478223005,-19.239339478223027,-19.239339478222767,-0.9340911085493238,-0.9340911085493242,-0.9340911085493203
4.51,-0.008895162485138108,-0.008895162485138108,-0.008895162485137997,0.0021566681602354994,0.002156668160235058,0.002156668160233946,0.001831229172392762,0.0018312291723927617,0.0018312291723927617,19.181950665421784,19.181950665421784,19.181950665421784,19.69148239697325,19.69148239697325,19.691482396973242,0.0,0.0,-250.0,-6.393494153291278e-15,3.691285570465018e-15,-251.8955307489608,0.0,0.0,-250.00000223057026,-19.193364170053236,-19.19336417005326,-19.193364170053005,-0.934088157441115,-0.9340881574411162,-0.9340881574411117
4.52,-0.008873625590180678,-0.008873625590180678,-0.008873625590180567,0.00215125444414402,0.0021512544441435713,0.002151254444142119,0.00183122803473086,0.0018312280347308597,0.0018312280347308597,19.181950665421784,19.181950665421784,19.181950665421784,19.690248733893636,19.690248733893636,19.69024873389363,0.0,0.0,-250.0,-1.949768117315554e-14,1.125699147389485e-14,-251.89093677954892,0.0,0.0,-250.00000223057026,-19.14750427291093,-19.147504272910954,-19.147504272910716,-0.9340852128585738,-0.9340852128585743,-0.9340852128585706
4.53,-0.008852142757740156,-0.008852142757740156,-0.008852142757740045,0.0021458542946120487,0.0021458542946115803,0.0021458542946098257,0.0018312268999633233,0.001831226899963323,0.0018312268999633226,19.181950665421784,19.181950665421784,19.181950665421784,19.689018167590962,19.689018167590962,19.689018167590955,0.0,0.0,-250.0,-1.2891975707529097e-14,-1.8383712262264176e-16,-251.8863543635585,0.0,0.0,-250.00000223057026,-19.10175949759978,-19.101759497599797,-19.101759497599573,-0.9340822747941243,-0.934082274794125,-0.9340822747941215
4.54,-0.008830713852335526,-0.008830713852335526,-0.008830713852335415,0.0021404676782013823,0.0021404676782008926,0.002140467678198877,0.001831225768082798,0.0018312257680827978,0.0018312257680827974,19.181950665421784,19.181950665421784,19.181950665421784,19.68779069030464,19.68779069030464,19.687790690304634,0.0,0.0,-250.0,-6.392631990944432e-15,3.690787800801982e-15,-251.88178347193278,0.0,0.0,-250.00000223057026,-19.056129555621187,-19.056129555621215,-19.056129555621,-0.9340793432395507,-0.9340793432395514,-0.9340793432395482
4.55,-0.008809338738816452,-0.008809338738816452,-0.008809338738816341,0.0021350945620891193,0.002135094562088636,0.002135094562086359,0.0018312246390820594,0.0018312246390820592,0.0018312246390820585,19.181950665421784,19.181950665421784,19.181950665421784,19.686566294293012,19.686566294293012,19.686566294293005,0.0,0.0,-250.0,-1.2891064424815952e-14,-7.811143971501787e-15,-251.87722407568666,0.0,0.0,-250.00000223057026,-19.010614159163012,-19.010614159163037,-19.01061415916283,-0.9340764181858798,-0.9340764181858804,-0.9340764181858777
4.56,-0.00878801728235823,-0.00878801728235823,-0.008788017282358174,0.0021297349139438367,0.002129734913943353,0.002129734913941025,0.0018312235129539893,0.0018312235129539893,0.0018312235129539886,19.181950665421784,19.181950665421784,19.181950665421784,19.68534497183304,19.68534497183304,19.685344971833036,0.0,0.0,-250.0,-6.498549660383454e-15,-3.8749020704318614e-15,-251.8726761459048,0.0,0.0,-250.00000223057026,-18.965213021092715,-18.965213021092733,-18.965213021092683,-0.934073499623324,-0.9340734996233248,-0.9340734996233245
4.57,-0.008766749348457226,-0.008766749348457226,-0.00876674934845717,0.0021243887017939733,0.002124388701793489,0.002124388701791139,0.0018312223896915468,0.0018312223896915466,0.0018312223896915457,19.181950665421784,19.181950665421784,19.181950665421784,19.684126715220057,19.684126715220057,19.684126715220053,0.0,0.0,-250.0,-1.2996762776347119e-14,7.503684487517716e-15,-251.86813965374162,0.0,0.0,-250.00000223057026,-18.91992585495208,-18.919925854952105,-18.919925854952055,-0.934070587541266,-0.9340705875412668,-0.9340705875412665
4.58,-0.008745534802928112,-0.008745534802928112,-0.008745534802928168,0.0021190558938979495,0.0021190558938974703,0.0021190558938952884,0.0018312212692877408,0.0018312212692877406,0.0018312212692877404,19.181950665421784,19.181950665421784,19.181950665421784,19.682911516767636,19.682911516767636,19.68291151676764,0.0,0.0,-250.0,2.6313016928390312e-14,-2.281854878518135e-14,-251.86361457042,0.0,0.0,-250.00000223057026,-18.874752374955442,-18.874752374955463,-18.8747523749557,-0.9340676819282993,-0.9340676819283,-0.9340676819283066
4.59,-0.008724373511902528,-0.008724373511902528,-0.008724373511902583,0.002113736458625281,0.0021137364586248115,0.0021137364586230386,0.0018312201517356058,0.0018312201517356056,0.0018312201517356054,19.181950665421784,19.181950665421784,19.181950665421784,19.68169936880749,19.68169936880749,19.681699368807493,0.0,0.0,-250.0,3.2917576781590745e-14,-1.9004971815921588e-14,-251.85910086723155,0.0,0.0,-250.00000223057026,-18.82969229599086,-18.829692295990878,-18.829692295991094,-0.9340647827723157,-0.9340647827723163,-0.9340647827723201
4.6,-0.008703265341828026,-0.008703265341828026,-0.008703265341828137,0.0021084303643490636,0.0021084303643486364,0.0021084303643472977,0.0018312190370281785,0.0018312190370281783,0.0018312190370281783,19.181950665421784,19.181950665421784,19.181950665421784,19.68049026368945,19.68049026368945,19.680490263689457,0.0,0.0,-250.0,6.390927278618089e-15,-1.1316405495307932e-14,-251.85459851553577,0.0,0.0,-250.00000223057026,-18.784745333621235,-18.78474533362126,-18.784745333621604,-0.9340618900605787,-0.9340618900605794,-0.9340618900605857
4.61,-0.008682210159468962,-0.008682210159468962,-0.008682210159469073,0.0021031375793570703,0.0021031375793566813,0.0021031375793558607,0.0018312179251584793,0.0018312179251584793,0.0018312179251584793,19.181950665421784,19.181950665421784,19.181950665421784,19.67928419378148,19.67928419378148,19.679284193781488,0.0,0.0,-250.0,1.2888358255101465e-14,-1.5067639516235592e-14,-251.85010748676086,0.0,0.0,-250.00000223057026,-18.739911204089278,-18.73991120408929,-18.73991120408962,-0.934059003779871,-0.9340590037798717,-0.9340590037798775
4.62,-0.008661207831907713,-0.008661207831907713,-0.008661207831907825,0.0020978580717828264,0.002097858071782472,0.0020978580717821256,0.0018312168161194993,0.0018312168161194993,0.0018312168161194995,19.181950665421784,19.181950665421784,19.181950665421784,19.6780811514698,19.6780811514698,19.678081151469804,0.0,0.0,-250.0,-1.0718163672585226e-16,6.188134681585534e-17,-251.84562775240383,0.0,0.0,-250.00000223057026,-18.69518962432225,-18.69518962432227,-18.695189624322577,-0.9340561239166232,-0.934056123916624,-0.9340561239166291
4.63,-0.008640258226546182,-0.008640258226546182,-0.008640258226546293,0.00209259180955891,0.0020925918095585773,0.002092591809558681,0.0018312157099041877,0.0018312157099041877,0.0018312157099041877,19.181950665421784,19.181950665421784,19.181950665421784,19.676881129158932,19.676881129158932,19.676881129158936,0.0,0.0,-250.0,1.3102057524073007e-14,-2.2817324167277267e-14,-251.84115928403068,0.0,0.0,-250.00000223057026,-18.650580311936782,-18.650580311936796,-18.650580311937087,-0.9340532504570329,-0.9340532504570334,-0.9340532504570381
4.64,-0.0086193612111084,-0.0086193612111084,-0.008619361211108512,0.0020873387603886433,0.0020873387603883354,0.0020873387603888276,0.0018312146065054477,0.0018312146065054475,0.0018312146065054475,19.181950665421784,19.181950665421784,19.181950665421784,19.675684119271867,19.675684119271867,19.675684119271875,0.0,0.0,-250.0,1.2887020593042057e-14,-2.2693054452737628e-14,-251.8367020532768,0.0,0.0,-250.00000223057026,-18.60608298524532,-18.606082985245333,-18.606082985245614,-0.9340503833872207,-0.9340503833872212,-0.9340503833872257
4.65,-0.008598516653642585,-0.008598516653642585,-0.00859851665364264,0.0020820988917405726,0.0020820988917403006,0.0020820988917410817,0.0018312135059161357,0.001831213505916136,0.0018312135059161357,19.181950665421784,19.181950665421784,19.181950665421784,19.674490114250204,19.674490114250204,19.674490114250208,0.0,0.0,-250.0,2.6203250446074926e-14,-1.5128453698684538e-14,-251.832256031848,0.0,0.0,-250.00000223057026,-18.561697363260713,-18.56169736326072,-18.561697363260837,-0.9340475226933327,-0.9340475226933332,-0.9340475226933347
4.66,-0.00857772442252347,-0.00857772442252347,-0.008577724422523525,0.0020768721708589776,0.0020768721708587052,0.0020768721708596246,0.0018312124081290618,0.0018312124081290616,0.001831212408129062,19.181950665421784,19.181950665421784,19.181950665421784,19.673299106554236,19.673299106554236,19.67329910655424,0.0,0.0,-250.0,6.49688609435376e-15,-1.9003473325275527e-14,-251.82782119152048,0.0,0.0,-250.00000223057026,-18.517423165700837,-18.51742316570085,-18.51742316570095,-0.934044668361644,-0.9340446683616443,-0.9340446683616455
4.67,-0.008556984386454303,-0.008556984386454303,-0.008556984386454358,0.002071658564788203,0.002071658564787932,0.002071658564788965,0.0018312113131369974,0.001831211313136997,0.0018312113131369967,19.181950665421784,19.181950665421784,19.181950665421784,19.67211108866311,19.67211108866311,19.67211108866311,0.0,0.0,-250.0,0.0,-7.626188609112986e-15,-251.82339750414138,0.0,0.0,-250.00000223057026,-18.473260112992076,-18.47326011299209,-18.473260112992204,-0.9340418203786409,-0.9340418203786415,-0.9340418203786431
4.68,-0.008536296414469235,-0.008536296414469235,-0.008536296414469291,0.002066458040411116,0.0020664580404108363,0.0020664580404119843,0.0018312102209326793,0.0018312102209326793,0.0018312102209326795,19.181950665421784,19.181950665421784,19.181950665421784,19.670926053074933,19.670926053074933,19.670926053074936,0.0,0.0,-250.0,6.496558441283106e-15,-3.750789764880937e-15,-251.81898494162928,0.0,0.0,-250.00000223057026,-18.429207926273186,-18.4292079262732,-18.429207926273296,-0.9340389787311069,-0.9340389787311072,-0.9340389787311084
4.69,-0.008515660375933876,-0.008515660375933876,-0.008515660375933931,0.0020612705644944126,0.002061270564494122,0.0020612705644953806,0.0018312091315088248,0.0018312091315088248,0.0018312091315088245,19.181950665421784,19.181950665421784,19.181950665421784,19.669743992306806,19.669743992306806,19.669743992306806,0.0,0.0,-250.0,0.0,-1.5252143782367072e-14,-251.8145834759744,0.0,0.0,-250.00000223057026,-18.38526632739494,-18.385266327394948,-18.385266327395055,-0.9340361434061247,-0.9340361434061252,-0.9340361434061266
4.7,-0.008495076140546842,-0.008495076140546842,-0.008495076140546898,0.002056096103738325,0.002056096103738042,0.002056096103739392,0.0018312080448581367,0.0018312080448581367,0.0018312080448581367,19.181950665421784,19.181950665421784,19.181950665421784,19.66856489889492,19.66856489889492,19.66856489889492,0.0,0.0,-250.0,0.0,-1.5252027516484993e-14,-251.81019307923881,0.0,0.0,-250.00000223057026,-18.341435038921855,-18.341435038921873,-18.341435038921965,-0.9340333143911288,-0.9340333143911295,-0.9340333143911304
4.71,-0.00847454357833971,-0.00847454357833971,-0.008474543578339766,0.0020509346248283322,0.0020509346248280495,0.002050934624829496,0.0018312069609733176,0.0018312069609733178,0.0018312069609733178,19.181950665421784,19.181950665421784,19.181950665421784,19.667388765394545,19.667388765394545,19.667388765394545,0.0,0.0,-250.0,0.0,-1.5251911550902766e-14,-251.80581372355635,0.0,0.0,-250.00000223057026,-18.297713784130412,-18.297713784130416,-18.297713784130508,-0.934030491673882,-0.9340304916738821,-0.9340304916738831
4.72,-0.008454062559677178,-0.008454062559677178,-0.008454062559677233,0.002045786094485467,0.0020457860944851775,0.002045786094486707,0.0018312058798470796,0.0018312058798470793,0.0018312058798470793,19.181950665421784,19.181950665421784,19.181950665421784,19.666215584380026,19.666215584380026,19.66621558438003,0.0,0.0,-250.0,6.495908125924517e-15,-3.750414305133597e-15,-251.80144538113294,0.0,0.0,-250.00000223057026,-18.254102287007697,-18.25410228700771,-18.2541022870078,-0.9340276752424717,-0.9340276752424717,-0.9340276752424728
4.73,-0.008433632955256232,-0.008433632955256232,-0.008433632955256287,0.0020406504795126216,0.002040650479512342,0.002040650479513931,0.0018312048014721522,0.0018312048014721522,0.0018312048014721524,19.181950665421784,19.181950665421784,19.181950665421784,19.66504534844475,19.66504534844475,19.665045348444753,0.0,0.0,-250.0,6.495746580581516e-15,-3.750321036886329e-15,-251.7970880242459,0.0,0.0,-250.00000223057026,-18.210600272248186,-18.210600272248197,-18.210600272248282,-0.9340248650852628,-0.9340248650852628,-0.9340248650852638
4.74,-0.008413254636105094,-0.008413254636105094,-0.00841325463610515,0.0020355277468336857,0.0020355277468334073,0.002035527746835066,0.0018312037258412942,0.0018312037258412944,0.0018312037258412948,19.181950665421784,19.181950665421784,19.181950665421784,19.663878050201074,19.663878050201074,19.663878050201077,0.0,0.0,-250.0,1.2991170893011919e-14,-7.50045601216886e-15,-251.79274162524445,0.0,0.0,-250.00000223057026,-18.167207465250154,-18.167207465250165,-18.167207465250243,-0.9340220611908693,-0.9340220611908694,-0.9340220611908703
4.75,-0.008392927473582168,-0.008392927473582168,-0.008392927473582223,0.0020304178635283856,0.0020304178635281132,0.002030417863529825,0.0018312026529472977,0.0018312026529472974,0.0018312026529472977,19.181950665421784,19.181950665421784,19.181950665421784,19.662713682280266,19.662713682280266,19.66271368228027,0.0,0.0,-250.0,1.2990849445274521e-14,-1.512599576207445e-14,-251.78840615654838,0.0,0.0,-250.00000223057026,-18.12392359211232,-18.123923592112337,-18.123923592112405,-0.9340192635481026,-0.9340192635481033,-0.9340192635481035
4.76,-0.008372651339373927,-0.008372651339373927,-0.008372651339373927,0.002025320796856597,0.0020253207968563155,0.002025320796857958,0.0018312015827829941,0.0018312015827829941,0.0018312015827829946,19.181950665421784,19.181950665421784,19.181950665421784,19.66155223733237,19.66155223733237,19.66155223733237,0.0,0.0,-250.0,0.0,-7.625668099854476e-15,-251.78408159064873,0.0,0.0,-250.00000223057026,-18.08074837962855,-18.08074837962856,-18.080748379628496,-0.9340164721459079,-0.9340164721459082,-0.9340164721459067
4.77,-0.008352426105493083,-0.008352426105493083,-0.008352426105493027,0.0020202365142738448,0.0020202365142735477,0.0020202365142748652,0.001831200515341258,0.001831200515341258,0.0018312005153412587,19.181950665421784,19.181950665421784,19.181950665421784,19.66039370802612,19.66039370802612,19.660393708026117,0.0,0.0,-250.0,0.0,-1.5251222019288885e-14,-251.7797679001068,0.0,0.0,-250.00000223057026,-18.037681555283417,-18.03768155528343,-18.037681555283225,-0.9340136869733165,-0.9340136869733172,-0.9340136869733132
4.78,-0.008332251644276867,-0.008332251644276867,-0.008332251644276811,0.002015164983440604,0.0020151649834402948,0.0020151649834412875,0.0018311994506150094,0.0018311994506150094,0.0018311994506150094,19.181950665421784,19.181950665421784,19.181950665421784,19.659238087048834,19.659238087048834,19.65923808704883,0.0,0.0,-250.0,-6.494945001709173e-15,3.749858245108606e-15,-251.77546505755373,0.0,0.0,-250.00000223057026,-17.99472284724823,-17.994722847248237,-17.994722847248052,-0.934010908019407,-0.9340109080194074,-0.9340109080194041
4.79,-0.008312127828384697,-0.008312127828384697,-0.008312127828384586,0.00201010617222343,0.0020101061722230928,0.0020101061722236427,0.0018311983885972126,0.0018311983885972126,0.0018311983885972128,19.181950665421784,19.181950665421784,19.181950665421784,19.658085367106267,19.658085367106267,19.658085367106263,0.0,0.0,-250.0,-1.2989571816237716e-14,-7.751461757230488e-15,-251.77117303569023,0.0,0.0,-250.00000223057026,-17.95187198437605,-17.951871984376073,-17.951871984375746,-0.9340081352732397,-0.9340081352732404,-0.9340081352732345
4.8,-0.008292054530796122,-0.008292054530796178,-0.008292054530796067,0.0020050600486878063,0.002005060048687449,0.002005060048687505,0.0018311973292808755,0.0018311973292808753,0.001831197329280875,19.181950665421784,19.181950665421784,19.181950665421784,19.65693554092252,19.65693554092252,19.656935540922518,0.0,0.0,-250.0,-6.385429145438923e-15,-1.1564252007548657e-14,-251.76689180728602,0.0,0.0,-250.00000223057026,-17.90912869619748,-17.90912869619764,-17.909128696197353,-0.934005368723827,-0.9340053687238319,-0.9340053687238269
4.81,-0.008272031624809162,-0.008272031624809217,-0.008272031624809106,0.002000026581087065,0.0020000265810869128,0.002000026581086521,0.0018311962726590466,0.0018311962726590464,0.0018311962726590462,19.181950665421784,19.181950665421784,19.181950665421784,19.655788601239916,19.655788601239916,19.655788601239912,0.0,0.0,-250.0,-3.290957437665402e-14,3.749583387712101e-15,-251.76262134517955,0.0,0.0,-250.00000223057026,-17.866492712917587,-17.866492712917747,-17.86649271291747,-0.9340026083601113,-0.9340026083601142,-0.9340026083601094
4.82,-0.008252058984038135,-0.00825205898403819,-0.00825205898403808,0.001995005737846153,0.0019950057378461763,0.0019950057378453714,0.0018311952187248129,0.0018311952187248129,0.0018311952187248129,19.181950665421784,19.181950665421784,19.181950665421784,19.6546445408189,19.654644540818904,19.654644540818897,0.0,0.0,-250.0,-1.948293315856178e-14,-3.8758355270522945e-15,-251.75836162227742,0.0,0.0,-250.00000223057026,-17.823963765411666,-17.82396376541181,-17.823963765411545,-0.9339998541709198,-0.9339998541709224,-0.9339998541709178
4.83,-0.00823213648241261,-0.008232136482412666,-0.008232136482412555,0.0019899974875440527,0.0019899974875442457,0.0019899974875430596,0.0018311941674712957,0.001831194167471296,0.0018311941674712953,19.181950665421784,19.181950665421784,19.181950665421784,19.653503352437966,19.65350335243797,19.653503352437962,0.0,0.0,-250.0,-6.494153572797653e-15,-1.1501141786390505e-14,-251.7541126115543,0.0,0.0,-250.00000223057026,-17.78154158522363,-17.781541585223767,-17.781541585223533,-0.9339971061449812,-0.9339971061449835,-0.9339971061449799
4.84,-0.00821226399417524,-0.008212263994175295,-0.008212263994175184,0.0019850017988921505,0.001985001798892494,0.0019850017988909635,0.0018311931188916446,0.0018311931188916448,0.0018311931188916442,19.181950665421784,19.181950665421784,19.181950665421784,19.65236502889354,19.652365028893545,19.652365028893538,0.0,0.0,-250.0,-1.2878359162764807e-14,6.3297117968248e-17,-251.74987428605232,0.0,0.0,-250.00000223057026,-17.739225904562126,-17.739225904562268,-17.739225904562037,-0.9339943642708888,-0.9339943642708916,-0.9339943642708878
4.85,-0.008192441393881145,-0.0081924413938812,-0.00819244139388109,0.0019800186407140856,0.0019800186407145613,0.0019800186407127216,0.0018311920729790357,0.0018311920729790357,0.0018311920729790349,19.181950665421784,19.181950665421784,19.181950665421784,19.65122956299995,19.651229562999955,19.651229562999948,0.0,0.0,-250.0,-1.2877937554076368e-14,6.335961593958744e-17,-251.74564661888104,0.0,0.0,-250.00000223057026,-17.697016456299846,-17.69701645629998,-17.69701645629976,-0.9339916285371268,-0.9339916285371292,-0.9339916285371256
4.86,-0.008172668556396423,-0.008172668556396478,-0.008172668556396367,0.001975047981924975,0.0019750479819255675,0.0019750479819234377,0.0018311910297266639,0.0018311910297266643,0.0018311910297266634,19.181950665421784,19.181950665421784,19.181950665421784,19.65009694758933,19.650096947589333,19.650096947589326,0.0,0.0,-250.0,-3.929165134893304e-14,7.561681827737137e-15,-251.74142958321715,0.0,0.0,-250.00000223057026,-17.65491297397103,-17.65491297397115,-17.654912973970948,-0.9339888989320592,-0.9339888989320613,-0.933988898932058
4.87,-0.00815294535689809,-0.008152945356898145,-0.008152945356898034,0.00197008979151456,0.0019700897915152778,0.0019700897915128743,0.001831189989127744,0.0018311899891277445,0.0018311899891277441,19.181950665421784,19.181950665421784,19.181950665421784,19.648967175511626,19.64896717551163,19.648967175511622,0.0,0.0,-250.0,-3.268755375606788e-14,-3.749039936796635e-15,-251.73722315230432,0.0,0.0,-250.00000223057026,-17.612915191771854,-17.612915191771975,-17.612915191771766,-0.9339861754439727,-0.9339861754439747,-0.9339861754439717
4.88,-0.008133271670872466,-0.008133271670872522,-0.00813327167087241,0.0019651440385319006,0.0019651440385327246,0.0019651440385300674,0.0018311889511755037,0.001831188951175504,0.001831188951175503,19.181950665421784,19.181950665421784,19.181950665421784,19.647840239634498,19.6478402396345,19.647840239634494,0.0,0.0,-250.0,-1.287667914427719e-14,7.688538822719678e-15,-251.733027299453,0.0,0.0,-250.00000223057026,-17.571022844557557,-17.57102284455767,-17.571022844557483,-0.9339834580610582,-0.9339834580610599,-0.9339834580610571
4.89,-0.008113647374115296,-0.008113647374115351,-0.008113647374115296,0.0019602106920708104,0.0019602106920717263,0.001960210692068838,0.0018311879158631808,0.001831187915863181,0.0018311879158631804,19.181950665421784,19.181950665421784,19.181950665421784,19.64671613284335,19.646716132843352,19.64671613284335,0.0,0.0,-250.0,-1.287626180395104e-14,-7.434113218667226e-15,-251.72884199804048,0.0,0.0,-250.00000223057026,-17.529235667843103,-17.52923566784321,-17.529235667843185,-0.9339807467714563,-0.9339807467714579,-0.9339807467714603
4.9,-0.008094072342731295,-0.008094072342731351,-0.008094072342731295,0.001955289721262773,0.0019552897212637937,0.00195528972126093,0.0018311868831840236,0.0018311868831840242,0.0018311868831840234,19.181950665421784,19.181950665421784,19.181950665421784,19.645594848041252,19.645594848041256,19.645594848041252,0.0,0.0,-250.0,-6.493062376815171e-15,-3.748771311119271e-15,-251.72466722151046,0.0,0.0,-250.00000223057026,-17.48755339780253,-17.487553397802625,-17.4875533978026,-0.9339780415632774,-0.9339780415632791,-0.9339780415632791
4.91,-0.008074546453133324,-0.00807454645313338,-0.008074546453133324,0.0019503810952689045,0.0019503810952700314,0.0019503810952671635,0.001831185853131289,0.0018311858531312893,0.0018311858531312889,19.181950665421784,19.181950665421784,19.181950665421784,19.644476378148973,19.644476378148976,19.644476378148973,0.0,0.0,-250.0,-1.298581614858781e-14,-2.2747018541649042e-14,-251.72050294337342,0.0,0.0,-250.00000223057026,-17.44597577126731,-17.445975771267417,-17.445975771267385,-0.9339753424245962,-0.9339753424245979,-0.9339753424245979
4.92,-0.00805506958204294,-0.008055069582042995,-0.00805506958204294,0.0019454847832780185,0.0019454847832792413,0.0019454847832763714,0.0018311848256982396,0.00183118482569824,0.0018311848256982394,19.181950665421784,19.181950665421784,19.181950665421784,19.643360716104926,19.64336071610493,19.643360716104926,0.0,0.0,-250.0,-6.492754164373317e-15,-1.1373365491006654e-14,-251.71634913720612,0.0,0.0,-250.00000223057026,-17.40450252572776,-17.40450252572786,-17.40450252572783,-0.9339726493435195,-0.9339726493435212,-0.9339726493435213
4.93,-0.008035641606489341,-0.008035641606489397,-0.008035641606489397,0.0019406007545077647,0.0019406007545090774,0.001940600754506219,0.001831183800878147,0.001831183800878147,0.0018311838008781465,19.181950665421784,19.181950665421784,19.181950665421784,19.64224785486518,19.642247854865182,19.642247854865182,0.0,0.0,-250.0,0.0,-7.369301574746662e-15,-251.71220577665198,0.0,0.0,-250.00000223057026,-17.36313339933061,-17.363133399330707,-17.36313339933082,-0.9339699623081542,-0.9339699623081559,-0.9339699623081601
4.94,-0.008016262403809482,-0.008016262403809538,-0.008016262403809538,0.0019357289782055327,0.0019357289782069294,0.0019357289782042885,0.0018311827786642893,0.0018311827786642897,0.0018311827786642889,19.181950665421784,19.181950665421784,19.181950665421784,19.64113778740341,19.641137787403412,19.641137787403412,0.0,0.0,-250.0,0.0,-1.5121495355989717e-14,-251.70807283542052,0.0,0.0,-250.00000223057026,-17.32186813087932,-17.321868130879402,-17.32186813087952,-0.9339672813066563,-0.9339672813066575,-0.93396728130666
4.95,-0.007996931851647737,-0.007996931851647737,-0.007996931851647793,0.0019308694236541946,0.001930869423655659,0.0019308694236532039,0.001831181759049955,0.0018311817590499554,0.0018311817590499547,19.181950665421784,19.181950665421784,19.181950665421784,19.64003050671092,19.64003050671092,19.640030506710925,0.0,0.0,-250.0,6.492294780115464e-15,-3.748328138958066e-15,-251.7039502872878,0.0,0.0,-250.00000223057026,-17.280706459833098,-17.280706459833045,-17.28070645983329,-0.9339646063272288,-0.9339646063272259,-0.9339646063272321
4.96,-0.007977649827955291,-0.007977649827955235,-0.007977649827955346,0.001926022060179156,0.001926022060180308,0.0019260220601784244,0.0018311807420284423,0.0018311807420284428,0.001831180742028442,19.181950665421784,19.181950665421784,19.181950665421784,19.638926005796588,19.638926005796584,19.63892600579659,0.0,0.0,-250.0,1.2984284861021476e-14,0.0,-251.6998381060959,0.0,0.0,-250.00000223057026,-17.239648126305433,-17.239648126305237,-17.23964812630561,-0.933961937358124,-0.9339619373581205,-0.9339619373581274
4.97,-0.007958416210989916,-0.00795841621098986,-0.007958416210989971,0.0019211868571541364,0.0019211868571549788,0.0019211868571536686,0.0018311797275930614,0.0018311797275930612,0.001831179727593061,19.181950665421784,19.181950665421784,19.181950665421784,19.63782427768685,19.637824277686846,19.637824277686853,0.0,0.0,-250.0,1.2872961022388349e-14,-1.531309666600259e-14,-251.69573626575308,0.0,0.0,-250.00000223057026,-17.198692871063365,-17.198692871063184,-17.19869287106353,-0.9339592743876657,-0.9339592743876625,-0.9339592743876682
4.98,-0.007939230879315196,-0.00793923087931514,-0.007939230879315251,0.0019163637840102696,0.0019163637840108113,0.0019163637840100274,0.0018311787157371362,0.0018311787157371364,0.001831178715737136,19.181950665421784,19.181950665421784,19.181950665421784,19.636725315425664,19.63672531542566,19.636725315425664,0.0,0.0,-250.0,1.2872553126849448e-14,7.431972012944287e-15,-251.69164474023353,0.0,0.0,-250.00000223057026,-17.157840435525607,-17.157840435525436,-17.15784043552576,-0.9339566174042317,-0.9339566174042286,-0.9339566174042342
4.99,-0.007920093711800136,-0.00792009371180008,-0.007920093711800191,0.00191155281024332,0.001911552810243593,0.0019115528102432887,0.0018311777064540045,0.001831177706454005,0.0018311777064540045,19.181950665421784,19.181950665421784,19.181950665421784,19.635629112074476,19.635629112074476,19.63562911207448,0.0,0.0,-250.0,-1.1122913895568576e-16,6.421817331779585e-17,-251.68756350357725,0.0,0.0,-250.00000223057026,-17.117090561761437,-17.117090561761273,-17.117090561761586,-0.9339539663962633,-0.9339539663962606,-0.9339539663962657
