Time,e1,e2,e3,edot1,edot2,edot3,mu1,mu2,mu3,SetAngle1,SetAngle2,SetAngle3,ActualAngle1,ActualAngle2,ActualAngle3,X0,Y0,Z0,Actual_X,Actual_Y,Actual_Z,X_Set,Y_Set,Z_Set,refCurr1,refCurr2,refCurr3,ActualCurr1,ActualCurr2,ActualCurr3
0.0,0.0,0.0,0.0,0.0,0.0,0.0,0.0018307793921119666,0.0018307793921119666,0.0018307793921119666,-0.005686595269523741,-0.005686595269523741,-0.005686595269523741,-0.0054323592152499935,-0.0054323592152499935,-0.0054323592152499935,0.0,0.0,-184.0,0.0,0.0,-184.00077892607328,0.0,-1.433179351732963e-14,-184.0000024755281,-0.2174888837468515,-0.21748888374685163,-0.21748888374685163,-0.006561687849937975,-0.00656168784993798,-0.00656168784993798
0.01,-0.0002314202978800148,-0.000231420297880015,-0.00023142029788001496,-0.04079741732035243,-0.04079741732035246,-0.04079741732035245,0.0018234599402874101,0.0018234599402874101,0.0018234599402874101,-0.005686595269523741,-0.005686595269523741,-0.005686595269523741,0.010116021060828553,0.010116021060828567,0.010116021060828562,0.0,0.0,-184.0,-8.714109198531243e-18,-7.193567850770779e-15,-184.04827053601227,0.0,-1.433179351732963e-14,-184.0000024755281,-1.9188814471164304,-1.9188814471164324,-1.9188814471164315,-0.046864147439033464,-0.04686414743903351,-0.046864147439033485
0.02,-0.0008209441104605846,-0.000820944110460585,-0.000820944110460585,-0.07233862702346268,-0.07233862702346273,-0.07233862702346272,0.0018190921779016444,0.001819092177901644,0.001819092177901644,-0.005686595269523741,-0.005686595269523741,-0.005686595269523741,0.045644251964414184,0.04564425196441421,0.045644251964414205,0.0,0.0,-184.0,-1.743850410765728e-17,-5.034062520410162e-17,-184.15683388669694,0.0,-1.433179351732963e-14,-184.0000024755281,-4.099566462992283,-4.099566462992285,-4.099566462992285,-0.09354184513109154,-0.0935418451310916,-0.0935418451310916
0.03,-0.001671229541008619,-0.0016712295410086194,-0.0016712295410086194,-0.09390156346183638,-0.09390156346183644,-0.09390156346183642,0.0018166130023969623,0.0018166130023969623,0.0018166130023969623,-0.005686595269523741,-0.005686595269523741,-0.005686595269523741,0.095539929964112,0.09553992996411204,0.09553992996411204,0.0,0.0,-184.0,0.0,-7.246518844172622e-15,-184.30940411376915,0.0,-1.433179351732963e-14,-184.0000024755281,-6.531653031732496,-6.531653031732501,-6.531653031732501,-0.14140842154191152,-0.1414084215419116,-0.14140842154191163
0.04,0.004647488509709466,-0.006301882456662737,-0.006301882456662737,-0.10558543337924832,-0.1055854333792484,-0.10558543337924839,0.0018154138737052443,0.0018154138737052448,0.0018154138737052448,0.4142868312709749,-0.21306591342523187,-0.21306591342523187,0.15465053037046583,0.15381645625900914,0.15381645625900914,0.0,1.3888888888888888,-184.0,0.0,0.0018513709870264664,-184.48860666115735,0.0,1.388888929631816,-184.00000247525816,8.254943748089172,-17.5408268390693,-17.5408268390693,0.3337787157718561,-0.44448540295230615,-0.4444854029523062
0.05,0.0032496437526889164,-0.0072207815601777045,-0.00722074065514196,-0.1614760836686767,-0.08188896092329238,-0.08187601704653141,0.0018108250603095022,0.001817947004596585,0.0018179485002208736,0.4142868312709749,-0.21306591342523187,-0.21306591342523187,0.23758422464147877,0.2052132207232832,0.20520991134190725,0.0,1.3888888888888888,-184.0,-6.367957153906146e-06,0.07192795380329044,-184.67824018976384,0.0,1.388888929631816,-184.00000247525816,3.3762138785661016,-18.594021566769186,-18.59220555465918,0.0037198633499685337,-0.34136328118895126,-0.341323945456366
0.06,0.0014393431195405797,-0.007909303903750059,-0.007908795570127964,-0.19419572552579084,-0.058009277304693824,-0.057922728479417415,0.001808824781226518,0.001820955437963058,0.0018209673113692483,0.4142868312709749,-0.21306591342523187,-0.21306591342523187,0.34307362688960846,0.24328825994050501,0.2432534815309505,0.0,1.3888888888888888,-184.0,-6.698681369440215e-05,0.22196353948804942,-184.8637448490557,0.0,1.388888929631816,-184.00000247525816,-1.7526302522398314,-19.123698323720472,-19.114576127799047,-0.09286630415012148,-0.3434874749022804,-0.34329391380838153
0.07,-0.0005963304223208336,-0.008356365185304446,-0.008354164624337381,-0.20859571868524465,-0.033932413818460204,-0.033680778924921356,0.0018080679679260375,0.0018245458456153025,0.0018245867769877088,0.4142868312709749,-0.21306591342523187,-0.21306591342523187,0.46043401119670785,0.2675281678355744,0.267386410387097,0.0,1.3888888888888888,-184.0,-0.0002732850544838695,0.42956212899089413,-185.0329292685254,0.0,1.388888929631816,-184.00000247525816,-6.850925999369515,-19.11701002882747,-19.09212791667363,-0.18335129786690302,-0.3365707515819788,-0.336049490424347
0.08,0.00470735138201454,-0.012128876692912127,-0.012122796797125784,-0.2064989962294741,-0.011390518052993896,-0.010877344198444761,0.0018081736368802514,0.0018285140929091596,0.0018286122953489505,0.8377436556922286,-0.4169842784555035,-0.4169842784555035,0.5803706480107558,0.2782114515845062,0.27783193688071023,0.0,2.7777777777777777,-184.0,-0.0007322035519211808,0.6735245350035417,-185.17662714465314,0.0,2.7777778591786118,-184.00000247444999,5.906488087357381,-27.023517222355878,-26.972470937378326,0.2647925630694098,-0.5748726218368044,-0.5738163130541329
0.09,0.002395175959075232,-0.011977823305184536,-0.011964761532904504,-0.24452280994312542,0.03381681063476251,0.034681458674262707,0.0018064564712183897,0.0018387297323619873,0.0018389603411880482,0.8377436556922286,-0.4169842784555035,-0.4169842784555035,0.7146429395378284,0.26713776442865456,0.266337498144059,0.0,2.7777777777777777,-184.0,-0.0015449117200383674,0.9983549716318251,-185.28958784829334,0.0,2.7777778591786118,-184.00000247444999,-0.7614282183545497,-24.907932833440658,-24.8171520033786,-0.09275432609832102,-0.4143333963447241,-0.4124797455852563
0.1,-0.00013254618579154089,-0.011445411428544553,-0.011421279174809569,-0.2563934505610127,0.06764507979534735,0.06896621962406302,0.0018059979974608625,0.0018489552988996602,0.0018494107798003993,0.8377436556922286,-0.4169842784555035,-0.4169842784555035,0.8600322461278495,0.23475158165436807,0.233290273604621,0.0,2.7777777777777777,-184.0,-0.002822301220136831,1.3959144659582192,-185.36894222988667,0.0,2.7777778591786118,-184.00000247444999,-7.114706841349817,-22.357674448220916,-22.211250092290634,-0.20353771315424682,-0.36183632811324473,-0.35888183204543056
0.11,-0.0026698063268989665,-0.01063024988969475,-0.010589944882197588,-0.2488739759615087,0.09132828281259082,0.0931997053628554,0.001806284688522671,0.0018578454646695258,0.001858619249683622,0.8377436556922286,-0.4169842784555035,-0.4169842784555035,1.004874822170004,0.1867479113410652,0.18432800400468358,0.0,2.7777777777777777,-184.0,-0.004674956448819702,1.8274290856743203,-185.41422795566737,0.0,2.7777778591786118,-184.00000247444999,-12.877542282087061,-19.578564135684267,-19.360750019706916,-0.29848482248278807,-0.3086210677031952,-0.30427096818012167
0.12,0.0024095672743975234,-0.013132524321057045,-0.013070194745618224,-0.22543114668479458,0.10495467652442461,0.10743266263784836,0.0018072682179935348,0.001863736308811372,0.0018648778098601948,1.264637646746067,-0.6174374392463308,-0.6174374392463308,1.1398902347082425,0.1286799094161011,0.12496333140435335,0.0,4.166666666666666,-184.0,-0.007180718332906819,2.2596779235210933,-185.42742539017712,0.0,4.166666788627427,-184.00000247310643,-0.12416631309192158,-24.893660691861534,-24.58814531691591,0.15796989574394352,-0.5025401818608993,-0.4964695674509823
0.13,1.4219364166054294e-05,-0.011903854234215512,-0.011813441076237016,-0.24448163925525473,0.13382749427567536,0.13690783830873085,0.001806458117784054,0.0018784829968760666,0.0018802596726806026,1.264637646746067,-0.6174374392463308,-0.6174374392463308,1.2778525337470523,0.05682444238054016,0.05146418759368861,0.0,4.166666666666666,-184.0,-0.010356124352347158,2.7293207320954287,-185.4134321997269,0.0,4.166666788627427,-184.00000247310643,-6.52165793230832,-21.002184689846004,-20.597338664618327,-0.19109901212859,-0.32092373085271275,-0.3129950982869857
0.14,-0.002421426851029553,-0.010480619317690574,-0.010356075619444998,-0.24017052280870457,0.14735613529341682,0.15104019714239622,0.0018066327730675207,0.0018866191549821928,0.0018889889828812127,1.264637646746067,-0.6174374392463308,-0.6174374392463308,1.4170577933222337,-0.025423237966204694,-0.03277356351113214,0.0,4.166666666666666,-184.0,-0.01419902541635009,3.224869064843694,-185.37738368533286,0.0,4.166666788627427,-184.00000247310643,-12.23342507805701,-17.31262200860807,-16.79764853367155,-0.2861463980365085,-0.2555839677061931,-0.24558258620788828
0.15,-0.004723649646027252,-0.008989335624494716,-0.00882473045072598,-0.21997319180861422,0.1489155876337071,0.15317859407343992,0.0018075186650618083,0.0018876141052121935,0.0018903956760670797,1.264637646746067,-0.6174374392463308,-0.6174374392463308,1.5477287851109411,-0.11089392060806301,-0.12057250096477946,0.0,4.166666666666666,-184.0,-0.018692489222087487,3.708453747754061,-185.32453502403743,0.0,4.166666788627427,-184.00000247310643,-17.08922200217311,-13.96095439920902,-13.32688711399839,-0.3619735772061051,-0.1995070301045809,-0.1872854495135324
0.16,0.0007557123700909704,-0.01097757385248951,-0.010767460767493216,-0.18769572560621509,0.14040265314377792,0.14517420832433423,0.0018091891007835823,0.0018823267860581326,0.0018852469222480682,1.6949213999856334,-0.8144214223418295,-0.8144214223418295,1.6627364336299335,-0.19367400076498031,-0.20598816045568913,0.0,5.555555555555555,-184.0,-0.023775973040606874,4.150976817776724,-185.26050091661332,0.0,5.555555717965612,-184.0000024712306,-3.1638129303627798,-18.955908500244924,-18.18979896165124,0.11827984495994195,-0.3918867531282558,-0.3771678268929965
0.17,-0.0012340471332248186,-0.009513817290057569,-0.009253932563304685,-0.20214308381339974,0.14795952676784335,0.15309181257553106,0.0018083986065337795,0.0018870027120401636,0.0018903381367504262,1.6949213999856334,-0.8144214223418295,-0.8144214223418295,1.7772158037360961,-0.27779438069626994,-0.2929804980483053,0.0,5.555555555555555,-184.0,-0.029312271698216926,4.595181600635167,-185.1918405947347,0.0,5.555555717965612,-184.0000024712306,-8.455354851537631,-15.426289366259107,-14.531754443821159,-0.21221296494223268,-0.2256929319219021,-0.20873286104186567
0.18,-0.0032375055518086733,-0.008053627565226769,-0.00774090121261003,-0.19673271192587818,0.14298289302660336,0.14837531487783573,0.0018086864801488212,0.0018838917335414016,0.0018872680529145433,1.6949213999856334,-0.8144214223418295,-0.8144214223418295,1.8916145381970548,-0.3611172366337277,-0.3793452433990563,0.0,5.555555555555555,-184.0,-0.03517331369548369,5.037330411439124,-185.12355528533524,0.0,5.555555717965612,-184.0000024712306,-13.089310878035059,-12.378252521908486,-11.351896066714605,-0.28881755552839805,-0.17664605762384622,-0.15733284509882
0.19,-0.0051139530898124015,-0.0066922491706366645,-0.006324703802754534,-0.17852098441794698,0.1294102362056721,0.13494607528770478,0.0018097294329000807,0.0018760071062064686,0.001879123335634434,1.6949213999856334,-0.8144214223418295,-0.8144214223418295,1.99802008696288,-0.43829841108210305,-0.45967478818820506,0.0,5.555555555555555,-184.0,-0.04123713544725601,5.4479484468646815,-185.05944641229996,0.0,5.555555717965612,-184.0000024712306,-16.967786092938834,-9.844652262625726,-8.684311015494373,-0.3488332705557223,-0.13879937912762672,-0.1171270156185993
0.2,0.0008153991683350209,-0.00888101315602624,-0.00845797692573355,-0.1507223824953016,0.10944649520602691,0.11498284914740776,0.0018115805197266072,0.0018658213460083842,0.0018684905333422692,2.128546368772262,-1.0079325314075522,-1.0079325314075522,2.090858931836247,-0.5054795764011325,-0.530034109488373,0.0,6.944444444444445,-184.0,-0.04735662181761656,5.80610449309884,-185.00266039129752,0.0,6.944444647180646,-184.00000246882576,-2.111005831180962,-15.689078537924654,-14.394914993496991,0.14711372195267433,-0.3478230292071172,-0.3238258816427526
0.21,-0.000840179582649106,-0.007773050517415331,-0.007295545913227952,-0.17182124270639254,0.10920026143829496,0.11455893370163536,0.001810146247405513,0.001865705207289439,0.0018682821781177896,2.128546368772262,-1.0079325314075522,-1.0079325314075522,2.186578428383943,-0.5687908973188733,-0.5964555823894747,0.0,6.944444444444445,-184.0,-0.053344936779889315,6.162124489829907,-184.95620208346213,0.0,6.944444647180646,-184.00000246882576,-6.771655986230064,-13.189443282249647,-11.773504534094517,-0.176216015178458,-0.2023122327549445,-0.17627016316564095
0.22,-0.0025820376728541775,-0.006725544923136694,-0.006195892947719328,-0.17408271019080118,0.10020004302410766,0.10528396330541553,0.0018100036081393903,0.0018616119036694828,0.0018638867710207944,2.128546368772262,-1.0079325314075522,-1.0079325314075522,2.286431951066686,-0.628258608230037,-0.6588948809256033,0.0,6.944444444444445,-184.0,-0.05906747664439313,6.518881430969314,-184.92127903145447,0.0,6.944444647180646,-184.00000246882576,-10.979984406208825,-11.126516708649103,-9.593382103594594,-0.24800980160727482,-0.1709751703380036,-0.14297209576207692
0.23,-0.004276180451625672,-0.00579813897053213,-0.005219537151113538,-0.16391463448895144,0.08598403413400937,0.09071325089452434,0.0018106610692262017,0.0018556945555009538,0.001857593521719571,2.128546368772262,-1.0079325314075522,-1.0079325314075522,2.3828532218196377,-0.6805560804539453,-0.7139762237351566,0.0,6.944444444444445,-184.0,-0.06443038597324138,6.85214586969061,-184.89790677933993,0.0,6.944444647180646,-184.00000246882576,-14.634912809523762,-9.50040759279839,-7.856579427679001,-0.30672092709951365,-0.14854232618869884,-0.11870933166462322
0.24,0.0018132948048434905,-0.008350239558453636,-0.007726634025899574,-0.1439300088903771,0.06827985836026265,0.07258249541619843,0.001812087152138754,0.0018491735928881541,0.0018506805285095755,2.5654628969160207,-1.1979673464295078,-1.1979673464295078,2.4702581909811023,-0.7235854121854877,-0.7595590348797558,0.0,8.333333333333332,-184.0,-0.06935196552946686,7.14481859660873,-184.88550129650002,0.0,8.333333576260197,-184.00000246589542,0.38347284559754047,-16.068950447667504,-14.331926989020355,0.19122064332793853,-0.36805920411411847,-0.3368222125617065
0.25,0.0001834030874731732,-0.007631635734445693,-0.0069676921907592705,-0.1725334728743834,0.07241026515299469,0.0762248406897856,0.0018101011075130856,0.001850619281473691,0.0018519942586045176,2.5654628969160207,-1.1979673464295078,-1.1979673464295078,2.5649282495052343,-0.764851448207878,-0.8031084000587528,0.0,8.333333333333332,-184.0,-0.07375669618565193,7.449825198093911,-184.88345830232004,0.0,8.333333576260197,-184.00000246589542,-4.408682263412424,-14.230893763376512,-12.40903094965385,-0.13824986797745667,-0.2332921764093956,-0.20059390924585127
0.26,-0.0016013615958177935,-0.006919633482064301,-0.00622015510152585,-0.18110350648048373,0.06950478037776638,0.07284986557739608,0.0018095737886355495,0.0018495977348912708,0.001850775763222605,2.5654628969160207,-1.1979673464295078,-1.1979673464295078,2.667593984596534,-0.8054530590632563,-0.8457193116957469,0.0,8.333333333333332,-184.0,-0.07763714544276426,7.771216836305652,-184.8900500371922,0.0,8.333333576260197,-184.00000246589542,-8.883692978128394,-12.654514472429996,-10.75439252805378,-0.21644446653721755,-0.2082708166476577,-0.17431288703843045
0.27,-0.00339384117112132,-0.006260540614435648,-0.005529993935395241,-0.17582421628255404,0.062422211329789416,0.06534160450337924,0.0018098951244288777,0.0018472031220425978,0.0018481736445211487,2.5654628969160207,-1.1979673464295078,-1.1979673464295078,2.769921010104704,-0.8427899967335921,-0.8848122272014464,0.0,8.333333333333332,-184.0,-0.08103240835812216,8.084628143439769,-184.90303881749912,0.0,8.333333576260197,-184.00000246589542,-12.901299952812863,-11.343434415495839,-9.371403612585498,-0.2827348836118453,-0.18896843434173521,-0.15384232881091522
0.28,0.0026133947415555164,-0.008946083414341477,-0.008188450839386584,-0.159188719717532,0.05227411457065474,0.05481728287597703,0.0018109811834428008,0.0018439869530438393,0.0018447706118150911,3.0056202528953464,-1.3845227226503565,-1.3845227226503565,2.8654664191621544,-0.8751239030135329,-0.9186766467454162,0.0,9.722222222222221,-184.0,-0.08399515546666983,8.371805317985286,-184.92023440901565,0.0,9.722222505192178,-184.00000246244346,1.8360451429678903,-17.94782981300029,-15.926721799586279,0.21131577549579222,-0.4052630742605671,-0.3695555648553433
0.29,0.0008169997743362675,-0.008348676627048645,-0.00756744614876332,-0.1900570147058041,0.06344066722821055,0.06566546491213877,0.0018090550667338005,0.0018475393298618104,0.001848282600664937,3.0056202528953464,-1.3845227226503565,-1.3845227226503565,2.9697950858748734,-0.9098485760726599,-0.9547357543977864,0.0,9.722222222222221,-184.0,-0.08658212214637308,8.683850147552707,-184.94011962745856,0.0,9.722222505192178,-184.00000246244346,-3.4112797818960474,-16.11439183579664,-14.038307432701941,-0.12832779661690416,-0.2699659020751266,-0.2331261883719347
0.3,-0.0011481228044316477,-0.007689967319145421,-0.00688774922842041,-0.199342419596063,0.06704189878920765,0.06905415131525106,0.0018085464363450175,0.0018487488165593302,0.0018494412534735382,3.0056202528953464,-1.3845227226503565,-1.3845227226503565,3.0828273645725313,-0.9477651714914159,-0.9938433054384271,0.0,9.722222222222221,-184.0,-0.08889390271712996,9.022363441122417,-184.96071597015091,0.0,9.722222505192178,-184.00000246244346,-8.333887066444293,-14.41936680504683,-12.287397740973113,-0.21425505438770956,-0.24098924129542346,-0.20317455289926956
0.31,-0.003120584374902015,-0.007023781098785011,-0.0062021056615782465,-0.1934417098163824,0.06557352957647013,0.06747968340737968,0.0018088663015949158,0.0018482516444719224,0.001848898588524041,3.0056202528953464,-1.3845227226503565,-1.3845227226503565,3.195424050473141,-0.985824284578593,-1.0330117217565586,0.0,9.722222222222221,-184.0,-0.09104840285929298,9.360182790716996,-184.98008503600195,0.0,9.722222505192178,-184.00000246244346,-12.76239970280378,-12.896467357347403,-10.706741956900302,-0.28725348232320685,-0.2164407473286374,-0.17758530190627292
0.32,0.0027747825767835063,-0.009591298478296123,-0.008750737010246819,-0.17509032051362877,0.059925833883187084,0.0618102407304315,0.0018099406978960568,0.001846389606253398,0.0018470023099353915,3.448966665596679,-1.5675957892444874,-1.5675957892444874,3.30046900290632,-1.0216843793489054,-1.0699529574109807,0.0,11.11111111111111,-184.0,-0.09314770172742495,9.676211783293816,-184.99679152639513,0.0,11.111111433964691,-184.0000024584738,1.7586627940481503,-19.079735582973658,-16.85396353938134,0.20550024271119136,-0.42237846374862426,-0.3831358580569895
0.33,0.0008301097458193393,-0.00890122074650979,-0.00804163474754735,-0.2038642891666554,0.0738803441235229,0.07581181825678508,0.0018083089985022074,0.0018511445788066904,0.0018518434993618303,3.448966665596679,-1.5675957892444874,-1.5675957892444874,3.4131670487427996,-1.0618737864013712,-1.11123566164103,0.0,11.11111111111111,-184.0,-0.09527015998728156,10.018893476923392,-185.01047618269502,0.0,11.111111433964691,-184.0000024584738,-3.787614957218839,-16.944644471780254,-14.661470462419166,-0.14032948963065467,-0.283104373132444,-0.24246836937139177
0.34,-0.0012583870108872214,-0.008128075293080746,-0.007248495763263883,-0.210406292138475,0.07913662625033739,0.08120373093380304,0.0018079780068623414,0.0018530703194664477,0.001853848479662384,3.448966665596679,-1.5675957892444874,-1.5675957892444874,3.533108331456289,-1.106435445817015,-1.1569510947443031,0.0,11.11111111111111,-184.0,-0.0975086897874841,10.387428131707075,-185.0204786403726,0.0,11.111111433964691,-184.0000024584738,-8.930230172045645,-14.947337137951026,-12.59822077313685,-0.22910987248827486,-0.24856708272841796,-0.20666723981267315
0.35,-0.00332471956771227,-0.00733693395979728,-0.006435612435401628,-0.20142684889181015,0.07824465116742467,0.08051381507370639,0.0018084361722537617,0.0018527382113155068,0.0018535874302223366,3.448966665596679,-1.5675957892444874,-1.5675957892444874,3.6509059542677997,-1.1516812122328124,-1.2034544301239247,0.0,11.11111111111111,-184.0,-0.0999460623157751,10.75267272355648,-185.02624085554865,0.0,11.111111433964691,-184.0000024584738,-13.497806934343874,-13.141390556681364,-10.718353914930182,-0.30349971597986924,-0.21910465107110327,-0.17578490498869986
0.36,0.0025629189321821205,-0.009718195410957718,-0.008792927726115403,-0.17992142966120567,0.07223637930318244,0.07473406167426398,0.0018096444754697478,0.0018505575248542396,0.0018514522701847604,3.895449361510757,-1.7471839477341022,-1.7471839477341022,3.759353884553789,-1.194697492307971,-1.2478557056628505,0.0,12.5,-184.0,-0.10262732180141085,11.092057622970001,-185.02770107469254,0.0,12.500000362566114,-184.0000024539906,1.0872439167546635,-18.921870384260973,-16.44919075412501,0.19296541497883524,-0.41635368756570634,-0.3724194935888853
0.37,0.0005842207986179876,-0.008913564005775386,-0.007962093649661606,-0.20609593237803492,0.08458207907629622,0.08730683984587738,0.0018081942046706719,0.001855146311325701,0.001856218894706662,3.895449361510757,-1.7471839477341022,-1.7471839477341022,3.873851548419572,-1.241357243938322,-1.2960299693691164,0.0,12.5,-184.0,-0.105557841761995,11.453055201347683,-185.02580293667745,0.0,12.500000362566114,-184.0000024539906,-4.4707974545219,-16.602154103413817,-14.049513372167388,-0.1539351062924065,-0.2765187453703676,-0.23065391719445075
0.38,-0.0015131861503029503,-0.0080442659418371,-0.007064208795690398,-0.21024737657811782,0.08781095507110216,0.09078053010599688,0.0018079858633764897,0.0018564201271129986,0.0018576210256852474,3.895449361510757,-1.7471839477341022,-1.7471839477341022,3.9941682033752537,-1.2913099529918606,-1.3476346496096094,0.0,12.5,-184.0,-0.10875314403409929,11.834396531870395,-185.02097675954795,0.0,12.500000362566114,-184.0000024539906,-9.568606599733485,-14.477629816200366,-11.835215416735807,-0.24122823754036923,-0.24046769657913833,-0.19289151749114217
0.39,-0.0035664631619095194,-0.007178755750607866,-0.006167669791287474,-0.19924585384395163,0.08464728982813137,0.08785590993070085,0.0018085515786387802,0.0018551716855420637,0.001856438108978661,3.895449361510757,-1.7471839477341022,-1.7471839477341022,4.111104356647438,-1.340685801213838,-1.3988018755931952,0.0,12.5,-184.0,-0.11221646224329572,12.206938631795762,-185.01352749824977,0.0,12.500000362566114,-184.0000024539906,-14.047703456266486,-12.599361959620179,-9.859754359480549,-0.31351021802648826,-0.21048237933175593,-0.16107019331702943
0.4,0.002405819114374236,-0.009447955441970357,-0.008403647417726392,-0.17616991056094772,0.07631087439869941,0.07971668951492245,0.0018098737293898834,0.0018520257203428175,0.0018532874780742988,4.3450146033180586,-1.9232848701482805,-1.9232848701482805,4.217701905795799,-1.386497594239715,-1.446527926986627,0.0,13.88888888888889,-184.0,-0.11591555230824507,12.548493581992156,-185.0040239765911,0.0,13.888889290984979,-184.00000244899834,0.7737952325398645,-18.2125290169387,-15.409612643363467,0.18897566491979756,-0.40369697461134185,-0.3535372277327091
0.41,0.0004686754179261815,-0.008617634757187013,-0.007538512299539904,-0.20164778180025936,0.08599053234875466,0.0895310524317006,0.001808424567077568,0.0018556971100440968,0.0018571124860393374,4.3450146033180586,-1.9232848701482805,-1.9232848701482805,4.329779336281014,-1.4344802552824163,-1.4965129732176763,0.0,13.88888888888889,-184.0,-0.11978515136202544,12.907189351194832,-184.9937783411613,0.0,13.888889290984979,-184.00000244899834,-4.665329229370157,-15.939492008231156,-13.038982177533518,-0.1572759278864669,-0.26738918067139095,-0.21491770711948616
0.42,-0.0015821674468583513,-0.0077471743970071345,-0.0066320195812061555,-0.20547938103391242,0.08692901066901815,0.09057929237765006,0.0018082257640272186,0.0018560685688218976,0.0018575388002275732,4.3450146033180586,-1.9232848701482805,-1.9232848701482805,4.4474119725903245,-1.4843706073107696,-1.548473948164472,0.0,13.88888888888889,-184.0,-0.12378724640696313,13.282628770171623,-184.98335976841418,0.0,13.888889290984979,-184.00000244899834,-9.641563247959104,-13.898635050820365,-10.894141262364377,-0.24242499227371186,-0.23343380850211554,-0.1790391149614944
0.43,-0.0035877499929215656,-0.006901091053712869,-0.005748993576335775,-0.19452660368429608,0.08190613189652836,0.08562936671433752,0.001808806621688841,0.0018541156334137782,0.0018555553182244124,4.3450146033180586,-1.9232848701482805,-1.9232848701482805,4.561620171439146,-1.5325295150890046,-1.5987534185133863,0.0,13.88888888888889,-184.0,-0.12788594074829615,13.646651095641062,-184.97302185406127,0.0,13.888889290984979,-184.00000244899834,-14.006066839145207,-12.130018508841673,-9.018108309375021,-0.31279291435483203,-0.20584895748281623,-0.14948305844586748
0.44,0.0024828232254286847,-0.009144794223607072,-0.007955332061869994,-0.1718100729270648,0.07219060377735612,0.07592686403421828,0.0018101469569228575,0.0018505412806090605,0.0018518854463575275,4.7976077297920146,-2.0958964969277063,-2.0958964969277063,4.665640055332649,-1.5762322942900104,-1.6445971898352234,0.0,15.277777777777777,-184.0,-0.1320238199024087,13.97806533653257,-184.96311538443365,0.0,15.277778219210072,-184.00000244350161,1.0309724010343677,-17.733595341156,-14.561877232915275,0.19474205987379054,-0.3975188843598247,-0.3406325310323077
0.45,0.000583879040755686,-0.008363421714824185,-0.007136873108484768,-0.19826451431020323,0.08057649183945544,0.08426086149101038,0.0018086040090175971,0.0018536110904865822,0.0018550215019177499,4.7976077297920146,-2.0958964969277063,-2.0958964969277063,4.775583710377512,-1.6213416090862336,-1.6918284248294775,0.0,15.277777777777777,-184.0,-0.136126678135742,14.32595281637947,-184.95456477634204,0.0,15.277778219210072,-184.00000244350161,-4.342070134751461,-15.614982728753755,-12.344014797559087,-0.15222520248093968,-0.2659939342231825,-0.20668668069637583
0.46,-0.0014387722243289075,-0.007551374572041091,-0.006288329651045983,-0.20312802593635035,0.0808199083043166,0.08443931179377243,0.001808347214363811,0.001853703084041438,0.0018550908020615476,4.7976077297920146,-2.0958964969277063,-2.0958964969277063,4.8916604277830125,-1.667848413889024,-1.7404225204784896,0.0,15.277777777777777,-184.0,-0.14016472996478654,14.69076994178751,-184.94749369403797,0.0,15.277778219210072,-184.00000244350161,-9.277517003043805,-13.724708193930422,-10.351211881684705,-0.23699997188134123,-0.23477245916397768,-0.17360558822319547
0.47,-0.003426558837439808,-0.006767767832457704,-0.005468957381257147,-0.1932095069539114,0.07561755391775603,0.0791556657817906,0.0018088791267001194,0.00185177274957764,0.0018530774324558169,4.7976077297920146,-2.0958964969277063,-2.0958964969277063,5.004908031926823,-1.712420137449729,-1.7870386652297063,0.0,15.277777777777777,-184.0,-0.14412112485033549,15.045049411134563,-184.9416886040566,0.0,15.277778219210072,-184.00000244350161,-13.626084846131576,-12.095775808947876,-8.619126753621243,-0.30741168077515024,-0.20958437384397116,-0.14655126721688552
0.48,0.0027036666920937646,-0.00901230392852121,-0.007678702511867759,-0.17145924379276678,0.06616642249648258,0.06959074700111427,0.0018101692671509137,0.0018484516508494573,0.0018496276461168223,5.253173196945098,-2.2650170345774976,-2.2650170345774976,5.108541170733188,-1.75259723090904,-1.8292022198454767,0.0,16.666666666666664,-184.0,-0.14796590946950988,15.368115794832935,-184.9370250324366,0.0,16.66666714723052,-184.00000243750526,1.5203454552279383,-17.689326156641027,-14.170763688584426,0.20321547153354397,-0.3992318713697908,-0.3361538095793762
0.49,0.0008011957125697161,-0.008290466481810269,-0.006923423402852173,-0.19913579343029797,0.07476631876908865,0.07804866884489736,0.0018085574432445775,0.0018514639342909346,0.0018526655358274329,5.253173196945098,-2.2650170345774976,-2.2650170345774976,5.218753887156802,-1.7943118624871026,-1.872824984372986,0.0,16.666666666666664,-184.0,-0.15166183546926665,15.709411642754478,-184.93394829906646,0.0,16.66666714723052,-184.00000243750526,-3.89281699744244,-15.691867954631993,-12.08173377073826,-0.14633645906280843,-0.2714465093251389,-0.2059419681263134
0.5,-0.001235625037819682,-0.00753351672601197,-0.006134321270132609,-0.20495276269997242,0.07560043200696848,0.07876439127764696,0.0018082528137804196,0.0018517665187778724,0.0018529314579684652,5.253173196945098,-2.2650170345774976,-2.2650170345774976,5.335695602663504,-1.837697334300496,-1.9180460036799813,0.0,16.666666666666664,-184.0,-0.15521994616920726,16.069572602186188,-184.93218014994486,0.0,16.66666714723052,-184.00000243750526,-8.886364694204646,-13.898751861147675,-10.193989154344479,-0.23237388747837692,-0.24167571486025166,-0.17444692213985868
0.51,-0.0032456566801171566,-0.006797655666390595,-0.005367378228974991,-0.19571986604065436,0.07123708538175155,0.07430129517391754,0.0018087414368946199,0.0018502041560227505,0.0018512960519957496,5.253173196945098,-2.2650170345774976,-2.2650170345774976,5.450255462254959,-1.8795826260606632,-1.9617065018707538,0.0,16.666666666666664,-184.0,-0.15866250676451557,16.421133881936814,-184.93119028229628,0.0,16.66666714723052,-184.00000243750526,-13.304836521104182,-12.342651351598606,-8.542409951077092,-0.30416468365581634,-0.21745653442132132,-0.1484827855148605
0.52,0.0029078711624597464,-0.00901966524423773,-0.007559289035886679,-0.17438122239559672,0.06277927605561502,0.06574257646087979,0.001809984929393766,0.0018473207077283557,0.0018483085816233447,5.711654620339391,-2.4306449530710497,-2.4306449530710497,5.555495423073586,-1.917610858917064,-2.0014532803482954,0.0,18.055555555555554,-184.0,-0.1619954634299807,16.743286165344273,-184.93061629935625,0.0,18.055556075035568,-184.00000243101414,1.8823670978058005,-17.8483247476253,-14.025568083063547,0.20857503581744882,-0.4035082157759313,-0.33496242465785386
0.53,0.0009728731138755886,-0.008328434561269527,-0.006839009018962144,-0.20258652197885857,0.07201580322133162,0.07488051869890959,0.0018083754307259394,0.0018504793001856406,0.0018515052511981853,5.711654620339391,-2.4306449530710497,-2.4306449530710497,5.667598492232514,-1.957610900334154,-2.0431124168198913,0.0,18.055555555555554,-184.0,-0.1652156322035176,17.0852614842631,-184.9307380816265,0.0,18.055556075035568,-184.00000243101414,-3.6213777530802984,-15.89493600331797,-11.985625519668147,-0.14420186157175696,-0.2780888011356591,-0.20701109244881588
0.54,-0.001099741872788093,-0.007594947520041695,-0.006077201886394358,-0.20859315531161127,0.07359078023314045,0.07640236407535815,0.0018080680959921905,0.0018510406573095245,0.0018520591993188022,5.711654620339391,-2.4306449530710497,-2.4306449530710497,5.786600251726684,-1.9996947142140655,-2.0868160443863806,0.0,18.055555555555554,-184.0,-0.16836180092333647,17.44739923159752,-184.93120368153978,0.0,18.055556075035568,-184.00000243101414,-8.703605807875132,-14.126995995726746,-10.126119215492208,-0.23178239365243886,-0.2485177748388338,-0.1757339344769687
0.55,-0.0031459141881231417,-0.006875034807122191,-0.005329303367745966,-0.19927431773805973,0.06997926207744765,0.07277033237637648,0.0018085500625719527,0.00184976306330583,0.0018507474145505853,5.711654620339391,-2.4306449530710497,-2.4306449530710497,5.903224455818478,-2.040709205320623,-2.129432938870406,0.0,18.055555555555554,-184.0,-0.17147462307513234,17.801883166517317,-184.93148969073542,0.0,18.055556075035568,-184.00000243101414,-13.203700270545212,-12.58018059518538,-8.48500575801305,-0.30491364748919336,-0.22422904463730806,-0.1496828001136184
0.56,0.003023524958406479,-0.009044672017167563,-0.007471105674795295,-0.17762173636024842,0.062234307186908415,0.06500983038757202,0.001809784375546365,0.0018471413669331092,0.0018480622953922748,6.172994818480228,-2.5927789830078436,-2.5927789830078436,6.010396298714443,-2.078280206818783,-2.168597688524106,0.0,19.444444444444443,-184.0,-0.17456974464417896,18.12754280512885,-184.9313031675959,0.0,19.4444450026149,-184.00000242403354,2.0274488640557857,-17.941472280474407,-13.836337264245696,0.21018779397091744,-0.40577168783907036,-0.33199904095356264
0.57,0.0010564503465761987,-0.008357932610844457,-0.006756712906169179,-0.2057109457883243,0.07167150306140757,0.07443585176274235,0.0018082138970786908,0.0018503574531762148,0.001851344569990067,6.172994818480228,-2.5927789830078436,-2.5927789830078436,6.124327602971702,-2.1180363892252534,-2.2099379814797864,0.0,19.444444444444443,-184.0,-0.17764781845686953,18.473285071261575,-184.93103679051052,0.0,19.4444450026149,-184.00000242403354,-3.54841993492304,-15.992602320713129,-11.7979127537482,-0.1452828269466245,-0.2822386712570268,-0.20567092374397702
0.58,-0.0010456969096277052,-0.007626677611072746,-0.005997679441562369,-0.21138148292065084,0.0734630061182619,0.07625705300122515,0.0018079299602527929,0.0018509948713312943,0.0018520060359995883,6.172994818480228,-2.5927789830078436,-2.5927789830078436,6.245001246948934,-2.1600045806478967,-2.253499652896469,0.0,19.444444444444443,-184.0,-0.180745490339439,18.839149379920524,-184.93048604227226,0.0,19.4444450026149,-184.00000242403354,-8.690009166545755,-14.224190970459633,-9.933123397462111,-0.23375357566139088,-0.25259666276626963,-0.1742033203467239
0.59,-0.0031172325503287523,-0.006906983209113475,-0.005249766600762026,-0.20158767125573837,0.07003918550827172,0.07288492335394553,0.0018084277230203498,0.001849783984292513,0.0018507882644558382,6.172994818480228,-2.5927789830078436,-2.5927789830078436,6.363050822245584,-2.20101712801684,-2.296131992895141,0.0,19.444444444444443,-184.0,-0.18389386267501462,19.19706135116974,-184.9292974982111,0.0,19.4444450026149,-184.00000242403354,-13.235307048139434,-12.673889973244416,-8.28249599059527,-0.30749497014519134,-0.22819503184196732,-0.14790289748571075
0.6,0.003080989578986268,-0.009014155740860348,-0.007328229722495451,-0.17937488994155432,0.06244635451179521,0.06533362782106183,0.0018096775433887752,0.0018472110629448478,0.0018481709642124576,6.637135857208807,-2.7514181125285178,-2.7514181125285178,6.471345714634265,-2.2386761154032015,-2.3354380055467896,0.0,20.833333333333332,-184.0,-0.18709345518087145,19.525653852184586,-184.92735393672848,0.0,20.833333929958233,-184.00000241656872,2.0765059065682028,-17.88793982784756,-13.493784082420223,0.21061687926010153,-0.40532927333844254,-0.3260855972685012
0.61,0.001097480107776258,-0.008327261165599939,-0.006612324914161041,-0.2072291518900708,0.07156160989526406,0.07447906135688911,0.001808136524809976,0.0018503186275510108,0.0018513601606362463,6.637135857208807,-2.7514181125285178,-2.7514181125285178,6.586203053053478,-2.278425074232145,-2.376851106117049,0.0,20.833333333333332,-184.0,-0.19032769352489892,19.8737144514306,-184.9252073343133,0.0,20.833333929958233,-184.00000241656872,-3.5311018312767533,-15.953199158430863,-11.461616504277414,-0.14679032049063134,-0.28402415672224585,-0.2016438702766768
0.62,-0.0010180859012340893,-0.007598446718442446,-0.0058540460140796835,-0.21257189860501743,0.07311768970169195,0.07609055131716483,0.0018078716927024036,0.0018508713488324308,0.0018519451903297624,6.637135857208807,-2.7514181125285178,-2.7514181125285178,6.707626488494431,-2.3202402700531315,-2.4203577609400306,0.0,20.833333333333332,-184.0,-0.19361633908373335,20.2412198995969,-184.92279740123254,0.0,20.833333929958233,-184.00000241656872,-8.694047709053779,-14.201408437996752,-9.605257740665758,-0.23551561790122447,-0.2547342572760739,-0.1703695597612515
0.63,-0.003099560261270687,-0.0068832240642233075,-0.005108753047985214,-0.20241825773380834,0.06951790353902351,0.07255154648315795,0.0018083842175025627,0.0018496022997349583,0.001850669516961756,6.637135857208807,-2.7514181125285178,-2.7514181125285178,6.826224807363168,-2.360986875900476,-2.4628306896956653,0.0,20.833333333333332,-184.0,-0.1969722797328641,20.600083781851442,-184.91989671975355,0.0,20.833333929958233,-184.00000241656872,-13.25117445497435,-12.669775632697396,-7.965407149962048,-0.30934186611533365,-0.2307009073063948,-0.14428896274719946
0.64,0.0031402173752299173,-0.008935276735647778,-0.0071302433523350445,-0.17984337113630547,0.06181105750397219,0.06487916457357011,0.0018096491914842432,0.0018470025773494672,0.0018480185163709003,7.104019095007103,-2.9065615839906056,-2.9065615839906056,6.934863935601729,-2.3982976165644674,-2.5018941249813507,0.0,22.22222222222222,-184.0,-0.20037779627088637,20.92897532692907,-184.91648634643016,0.0,22.222222857055737,-184.0000024086252,2.1653485024879475,-17.761777041830896,-13.062476020607406,0.2120823771460916,-0.40393204459805826,-0.3188875140455423
0.65,0.0011518118387427168,-0.008257677238439738,-0.006421925223380941,-0.2077080754864666,0.07044143946182489,0.07352022744070172,0.0018081124338166863,0.0018499246628370279,0.0018510153703944886,7.104019095007103,-2.9065615839906056,-2.9065615839906056,7.050000548791512,-2.4374891096501403,-2.5428464792609256,0.0,22.22222222222222,-184.0,-0.20380104553161688,21.27676718041604,-184.91317144838683,0.0,22.222222857055737,-184.0000024086252,-3.4533408241784715,-15.867563728132945,-11.063672279369566,-0.14694791815774882,-0.28534465774300044,-0.19683849079727644
0.66,-0.0009683007829139056,-0.007541857399811926,-0.005675174760041618,-0.21300265780673489,0.07169347421386188,0.07479975678672267,0.0018078507113638005,0.001850365219445708,0.0018514760283609812,7.104019095007103,-2.9065615839906056,-2.9065615839906056,7.171681574052451,-2.478543184538621,-2.5856743756697766,0.0,22.22222222222222,-184.0,-0.2072513811108665,21.6435449145517,-184.90992193613056,0.0,22.222222857055737,-184.0000024086252,-8.624424897267325,-14.157353066279976,-9.242465282113912,-0.23579121306781728,-0.25684567704584255,-0.16624222337644895
0.67,-0.0030537079426066482,-0.006841878646749719,-0.004943977307754081,-0.20277810760192083,0.06793223193387977,0.07106465340486748,0.0018083654370608722,0.0018490539209391789,0.0018501434447352999,7.104019095007103,-2.9065615839906056,-2.9065615839906056,7.290501059807401,-2.51840791411184,-2.627329208977585,0.0,22.22222222222222,-184.0,-0.2107333605410581,22.00133925302852,-184.90652158098,0.0,22.222222857055737,-184.0000024086252,-13.187323419635534,-12.666668243495002,-7.6382199622780025,-0.309688838469358,-0.23354955313967857,-0.14080657192016277
0.68,0.003229756093842573,-0.008849039447163545,-0.006919800679086291,-0.18011819455809977,0.06019448141887487,0.06332218475873988,0.0018096326444404123,0.0018464764375203523,0.0018475000872981246,7.573585229126211,-3.0582088904082383,-3.0582088904082383,7.399318696312997,-2.5547890174905206,-2.665505152857323,0.0,23.61111111111111,-184.0,-0.2142232106543181,22.32893956284989,-184.90293905830055,0.0,23.61111178389777,-184.0000024002087,2.331120019606536,-17.655711636181874,-12.644452528498915,0.21488485476598795,-0.4031777858024679,-0.3122194718450253
0.69,0.0012370426305496063,-0.008189820922252039,-0.006229483623662817,-0.20823394886145483,0.06847835184824255,0.07157791248280823,0.0018080860616460882,0.001849242063056777,0.001850324385316045,7.573585229126211,-3.0582088904082383,-3.0582088904082383,7.5147145129076245,-2.5929106138988085,-2.705407172184079,0.0,23.61111111111111,-184.0,-0.21768754563314524,22.675345476553456,-184.8997313869609,0.0,23.61111178389777,-184.0000024002087,-3.303925095762172,-15.816435065026758,-10.69646496600184,-0.14589881214985315,-0.28750231260334996,-0.19279792708253402
0.7,-0.0008892329820417155,-0.007494500443527188,-0.005503222618651556,-0.21368226846634678,0.06959815741858952,0.07268982316066838,0.001807817719879999,0.0018496302253870494,0.0018507187349862094,7.573585229126211,-3.0582088904082383,-3.0582088904082383,7.636757053039357,-2.632783559757665,-2.747052501515401,0.0,23.61111111111111,-184.0,-0.22113874301295122,23.040754343186588,-184.89681645958314,0.0,23.61111178389777,-184.0000024002087,-8.492695202592678,-14.157544306622396,-8.923166298244434,-0.2350821494536833,-0.25990544142175387,-0.1630439101663441
0.71,-0.0029819530426530294,-0.0068154466380426215,-0.004793271531113072,-0.20354144742556982,0.06586405820264551,0.06895068054539912,0.0018083257345759501,0.0018483495420763601,0.0018494053966234092,7.573585229126211,-3.0582088904082383,-3.0582088904082383,7.7559999455520465,-2.671451765659329,-2.787490635027138,0.0,23.61111111111111,-184.0,-0.22458549632282854,23.397282649833326,-184.8939269297714,0.0,23.61111178389777,-184.0000024002087,-13.07383123344064,-12.713129628693501,-7.362637702564831,-0.30930774947098044,-0.237378677496209,-0.1383313037579097
0.72,0.003339503131814636,-0.008781484926171333,-0.0067285794795855225,-0.1809003974030059,0.05828577357925179,0.06134131376233307,0.0018095858916308924,0.0018458632120586385,0.001846849046787647,8.04577434244763,-3.206359771659947,-3.206359771659947,7.865268020836666,-2.706697885051966,-2.8244953358767,0.0,25.0,-184.0,-0.2280089648945964,23.723782621095616,-184.8909767794766,0.0,25.0000007104751,-184.0000023913248,2.5305794453628345,-17.60027091894476,-12.282693899313731,0.21809062768686518,-0.4033604567500752,-0.30658809903075557
0.73,0.0013371116197750388,-0.008142567001446818,-0.006059392810218327,-0.20931442500237418,0.06640255315341027,0.06941162264834816,0.0018080321397442338,0.0018485315509529838,0.0018495653430367655,8.04577434244763,-3.206359771659947,-3.206359771659947,7.981233194047328,-2.7436497710868193,-2.8631791021116726,0.0,25.0,-184.0,-0.2313833800675787,24.06930771836089,-184.8884539331139,0.0,25.0000007104751,-184.0000023913248,-3.13491983542283,-15.813531839362065,-10.384718763534387,-0.1446724373409074,-0.2905058873572818,-0.18970704553263704
0.74,-0.0008009242614170076,-0.007467985767101289,-0.005354837986407242,-0.21491952475370973,0.06754757009894673,0.07053859444902538,0.0018077580042570182,0.0018489218568341441,0.0018499587032047699,8.04577434244763,-3.206359771659947,-3.206359771659947,8.103957886177739,-2.7823367147474927,-2.9035824888448127,0.0,25.0,-184.0,-0.23473051493464067,24.434082877008066,-184.886221375863,0.0,25.0000007104751,-184.0000023913248,-8.354792129340243,-14.200909091010542,-8.655279440095645,-0.23442210934614846,-0.2636788937358007,-0.16067236921747627
0.75,-0.002906368600036041,-0.0068086753705716915,-0.004665660356732812,-0.2048272618853655,0.06396946240782062,0.06695204888398076,0.0018082592729174376,0.0018477148900687985,0.0018487181375013372,8.04577434244763,-3.206359771659947,-3.206359771659947,8.223932024874925,-2.81988329856009,-2.9428398221776004,0.0,25.0,-184.0,-0.23806687428520926,24.790223030338275,-184.88397282368834,0.0,25.0000007104751,-184.0000023913248,-12.966061302549207,-12.79581514535024,-7.131945557128972,-0.30916476660743736,-0.241766217930523,-0.1365262887552323
0.76,0.003447137051524496,-0.008731296401751784,-0.006558585407460141,-0.1821398173644427,0.05664721966722666,0.05960046316494018,0.0018095122724786767,0.0018453435917397461,0.0018462846703733804,8.52052595098531,-3.351014210467858,-3.351014210467858,8.333926589770861,-2.8541312256920524,-2.97878719725145,0.0,26.38888888888889,-184.0,-0.24137978341382257,25.116560207095766,-184.8815923823827,0.0,26.388889636778583,-184.00000238197964,2.7126088009456883,-17.57211371659639,-11.957899273528225,0.22085578748888723,-0.40391106081812067,-0.30146054705990977
0.77,0.001430997942553941,-0.008109612115491466,-0.0059076155912657635,-0.21075886938290397,0.06465836469239802,0.06757332368720995,0.0018079606030138894,0.001847944634059381,0.0018489306869829206,8.52052595098531,-3.351014210467858,-3.351014210467858,8.450688891282926,-2.8900924589889194,-3.0164244814219443,0.0,26.38888888888889,-184.0,-0.24465007908205771,25.462128116808437,-184.87953462801423,0.0,26.388889636778583,-184.00000238197964,-2.990460447985178,-15.829248356288915,-10.100445955031997,-0.14395214762871292,-0.2937247621122622,-0.1869300555218655
0.78,-0.0007218740820567893,-0.007452268239149622,-0.005221169725196255,-0.2164173085243195,0.0658577562698071,0.06876784583005381,0.001807686308455352,0.0018483474163276128,0.001849342103884094,8.52052595098531,-3.351014210467858,-3.351014210467858,8.574266010200068,-2.9277955394530886,-3.0557948407934283,0.0,26.38888888888889,-184.0,-0.24790602128979372,25.827117501171394,-184.8776471184644,0.0,26.388889636778583,-184.00000238197964,-8.245863997901123,-14.25461884967984,-8.405361096792225,-0.23431100863239104,-0.26752036838221244,-0.15843971870078957
0.79,-0.0028420662142584763,-0.006809069441731076,-0.004548828511887162,-0.2062681249791394,0.062436038395500375,0.06535322599587033,0.001808185411759919,0.0018472076697119725,0.001848177549833703,8.52052595098531,-3.351014210467858,-3.351014210467858,8.695081303727816,-2.964428460644901,-3.094097878368223,0.0,26.38888888888889,-184.0,-0.2511675332905484,26.18359518086945,-184.8756251213246,0.0,26.388889636778583,-184.00000238197964,-12.889113430214369,-12.881374047042534,-6.910236668746505,-0.30956963178303154,-0.24609654754032245,-0.13470378310436193
0.8,0.003541431038695725,-0.008684777819406075,-0.006395408514985969,-0.18343427293030132,0.0553461640866396,0.05824957267059188,0.0018094359842760058,0.0018449354235460476,0.0018458516643610216,8.997779051935222,-3.4921724281528865,-3.4921724281528865,8.805853504387272,-2.9978771968694127,-3.129214431756378,0.0,27.77777777777778,-184.0,-0.2544227110845241,26.510342578902073,-184.87336248050005,0.0,27.777778562799575,-184.00000237217915,2.862055104791125,-17.539511464014026,-11.634262009600345,0.22304417535943247,-0.4042764355638663,-0.29618965680296333
0.81,0.0015115391062255068,-0.008077180341958853,-0.005758934397683622,-0.2121620091415133,0.06320793247993797,0.06608949106017778,0.0018078917083188847,0.001847462278224582,0.0018484256494131661,8.997779051935222,-3.4921724281528865,-3.4921724281528865,8.9234078378018,-3.033025489344364,-3.1660162953467736,0.0,27.77777777777778,-184.0,-0.2576530173731665,26.856357716389628,-184.8713172545524,0.0,27.777778562799575,-184.00000237217915,-2.8759683925398765,-15.835601186006949,-9.810561689092324,-0.14370569972261735,-0.2967018434431101,-0.18390484992334694
0.82,-0.0006553084069456927,-0.007434437410883149,-0.005087332642591778,-0.21779524469385356,0.06440551618085368,0.06729851939810767,0.0018076209188464614,0.0018478601754061419,0.0018488365512055105,8.997779051935222,-3.4921724281528865,-3.4921724281528865,9.047783680524102,-3.0698924900740425,-3.2045375690815785,0.0,27.77777777777778,-184.0,-0.260887358854754,27.22179538226678,-184.86935205703358,0.0,27.777778562799575,-184.00000237217915,-8.162701933427035,-14.295613880226561,-8.144739829891735,-0.23457928168992356,-0.2710810376260894,-0.15588965854379294
0.83,-0.002788710631779462,-0.006805316769107832,-0.004429160984038651,-0.20753058294040044,0.06107736881115984,0.06399142325317207,0.001808121353948214,0.001846763011749437,0.001847722195876044,8.997779051935222,-3.4921724281528865,-3.4921724281528865,9.169348789257537,-3.105724636222541,-3.2420353750782094,0.0,27.77777777777778,-184.0,-0.2641437061515464,27.578685210390027,-184.867187272416,0.0,27.777778562799575,-184.00000237217915,-12.832673677507925,-12.952368825382347,-6.674394453626976,-0.3102477675474767,-0.2501341287457475,-0.13252598115577863
0.84,0.003625713343840209,-0.008632727040610452,-0.006227415445360408,-0.18451274216286387,0.054155614522313954,0.057065895618687405,0.001809372889351156,0.0018445653174775584,0.0018454757692926232,9.477472172178379,-3.6298348801693767,-3.6298348801693767,9.280781454109928,-3.138450337869033,-3.276431015766966,0.0,29.166666666666664,-184.0,-0.2674062163824068,27.905778378015974,-184.86474297392948,0.0,29.166667488529466,-184.0000023619296,2.9943296368907477,-17.49108934920435,-11.29504021449742,0.22499396802384172,-0.4043375701962033,-0.2905654307743087
0.85,0.0015843890730401489,-0.008038454853662273,-0.0056041549571747215,-0.21332366675364942,0.061806365091832655,0.06470240759864422,0.0018078351112029976,0.0018470010410617382,0.001847959361751927,9.477472172178379,-3.6298348801693767,-3.6298348801693767,9.39899356401887,-3.1728258229015918,-3.312466898686823,0.0,29.166666666666664,-184.0,-0.2706530771754086,28.252062748183686,-184.862489691442,0.0,29.166667488529466,-184.0000023619296,-2.7724949677239934,-15.826962043165452,-9.504707640772894,-0.1435541392900397,-0.2994172976745523,-0.18053617472916486
0.86,-0.000593977533929757,-0.007410132091864245,-0.004946796081546523,-0.21892698263215155,0.06294741545486002,0.06586037666386885,0.0018075676169346856,0.0018473761851559717,0.00184834830021894,9.477472172178379,-3.6298348801693767,-3.6298348801693767,9.524027226976207,-3.2088640144587495,-3.3501698182285327,0.0,29.166666666666664,-184.0,-0.27391113868933187,28.617687062869805,-184.86030753821498,0.0,29.166667488529466,-184.0000023619296,-8.084672758449967,-14.323406107377133,-7.869047817201513,-0.23484222216166376,-0.27442669336516323,-0.15303117422390256
0.87,-0.002738184706152086,-0.006795406016637945,-0.004302804708011032,-0.20855954341556412,0.05966751220597942,0.06260362669692374,0.0018080697754267845,0.0018463062739621798,0.00184726282567751,9.477472172178379,-3.6298348801693767,-3.6298348801693767,9.646205163347366,-3.2438747189507997,-3.386858558475491,0.0,29.166666666666664,-184.0,-0.277194897886907,28.97467531364466,-184.85793877670483,0.0,29.166667488529466,-184.0000023619296,-12.776099372379644,-13.012619624176724,-6.425381235567558,-0.31083601997035953,-0.25401166310466033,-0.13008900357609895
0.88,0.0037082841807190847,-0.008575240872584544,-0.006053270345423828,-0.18538433574484894,0.052879412838770797,0.05580981541396745,0.0018093222035203095,0.0018441721509523154,0.0018450804344156432,9.959543417142768,-3.7640022514240288,-3.7640022514240288,9.758173836442811,-3.275834755070774,-3.4205006283082553,0.0,30.555555555555554,-184.0,-0.28048411223508196,29.301778565040337,-184.855321696531,0.0,30.55555641396026,-184.00000235123719,3.1286412521364513,-17.43421467903312,-10.94585759552899,0.2270243510080684,-0.4042799854498476,-0.28475813847977416
0.89,0.0016574511358851407,-0.007995285947844329,-0.005444145825732945,-0.21430683462136035,0.06029622211645147,0.06320874031753641,0.0018077875197152927,0.0018465093665529814,0.0018474625454475856,9.959543417142768,-3.7640022514240288,-3.7640022514240288,9.876935230473034,-3.3093793481132083,-3.4557157974085317,0.0,30.555555555555554,-184.0,-0.28375414523981163,29.64800055825139,-184.85292733384853,0.0,30.55555641396026,-184.00000235123719,-2.6632818793048694,-15.813001979272864,-9.191846710162782,-0.14323552513165286,-0.3020810987598067,-0.17703627369760339
0.9,-0.0005308472506305728,-0.007382543031611136,-0.0048022251161475155,-0.21991703753631825,0.061368903242370584,0.06429396794390987,0.001807521284690897,0.0018468580494503694,0.0018478229650870873,9.959543417142768,-3.7640022514240288,-3.7640022514240288,10.002537908788502,-3.3445216687106094,-3.4925307062083406,0.0,30.555555555555554,-184.0,-0.2870310823664287,30.013506207024218,-184.85063971207174,0.0,30.55555641396026,-184.00000235123719,-7.998260058981606,-14.348935549434197,-7.5894517677349524,-0.23490500469332748,-0.2777755783287512,-0.1501001462993169
0.91,-0.0026846654458815566,-0.00678343305900065,-0.004173759579656655,-0.20948769175452953,0.058135485998036515,0.061077847449434335,0.0018080235255577021,0.001845815292014649,0.0018467631676144585,9.959543417142768,-3.7640022514240288,-3.7640022514240288,10.125262619841827,-3.3786408953073526,-3.5283327947542746,0.0,30.555555555555554,-184.0,-0.2903278459750649,30.370331065182523,-184.84820863927487,0.0,30.55555641396026,-184.00000235123719,-12.709558077838166,-13.073407002980266,-6.175492891240918,-0.3112100531948357,-0.2579399185879521,-0.1276333005209769
0.92,0.0037935405986970205,-0.00851689896878343,-0.0058778347310688706,-0.18619663399451256,0.05148785062033117,0.05441676367834753,0.0018092752105955262,0.0018437476073877997,0.0018446462248292086,10.443930519929495,-3.894675451382898,-3.894675451382898,10.237724955669723,-3.409767485610701,-3.5611422015230008,0.0,31.944444444444443,-184.0,-0.2936220837271753,30.69723748054464,-184.84557637015007,0.0,31.94444533908398,-184.00000234010827,3.2711092912064603,-17.37974777095362,-10.59924283824526,0.22919392867377641,-0.4042953676214742,-0.2789987374792506
0.93,0.0017336211549773828,-0.007952344183300604,-0.0052841661249437705,-0.2152619573109073,0.05868440336156135,0.061588309980591005,0.0018077415555520255,0.0018459905737939794,0.0018469297086457187,10.443930519929495,-3.894675451382898,-3.894675451382898,10.357013250474578,-3.442419956899159,-3.5954616573971365,0.0,31.944444444444443,-184.0,-0.2968888481216164,31.043250488747006,-184.8432012051604,0.0,31.94444533908398,-184.00000234010827,-2.5458451778057363,-15.8034248026627,-8.883756899172312,-0.14275428089586492,-0.304853949318541,-0.17360906940303625
0.94,-0.0004644912404644097,-0.00735610033002336,-0.004658862507756961,-0.22090806257656317,0.059706994743960004,0.06261778504366623,0.0018074751824688426,0.0018463190004433011,0.0018472674885308823,10.443930519929495,-3.894675451382898,-3.894675451382898,10.483179836943664,-3.476614806864454,-3.631322013603377,0.0,31.944444444444443,-184.0,-0.30015593585877004,31.408551864460172,-184.84095992262763,0.0,31.94444533908398,-184.00000234010827,-7.904234455604129,-14.380305249656727,-7.316339084491361,-0.23482432543367518,-0.28125246950077404,-0.14726549217520044
0.95,-0.0026280694985561792,-0.006773326571998105,-0.00404690442913877,-0.2104413868933898,0.05654102642256385,0.059463945332590695,0.0018079762728564798,0.0018453101306091582,0.001846240716414208,10.443930519929495,-3.894675451382898,-3.894675451382898,10.606461240996685,-3.5098025068135255,-3.6661824682122526,0.0,31.944444444444443,-184.0,-0.30343697075345366,31.765185210701407,-184.83860098510087,0.0,31.94444533908398,-184.00000234010827,-12.636527983353746,-13.140967091502743,-5.93326844848627,-0.3114670541427308,-0.26200551953722034,-0.12528733023442246
0.96,0.003880415921895003,-0.008460947452569416,-0.005705358192828969,-0.18705359205922714,0.050055701734873996,0.052959787348744194,0.001809225888436681,0.0018433151671194267,0.001844196804179091,10.930570890608767,-4.021855608971154,-4.021855608971154,10.719439153611178,-3.5400680136475144,-3.6981176701119525,0.0,33.33333333333333,-184.0,-0.30670945932837884,32.091917184573404,-184.83606419418447,0.0,33.33333426389309,-184.00000232854944,3.4162598179926063,-17.33189183205154,-10.26157425705684,0.23137965133765256,-0.40443092068703046,-0.27337182462805787
0.97,0.0018109333811853756,-0.007912081675676863,-0.005127648368841303,-0.21626705643350885,0.05705302707882799,0.05992866374988755,0.001807693471520387,0.0018454717005981771,0.0018463905200194934,10.930570890608767,-4.021855608971154,-4.021855608971154,10.839281978342616,-3.571813007349529,-3.731514012146628,0.0,33.33333333333333,-184.0,-0.3099497470404128,32.43778455193829,-184.83379152146455,0.0,33.33333426389309,-184.00000232854944,-2.4270536424940246,-15.800478594479536,-8.584585258871416,-0.14224980094823744,-0.30774883977250683,-0.17029795061746764
0.98,-0.00039750531155088864,-0.007332426356865471,-0.004519223533222302,-0.2219507338052014,0.05804442960702567,0.06092581264715677,0.0018074269731372594,0.0018457862838749245,0.0018467136861780064,10.930570890608767,-4.021855608971154,-4.021855608971154,10.966041897571175,-3.605056328151143,-3.7664061526958137,0.0,33.33333333333333,-184.0,-0.31318846700658337,32.802975135181725,-184.8316512320767,0.0,33.33333426389309,-184.00000232854944,-7.810169290750311,-14.417994789656051,-7.0517169706222935,-0.23474306136279538,-0.28484055143468473,-0.14453279154804805
0.99,-0.002571351480860129,-0.006765905044072679,-0.003923813420303748,-0.21144464804869448,0.054961840312990735,0.05785513520132618,0.0018079268579423078,0.0018448155958921725,0.001845726041724226,10.930570890608767,-4.021855608971154,-4.021855608971154,11.089908953587488,-3.637318194794115,-3.8003238309915295,0.0,33.33333333333333,-184.0,-0.3164405835154138,33.159529500523114,-184.82939115591998,0.0,33.33333426389309,-184.00000232854944,-12.5646568579048,-13.214274147421262,-5.698780757166601,-0.31174301359828566,-0.266167953684699,-0.12302447491363783
1.0,0.003965846508849291,-0.008407480276407184,-0.005536519481201915,-0.1879549834792505,0.04865123993448748,0.05152529454399435,0.0018091742891473033,0.0018428954569092448,0.0018437589744752698,11.419401665591604,-4.145544067270049,-4.145544067270049,11.203428958818572,-3.666736144392809,-3.83139438117228,0.0,34.72222222222222,-184.0,-0.31968364760610296,33.48620798212012,-184.82695111829648,0.0,34.72222318838043,-184.0000023165671,3.556899972433753,-17.288369896041143,-9.931226099969372,0.23346043001533903,-0.4046272296878513,-0.26782360525921384
1.01,0.0018864432463965852,-0.007873977307640612,-0.004974468264056592,-0.21730129324484254,0.055457723815800386,0.05830454892063895,0.001807644296785593,0.0018449702697960566,0.0018458692023976448,11.419401665591604,-4.145544067270049,-4.145544067270049,11.323845963375918,-3.6975928088996706,-3.863885531048704,0.0,34.72222222222222,-184.0,-0.3228950756916399,33.832049260491516,-184.8247608706221,0.0,34.72222318838043,-184.0000023165671,-2.313233483909141,-15.801050212339565,-8.291437186604456,-0.1418222266075462,-0.310696974561582,-0.1670321458190722
1.02,-0.0003325331439989754,-0.007310521497534361,-0.004382515550906713,-0.2230081149334487,0.05642253754877987,0.05927805863130063,0.0018073783909358238,0.0018452728259089567,0.0018461809382332112,11.419401665591604,-4.145544067270049,-4.145544067270049,11.4512105056411,-3.7299071329599998,-3.897833228822568,0.0,34.72222222222222,-184.0,-0.32610780424026986,34.197239077516926,-184.82268489854013,0.0,34.72222318838043,-184.0000023165671,-7.721215138703322,-14.458405825835785,-6.7918125130000595,-0.23473669843396258,-0.2884672332621562,-0.14182100757062713
1.03,-0.002516720196910016,-0.006759836747544629,-0.0038031831804116317,-0.21244938027684757,0.053424514142945134,0.05629503533783838,0.0018078776702888685,0.0018443396341684952,0.0018452327196586346,11.419401665591604,-4.145544067270049,-4.145544067270049,11.575666645401759,-3.76126704453813,-3.9308353069504602,0.0,34.72222222222222,-184.0,-0.32933735263401803,34.55380895781178,-184.82047538489206,0.0,34.72222318838043,-184.0000023165671,-12.497741350336348,-13.289564005256823,-5.467758746469033,-0.31208727750222237,-0.27035631404474264,-0.12076029864696307
1.04,0.004048138684722424,-0.008354982135181127,-0.00536967488925226,-0.18884651553014134,0.047286911848492055,0.05014017922343273,0.0018091235351424867,0.001842491838047885,0.0018433405498993758,11.91035975698433,-4.265742378015444,-4.265742378015444,11.689725191209877,-3.7898608862324576,-3.961069510242596,0.0,36.11111111111111,-184.0,-0.33256035434020276,34.8805089792223,-184.81807719645795,0.0,36.11111211253885,-184.00000230416813,3.6905959861105218,-17.245512820332223,-9.603771949570286,0.23541104295977117,-0.40481904987228395,-0.2622719733007595
1.05,0.001959013052996589,-0.007836462443323741,-0.004822801798263984,-0.21830867000281198,0.05389828344792182,0.05672695532791263,0.001807596692840712,0.0018444857441936961,0.0018453687333082518,11.91035975698433,-4.265742378015444,-4.265742378015444,11.81070409826313,-3.8198507111141686,-3.992682817534099,0.0,36.11111111111111,-184.0,-0.33575422740324173,35.226377344787345,-184.81591272999603,0.0,36.11111211253885,-184.00000230416813,-2.2054545780346118,-15.801827241687027,-8.000073770910875,-0.14147271513675347,-0.31364315287957084,-0.1637376536456259
1.06,-0.00027016241221947124,-0.007288879206796606,-0.004246884048306573,-0.22402657304862378,0.054830548505576324,0.057671399160921615,0.001807331887582921,0.0018447747378927146,0.0018456676484788065,11.91035975698433,-4.265742378015444,-4.265742378015444,11.938653196287792,-3.8512544216230804,-4.025710796758165,0.0,36.11111111111111,-184.0,-0.3389532038222461,35.591597346268635,-184.8138468113871,0.0,36.11111211253885,-184.00000230416813,-7.637209990220421,-14.49874311096648,-6.532816305967344,-0.23478643023912577,-0.2920891738722584,-0.13906760240891183
1.07,-0.002464255713401864,-0.006753769556859884,-0.0036832569557446876,-0.21340760139223633,0.05191016656181217,0.05476882498851447,0.0018078310371961804,0.0018438759930212614,0.0018447555431134082,11.91035975698433,-4.265742378015444,-4.265742378015444,12.06367310766862,-3.881726958689276,-4.057818194788283,0.0,36.11111111111111,-184.0,-0.3421724284884143,35.94819294446409,-184.81163921993078,0.0,36.11111211253885,-184.00000230416813,-12.434584328169832,-13.364658724972195,-5.2369993684236,-0.3124653826806042,-0.274540057107058,-0.11844596321485071
1.08,0.004127646453311734,-0.008302325792145071,-0.005203270761143658,-0.1896882610919384,0.04593830756742789,0.04878072173017459,0.001809075870267859,0.0018420983391220173,0.0018429339715386843,12.403381901833914,-4.3824522959027945,-4.3824522959027945,12.17824206789923,-3.909507158251892,-4.087232430211055,0.0,37.5,-184.0,-0.3453867963129729,36.27490668177834,-184.8092422340958,0.0,37.500001036361795,-184.00000229135898,3.8193026866418807,-17.201804332263514,-9.27675677674409,0.23727569667208684,-0.40498866326410043,-0.25668371258683503
1.09,0.0020293449866436164,-0.0077986717910993875,-0.004671366981363903,-0.21925871702510777,0.05234741806907653,0.055166335029168075,0.0018075520617941282,0.0018440093374757402,0.0018448793129500244,12.403381901833914,-4.3824522959027945,-4.3824522959027945,12.29975119906689,-3.938636473842794,-4.117979361772804,0.0,37.5,-184.0,-0.3485730453105274,36.62077932973024,-184.80707242997693,0.0,37.500001036361795,-184.00000229135898,-2.101207903565439,-15.80197281216968,-7.708815483020043,-0.14115010927678343,-0.3165818604003749,-0.1603956457302918
1.1,-0.00020944166686892585,-0.007266911962915748,-0.004111361063064978,-0.22498575178157165,0.05324060888502601,0.05607332948816299,0.001807288349840497,0.0018442830543092287,0.0018451630705422445,12.403381901833914,-4.3824522959027945,-4.3824522959027945,12.428251084371485,-3.969132018785417,-4.150094200579093,0.0,37.5,-184.0,-0.3517662595850349,36.985995553240286,-184.80499560396532,0.0,37.500001036361795,-184.00000229135898,-7.555348716782572,-14.53877747332684,-6.273805904662213,-0.23483921418247167,-0.2957112084729497,-0.13626732763399238
1.11,-0.0024128582594315773,-0.006747388237521107,-0.0035633957390436705,-0.21430892375005503,0.0503923453980384,0.0532436545700914,0.0018077874188889421,0.0018434164109697936,0.0018442839907176053,12.403381901833914,-4.3824522959027945,-4.3824522959027945,12.55380152516388,-3.9987162512877075,-4.18130898493021,0.0,37.5,-184.0,-0.3549809637610128,37.342576002299964,-184.80277893595033,0.0,37.500001036361795,-184.00000229135898,-12.37232202975691,-13.439852116914889,-5.006275303022316,-0.3128263437288667,-0.278732356399205,-0.11608797590826254
1.12,0.004205519968136978,-0.008249448842310964,-0.005036991326276705,-0.19047899526940817,0.04458192346321626,0.04741595510727816,0.0018090313181421394,0.0018417064901329017,0.0018425298421157969,12.898404711173644,-4.495675772702802,-4.495675772702802,12.668850279355226,-4.0256791633309765,-4.209901428808225,0.0,38.888888888888886,-184.0,-0.3581902329369782,37.6692597624722,-184.8003812664291,0.0,38.88888995984296,-184.0000022781467,3.945727497617083,-17.157987855601537,-8.950585853129382,0.23909982822334633,-0.40515629517002305,-0.25107580132836615
1.13,0.002098557082041125,-0.007760755846630191,-0.004520138282627109,-0.22015805468008523,0.05078576925124121,0.05359546908032806,0.0018075100473488055,0.00184353504708713,0.0018443922981001624,12.898404711173644,-4.495675772702802,-4.495675772702802,12.790860237537665,-4.053942343035089,-4.239777044564998,0.0,38.888888888888886,-184.0,-0.3613701958444548,38.01509333902603,-184.79821207645864,0.0,38.88888995984296,-184.0000022781467,-1.9980859793429655,-15.802517831650368,-7.418543204497633,-0.14081626195216054,-0.31953647296901666,-0.1570295010183722
1.14,-0.00014935471363236585,-0.007244937980001795,-0.003976166787017593,-0.22589848828460168,0.05163812396428709,0.05446158551845603,0.0018072471518135885,0.0018437932456304167,0.0018446601267715715,12.898404711173644,-4.495675772702802,-4.495675772702802,12.919883322796935,-4.0835228359852085,-4.270971531416222,0.0,38.888888888888886,-184.0,-0.3645570273211855,38.380265650395145,-184.7961365264248,0.0,38.88888995984296,-184.0000022781467,-7.47364453433004,-14.579722357619987,-6.015999889458849,-0.23486586424952913,-0.2993583279265037,-0.1334477206165585
1.15,-0.002361665767732668,-0.006741129637309828,-0.0034440116443932023,-0.21517058944599365,0.04886142359746687,0.051702912684104436,0.0018077459410719028,0.0018429579948914666,0.0018438129375347636,12.898404711173644,-4.495675772702802,-4.495675772702802,13.04594012339949,-4.1122113212520635,-4.301285098493628,0.0,38.888888888888886,-184.0,-0.3677649724099152,38.73679646707107,-184.79392737103842,0.0,38.88888995984296,-184.0000022781467,-12.309460832178745,-13.516430404149265,-4.777007432317049,-0.3131505987887083,-0.28295791916011775,-0.1137155541054371
1.16,-0.0043911564491652955,-0.006281551068979291,-0.002956075860824109,-0.1912385236374952,0.0432129410284331,0.046035140139739986,0.0018089887275923675,0.0018413149047273982,0.001842126461622901,12.898404711173644,-4.495675772702802,-4.495675772702802,13.160785898428784,-4.1382057399294006,-4.328902812882844,0.0,38.888888888888886,-184.0,-0.37096550900408987,39.06156707018261,-184.79153638024394,0.0,38.88888995984296,-184.0000022781467,-16.264109550965514,-12.657900234539012,-3.7562792457484733,-0.37261656633062107,-0.2708631899975377,-0.09853362118316605
1.17,0.0022303912686039706,-0.007736923061759951,-0.004383487643313533,-0.2157656647060253,0.04808002590875086,0.05086238875830715,0.0018077174217081904,0.0018427259817293921,0.0018435581912313347,13.395364718780574,-4.605414951192703,-4.605414951192703,13.280022955186285,-4.164893160893967,-4.357190191954837,0.0,40.27777777777778,-184.0,-0.3741235983754185,39.39822657422086,-184.78934677677185,0.0,40.27777888297614,-184.00000226453784,-1.5701786219343923,-15.876983569853932,-7.2092370120180895,-0.13340366267097856,-0.3240845453639255,-0.15533436034594403
1.18,1.868928192483299e-05,-0.00724680572642919,-0.0038655754613315663,-0.22291548296390823,0.04920081604151181,0.05198164743334767,0.001807382634673761,0.001843059180331319,0.001843897762725716,13.395364718780574,-4.605414951192703,-4.605414951192703,13.407052352368309,-4.193017318795975,-4.386906920274797,0.0,40.27777777777778,-184.0,-0.37727163119420143,39.756336311361146,-184.7872919197723,0.0,40.27777888297614,-184.00000226453784,-7.007050730368351,-14.705963488499828,-5.853324766635186,-0.22723171460044947,-0.304695308892581,-0.13244715232283272
1.19,-0.002171544675463155,-0.006765304811986034,-0.0033562278224174152,-0.21358809896168796,0.04681455774885704,0.0496004557160686,0.0018078222832277546,0.0018423535472555934,0.0018431786494951944,13.395364718780574,-4.605414951192703,-4.605414951192703,13.53192409851173,-4.220450608164975,-4.415935914295269,0.0,40.27777777777778,-184.0,-0.3804256185281633,40.108104924275814,-184.78513916955794,0.0,40.27777888297614,-184.00000226453784,-11.837685600521617,-13.682043403718627,-4.6489559857157,-0.30585429098696526,-0.2888388668097755,-0.11317086169033434
1.2,0.004513834617732748,-0.008178209202000158,-0.004741386026173286,-0.19095143716084567,0.04163312456248638,0.04439028937136456,0.0018090048026087814,0.0018408678306085957,0.0018416514398158523,13.894198429557996,-4.711672158907749,-4.711672158907749,13.647017234494385,-4.245583240927998,-4.442656255338983,0.0,41.666666666666664,-184.0,-0.3835605512212619,40.43224046978188,-184.78284077696102,0.0,41.66666780575572,-184.0000022505394,4.593473553399837,-17.158660242414765,-8.403660363438133,0.24964707609843856,-0.40704268986912145,-0.24161669747868827
1.21,0.002393638830129635,-0.007720251394736366,-0.004256067967676719,-0.2220966690253127,0.04770166131465941,0.05043037140460988,0.0018074202496735894,0.0018426141117548285,0.0018434278627513156,13.894198429557996,-4.711672158907749,-4.711672158907749,13.7698652053677,-4.272083088196346,-4.470722536357908,0.0,41.666666666666664,-184.0,-0.3866585984917278,40.77761922518956,-184.78078109398567,0.0,41.66666780575572,-184.0000022505394,-1.4288553007394689,-15.884172716181626,-6.93586239238176,-0.13405758653202396,-0.3268020509668705,-0.15181714299918003
1.22,0.00012010929848987884,-0.007234623101577381,-0.0037430767940706405,-0.22891511805571482,0.048701477488033725,0.05144849751902326,0.001807112580528987,0.001842910395853975,0.0018437356640718437,13.894198429557996,-4.711672158907749,-4.711672158907749,13.900415740797492,-4.299943389617192,-4.500151825502119,0.0,41.666666666666664,-184.0,-0.3897659670570516,41.14414338587413,-184.77881040304803,0.0,41.66666780575572,-184.0000022505394,-7.000043229356633,-14.730453416927276,-5.585972591928524,-0.23003526064942834,-0.30774288043532544,-0.12905136815097307
1.23,-0.00212655983503221,-0.006758554190340396,-0.003239373613998578,-0.21889340404352087,0.04624265068310381,0.049017703276988754,0.0018075691931775354,0.0018421867945147825,0.0018430045565122788,13.894198429557996,-4.711672158907749,-4.711672158907749,14.028479443482034,-4.327061563645158,-4.528854850556812,0.0,41.666666666666664,-184.0,-0.39290383172224413,41.50345660075177,-184.77669722101317,0.0,41.66666780575572,-184.0000022505394,-11.940149651723722,-13.724169292383717,-4.388489615909487,-0.3102797607880035,-0.2922072990521151,-0.10989590977352474
1.24,0.004542435646346904,-0.008116630473532435,-0.004569690286991765,-0.19530315627603653,0.04103499360238463,0.04380298094787241,0.0018087641465528098,0.0018406998997032922,0.0018414832023544276,14.394842367458807,-4.814449901717382,-4.814449901717382,14.146268248029518,-4.351850351764446,-4.555233339857748,0.0,43.05555555555556,-184.0,-0.396047222556685,41.8338751137165,-184.77440429116714,0.0,43.05555672817623,-184.00000223615822,4.485257539166635,-17.067211367675505,-8.033386998196228,0.2464239812166972,-0.4061668770611429,-0.23492301036793609
1.25,0.0023832955618353913,-0.007667208588236857,-0.004092690919027933,-0.22557883333564435,0.04668585876736234,0.04944496770549046,0.0018072615544057348,0.001842315961462904,0.0018431321261408685,14.394842367458807,-4.814449901717382,-4.814449901717382,14.271295776151716,-4.37783995598755,-4.582802936310399,0.0,43.05555555555556,-184.0,-0.39917610001671716,42.18404129552571,-184.77231786285867,0.0,43.05555672817623,-184.00000223615822,-1.5996652628422416,-15.830699978618334,-6.590989893354785,-0.13906581500959436,-0.3287039934906448,-0.14722652751976578
1.26,8.035809362760826e-05,-0.007193260137402124,-0.0035909836716109533,-0.23140390801925262,0.04742790457708593,0.05022122813922183,0.0018070033676486751,0.0018425333631203835,0.0018433649172269946,14.394842367458807,-4.814449901717382,-4.814449901717382,14.403474023374558,-4.405017003934914,-4.611572535908158,0.0,43.05555555555556,-184.0,-0.40233364529698623,42.55375701076799,-184.7702958120203,0.0,43.05555672817623,-184.00000223615822,-7.206581111373711,-14.716211547011444,-5.268621588070751,-0.23533671597821756,-0.310384123084877,-0.12498601626735086
1.27,-0.0021856116550232896,-0.006730763943110077,-0.0031003328298076643,-0.22036929022471466,0.04483490092457782,0.047665527963524544,0.001807500211944425,0.0018417792801176686,0.0018426034444482488,14.394842367458807,-4.814449901717382,-4.814449901717382,14.532585667727515,-4.431350515062417,-4.639521200165201,0.0,43.05555555555556,-184.0,-0.40553452288811037,42.91468461875755,-184.7681241276511,0.0,43.05555672817623,-184.00000223615822,-12.157782721670396,-13.748744267880065,-4.099713252491836,-0.31545521516552266,-0.2955432260759394,-0.10633848711819031
1.28,0.004504457579273868,-0.00804243551320366,-0.004383676883833218,-0.1958201895049942,0.03960712479733495,0.042431564749879316,0.001808735978159189,0.0018403019483671206,0.001841093140486503,14.89723312286779,-4.9137508572308715,-4.9137508572308715,14.650861765524926,-4.455316236370304,-4.66510916200957,0.0,44.44444444444444,-184.0,-0.4087448910670008,43.245263911514876,-184.76578321274758,0.0,44.444445650232446,-184.00000222140136,4.348521033142946,-16.97701073850458,-7.656375983707147,0.24384351125946774,-0.4055672439882972,-0.2283279650106175
1.29,0.002343575711324042,-0.0076095312283876865,-0.003922656996918919,-0.22547155852607584,0.04490512764185342,0.04771526044898033,0.001807266394034767,0.0018417995104491312,0.001842618127226307,14.89723312286779,-4.9137508572308715,-4.9137508572308715,14.775952793163881,-4.480342269417794,-4.691745684767394,0.0,44.44444444444444,-184.0,-0.41193670992477127,43.59434869288808,-184.7636560093814,0.0,44.444445650232446,-184.00000222140136,-1.7193112089192364,-15.79473393966827,-6.25729718150525,-0.14210669440291038,-0.3311396135143542,-0.14300862670630338
1.3,4.475948727300505e-05,-0.007154348744767308,-0.003439257050391026,-0.23076013755797523,0.0454972081948562,0.04833143290488666,0.0018070314621909023,0.0018419704839763153,0.001842800485412821,14.89723312286779,-4.9137508572308715,-4.9137508572308715,14.90786485533534,-4.506436438166597,-4.719458076424484,0.0,44.44444444444444,-184.0,-0.41514779522089135,43.96200333492073,-184.76160567860532,0.0,44.444445650232446,-184.00000222140136,-7.298150211545608,-14.731956919512424,-4.9771258432705405,-0.23773981965015167,-0.3137354036963902,-0.12151476264530481
1.31,-0.0022124095016869405,-0.006711262367925172,-0.0029676856826525294,-0.2193159214653104,0.04290679387965174,0.04576330628472272,0.001807549382595146,0.0018412278662482226,0.001842047564847845,14.89723312286779,-4.9137508572308715,-4.9137508572308715,15.036449552199722,-4.5316588028345395,-4.746313634174816,0.0,44.44444444444444,-184.0,-0.41838722477585394,44.320176347709996,-184.75942990364274,0.0,44.444445650232446,-184.00000222140136,-12.214455038284244,-13.811820731922063,-3.847783596794161,-0.31714488848832517,-0.2996902826947078,-0.10352536605990201
1.32,0.0045191936291236745,-0.007980954241039812,-0.0042088945176472214,-0.19449335355237404,0.03781073515435528,0.040641694723923705,0.0018088084448875264,0.0018398071093062168,0.001840589874196094,15.40130739936408,-5.009577868037077,-5.009577868037077,15.154016789373026,-4.554559517774637,-4.770844371615934,0.0,45.83333333333333,-184.0,-0.42161593698035027,44.6475970265456,-184.75711603825488,0.0,45.83333457191957,-184.00000220627564,4.396856119723552,-16.92955303158046,-7.324195739622558,0.24489608649402736,-0.4057989146195168,-0.22258217859248758
1.33,0.002371178947461805,-0.007567398404946107,-0.0037672689736904935,-0.22421719848108934,0.04291051912840535,0.04570727340019187,0.0018073232150310537,0.0018412289241826803,0.0018420313213329527,15.40130739936408,-5.009577868037077,-5.009577868037077,15.278374237836902,-4.5784686130433965,-4.7963601989018825,0.0,45.83333333333333,-184.0,-0.42480371615832124,44.99339593970872,-184.7550339376819,0.0,45.83333457191957,-184.00000220627564,-1.6424954670315353,-15.80244355342556,-5.971540344074483,-0.14148767129779197,-0.33437965938871456,-0.1396381293941009
1.34,8.42235136669367e-05,-0.00713231012134051,-0.0033041974658523515,-0.22964016105993654,0.043497900911941306,0.04630076799799302,0.0018070805965865534,0.001841396093918885,0.0018422037082580626,15.40130739936408,-5.009577868037077,-5.009577868037077,15.409614811064582,-4.60341204110661,-4.822907409765801,0.0,45.83333333333333,-184.0,-0.4279900872376007,45.357881416689615,-184.7530427838197,0.0,45.83333457191957,-184.00000220627564,-7.197490990779626,-14.789220962572255,-4.733277071800623,-0.23675902027245255,-0.31781077182746736,-0.11884417884128833
1.35,-0.002162761705797489,-0.006708601094483235,-0.002852406940209634,-0.21838760416595074,0.041037536146545,0.04384663823925941,0.0018075929749646299,0.0018407006120036938,0.001841495683487185,15.40130739936408,-5.009577868037077,-5.009577868037077,15.537627260648158,-4.627532299216655,-4.84863683415499,0.0,45.83333333333333,-184.0,-0.4311861154399056,45.71319803971637,-184.75094153796502,0.0,45.83333457191957,-184.00000220627564,-12.095962418849924,-13.911836613793428,-3.6403140873438877,-0.3159206342815224,-0.3044458974541264,-0.10142093701437865
1.36,0.004605177914634273,-0.007935185534003672,-0.00405106124194439,-0.19379190691533477,0.03617686416171642,0.038946402691205466,0.0018088469938943566,0.00183936259840841,0.0018401191939452434,15.907002059787752,-5.101933934782608,-5.101933934782608,15.654748234218516,-4.649441411401961,-4.872143502974175,0.0,47.22222222222222,-184.0,-0.43435484569455673,46.0382185399597,-184.74871579920017,0.0,47.22222349323305,-184.0000021907881,4.591516715586322,-16.912152812417837,-7.031593152744726,0.2481978619549906,-0.4064845625823629,-0.21743786725897954
1.37,0.0024616203478447507,-0.007538911606238527,-0.0036273869321039737,-0.2239621599413494,0.04115439496678949,0.043880724697675684,0.0018073348203144512,0.0018407333645061206,0.0018415054311817284,15.907002059787752,-5.101933934782608,-5.101933934782608,15.778874713183182,-4.672356162096999,-4.896626158911899,0.0,47.22222222222222,-184.0,-0.43747040010743526,46.38216716628804,-184.74672098823478,0.0,47.22222349323305,-184.0000021907881,-1.451665417240751,-15.83283956894164,-5.718073189685007,-0.13924733819424828,-0.33793459538760884,-0.13671224362588488
1.38,0.00017506078491380528,-0.007121248529127794,-0.0031824658318583554,-0.22976807762412266,0.04178450539594125,0.04451391617709881,0.0018070749681393576,0.0018409104480315859,0.001841686945035125,15.907002059787752,-5.101933934782608,-5.101933934782608,15.910114206450226,-4.696304327687821,-4.922136411906824,0.0,47.22222222222222,-184.0,-0.44057912147962985,46.74539515655811,-184.74480981621085,0.0,47.22222349323305,-184.0000021907881,-7.018280464997948,-14.861544527714377,-4.513568611254811,-0.23482793292190204,-0.322058867056089,-0.11646252560864857
1.39,-0.002075003404160447,-0.006713925338951668,-0.0027477911799085597,-0.21883163535640437,0.039474349985377244,0.04221135840944612,0.0018075720935492342,0.0018402651527592419,0.001841030870388147,15.907002059787752,-5.101933934782608,-5.101933934782608,16.038320752609312,-4.719494886948337,-4.946894407647734,0.0,47.22222222222222,-184.0,-0.4436974334120508,47.1000397071126,-184.7427806972435,0.0,47.22222349323305,-184.0000021907881,-11.934527281531976,-14.019584811131518,-3.448598777366858,-0.31438163824768434,-0.3092453733414855,-0.09945330973189635
1.4,0.004714304829534166,-0.007894401288336864,-0.0039010366164943244,-0.1944733695076539,0.03484483835617874,0.037546467065726,0.0018088095408478721,0.0018390040781055205,0.0018397348554032376,16.414254171537817,-5.190822209093098,-5.190822209093098,16.155790070361817,-4.740587122369091,-4.969544368751018,0.0,48.61111111111111,-184.0,-0.4467920067516593,47.424925408602554,-184.7406189929683,0.0,48.61111241416859,-184.00000217494568,4.794310803976435,-16.895157179287015,-6.747233797132563,0.251206177941566,-0.40708266057469444,-0.21230769821340895
1.41,0.002561812180761236,-0.007512513503044507,-0.0034923855203651127,-0.2249979856246595,0.039675121422819704,0.04234199222705386,0.0018072877961531279,0.0018403208058595537,0.0018410677990826163,16.414254171537817,-5.190822209093098,-5.190822209093098,16.280447158871617,-4.762671910981636,-4.99316107571525,0.0,48.61111111111111,-184.0,-0.44984101931376413,47.76920358579564,-184.73867160099567,0.0,48.61111241416859,-184.00000217494568,-1.2813890722395564,-15.858190409785538,-5.465451244602452,-0.13773289559736243,-0.3413282102852362,-0.1336711452182743
1.42,0.0002636049319394429,-0.007109718751983379,-0.003062861386806573,-0.23101998962801484,0.04030756674765687,0.04298988713161058,0.0018070201090992848,0.001840496648282907,0.0018412514707347157,16.414254171537817,-5.190822209093098,-5.190822209093098,16.41236569709042,-4.785768926488283,-5.0177906121090485,0.0,48.61111111111111,-184.0,-0.45289584103599323,48.133132188529544,-184.73678899242464,0.0,48.61111241416859,-184.00000217494568,-6.882567236463738,-14.924751812224136,-4.288487643521247,-0.23395678791346988,-0.3260898387658929,-0.11386905879309749
1.43,-0.0019996069720441545,-0.006716688538474153,-0.0026428757815222526,-0.22018065517851254,0.03809709057585686,0.04080061565857971,0.0018075089944431324,0.0018398855585039825,0.0018406342945598893,16.414254171537817,-5.190822209093098,-5.190822209093098,16.541330463406602,-4.808146762105381,-5.0417139701108855,0.0,48.61111111111111,-184.0,-0.4559751368201895,48.48874019604567,-184.73477375198058,0.0,48.61111241416859,-184.00000217494568,-11.833075408306792,-14.115564441512978,-3.246673476497544,-0.3141123638828795,-0.3137987455909461,-0.09720447573210837
1.44,0.004802275075520113,-0.007849557713409727,-0.0037487785915614746,-0.19581187166698166,0.03364317063938748,0.0363238576501086,0.0018087364306165839,0.001838683594685321,0.0018394023744873723,16.923001051032262,-5.2762459863421025,-5.2762459863421025,16.65957497468959,-4.8285080641616185,-5.063618572087091,0.0,50.0,-184.0,-0.45904512076110415,48.81474080190896,-184.73261676622454,0.0,50.00000133472221,-184.0000021587553,4.925297195707389,-16.864332848960345,-6.449971154443991,0.25279579052463796,-0.40740683036864245,-0.20687450264415466
1.45,0.0026357250656204867,-0.00748106170830129,-0.003353660680593687,-0.22642849422069544,0.03827024164382486,0.04092873462702535,0.0018072233321570824,0.0018399330735817232,0.00184067014273029,16.923001051032262,-5.2762459863421025,-5.2762459863421025,16.785041181308504,-4.849816667726042,-5.0864517192644785,0.0,50.0,-184.0,-0.46208336970795466,49.16018608300468,-184.73066126398083,0.0,50.00000133472221,-184.0000021587553,-1.1864314967725058,-15.869781376094085,-5.197961662974066,-0.13759007017396258,-0.3444764752352127,-0.13030114113385752
1.46,0.0003233121444996545,-0.007092683793151547,-0.00293856763881159,-0.23241721900557294,0.03885264953367786,0.041539015897538445,0.0018069593640248124,0.0018400933328894297,0.001840841360323447,16.923001051032262,-5.2762459863421025,-5.2762459863421025,16.917771163087366,-4.872085432260377,-5.110252890829166,0.0,50.0,-184.0,-0.4651416742990799,49.525245854161845,-184.7287593203609,0.0,50.00000133472221,-184.0000021587553,-6.8199417094603145,-14.975357322518805,-4.047967321781069,-0.2343436881289392,-0.3299109219093006,-0.11095316903917969
1.47,-0.001953254723478126,-0.0067139840359367875,-0.0025328146233809107,-0.22145361942999492,0.03669619341730891,0.0394136783082184,0.0018074499202428388,0.0018395033172628806,0.001840248350738205,16.923001051032262,-5.2762459863421025,-5.2762459863421025,17.04749354010112,-4.893645826856215,-5.1333649627375,0.0,50.0,-184.0,-0.46823661769429725,49.88187309690206,-184.72672122321396,0.0,50.00000133472221,-184.0000021587553,-11.797792117459158,-14.200921359120446,-3.0299455408244853,-0.3149174625376278,-0.31818937110447815,-0.0946590726830495
1.48,-0.004042397105591233,-0.006369233897402488,-0.002160923221483285,-0.1968921045975323,0.03238105703571238,0.035081392465478554,0.0018086778625149567,0.0018383499738821424,0.0018390674955607235,16.923001051032262,-5.2762459863421025,-5.2762459863421025,17.165719104122147,-4.913140937571873,-5.154413735986532,-0.0,50.0,-184.0,-0.4713298873431457,50.2068659208128,-184.72453627516515,0.0,50.00000133472221,-184.0000021587553,-15.871082409954258,-13.579212636719415,-2.190297023405078,-0.3761597088154362,-0.3096833639947945,-0.08203616850825397
1.49,-0.005828767433203708,-0.006076521935806989,-0.0018417333598790137,-0.16252363203656547,0.026548203220020914,0.029135532215453078,0.0018107543057907251,0.0018368476974774625,0.001837505895930194,16.923001051032262,-5.2762459863421025,-5.2762459863421025,17.26605755926716,-4.929571263847842,-5.172353983554042,-0.0,50.0,-184.0,-0.47432884475557724,50.48273843414799,-184.72232389607868,0.0,50.00000133472221,-184.0000021587553,-18.891668117550363,-13.126957123674542,-1.5576261973105083,-0.4167421053129076,-0.3044780667486673,-0.07338311955319142
1.5,-0.007235768912551788,-0.005847446379289509,-0.001588010058889075,-0.12224525556156225,0.01984573300488899,0.022188609455879603,0.0018138633215019813,0.0018352037326448524,0.0018357694191180687,16.923001051032262,-5.2762459863421025,-5.2762459863421025,17.344343168886905,-4.942309297729378,-5.186489393632013,-0.0,50.0,-184.0,-0.4770969633861907,50.69807606238566,-184.72026322171703,0.0,50.00000133472221,-184.0000021587553,-20.807277638809033,-12.846486568400476,-1.1432992762812881,-0.43697789436979156,-0.3024157018399268,-0.06870297873283901
1.51,-0.008224986953524749,-0.005687302859601645,-0.0014064811518063186,-0.07977100584919221,0.012883131433973082,0.014831477059133253,0.0018181942114863755,0.0018335775135632647,0.0018340244584822297,16.923001051032262,-5.2762459863421025,-5.2762459863421025,17.398585887946403,-4.951086197299452,-5.19646810409996,-0.0,50.0,-184.0,-0.47947103558487497,50.84741505172802,-184.71852563976768,0.0,50.00000133472221,-184.0000021587553,-21.65164511865074,-12.728039083851856,-0.9429011099098394,-0.43857023282817914,-0.30314736797069236,-0.06774009656848064
1.52,-0.008384434259315177,0.050333856571675335,-0.035062318451295205,-0.03839510814567129,0.006194721621393647,0.0075989726862673015,0.0018238335570035693,0.0035960471993018894,0.0018323961118076773,16.94641070099624,-2.0717196219911873,-7.210784685467542,17.428806937674917,-4.953600501997723,-5.204805364854309,-10.064926004433003,48.97649706262472,-185.33870967741936,-0.4908625674723609,50.930946564518536,-184.71696183328336,-10.064926295432254,48.97649836439596,-185.33871183506614,-17.24196717848997,63.69990574931075,-79.19610955712814,-0.29491428383277624,2.000391540840679,-2.4310787017849407
1.53,-0.00857631743090187,0.04895357758737436,-0.03358530982879586,-0.003989423685664363,-0.24026073013117447,0.2374108344255476,0.0018299652340062345,0.003201724961910141,0.001969885379987378,16.94641070099624,-2.0717196219911873,-7.210784685467542,17.437843309843625,-4.86148408728658,-5.301094772469204,-10.064926004433003,48.97649706262472,-185.33870967741936,-0.859012807283759,50.95643313956072,-184.71380569882663,-10.064926295432254,48.97649836439596,-185.33871183506614,-17.25101364387742,63.166157526690704,-64.09034155843851,-0.3430183236508537,0.9168930251829734,-1.0550739534786002
1.54,-0.008450146667741631,0.04527664567213573,-0.03035463552823217,0.025324663204527063,-0.4745837931523525,0.38466721997140474,0.0018365416560863677,0.002369352756948005,0.0021325024230463736,16.94641070099624,-2.0717196219911873,-7.210784685467542,17.428968480157604,-4.637291010358089,-5.494310407709992,-10.064926004433003,48.97649706262472,-185.33870967741936,-1.674839011724471,50.908529991451076,-184.7439157667131,-10.064926295432254,48.97649836439596,-185.33871183506614,-16.732641107703063,70.84340604254083,-49.715956462362975,-0.32558868964275883,0.9873817353251628,-0.777396106168068
1.55,-0.008064468845909778,0.03920035261378849,-0.025936258336155107,0.04843099283363138,-0.7129324931887312,0.48153863387400403,0.0018428300274776902,0.0018812109553661472,0.0022186730779465776,16.94641070099624,-2.0717196219911873,-7.210784685467542,17.405584053588655,-4.275648779601404,-5.752746588317445,-10.064926004433003,48.97649706262472,-185.33870967741936,-2.887849875401243,50.76477353259106,-184.85083418997263,-10.064926295432254,48.97649836439596,-185.33871183506614,-15.640641403688322,67.00382555883944,-37.15231055544847,-0.3004645311733756,0.8262491759850524,-0.5375719808967416
1.56,-0.01675321108924377,0.08999180672971097,-0.04681172871654596,0.06496702520847539,-0.8931045018764066,0.5341648270637056,0.001848047949056553,0.005023901339285738,0.0022766844299246516,16.415310670689067,1.3076015945280586,-8.701293869212176,17.370708933521172,-3.795969711594184,-6.051540548521068,-19.71779275566593,45.94789058101153,-186.67741935483872,-4.413108659371309,50.526825862550616,-185.03643285233218,-19.7177933185832,45.94789180030093,-186.67742150654593,-32.97398564042171,66.78049306742366,-70.60394216010361,-0.8383319463604076,1.0601901868857402,-1.6996783625185696
1.57,-0.015648962956098744,0.07983560219733031,-0.04048998556321251,0.14017936160538835,-1.1232485019629188,0.6912064418254146,0.0018821930520012235,0.003263186711974118,0.0025104504088830897,16.415310670689067,1.3076015945280586,-8.701293869212176,17.303563732238114,-3.200855373207264,-6.421597898751319,-19.71779275566593,45.94789058101153,-186.67741935483872,-6.306555614673802,50.16806242481976,-185.2380031877771,-19.7177933185832,45.94789180030093,-186.67742150654593,-28.59238870639117,83.63217251156841,-51.39160744108783,-0.4910038011860068,1.017645612146486,-0.7160877928698245
1.58,-0.013960535106070204,0.06724451463992273,-0.033097129119091934,0.18916152534012837,-1.3681069878471521,0.7698990510376444,0.0019180092039303854,0.0024810499266901976,0.002669090673861416,16.415310670689067,1.3076015945280586,-8.701293869212176,17.204136690693744,-2.465510738136555,-6.849356679202187,-19.71779275566593,45.94789058101153,-186.67741935483872,-8.592792374185848,49.654358072435,-185.49096823549522,-19.7177933185832,45.94789180030093,-186.67742150654593,-23.591574989920908,81.94571328142099,-35.652615764258535,-0.39263560465249103,0.9085389762224703,-0.43223336550056246
1.59,-0.01189439429978717,0.052391538648012104,-0.025211297879390415,0.21801503031701344,-1.5697526317475252,0.7970243200479353,0.0019466136207859578,0.0020816076553542254,0.0027310334838837624,16.415310670689067,1.3076015945280586,-8.701293869212176,17.08421155938105,-1.603395983246972,-7.302476603942162,-19.71779275566593,45.94789058101153,-186.67741935483872,-11.18579447347563,48.99651284078493,-185.81417594347596,-19.7177933185832,45.94789180030093,-186.67742150654593,-18.42296577618507,61.378897434218395,-21.789001007066027,-0.29760985905797144,0.4770241329915601,-0.19213203160691972
1.6,-0.02797667947902177,0.09558143718999493,-0.0345182637106842,0.22894823626508504,-1.6809470459445515,0.7827889936214832,0.001959284961417181,0.00447110930311308,0.002698053432412596,15.36472082258052,4.721795795456593,-9.688495250932984,16.953242360401717,-0.6569083711465329,-7.756281838193306,-28.563410754739614,41.03817206036381,-188.01612903225805,-13.956441223115949,48.230345516346155,-186.1854367349531,-28.56341155823119,41.038173151186605,-188.01613117619993,-51.60332079170462,66.13269637462439,-34.69574184977364,-1.3616498756940587,1.0074483187431695,-0.755608736911078
1.61,-0.024984527034852988,0.07782210244738949,-0.026430575794056638,0.34193010282202263,-1.8602882767741968,0.8175012285642345,0.0021015943327557123,0.0022529406776157935,0.002780336105498587,15.36472082258052,4.721795795456593,-9.688495250932984,16.776174130555507,0.3710943833780689,-8.220994050753362,-28.563410754739614,41.03817206036381,-188.01612903225805,-16.918874453377743,47.276467412241786,-186.56162821419417,-28.56341155823119,41.038173151186605,-188.01613117619993,-39.69282216842528,96.92862621926005,-23.48048043619358,-0.6198680065112537,1.1498948204912,-0.2250626219640029
1.62,-0.02117978768722567,0.05782112062025743,-0.018301458731145942,0.4067165204595033,-2.0918626773542655,0.8034490111953814,0.002150033121069469,0.0018067780104054241,0.002746263639949552,15.36472082258052,4.721795795456593,-9.688495250932984,16.554667555706622,1.5295346803099996,-8.685736478101994,-28.563410754739614,41.03817206036381,-188.01612903225805,-20.15501514820408,46.08322534694241,-186.99995544853294,-28.56341155823119,41.038173151186605,-188.01613117619993,-29.906630016290322,66.70152386620056,-11.042741409887686,-0.4357785940918151,0.39324603184084617,-0.011074454755137053
1.63,-0.01691310769714721,0.036431247966842904,-0.010511505075284172,0.43835374958074846,-2.1520552649008087,0.7540484783746029,0.002177241624199076,0.001797850168317073,0.0026346524441822447,15.36472082258052,4.721795795456593,-9.688495250932984,16.30856795645111,2.757565898573182,-9.129049925388614,-28.563410754739614,41.03817206036381,-188.01612903225805,-23.50402002420935,44.731178710871504,-187.46468967392374,-28.56341155823119,41.038173151186605,-188.01613117619993,-20.490574037233674,13.340044562646892,1.53423413616849,-0.2689978877383675,-0.5226858182882103,0.18622610326878242
1.64,-0.038996406452279364,0.07304693263308396,-0.011177922077693803,0.44136867419267917,-2.054806728128265,0.6737042185410971,0.0021799689834816286,0.0018772711695705141,0.0024792370387346652,13.846087757337703,8.028891677462951,-10.134767845918113,16.05351020342882,3.96463888494671,-9.532805832646677,-36.239639361456,34.44834595378433,-189.3548387096774,-26.746524577723896,43.32422683118447,-187.89728758559727,-36.239640364877786,34.44834687507063,-189.35484084740733,-63.49133809912379,100.34296552667344,-3.8187698251789466,-1.681298741521798,2.771202826160194,-0.15153519577527802
1.65,-0.033736432917209236,0.0511157075404535,-0.004751958115109256,0.5759486390086572,-2.2519153590572247,0.6102852914053779,0.002329362651247454,0.0017991824948263623,0.002377514020566493,13.846087757337703,8.028891677462951,-10.134767845918113,15.745523639686049,5.229561107969045,-9.897000462549888,-36.239639361456,34.44834595378433,-189.3548387096774,-30.04485740875425,41.678971750466005,-188.35389933827798,-36.239640364877786,34.44834687507063,-189.35484084740733,-46.2636018503484,45.2563664339224,7.235147806262021,-0.6604977179252578,-0.01496393417516315,0.23972271721664268
1.66,-0.02756104530920994,0.02853878569948641,0.0008629633396319003,0.6443058745372897,-2.237199759355132,0.5181337976057147,0.002429922127786969,0.0017978400651233635,0.002258070624804515,13.846087757337703,8.028891677462951,-10.134767845918113,15.388058099277378,6.5213263377293975,-10.213302408458159,-36.239639361456,34.44834595378433,-189.3548387096774,-33.320509079699484,39.82276723319153,-188.81616448312357,-36.239640364877786,34.44834687507063,-189.35484084740733,-31.606699959294357,-8.912433989972492,16.992975801495387,-0.39653459403350133,-0.9202600649179966,0.3767911917211982
1.67,-0.02095039692304479,0.006974276277535829,0.005442359925953211,0.6688487983425817,-2.0699798220875576,0.4062428589674664,0.0024708268882893793,0.0017978400651233635,0.0021496446236044047,13.846087757337703,8.028891677462951,-10.134767845918113,15.008114119764521,7.746531812144038,-10.46918051659412,-36.239639361456,34.44834595378433,-189.3548387096774,-36.35492495828675,37.90153479616759,-189.2392039144196,-36.239640364877786,34.44834687507063,-189.35484084740733,-18.781474477154003,-55.465225261307836,24.652901782715464,-0.17521441455256967,-1.6509784859407974,0.4720137855725943
1.68,-0.04774041516817837,0.04132407841256458,0.010816304765124907,0.6573042960843704,-1.7848600712243265,0.28206385013714586,0.0024512540792504226,0.0018020280699962633,0.002039284446619852,11.929991363927133,11.097850958755014,-10.020881574987662,14.625934823146196,8.834614396574,-10.655897178425352,-42.432212874737544,26.44820051634812,-190.69354838709677,-38.981392005104155,36.03126347446903,-189.60380861167897,-42.432214031040004,26.44820123290964,-190.69355052271663,-66.81740509422976,37.485918914589774,31.021262573353592,-1.7812110794172042,1.7325058043133263,0.5598006171834412
1.69,-0.040325334272830554,0.023070173066394167,0.012837212458655628,0.7881646345162843,-1.812357028727551,0.13735731440287424,0.0027103845464548897,0.0017978400651233633,0.0018805224390717303,11.929991363927133,11.097850958755014,-10.020881574987662,14.194842599332771,9.879428237503873,-10.76345430556007,-42.432212874737544,26.44820051634812,-190.69354838709677,-41.37783499698305,33.99613255996997,-189.99039273347316,-42.432214031040004,26.44820123290964,-190.69355052271663,-45.18452400810215,-7.650473971940268,34.21146763827526,-0.5829339969623084,-0.7673789516708636,0.551590182555346
1.7,-0.032091057918136545,0.005562755425410404,0.013446484755850308,0.8444741935422917,-1.6835158473465899,0.0004056170571444546,0.002848620467757951,0.0017978400651233637,0.0018308634619589757,11.929991363927133,11.097850958755014,-10.020881574987662,13.720121846804423,10.87451358677359,-10.790595670458783,-42.432212874737544,26.44820051634812,-190.69354838709677,-43.52866874476129,31.814447283583842,-190.40447848777683,-42.432214031040004,26.44820123290964,-190.69355052271663,-28.595846638140365,-45.48602675255965,32.82256246376016,-0.291349123490904,-1.3632766379963561,0.48488105013899324
1.71,-0.023556764186026147,-0.010096070697077103,0.012777964460823632,0.8545925492421346,-1.45728287186668,-0.11860238914729868,0.002875216666743892,0.0017978400651233633,0.0018141881713359242,11.929991363927133,11.097850958755014,-10.020881574987662,13.230796618960344,11.758273059279977,-10.745600275902195,-42.432212874737544,26.44820051634812,-190.69354838709677,-45.31665970089974,29.630932695576497,-190.81108671887435,-42.432214031040004,26.44820123290964,-190.69355052271663,-14.592641198319203,-75.40206618269012,28.24634041098102,-0.05457721876747132,-1.7966286356626462,0.37078823659365817
1.72,-0.053920953964857354,0.024391038674417942,0.02286927699453495,0.827053447457997,-1.1641534310739523,-0.21322540765042708,0.0021370692916620254,0.0017980288639940572,0.0018078398831144645,9.707644493738394,13.818836824454419,-9.34366719483627,12.7473814528531,12.489864843286027,-10.640402285427253,-46.88760660735402,17.365262642241014,-192.03225806451613,-46.673180055361065,27.554479553091003,-191.1849513242419,-46.88760786545802,17.365263125677554,-192.0322602030171,-84.32302527730945,18.9176455756477,47.97209149052139,-2.33340470696903,1.4214825982950738,1.0264207955781635
1.73,-0.04474028847492775,0.012447044043105454,0.019825434683252346,0.9564543281472399,-1.183046016238683,-0.36659797118147236,0.00317127697820788,0.0017978400651233635,0.0018011375578552502,9.707644493738394,13.818836824454419,-9.34366719483627,12.215920398547667,13.173135519079125,-10.457880917585378,-46.88760660735402,17.365262642241014,-192.03225806451613,-47.78742415370197,25.326180761224727,-191.59891816430576,-46.88760786545802,17.365263125677554,-192.0322602030171,-40.55605765648453,-11.097571742729082,35.19867658751537,-0.461373085046065,-0.6316117098818718,0.41149656470539736
1.74,-0.03492261890298981,0.0010508911959010714,0.015569362070902704,0.9950944634158251,-1.0932386888357473,-0.4668366949126816,0.0032956288312760177,0.0017978400651233637,0.0017989470311060903,9.707644493738394,13.818836824454419,-9.34366719483627,11.651474518282432,13.820532898239938,-10.208551531229345,-46.88760660735402,17.365262642241014,-192.03225806451613,-48.70602946107307,22.978706125497567,-192.05277219174013,-46.88760786545802,17.365263125677554,-192.0322602030171,-24.29116660451763,-35.28959046986357,22.43635972606806,-0.18032665231256842,-1.0105503281283605,0.1662145573904039
1.75,-0.024968155438502088,-0.009087115902660398,0.010566944326765304,0.9898233197941829,-0.9409253974815603,-0.5208090651512323,0.0032783356206801902,0.0017978412843245842,0.0017984468883819825,9.707644493738394,13.818836824454419,-9.34366719483627,11.081652003830818,14.3923758659933,-9.919098811492594,-46.88760660735402,17.365262642241014,-192.03225806451613,-49.38921758565139,20.65046886020352,-192.49457025195244,-46.88760786545802,17.365263125677554,-192.0322602030171,-10.496419022447618,-54.302176741760036,9.264150018305576,0.048893047142166295,-1.283596834179253,-0.07193819571827746
1.76,-0.05747642625219307,0.02251037905037212,0.026700852721241425,0.9479683250735511,-0.7462607463750488,-0.5318790051315586,0.001964110190141089,0.0017979886068107598,0.0017987115280834701,7.289502771087802,16.10852817647714,-8.115462722650118,10.525628416007521,14.863405658570032,-9.613246434815071,-49.42341621640557,7.571388875228835,-193.3709677419355,-49.8222801035281,18.443406976459244,-192.88533145644985,-49.423417523084495,7.571389105093812,-193.37096988732705,-95.96327031192321,30.13699738838045,47.486156807587854,-2.708670720405823,1.501585970545456,1.2471422033944128
1.77,-0.046956463629925754,0.014466466546675605,0.020551807451750753,1.0858284484641363,-0.8223751175201117,-0.6629199848933622,0.003605356585663937,0.001797853005499101,0.0017979549654363507,7.289502771087802,16.10852817647714,-8.115462722650118,9.917463521374096,15.326866887068778,-9.254534681905866,-49.42341621640557,7.571388875228835,-193.3709677419355,-50.138145014953096,16.05422787286737,-193.29471395831348,-49.423417523084495,7.571389105093812,-193.37096988732705,-35.6710931147419,6.730658621765278,26.725035232481282,-0.34775531535375115,-0.22157269905428184,0.17812147850769863
1.78,-0.03595152383366659,0.006262364608298598,0.013566385810894532,1.1057930826828546,-0.8097029990294631,-0.71859036458219,0.0036754152369746227,0.0017978558368275054,0.001797896827816793,7.289502771087802,16.10852817647714,-8.115462722650118,9.286036544114452,15.795857140200404,-8.851455206455777,-49.42341621640557,7.571388875228835,-193.3709677419355,-50.38490838959396,13.545554539529032,-193.7342099707749,-49.423417523084495,7.571389105093812,-193.37096988732705,-20.405825255072372,-12.437715784122608,8.789743323728228,-0.08808147171249668,-0.5397960692156301,-0.14035559775162895
1.79,-0.024976271870978922,-0.0015042450515635464,0.006344177837290826,1.0852025363431907,-0.742369196280026,-0.7172400913257236,0.003603165663489842,0.001797881471968447,0.0017978978505500543,7.289502771087802,16.10852817647714,-8.115462722650118,8.658591772248284,16.236719872035344,-8.438031421791196,-49.42341621640557,7.571388875228835,-193.3709677419355,-50.549108019093076,11.058834487855309,-194.1465753474548,-49.423417523084495,7.571389105093812,-193.37096988732705,-7.022183460885007,-28.729800868090955,-7.959249338211191,0.1304530651641613,-0.7931757263753441,-0.4217302336839296
1.8,-0.05785158757191497,0.02309063230383024,0.0299521935094052,1.0297205738475574,-0.6334620441108791,-0.6677604378815883,0.0019978840775746135,0.001798032451188888,0.0018009114552359283,4.800028895070863,17.9103755636512,-6.365434072045864,8.05305153301417,16.625368920706677,-8.041374051946953,-49.93582535855264,-2.532458441935632,-194.70967741935485,-50.62556167251115,8.697477152190377,-194.48993207691518,-49.93582666015292,-2.5324584766411067,-194.7096795732227,-93.20827359362798,36.01601856987472,50.86547995017151,-2.6512919163147934,1.3639225900844476,1.56407493677093
1.81,-0.04658156270181554,0.016101613676467896,0.022378493893077445,1.1548227890282992,-0.7275581967324112,-0.80483483573198,0.003847644955656671,0.0017978905361814915,0.0017979799681880446,4.800028895070863,17.9103755636512,-6.365434072045864,7.402646664622714,17.029737575031266,-7.601064841577473,-49.93582535855264,-2.532458441935632,-194.70967741935485,-50.65033078575038,6.153516684629555,-194.84315856056992,-49.93582666015292,-2.5324584766411067,-194.7096795732227,-31.97574762391252,14.103061805187703,26.1920422505726,-0.2703450424933846,-0.06871623690583013,0.12555915873159673
1.82,-0.034967244188589486,0.008704732093389345,0.014016774177970398,1.1606097895090937,-0.7407850109074978,-0.8513705905010306,0.003867863250726896,0.0017978823643613547,0.0017978480973900805,4.800028895070863,17.9103755636512,-6.365434072045864,6.73709946223993,17.453971175595946,-7.119703338408531,-49.93582535855264,-2.532458441935632,-194.70967741935485,-50.642783345009036,3.4945965303129247,-195.22594215332688,-49.93582666015292,-2.5324584766411067,-194.7096795732227,-17.236258542101282,-4.085331680495271,5.091465137885293,-0.023099307880417835,-0.3783874154375703,-0.2433739685613688
1.83,-0.023510544070537417,0.0014805468714543246,0.00555455540051196,1.1281285147065503,-0.7000899834758417,-0.8330575820152768,0.003753978944393029,0.0017979121974555444,0.0017978509866784984,4.800028895070863,17.9103755636512,-6.365434072045864,6.082742106302795,17.865279362064822,-6.6362415951284035,-49.93582535855264,-2.532458441935632,-194.70967741935485,-50.600459274256224,0.8678352569464486,-195.57971964386107,-49.93582666015292,-2.5324584766411067,-194.7096795732227,-3.9699591180368503,-20.081049048083514,-14.252376250982572,0.1904972164345894,-0.6349241807527279,-0.5632254413262094
1.84,-0.0549952909864015,0.017266329618014498,0.03638395687000623,1.0619078417001664,-0.6166196661110445,-0.7611376845067473,0.002326723609354736,0.0017980411390773993,0.001829439965193312,2.3690531850014525,19.19138800603038,-4.142161008286431,5.4571814397010625,18.238563442140915,-6.180801848633617,-48.40385594331021,-12.53262661293602,-196.0483870967742,-50.52200722219562,-1.6169575303107804,-195.86287855740727,-48.40385718763457,-12.532626912217655,-196.04838925773944,-74.3008563995403,22.25907804796921,61.716094118331526,-2.116893060390914,0.8425283656926095,1.9723228598209745
1.85,-0.043725089433644,0.010719817724336111,0.027659278826274114,1.1441542755780627,-0.666644028521377,-0.9323420454899658,0.003810275729153727,0.0017979498401480272,0.001799113162783014,2.3690531850014525,19.19138800603038,-4.142161008286431,4.808659489148132,18.615422615331298,-5.672921551538009,-48.40385594331021,-12.53262661293602,-196.0483870967742,-50.35165009130319,-4.229111833334603,-196.17331151429627,-48.40385718763457,-12.532626912217655,-196.04838925773944,-29.444622804809473,3.3544149016459786,34.673183371955815,-0.23475183074822312,-0.2307323573217455,0.22901987726028508
1.86,-0.03225532397468071,0.004098755095818418,0.01791833345850856,1.143218128526881,-0.6511372525692485,-0.9958418661740762,0.003806991692598892,0.0017979728209518982,0.00179785412064675,2.3690531850014525,19.19138800603038,-4.142161008286431,4.151774071185144,18.99361880490729,-5.111639286319918,-48.40385594331021,-12.53262661293602,-196.0483870967742,-50.08491239621443,-6.934185792216868,-196.52177992017533,-48.40385718763457,-12.532626912217655,-196.04838925773944,-14.767351447404085,-12.074567926641354,9.415846666032524,0.01040454280533647,-0.4853288614496945,-0.21515117586782148
1.87,-0.021005501976242284,-0.0021202226955331915,0.007977630953880863,1.104823796806124,-0.5922473044630736,-0.981874750650317,0.0036720081422207777,0.001798107838324854,0.0017978403758442747,2.3690531850014525,19.19138800603038,-4.142161008286431,3.50960583613976,19.346350300824604,-4.54328567729324,-48.40385594331021,-12.53262661293602,-196.0483870967742,-49.74545074401381,-9.58777276169749,-196.84592513708782,-48.40385718763457,-12.532626912217655,-196.04838925773944,-1.4482193067745954,-25.12245898188932,-13.91363002547714,0.2234014199398679,-0.6868206708754733,-0.603299639638087
1.88,-0.04955063882910428,0.0054626950856422885,0.04437516715213702,1.0329797696516605,-0.5007660981587199,-0.9032414928811677,0.0034225436382215656,0.001798599705908664,0.002237908618117452,0.12163208418505335,19.93763441104811,-1.5162301296317156,2.9004171033870882,19.653736484891194,-4.004584671880439,-44.89022697853708,-22.019707577881718,-197.38709677419354,-49.3562373522636,-12.074503966958503,-197.10386759828222,-44.89022811695655,-22.01970812968448,-197.3870989384351,-43.42102003224939,-2.9480731282349493,60.92961797404299,-1.2315325908662562,0.1457980898724357,1.9476645790361775
1.89,-0.038849380853782076,0.00048755128632410605,0.034126745616828005,1.0832127017479614,-0.48347652369180943,-1.096580114600425,0.0035962033421099325,0.0017987607090599034,0.001809725268618959,0.12163208418505335,19.93763441104811,-1.5162301296317156,2.2854034913633354,19.937155006505314,-3.4079958741447265,-44.89022697853708,-22.019707577881718,-197.38709677419354,-48.80342234580022,-14.621675387993472,-197.39541948004683,-44.89022811695655,-22.01970812968448,-197.3870989384351,-26.51948187848775,-14.765377523405308,44.6239384265077,-0.2057722745020899,-0.47966583317814376,0.3483309392810933
1.9,-0.028017641574135253,-0.004064954474783555,0.022631578315257802,1.0771605063187357,-0.42821659917170785,-1.1780344884911074,0.0035750556111242716,0.0017995310108264205,0.0017979175130730751,0.12163208418505335,19.93763441104811,-1.5162301296317156,1.6653642441221044,20.194680247146128,-2.7452655839538274,-44.89022697853708,-22.019707577881718,-197.38709677419354,-48.06636670553873,-17.23657946602552,-197.72840291071904,-44.89022811695655,-22.01970812968448,-197.3870989384351,-11.970842664855246,-23.98249809076668,14.447448861491605,0.036069135448906504,-0.6178062459432667,-0.18639044205658442
1.91,-0.01745464197784968,-0.00793727107690434,0.010842832867207306,1.0340192570346376,-0.35108109044677926,-1.1666278930151497,0.0034260837433585513,0.0018017361369310585,0.0017978400651233637,0.12163208418505335,19.93763441104811,-1.5162301296317156,1.062819160964507,20.412030671198803,-2.0709630898468756,-44.89022697853708,-22.019707577881718,-197.38709677419354,-47.21283394022942,-19.77844398117201,-198.04135325238366,-44.89022811695655,-22.01970812968448,-197.3870989384351,1.2869356433606618,-30.840510170889377,-13.755831725869008,0.24683562083357566,-0.7097642549096409,-0.6571594600295256
1.92,-0.04158939903133605,-0.0072473759402306714,0.05083854916107247,0.9574212439947133,-0.26089385999807974,-1.077161000741995,0.003174316806286231,0.0018058323619510805,0.003424942663125137,-1.831033947656842,20.150310163762008,1.4188759322032274,0.4960627774178819,20.580247343244825,-1.4303870039853475,-39.538786846884925,-30.605299127383145,-198.7258064516129,-46.307702571152625,-22.132974559596168,-198.29169688256047,-39.53878783643194,-30.60529990752787,-198.72580861424166,-35.76168717638929,-24.70717845763481,44.23783498148835,-1.0604772586578213,-0.43849459790846973,1.4455374315150562
1.93,-0.03172350819974838,-0.009497905531749062,0.03903557129313027,0.9942108278416022,-0.1930248052351616,-1.253615767718643,0.003292723105033239,0.0018088893412553202,0.0018310594681712263,-1.831033947656842,20.150310163762008,1.4188759322032274,-0.07038073750228373,20.705142533466848,-0.7450708948079663,-39.538786846884925,-30.605299127383145,-198.7258064516129,-45.214800272680485,-24.491071579806427,-198.5495095056484,-39.53878783643194,-30.60529990752787,-198.72580861424166,-21.582141589545586,-28.567616418067832,50.59320704584071,-0.15113944195569054,-0.6238252728641155,0.4074707629721552
1.94,-0.021841255627536506,-0.011025430249555657,0.025916496179404332,0.9775638296965621,-0.11975552732323516,-1.3428580976108915,0.0032385019275074215,0.0018140845107705696,0.0017979685331082115,-1.831033947656842,20.150310163762008,1.4188759322032274,-0.635419443622156,20.788464960943784,0.011075500807398284,-39.538786846884925,-30.605299127383145,-198.7258064516129,-43.88935188985405,-26.887717349041665,-198.84885289342105,-39.53878783643194,-30.60529990752787,-198.72580861424166,-7.596784761815501,-29.952516584007547,16.544414882037447,0.07903874114391264,-0.6249038359054306,-0.20136592527772404
1.95,-0.01232735485998572,-0.01182881622889137,0.012496728156562761,0.9248651290887498,-0.04881257870594419,-1.326538924926555,0.00307419694839155,0.001822257001642563,0.001797840065123364,-1.831033947656842,20.150310163762008,1.4188759322032274,-1.1773118356833863,20.830459715052598,0.7784798364955595,-39.538786846884925,-30.605299127383145,-198.7258064516129,-42.44390496987189,-29.19431920639071,-199.13533567594607,-39.53878783643194,-30.60529990752787,-198.72580861424166,5.327060025899055,-29.65209006164069,-15.754427570473158,0.28172937025962735,-0.598571939221713,-0.7393749172309456
1.96,-0.030865301464500915,-0.017312718272320893,0.05437944095818517,0.839274744050278,0.015218613816651657,-1.2214857490521607,0.002835159232027717,0.0018341140090078593,0.0029234421937168794,-3.3976250655741933,19.843477867998725,4.549254063166903,-1.6780041691897596,20.833810795397884,1.505734533462725,-32.56862413611111,-37.93790613463955,-200.06451612903226,-40.98401445792671,-31.30356330987429,-199.37071908688188,-32.56862494115453,-37.93790710799657,-200.0645182857905,-27.149796090240716,-38.99645414899078,54.24902964407368,-0.8860997463656964,-0.8835587418340974,1.775819773838144
1.97,-0.02230697883916427,-0.01662614824415548,0.04109237771540961,0.854835708674386,0.10683824262809061,-1.3989442805296872,0.002875862298811108,0.0018646020381297638,0.00183161667088249,-3.3976250655741933,19.843477867998725,4.549254063166903,-2.168412332811088,20.789522642810844,2.2757516628233643,-32.56862413611111,-37.93790613463955,-200.06451612903226,-39.328406893096506,-33.38473521493059,-199.6170492899033,-32.56862494115453,-37.93790710799657,-200.0645182857905,-14.263168974846739,-34.496938710133264,50.57236801876398,-0.0701601979937658,-0.6328569106153716,0.36473960572419106
1.98,-0.013910617207791624,-0.015169848707762557,0.026571003449820454,0.8218607725446833,0.17403861587688077,-1.4775060980149597,0.0027911153559751207,0.0019054391760933952,0.0017979102684866854,-3.3976250655741933,19.843477867998725,4.549254063166903,-2.6473962657049737,20.702359649060355,3.111578828960702,-32.56862413611111,-37.93790613463955,-200.06451612903226,-37.44319583813929,-35.47367705782441,-199.90272810925856,-32.56862494115453,-37.93790710799657,-200.0645182857905,-1.2486524757472608,-28.605814583621257,13.209047953250188,0.1396697111030923,-0.5138358178534272,-0.2981127666528829
1.99,-0.0060317806803474525,-0.013163520984644461,0.011902310329280852,0.7553281460840836,0.21913434204254933,-1.4424270983934862,0.002637384951916125,0.0019478611728962342,0.0017978400651233637,-3.3976250655741933,19.843477867998725,4.549254063166903,-3.094827559900613,20.58494556056642,3.9494281056519305,-32.56862413611111,-37.93790613463955,-200.06451612903226,-35.48047013277348,-37.45528284816828,-200.18185159528213,-32.56862494115453,-37.93790710799657,-200.0645182857905,10.83269191640482,-22.39112838442371,-21.72858663865238,0.32423961668998075,-0.3965483357365765,-0.8746070933753316
2.0,-0.01838439080758631,-0.024778400855680838,0.053936333366226274,0.6587839039475166,0.24351482181706424,-1.3130521689962982,0.0024537296127141845,0.00197797953105903,0.002634125855816816,-4.509059462790818,19.04383146316589,7.7472394283460915,-3.493910798237679,20.44852143146525,4.734535895615714,-24.26509812655405,-43.717330807229104,-201.40322580645162,-33.574932298778045,-39.23186283942545,-200.4241059263259,-24.26509871976842,-43.71733192992601,-201.4032279551009,-15.07590157579105,-45.81906661420499,57.38333210659055,-0.6330459379893688,-1.1761778597560735,1.947068397665929
2.01,-0.011806078485082583,-0.021755378845347284,0.039703061022506536,0.6452734183029177,0.3384329318151669,-1.4885412715117268,0.0024314837483616998,0.0020992316518576117,0.0018108291609916867,-4.509059462790818,19.04383146316589,7.7472394283460915,-3.86936572047121,20.27054446756631,5.558336339303556,-24.26509812655405,-43.717330807229104,-201.40322580645162,-31.49445932093539,-40.95403715200685,-200.69115801788922,-24.26509871976842,-43.71733192992601,-201.4032279551009,-4.404638825763678,-34.678245092603206,44.60895075147218,0.034044952273687715,-0.5683568166506077,0.23120440566267694
2.02,-0.005619654887843564,-0.01805296825662378,0.024423722552534166,0.5925707495839717,0.3914596762243269,-1.5416056370121536,0.0023521015269150018,0.0021377838569259255,0.001797853078619333,-4.509059462790818,19.04383146316589,7.7472394283460915,-4.220639844355495,20.0555562494319,6.436115143725913,-24.26509812655405,-43.717330807229104,-201.40322580645162,-29.217571297828876,-42.64864142066419,-200.99961881846906,-24.26509871976842,-43.71733192992601,-201.4032279551009,6.512802905268185,-25.166150018617603,5.435947151522563,0.20250155224021854,-0.39349151514150205,-0.44751734376512303
2.03,-0.00010787125626404714,-0.013989382551692686,0.00926014229718572,0.5137827296329502,0.4143131380324839,-1.4799869801644512,0.0022531681166623784,0.002156337308210231,0.001797840065123363,-4.509059462790818,19.04383146316589,7.7472394283460915,-4.531794456261393,19.821581148850555,7.300800259558443,-24.26509812655405,-43.717330807229104,-201.40322580645162,-26.9182325104629,-44.21213826981506,-201.30841876256116,-24.26509871976842,-43.71733192992601,-201.4032279551009,16.018644533807453,-16.206720693702405,-29.8593870523466,0.33923516422461863,-0.2367639370525936,-1.0217539156801458
2.04,-0.006128984658737943,-0.03169016378124123,0.04994833050993447,0.41444929943190356,0.41095153365268844,-1.325168777584261,0.002156451575154835,0.002153530492636648,0.0025882364025447864,-5.117937939749441,17.792183492275473,10.881522913645703,-4.790581296605385,19.583040446978565,8.097917451474,-14.968156148667902,-47.70696282000244,-202.74193548387098,-24.74052643792126,-45.56148994756936,-201.5925894158871,-14.968156511304,-47.70696404214925,-202.7419376247799,-0.08253571167537148,-51.73505317452843,51.14012625297047,-0.2777207436536269,-1.4196413548168303,1.8599625044135288
2.05,-0.0021981415042702235,-0.02690940777551898,0.03563049413613317,0.3686436343250993,0.5170342791002963,-1.4870676539060212,0.002120456334912498,0.002256826024057479,0.0018007671839400008,-5.117937939749441,17.792183492275473,10.881522913645703,-5.012768964518476,19.30395538455738,8.925699021178652,-14.968156148667902,-47.70696282000244,-202.74193548387098,-22.404067871778206,-46.81971392175253,-201.91398179146788,-14.968156511304,-47.70696404214925,-202.7419376247799,6.262669004980702,-37.52131094507766,34.887371935960125,0.13050921189040737,-0.564404233936652,0.0658119738540944
2.06,0.0011321270722430554,-0.021425560686130274,0.02052820978335934,0.30190335844545035,0.5678636844913204,-1.5114354825964464,0.002075956892297166,0.002318675776187248,0.0017978407816030707,-5.117937939749441,17.792183492275473,10.881522913645703,-5.199681242107224,18.987075590877055,9.791720352072184,-14.968156148667902,-47.70696282000244,-202.74193548387098,-19.897118599600677,-48.004423729593356,-202.2764391871907,-14.968156511304,-47.70696404214925,-202.7419376247799,12.329776193930073,-24.639511319621544,-3.116798195087012,0.212341005448538,-0.3343632088053502,-0.5809046887788356
2.07,0.0037296955224865036,-0.01564681748654445,0.00579586579826874,0.22386689354575967,0.5808677149537035,-1.4272592910739692,0.001953258479359645,0.0023359832549704976,0.0017978400651233635,-5.117937939749441,17.792183492275473,10.881522913645703,-5.343987893447517,18.65542985853929,10.63044310465513,-14.968156148667902,-47.70696282000244,-202.74193548387098,-17.405059946690038,-49.03917724238727,-202.64047834704928,-14.968156511304,-47.70696404214925,-202.7419376247799,17.08187059126005,-13.068486537150125,-36.49007384554459,0.26903274273018457,-0.13687905415109342,-1.1158981439899143
2.08,0.004136239618322615,-0.03865227953407979,0.04383347141471161,0.13984061682831442,0.561990983084893,-1.2567398928525184,0.001881990607017743,0.002311064648143186,0.001964727278550227,-5.1965517370208145,16.145820959469717,13.828449135605824,-5.441168890928552,18.32671157890924,11.391559666918262,-5.058416099371614,-49.74346616959476,-204.0806451612903,-15.073535999453052,-49.86758689412169,-202.98239876431325,-5.0584162211115995,-49.743467437990894,-204.08064729706786,13.691789760013467,-58.07730207430763,57.5458123573371,0.10728492974843361,-1.6401200286119202,2.134571502550234
2.09,0.005132959055862932,-0.03229424863415997,0.030264083467400255,0.06659892255800606,0.6766336829019562,-1.3990607664443322,0.0018485981030222298,0.0024843628101187828,0.0017984323379392378,-5.1965517370208145,16.145820959469717,13.828449135605824,-5.494052335944652,17.956971822904435,12.174896614550589,-5.058416099371614,-49.74346616959476,-204.0806451612903,-12.596263134232974,-50.5761730435134,-203.3667702922241,-5.0584162211115995,-49.743467437990894,-204.08064729706786,14.408157979963544,-39.492734133408916,24.97126796269939,0.17503820381868002,-0.5522619505167177,-0.0735229371288282
2.1,0.005414090351324008,-0.0252201853173199,0.016176211910864935,-0.0022745962798221163,0.7255277472532187,-1.4006660629472898,0.0018303123874150158,0.0025758768970345265,0.0017978400651233635,-5.1965517370208145,16.145820959469717,13.828449135605824,-5.506256875081844,17.549123378016347,12.981555575423272,-5.058416099371614,-49.74346616959476,-204.0806451612903,-9.974865623048153,-51.177997783509156,-203.7868674284017,-5.0584162211115995,-49.743467437990894,-204.08064729706786,13.775040828084387,-24.168315930847655,-9.670662668635593,0.14300371217433425,-0.28274964911597716,-0.6560347115692339
2.11,0.00505383935446202,-0.017898199089166178,0.002625313450716815,-0.06202828898576429,0.7318872912772953,-1.3046870788252845,0.001820414468038218,0.0025886320477570657,0.0017978400651233637,-5.1965517370208145,16.145820959469717,13.828449135605824,-5.482254577103381,17.129458756675046,13.751971308108555,-5.058416099371614,-49.74346616959476,-204.0806451612903,-7.39333330698239,-51.634195301172745,-204.1995014896326,-5.0584162211115995,-49.743467437990894,-204.08064729706786,11.699525122472375,-10.79246657807331,-39.562146020696396,0.08939121454556392,-0.05702693102555139,-1.1289076835409586
2.12,0.012216633842462826,-0.045014696070083016,0.036777956407657075,-0.10987340003549528,0.7028253086702028,-1.1325712414192648,0.0018149985654263771,0.0025319705519920447,0.0018238928784512544,-4.7349263829926675,14.180433204893431,16.48159680052191,-5.427746256573949,16.71770945071353,14.441628987017484,5.058416099371602,-49.74346616959476,-205.41935483870967,-4.992759649673358,-51.92080484675915,-204.57541666717563,5.058416220608108,-49.74346743012905,-205.41935697308665,25.332340974387918,-60.94013378353989,49.87278522874233,0.5288238786428251,-1.7393715416989761,1.9400638414421223
2.13,0.010564813987442287,-0.03723812095442974,0.02461438439964131,-0.20283005498927922,0.8174462649087741,-1.2472025304984116,0.0018083627293422025,0.0027802008352763347,0.0017979685399667508,-4.7349263829926675,14.180433204893431,16.48159680052191,-5.32819941849061,16.26680120888717,15.142933021574253,5.058416099371602,-49.74346616959476,-205.41935483870967,-2.470702261568052,-52.07212216947673,-204.98534703326274,5.058416220608108,-49.74346743012905,-205.41935697308665,18.907385857748555,-39.54288449063563,16.752818083430675,0.16702604420520745,-0.5146755499525552,-0.16439955692942274
2.14,0.008172484029281987,-0.028781260963297584,0.0121310666083011,-0.2650200829873542,0.8614240786074908,-1.2353049037494253,0.0018056842770979163,0.002893471035426232,0.0017978400651233635,-4.7349263829926675,14.180433204893431,16.48159680052191,-5.187718304836505,15.780017628950885,15.856965002184658,5.058416099371602,-49.74346616959476,-205.41935483870967,0.16954660839443864,-52.10229573141235,-205.4215349320554,5.058416220608108,-49.74346743012905,-205.41935697308665,11.770053765930003,-23.01641569873727,-13.401404911713472,0.027859895057661323,-0.22716496233664973,-0.6673168096782285
2.15,0.005304043565981506,-0.020134636521421334,0.00024456666969946417,-0.30081481336407173,0.8613681507633117,-1.1392485357578082,0.0018045128405413296,0.0028933206216648164,0.0017978400651233633,-4.7349263829926675,14.180433204893431,16.48159680052191,-5.021465656729046,15.284831153048898,16.53208461142419,5.058416099371602,-49.74346616959476,-205.41935483870967,2.754045804908413,-52.008015237569325,-205.8367952068307,5.058416220608108,-49.74346743012905,-205.41935697308665,4.21380274217304,-8.839620673184072,-39.151366781544276,-0.11046353490379122,0.010112853416347295,-1.070672107568804
2.16,0.01958247967001002,-0.04992273249832868,0.029413157773935106,-0.31178770357961627,0.824617684801482,-0.9785124561643699,0.0018037748744998408,0.002797983010850597,0.0018003442945281303,-3.739906463975168,11.990139297888026,18.75748987862911,-4.842713751935032,14.8016804994234,17.130279574465465,14.968156148667887,-47.706962820002445,-206.75806451612902,5.150922930925633,-51.79193595662399,-206.19906284866568,14.968156506731518,-47.70696401977221,-206.75806665252486,36.73857539796197,-60.36535826191372,38.21593118946649,0.9672144700501901,-1.7262383365406067,1.5834840809825275
2.17,0.015743224350862436,-0.04096954081261428,0.018971483016881507,-0.4279705087949641,0.9315611584753507,-1.065474158699101,0.0017995355799190359,0.0030944029560968024,0.0017978642492627167,-3.739906463975168,11.990139297888026,18.75748987862911,-4.616939043481413,14.28380805198507,17.731641049576975,14.968156148667887,-47.706962820002445,-206.75806451612902,7.640876606563195,-51.42793619951551,-206.59116145602283,14.968156506731518,-47.70696401977221,-206.75806665252486,23.978246305446227,-38.13921873571422,9.548326171277695,0.18253241601882844,-0.4617026151455822,-0.2293897594536541
2.18,0.011088421267000631,-0.031412956363747774,0.008363155306824244,-0.4896064871756564,0.9681219644692024,-1.0453954658041569,0.001798700341418363,0.003208213644136509,0.0017978400651233637,-3.739906463975168,11.990139297888026,18.75748987862911,-4.346956633484991,13.73443559978535,18.337862918552013,14.968156148667887,-47.706962820002445,-206.75806451612902,10.221515486809965,-50.92795387437891,-207.00787817385262,14.968156506731518,-47.70696401977221,-206.75806665252486,11.128465970003745,-21.413054263621486,-15.708482305488673,-0.05239872018239179,-0.17308267489623894,-0.6475722404237015
2.19,0.0060511512896167935,-0.0217370688549737,-0.0016472134541636319,-0.509313774590256,0.961269818515972,-0.9554874603088802,0.00179853039352066,0.0031864543777176974,0.0017978408654674058,-3.739906463975168,11.990139297888026,18.75748987862911,-4.057439395404408,13.180663930594397,18.90591497323489,14.968156148667887,-47.706962820002445,-206.75806451612902,12.734668628614466,-50.321284945326184,-207.39817065479895,14.968156506731518,-47.70696401977221,-206.75806665252486,-1.3674808161847363,-7.042874677563208,-37.08268898037895,-0.26878578005500164,0.06565545405951172,-0.9793826221420603
2.2,0.027279023040766813,-0.05257645962259977,0.021651142309528193,-0.49214714220439604,0.9178181091267209,-0.8126650898726644,0.001798936331941993,0.0024653409648224853,0.0017979401307475743,-2.235637985467809,9.684471310182719,20.596913316477227,-3.7685949307573887,12.642382369260122,19.40448041071989,24.26509812655404,-43.71733080722911,-208.09677419354838,15.061835216105848,-49.63506324216577,-207.72687561685873,24.265098706893365,-43.717331896580205,-208.096776333825,50.47003477403564,-71.08733843850395,25.955865652959698,1.453002504271375,-2.0540153287082616,1.1886372615885592
2.21,0.021437159057652158,-0.042693113496491936,0.01306338690078318,-0.6373781888915473,1.0186093181049987,-0.8703802849721127,0.0017979969115800099,0.0033738983445656305,0.0017978458052983267,-2.235637985467809,9.684471310182719,20.596913316477227,-3.426833396096412,12.071972783636912,19.8983085428128,24.26509812655404,-43.71733080722911,-208.09677419354838,17.457633030461036,-48.77727182476352,-208.0858983528611,24.265098706893365,-43.717331896580205,-208.096776333825,30.659461932050764,-35.35679248633662,2.0634602305111436,0.23020197978549164,-0.3940672077725273,-0.29537938465148306
2.22,0.014643072818071638,-0.03232582644172369,0.004461774047287703,-0.704658530758353,1.0446490960238208,-0.8426093684572967,0.0017979080608349612,0.0034624371131475665,0.0017978493985194644,-2.235637985467809,9.684471310182719,20.596913316477227,-3.0340532656871,11.476740376342635,20.38920623656844,24.26509812655404,-43.71733080722911,-208.09677419354838,19.91099573973075,-47.763618702154005,-208.4753779381009,24.265098706893365,-43.717331896580205,-208.096776333825,12.183174556493956,-18.98899470294474,-18.03373985492893,-0.1009588548943892,-0.11401884063362472,-0.6246170625492414
2.23,0.0074993476206488136,-0.021934160405983782,-0.003550239896439711,-0.7141992928791425,1.028968721058376,-0.7601422136622598,0.0017979001998520829,0.003408909632623743,0.0017978725191908611,-2.235637985467809,9.684471310182719,20.596913316477227,-2.624508885137373,10.882457155364252,20.843265752218443,24.26509812655404,-43.71733080722911,-208.09677419354838,22.28361117633263,-46.65638240549954,-208.8391174259571,24.265098706893365,-43.717331896580205,-208.096776333825,-5.30942250942662,-4.707534620682658,-34.82065934885641,-0.39818033165929995,0.12102887100717138,-0.8817262192166053
2.24,0.03493247341200136,-0.05208386813470206,0.013337514030906938,-0.6741460599624276,0.9774104650147765,-0.637093129653554,0.0018167846954427525,0.002702701742944811,0.0017979974452560206,-0.2651349697802034,7.382100992436891,21.962833856707654,-2.2257323862852947,10.308633298153792,21.23618660254926,32.568624136111104,-37.937906134639555,-209.43548387096774,24.4715093000163,-45.50951486133913,-209.13854862208308,32.568624915647824,-37.93790706927181,-209.43548601478076,62.3024186213811,-62.88048767328348,11.842531175631354,1.8615990442749553,-1.8246305879826539,0.7355965188728094
2.25,0.027087045151210784,-0.04172590903449416,0.00671791368768232,-0.8464339484816711,1.059920412154445,-0.6630019963973108,0.0017988562415268993,0.003515099743890344,0.0017979548477757333,-0.2651349697802034,7.382100992436891,21.962833856707654,-1.7679936179339621,9.711888732796162,21.615820822916938,32.568624136111104,-37.937906134639555,-209.43548387096774,26.687711263384347,-44.17466126021581,-209.47435611213587,32.568624915647824,-37.93790706927181,-209.43548601478076,37.2460485205479,-31.880127048466647,-6.0882020129159695,0.27679063804416665,-0.32758649030299364,-0.36926331923767064
2.26,0.01816067876458083,-0.03100832717742824,0.00025192769650289604,-0.918752953228233,1.0748825542001097,-0.626606396308046,0.0017978563000367145,0.003567108041011392,0.0017980186008319178,-0.2651349697802034,7.382100992436891,21.962833856707654,-1.2528506537999573,9.097207848271253,21.98396127457701,32.568624136111104,-37.937906134639555,-209.43548387096774,28.926035671930876,-42.662990554769124,-209.84528684909975,32.568624915647824,-37.93790706927181,-209.43548601478076,13.1595048071129,-15.963333243317791,-20.72721106013485,-0.15029774339539492,-0.057694411343395355,-0.604264351967198
2.27,0.00892274024662433,-0.02036712006847824,-0.005629425499236174,-0.9176600585592777,1.0497669030151326,-0.5516992562572157,0.0017978422528755807,0.0034800322858992514,0.0017982675535123574,-0.2651349697802034,7.382100992436891,21.962833856707654,-0.7240066358218675,8.48916154144718,22.316459957334917,32.568624136111104,-37.937906134639555,-209.43548387096774,31.069932475356214,-41.0717600862586,-210.1906919291077,32.568624915647824,-37.93790706927181,-209.43548601478076,-9.329306689451576,-1.8375494441142357,-32.641800323366546,-0.5281990590230604,0.1723783493472698,-0.7819050115579824
2.28,0.041467259771858896,-0.048217176862237754,0.004649708280688225,-0.8543668283198964,0.9894813469669568,-0.4494109189067875,0.001975059988494432,0.0032772170746485883,0.001799181104631196,2.107996036567394,5.202341717491665,22.83667578954966,-0.2165071557890287,7.907134633715669,22.59654157307056,39.53878684688493,-30.605299127383134,-210.7741935483871,33.03127918662589,-39.48430757196253,-210.46953773271923,39.538787794262944,-30.60529987044348,-210.77419569333654,65.78495415451364,-46.1802520440397,-3.18402068765406,2.0199023047407105,-1.358342750978532,0.25580879806938867
2.29,0.031730967075941176,-0.03788525530003173,0.0001252199885218297,-1.0406042663982695,1.0510854249890182,-0.44277501117667684,0.0018037964897905658,0.003484574467743489,0.0017992820414178823,2.107996036567394,5.202341717491665,22.83667578954966,0.3502253981729106,7.3126574045289185,22.854683270010383,39.53878684688493,-30.605299127383134,-210.7741935483871,34.97676012104207,-37.70606358063701,-210.78345733478963,39.538787794262944,-30.60529987044348,-210.77419569333654,41.84497537418574,-27.47398493160092,-14.43825631581534,0.29551764486954585,-0.259296838126878,-0.4430284259426939
2.3,0.020849162485749088,-0.027324024433353813,-0.004078478273691455,-1.1132068200269891,1.054000614952797,-0.3982242354247879,0.001797888163828056,0.0034946296786323105,0.0018001833639562188,2.107996036567394,5.202341717491665,22.83667578954966,0.977339265319244,6.707613228623857,23.09284144604115,39.53878684688493,-30.605299127383134,-210.7741935483871,36.907281868145155,-35.7375369958052,-211.13238319539332,39.538787794262944,-30.60529987044348,-210.77419569333654,12.780892256674523,-12.075891959894761,-23.34595852150892,-0.2161819483437181,-0.0009506367397112864,-0.5793074246821808
2.31,0.009729868137767727,-0.016950358563733406,-0.0077118934890329505,-1.0987839566337965,1.0183591632494136,-0.3321729476051254,0.0017978400651233633,0.003373056655526877,0.0018026129209620777,2.107996036567394,5.202341717491665,22.83667578954966,1.6131438098206148,6.11549343516165,23.297138272593035,39.53878684688493,-30.605299127383134,-210.7741935483871,38.73021259545625,-33.71005603892492,-211.45500423652263,39.538787794262944,-30.60529987044348,-210.77419569333654,-14.143953232539241,1.8141033010912695,-30.123240748612353,-0.6645197833989571,0.22250867926550025,-0.6733613792172701
2.32,-0.0008310003455545764,-0.007125161842771829,-0.010603852435588978,-1.0114281446161215,0.9481849535853074,-0.2525871384502286,0.0017978401206628148,0.0031454397407860825,0.0018061415359561504,2.107996036567394,5.202341717491665,22.83667578954966,2.212865515645509,5.556763030740452,23.458222296257325,39.53878684688493,-30.605299127383134,-210.7741935483871,40.37098727483095,-31.74430792846142,-211.70760866053462,39.538787794262944,-30.60529987044348,-210.77419569333654,-37.372370607936205,14.972775513716487,-34.69356492447176,-1.0286088921099066,0.4249832739339285,-0.7263830528701516
2.33,0.03517856347898773,-0.03141833722542673,-0.006306193003445981,-1.168099815887426,0.9797881244516327,-0.2111687096284474,0.0018104156567895066,0.003245687884514762,0.0018079404191911385,4.799036371624525,3.2563779656583094,23.21463326443068,2.8510844590616373,5.000325214458776,23.587785955766822,44.890226978537086,-22.01970757788171,-212.11290322580646,41.93616810331114,-29.639058869351487,-211.9707092265745,44.89022805501005,-22.019708101742673,-212.11290536831197,45.75354761386192,-22.46100127899257,-22.035290649334097,0.32430617727611566,-0.1980051273616812,-0.5011046735625626
2.34,0.022994299246859883,-0.021637256914833834,-0.008151036801396783,-1.2441377112862242,0.9707693500251359,-0.161633085395782,0.0017979007993816848,0.0032166707140453446,0.001810814426282647,4.799036371624525,3.2563779656583094,23.21463326443068,3.5529614567899706,4.440653717487174,23.690611991954697,44.890226978537086,-22.01970757788171,-212.11290322580646,43.45362711331442,-27.332062986357748,-212.27258914954282,44.89022805501005,-22.019708101742673,-212.11290536831197,13.227734990817524,-7.685081680928529,-25.058561179624046,-0.24863803547956126,0.04713320392363411,-0.5370344217466518
2.35,0.010593279982730394,-0.012154817544620923,-0.009472342454520444,-1.2233513966645584,0.9245568238965879,-0.10767597008397625,0.0017978400651233635,0.0030732715471428152,0.0018152099413840399,4.799036371624525,3.2563779656583094,23.21463326443068,4.261787914563018,3.9001978707667906,23.763214851072522,44.890226978537086,-22.01970757788171,-212.11290322580646,44.856868880502454,-24.983003679839936,-212.55698293500254,44.89022805501005,-22.019708101742673,-212.11290536831197,-16.922051691770765,5.848503570866136,-26.640817815509525,-0.7491687636228956,0.2619063767371345,-0.5475709487723525
2.36,0.04956532257013743,-0.03152952593131232,-0.012161171732760934,-1.1216488274549838,0.8445595677690171,-0.0537210073572071,0.0031473447990041626,0.0028488426657916188,0.0018215522077156363,7.704241968549939,1.6402187071901086,23.105170237632095,4.930555293642531,3.39752904435791,23.80458654509748,48.40385594331021,-12.532626612936024,-213.4516129032258,46.095798526025746,-22.72993214709176,-212.7863558584485,48.40385710432829,-12.532626900301063,-213.4516150397878,46.5347815843659,-28.532005902740053,-29.92970219444311,1.541425261963205,-0.9688699362619952,-0.6267314625340525
2.37,0.037283379356167476,-0.022871672112489024,-0.012335277655306398,-1.2971211750948533,0.8681585116899929,0.01014939910314689,0.0018123698229879758,0.002911699455459738,0.0018329607762325613,7.704241968549939,1.6402187071901086,23.105170237632095,5.6430676055717575,2.900982625980205,23.811016499061836,48.40385594331021,-12.532626612936024,-213.4516129032258,47.2425706596525,-20.3217922751242,-213.03278402113548,48.40385710432829,-12.532626900301063,-213.4516150397878,46.31709805982306,-14.96867978939936,-28.92203482302341,0.29565802884835723,-0.10612245496522665,-0.5505855442008643
2.38,0.02384072629190681,-0.014305702586006771,-0.01193284410567852,-1.3660757866186264,0.8416198537257294,0.06322600584022153,0.0017978801222606102,0.002841213346001209,0.00184746825705574,7.704241968549939,1.6402187071901086,23.105170237632095,6.416590247613821,2.4119188923832287,23.784980759549512,48.40385594331021,-12.532626612936024,-213.4516129032258,48.30406090715814,-17.719723974852375,-213.3186069398377,48.40385710432829,-12.532626900301063,-213.4516150397878,10.714435860530225,-1.1582771003180024,-26.221434641589074,-0.3278421356229978,0.11849229088208953,-0.4893521087314246
2.39,0.010295943981919076,-0.006199260218058448,-0.011062877069533239,-1.3305460735625787,0.7803696040040581,0.10459835115446933,0.0017978400651233637,0.0026925522117740297,0.0018635743335090197,7.704241968549939,1.6402187071901086,23.105170237632095,7.190067399837807,1.9511508524844032,23.732835516772337,48.40385594331021,-12.532626612936024,-213.4516129032258,49.24099037978552,-15.109270445251026,-213.59432686117935,48.40385710432829,-12.532626900301063,-213.4516150397878,-21.984124036833457,11.620378102054069,-22.814416161758384,-0.8666105943576262,0.31640697372358945,-0.42002538444007914
2.4,0.049995268087561606,-0.019993204179603,-0.01991741136521802,-1.208560747083566,0.6877936091878775,0.13346272210730847,0.002965742468608152,0.0025042493170812853,0.0018782753617934778,10.706353684437484,0.4305323075002281,22.52822237301861,7.913129474709364,1.536106796476098,23.66089175148966,49.93582535855264,-2.532458441935633,-214.79032258064515,50.02415785197231,-12.64855475571359,-213.8291369032375,49.93582655587083,-2.53245848608058,-214.7903247090112,47.99070657627702,-16.628321465509895,-41.53347423289736,1.6512891050238945,-0.7199901457671276,-1.026107756352206
2.41,0.03684221759085765,-0.013068186872284964,-0.018063610061033075,-1.379478156032014,0.6837731174298054,0.21894619503244223,0.0018060345919498808,0.002497018913738411,0.00194765070457199,10.706353684437484,0.4305323075002281,22.52822237301861,8.675085416128026,1.1402897140082269,23.55027860087509,49.93582535855264,-2.532458441935633,-214.79032258064515,50.67844448966178,-10.053208152626647,-214.08906577057417,49.93582655587083,-2.53245848608058,-214.7903247090112,42.37315523596537,-5.353719615928576,-33.87190420252336,0.20298849105124775,0.001025127896199774,-0.5709410625529218
2.42,0.022668404052475444,-0.00645837345725858,-0.015566787202859311,-1.4311329104200203,0.6377010702386692,0.27077056342253536,0.0017978522436913854,0.0024193689471895888,0.0020193509244621458,10.706353684437484,0.4305323075002281,22.52822237301861,9.489490542494037,0.7643906975560936,23.404405832579997,49.93582535855264,-2.532458441935633,-214.79032258064515,51.21338826233587,-7.292517390091969,-214.3898478829731,49.93582655587083,-2.53245848608058,-214.7903247090112,5.177105190085329,6.498516097396521,-25.715349087910095,-0.44020621144315164,0.1871815480975947,-0.4193202244733218
2.43,0.00857953802564182,-0.00047031400000941033,-0.012693719296914097,-1.3760396186555404,0.5630488688664814,0.2973406636222201,0.0017978400651233635,0.002312425421741708,0.0020692238998590786,10.706353684437484,0.4305323075002281,22.52822237301861,10.293013228109086,0.4257261370746876,23.238401166071416,49.93582535855264,-2.532458441935633,-214.79032258064515,51.61913090761188,-4.569242203474798,-214.68959717445898,49.93582655587083,-2.53245848608058,-214.7903247090112,-28.285699868724958,17.04916034128079,-18.205808294176,-0.9856798128860752,0.3430396528844965,-0.28633931984619987
2.44,0.0474931372271801,-0.008403702095566255,-0.02734101918992793,-1.2339547683126602,0.46490425033171395,0.30267218500150384,0.0023643184779318055,0.002202095304818304,0.0020764214461266024,13.683166615000156,-0.31666403326856596,21.51604044190462,11.035077312216568,0.13799943948913135,23.064075301023507,49.42341621640557,7.571388875228833,-216.1290322580645,51.888797506339166,-2.0478976305566454,-214.9637704502856,49.42341740039225,7.571389070974364,-216.12903437787733,55.52054223484367,-3.3051474265948926,-49.100492241429436,1.9574081144474618,-0.4175003687625199,-1.3062700896554285
2.45,0.0340733353989508,-0.0038956546283769504,-0.023699957913010272,-1.3971751284202567,0.4307853900251452,0.40113970412701544,0.0018005092098457632,0.0021704989276631202,0.002145492681539822,13.683166615000156,-0.31666403326856596,21.51604044190462,11.811420102442451,-0.1178418953761747,22.850573046307016,49.42341621640557,7.571388875228833,-216.1290322580645,52.00256432657751,0.5850078316242311,-215.27700873883126,49.42341740039225,7.571389070974364,-216.12903437787733,34.89974967274825,4.844380041265979,-37.37399638252031,0.07114560235993944,0.0970744023050352,-0.5779361319669479
2.46,0.019850655330982736,9.316905667447646e-05,-0.019372743530107095,-1.4259647384822467,0.3700924694452994,0.45325586196235823,0.0017978414906817558,0.0021215217895970088,0.0021909567061618087,13.683166615000156,-0.31666403326856596,21.51604044190462,12.62733144827186,-0.34280614374982915,22.599857168430038,49.42341621640557,7.571388875228833,-216.1290322580645,51.967485121758386,3.3441841756333215,-215.63109847449027,49.42341740039225,7.571389070974364,-216.12903437787733,-1.7461107785939858,12.507154164195354,-26.09400756441963,-0.5540214678745141,0.2077283116923609,-0.37387073373982277
2.47,0.005923262937983703,0.0033870997796223243,-0.01470990778225395,-1.3515154592172491,0.2942494747134675,0.4723404099041094,0.0017978400651233637,0.002062871250943468,0.0022094038680732305,13.683166615000156,-0.31666403326856596,21.51604044190462,13.42051671487012,-0.5271183661818144,22.331777367374922,49.42341621640557,7.571388875228833,-216.1290322580645,51.801669690081525,6.02846139449499,-215.98630886025018,49.42341740039225,7.571389070974364,-216.12903437787733,-34.035186254990364,18.412085858623843,-15.631892691279718,-1.0737975401227429,0.2847805715305707,-0.19311330282942454
2.48,0.04268122472325345,0.0015194515038589665,-0.03446678576901946,-1.1944642806404717,0.20770955748182057,0.4630427843313861,0.0019474225447328537,0.001935633970083764,0.0022002901210498023,16.517481677844238,-0.5653902002473625,20.115119085885265,14.142997016286614,-0.664142095159829,22.06198608005213,46.88760660735402,17.365262642241014,-217.46774193548387,51.5231579222558,8.480350874147728,-216.31912014210596,46.88760772920564,17.365263065447746,-217.46774404821323,58.672205289662834,10.003413159191524,-57.0328897009015,2.1230457392069404,-0.05467797704640836,-1.5717607154541013
2.49,0.02973295832556405,0.0032789740905818775,-0.029131395308100216,-1.3384166327393292,0.14736922867779995,0.5737893109227868,0.001798515832309146,0.00188662745916673,0.002326484837115458,16.517481677844238,-0.5653902002473625,20.115119085885265,14.89091323657639,-0.7613347655667604,21.75094077107906,46.88760660735402,17.365262642241014,-217.46774193548387,51.06563841948545,11.017469050693498,-216.69351764098084,46.88760772920564,17.365263065447746,-217.46774404821323,26.33325605667279,12.988237263761114,-40.250356127924036,-0.05442247269103375,0.1478215743156143,-0.5765070523498063
2.5,0.01621915743332597,0.0043958901063546885,-0.02307618034431208,-1.3464151373701598,0.08253647852124461,0.6249202926760532,0.0017978400651233633,0.0018543565738163026,0.002399470880611972,16.517481677844238,-0.5653902002473625,20.115119085885265,15.665065732709074,-0.8216173537316803,21.401321473850686,46.88760660735402,17.365262642241014,-217.46774193548387,50.44041953490174,13.643800816865285,-217.1032197549345,46.88760772920564,17.365263065447746,-217.46774404821323,-7.750812560999907,14.558054957573512,-25.6785494064468,-0.6295547528399237,0.15411037280569956,-0.3183612946049218
2.51,0.003162024559542176,0.004874496027230836,-0.0167356696652895,-1.2596319525603747,0.02018346501385814,0.6360500572372092,0.001797840065123363,0.0018352846931147435,0.002416759941880077,16.517481677844238,-0.5653902002473625,20.115119085885265,16.40773006824326,-0.8454944514477557,21.03760663973863,46.88760660735402,17.365262642241014,-217.46774193548387,49.69926664596877,16.17208963001341,-217.5071645073739,46.88760772920564,17.365263065447746,-217.46774404821323,-37.29983071779489,14.456988397776094,-12.705469125258748,-1.0994587999842567,0.1329054476386118,-0.09794815722857722
2.52,0.036579445049739534,0.009421818834101453,-0.04061298990904516,-1.0983697978533327,-0.03571392808617325,0.6136034030626655,0.0018260446814701806,0.0018242580848859833,0.0023824159616250753,19.106057572804612,-0.29841189458372674,18.388234114382744,17.07548004746318,-0.835550106361312,20.678503466337773,42.432212874737544,26.44820051634812,-218.80645161290323,48.887591695939214,18.460562336697013,-217.87805073695665,42.432213888461135,26.44820114653097,-218.80645372114623,51.522928923935325,21.68827379027437,-60.767942434734195,1.9458154271342931,0.3550416624611595,-1.7104804110831022
2.53,0.02474471631442393,0.008597463002436962,-0.03374961215843991,-1.2162738468388121,-0.11589997816376392,0.7258502244636031,0.0017980039138512272,0.0018144341626473465,0.002576518549584612,19.106057572804612,-0.29841189458372674,18.388234114382744,17.75818288301605,-0.7839813263857452,20.27997038192341,42.432212874737544,26.44820051634812,-218.80645161290323,47.89457699651267,20.802931778047824,-218.28249457667036,42.432213888461135,26.44820114653097,-218.80645372114623,18.56658163892936,17.637147581749527,-40.3723231564283,-0.1467798773755973,0.14423270605005245,-0.5361272631421314
2.54,0.012540894134876746,0.007097087884941912,-0.026202753388425815,-1.2099798357969624,-0.1750729967254801,0.7711473875988615,0.0017978400651233633,0.0018099417761819957,0.0026718583630214593,19.106057572804612,-0.29841189458372674,18.388234114382744,18.456528950851784,-0.6947365716106593,19.845241653645036,42.432212874737544,26.44820051634812,-218.80645161290323,46.734856230635636,23.202429029795038,-218.71237001940563,42.432213888461135,26.44820114653097,-218.80645372114623,-11.657042178479811,12.662475682703697,-23.940136906953526,-0.6525801349618409,0.04232404986384674,-0.2493381607726822
2.55,0.000872354774827222,0.0051125881179585626,-0.018446133174930046,-1.1204229256520144,-0.21461185320329498,0.7735387077175302,0.0017978400651233633,0.0018077728122421577,0.0026771824151740954,19.106057572804612,-0.29841189458372674,18.388234114382744,19.11953572512273,-0.5788807242786717,19.40090358136167,42.432212874737544,26.44820051634812,-218.80645161290323,45.48875317845074,25.49552455676815,-219.12311625856773,42.432213888461135,26.44820114653097,-218.80645372114623,-37.580282112685964,7.008026102665667,-9.683626563550801,-1.0607945192530261,-0.0651646248817783,-0.010005808860026173
2.56,0.02990579603349397,0.016490243446256634,-0.04530058669298864,-0.9664299185545715,-0.2347582335069114,0.7401057967246132,0.0018008580156400878,0.0018068587140699175,0.0026054132893716265,21.365548269971764,0.48368329322580994,16.41534880919797,19.709435245080048,-0.44658563775060034,18.966942101487984,36.239639361456,34.448345953784326,-220.14516129032256,44.22196203263207,27.560156966784376,-219.48493261746174,36.23964022564761,34.44834676335252,-220.14516339676788,40.67516794172485,32.71605571895842,-60.932003703517594,1.6214227101854848,0.7833083996901073,-1.7371638718783629
2.57,0.019561348247673027,0.01351633708798256,-0.0372011551362989,-1.0578417638502282,-0.33673813220297183,0.8462060188824813,0.0017978750937767828,0.0018023845383803613,0.002853135142701916,21.365548269971764,0.48368329322580994,16.41534880919797,20.30549187418134,-0.2710271853777443,18.497992362584846,36.239639361456,34.448345953784326,-220.14516129032256,42.778867247143985,29.64541338218379,-219.8747711500729,36.23964022564761,34.44834676335252,-220.14516339676788,11.563544694563536,22.32064208004389,-38.907738891216546,-0.21542041109430335,0.1545508347519845,-0.4797284815279267
2.58,0.009004291283254862,0.009800777843989882,-0.02849405449222797,-1.0422699141601972,-0.3946558284360185,0.8835841590877237,0.0017978400651233637,0.0018002756832813296,0.002954329122155003,21.365548269971764,0.48368329322580994,16.41534880919797,20.909032432143253,-0.05502795535442372,17.997242019427144,36.239639361456,34.448345953784326,-220.14516129032256,41.17195043824965,31.754346864353007,-220.28710400446857,36.23964022564761,34.44834676335252,-220.14516339676788,-14.207967477903205,11.671715270473069,-21.86654462572588,-0.6436025985137074,-0.04227953178654355,-0.18536057410195045
2.59,-0.0009974714882867164,0.005699186450198318,-0.019657359786527773,-0.9563853831662433,-0.4178603261388517,0.8778953102016752,0.0017978408417196564,0.0017997329872569989,0.0029384662117649977,21.365548269971764,0.48368329322580994,16.41534880919797,21.47681825196264,0.1811163452331979,17.491484386206913,36.239639361456,34.448345953784326,-220.14516129032256,39.503115143951014,33.75199642203462,-220.67440917474966,36.23964022564761,34.44834676335252,-220.14516339676788,-36.11070260011537,1.1259132219406758,-7.162079960397304,-0.9854766234875617,-0.22694232283061958,0.05929949274399071
2.6,0.022790792633596513,0.023859642849021263,-0.04813665353910679,-0.8168475695952844,-0.4100029235529262,0.8359320121270579,0.0017980085174520795,0.0017999022149128017,0.0028265814822170244,23.234630276352906,1.7624977512015216,14.292226246919443,21.977195741732974,0.42051512742657327,17.000890370395965,28.56341075473962,41.03817206036381,-221.48387096774195,37.85407892998009,35.538952235456904,-221.00479749363058,28.563411434256402,41.0381730155076,-221.4838730741722,28.556406544188544,45.20000265116227,-58.888457204008795,1.2374943860469252,1.2363328217991951,-1.6914631079200586
2.61,0.014124113301258734,0.018941334426737677,-0.03913600544300733,-0.8808388852864875,-0.5399413900761284,0.9319602533789298,0.0017978447770742275,0.001798328821163267,0.0030956137091462865,23.234630276352906,1.7624977512015216,14.292226246919443,22.47587898879088,0.7086741135891338,16.480867584179308,28.56341075473962,41.03817206036381,-221.48387096774195,36.029004007562875,37.30836778318281,-221.36658940625202,28.563411434256402,41.0381730155076,-221.4838730741722,4.490593233142109,28.717867045955586,-36.72094102854386,-0.2798740075727644,0.19927220909586277,-0.42191433674331674
2.62,0.005392429120053499,0.01315133969776798,-0.02961930736475421,-0.8574494570773881,-0.6030718009243704,0.9608165207354903,0.0017978473069082297,0.0017980760133138461,0.0031850216143654623,23.234630276352906,1.7624977512015216,14.292226246919443,22.974470614146405,1.043733802502937,15.93421173753666,28.56341075473962,41.03817206036381,-221.48387096774195,34.03733246656177,39.06310268593246,-221.75594027818744,28.563411434256402,41.0381730155076,-221.4838730741722,-16.475381474535244,12.502905537744152,-19.705784257367807,-0.6249930033310386,-0.0925985044208399,-0.13028757266984306
2.63,-0.002784110149210317,0.0070096689011728865,-0.020052355466006533,-0.7776572534467351,-0.6161774262446451,0.9475722046673024,0.001797865398016774,0.0017980422002326496,0.0031435368006936925,23.234630276352906,1.7624977512015216,14.292226246919443,23.438100218622207,1.3961087299520567,15.3870429912432,28.56341075473962,41.03817206036381,-221.48387096774195,32.00072973441672,40.700962705897666,-222.1209119668383,28.563411434256402,41.0381730155076,-221.4838730741722,-34.08615022089473,-2.960867896225304,-4.918537929907509,-0.8967069936166834,-0.35678301839245385,0.11384170681461563
2.64,0.015183821077224657,0.03132408191604292,-0.04862452350942181,-0.655615764825009,-0.5859250863920455,0.8983242281531677,0.001797965806515262,0.001802966131214967,0.0029961783123815654,24.672869282030717,3.500981383903185,12.126152144108088,23.84159562723638,1.7418515459529844,14.859304840188953,19.717792755665936,45.94789058101153,-222.82258064516128,30.016809473659855,42.14826101594708,-222.42637309291018,19.717793223230164,45.94789164268712,-222.82258275182383,15.52776387690606,57.68616596780428,-55.24190031020686,0.8192619896146635,1.6674296680920497,-1.599319711027215
2.65,0.008324645615080284,0.02445900652887209,-0.039074151109242505,-0.6903423787632103,-0.743443391577204,0.9817953831466159,0.0017979216821219694,0.0017981874393864289,0.0032521885851649304,24.672869282030717,3.500981383903185,12.126152144108088,24.235400336087192,2.1427531150752523,14.30845367872779,19.717792755665936,45.94789058101153,-222.82258064516128,27.856140977127946,43.53669908658292,-222.7689448690718,19.717793223230164,45.94789164268712,-222.82258275182383,-3.0546973997622144,35.2940686572394,-33.77784487610827,-0.3485124063284617,0.24725960737242145,-0.3618211044493032
2.66,0.0015553068896047018,0.016590324125355237,-0.02911277856337774,-0.6589270541368615,-0.8120135151194123,1.0011700305610982,0.0017979608020213403,0.0017978552967649142,0.0033156795801880757,24.672869282030717,3.500981383903185,12.126152144108088,24.62118926089417,2.5971297701226557,13.736852802541545,19.717792755665936,45.94789058101153,-222.82258064516128,25.526419143400556,44.869295587859995,-223.14460625367613,19.717793223230164,45.94789164268712,-222.82258275182383,-18.903346538521813,13.496829084242949,-17.075115489947738,-0.6052850831281539,-0.14008690081097558,-0.0777367672058293
2.67,-0.0046624821428355445,0.008402362585893844,-0.019187838597620993,-0.5859916506549605,-0.8151788395991659,0.9797745543672871,0.0017981281726262611,0.0017978545745213092,0.003245643987681158,24.672869282030717,3.500981383903185,12.126152144108088,24.973060812350855,3.0660997218639165,13.16963510093282,19.717792755665936,45.94789058101153,-222.82258064516128,23.168926658361926,46.07996488219088,-223.49663526478423,19.717793223230164,45.94789164268712,-222.82258275182383,-31.944154979769692,-6.928547669844019,-2.3746223279899263,-0.8023919309071579,-0.4845784591363597,0.1628969009180768
2.68,0.007212863908014622,0.03787282281943451,-0.046274683593144045,-0.48296358681166995,-0.7625832269040895,0.9228948776166201,0.0017987660025169626,0.0018508211961458419,0.0030682906424081336,25.657701315925028,5.64237176532368,10.029144431402703,25.27276884085241,3.518472542751936,12.62639223796453,10.064926004433014,48.97649706262472,-224.16129032258064,20.897827420957626,47.1234739873727,-223.7867096885435,10.064926242058748,48.97649818780421,-224.16129242812394,1.9881931674508453,66.27078263594393,-49.93297353662176,0.3838891493030791,1.9797701636931402,-1.469540815868687
2.69,0.002281964144183024,0.02911175408547302,-0.03656753546932273,-0.48758253680205704,-0.938829871045169,0.9914255039283075,0.001798719859817842,0.0018000724692856314,0.0032835816602999742,25.657701315925028,5.64237176532368,10.029144431402703,25.554746936105,4.028797592444594,12.067345793259458,10.064926004433014,48.97649706262472,-224.16129032258064,18.458057026415307,48.068595230209034,-224.11430995396742,10.064926242058748,48.97649818780421,-224.16129242812394,-10.83203829197145,40.00572990096524,-29.73534197257961,-0.417705218972877,0.26690508916389505,-0.29453117788771566
2.7,-0.002403650526971668,0.019274188509831758,-0.02657322767623882,-0.4485005012650607,-1.007880228646421,0.9995904707020061,0.0017991945516494085,0.001797870529982418,0.0033104547160135687,25.657701315925028,5.64237176532368,10.029144431402703,25.82080420870197,4.595925282488101,11.494488559824815,10.064926004433014,48.97649706262472,-224.16129032258064,15.855036064417323,48.91821546634487,-224.4759176553588,10.064926242058748,48.97649818780421,-224.16129242812394,-21.291478977269293,13.064722307545422,-13.535688506312207,-0.5816590232900204,-0.2073123432334147,-0.021548447945187375
2.71,-0.006549339146788069,0.009190344763979355,-0.016718340806194165,-0.38355973562699014,-0.9977721032788248,0.9684785346743557,0.0018005863638952146,0.0017978402066445307,0.0032093510939380215,25.657701315925028,5.64237176532368,10.029144431402703,26.05449230765567,5.172690698623912,10.931835835097816,10.064926004433014,48.97649706262472,-224.16129032258064,13.248113199528678,49.64433986509122,-224.81247704106588,10.064926242058748,48.97649818780421,-224.16129242812394,-29.51042994426357,-11.87584078412721,0.9340941235084329,-0.7002326815877242,-0.6235900083005872,0.21276308258148163
2.72,-0.0008093661968256449,0.04265354113512346,-0.040864219025394444,-0.30129804768275315,-0.9210715985197262,0.9025328715516485,0.001804478625543353,0.002057240013494557,0.003008322834588244,26.181032382006634,8.109987756862653,8.109987756862662,26.24486189917702,5.721287481882301,10.39856630553462,1.2246467991473532e-14,50.0,-225.5,10.767241051081738,50.231986024413374,-225.08476624233577,1.2033874066735997e-14,50.00000114325184,-225.5000021019788,-11.35922021375137,65.29867484656485,-42.53559381409365,-0.05036408497595545,2.016447485958621,-1.2975317700089621
2.73,-0.0037266411804811606,0.032286743821219877,-0.03146443953034411,-0.27683465729992524,-1.1010581163441502,0.9535814537122075,0.0018052825307851177,0.001803802809672376,0.0031622681277249528,26.181032382006634,8.109987756862653,8.109987756862662,26.41019041466502,6.323800361683393,9.8580545224374,1.2246467991473532e-14,50.0,-225.5,8.143250218390133,50.689308761421216,-225.38682620384571,1.2033874066735997e-14,50.00000114325184,-225.5000021019788,-18.328428051000195,42.141768051027086,-24.359189010041572,-0.4801067142908369,0.254244914824919,-0.21800461544455302
2.74,-0.006256882588249579,0.020841259972575937,-0.021923930306806172,-0.2316310006736467,-1.165765560832938,0.9483865918446216,0.0018069934828928234,0.0017978740752953237,0.0031460662964795587,26.181032382006634,8.109987756862653,8.109987756862662,26.55250115525625,6.98274079215791,9.311950775554125,1.2246467991473532e-14,50.0,-225.5,5.372516361026382,51.01611950698871,-225.72095980648453,1.2033874066735997e-14,50.00000114325184,-225.5000021019788,-23.238469728053683,11.135078788580856,-8.867936358834204,-0.5489984322526535,-0.2879012224997222,0.039926177734172404
2.75,-0.008275625773376427,0.00925237035126647,-0.012646307731825734,-0.17644143711584676,-1.1408460400384002,0.90559158718259,0.0018098569567763405,0.0017978400651233633,0.003017202949518401,26.181032382006634,8.109987756862653,8.109987756862662,26.66496450219507,7.644837953947536,8.783035668083528,1.2246467991473532e-14,50.0,-225.5,2.628129782591338,51.22254776837307,-226.0305728034425,1.2033874066735997e-14,50.00000114325184,-225.5000021019788,-26.52461112139271,-17.319401610343466,5.190982813216484,-0.5877259567334395,-0.7586569094021411,0.2643407930334893
2.76,-0.008568273253455605,0.04544426379495917,-0.03266330507787338,-0.11663564783079494,-1.0413800974415046,0.8288915808268568,0.0018143667690059177,0.0023969663215775666,0.00280870768716043,26.24660909502345,10.809060086860155,6.466856337413449,26.743958869308564,8.267196148235515,8.289963247730999,-10.06492600443299,48.97649706262473,-226.83870967741936,0.052617051470150195,51.32378353346097,-226.27935271341596,-10.064926239113188,48.976498177952365,-226.83871177316854,-24.058877553300466,57.85957443954829,-33.08054451046267,-0.472218088495131,1.8642036678989997,-1.0878777986006951
2.77,-0.00945529529256467,0.03391763191392386,-0.024120862647066393,-0.06543312155555382,-1.2161734395524413,0.8595401988971223,0.0018199675996744497,0.0018041876220695173,0.0028884132880134736,26.24660909502345,10.809060086860155,6.466856337413449,26.791814419730766,8.93600314133832,7.799652367226503,-10.06492600443299,48.97649706262473,-226.83870967741936,-2.629005264604322,51.269215900674354,-226.55103640051786,-10.064926239113188,48.976498177952365,-226.83871177316854,-25.16323639104496,42.08700783671896,-17.499599562796092,-0.5314614161336969,0.21867569815744037,-0.13203244909710582
2.78,-0.009834993822263494,0.021355283990733887,-0.015608780388328497,-0.016126053576092987,-1.2735134383987126,0.8387656303221025,0.0018276259071039684,0.0017978608035385563,0.0028338486697096535,26.24660909502345,10.809060086860155,6.466856337413449,26.810769135661417,9.658470309583446,7.3133499124810815,-10.06492600443299,48.97649706262473,-226.83870967741936,-5.432419929501216,51.054547357871115,-226.85466288296985,-10.064926239113188,48.976498177952365,-226.83871177316854,-24.508264601560747,8.268220626625569,-3.0181779309959733,-0.505647107148038,-0.36873379493335084,0.1050945832230989
2.79,-0.009749794101066855,0.008761280764823687,-0.007501865635786059,0.027676837318116185,-1.2345794014589742,0.7827294741574423,0.0018371329119681891,0.0017978400651233637,0.0026979177352478177,26.24660909502345,10.809060086860155,6.466856337413449,26.803416848149492,10.377321089553183,6.852258369839623,-10.06492600443299,48.97649706262473,-226.83870967741936,-8.176092728428264,50.727019354989736,-227.1400558388063,-10.064926239113188,48.976498177952365,-226.83871177316854,-22.88263213301066,-22.452234692244105,10.241896151863084,-0.4653667124703153,-0.8732113318663429,0.3124248236575666
2.8,-0.015861292570031993,0.04626714225407297,-0.022558301152090343,0.06386270352976857,-1.116366928012967,0.6950125642612318,0.0018476793909733787,0.0024106427721156567,0.0025174301531226003,25.868788275619313,13.631391701024409,5.181935144702023,26.773240636844438,11.046715899632405,6.433972524953981,-19.717792755665915,45.947890581011535,-228.17741935483872,-10.711053715034058,50.33045987996509,-227.37728603236934,-19.717793211894122,45.94789162377691,-228.17742144237747,-35.69406540962465,56.886568893803336,-22.12734755323146,-0.8718108503756511,1.9022458318877644,-0.8520483159062947
2.81,-0.014784103789667602,0.03400487261873883,-0.015499629049829156,0.1376153180347928,-1.2865257469137452,0.7014694165788021,0.0018806736784533367,0.0018024777901783078,0.0025294264130122177,25.868788275619313,13.631391701024409,5.181935144702023,26.707631163299336,11.757313105870438,6.02993850033123,-19.717792755665915,45.947890581011535,-228.17741935483872,-13.31699606051537,49.75539398445276,-227.64156793940538,-19.717793211894122,45.94789162377691,-228.17742144237747,-30.648557055232686,39.696846264760154,-9.047397728761183,-0.5626222389768952,0.1570951816927685,-0.037348586473096274
2.82,-0.013115601286270095,0.02079724110541742,-0.008666040129612931,0.18776514787942594,-1.332750504633627,0.6636742956625737,0.001916785046979086,0.001797849050060469,0.002461980605608694,25.868788275619313,13.631391701024409,5.181935144702023,26.609274092880366,12.516095691920635,5.640752830571205,-19.717792755665915,45.947890581011535,-228.17741935483872,-16.011174624092533,48.99957787562515,-227.94049371701237,-19.717793211894122,45.94789162377691,-228.17742144237747,-24.570582502910383,4.399496443750812,3.610127956579904,-0.4457632990674727,-0.4513434057891463,0.1644811371556288
2.83,-0.011053974897071384,0.007685560532528807,-0.002380087231278208,0.21838975088740692,-1.2799239844996457,0.5957093016103135,0.0019470300565694373,0.0017978400651233635,0.0023565133941846447,25.868788275619313,13.631391701024409,5.181935144702023,26.489504251185537,13.263799694453962,5.2846468082895175,-19.717792755665915,45.947890581011535,-228.17741935483872,-18.61143645479217,48.14541605540921,-228.23156617710356,-19.717793211894122,45.94789162377691,-228.17742144237747,-18.447305489507123,-27.254229024393187,14.913704596022802,-0.33426769210330237,-0.9671251061010875,0.33494822689144776
2.84,-0.022677965424396374,0.04497871789045413,-0.011986465073905078,0.23121271534559806,-1.1464153690874703,0.502361875645045,0.001962052993040973,0.0021749811924075915,0.0022405850688787345,25.072824513772424,16.462731340336575,4.318557792877297,26.35792719290238,13.953744457921298,4.976220809692576,-28.5634107547396,41.03817206036383,-229.51612903225805,-20.97168612164293,47.26236649194418,-228.4908480561368,-28.563411410302116,41.03817298911062,-229.5161311108858,-44.751939044104724,59.58984242394268,-9.620197203493293,-1.2015997121616324,2.0448223665756786,-0.5611662098885315
2.85,-0.019822776262669095,0.032436692658462885,-0.007023577068520276,0.31828358203958296,-1.3082523750211834,0.4815797369561037,0.002086082304402238,0.0018001399679652942,0.0022187150558973623,25.072824513772424,16.462731340336575,4.318557792877297,26.190000586611998,14.679659574329882,4.693626750890896,-28.5634107547396,41.03817206036383,-229.51612903225805,-23.36834056241136,46.189120492113474,-228.78706445821098,-28.563411410302116,41.03817298911062,-229.5161311108858,-33.43413434588816,34.83403278043445,0.1074471002911363,-0.5569422070381752,0.06886992875737508,0.050625310652406164
2.86,-0.016354191965684273,0.01909524742471891,-0.0024760083224892454,0.3658399836915702,-1.3394517869226967,0.42953067271331413,0.002118407259090321,0.001797842326147734,0.00216939528096377,25.072824513772424,16.462731340336575,4.318557792877297,25.988707623614694,15.445254077394218,4.436176233726521,-28.5634107547396,41.03817206036383,-229.51612903225805,-25.813934587325527,44.92923188682114,-229.1214322478271,-28.563411410302116,41.03817298911062,-229.5161311108858,-23.810296330467033,-0.33465977783992207,9.195097868398204,-0.3816148051074873,-0.5320907740132579,0.18783302617122147
2.87,-0.012565285256395942,0.005992609844531427,0.0014408888012016619,0.38565555106577104,-1.273084791554148,0.35825643187122486,0.002133264436269506,0.0017978400651233633,0.002112947656551332,25.072824513772424,16.462731340336575,4.318557792877297,25.770632349483616,16.19167533061357,4.215930978357975,-28.5634107547396,41.03817206036383,-229.51612903225805,-28.13823444343203,43.590645052104364,-229.45485178697413,-28.563411410302116,41.03817298911062,-229.5161311108858,-14.652555476699161,-31.415698087234023,16.530079737795422,-0.2222604890862929,-1.033988431881943,0.2896162706770798
2.88,-0.029248241756701154,0.04163047250625701,-0.002382305563702808,0.38116478583985713,-1.1282903823943644,0.27338120558556983,0.0021298195443317475,0.0019374276760245987,0.0020238000338102203,23.896348734382826,19.19163361210924,3.92046367885541,25.549071479149852,16.873510989433576,4.041341838475408,-36.239639361455986,34.44834595378434,-230.8548387096774,-30.209659474559146,42.261898446740716,-229.76421017379113,-36.239640186537805,34.44834673184497,-230.8548407800643,-51.704097879226865,60.0395385704892,3.1769910481353096,-1.4540819534312017,2.1091576532743423,-0.21153326086928695
2.89,-0.024800831412086333,0.029342951311496668,0.0001209794576533807,0.4817984832243767,-1.273876206221959,0.22690826623921329,0.0022189385413823822,0.0017986646913819935,0.0019568341612241007,23.896348734382826,19.19163361210924,3.92046367885541,25.289344309389342,17.583742074982364,3.900849730665771,-36.239639361455986,34.44834595378434,-230.8548387096774,-32.28403750404542,40.73533101861605,-230.11358367930768,-36.239640186537805,34.44834673184497,-230.8548407800643,-37.1380448201684,28.328088022566686,8.242796786309716,-0.5715141563645209,-0.029385122827845563,0.10994074696187003
2.9,-0.01968163763878733,0.016440315330045252,0.0020718306117863405,0.5307540065566935,-1.2886410350814328,0.16805695895690992,0.00227265269616746,0.0017978401522646687,0.0019008708830509677,23.896348734382826,19.19163361210924,3.92046367885541,24.9934514308434,18.323285397159882,3.792482577304311,-36.239639361455986,34.44834595378434,-230.8548387096774,-34.36938714112491,39.01632134711341,-230.49789434308224,-36.239640186537805,34.44834673184497,-230.8548407800643,-23.87006886509683,-5.097151977540124,12.049800178624253,-0.33518711569246684,-0.595565741852669,0.15580111437030816
2.91,-0.014274881656643867,0.003909219136531805,0.0034071089606920457,0.5438265131688437,-1.211615127990857,0.10501276286489641,0.002288318026536754,0.0017978400651233635,0.0018637628232962315,23.896348734382826,19.19163361210924,3.92046367885541,24.68310641300798,19.036382373755607,3.7195976485226794,-36.239639361455986,34.44834595378434,-230.8548387096774,-36.3190778635348,37.23759107315796,-230.8783402393491,-36.239640186537805,34.44834673184497,-230.8548407800643,-11.75870588044477,-34.239035562258024,14.096931909348271,-0.1283809052015379,-1.06157639406873,0.17048453089203708
2.92,-0.03517745404388478,0.0366558910393428,0.005713268020367299,0.5263031195738231,-1.0618883609470071,0.04256707325021022,0.0022674497383842486,0.001831677082086812,0.0018411315092382744,22.391320623732398,21.717845639575888,4.012243839636033,24.37526953757975,19.6807771881944,3.6829251034429293,-42.43221287473754,26.44820051634814,-232.19354838709677,-38.02379369984802,35.50601485709278,-231.23004649105067,-42.432213833494316,26.448201113210228,-232.19355045088503,-57.17123757684112,53.88866062044166,15.602048293560062,-1.650062199413734,1.9568333548902548,0.1930876752695884
2.93,-0.029225685703323234,0.025167874719509875,0.005747874631474026,0.6334091039055525,-1.1840021691759068,-0.026423559943518936,0.0024126105238547403,0.0017980775879550687,0.0018257984219922066,22.391320623732398,21.717845639575888,4.012243839636033,24.02915743224752,20.34391098974593,3.6847880504281862,-42.43221287473754,26.44820051634814,-232.19354838709677,-39.69887691470896,33.581911781420416,-231.61688146800583,-42.432213833494316,26.448201113210228,-232.19355045088503,-38.44125537942576,21.244935681801383,14.06704719587421,-0.5500746182844364,-0.1200571964714954,0.1290287178317656
2.94,-0.02260326688225489,0.013251724056604908,0.005157953806470814,0.6791505282297773,-1.1842522217702967,-0.08382764423350209,0.002488797805414101,0.0017978400651233633,0.0018177244458554788,22.391320623732398,21.717845639575888,4.012243839636033,23.647352987110917,21.026156003171064,3.7218073141335157,-42.43221287473754,26.44820051634814,-232.19354838709677,-41.3532160355557,31.475065994340614,-232.03078311274268,-42.432213833494316,26.448201113210228,-232.19355045088503,-22.587098656188513,-9.05947293615405,11.372815145376366,-0.2720853036796399,-0.6292132059271102,0.06585972913060592
2.95,-0.01575318767922229,0.001800563800169519,0.0040641338197236615,0.6842378849888453,-1.102010159136021,-0.1282230401918643,0.00249785091997089,0.0017978400651233633,0.0018133465560270787,22.391320623732398,21.717845639575888,4.012243839636033,23.254791768105754,21.677129118635303,3.786943098851109,-42.43221287473754,26.44820051634814,-232.19354838709677,-42.87315501849456,29.33621935651,-232.4296736754044,-42.432213833494316,26.448201113210228,-232.19355045088503,-8.55153221738056,-35.19165168000367,7.692475001313123,-0.035442801829014506,-1.0431157560136268,-0.010036316037372123
2.96,-0.03986565304391798,0.030646114950960757,0.012861909397092683,0.6550398622651882,-0.9554116882630264,-0.15848683024878013,0.002447484099170487,0.0018018245483781533,0.0018110295426195017,20.625440978679805,23.95836236159906,4.600000391608106,22.87056654773176,22.259215828055787,3.873059485770544,-46.887606607354016,17.365262642241035,-233.53225806451613,-44.17599756683645,27.28413818982077,-232.78585260255295,-46.88760765942921,17.36526303470163,-233.53226012362092,-58.90235863283421,43.75354053749249,27.040257441070935,-1.731696598855498,1.6616584359371103,0.6221761490651444
2.97,-0.032630089112587746,0.020387610555296642,0.010726843764418154,0.7598629057123588,-1.051400426657781,-0.24942630940356736,0.002647134772457437,0.001797894360182244,0.00180626319604351,20.625440978679805,23.95836236159906,4.600000391608106,22.451122735777986,22.850622639469957,4.00008580466671,-46.887606607354016,17.365262642241035,-233.53225806451613,-45.41897254340441,25.058046693875074,-233.17071500089716,-46.88760765942921,17.36526303470163,-233.53226012362092,-37.64690133851315,14.189703817792997,18.960883944900754,-0.5020386149941771,-0.1973025790180648,0.14173597124059703
2.98,-0.024778016766625888,0.009869576443805428,0.007899055816940517,0.7989575386681225,-1.0403795626279206,-0.305735932613486,0.002735593192137001,0.0017978400651233635,0.0018041719331566709,20.625440978679805,23.95836236159906,4.600000391608106,21.99925656395497,23.4521855166306,4.165167379261955,-46.887606607354016,17.365262642241035,-233.53225806451613,-46.61037007407902,22.667589798542082,-233.57783869295764,-46.88760765942921,17.36526303470163,-233.53226012362092,-20.541116295750893,-12.136293147163048,10.39892783209739,-0.20553966405278612,-0.6361614071301045,-0.019593393315908845
2.99,-0.016774017292385257,-0.0001356705297347327,0.004664766578047569,0.7958179759470099,-0.9584563562050895,-0.3337951580613841,0.0027281980056648924,0.0017978407918126083,0.001802530590317332,20.625440978679805,23.95836236159906,4.600000391608106,21.54105966738211,24.020393708613366,4.351930030947014,-46.887606607354016,17.365262642241035,-233.53225806451613,-47.671854118226335,20.271745111867997,-233.96253687473418,-46.88760765942921,17.36526303470163,-233.53226012362092,-5.603168288980867,-34.61013572356372,1.6721962618219077,0.043928331138715866,-0.988775744334242,-0.17526957019784078
3.0,-0.04292278238314429,0.024010816147425618,0.01999754905292865,0.7569324035599686,-0.8220555482682177,-0.3358940116137221,0.0026408222458614294,0.0017981271801142619,0.0018024259987099818,18.6819325723832,25.85018696503498,5.671566391141009,21.09640714089001,24.5231941333252,4.546409240454068,-49.42341621640556,7.571388875228859,-234.8709677419355,-48.54847229341121,17.994190781639777,-234.2952943911203,-49.42341731841188,7.571389048356713,-234.87096979781262,-57.87962071076477,32.07126287328087,39.11842037764236,-1.7248846427785154,1.3013350414271168,1.0654649852806628
3.01,-0.03470920480680023,0.01526131848142026,0.015908260382573355,0.853995852450607,-0.8912426239722029,-0.4528170966960122,0.0028736336167656867,0.0017978439180471241,0.0017991318238794014,18.6819325723832,25.85018696503498,5.671566391141009,20.621392354364158,25.026898722317256,4.786496204312333,-49.42341621640556,7.571388875228859,-234.8709677419355,-49.33084296661951,15.563466798649914,-234.65760649246627,-49.42341731841188,7.571389048356713,-234.87096979781262,-35.721542160197025,7.155629397276557,24.890242796499432,-0.4453433232663317,-0.26602468941635177,0.17813016889009486
3.02,-0.02596032861031705,0.006405025717396817,0.011012613004105859,0.8850439905352453,-0.8713657731778385,-0.5128471762956263,0.002958425819010395,0.001797845704381319,0.0017985035839848374,18.6819325723832,25.85018696503498,5.671566391141009,20.118602343632674,25.532822449841817,5.070177624738533,-49.42341621640556,7.571388875228859,-234.8709677419355,-50.026202193847524,12.987050678053423,-235.04501940242054,-49.42341731841188,7.571389048356713,-234.87096979781262,-18.27148233656423,-14.653500191152704,10.717949266677481,-0.14547996778367692,-0.6263271547885708,-0.0785720487347466
3.03,-0.017138504198218774,-0.0019228529844397824,0.005758170788213307,0.874087009235309,-0.7935597876162793,-0.5296021558262971,0.002927937828222793,0.001797860161261847,0.0017983896336796297,18.6819325723832,25.85018696503498,5.671566391141009,19.613995311389537,26.005228302025508,5.371961883630674,-49.42341621640556,7.571388875228859,-234.8709677419355,-50.59453181000303,10.426211209796021,-235.40917134749952,-49.42341731841188,7.571389048356713,-234.87096979781262,-3.0200978475286075,-33.05805769242558,-2.9394360958110815,0.10720615022790103,-0.9119178797765839,-0.313596690667958
3.04,-0.043971430610014295,0.016956666181374147,0.027158851635393,0.8271279839172352,-0.6720388352538853,-0.5084217530077407,0.002804270709201031,0.0017979427681997114,0.001798885412232997,16.656895630870522,27.349997803595997,7.19613817033026,19.12751341501223,26.418169942633067,5.671000720390179,-49.93582535855264,-2.532458441935609,-236.20967741935482,-51.01124586964098,8.006186986350274,-235.71780357335984,-49.935826465615534,-2.532458494057198,-236.20967947248008,-54.96614840889649,19.772615488011706,51.35172583400794,-1.6593113453459247,0.9104010052262798,1.4962444088453801
3.05,-0.035118720509132506,0.009888836759411934,0.021163210477444766,0.9132850327799081,-0.7139388106331781,-0.6517739500863471,0.003039741818294633,0.0017979004041121895,0.0017979718061009115,16.656895630870522,27.349997803595997,7.19613817033026,18.616476873170477,26.82428854054058,6.021450090374408,-49.93582535855264,-2.532458441935609,-236.20967741935482,-51.29749605986646,5.454070794414329,-236.0609639456447,-49.935826465615534,-2.532458494057198,-236.20967947248008,-33.0052977939003,0.0455717035019777,31.071521680364036,-0.3857721061266399,-0.3311009955697979,0.22038817923106435
3.06,-0.02582719829022545,0.002859787715964235,0.014239022055549971,0.9354017975602985,-0.6864491432625427,-0.7164628682927616,0.003106084256713643,0.0017979258297539673,0.001797898444911129,16.656895630870522,27.349997803595997,7.19613817033026,18.08309969441411,27.225167778395054,6.421533313840933,-49.93582535855264,-2.532458441935609,-236.20967741935482,-51.46017265332826,2.7754701436293976,-236.434471571567,-49.935826465615534,-2.532458494057198,-236.20967947248008,-15.685915721678379,-16.90284603428426,11.367282357231202,-0.09041209199212429,-0.6074789676961441,-0.1306524712025849
3.07,-0.016546063280249157,-0.003642910065378979,0.0069935970622865135,0.9164858476443771,-0.6149121455209853,-0.722973747980947,0.0030492027028452364,0.0017980452603317855,0.0017978936576057217,16.656895630870522,27.349997803595997,7.19613817033026,17.552628883167998,27.59342974741294,6.836728874773775,-49.93582535855264,-2.532458441935609,-236.20967741935482,-51.500259216018044,0.13096491841921784,-236.78553115694322,-49.935826465615534,-2.532458494057198,-236.20967947248008,-0.4166616068841767,-30.964887502067587,-7.179475514278311,0.16056486970107473,-0.822104477766939,-0.44467542123341874
3.08,-0.04260827415678475,0.009638245435342696,0.033607871508472165,0.8618305836798547,-0.5110209213816652,-0.6795686844206679,0.002894564780901709,0.0017985172102337205,0.001809635465722172,14.654146991811503,28.431773715603686,9.123707382544039,17.044791000310617,27.909603684192266,7.239245901844005,-48.40385594331021,-12.532626612936044,-237.5483870967742,-51.42584964345738,-2.3541518394869394,-237.07884677312185,-48.403857010740154,-12.532626886777035,-237.54838914649443,-50.400224205568435,7.137794326176865,61.42093687290458,-1.5507504455658614,0.5023060575493136,1.8572898370164055
3.09,-0.033487370087837476,0.004365526734878666,0.025756924218725358,0.9346265002548936,-0.5253674845726282,-0.843431470307714,0.0031037208509845245,0.0017984163778931256,0.0017984353237307947,14.654146991811503,28.431773715603686,9.123707382544039,16.519099903265378,28.21164242363568,7.696844641088202,-48.40385594331021,-12.532626612936044,-237.5483870967742,-51.18915235021363,-4.946348916492954,-237.40925544386292,-48.403857010740154,-12.532626886777035,-237.54838914649443,-29.32839865830731,-7.11095601074588,35.83516416821337,-0.32088903824067044,-0.3938672104519681,0.24139320638549122
3.1,-0.024040438213559168,-0.00072746646774835,0.016898608559096084,0.9464660874898122,-0.49107252227490095,-0.9090808799918779,0.003140105753034752,0.0017986864362119568,0.0017978473316035506,14.654146991811503,28.431773715603686,9.123707382544039,15.977397248366307,28.501292921412492,8.207715757544175,-48.40385594331021,-12.532626612936044,-237.5483870967742,-50.797016861221834,-7.6413902145116674,-237.77214241506226,-48.403857010740154,-12.532626886777035,-237.54838914649443,-12.417923366775256,-18.96566303096617,10.95926174028008,-0.03489013258972122,-0.5826504498704441,-0.19690658288021343
3.11,-0.014698801248284488,-0.00530770702939648,0.007786476906129131,0.9185596556949833,-0.42721115948854177,-0.902938616969578,0.0030553581231959545,0.0017995497470792991,0.0017978430934650043,14.654146991811503,28.431773715603686,9.123707382544039,15.443970407086107,28.759920901287998,8.729071363926252,-48.40385594331021,-12.532626612936044,-237.5483870967742,-50.29251409503406,-10.28174203021643,-238.111699420634,-48.403857010740154,-12.532626886777035,-237.54838914649443,2.6712612810676792,-28.483171827070795,-12.103980326461274,0.21079055343896955,-0.7233140516825717,-0.5829238110644513
3.12,-0.03857162496433003,0.0022497269508255924,0.0385487309526206,0.855445189772935,-0.3427761547451625,-0.8361361030735843,0.002877481915444986,0.0018021001079061834,0.0018646385377542717,12.77833105003254,29.083704130962634,11.385111452287845,14.938202371221005,28.974788720858896,9.226752651854962,-44.89022697853709,-22.01970757788169,-238.88709677419354,-49.71733289330468,-12.743616664443962,-238.3912695087273,-44.890227963595,-22.019708060471608,-238.88709881898436,-44.03271026922769,-5.509594364249097,66.49553713049016,-1.4030829147072292,0.08810698703625941,2.0763801244427413
3.13,-0.02960851141961346,-0.0011572339111899366,0.02905597314410993,0.9123937212870908,-0.3300426870000669,-1.0102147994515,0.003037115916152745,0.0018027230503450831,0.0018000254112211951,12.77833105003254,29.083704130962634,11.385111452287845,14.422390867984841,29.1687373022237,9.778791103219026,-44.89022697853709,-22.01970757788169,-238.88709677419354,-48.95816101201317,-15.279890043752694,-238.70525651946485,-44.890227963595,-22.019708060471608,-238.88709881898436,-24.436862557918882,-14.127862566505936,38.17993787016325,-0.24777789196487177,-0.4525413698774579,0.22977140991089431
3.14,-0.020452251544570144,-0.004252006706282452,0.018542501165244363,0.9121216686806518,-0.28997411265790396,-1.0717630554245214,0.003036315168859583,0.001804866873155545,0.0017978582130861339,12.77833105003254,29.083704130962634,11.385111452287845,13.898024723237182,29.34365841835742,10.384192811852808,-44.89022697853709,-22.01970757788169,-238.88709677419354,-48.02012420850662,-17.88875307234247,-239.05020491585913,-44.890227963595,-22.019708060471608,-238.88709881898436,-8.186246006870622,-20.72178650521942,9.012657370306595,0.024232489781846642,-0.5512224391744983,-0.2796571986051985
3.15,-0.011513035153636109,-0.006859547916435171,0.007877763242811392,0.8736580646241081,-0.2350805202186538,-1.050686421253413,0.002926756552027134,0.0018068449671218751,0.001797840065123364,12.77833105003254,29.083704130962634,11.385111452287845,13.388253551432602,29.489848628369472,10.993596283801335,-44.89022697853709,-22.01970757788169,-238.88709677419354,-46.98714119702306,-20.4189346333065,-239.37100043378175,-44.890227963595,-22.019708060471608,-238.88709881898436,6.503411802054131,-25.56731351782301,-17.711650089751352,0.2604751542132197,-0.6161712748949417,-0.7225874759061564
3.16,-0.03195812925268118,-0.004993820678478866,0.041598453240849986,0.8008866526068846,-0.1714385623419499,-0.9607035878558866,0.002740162542384467,0.001810170583866695,0.0019827874969491365,11.127716779715376,29.30551074460525,13.89369428016753,12.911960922255,29.60137487680611,11.567780769212312,-39.53878684688492,-30.60529912738315,-240.2258064516129,-45.93330868036342,-22.750651184229074,-239.63286733167615,-39.538787710512665,-30.60529979686685,-240.22580848963474,-35.646950749875856,-17.809601482258948,65.54632696598625,-1.2142860955094334,-0.32173469480369443,2.1220543534770453
3.17,-0.02365139042381581,-0.006511724092955085,0.030855667263108538,0.8391787504807158,-0.1329980736124672,-1.1346407213651606,0.0028349120223755226,0.001812950007542488,0.0018008351588917652,11.127716779715376,29.30551074460525,13.89369428016753,12.43474186902107,29.68597621182567,12.191365951047198,-39.53878684688492,-30.60529912738315,-240.2258064516129,-44.68556362591007,-25.116145828518363,-239.92412184815782,-39.538787710512665,-30.60529979686685,-240.22580848963474,-18.161576009675837,-20.767415195166592,38.192588066972476,-0.1655959887904198,-0.5046318584097147,0.19210375288059098
3.18,-0.01530711534703419,-0.007598026528981783,0.019133256456169312,0.8247920672561286,-0.08838706816848999,-1.188541946307587,0.0027984187382918387,0.0018172122030649046,0.0017978507376230095,11.127716779715376,29.30551074460525,13.89369428016753,11.957692679388622,29.74565005974583,12.865550399919485,-39.53878684688492,-30.60529912738315,-240.2258064516129,-43.244317794536386,-27.5182051184616,-240.2446611024087,-39.538787710512665,-30.60529979686685,-240.22580848963474,-2.909945232828493,-22.058235274928848,5.97670916438859,0.08616581761590326,-0.5128492772980634,-0.36648854903343525
3.19,-0.007308216014921071,-0.008233808220644456,0.007377310902809631,0.7744297570264667,-0.043489407489113875,-1.1526096514810533,0.002679173739179896,0.0018230485302115882,0.0017978400651233635,11.127716779715376,29.30551074460525,13.89369428016753,11.502468417146972,29.779514059825328,13.536589314128603,-39.53878684688492,-30.60529912738315,-240.2258064516129,-41.730823842829814,-29.816046501545333,-240.5442364912192,-39.538787710512665,-30.60529979686685,-240.22580848963474,10.980327607348833,-22.18437373234689,-23.221620231259276,0.3056821072892466,-0.5015644799332066,-0.8463839519590868
3.2,-0.02337336650336508,-0.011900653536065509,0.04275197524655461,0.6918133498924248,-0.001448584132601725,-1.0426153545925463,0.002511558833742623,0.0018304811118633238,0.0020654322353533643,9.788122924079953,29.106885546045785,16.54932769610454,11.086960487564548,29.788337816867283,14.16200280213324,-32.56862413611113,-37.93790613463952,-241.56451612903226,-40.24826032941442,-31.897941491537082,-240.79313382524822,-32.5686248444734,-37.93790696139656,-241.5645181587653,-25.30195019850765,-29.40562596359995,62.77053047856712,-0.9824249725092089,-0.7178896619941417,2.1104244690526985
3.21,-0.016289855184717178,-0.011558348298208454,0.031213484049751106,0.7080185712989328,0.06007804819206966,-1.2114418361835286,0.0025417957873803236,0.0018464387833539617,0.001800203863636429,9.788122924079953,29.106885546045785,16.54932769610454,10.680979048218166,29.765384201578,14.830851550565633,-32.56862413611113,-37.93790613463952,-241.56451612903226,-38.56860052631749,-33.97051368230961,-241.0712800812664,-32.5686248444734,-37.93790696139656,-241.5645181587653,-10.444830013297585,-26.592233961856806,36.18885837955468,-0.0755529433297792,-0.5443053224030481,0.13491957940317037
3.22,-0.009346428254189215,-0.01068741975970422,0.018775339679994507,0.6780784286100954,0.10721710782189817,-1.2552159673335446,0.0024869050985305776,0.0018647776636603758,0.001797844574340526,9.788122924079953,29.106885546045785,16.54932769610454,10.285058023331178,29.712858555471495,15.545440903020236,-32.56862413611113,-37.93790613463952,-241.56451612903226,-36.69014234427882,-36.040288536470335,-241.37970285208857,-32.5686248444734,-37.93790696139656,-241.5645181587653,3.0828255861993035,-22.591835784181594,2.293883276564496,0.1430780258682744,-0.46295788450638187,-0.44865219566641856
3.23,-0.002879752173604866,-0.009418971630873685,0.006424959488997906,0.6165631654214085,0.14085559616702967,-1.2057307979454017,0.002386825995777756,0.001882598767413104,0.0017978400651233635,9.788122924079953,29.106885546045785,16.54932769610454,9.918236270828714,29.638332594874385,16.249746779742892,-32.56862413611113,-37.93790613463952,-241.56451612903226,-34.7665466435689,-37.98276762953883,-241.67509143431187,-32.5686248444734,-37.93790696139656,-241.5645181587653,15.197162951855672,-18.12659254676018,-28.070384513742084,0.32912780383172907,-0.3780699655192296,-0.9438823436829329
3.24,-0.013923254031175558,-0.018353253791865032,0.04204900638038489,0.5280414354619395,0.16104916318176973,-1.0801905220002863,0.0022694739793999922,0.001895781271347865,0.0019921924761376383,8.828849778503123,28.507300577783056,19.24484744004178,9.595899481739737,29.54879880005981,16.89999586587441,-24.265098126554044,-43.71733080722911,-242.90322580645162,-32.92441417604056,-39.70057095425452,-241.93340328333736,-24.265098652293776,-43.7173317554395,-242.90322782716257,-13.367392811286331,-39.42349334042341,62.14587166742561,-0.6981698643688677,-1.0753905140078803,2.1533813195097387
3.25,-0.008633405546384004,-0.016259433726021344,0.030171892347218676,0.5190033381897374,0.23989507844134694,-1.2401460941501008,0.0022590576596329816,0.0019731329685830777,0.0017992076886267617,8.828849778503123,28.507300577783056,19.24484744004178,9.293957078991221,29.424822914064627,17.587624386395564,-24.265098126554044,-43.71733080722911,-242.90322580645162,-30.889430892482256,-41.369132698369874,-242.22624813600942,-24.265098652293776,-43.7173317554395,-242.90322782716257,-1.890727533679238,-30.45252430582109,32.298150845537926,0.01131890584896309,-0.5547255755958848,0.06082862221008377
3.26,-0.0036650510560174154,-0.013588478632789336,0.017514718449123,0.47494738551414045,0.2854134460572753,-1.271545087002006,0.0022120051805685184,0.0020455454584835733,0.001797841232943539,8.828849778503123,28.507300577783056,19.24484744004178,9.011957386729962,29.269329698204693,18.314054047118336,-24.265098126554044,-43.71733080722911,-242.90322580645162,-28.663776664017362,-42.99744162354704,-242.5523390383748,-24.265098652293776,-43.7173317554395,-242.90322782716257,8.410032625265785,-21.596142164062016,-1.7986021749978724,0.17141513540951156,-0.3931685891210535,-0.5220163125864054
3.27,0.0007348676937634913,-0.010599372835400134,0.00506757248588291,0.4084129707563909,0.306627410464984,-1.2100903883753915,0.0021514289360805325,0.002078827800961865,0.0017978400651233635,8.828849778503123,28.507300577783056,19.24484744004178,8.763784862123446,29.096977156248638,19.02322341908924,-24.265098126554044,-43.71733080722911,-242.90322580645162,-26.42453525014312,-44.485095311415705,-242.87347747594677,-24.265098652293776,-43.7173317554395,-242.90322782716257,17.05253573709724,-13.552367718067208,-31.94681266656595,0.29684160445595975,-0.25265022553280386,-1.009803031293387
3.28,-0.00484678862795529,-0.0244474124905929,0.039550471454905256,0.32494962257647925,0.3074027326109328,-1.0737945582707316,0.0020903437700120174,0.002079302754473605,0.0018849650143299315,8.300686654011697,27.53704111623567,21.874018730928498,8.559676917092983,28.919089044461558,19.671932144270148,-14.968156148667934,-47.70696282000243,-244.24193548387098,-24.311712810405517,-45.75547194720654,-243.16760965830133,-14.968156471866829,-47.706963849448854,-244.24193749574798,-0.8468765839066896,-45.99978143166563,59.80500887058261,-0.35612442253494003,-1.3291560768362867,2.1298327426701014
3.29,-0.0017518603579150527,-0.020808805278804576,0.027814238673322778,0.29076221933793456,0.39749838778712765,-1.218753917283497,0.002055886078787814,0.002142567438984927,0.0017984376393745689,8.300686654011697,27.53704111623567,21.874018730928498,8.384670120382843,28.7061700642561,20.35056578657842,-14.968156148667934,-47.70696282000243,-244.24193548387098,-22.02012646662328,-46.9435578868883,-243.49976865282332,-14.968156471866829,-47.706963849448854,-244.24193749574798,6.008390298675817,-33.45151198213674,26.987398266799488,0.07481204434048684,-0.5599587095691291,-0.021445793470378196
3.3,0.0008768151831693716,-0.01655170316411808,0.015448782979781528,0.23825596197031448,0.44377294037386267,-1.236616392913273,0.0019709831086020214,0.002182161015347605,0.0017978400651233637,8.300686654011697,27.53704111623567,21.874018730928498,8.23713350539102,28.459795272542927,21.05952894056352,-14.968156148667934,-47.70696282000243,-244.24193548387098,-19.550807944547735,-48.05736878810428,-243.86459163341286,-14.968156471866829,-47.706963849448854,-244.24193749574798,11.680376626648728,-21.604981532349203,-5.7940830322113,0.15432330615394335,-0.3477696605253867,-0.5778297814329463
3.31,0.0029234593987719215,-0.012007935311818319,0.0034057610349296774,0.17609268989995902,0.45865889068986054,-1.1658391334446672,0.0019070574427483863,0.0021960768101268653,0.0017978400651233637,8.300686654011697,27.53704111623567,21.874018730928498,8.123471135733976,28.19877028164848,21.74503430279618,-14.968156148667934,-47.70696282000243,-244.24193548387098,-17.090386191265168,-49.02513376728154,-244.2249481601657,-14.968156471866829,-47.706963849448854,-244.24193749574798,15.662876326337232,-10.549679355156,-34.46741862802485,0.20201650093499127,-0.1579107503871967,-1.0379510611954428
3.32,0.003179660756961883,-0.030124226196662995,0.03550394946331775,0.10932015117066712,0.44634085684691865,-1.0245233155918918,0.0018657617275464383,0.002184519118646413,0.001821031834659047,8.235422327420148,26.238955885524522,24.339419424184243,8.047278528016523,27.93808640208655,22.366193686639956,-5.0584160993716045,-49.74346616959476,-245.5806451612903,-14.785947245929327,-49.79611013707256,-244.5582845306628,-5.058416208258208,-49.74346723749705,-245.58064716523248,11.75505105483032,-52.663759820655685,53.63089898129106,0.036740941968713865,-1.5668209846183963,1.9729396774349202
3.33,0.003956117561522338,-0.02502116695086498,0.024381917349452553,0.05151137608120638,0.5465737310736491,-1.1487564871847966,0.001843754748796665,0.0022916842053303855,0.0017980451081191851,8.235422327420148,26.238955885524522,24.339419424184243,8.006128226566751,27.640880187200874,23.008519292459773,-5.0584160993716045,-49.74346616959476,-245.5806451612903,-12.319068378404598,-50.454205523345124,-244.92688785962463,-5.058416208258208,-49.74346723749705,-245.58064716523248,12.586862210990265,-35.720416506194454,20.88803471032325,0.11137233995243183,-0.5546521892715848,-0.10195462037185328
3.34,0.0041662349357977635,-0.019272937228746234,0.012794044478615929,-0.0031141083363119167,0.5918272237609474,-1.153667113812009,0.0018301419101683354,0.0023510619257192797,0.0017978400651233637,8.235422327420148,26.238955885524522,24.339419424184243,7.997186743480665,27.30916958347698,23.67223229293633,-5.0584160993716045,-49.74346616959476,-245.5806451612903,-9.693005589798481,-51.01048605857694,-245.32303969647958,-5.058416208258208,-49.74346723749705,-245.58064716523248,12.050831362876007,-20.745160647076208,-9.312599313190749,0.08530417856133317,-0.29084065579245705,-0.6108738733419379
3.35,0.0038660051548585483,-0.013283998553631049,0.0016162683881592588,-0.050804417978375344,0.5994805010156068,-1.0774838046192123,0.0018219681502392785,0.002361865182725005,0.0017978400651233633,8.235422327420148,26.238955885524522,24.339419424184243,8.017073370680423,26.965787168090564,24.30789454181193,-5.0584160993716045,-49.74346616959476,-245.5806451612903,-7.098058614337582,-51.43068949701644,-245.70714590879473,-5.058416208258208,-49.74346723749705,-245.58064716523248,10.259955284424704,-7.207917319049534,-35.455986065329675,0.04014369000846995,-0.06155269925680943,-1.0268604000830681
3.36,0.010304581700428916,-0.03478052635962653,0.03029687140059273,-0.08929124103770866,0.5750473573222986,-0.9376430649848962,0.001817112450385031,0.0023281593808735374,0.0018013364672333759,8.646037867300002,24.67011605826358,26.558544753326572,8.061478283656246,26.62854983118539,24.87840152745128,5.058416099371567,-49.74346616959476,-246.91935483870967,-4.681968696399506,-51.694209052475756,-246.05364527973143,5.058416207941874,-49.74346723235675,-246.9193568358926,23.533638722605158,-55.868128421011164,44.28003208404516,0.4660745843785782,-1.6997965629390102,1.7009982683323246
3.37,0.008935401415107735,-0.02836972185234632,0.020194209795096563,-0.16936790276399316,0.6768071194940251,-1.0378585982648207,0.0018103032789149774,0.0024846675004449267,0.0017978893553027085,8.646037867300002,24.67011605826358,26.558544753326572,8.14414918548997,26.256455186992422,25.461137017687356,5.058416099371567,-49.74346616959476,-246.91935483870967,-2.131323029172208,-51.82439651477786,-246.42942291684776,5.058416207941874,-49.74346723235675,-246.9193568358926,17.72563805704129,-35.73394668690799,14.420827312549541,0.12877117357427725,-0.5179981475688485,-0.1761834155665629
3.38,0.0069250182258704385,-0.021343836212241507,0.009785576291420905,-0.22360742869352607,0.717015083305719,-1.0315786710639236,0.001807350991554246,0.0025591220313057974,0.0017978400692251256,8.646037867300002,24.67011605826358,26.558544753326572,8.262315715612196,25.85185036281298,26.05670361788989,5.058416099371567,-49.74346616959476,-246.91935483870967,0.5499278560622483,-51.832872180357015,-246.8274930375592,5.058416207941874,-49.74346723235675,-246.9193568358926,11.190692957184051,-18.857737289960117,-12.288160679490844,0.0020932556019625567,-0.22437589638331304,-0.6229983999389025
3.39,0.00449466943774221,-0.014145472755827782,-0.00015725823862083876,-0.25564308300299354,0.7165581694727023,-0.954259846312692,0.0018060260413006856,0.0025582326692579808,0.0017978408982292926,8.646037867300002,24.67011605826358,26.558544753326572,8.403274866166985,25.43965263118841,26.62159767075621,5.058416099371567,-49.74346616959476,-246.91935483870967,3.177873656287729,-51.721476155126226,-247.2058282702848,5.058416207941874,-49.74346723235675,-246.9193568358926,4.226505821647103,-3.8988754951360223,-35.19274673058693,-0.1251613959700384,0.02641594880361337,-0.9842942749059274
3.4,0.017235458383869057,-0.0379986717139138,0.02429952592661294,-0.26656581700241694,0.6814489905287273,-0.8219771846747397,0.001805630057387501,0.0024928732798489887,0.0017981647593465905,9.526898555601122,22.90240858792926,28.467071097093566,8.55583073283374,25.039116757119267,27.123575790825456,14.9681561486679,-47.70696282000244,-248.25806451612902,5.61149079298587,-51.49714196787496,-247.53715086043283,14.968156468993344,-47.70696383485262,-248.258066507526,35.37561502211835,-56.01536038255117,33.37332202375741,0.9038298532739286,-1.7363824715887406,1.3672073831823297
3.41,0.01392173100061675,-0.03054639755512467,0.015518254937251563,-0.3712876834402316,0.7781810425646576,-0.8967866875372171,0.0018009752724570678,0.0026876017819702966,0.0017978434954451165,9.526898555601122,22.90240858792926,28.467071097093566,8.750942014867782,24.607692818620556,27.62940685471331,14.9681561486679,-47.70696282000244,-248.25806451612902,8.144735646304177,-51.11952546790412,-247.89681409198874,14.968156468993344,-47.70696383485262,-248.258066507526,23.344096663543663,-34.24071082551124,7.720097753897799,0.16032914743628257,-0.46548267600322085,-0.24531910886615133
3.42,0.009863078443044099,-0.022545998347222984,0.006581995564141185,-0.42840767920373973,0.8111246362145718,-0.8811742235120612,0.0017995274705643995,0.0027647475737018357,0.0017978447456234994,9.526898555601122,22.90240858792926,28.467071097093566,8.986539663544606,24.14767370484526,28.140149186980835,14.9681561486679,-47.70696282000244,-248.25806451612902,10.774498388047414,-50.598688007755186,-248.2797404065949,14.968156468993344,-47.70696383485262,-248.258066507526,11.159818026803773,-16.546963010930632,-14.861237232765783,-0.06211164301868339,-0.16052257437126113,-0.6199521449311403
3.43,0.00543886471256444,-0.014449988431841365,-0.0018611161161432022,-0.4486030556463229,0.8026574865065994,-0.8062770244095039,0.0017991930310254874,0.002744374942989417,0.0017978566811555382,9.526898555601122,22.90240858792926,28.467071097093566,9.240985102096609,23.68450792836847,28.61931608082956,14.9681561486679,-47.70696282000244,-248.25806451612902,13.3314935461195,-49.971489576823025,-248.64089326374886,14.968156468993344,-47.70696383485262,-248.258066507526,-0.7511272419158718,-0.9437787927170104,-34.01926244382189,-0.26883631795787527,0.09893240193601427,-0.9191232438396656
3.44,0.02415351323024975,-0.03947158395844386,0.01779502100437147,-0.4359688011129711,0.7585759489576931,-0.6862780813021211,0.0017993938827944136,0.00264435721398927,0.0017979260153786689,10.853646758145082,21.02119427271579,30.019209421694363,9.4963472844371,23.23792527607024,29.040237964427227,24.26509812655401,-43.717330807229125,-249.59677419354838,15.687009757102338,-49.27230394618002,-248.9507251125213,24.26509864419717,-43.71733173378546,-249.5967761795738,47.37458986947081,-53.95340990275066,21.73589295320399,1.3333266787762632,-1.7024590223264986,1.0001034158811881
3.45,0.01896986132778633,-0.0312977946169497,0.01054197190984607,-0.566278465806455,0.8463103665381528,-0.7351674264720034,0.0017982017871619154,0.002853407660062696,0.0017978856330124215,10.853646758145082,21.02119427271579,30.019209421694363,9.79969158259773,22.7656765642224,29.457323915873225,24.26509812655401,-43.717330807229125,-249.59677419354838,18.104820330517224,-48.39864340397852,-249.2928697832457,24.26509864419717,-43.71733173378546,-249.5967761795738,29.260368356449963,-31.799971465679523,0.9095020956132909,0.19924635894606837,-0.40724864776737985,-0.31028200689073776
3.46,0.012924984510567505,-0.02266260858332747,0.0032765371575183,-0.6276297900219927,0.8708990307759695,-0.7116920570589739,0.001798016436415082,0.0029191834109965134,0.001797902186008682,10.853646758145082,21.02119427271579,30.019209421694363,10.14924407370281,22.269761841324843,29.871963063293254,24.26509812655401,-43.717330807229125,-249.59677419354838,20.583259640209107,-47.359362720410324,-249.66290379319696,24.26509864419717,-43.71733173378546,-249.5967761795738,11.553463603282447,-13.961823192774625,-17.113981026313205,-0.11721857586022418,-0.10218946905509621,-0.6059847412217975
3.47,0.006554396553416497,-0.014012515419450977,-0.00348945180377902,-0.6375090821133599,0.8545212624454679,-0.6417855752644692,0.001797996666995246,0.002875027445044919,0.0017979888356881822,10.853646758145082,21.02119427271579,30.019209421694363,10.514542712720045,21.775301797369476,30.25539085350364,24.26509812655401,-43.717330807229125,-249.59677419354838,22.9730155814106,-46.22675949333647,-250.01179795759313,24.26509864419717,-43.71733173378546,-249.5967761795738,-5.218370270387969,1.835674806795457,-32.18354358620561,-0.40243548583252925,0.15849946178818777,-0.838067823723897
3.48,0.030518917584074018,-0.03887961713414906,0.011006620693798208,-0.6028831388803585,0.80240810583737,-0.5373682484667105,0.0018016397014203774,0.0027437805567165144,0.0017983432755438941,12.58297299514708,19.121626423162095,31.185921135613924,10.870908640453138,21.302022706723434,30.586963605244794,32.568624136111104,-37.93790613463955,-250.93548387096774,25.16112889693973,-45.063559253600545,-250.3071708513844,32.56862482840401,-37.93790693640828,-250.9354858513462,57.82518665749282,-50.09985949360457,9.761239349963672,1.7097136672859012,-1.6166744023402877,0.6142617244947663
3.49,0.02351755476557299,-0.030335712786144442,0.005416254681721133,-0.7544272612871372,0.8783983378303352,-0.5603097546414062,0.0017980720891187364,0.002939862329803297,0.001798227593519235,12.58297299514708,19.121626423162095,31.185921135613924,11.279282011356713,20.809205325791662,30.907622448318843,32.568624136111104,-37.93790613463955,-250.93548387096774,27.373419848447817,-43.70911299240511,-250.6382395339858,32.56862482840401,-37.93790693640828,-250.9354858513462,34.097399813390396,-28.443126955048417,-5.882239002072853,0.2224322242884081,-0.34412911653722433,-0.371184826241881
3.5,0.015570425057483128,-0.021433028527716114,-5.1789618882081e-05,-0.8173434064636242,0.8934922452235622,-0.5301459089490728,0.0017978540920867206,0.0029823416341446707,0.0017983862762955267,12.58297299514708,19.121626423162095,31.185921135613924,11.737831501172044,20.298500269142078,31.21897839211001,32.568624136111104,-37.93790613463955,-250.93548387096774,29.609604227168592,-42.17168804168741,-251.00022949317216,32.56862482840401,-37.93790693640828,-250.9354858513462,11.193761365153637,-10.865948538856786,-19.075083352889717,-0.18183837376995582,-0.04584955532042043,-0.5837379424654071
3.51,0.007358313103337316,-0.0126042466340337,-0.005029623049801923,-0.8152831668415552,0.8686185258952291,-0.46705619312550867,0.0017978545510576017,0.002912953023900124,0.0017989443431463573,12.58297299514708,19.121626423162095,31.185921135613924,12.207888633451407,19.794285478694153,31.500412959362357,32.568624136111104,-37.93790613463955,-250.93548387096774,31.743641265176993,-40.55878985830244,-251.34077716540972,32.56862482840401,-37.93790693640828,-250.9354858513462,-10.116612876143023,4.8388855824929715,-29.83106976157867,-0.539636474491568,0.2111203932271198,-0.745481992947072
3.52,0.03560602640645835,-0.035963307844613435,0.004133889209177677,-0.7580154350570821,0.808349873374975,-0.38046820292073114,0.0018218839546400867,0.00275803025209764,0.0018006794830882189,14.652863720787863,17.30295994673108,31.9521500982161,12.658495761773912,19.316049700184934,31.737573250192252,39.538786846884896,-30.60529912738318,-252.27419354838707,33.680499916879846,-38.96153545328013,-251.62568170318485,39.538787683856285,-30.60529977314483,-252.27419552227636,64.74188991156868,-44.474150083190445,-2.2718896023955946,1.9847963116584615,-1.4873157374129662,0.21939012002857491
3.53,0.02695740186975218,-0.027444188896064148,0.00028467302923795845,-0.9224834652999218,0.8700629037661909,-0.3779331072491069,0.0017988053105907355,0.002916896030914168,0.0018007579619582685,14.652863720787863,17.30295994673108,31.9521500982161,13.16172782107522,18.825412911572528,31.957348620097708,39.538786846884896,-30.60529912738318,-252.27419354838707,35.6025810192276,-37.16648852600445,-251.94578744786432,39.538787683856285,-30.60529977314483,-252.27419552227636,36.78864262408935,-23.973973736855733,-12.529862696663743,0.2160220942211456,-0.27376623917894605,-0.4276537464539456
3.54,0.017336358581454187,-0.01868722595141603,-0.0033164511162793175,-0.9823454437600452,0.8740966391737287,-0.3421673619333802,0.0017978498036784615,0.0029279643588918823,0.001802127982562203,14.652863720787863,17.30295994673108,31.9521500982161,13.715940705014166,18.323680369863656,32.16150201867346,39.538786846884896,-30.60529912738318,-252.27419354838707,37.51085839344721,-35.18070923523762,-252.29637981671652,39.538787683856285,-30.60529977314483,-252.27419552227636,9.441616333932528,-6.979359037313776,-20.71281843190059,-0.2620879607644115,0.012027006979848567,-0.5543482583237784
3.55,0.007544154514323276,-0.010106411441053953,-0.0064493355130059715,-0.9660831013738058,0.8395521665035865,-0.2873026366173277,0.0017978406347483977,0.002835873938778926,0.0018049488605854235,14.652863720787863,17.30295994673108,31.9521500982161,14.275660678713042,17.83422155279396,32.337771370019084,39.538786846884896,-30.60529912738318,-252.27419354838707,39.304959021859624,-33.14473703738271,-252.62454381426554,39.538787683856285,-30.60529977314483,-252.27419552227636,-15.663939682903738,8.358149091547112,-26.992318475932137,-0.6792755133186069,0.2603105450841773,-0.6434343126495561
3.56,0.03896525363335057,-0.030706034182711395,-0.002641866628003031,-0.8860539597562734,0.7704287653742014,-0.2200689073860964,0.001874821780387962,0.00267026413192021,0.0018075142019133594,16.984144282095514,15.661875702081295,32.314153702292074,14.804781003174595,17.376075173556874,32.47820441103829,44.89022697853708,-22.019707577881718,-253.61290322580646,40.90951981971155,-31.17619306370027,-252.89689740707345,44.89022792423995,-22.01970804286552,-253.612905192117,66.84618298406168,-36.91386876831322,-14.101648058097966,2.1223760174652506,-1.3144943686177848,-0.1763792478831952
3.57,0.029002474579280346,-0.022667176185293902,-0.004720346667249187,-1.0540708354425274,0.8151187939152506,-0.1930799608378453,0.001799981337544961,0.0027744871494270653,0.0018088862897743829,16.984144282095514,15.661875702081295,32.314153702292074,15.383357352863298,16.913854588199982,32.5954622636963,44.89022697853708,-22.019707577881718,-253.61290322580646,42.459592643835556,-29.016020602596004,-253.20116705661843,44.89022792423995,-22.01970804286552,-253.612905192117,37.15294726784206,-18.218948894147026,-18.88973055379321,0.18196968952896703,-0.1948752759487025,-0.47876972715093885
3.58,0.018096347011705205,-0.014532422763658903,-0.006435656078279339,-1.1070124890362811,0.8062945649568869,-0.15276873670049484,0.0017978506817814745,0.0027530804207748375,0.0018114321117712873,16.984144282095514,15.661875702081295,32.314153702292074,16.01075375363191,16.448494733983512,32.69139059762558,44.89022697853708,-22.019707577881718,-253.61290322580646,43.957505688023495,-26.667846896152202,-253.53412880341472,44.89022792423995,-22.01970804286552,-253.612905192117,6.5189725396698925,-2.1873799576882074,-21.980857517799382,-0.34947186207766134,0.07157007998566069,-0.5185566116821781
3.59,0.007133047490209432,-0.006690459822110306,-0.007714523575915844,-1.0759871303071729,0.7609570613516564,-0.10702546107153783,0.001797840065123364,0.0026495028236356967,0.0018152730999868492,16.984144282095514,15.661875702081295,32.314153702292074,16.636688292015428,16.001977132244463,32.76202530213977,44.89022697853708,-22.019707577881718,-253.61290322580646,45.33052661608166,-24.30061387282434,-253.84607397301357,44.89022792423995,-22.01970804286552,-253.612905192117,-21.288393326799863,12.370988460951121,-23.73874942634161,-0.807483729642382,0.3037663602815336,-0.5344450215701025
3.6,0.0405063082271232,-0.023495565875891744,-0.009161469052237359,-0.9754869302398331,0.6829196216770612,-0.05986506588230405,0.0019270346238528379,0.0024954936146200177,0.001820703772094401,19.48401174977032,14.286142401294937,32.27768790057632,17.22151476522385,15.592422845266748,32.80571649320077,48.403855943310205,-12.532626612936076,-254.9516129032258,46.524678513763334,-22.054133042968324,-254.10736241956445,48.40385695748156,-12.532626879693792,-254.95161486100542,65.63718195807895,-27.365669900158533,-25.48039030652451,2.159872288075676,-1.0947086240914818,-0.5654499215204475
3.61,0.0296615186642028,-0.0164530287731961,-0.009481502578592815,-1.140004606761538,0.7074008075893807,-0.010183261639602726,0.0017996919957664924,0.0025406202927048017,0.001828745680671624,19.48401174977032,14.286142401294937,32.27768790057632,17.850348037615014,15.18834112271647,32.82125482321527,48.403855943310205,-12.532626612936076,-254.9516129032258,47.62496446664847,-19.63207430471434,-254.39888712619867,48.40385695748156,-12.532626879693792,-254.95161486100542,35.55976209974998,-11.13146751974114,-24.71861461576461,0.128978323149613,-0.10854230903308333,-0.5216655854061809
3.62,0.01794318681676621,-0.009477267280890156,-0.009338212521861955,-1.183628662049832,0.684304273959129,0.03333888219068701,0.001797844958754645,0.0024979698478230176,0.0018386028820670916,19.48401174977032,14.286142401294937,32.27768790057632,18.523718299281693,14.790181420720211,32.810591701737906,48.403855943310205,-12.532626612936076,-254.9516129032258,48.635540751138066,-17.034096602371996,-254.7188846357293,48.40385695748156,-12.532626879693792,-254.95161486100542,2.963878914646147,3.2678374134643686,-22.67203099545016,-0.4325747921850274,0.12670270117101232,-0.47417332734661954
3.63,0.006285349383606642,-0.0029156758742455158,-0.008801431485803035,-1.1390621695665886,0.6285589649797976,0.0690340809389365,0.0017978400651233635,0.0024050663337672413,0.001849434296125238,19.48401174977032,14.286142401294937,32.27768790057632,19.188651718362177,14.417597300268666,32.77784056798433,48.403855943310205,-12.532626612936076,-254.9516129032258,49.51390009228234,-14.450851504755448,-255.02343007078468,48.40385695748156,-12.532626879693792,-254.95161486100542,-26.285809418787597,16.190636949846816,-19.889099195435747,-0.9105803743131704,0.32810144919140144,-0.41684020624096774
3.64,0.04029964477831993,-0.015160229324067909,-0.01529188577327023,-1.0223430642081779,0.5445708553533782,0.09572413707510141,0.001918454852112882,0.002289227502642707,0.0018596803716893929,22.051725866423457,13.24968718020039,31.857406475314807,19.803760547379163,14.08656929239478,32.72741362657032,49.93582535855264,-2.5324584419356455,-256.2903225806451,50.230182371081376,-12.037523002073122,-255.28783284364533,49.93582639849112,-2.5324585008869587,-256.2903245293707,63.67674110911342,-16.066365908287747,-35.83098581475747,2.1648905763502078,-0.8197977789473401,-0.9325981125064555
3.65,0.02902338211151939,-0.00964464088920819,-0.013921129249021447,-1.178871586850089,0.5457223634254394,0.1644566980232997,0.0017990325541882247,0.0022906382357542553,0.0018982216389985076,22.051725866423457,13.24968718020039,31.857406475314807,20.45679163764949,13.7711552281796,32.64530025314022,49.93582535855264,-2.5324584419356455,-256.2903225806451,50.817418353671044,-9.470514863585102,-255.58491904211718,49.93582639849112,-2.5324585008869587,-256.2903245293707,32.28925596877874,-3.1219671219892033,-29.302473860768792,0.06225728536876943,-0.02264364019848455,-0.545998051182572
3.66,0.016976131963044094,-0.004367058497203091,-0.012017108216129446,-1.211466698185547,0.5089478666522954,0.20858499339475048,0.001797841611837667,0.0022477912266733466,0.001936531146931709,22.051725866423457,13.24968718020039,31.857406475314807,21.14836957997219,13.471034772017124,32.53379537524372,49.93582535855264,-2.5324584419356455,-256.2903225806451,51.28275165089159,-6.748684684034501,-255.912170219589,49.93582639849112,-2.5324585008869587,-256.2903245293707,-0.851574587690663,8.370193037958195,-22.26488310533058,-0.504870070769683,0.15967355338337982,-0.4148061470940729
3.67,0.005103769303417882,0.0004012147677135147,-0.009780661957142112,-1.1552726499211206,0.44717028928049846,0.23316949376054616,0.0017978400651233633,0.0021852845241957138,0.0019644847659057623,22.051725866423457,13.24968718020039,31.857406475314807,21.824927764107276,13.201499806982376,32.40435401426394,49.93582535855264,-2.5324584419356455,-256.2903225806451,51.616962607962115,-4.074625151552031,-256.23093394593934,49.93582639849112,-2.5324585008869587,-256.2903245293707,-30.235444200289106,18.1875472767573,-15.352663292456764,-0.9814396734870421,0.30640778220153997,-0.29175756190818813
3.68,0.038432230545136614,-0.006734484865058871,-0.021009080188213458,-1.0272510080182633,0.3656900690990034,0.24024451850498452,0.0018620320887852851,0.002118298161920263,0.0019735948733459684,24.585835292801008,12.609516569468724,31.07746753262347,22.44510434287171,12.974207812098744,32.26648974178076,49.42341621640558,7.571388875228778,-257.6290322580645,51.81658647477641,-1.6090829925130472,-256.5194378848465,49.42341723893087,7.571389025531225,-257.62903419773073,60.65172105325749,-3.870285694975261,-43.76808038153243,2.1222202398344865,-0.4870636452455306,-1.2332554440403063
3.69,0.027175417355394305,-0.003164391520349863,-0.018104627819142904,-1.1707141709915183,0.3424683474384443,0.32039898284215035,0.0017984333987523591,0.0021019601061226384,0.0020874254126433288,24.585835292801008,12.609516569468724,31.07746753262347,23.09623820217267,12.77142441784744,32.09611160173141,49.42341621640558,7.571388875228778,-257.6290322580645,51.86368052860405,0.9817799912713545,-256.8437589479566,49.42341723893087,7.571389025531225,-257.62903419773073,27.645066705169565,4.553503702062986,-31.675521644156337,-0.012855105762273375,0.04463715058201532,-0.5404995876339069
3.7,0.015278466944634639,1.88586810676572e-05,-0.01464341898715471,-1.1912228937996867,0.2962655869786163,0.36294919975337464,0.0017978400651233635,0.0020669973607527277,0.0021163119057911366,24.585835292801008,12.609516569468724,31.07746753262347,23.77852784393148,12.591772245215138,31.895521211952627,49.42341621640558,7.571388875228778,-257.6290322580645,51.76783495520945,3.6990068822147157,-257.19909865661936,49.42341723893087,7.571389025531225,-257.62903419773073,-4.57777285589648,11.655793777916932,-21.303382105578915,-0.560680451079318,0.15025357378035836,-0.353897703387865
3.71,0.003661365512825532,0.002661823450141043,-0.010905725247593034,-1.1258945753440168,0.23635911084281686,0.3788574469687379,0.001797840065123363,0.001968529415436874,0.0021280669598671108,24.585835292801008,12.609516569468724,31.07746753262347,24.439955279223685,12.443840447339536,31.680598500468477,49.42341621640558,7.571388875228778,-257.6290322580645,51.549972595676905,6.3425354354942876,-257.5485466246129,49.42341723893087,7.571389025531225,-257.62903419773073,-32.86831456087649,17.391301554309926,-11.469564171234067,-1.0160482551985914,0.22861034587573234,-0.18418904144616535
3.72,0.0350790944862282,0.0010682900593267652,-0.026416949047181837,-0.9919540377314575,0.1672167620343914,0.37134216004837123,0.001817795288451923,0.0019002460047571636,0.0021224444052122485,26.991615919003348,12.404273683303941,29.973012310554374,25.040835934165376,12.333636394500743,31.464168958938657,46.88760660735403,17.365262642241003,-258.9677419354839,51.23058031754579,8.755943159128295,-257.8709438282629,46.88760757071559,17.36526299505849,-258.96774386647843,54.81776880860008,8.505915152974765,-49.85252960798565,1.9770977491231074,-0.11028575987834105,-1.4651379842053411
3.73,0.02428192499560694,0.0024941451790155833,-0.02212180396078456,-1.1171525136164908,0.12020211667432643,0.4631449191430411,0.0017980733680697562,0.001871111451071004,0.002200388917140674,26.991615919003348,12.404273683303941,29.973012310554374,25.66465002794286,12.25477388353758,31.213616902102064,46.88760660735403,17.365262642241003,-258.9677419354839,50.73779247435105,11.265345244899413,-258.228190833436,46.88760757071559,17.36526299505849,-258.96774386647843,22.199865674047796,11.53487426407119,-34.72494782688444,-0.08740308945195638,0.09374529791641187,-0.5498511764007343
3.74,0.012991752059787642,0.003414701093891276,-0.01722055529949773,-1.1256598956277708,0.06896767475441633,0.5067550134534669,0.0017978400651233635,0.0018494112839304124,0.002245376840591972,26.991615919003348,12.404273683303941,29.973012310554374,26.311521987336285,12.20496666345225,30.930503899513575,46.88760660735403,17.365262642241003,-258.9677419354839,50.08110893787904,13.873369331072865,-258.61314643410515,46.88760757071559,17.36526299505849,-258.96774386647843,-7.905392272350483,13.077383937367873,-20.870443127131264,-0.5958295314962879,0.10369673929587096,-0.30487059982919107
3.75,0.0020673480685411416,0.003827608473628119,-0.012073340324959214,-1.0544960617875614,0.01910835434425129,0.5165257593374648,0.001797840065123363,0.0018350276487203222,0.002256251719057166,26.991615919003348,12.404273683303941,29.973012310554374,26.932960800653788,12.18414701958133,30.6352091409046,46.88760660735403,17.365262642241003,-258.9677419354839,49.31616330680372,16.39132358688275,-258.9880933596173,46.88760757071559,17.36526299505849,-258.96774386647843,-34.04641911352138,13.14081882809222,-8.120928044336976,-1.013270963715655,0.08905958159001996,-0.08807049514009432
3.76,0.03053511885853133,0.008120188869768175,-0.031097621203899306,-0.9204659284457676,-0.02617385434329477,0.4971396370435089,0.0018016627155812582,0.0018258412058487113,0.002234966581776121,29.18718370845649,12.653824496864777,28.591889761899882,27.49240825856156,12.190640541537718,30.343869907979258,42.43221287473758,26.448200516348074,-260.30645161290323,48.491900905548775,18.6747872058261,-259.329132774229,42.43221374036805,26.44820105689429,-260.3064535357551,46.33201649442718,20.61437776601395,-54.523944394455555,1.7331212336104143,0.3175411723235031,-1.647643734895072
3.77,0.020588798850302625,0.007452043418546689,-0.025499733659585744,-1.0238058019703147,-0.09590140617576427,0.5943742566689714,0.0017979001134674581,0.001816401042897796,0.0023546320609481633,29.18718370845649,12.653824496864777,28.591889761899882,28.066383980219154,12.232687709415597,30.01851935077889,42.43221287473758,26.448200516348074,-260.30645161290323,47.48438084225185,21.021563874688177,-259.6999640901468,42.43221374036805,26.44820105689429,-260.3064535357551,16.261230784618448,17.022940712601386,-35.66312423301878,-0.1580382168093008,0.11852993693104824,-0.527801156729026
3.78,0.010299423923909756,0.006193715044683634,-0.019298318179731877,-1.0214408851579746,-0.14789883383751087,0.6349853627484093,0.0017978400829485963,0.0018117884750327366,0.002415083575631041,29.18718370845649,12.653824496864777,28.591889761899882,28.655343593502465,12.307671061757961,29.66111399887612,42.43221287473758,26.448200516348074,-260.30645161290323,46.30505487983102,23.434221753168096,-260.0933437250246,42.43221374036805,26.44820105689429,-260.3064535357551,-10.75888969993296,12.477255442069527,-19.28094375183028,-0.6112727868119621,0.025955840121729194,-0.24185953528840773
3.79,0.0004357224541090554,0.00450593362101287,-0.012906848557723227,-0.9481558085878713,-0.18334497078916118,0.6372553843681181,0.0017978410663074633,0.0018094412276858502,0.002418663516983304,29.18718370845649,12.653824496864777,28.591889761899882,29.215934269695833,12.406308742076764,29.294980598137723,42.43221287473758,26.448200516348074,-260.30645161290323,45.040930673914055,25.744614896522197,-260.4693714676831,42.43221374036805,26.44820105689429,-260.3064535357551,-34.0144589354761,7.243710645702389,-4.571517587622592,-0.9796511589961499,-0.07324040041268874,0.005591209319208218
3.8,0.0251322870379751,0.014866915150792331,-0.03453434031839647,-0.8196749543568985,-0.20222740028864383,0.6067229686537299,0.001798300528326423,0.0018083941950047873,0.002372300413584995,31.107167126331206,13.359230512725812,26.99578820275603,29.7158619242655,12.520005152066716,28.938341691827222,36.239639361456014,34.44834595378431,-261.64516129032256,43.764050735647295,27.825819238768247,-260.8024996911253,36.23964009549331,34.448346659612156,-261.6451632054452,36.267317596242236,32.37788640734785,-55.98461784660805,1.4271950060121965,0.7531335629623441,-1.7310713578709358
3.81,0.016346170315032937,0.012272377410199486,-0.027842843668715422,-0.8993524683520774,-0.29567765881238284,0.7020542309208049,0.001797843874654995,0.0018046959709343865,0.0025305226656861394,31.107167126331206,13.359230512725812,26.99578820275603,30.222238664704363,12.673410248455028,28.550527274410225,36.239639361456014,34.44834595378431,-261.64516129032256,42.301983153371616,29.931344055279755,-261.1631563686279,36.23964009549331,34.448346659612156,-261.6451632054452,9.98383119374746,22.439762360446625,-34.759063533408124,-0.22501836963536648,0.14733513372374893,-0.4826930962626183
3.82,0.007361940659125321,0.008990133531759148,-0.020596410950912303,-0.8876524069319178,-0.35007414636262507,0.7365483249964565,0.0017978442027104574,0.001801778597957711,0.0025981082896519986,31.107167126331206,13.359230512725812,26.99578820275603,30.7359480965827,12.864403617810751,28.13361006557936,36.239639361456014,34.44834595378431,-261.64516129032256,40.66530647167002,32.063521519499616,-261.5457274589745,36.23964009549331,34.448346659612156,-261.6451632054452,-13.274499949657622,12.191185591159163,-17.007055283771106,-0.6122025234574395,-0.04172012236019313,-0.17595480549826217
3.83,-0.0011626671280897671,0.0053360347380775885,-0.013231983920654222,-0.8156294569940401,-0.373480846684794,0.7308068922158804,0.001797854473329555,0.001800901890520451,0.0025864508162147244,31.107167126331206,13.359230512725812,26.99578820275603,31.21994275383904,13.07493921055303,27.712199057141426,36.239639361456014,34.44834595378431,-261.64516129032256,38.96645228872506,34.08202113981821,-261.9079468149843,36.23964009549331,34.448346659612156,-261.6451632054452,-33.09586630497577,1.9739549117741353,-1.2443956071840045,-0.9233451364610685,-0.22094205142310133,0.08694731284970127
3.84,0.019163453966635213,0.021562895295034135,-0.036415781890181353,-0.6973875633457277,-0.3688281973935868,0.6904886974573027,0.0017979147261414927,0.0018010594551013364,0.0025091417741371622,32.70365800985948,14.5027166646182,25.259908222304603,31.646983753471712,13.289812504261672,27.305477529223456,28.563410754739664,41.038172060363785,-262.98387096774195,37.29657479089632,35.882755397891025,-262.2224591200557,28.563411329269332,41.03817290208497,-262.98387287526685,25.349351187479648,44.170165806984365,-54.89010122108799,1.0846010591783453,1.1814198024768956,-1.7332226548044076
3.85,0.011760324187610305,0.017131546330723585,-0.02892187751828834,-0.7526914609618103,-0.4870909148436789,0.7789716287831605,0.0017978760305716332,0.0017987246578860887,0.002689387213380369,32.70365800985948,14.5027166646182,25.259908222304603,32.0729978000991,13.549516992576596,26.872107859202508,28.563410754739664,41.038172060363785,-262.98387096774195,35.44148607603075,37.664802929789126,-262.5672865264729,28.563411329269332,41.03817290208497,-262.98387287526685,3.523139213714616,28.150032453995387,-32.65948886989101,-0.28850832573330054,0.1838959969801566,-0.42718867505280933
3.86,0.004296550421068024,0.01190078637274189,-0.02094843842363575,-0.7330998327181578,-0.5454096897419741,0.8057702905767746,0.0017978869308907539,0.0017982994847271197,0.002751821314791714,32.70365800985948,14.5027166646182,25.259908222304603,32.499211409904746,13.852288598027249,26.41397830560115,28.563410754739664,41.038172060363785,-262.98387096774195,33.41011224849199,39.43091195500344,-262.93780951139036,28.563411329269332,41.03817290208497,-262.98387287526685,-15.488099425059394,12.349662825117283,-14.400511139134744,-0.6019546057410172,-0.09959246232433115,-0.11424951843955054
3.87,-0.002695158645936835,0.006339549084276336,-0.012935122568935031,-0.6650086455393804,-0.5584739546359022,0.7920971991207546,0.0017979520536158017,0.0017982358355058314,0.0027194999004678737,32.70365800985948,14.5027166646182,25.259908222304603,32.8956645641519,14.171429388931646,25.955845340342883,28.563410754739664,41.038172060363785,-262.98387096774195,31.33688999396251,41.07441923874817,-263.2882928810617,28.563411329269332,41.03817290208497,-262.98387287526685,-31.486430286489398,-2.729669155982198,1.8013400287384087,-0.8501447482307462,-0.3573053912598847,0.15394316395684265
3.88,0.01286974684070985,0.02783450125347059,-0.036485076302218755,-0.5605032295244068,-0.5320525841578098,0.7432467800214562,0.001798226733117379,0.0017992035557783171,0.002611915369671611,33.94497167002852,16.047642503342797,23.470579850984805,33.24068470607294,14.485140351545887,25.517164943312775,19.717792755665947,45.94789058101153,-264.3225806451613,29.330297578292882,42.5182303858302,-263.5888271577979,19.71779314965241,45.947891523396535,-264.3225825449036,14.005220698297446,54.81724222516629,-51.79292362908279,0.7201979655770144,1.5679044507177358,-1.6737117602329628
3.89,0.006998531349810433,0.02161983504075038,-0.02852060097538206,-0.591337390157696,-0.6719830427785507,0.8216708244480606,0.001798110723070994,0.0017979428395706826,0.0027906436377854735,33.94497167002852,16.047642503342797,23.470579850984805,33.57782364475266,14.847926601139893,25.057394418391155,19.717792755665947,45.94789058101153,-264.3225806451613,27.142050937492375,43.900890226772816,-263.9232906308166,19.71779314965241,45.947891523396535,-264.3225825449036,-2.947515979943898,33.03588254569488,-29.607107100237158,-0.34793042071181934,0.20888052571954496,-0.3658895762268811
3.9,0.0011960184003169116,0.014516728787067557,-0.020169212319623653,-0.5650994445890483,-0.7323710358568336,0.8396910802391508,0.0017982067446087496,0.0017978873948413566,0.0028362319635800654,33.94497167002852,16.047642503342797,23.470579850984805,33.908550193076316,15.258011352499413,24.57810780230091,19.717792755665947,45.94789058101153,-264.3225806451613,24.779787516302193,45.22605964233434,-264.2869453364665,19.71779314965241,45.947891523396535,-264.3225825449036,-17.396448084346993,12.003031672208007,-11.403985925968735,-0.5827357347046054,-0.1631337191158946,-0.0562222327401685
3.91,-0.004138722638577619,0.007138167306523613,-0.011861773219750849,-0.5029224047629346,-0.7341120085726844,0.8178725255874915,0.0017985816874225144,0.001797886291559412,0.0027812503105299207,33.94497167002852,16.047642503342797,23.470579850984805,34.21047013864764,15.680559840439248,24.103587690182515,19.717792755665947,45.94789058101153,-264.3225806451613,22.397476405253386,46.424277556050534,-264.6306626024577,19.71779314965241,45.947891523396535,-264.3225825449036,-29.313915990542075,-7.645625092226938,4.8345381392034925,-0.7642251921034076,-0.494130611461836,0.21048978078103656
3.92,0.00645393568744812,0.033034403005515356,-0.03450804019344256,-0.41460912403524597,-0.6857132181491277,0.7609633748585175,0.0017998012892027492,0.0018074292680413336,0.00264951650540791,34.81320475698164,17.938883680702073,21.72079296866429,34.46777529099977,16.08755667962497,23.65319354842333,10.064926004433069,48.976497062624716,-265.6612903225806,20.119541511019296,47.44787367910122,-264.9224226229745,10.064926204324259,48.97649806605486,-265.6612922141296,2.519921816666067,62.63969317863446,-46.8571690120638,0.3437124056348131,1.871478180660581,-1.5635936218426731
3.93,0.0022040964445100286,0.025175476746074232,-0.02644068896414803,-0.4213359804247516,-0.8403563715767057,0.8266816960324115,0.0017996629393030722,0.0017983088325866032,0.0028031504705963,34.81320475698164,17.938883680702073,21.72079296866429,34.71094871590708,16.545113308852557,23.188212513675143,10.064926004433069,48.976497062624716,-265.6612903225806,17.671216351428136,48.37162484746671,-265.24889008729883,10.064926204324259,48.97649806605486,-265.6612922141296,-9.306204120165198,36.05305270778038,-25.51631962805193,-0.40308114689172353,0.20781319221344027,-0.2979965761031644
3.94,-0.0018562837523276032,0.016389149449475504,-0.018096014466775945,-0.389537614986183,-0.8987690671097278,0.8346082858376228,0.00180041406039298,0.0017978441445200318,0.0028232012461054377,34.81320475698164,17.938883680702073,21.72079296866429,34.94161933019301,17.051455128183324,22.709880059520245,10.064926004433069,48.976497062624716,-265.6612903225806,15.058777692537593,49.19996908131091,-265.6050756628696,10.064926204324259,48.97649806605486,-265.6612922141296,-18.987104268542552,10.449102925581522,-7.787354618633243,-0.5561046793907656,-0.2404531665675747,0.001179326402522558
3.95,-0.005466210614888611,0.007411787964139993,-0.009889084918217939,-0.3347320199418387,-0.8871309932201437,0.8038841791626584,0.0018024836372473472,0.001797844244792219,0.0027473034013957387,34.81320475698164,17.938883680702073,21.72079296866429,35.14520395131474,17.564783958325723,22.24162420353496,10.064926004433069,48.976497062624716,-265.6612903225806,12.452680192958388,49.902206993152724,-265.94040307168103,10.064926204324259,48.97649806605486,-265.6612922141296,-26.638395928207682,-13.118388948651088,8.144195909548962,-0.6681710828374872,-0.6331694550303538,0.2604011394133416
3.96,8.845134177859482e-05,0.03667883004040351,-0.030394837850409362,-0.2642957899444939,-0.8165188750248531,0.7387453341609275,0.0018057100139365091,0.0018328674115344519,0.0026026122632748995,35.301618102210305,20.10428338439873,20.10428338439873,35.31190945295211,18.05183090970304,21.802428046658598,2.4492935982947064e-14,50.0,-267.0,9.99093273624758,50.461089757219156,-266.2227561265553,0.0,50.00000102218139,-267.00000188288845,-8.885477270239,66.48634564113925,-40.01259373640825,-0.03799537717199076,2.061441434827413,-1.405823685261051
3.97,-0.0024996712401009757,0.0274586587536938,-0.02264108396300374,-0.24770442933979153,-0.977432713960714,0.7890355685089161,0.0018063304295450177,0.0017990168120999611,0.0027123964078816995,35.301618102210305,20.10428338439873,20.10428338439873,35.45885666385518,18.587541263828534,21.356231775001227,2.4492935982947064e-14,50.0,-267.0,7.3801970622887465,50.886712392208935,-266.53772114839154,0.0,50.00000102218139,-267.00000188288845,-15.439936464921713,36.842324501656414,-20.23098002297386,-0.45354427031497857,0.17915856761814106,-0.22212826728368235
3.98,-0.004787003689261882,0.01732629518502904,-0.014739010468445335,-0.21133419933687123,-1.0299343519488964,0.7852782143198059,0.001807932283328631,0.0017978497413811243,0.002703744897415742,35.301618102210305,20.10428338439873,20.10428338439873,35.58775699453401,19.17061314382228,20.903915106275164,2.4492935982947064e-14,50.0,-267.0,4.6242695976613994,51.183608908711776,-266.8808852733701,0.0,50.00000102218139,-267.00000188288845,-20.22519939202957,7.713324764510982,-3.408547518103156,-0.5229362972055747,-0.3266490479049986,0.05891355234053922
3.99,-0.006651136147626913,0.007110098645385143,-0.007080586116916587,-0.16487342316695777,-1.003949270480831,0.7447591741938987,0.0018105972749273014,0.001797840156059696,0.0026150636917784006,35.301618102210305,20.10428338439873,20.10428338439873,35.69185934480975,19.754058329889904,20.467638216406183,2.4492935982947064e-14,50.0,-267.0,1.905485401015777,51.35977564176124,-267.203421188559,0.0,50.00000102218139,-267.00000188288845,-23.52062995733493,-18.773778503793643,11.783312505098351,-0.564385454084313,-0.7639781092827647,0.302999864562743
4.0,-0.006080094356540888,0.038601309955531515,-0.024357816564311574,-0.11310553338783821,-0.9127482926516707,0.6714806677910817,0.0018146931157116575,0.0018658497278629463,0.0024753723891779607,35.41262994469699,22.457802753338797,18.70928138467324,35.76731855023671,20.300796561899226,20.065563552707644,-10.064926004432936,48.97649706262474,-268.33870967741933,-0.6286775005061713,51.42799297034171,-267.47574376958244,-10.064926202408543,48.97649806045484,-268.3387115512981,-20.009751304193696,66.68944069440963,-31.1790304003708,-0.417998859717089,2.1425438267581347,-1.1979572399978013
4.01,-0.007005144545474851,0.028414656291865625,-0.017387594175251875,-0.07447243394667141,-1.0724714280864234,0.7032791399639363,0.0018188297856673043,0.0017994185537110684,0.0025328240490472033,35.41262994469699,22.457802753338797,18.70928138467324,35.818030907500855,20.89169790829771,19.665225183051273,-10.064926004432936,48.97649706262474,-268.33870967741933,-3.2813773806376965,51.33475028618606,-267.7786170060404,-10.064926202408543,48.97649806045484,-268.3387115512981,-21.202697817917006,35.64540344386229,-13.683614909930446,-0.4980195839884913,0.13018350429749562,-0.13875021990312966
4.02,-0.007529098091381248,0.017374039141578868,-0.010418141507318845,-0.03452369437394518,-1.116441681273592,0.6864148594393639,0.0018244499461601404,0.0017978460705739294,0.002501761311842412,35.41262994469699,22.457802753338797,18.70928138467324,35.84577039129823,21.526287283225898,19.267074224438222,-10.064926004432936,48.97649706262474,-268.33870967741933,-6.052328754003814,51.08440403075777,-268.1086574141685,-10.064926202408543,48.97649806045484,-268.3387115512981,-21.011337950819087,4.2733839318066105,1.5964217559465887,-0.48269196637403605,-0.41080496932824323,0.11295626260524484
4.03,-0.00766560532822258,0.006363807167078073,-0.00380457927704303,0.0028609127029422545,-1.0769102083654523,0.6361735162834591,0.0018313775377837129,0.0017978400651233637,0.0024169546384719665,35.41262994469699,22.457802753338797,18.70928138467324,35.85147189277206,22.154427603437036,18.891201201504376,-10.064926004432936,48.97649706262474,-268.33870967741933,-8.753893456264146,50.72272781419969,-268.4215650441858,-10.064926202408543,48.97649806045484,-268.3387115512981,-19.870776288400997,-23.935922898558122,15.291434502735305,-0.45234463278226694,-0.872840428914302,0.32887421479061474
4.04,-0.01191688654345624,0.03884453156919365,-0.01698967604868601,0.03548711695010561,-0.9688034709404179,0.5568996360029123,0.0018391765186824964,0.0018717251523744922,0.0023045716225366564,35.15686155683235,24.904611916550913,17.613046548207237,35.837111759301315,22.73689846401759,18.553962498909904,-19.717792755665904,45.94789058101154,-269.6774193548387,-11.235527337586921,50.291823224662174,-268.69193221351867,-19.717793142301666,45.9478915125036,-269.6774212195751,-30.46124048982355,64.92878975056233,-20.49696578182743,-0.7866730960822723,2.15632034308228,-0.9338084967357905
4.05,-0.011219343456495223,0.028127299454732635,-0.011297866260893186,0.09372189001534866,-1.1219147360680544,0.5670418236364673,0.0018588371015564632,0.0017989526343959838,0.0023176028332640313,35.15686155683235,24.904611916550913,17.613046548207237,35.794036299162116,23.357752051739347,18.227972778493413,-19.717792755665904,45.94789058101154,-269.6774193548387,-13.800080581626155,49.67729090705669,-268.99347496940766,-19.717793142301666,45.9478915125036,-269.6774212195751,-26.142287579991198,32.8405586866076,-6.128686155522477,-0.5301251313553091,0.06814820868137657,-0.05322666897257956
4.06,-0.01004027374941252,0.016646234463073284,-0.005768760872483347,0.1355437864562902,-1.1557566453758854,0.5369540548486237,0.0018794677509315508,0.0017978422744529528,0.0022800104234025425,35.15686155683235,24.904611916550913,17.613046548207237,35.724166516882946,24.01698526964679,17.913068816790744,-19.717792755665904,45.94789058101154,-269.6774193548387,-16.45019262728848,48.88444482795024,-269.3228242317559,-19.717793142301666,45.9478915125036,-269.6774212195751,-20.987546407705036,0.5866727477589132,6.517168977440694,-0.4309316056358123,-0.4844255666084409,0.15038762292823346
4.07,-0.00852199025668765,0.00530618006443756,-0.0006927208127583961,0.16302023749513866,-1.1045618702359492,0.4799046039312527,0.0018971850482775556,0.0017978400651233633,0.002217008270693471,35.15686155683235,24.904611916550913,17.613046548207237,35.63568216346804,24.663349360823904,17.62564110363495,-19.717792755665904,45.94789058101154,-269.6774193548387,-19.00192724059328,47.99525532061152,-269.6407243938898,-19.717793142301666,45.9478915125036,-269.6774212195751,-15.545882297410598,-28.08445012597807,17.451706482038595,-0.3314183856989914,-0.9505345869496652,0.31734811073490055
4.08,-0.01733888865001021,0.03751226012754849,-0.009142902378934281,0.1767267607634012,-0.9843131521460979,0.4009554823036387,0.00190756238229997,0.0018446247828717058,0.0021453439442061404,34.55334159983446,27.34770085809911,16.877898478617265,35.535859770576685,25.257167693681158,17.378456648969166,-28.56341075473963,41.038172060363806,-271.01612903225805,-21.31036586405833,47.07938101339386,-269.92512309474887,-28.563411313818822,41.03817288655355,-271.01613088790896,-39.32522283010714,61.71936503951386,-8.579423672526364,-1.1161786488448495,2.1113171632892076,-0.609946542455289
4.09,-0.015122478124231509,0.026699983158561036,-0.005160085189596542,0.24948775815314805,-1.1260568120751038,0.3875316549928203,0.0019862998962158003,0.0017984552599093365,0.002134716958360399,34.55334159983446,27.34770085809911,16.877898478617265,35.40520345213865,25.88279025811053,17.151528256765133,-28.56341075473963,41.038172060363806,-271.01612903225805,-23.66482289989787,45.96793913636107,-270.24277510002804,-28.563411313818822,41.03817288655355,-271.01613088790896,-29.28122981568994,28.731020260299676,1.5079581706337075,-0.5355389314677399,-0.001758849345214447,0.020253550151464256
4.1,-0.012384429306929401,0.01523972946733626,-0.0014926991300684977,0.2899257318324693,-1.1488178248202572,0.3468901619896869,0.0020542405805752087,0.0017978400736753332,0.002104986777851076,34.55334159983446,27.34770085809911,16.877898478617265,35.24615100162903,26.540205276876208,16.943838093157726,-28.56341075473963,41.038172060363806,-271.01612903225805,-26.069857865621177,44.66957568807017,-270.58921872506363,-28.563411313818822,41.03817288655355,-271.01613088790896,-19.65650406616633,-3.0314988108367125,10.065256076201448,-0.3624718593269073,-0.542477720200431,0.15180093837801306
4.11,-0.009373321302355353,0.004021576307670971,0.0016731544581654045,0.3070673722286159,-1.0883910336619878,0.28964978944486963,0.0020790971852835687,0.0017978400651233635,0.0020537000885489814,34.55334159983446,27.34770085809911,16.877898478617265,35.072766496729706,27.17906815200665,16.76580952587325,-28.56341075473963,41.038172060363806,-271.01612903225805,-28.356039985445975,43.2976941002725,-270.9281022914654,-28.563411313818822,41.03817288655355,-271.01613088790896,-10.887895554733005,-30.938657990817585,16.979909074809186,-0.21077917786557643,-0.9928702986465984,0.25128277926469345
4.12,-0.02240570113111673,0.03475648052992131,-0.0015489217285362122,0.30439659169628003,-0.9611935356114117,0.21975820763085502,0.0020774671762901014,0.0018156344216689482,0.0019485612751523947,33.63067447526988,29.694927738758487,16.54885879770599,34.89598563424875,27.760835765956926,16.62503640750251,-36.23963936145598,34.44834595378435,-272.35483870967744,-30.392182358592546,41.94304747467621,-271.23851935908215,-36.23964007047363,34.44834664054473,-272.35484055635914,-45.130941428974594,56.21355258190579,3.547358078599851,-1.3510746295824492,1.9793238552234442,-0.24649227263790846
4.13,-0.018842564162711017,0.02426895815373148,0.00046676004259832427,0.3869395671347579,-1.0868258022638944,0.1827718755868385,0.0021342576960568485,0.0017981126910633527,0.0019125149254569363,33.63067447526988,29.694927738758487,16.54885879770599,34.68778471894383,28.36697988428748,16.51190001500873,-36.23963936145598,34.44834595378435,-272.35483870967744,-32.4377341236052,40.39143528444405,-271.58280702717656,-36.23964007047363,34.44834664054473,-272.35484055635914,-31.835687874233162,23.754679886925942,8.612159394937876,-0.5389033060221272,-0.07267001794094377,0.07692655015749758
4.14,-0.014720027724000606,0.013266776055837481,0.0020374953256303563,0.42823147829798297,-1.0983741578484172,0.1351992738598151,0.002168256725044245,0.001797840065123364,0.001879269042451343,33.63067447526988,29.694927738758487,16.54885879770599,34.4493946751224,28.9975353069488,16.42466048435186,-36.23963936145598,34.44834595378435,-272.35483870967744,-34.4986667146387,38.6485133323409,-271.9545491726054,-36.23964007047363,34.44834664054473,-272.35484055635914,-19.267094352940436,-6.245945237920742,12.152637150541562,-0.3157710196438435,-0.5802683005847216,0.12162857526869197
4.15,-0.010351102097842513,0.002591472928130667,0.003108992414768752,0.4398008696588863,-1.031701445874243,0.0839444066948968,0.00217854775273303,0.0017978400690659348,0.0018548988349551367,33.63067447526988,29.694927738758487,16.54885879770599,34.19856929259544,29.6049654058336,16.36621357170724,-36.23963936145598,34.44834595378435,-272.35483870967744,-36.42915524807913,36.85007352681992,-272.31758838798584,-36.23964007047363,34.44834664054473,-272.35484055635914,-7.486464482725957,-32.36928264035068,14.052307660844614,-0.11451771740794053,-0.9987335673542582,0.13740997163334345
4.16,-0.02699067630312524,0.030815341648047223,0.0054756294785360815,0.42542690233511915,-0.9030140030639491,0.03289791131209309,0.0021658138887805114,0.0018020844716713296,0.0018384862288760365,32.42870378604985,31.865117517355674,16.65254453329207,33.94959657499126,30.15328411255524,16.337349034209236,-42.43221287473755,26.448200516348113,-273.69354838709677,-38.11989662089678,35.106322313716625,-272.64957204928584,-42.432213705607104,26.448201036009962,-273.6935502248311,-50.975777555403,48.5241863942808,16.003989879303198,-1.573872073129028,1.7622287086732016,0.17691691997679138
4.17,-0.022153486873009998,0.021031745919634748,0.005462068575045831,0.5165513287470646,-1.0088542613057043,-0.02734911388823407,0.0022562805764613347,0.0017979146172291108,0.0018256404851089525,32.42870378604985,31.865117517355674,16.65254453329207,33.668078505543406,30.718100573908526,16.341470528059954,-42.43221287473755,26.448200516348113,-273.69354838709677,-39.784845836346555,33.16735050362207,-273.011990189771,-42.432213705607104,26.448201036009962,-273.6935502248311,-33.62105892490855,18.294171157481937,14.599195251802842,-0.5308284883195171,-0.1398400162119929,0.11179674684787498
4.18,-0.016735387658263212,0.010873270118045064,0.004905212454240748,0.5567752809146,-1.0099444626023206,-0.07729825602054405,0.0023044141870742145,0.0017978401275096072,0.00181848802095764,32.42870378604985,31.865117517355674,16.65254453329207,33.35555585145977,31.29976075661361,16.376177402489585,-42.43221287473755,26.448200516348113,-273.69354838709677,-41.4317496732393,31.040800468002406,-273.39756125484604,-42.432213705607104,26.448201036009962,-273.6935502248311,-18.01917368234038,-8.984669985154667,12.022293108583733,-0.25754444773204455,-0.5984614089319511,0.05284788933517135
4.19,-0.011113812131472445,0.00110410592385346,0.003909776900822282,0.5616396418523173,-0.9403856202719568,-0.11594587170790609,0.002310613602587643,0.0017978413034575498,0.0018144299489784657,32.42870378604985,31.865117517355674,16.65254453329207,33.03337127752028,31.855148717430236,16.435357125160138,-42.43221287473755,26.448200516348113,-273.69354838709677,-42.94704504321065,28.8832781018801,-273.7682037534242,-42.432213705607104,26.448201036009962,-273.6935502248311,-3.7872165474202792,-32.53841241941936,8.494984322773002,-0.017172707746855205,-0.9729277308309756,-0.01872284142795817
4.2,-0.030551230340916002,0.02597985196935859,0.012093703767315556,0.535991635604058,-0.8155497372380089,-0.14227501472785514,0.0022788598318617746,0.0017984919119284632,0.0018122139444055761,30.999971486436436,33.79207494697625,17.196770127752654,32.718438126779,32.35200069274109,16.51283994085296,-46.88760660735401,17.365262642241046,-275.0322580645161,-44.247630213024166,26.819532649583127,-274.09987008262397,-46.88760752724908,17.365262974881674,-275.0322598931455,-53.75162567271544,39.282907368490754,27.824420016927707,-1.7030779477370284,1.4833288483788811,0.6118080683140356
4.21,-0.024590447846797425,0.017210797754542373,0.010167261463933486,0.6284102547928392,-0.8995009490964551,-0.22557426235166347,0.002404836573600431,0.0017978490411623932,0.0018072617605591117,30.999971486436436,33.79207494697625,17.196770127752654,32.372581555042544,32.85763794298906,16.627518830300193,-46.88760660735401,17.365262642241046,-275.0322580645161,-45.48776124577746,24.57477452043217,-274.4588454818522,-46.88760752724908,17.365262974881674,-275.0322598931455,-33.43366472066834,12.457538265278258,19.955513852860665,-0.4956631138208987,-0.20385058938693792,0.13973929218750722
4.22,-0.01807636636936394,0.008204658736124082,0.0076037203514939256,0.6639834019468122,-0.8914052344365166,-0.2776342420391139,0.002462505692542051,0.0017978439053618382,0.0018052563277091923,30.999971486436436,33.79207494697625,17.196770127752654,31.997550577953326,33.37280498252593,16.77723290852573,-46.88760660735401,17.365262642241046,-275.0322580645161,-46.67500231635474,22.15676518353173,-274.8389442310148,-46.88760752724908,17.365262974881674,-275.0322598931455,-15.89024740923497,-11.399979231350233,11.550720004291108,-0.1915980941872551,-0.6021796773890805,-0.017699236426549903
4.23,-0.011423034809358246,-0.00037355552693119076,0.004661129740219927,0.661107100457062,-0.8221726993347191,-0.30412861875890307,0.0024576360575584923,0.001797853048289173,0.0018042814601215266,30.999971486436436,33.79207494697625,17.196770127752654,31.616709839218856,33.86002584773639,16.947207087601196,-46.88760660735401,17.365262642241046,-275.0322580645161,-47.731773288393825,19.73398090269616,-275.2001512323095,-46.88760752724908,17.365262974881674,-275.0322598931455,-0.14125178473791597,-31.81835270642843,2.9602031448185553,0.07202571811982283,-0.9241441893936457,-0.17057346346166252
4.24,-0.03273215071335189,0.020530534641045928,0.018579447959204465,0.6250547905467833,-0.7058003385970713,-0.3069635560161221,0.002399676731479098,0.0017979070534099324,0.0018040894433970244,29.410160452314862,35.42606373609048,18.17042972806722,31.248464019246484,34.291601632493446,17.124744312919415,-49.42341621640557,7.571388875228827,-276.3709677419355,-48.60368972893214,17.43890029997363,-275.5170092536762,-49.42341718879896,7.571389009490843,-276.3709695611497,-53.72675694412204,29.09110840768129,39.40489894617102,-1.744281816835596,1.1649163484082394,1.038237479523271
4.25,-0.025900178778245464,0.013008194312161159,0.014841697620703809,0.7130255643793996,-0.7669129839831144,-0.41406512802999745,0.0025513906384363066,0.0017978695847412872,0.0017998129757775586,29.410160452314862,35.42606373609048,18.17042972806722,30.853000378798498,34.724746254912915,17.344212100466997,-49.42341621640557,7.571388875228827,-276.3709677419355,-49.37830860916619,14.98334707466506,-275.8623771425537,-49.42341718879896,7.571389009490843,-276.3709695611497,-31.782504948171823,6.36694264647409,25.417204458699004,-0.44467274953720837,-0.26521211121366356,0.17271783273160302
4.26,-0.018576627390076594,0.005380633014074765,0.010361905143236427,0.7417472199315126,-0.750971124451352,-0.4695512604922252,0.0026088050324709284,0.001797876875094804,0.0017989141818076538,29.410160452314862,35.42606373609048,18.17042972806722,30.431989643709237,35.16054292015134,17.603829490657713,-49.42341621640557,7.571388875228827,-276.3709677419355,-50.06259358932022,12.373790687939817,-276.2312444909587,-49.42341718879896,7.571389009490843,-276.3709695611497,-13.29327551115436,-13.551862326697297,11.438478162748757,-0.12692836817948008,-0.5949841488666464,-0.0793756271217628
4.27,-0.011188435652739748,-0.0018014328850212147,0.005547586005235694,0.7309342247725602,-0.6847333340701287,-0.48552022741559603,0.002586707590806058,0.0017979277047635441,0.0017987401385847724,29.410160452314862,35.42606373609048,18.17042972806722,30.009505426139228,35.567998886224906,17.880371044305647,-49.42341621640557,7.571388875228827,-276.3709677419355,-50.61835228938761,9.783330630844183,-276.58083752313837,-49.42341718879896,7.571389009490843,-276.3709695611497,3.219510879023486,-30.412466364335828,-2.034268404272319,0.14738292260003624,-0.8581664371635372,-0.3110261094519616
4.28,-0.033306290964399965,0.014710523688782007,0.024735170172067833,0.6857281041818369,-0.5804066421774,-0.46664334787398876,0.0025005253634836407,0.0017981473543209486,0.0017989494034970227,27.736821873230763,36.733071741996476,19.543540341987892,29.60458599795278,35.924540871103204,18.15469383163855,-49.93582535855264,-2.532458441935596,-277.7096774193548,-51.02271668980349,7.347429887949972,-276.88360364886773,-49.93582634447779,-2.5324585085730686,-277.7096792288085,-51.4645193172773,18.359419162707862,50.15431348414407,-1.7147954319632164,0.8213369266664247,1.4325316087049655
4.29,-0.025912660179277514,0.008595331350067958,0.019248957737576122,0.7654287916742178,-0.6184352267088294,-0.5955429316031428,0.0026592448838724746,0.00179803682777456,0.001798097736223427,27.736821873230763,36.733071741996476,19.543540341987892,29.177421758362417,36.27601477387413,18.475254749552338,-49.93582535855264,-2.532458441935596,-277.7096774193548,-51.293862915344775,4.775053936942177,-277.21820130542994,-49.93582634447779,-2.5324585085730686,-277.7096792288085,-29.057420772076483,0.20183011367075387,30.303521735118657,-0.38546950066621954,-0.3231840584215168,0.19843782288152056
4.3,-0.01810996624384631,0.002499290112613073,0.012929390620526116,0.7860313138847089,-0.5958764647545235,-0.6534122093955842,0.0027054731116943026,0.0017980967414281384,0.0017979692218753963,27.736821873230763,36.733071741996476,19.543540341987892,28.72942184462487,36.623754050565545,18.840338115474488,-49.93582535855264,-2.532458441935596,-277.7096774193548,-51.43872912890257,2.07109704127271,-277.5798014103521,-49.93582634447779,-2.5324585085730686,-277.7096792288085,-10.341825518382151,-15.421255319447637,11.055799994153011,-0.06620819534467678,-0.5787911120439221,-0.14286470221553008
4.31,-0.010322849505979392,-0.0031507708945882618,0.006326255094738886,0.7672239425670402,-0.5346894283564941,-0.6585310632086985,0.0026631864795242754,0.001798358884723007,0.0017979613925502673,27.736821873230763,36.733071741996476,19.543540341987892,28.28453945228613,36.94378271377573,19.218681820188905,-49.93582535855264,-2.532458441935596,-277.7096774193548,-51.46077738040395,-0.5917061539891381,-277.9224999478351,-49.93582634447779,-2.5324585085730686,-277.7096792288085,6.402339816058385,-28.432125275393325,-7.01396811812242,0.2099004582029569,-0.7788967617993902,-0.44840269211836054
4.32,-0.03207747751509238,0.008725032704914648,0.030020744737987437,0.7137383354512375,-0.4450016792086597,-0.6182467011096379,0.002552766304601687,0.001799247337530437,0.0018009919365928964,26.066087524252307,37.69269397945756,21.267689235111007,27.861925742999574,37.21899013883373,19.585007801107743,-48.40385594331021,-12.53262661293603,-279.0483870967742,-51.370377009160315,-3.078072779758739,-278.21664894213234,-48.40385690280674,-12.532626874422201,-279.04838889623375,-47.24352151620419,7.393659439851054,58.615641045461,-1.6270677010550656,0.46272563483700735,1.7569389446872656
4.33,-0.02446795989487649,0.004117337956099698,0.02290195537656553,0.7822866036610711,-0.4601851511901673,-0.7632978894519095,0.002696908617030556,0.0017990312204363619,0.0017980170859744236,26.066087524252307,37.69269397945756,21.267689235111007,27.42300296859158,37.483074053862474,19.999742083772745,-48.40385594331021,-12.53262661293603,-279.0483870967742,-51.11650069008283,-5.672783528155654,-278.54440009012467,-48.40385690280674,-12.532626874422201,-279.04838889623375,-25.30773913755554,-5.897661648159357,33.633511999698996,-0.31947594878987273,-0.37728654113789034,0.20249568437981222
4.34,-0.016548883598034525,-0.00035495349635217277,0.014899469318655156,0.7935778698241234,-0.43208784262710503,-0.820235678299698,0.0027229526963829546,0.001799461012465233,0.0017978534616379987,26.066087524252307,37.69269397945756,21.267689235111007,26.968861678967738,37.737536337233394,20.461124018599254,-48.40385594331021,-12.53262661293603,-279.0483870967742,-50.706192525564674,-8.372510388417728,-278.90064536844744,-48.40385690280674,-12.532626874422201,-279.04838889623375,-6.897513334358756,-16.986457829750236,9.700424876275628,-0.007761159922517556,-0.5550418481350569,-0.21725180608233036
4.35,-0.008733152367266017,-0.004394116371546408,0.00668839292568818,0.7663435811177818,-0.37746673024708954,-0.8128331848362693,0.0026612514271798617,0.0018007726118570797,0.0017978551078015096,26.066087524252307,37.69269397945756,21.267689235111007,26.522819226558074,37.965706213286765,20.9308197580403,-48.40385594331021,-12.53262661293603,-279.0483870967742,-50.18495512042541,-11.008794076948815,-279.2375146370143,-48.40385690280674,-12.532626874422201,-279.04838889623375,9.649623111967601,-25.93907976473686,-12.397774818779494,0.2628137588543595,-0.6889851663757898,-0.5866093796439774
4.36,-0.02892966891474652,0.002744749773257893,0.03393617979505792,0.7048768660653065,-0.304210562263649,-0.750973394228756,0.0025358365935080115,0.001804275834063072,0.0018111138849420606,24.487661409084392,38.295597512370065,23.27739976726422,26.103773233767132,38.15611088847688,21.378211652335636,-44.8902269785371,-22.01970757788168,-280.38709677419354,-49.59651692249153,-13.449300350866439,-279.5246194553828,-44.8902278722007,-22.019708020299664,-280.38709856364613,-41.09405149503282,-3.600832806558902,63.7470253860225,-1.4866202857445419,0.09530595689662442,1.9850820496051453
4.37,-0.021490648465407602,-0.0003042511752139321,0.025421218006482893,0.7595247289535746,-0.2971641490727299,-0.9046388333286423,0.002646404093761812,0.001804652441569432,0.0017983588573944195,24.487661409084392,38.295597512370065,23.27739976726422,25.675360529017958,38.329914556454426,21.873206757371314,-44.8902269785371,-22.01970757788168,-280.38709677419354,-48.82294815625384,-15.964682886153827,-279.8444965032741,-44.8902278722007,-22.019708020299664,-280.38709856364613,-20.424327706128555,-11.822234046011431,34.88167893228725,-0.24580752620817603,-0.42716101644544924,0.17991579019837178
4.38,-0.013859810754127733,-0.0031102210056725976,0.016023341286798998,0.7600919773684282,-0.26448824207062405,-0.9568020608862781,0.0026476300435057435,0.0018057031647962121,0.0017978422554275949,24.487661409084392,38.295597512370065,23.27739976726422,25.238337351568017,38.48871660766557,22.414208486105935,-44.8902269785371,-22.01970757788168,-280.38709677419354,-47.87085717262801,-18.553442044861217,-280.1920735835567,-44.8902278722007,-22.019708020299664,-280.38709856364613,-2.8181708489820303,-18.20906786450868,7.204257603486538,0.04968223481155914,-0.5245284361461778,-0.30133224065561603
4.39,-0.006430005213450163,-0.005506180759075829,0.0065156994134806245,0.7237834933328846,-0.21749157244860157,-0.9356501874846705,0.0025724150595650597,0.0018076352829347968,0.0017978414751427874,24.487661409084392,38.295597512370065,23.27739976726422,24.814918675033315,38.6232374681712,22.957359542555402,-44.8902269785371,-22.01970757788168,-280.38709677419354,-46.826090630663344,-21.055417709622667,-280.5200516091026,-44.8902278722007,-22.019708020299664,-280.38709856364613,13.058412556838226,-22.96680021569656,-18.018162588592546,0.3064793043261695,-0.5903273898213028,-0.7189234074558126
4.4,-0.02395925272200694,-0.0030894581244637065,0.03623640671673517,0.6546540731708556,-0.16164276504116487,-0.8532988937161654,0.002446844054842952,0.001810813771004805,0.001827846974451135,23.088929908940077,38.54137001271528,25.49297239640171,24.42329681921963,38.72763591934936,23.46797834737691,-39.538786846884925,-30.60529912738314,-281.7258064516129,-45.763917405539566,-23.344517311215256,-280.7995226572279,-39.53878763744544,-30.605299729965857,-281.72580823128726,-32.95926469449086,-14.44017954092831,65.33819917489974,-1.292847686413243,-0.2745862971230695,2.1079823002476963
4.41,-0.017123367866094696,-0.0045675514492122815,0.026677477508978142,0.6924306090757538,-0.13334587604706652,-1.0081556757123455,0.0025126879260471543,0.0018129216160240305,0.00179870344571625,23.088929908940077,38.54137001271528,25.49297239640171,24.030324333631707,38.81051415343475,24.022705588292528,-39.538786846884925,-30.60529912738314,-281.7258064516129,-44.50398113266651,-25.669821639711724,-281.11000303058853,-39.53878763744544,-30.605299729965857,-281.72580823128726,-14.337695392496872,-17.473081823717315,34.12532898300269,-0.16462270688028227,-0.4723113702133971,0.13545019074259965
4.42,-0.010232613045548344,-0.005703853873888609,0.01628126797254631,0.6809061285623264,-0.09690827405861396,-1.0526311220273048,0.0024919085310460814,0.0018162953807284545,0.0017978434818498605,23.088929908940077,38.54137001271528,25.49297239640171,23.636379396314844,38.87351014408487,24.62042975353872,-39.538786846884925,-30.60529912738314,-281.7258064516129,-43.05167588192342,-28.032191539346456,-281.44693025378666,-39.53878763744544,-30.605299729965857,-281.72580823128726,1.8287178223155032,-19.046644715973695,3.9165168077753965,0.10351385646292877,-0.4876346058635268,-0.3860289226636475
4.43,-0.003647202976650221,-0.006460513020143499,0.005885330919351672,0.6354793554451146,-0.0581844015152766,-1.018014713439889,0.0024158607742692825,0.0018209314842985106,0.0017978400912738715,23.088929908940077,38.54137001271528,25.49297239640171,23.261846713190334,38.91464176944936,25.213677240915246,-39.538786846884925,-30.60529912738314,-281.7258064516129,-41.52960300128487,-30.284727748611907,-281.7662466376423,-39.53878763744544,-30.605299729965857,-281.72580823128726,16.322840904346297,-19.4943030926098,-23.296574698767767,0.3342919550177337,-0.48349046518456684,-0.8328680765061699
4.44,-0.017573705361562386,-0.008648965185751867,0.036909996104367404,0.5604076266630664,-0.020241035771319433,-0.918180219556021,0.0023090354616117584,0.001826879864978855,0.0018358054378480957,21.949256647356655,38.437258582854156,27.825085298637664,22.923369055547006,38.933620984122015,25.76525431269963,-32.56862413611115,-37.93790613463951,-283.06451612903226,-40.041276307549936,-32.312316203950004,-282.04231645926575,-32.56862478999973,-37.93790687096758,-283.06451789930725,-22.919234735002945,-24.840185382385993,64.22760496965716,-1.0410473110074678,-0.6400743305731166,2.143140982942562
4.45,-0.011802107944258788,-0.008578065384999833,0.026721131617827687,0.5782102516989486,0.02758070495383009,-1.0681597536924052,0.0023323953459655775,0.001837108468549254,0.0017986668756190128,21.949256647356655,38.437258582854156,27.825085298637664,22.592396076720725,38.92692001556588,26.355709430226103,-32.56862413611115,-37.93790613463951,-283.06451612903226,-38.35086237751623,-34.334700849760765,-282.348975140386,-32.56862478999973,-37.93790687096758,-283.06451789930725,-7.222707237297666,-22.54704183775009,31.733164840917684,-0.07994476501894282,-0.5086148070086746,0.07697949274899289
4.46,-0.0061272580936079235,-0.008080655045624718,0.015774259027198034,0.5541084021657556,0.06657138897724345,-1.1032049867444003,0.002301051053700723,0.0018485887657318364,0.0017978407364357303,21.949256647356655,38.437258582854156,27.825085298637664,22.26880655408497,38.89623649962477,26.98442701461171,-32.56862413611115,-37.93790613463951,-283.06451612903226,-36.46277938130558,-36.35546786921464,-282.68188497993935,-32.56862478999973,-37.93790687096758,-283.06451789930725,6.521035134393736,-19.2411782128807,0.3247042330416609,0.14390438831586094,-0.44116681897484983,-0.4617468887212704
4.47,-0.0008535033897527633,-0.007243239778572885,0.004936246345508599,0.5015829063711766,0.0963410805872076,-1.0567407674380522,0.002239741667527251,0.0018599427666476298,0.0017978400651233635,21.949256647356655,38.437258582854156,27.825085298637664,21.969800455356452,38.84660588398639,27.60231466440299,-32.56862413611115,-37.93790613463951,-283.06451612903226,-34.53117331550239,-38.24754003017127,-283.0014207518846,-32.56862478999973,-37.93790687096758,-283.06451789930725,18.511782082119836,-15.365675957264383,-27.656039388296488,0.3300584307199739,-0.367091845657603,-0.9177518322020678
4.48,-0.010444677954568438,-0.013828471372457352,0.03605852284093364,0.42546436499134227,0.11629769867456374,-0.9438324072982992,0.0021658463513087307,0.0018691410576373421,0.001826034102533866,21.135335479559792,37.99799754421689,30.180889717377095,21.70898537121697,38.78299666372453,28.17128154910885,-24.265098126554054,-43.717330807229104,-284.4032258064516,-32.68286069391176,-39.91302930147633,-283.2852145926764,-24.265098615448895,-43.717331646507176,-284.4032275676678,-11.430556977213724,-34.179456459317606,61.13895251207099,-0.7280060895775946,-0.9834121763765015,2.104753227510133
4.49,-0.006162875592828354,-0.012277175637265603,0.02566483942706299,0.4209442243200941,0.18031571424202236,-1.0839538287027162,0.0021619548191482876,0.001910474575200828,0.0017983378021454945,21.135335479559792,37.99799754421689,30.180889717377095,21.464467455654184,38.690818769658215,28.77287961764944,-24.265098126554054,-43.717330807229104,-284.4032258064516,-30.636912751326605,-41.53357886572247,-283.6005007666094,-24.265098615448895,-43.717331646507176,-284.4032275676678,0.24640953705882881,-26.419746564338112,28.08807694118531,-0.0024809694009410347,-0.527049953549557,0.011125488782544492
4.5,-0.0021284440734065657,-0.01024070165672264,0.014617279092956403,0.3858683679409479,0.21974064988543532,-1.108666428297649,0.0021334288064583334,0.00194854152503558,0.0017978400651233633,21.135335479559792,37.99799754421689,30.180889717377095,21.235444318061923,38.57199248080665,29.406777300049008,-24.265098126554054,-43.717330807229104,-284.4032258064516,-28.39806412205872,-43.11580007758175,-283.9424056983774,-24.265098615448895,-43.717331646507176,-284.4032275676678,10.231849645004456,-18.427030090633245,-3.1846876587997337,0.15477270557652384,-0.3810361186344522,-0.5220211103624389
4.51,0.0014445158017043491,-0.007916781021669816,0.0037777226400179664,0.3313569431484543,0.24000901393558227,-1.052731007650616,0.0020945239313994754,0.0019732834344927575,0.0017978400651233637,21.135335479559792,37.99799754421689,30.180889717377095,21.03394842212907,38.43778414224884,30.024217694549872,-24.265098126554054,-43.717330807229104,-284.4032258064516,-26.14434187840928,-44.55971442019215,-284.27467622574454,-24.265098615448895,-43.717331646507176,-284.4032275676678,18.412162254261304,-10.656348816806071,-30.73754151356749,0.27573960875215464,-0.24461743447237824,-0.9678328379053642
4.52,-0.0032453065677782167,-0.018599784650446538,0.03383411802924918,0.26205233476234024,0.24314809293721332,-0.9318047285479528,0.002005132226627683,0.001977482230485456,0.0018106369607079503,20.697997365764714,37.2466457831564,32.47071936924852,20.868835222414873,38.29751750969536,30.587758904708153,-14.968156148667946,-47.70696282000243,-285.741935483871,-24.018416024594448,-45.790232975815826,-284.5765187925663,-14.968156450991614,-47.706963728345,-285.7419372361141,0.5671346153151084,-41.285275071003916,55.999679743570844,-0.3690117121160523,-1.2635827734997311,1.9867861306695345
4.53,-0.000747394184949346,-0.01570348861060955,0.02364356085461594,0.23450430963910876,0.31712998306209284,-1.0576083326230281,0.0019661651145128443,0.002085353332973152,0.0017980825720101102,20.697997365764714,37.2466457831564,32.47071936924852,20.72760458686536,38.12792978751076,31.17694053296645,-14.968156148667946,-47.70696282000243,-285.741935483871,-21.71061516025628,-46.9422905412679,-284.910442023427,-14.968156450991614,-47.706963728345,-285.7419372361141,7.285410025978513,-28.45721585748664,23.512103922571047,0.05880088342680673,-0.5209811943970802,-0.05721502490255223
4.54,0.0013678915144605952,-0.01229932532021949,0.012920464102011309,0.1912232274800424,0.35545235469713393,-1.0717992810972001,0.001919841157247695,0.002110959196725758,0.001797840065123363,20.697997365764714,37.2466457831564,32.47071936924852,20.608943873417964,37.93084254212152,31.791666820622616,-14.968156148667946,-47.70696282000243,-285.741935483871,-19.22527378277016,-48.02405737735064,-285.27100149387053,-14.968156450991614,-47.706963728345,-285.7419372361141,12.646206353850056,-17.243349437459187,-6.362276623357011,0.13559816626589127,-0.3211573592060222,-0.5635608644485037
4.55,0.0030027689572488248,-0.008654226603021509,0.0024892982770187144,0.1399002953253119,0.3683082360853868,-1.0092319192857813,0.0018820262347145392,0.00212021032597148,0.0017978401308281831,20.697997365764714,37.2466457831564,32.47071936924852,20.51824579622577,37.72139427929876,32.38535066169867,-14.968156148667946,-47.70696282000243,-285.741935483871,-16.751061257079567,-48.96530804224492,-285.62323946576686,-14.968156450991614,-47.706963728345,-285.7419372361141,16.292044726721926,-6.5531549225357795,-32.44309202403926,0.1808150659437586,-0.13766323596463378,-0.9825911197638355
4.56,0.003617829504162451,-0.022993558341860676,0.03044414169205245,0.08479756677219788,0.35861802025846834,-0.8855415159178821,0.001855230206935103,0.0021132052516057314,0.001801535073659118,20.67036994542586,36.2161001001458,34.614166618657144,20.458507108667064,37.51192910429262,32.92259512642396,-5.058416099371616,-49.74346616959476,-287.0806451612903,-14.437519964347572,-49.716606071759045,-285.94615451082115,-5.058416201638469,-49.74346711128817,-287.0806469042501,12.96131720877456,-46.65121749663302,48.88071873156719,0.03956845777523558,-1.4810676848785198,1.7900774768742282
4.57,0.004185221631452185,-0.018876222359363704,0.020825967716749383,0.033913296077960176,0.44222375044034473,-0.9934373265535859,0.0018387553944334912,0.002180746835353921,0.0017979074921808504,20.67036994542586,36.2161001001458,34.614166618657144,20.428915055039248,37.271978941465015,33.47807269966425,-5.058416099371616,-49.74346616959476,-287.0806451612903,-11.960326733356325,-50.35736542309311,-286.2996486447776,-5.058416201638469,-49.74346711128817,-287.0806469042501,13.670994299304377,-30.896022886351954,18.502773771341655,0.10353904178505627,-0.5245778705139393,-0.12117981524335215
4.58,0.004259782858823391,-0.014212298935169398,0.010805092467515487,-0.013402659386859774,0.48107968897333936,-0.9976267130668504,0.001828132433667472,0.0022182047004573385,0.0017978402078870103,20.67036994542586,36.2161001001458,34.614166618657144,20.427323244463086,37.00272264167798,34.05202972009914,-5.058416099371616,-49.74346616959476,-287.0806451612903,-9.321472700094432,-50.897309631537816,-286.67658693208995,-5.058416201638469,-49.74346711128817,-287.0806469042501,13.025110645527764,-16.292937920334037,-8.985937851326744,0.07783971824442172,-0.26797985378161715,-0.5843250661403151
4.59,0.0038946660804545785,-0.009338367408347481,0.00114011362029931,-0.054294186535981295,0.48809146270911963,-0.9315502829600134,0.0018214714316803202,0.002225428233079309,0.0017978416294999904,20.67036994542586,36.2161001001458,34.614166618657144,20.450542382038645,36.72323467251416,34.6016488519551,-5.058416099371616,-49.74346616959476,-287.0806451612903,-6.714904457039995,-51.30442360761541,-287.04053296791216,-5.058416201638469,-49.74346711128817,-287.0806469042501,11.186004293120048,-2.759481821096553,-32.78686565971902,0.03394780082108861,-0.03851205720627248,-0.9640187884427983
4.6,0.010087421892395365,-0.02663538272435728,0.02614177516504934,-0.0868870585922905,0.46734381336817943,-0.8102273419513868,0.0018173790167711383,0.0022044757973757796,0.0017985360833923806,21.066993152478865,34.95071949889885,36.54438910716711,20.494689209772197,36.44884971268769,35.09475629642936,5.058416099371556,-49.74346616959476,-288.41935483870964,-4.292497812645285,-51.55993602634076,-287.3688048790953,5.0584162015451835,-49.743467108323706,-288.4193565717035,24.91568644180289,-50.71353135013379,40.41695928957092,0.47529802839914576,-1.6543628348929886,1.5362215242558919
4.61,0.008779918459418612,-0.021393291029624395,0.017404835692655385,-0.16049174971587551,0.5554316198301498,-0.8979492643831237,0.0018108919706317438,0.002302716586611861,0.0017978502331808663,21.066993152478865,34.95071949889885,36.54438910716711,20.573473600159122,36.1443329348662,35.598766009183315,5.058416099371556,-49.74346616959476,-288.41935483870964,-1.7320646805291018,-51.67945006187252,-287.7242665832562,5.0584162015451835,-49.743467108323706,-288.4193565717035,19.097002193285253,-31.521752368457648,13.11762005292042,0.13378128451854004,-0.5018285430188568,-0.18194968493114064
4.62,0.006884957491745836,-0.015609120638476637,0.0083954829808367,-0.21014953124562236,0.591416515574046,-0.8931778040907226,0.0018079907044449388,0.002350488584221239,0.0017978437682326634,21.066993152478865,34.95071949889885,36.54438910716711,20.68477453488905,35.81108287211955,36.11430448665783,5.058416099371556,-49.74346616959476,-288.41935483870964,0.9640548467330394,-51.67321905879083,-288.10035199313717,5.0584162015451835,-49.743467108323706,-288.4193565717035,12.525872514977769,-14.436547639334805,-11.27067772774907,0.007866509510780335,-0.2048122266109553,-0.5902629062403898
4.63,0.004606231061673682,-0.009667656071017272,-0.00021583698718441457,-0.23933894667051522,0.5913525926892576,-0.8266342016216264,0.0018066669785018787,0.002350399407335652,0.0017978521767708718,21.066993152478865,34.95071949889885,36.54438910716711,20.816892882109997,35.470856464032146,36.60357210329822,5.058416099371556,-49.74346616959476,-288.41935483870964,3.6057847042312274,-51.54730757927315,-288.45904396853945,5.0584162015451835,-49.743467108323706,-288.4193565717035,5.531838546806401,1.0899728368186412,-32.221002655915846,-0.11899961021433521,0.05604687757555767,-0.9219957745656879
4.64,0.0021442555906361904,-0.0039025259124343403,-0.007886096499523765,-0.24901111845371304,0.5600023946081271,-0.7121876363498761,0.0018062793454885553,0.002308517570359958,0.0017979017898528868,21.066993152478865,34.95071949889885,36.54438910716711,20.958401694817304,35.14250076886814,37.03626093866951,5.058416099371556,-49.74346616959476,-288.41935483870964,6.034104520635654,-51.31442377383188,-288.7740972481448,5.0584162015451835,-49.743467108323706,-288.4193565717035,-1.4468247058441308,15.037292065736905,-48.86095291832414,-0.2397098836333761,0.28160838771202373,-1.1667321402113828
4.65,0.013410360088513595,-0.02306988002457533,0.013781282797640793,-0.33702407693523134,0.6346047073247142,-0.7607734116374677,0.0018023705715348977,0.0024144853926030933,0.001797872232315333,21.883477394414783,33.50733120841596,38.21006512015307,21.1348372950925,34.79247966364479,37.464150389985974,14.968156148667802,-47.706962820002474,-289.758064516129,8.519764157533245,-50.93030652492588,-289.1073212850239,14.96815645010324,-47.706963720028845,-289.75806623830323,25.037212804318017,-31.577984065409193,8.702838265083967,0.1784149544701714,-0.4802025906974391,-0.21385555848536622
4.66,0.009707905203461653,-0.01650790131859814,0.006169616604340344,-0.39215630167306265,0.6676800748951691,-0.7529302276433284,0.001800342280821579,0.0024688183721856185,0.0017978759143829398,21.883477394414783,33.50733120841596,38.21006512015307,21.349930516268238,34.414845452178824,37.899493585368276,14.968156148667802,-47.706962820002474,-289.758064516129,11.120500207925927,-50.39488859157753,-289.4661393798411,14.96815645010324,-47.706963720028845,-289.75806623830323,12.940616214212003,-13.06619463398224,-11.829758202611739,-0.04197733497811816,-0.1603954974400416,-0.5564570869093722
4.67,0.0056433686435695685,-0.009830336191404832,-0.00107036235572322,-0.41325527482745933,0.6624892070767864,-0.6934294022820573,0.0017998304880025835,0.0024599714039843764,0.0017979185434239618,21.883477394414783,33.50733120841596,38.21006512015307,21.583834370899673,34.03274890396457,38.31064485116965,14.968156148667802,-47.706962820002474,-289.758064516129,13.659604111053667,-49.75158279074613,-289.8104094124813,14.96815645010324,-47.706963720028845,-289.75806623830323,1.0708064111665974,3.6022728686538503,-29.393681841592485,-0.24823728960980276,0.11820095842858577,-0.8335210406175297
4.68,0.022710787903943208,-0.030486722524309062,0.016338530617120317,-0.4037862206330851,0.6239916076009748,-0.5941913920142783,0.0018000457629556924,0.002398051554258432,0.0017981017990003935,23.096499507380617,31.95488589962691,39.57513191682278,21.819888863755743,33.66464822792756,38.67421453093649,24.26509812655408,-43.71733080722909,-291.0967741935484,16.001040948930488,-49.040493329772744,-290.1141529525154,24.2650986127358,-43.71733163449504,-291.0967759041823,48.068695301606645,-51.87344069504542,22.40619726964073,1.3188816555961225,-1.7668597960129364,0.9454585737509646
4.69,0.017910625109692324,-0.023697153322227327,0.010020800242623085,-0.5245321741962341,0.7066945197865298,-0.6430273532053656,0.0017984218048789306,0.002539278584870875,0.0017979866187191546,23.096499507380617,31.95488589962691,39.57513191682278,22.100808410167478,33.27188802241103,39.037859117839425,24.26509812655408,-43.71733080722909,-291.0967741935484,18.42118360924648,-48.14866540900606,-290.4505687101936,24.2650986127358,-43.71733163449504,-291.0967759041823,30.046547943966132,-29.259725965440524,2.995791244294855,0.2042978245887186,-0.42135599620475933,-0.2735867432888979
4.7,0.012308609888167177,-0.016457737667698313,0.003637704993366353,-0.5818886725509615,0.7317663089418427,-0.6274538417564296,0.001798142166682199,0.002588387509137479,0.0017980168070839287,23.096499507380617,31.95488589962691,39.57513191682278,22.42478152463907,32.855901989738,39.40242678137317,24.26509812655408,-43.71733080722909,-291.0967741935484,20.91746617874424,-47.08471946443597,-290.813986753504,24.2650986127358,-43.71733163449504,-291.0967759041823,12.41214485572808,-9.99960559084858,-13.932361826126392,-0.10972723973104236,-0.09140802332233586,-0.5532771436781803
4.71,0.006399234803047438,-0.009186375918795786,-0.002351306788920815,-0.5915983489299679,0.7179103445438679,-0.5700047167602372,0.0017981098932449437,0.0025608675455870977,0.0017981867115453975,23.096499507380617,31.95488589962691,39.57513191682278,22.76366459638638,32.44028409695318,39.7420719611431,24.26509812655408,-43.71733080722909,-291.0967741935484,23.329669914423146,-45.92848304047731,-291.1605880698929,24.2650986127358,-43.71733163449504,-291.0967759041823,-4.268502950787114,7.2928362309215595,-28.223075871841466,-0.3932916329539492,0.1953522559233758,-0.7760351308377821
4.72,0.02798888292772006,-0.029866718641634815,0.010600368843874608,-0.5598969048912176,0.6698548584673236,-0.48102843487720015,0.0017992879488194396,0.002472560772617143,0.0017987862075830767,24.664244414469145,30.37227464383605,40.61699049499833,23.094487685513332,32.043961671133864,40.03800799602643,32.568624136111104,-37.937906134639555,-292.43548387096774,25.53542908865218,-44.749024061677396,-291.46207151431,32.56862478408536,-37.93790685776119,-292.4354855697525,56.570681165063334,-47.70490996759016,11.04849616865555,1.650197984534988,-1.6863430816074965,0.5850220669919104
4.73,0.021512846395450758,-0.02268255196793767,0.005577366287641938,-0.6963653184193612,0.7412134763763383,-0.5048727794087944,0.0017979338050273417,0.0026077006637503543,0.00179856570405478,24.664244414469145,30.37227464383605,40.61699049499833,23.47203095784119,31.629227120639783,40.326308599757795,32.568624136111104,-37.937906134639555,-292.43548387096774,27.77135265737303,-43.375304308203454,-291.7957536997919,32.56862478408536,-37.93790685776119,-292.4354855697525,33.14617502874381,-25.145718796577043,-3.9080458960669207,0.20322139430225278,-0.34365284943787033,-0.347345349567959
4.74,0.014190998188619408,-0.015154463554459041,0.000635307497780957,-0.752064429395012,0.7561385981016083,-0.480318097788893,0.0017978763368814616,0.0026391198070600808,0.0017987937182417292,24.664244414469145,30.37227464383605,40.61699049499833,23.89437522165052,31.19727793699251,40.60786603037848,32.568624136111104,-37.937906134639555,-292.43548387096774,30.035590060638217,-41.815267656641375,-292.1559929506342,32.56862478408536,-37.93790685776119,-292.4354855697525,10.675087378147692,-5.978976957357959,-16.590749074241238,-0.1915496910968795,-0.018021216127480005,-0.5529795797462578
4.75,0.006644709732521403,-0.007692122370505428,-0.0038872583083335854,-0.7484134785065844,0.7327483052680754,-0.42535494549751296,0.0017978781811600559,0.0025903744778160115,0.0017995848183261854,24.664244414469145,30.37227464383605,40.61699049499833,24.326221804568426,30.77126200076347,40.863692738682346,32.568624136111104,-37.937906134639555,-292.43548387096774,32.19197951559554,-40.18353709030539,-292.4970840723822,32.56862478408536,-37.93790685776119,-292.4354855697525,-10.145546861452747,11.268252372582872,-27.0056884790661,-0.5405554304812011,0.26544929013015256,-0.711408632561238
4.76,0.031944090207720655,-0.02732190534422496,0.0046085344668275185,-0.6942482295775829,0.6753413761849026,-0.34846805259496694,0.0018042827934643733,0.0024820968177479454,0.0018018473927319545,26.527674844532612,28.844302822630258,41.3240734130487,24.73923998819497,30.369981079645957,41.080446550163835,39.538786846884896,-30.60529912738319,-293.7741935483871,34.137477474263825,-38.5771116964101,-292.7901052044351,39.53878762668101,-30.605299718522893,-293.7741952355637,62.00655518526902,-41.49247520134384,-0.5167630343738856,1.8946639614930494,-1.5510838440185686,0.21607705245251255
4.77,0.024051174072070802,-0.02016337480052366,0.001068425796945549,-0.8399202597292476,0.7328717450239366,-0.3486622217375818,0.0017981321714440031,0.002590624581883157,0.0018018390181098022,26.527674844532612,28.844302822630258,41.3240734130487,25.1982512107273,29.957463418487176,41.282713183168546,39.538786846884896,-30.60529912738319,-293.7741935483871,36.065260337280236,-36.772227832063,-293.1143219944679,39.53878762668101,-30.605299718522893,-293.7741952355637,34.3639421724418,-19.994260713343373,-10.479865091004498,0.17943463234185833,-0.26098604997694397,-0.41015066001612255
4.78,0.015310992985737293,-0.012781103548156536,-0.002265175359442262,-0.8909619048728487,0.7367216594799599,-0.3176484224498978,0.0017978439399880736,0.002598462764042715,0.001803415436349552,26.527674844532612,28.844302822630258,41.3240734130487,25.701535373279665,29.534493364436717,41.471817353126575,39.538786846884896,-30.60529912738319,-293.7741935483871,37.97629691799712,-34.775769923293815,-293.46451671643496,39.53878762668101,-30.605299718522893,-293.7741952355637,8.026251834566787,-1.568065766937173,-18.472448336007876,-0.27890677966989436,0.04933142194484664,-0.5349999020971654
4.79,0.006445040495169252,-0.005566685191077392,-0.005183323450079769,-0.8734974501477973,0.7037450948017766,-0.26840644205299125,0.0017978454890222307,0.002533701363377761,0.0018055662328045137,26.527674844532612,28.844302822630258,41.3240734130487,26.208156082541812,29.123224486381925,41.6361085992163,39.538786846884896,-30.60529912738319,-293.7741935483871,39.76295237739792,-32.73420856577781,-293.795231564094,39.53878762668101,-30.605299718522893,-293.7741952355637,-16.023567959391738,15.047281360617925,-24.654483883788885,-0.6778932850868178,0.31954416027299715,-0.6240744741294121
4.8,0.03447750790258608,-0.023089403857473434,-0.0010886208646202489,-0.7986201757870005,0.637966850310789,-0.20714609157569158,0.0018139518124295735,0.002419790023879818,0.0018081407216001897,28.613109894133448,27.456372249855985,41.69358389334258,26.685653605345795,28.74183259248206,41.76794394877291,44.89022697853704,-22.01970757788181,-295.11290322580646,41.344669117179336,-30.769734039913775,-294.07865726763936,44.89022785490553,-22.01970801352696,-295.1129049021031,64.4038099113609,-33.69926001983003,-11.279606452895557,2.0458660236498796,-1.3692582945245078,-0.1445268718763261
4.81,0.025507592857188677,-0.016398663932305713,-0.003075866723746268,-0.9474110899753568,0.6796666954914092,-0.18691549912882632,0.0017983776522526517,0.00248971093125936,0.001809233818771794,28.613109894133448,27.456372249855985,41.69358389334258,27.206379100399392,28.356953395251267,41.880353727612516,44.89022697853704,-22.01970757788181,-295.11290322580646,42.867087342483906,-28.612623535599376,-294.3926825267436,44.89022785490553,-22.01970801352696,-295.1129049021031,33.94395967634037,-14.090732225952406,-16.04408957579528,0.13939293506535885,-0.1786066647520531,-0.4544376189501629
4.82,0.015723254973579737,-0.009614589348347913,-0.004762912644107664,-0.9917940696775495,0.671923931175038,-0.15253829213563674,0.0017978412548447986,0.0024761410211456055,0.0018114487285209179,28.613109894133448,27.456372249855985,41.69358389334258,27.769067242769307,27.968905245219858,41.9749974465953,44.89022697853704,-22.01970757788181,-295.11290322580646,44.33399639198751,-26.267851439923152,-294.7325435282666,44.89022785490553,-22.01970801352696,-295.1129049021031,4.885456712778299,2.950683338819976,-19.230626661296096,-0.3626549761036822,0.10539330991423819,-0.4974989433175787
4.83,0.005915684769840557,-0.003099319306917425,-0.0060674576546018155,-0.9613897843929683,0.6300307416970663,-0.11171649398990069,0.001797840730196267,0.002407345226963159,0.0018148235972896979,28.613109894133448,27.456372249855985,41.69358389334258,28.328866798890243,27.598190577574417,42.04737896734973,44.89022697853704,-22.01970757788181,-295.11290322580646,45.66838768717022,-23.908599900901784,-295.05504797569284,44.89022785490553,-22.01970801352696,-295.1129049021031,-21.337151592280534,18.2402216879536,-21.11480898164076,-0.7941142861368935,0.35062737347621636,-0.5168630683100942
4.84,0.0355684648569109,-0.01754944398966546,-0.0063115663505840525,-0.8690859261825339,0.5581383416549525,-0.06831620021049675,0.0018215670682266841,0.0023061428413411094,0.001819597153811411,30.83641690507811,26.28879804694773,41.72996498975639,28.850558010367905,27.26160287736227,42.09530474293818,48.40385594331022,-12.532626612936005,-296.4516129032258,46.81388847910325,-21.677417678400232,-295.3348060111412,48.40385687759783,-12.5326268746539,-296.4516145696007,64.13901575481285,-24.366808704898595,-21.177116589444292,2.1075512075412686,-1.1346531499301324,-0.49644318402002313
4.85,0.025898010940854532,-0.011766987700645382,-0.006785903028395657,-1.0153760357828214,0.5817389371730085,-0.030229816128553542,0.0017984706473632077,0.0023371652783207002,0.001825155355134592,30.83641690507811,26.28879804694773,41.72996498975639,29.411174749748593,26.92969359405802,42.12028583314017,48.40385594331022,-12.532626612936005,-296.4516129032258,47.864059626819454,-19.26784650398994,-295.6452434009178,48.40385687759783,-12.5326268746539,-296.4516145696007,32.10375149404527,-7.504777167830498,-20.721847846671906,0.08778602484433015,-0.09784542499332712,-0.4853554661621407
4.86,0.015475520301119094,-0.006029952250502402,-0.006887296758623762,-1.0516327343785123,0.5623981946791368,0.00575236183075693,0.0017978407212437832,0.002311587973833101,0.0018319945075480288,30.83641690507811,26.28879804694773,41.72996498975639,30.009938903256863,26.602273304617917,42.124055035689416,48.40385594331022,-12.532626612936005,-296.4516129032258,48.824758066624824,-16.682520418932405,-295.9817023702889,48.40385687759783,-12.5326268746539,-296.4516145696007,1.5602264984526775,7.265188096894097,-19.116130371854446,-0.43671306224184914,0.14470587300841833,-0.4473551678137196
4.87,0.005129990573185639,-0.0006514619344724082,-0.00665261328403044,-1.0098487763409376,0.51368717099219,0.03714434857498111,0.0017978401279541024,0.002253061126652502,0.0018396251767107284,30.83641690507811,26.28879804694773,41.72996498975639,30.59989462550341,26.297053770811516,42.108841681356246,48.40385594331022,-12.532626612936005,-296.4516129032258,49.651647333647404,-14.114169796357665,-296.30444262922435,48.40385687759783,-12.5326268746539,-296.4516145696007,-25.70923270522549,20.230136200675364,-16.736872584412403,-0.8821772538556072,0.34846356011139584,-0.39788867643780823
4.88,0.03522483702922319,-0.011208543484383326,-0.011121072388393327,-0.9041901749583683,0.4402294706051902,0.06243541940704783,0.001818853805262756,0.002178935644791971,0.0018472074661191281,33.10867200245259,25.411700762179535,41.44437425927077,31.144502139242856,26.0281953061663,42.07749092154677,49.93582535855264,-2.532458441935658,-297.7903225806451,50.31453641996773,-11.719001247533358,-296.59073414017956,49.93582631060621,-2.5324585171777705,-297.7903242379092,61.68569694262626,-13.62164368508186,-30.315132960775994,2.0889767898268197,-0.8389695633869605,-0.8382045679601249
4.89,0.025242018630424745,-0.006732483300654124,-0.010175646267631344,-1.0427601612859436,0.44349663951479185,0.11639844939632832,0.0017983218631357648,0.0021819083299986124,0.0018691911721579874,33.10867200245259,25.411700762179535,41.44437425927077,31.722532772514924,25.772140997064053,42.02047848389884,49.93582535855264,-2.532458441935658,-297.7903225806451,50.85067696397921,-9.166213176633404,-296.908008296474,49.93582631060621,-2.5324585171777705,-297.7903242379092,29.01428313126583,-0.523523661011299,-24.619187594347345,0.027792636693418367,-0.022707261125174568,-0.5060723432205166
4.9,0.014596502574686587,-0.0024416162537277963,-0.008797556562365694,-1.0696919756490135,0.4137308478576767,0.15312606436957132,0.001797840065123364,0.0021558491573590364,0.0018903608423509576,33.10867200245259,25.411700762179535,41.44437425927077,32.33353802117794,25.528132839399603,41.93949937336036,49.93582535855264,-2.532458441935658,-297.7903225806451,51.26769727983722,-6.456594912898063,-297.2511442580614,49.93582631060621,-2.5324585171777705,-297.7903242379092,-1.7516298841557991,10.777634352881948,-18.33942648451163,-0.49750679931855835,0.15831466116653506,-0.38938070283638043
4.91,0.004122773103400257,0.0014291867589908969,-0.007132341225388417,-1.018415425929754,0.36237910725499806,0.17534854534124622,0.0017978400895376416,0.0021159007539698726,0.0019064681982264183,33.10867200245259,25.411700762179535,41.44437425927077,32.93029663781516,25.30940356183741,41.84289745815681,49.93582535855264,-2.532458441935658,-297.7903225806451,51.556300441035084,-3.7932456157664913,-297.58355487140744,49.93582631060621,-2.5324585171777705,-297.7903242379092,-28.935488626666757,20.21936524123404,-11.916875427572952,-0.938527585858594,0.3015419399003148,-0.27481933250826546
4.92,0.03351244630533878,-0.004570889246342025,-0.0156044431994814,-0.9038366744977023,0.2942774533384843,0.1838969538620401,0.0018092377642240731,0.0020629280737055667,0.0019134626322259891,35.34257820501509,24.881088576978325,40.85518019482604,33.476411978731775,25.12593285677004,41.73796046153723,49.42341621640558,7.571388875228766,-299.1290322580645,51.71420681880306,-1.3378043558259214,-297.8842136882212,49.42341714644567,7.571388992251046,-299.12903390651087,57.1677970320487,-1.9965999846179843,-38.210961057588676,1.9916162605139758,-0.48579645027147744,-1.1479075916709625
4.93,0.023604371247417877,-0.001695385304288921,-0.013353057182279304,-1.0299028914644885,0.2757503353649036,0.25036915673286186,0.001798081045721318,0.0020279166326604707,0.0019875610353068535,35.34257820501509,24.881088576978325,40.85518019482604,34.049468506437144,24.962610771881224,41.60564097094027,49.42341621640558,7.571388875228766,-299.1290322580645,51.72075815569385,1.2483896960470224,-298.21535807149274,49.42341714644567,7.571388992251046,-299.12903390651087,24.879791682253412,6.310055627549517,-27.2564899705306,-0.03729962132989662,0.04071311413719505,-0.5093621142586501
4.94,0.013144717676570883,0.0008629004063943069,-0.01063219515320546,-1.0468168040718517,0.23749683207403788,0.2863025405966841,0.0017978400651233635,0.0019699967497492817,0.002047234804143364,35.34257820501509,24.881088576978325,40.85518019482604,34.64926594261575,24.818300109395075,41.447822982643906,49.42341621640558,7.571388875228766,-299.1290322580645,51.58548071513904,3.965028466093764,-298.57165395934754,49.42341714644567,7.571388992251046,-299.12903390651087,-4.919357400658786,13.228607153292286,-16.845955415471565,-0.5431742867711365,0.14555934183539218,-0.32418136646032286
4.95,0.002941752463082814,0.002971247651091302,-0.007676252170408682,-0.9883445973596523,0.1875689026819819,0.30011361987750546,0.001797840290440562,0.0019166140702316663,0.002074879473189173,35.34257820501509,24.881088576978325,40.85518019482604,35.23011557409402,24.70041548377902,41.27778550770903,49.42341621640558,7.571388875228766,-299.1290322580645,51.33316146105092,6.609042532950153,-298.91897637536755,49.42341714644567,7.571388992251046,-299.12903390651087,-30.979099325390152,18.514314311410523,-7.202153950336487,-0.9630353487431473,0.21902484973896405,-0.1583590141468351
4.96,0.030598884867090614,0.0020084533605765897,-0.019802661604292893,-0.8695659408997877,0.1302513474221345,0.294835628875696,0.0018017545786361312,0.0018764721398615016,0.0020640642556377683,37.458522168855566,24.73627985127445,39.989262295243776,35.757161602974755,24.613896031599268,41.10605018284742,46.887606607354066,17.365262642240907,-300.46774193548384,50.98699784736106,9.022161662941656,-299.2372626308617,46.88760747776472,17.365262949696884,-300.46774357467416,50.605855498482356,10.180687815119647,-43.690883779629736,1.8164864091358126,-0.09394145589539446,-1.377652434345978
4.97,0.021132693721882645,0.003091003417828031,-0.01637984351315125,-0.9792531374533724,0.08871430343671072,0.3700172857460259,0.0017979182953453494,0.0018567826257167715,0.002121466390082054,37.458522168855566,24.73627985127445,39.989262295243776,36.304056129731066,24.554347779978464,40.90627013041007,46.887606607354066,17.365262642240907,-300.46774193548384,50.47057958315639,11.532844838877827,-299.5856966828662,46.88760747776472,17.365262949696884,-300.46774357467416,20.091237158877096,12.924218078317228,-29.44270430293666,-0.10153583480896498,0.09400786127966088,-0.5111182802914013
4.98,0.011238504800723081,0.0037356575760372768,-0.01245313489081179,-0.9862832053999184,0.04469155819672584,0.40678580709688444,0.0017978403169067513,0.0018417380192160822,0.002150089994757567,37.458522168855566,24.73627985127445,39.989262295243776,36.87092046238758,24.51993078422971,40.67934753319791,46.887606607354066,17.365262642240907,-300.46774193548384,49.79218692362849,14.144178257321844,-299.95746058779736,46.88760747776472,17.365262949696884,-300.46774357467416,-7.598644624715307,14.200607550703909,-16.026471833245026,-0.5689163845174358,0.10165867076433917,-0.27475847567719763
4.99,0.0016694010475720722,0.003948057812795225,-0.008314822547246581,-0.9234300903023175,0.002539486293047534,0.41565262112513907,0.001797841973827766,0.0018313097301079155,0.0021574633674459466,37.458522168855566,24.73627985127445,39.989262295243776,37.41523211636619,24.51015698868127,40.441881300538654,46.887606607354066,17.365262642240907,-300.46774193548384,49.01016277885003,16.66591522364713,-300.31736241613714,46.88760747776472,17.365262949696884,-300.46774357467416,-31.631598401080552,14.070877471341047,-3.412586985908847,-0.9534395182697949,0.08612479951591712,-0.060091240192774634
5.0,0.026741192187958007,0.00833716717250188,-0.023521985163595382,-0.8053772394611824,-0.035168324971322,0.3999481067216794,0.0017987256250454205,0.0018243458386395044,0.002144532011583571,39.38914553608942,24.998448122661333,38.88367471602111,37.904909406151255,24.52332276021734,40.207385157471265,42.43221287473754,26.448200516348138,-301.80645161290323,48.17606053191922,18.9513214616305,-300.6437879886072,42.43221365167993,26.448201004146,-301.80645324172525,42.754147066966624,22.413501657673446,-48.863454270750466,1.5846134414684503,0.34458908811924527,-1.5884639611594547
5.01,0.01803509754748367,0.007608200319909164,-0.018992560310992723,-0.8962836575989345,-0.09957937808278146,0.4826386981880416,0.0017978551484399625,0.0018160184438882078,0.002219798264445762,39.38914553608942,24.998448122661333,38.88367471602111,38.40733319889064,24.568545718690213,39.94391724116531,42.43221287473754,26.448200516348138,-301.80645161290323,47.15687875202321,21.301034936762797,-300.99727696735886,42.43221365167993,26.448201004146,-301.80645324172525,15.022827910662725,18.64670110641745,-30.931282451567306,-0.16068180009574035,0.13114882507377654,-0.5025205390286174
5.02,0.009026185829828948,0.0063398451757678,-0.013939928292218684,-0.8943976213712234,-0.14683614230477202,0.5184827267324191,0.0017978436750771879,0.0018118677120487815,0.0022584664090566624,39.38914553608942,24.998448122661333,38.88367471602111,38.92300928295132,24.64383670144566,39.652569891655745,42.43221287473754,26.448200516348138,-301.80645161290323,45.961990461322856,23.71842898961643,-301.37115364598986,42.43221365167993,26.448201004146,-301.80645324172525,-9.84747504378203,13.91731180975141,-14.53448446924079,-0.5779608768642737,0.03691010975825978,-0.2167222788220619
5.03,0.0003891080813321901,0.004684620837427322,-0.008714402555853429,-0.8302314140620076,-0.17843840363928923,0.5212430666474399,0.0017978515020455861,0.001809734465689432,0.0022616138388536363,39.38914553608942,24.998448122661333,38.88367471602111,39.41388553815817,24.7403942532364,39.35318720639458,42.43221287473754,26.448200516348138,-301.80645161290323,44.683420988625016,26.032748074104365,-301.7289802885844,42.43221365167993,26.448201004146,-301.80645324172525,-31.274565044347348,8.52572758816895,0.5355159978517979,-0.9183747479304099,-0.06375055266483735,0.037358559556555794
5.04,0.02221408449591833,0.01451927445012563,-0.026253934708774795,-0.7175275853298836,-0.19445914371792078,0.49513172910338005,0.0017979698844538322,0.0018088103210970974,0.0022328285343132565,41.08174006450399,25.669937556269307,37.587043352791504,39.85158457524725,24.850126723791046,39.06174401275157,36.239639361456014,34.44834595378431,-303.14516129032256,43.39807848708792,28.114143938546928,-302.0482151769004,36.23964001617068,34.4483466033935,-303.1451629073295,33.934448854176495,34.1323504970339,-51.350305643236,1.3115240657710652,0.7793407009403995,-1.7160915085185522
5.05,0.014515549034000097,0.012039220352495217,-0.020756885890145904,-0.7884632225696391,-0.2818083836386161,0.5789423496251361,0.0017978617499430612,0.0018051214831088427,0.002333381132918306,41.08174006450399,25.669937556269307,37.587043352791504,40.29533646679828,24.99665502385753,38.74287175736056,36.239639361456014,34.44834595378431,-303.14516129032256,41.92165708438404,30.220591002275555,-302.3936765257799,36.23964001617068,34.4483466033935,-303.1451629073295,9.675789454515565,24.006219653729758,-30.59372264163399,-0.21705541290048375,0.16426856710019713,-0.4687330054051238
5.06,0.006634815993766585,0.008917897397193342,-0.014761993698516829,-0.7789338011463828,-0.33245901277845946,0.610488096110751,0.001797864933798641,0.0018025983070150988,0.0023778123603560657,41.08174006450399,25.669937556269307,37.587043352791504,40.7459895393279,25.17822487790993,38.39780281936239,36.239639361456014,34.44834595378431,-303.14516129032256,40.263211579977025,32.355234474285595,-302.75967434654956,36.23964001617068,34.4483466033935,-303.1451629073295,-11.827882425594652,13.544165298107883,-12.207687473745091,-0.5754411392168238,-0.027247227086426837,-0.15111852458099018
5.07,-0.0008485312034184345,0.005451680172744555,-0.008654635434957036,-0.7162028543092149,-0.3539969506699437,0.6058844087921554,0.0017978986446819153,0.001801616405617366,0.002371080893924423,41.08174006450399,25.669937556269307,37.587043352791504,41.17089220946368,25.377898578331372,38.04833258048253,36.239639361456014,34.44834595378431,-303.14516129032256,38.54310713217742,34.37434289721523,-303.10819379679776,36.23964001617068,34.4483466033935,-303.1451629073295,-30.198689862896945,3.1431725704829256,4.46278770990391,-0.865022416007984,-0.20894583606910416,0.12774275080638242
5.08,0.017256825814808585,0.020491524288003216,-0.027677279114450504,-0.6126296673482531,-0.3490916744029249,0.5697347679592869,0.0017980508718461784,0.0018018205520907093,0.002321127670583085,42.49843485760588,26.734100286424834,36.1599790772276,41.5460015094533,25.58134641616687,37.711940424153326,28.563410754739678,41.03817206036378,-304.48387096774195,36.859734389660886,36.17064776167607,-303.41545286283116,28.563411264407097,41.03817284527349,-304.48387257165666,24.44163945965365,45.097717767456224,-51.079523801001855,1.0090703057015313,1.188139846985278,-1.7577306003964437
5.09,0.01074181201847546,0.01631320194187058,-0.021452449639203452,-0.6631354407953928,-0.458432956150605,0.6493682520100318,0.00179795465651347,0.001799054304526309,0.0024381400486124544,42.49843485760588,26.734100286424834,36.1599790772276,41.921004756153216,25.826110925608823,37.35165918444465,28.563410754739678,41.03817206036378,-304.48387096774195,34.98524198901812,37.94894926932189,-303.75114218801065,28.563411264407097,41.03817284527349,-304.48387257165666,4.152835636709763,28.95588327419125,-28.729697700461514,-0.2711938860899625,0.1925037745534226,-0.41753838220198564
5.1,0.004158616575888452,0.011397453447303918,-0.014788320740743655,-0.6471691515580067,-0.5120747196720022,0.674340160890641,0.001797979404322307,0.0017985093151182613,0.0024803464556641328,42.49843485760588,26.734100286424834,36.1599790772276,42.29700669896088,26.110584413188118,36.9686302815571,28.563410754739678,41.03817206036378,-304.48387096774195,32.92759288729671,39.712671363056735,-304.1101707193716,28.563411264407097,41.03817284527349,-304.48387257165666,-13.574144713229687,13.035019460141498,-9.320201041866333,-0.5641685421606965,-0.09159288592679207,-0.08480474400388292
5.11,-0.002019225787280754,0.006180764850454434,-0.008084522621258805,-0.5880346455479193,-0.5235274873952609,0.6619026281254337,0.0017981214012967857,0.001798428487092329,0.0024589792259065175,42.49843485760588,26.734100286424834,36.1599790772276,42.64736802334016,26.409907753047243,36.58544244110236,28.563410754739678,41.03817206036378,-304.48387096774195,30.83094611077133,41.35140855152331,-304.4521221145478,28.563411264407097,41.03817284527349,-304.48387257165666,-28.55041651123191,-2.111524042540115,8.176370377449828,-0.797885861931857,-0.34987602282893493,0.20579369572941886
5.12,0.012065138482395543,0.02586863622191743,-0.02762604368621746,-0.4963839162925751,-0.4980585861231851,0.6166176459808509,0.0017986376501701,0.0017986228586760803,0.0023869075044288058,43.61471841603768,28.155657096675057,34.673901671371,42.95277286758363,26.703690229359758,36.22027938045689,19.717792755666043,45.947890581011485,-305.8225806451613,28.81218743956959,42.7849708556392,-304.75142179495765,19.717793103769278,45.94789146783725,-305.82258223535047,14.543345969776707,54.36049158808309,-48.42645497539699,0.6864947928301484,1.5428024460978929,-1.7245023807873185
5.13,0.006849022600608601,0.020072954699855483,-0.02097548353282286,-0.5264543724112034,-0.6254333517700842,0.6883078984628648,0.0017984094114045696,0.0017980211069891909,0.0025051803141972755,43.61471841603768,28.155657096675057,34.673901671371,43.25243658313838,27.0418555287173,35.83606857541175,19.717792755666043,45.947890581011485,-305.8225806451613,26.60848714790559,44.15805835438457,-305.08164034308703,19.717793103769278,45.94789146783725,-305.82258223535047,-1.4098128588914043,32.690742292123986,-25.640464643630796,-0.32269042254679847,0.20357278757579128,-0.3553655679712098
5.14,0.001671819430182353,0.013473386449481817,-0.013965906404458939,-0.5050743379013694,-0.6796426863888262,0.7053062201673942,0.0017985640690629753,0.0017979334429987425,0.0025366482184190466,43.61471841603768,28.155657096675057,34.673901671371,43.54763576880052,27.422763663345563,35.43370322038698,19.717792755666043,45.947890581011485,-305.8225806451613,24.226534931092857,45.474851725343,-305.437631366418,19.717793103769278,45.94789146783725,-305.82258223535047,-15.069237970462497,11.838196104525576,-6.011117646829833,-0.5456796648535414,-0.16351279158212378,-0.02120307292699361
5.15,-0.003105518174070121,0.006634338484354574,-0.006996171079736491,-0.4511120197268617,-0.679795372540231,0.6849013222875274,0.0017991562917460417,0.0017979332669960666,0.002499040301488386,43.61471841603768,28.155657096675057,34.673901671371,43.81810541413966,27.814333335285905,35.03573554627375,19.717792755666043,45.947890581011485,-305.8225806451613,21.8300880991602,46.66221765111433,-305.7766959891352,19.717793103769278,45.94789146783725,-305.82258223535047,-26.40016063924373,-7.560860736077385,11.665282923271592,-0.7197652000830324,-0.4897424622460231,0.27026825682745986
5.16,0.0067999798244831045,0.030183532912416045,-0.02599999301719813,-0.3733045479061893,-0.6336379104215343,0.631409740644968,0.0018009077315223898,0.0018011905744602164,0.0024094886707327757,44.41712260401602,29.88184660701201,33.20802471955318,44.049475816532514,28.190686973334284,34.66047155885273,10.064926004432994,48.97649706262472,-307.1612903225806,19.551663415865605,47.669709530513714,-306.07183464414516,10.06492618068429,48.976498012721905,-307.1612918993113,4.437123977364795,60.870833873696256,-43.62441046252194,0.3499637468710429,1.8153571781845748,-1.6249458096938794
5.17,0.0029504181350140657,0.022942948570965627,-0.019264341534697693,-0.38324980792514374,-0.7728700336139799,0.6921712130119492,0.001800595573257637,0.0017980203267671652,0.002512213221352414,44.41712260401602,29.88184660701201,33.20802471955318,44.26995242081742,28.612066546299555,34.271984826097736,10.064926004432994,48.97649706262472,-307.1612903225806,17.102067819919355,48.577866800275046,-306.39859985567244,10.06492618068429,48.976498012721905,-307.1612918993113,-6.913873109184555,34.64583147328168,-21.431245054686343,-0.37133745091529435,0.1910259790205131,-0.28476273183412726
5.18,-0.0007599569835411435,0.014875456203795823,-0.012267478633329776,-0.3573051231173682,-0.8242819151426453,0.7000162807010588,0.0018014846405018247,0.0017978526296493207,0.002526709471419965,44.41712260401602,29.88184660701201,33.20802471955318,44.480913711405975,29.07685873866867,33.870865534203375,10.064926004432994,48.97649706262472,-307.1612903225806,14.486363095434223,49.391577683363295,-306.75170014419444,10.06492618068429,48.976498012721905,-307.1612918993113,-16.28029620329721,9.671476810647018,-2.270321397378777,-0.520788240443846,-0.24445974889026448,0.03907669580765329
5.19,-0.004086014618037925,0.0066522008692561085,-0.005396142250399971,-0.3096321790421883,-0.8118169547919386,0.6714638494958732,0.0018039135401800859,0.0017978553422823775,0.002475343243215368,44.41712260401602,29.88184660701201,33.20802471955318,44.66864768035142,29.546965314028157,33.47899776879271,10.064926004432994,48.97649706262472,-307.1612903225806,11.883475632482694,50.07687735837899,-307.0874881476818,10.06492618068429,48.976498012721905,-307.1612918993113,-23.751260149209404,-13.208476943114903,14.978145334546305,-0.6319132764928838,-0.6252619613658527,0.3210913222110629
5.2,0.0015960836485788832,0.033118606929814276,-0.022784404812771886,-0.24691209072389855,-0.7454931736973985,0.6106191189145084,0.0018063615975965348,0.0018077260948555223,0.0023780051916825144,44.90087678538442,31.844766997922733,31.84476699792274,44.82382935739581,29.992025967129948,33.11428956946317,3.6739403974420595e-14,50.0,-308.5,9.438051206061019,50.61422318219843,-307.3788896935224,1.4651189813714214e-14,50.00000097138312,-308.50000156437267,-5.72442438582354,64.1981063140916,-36.7549690261942,0.0037174752571347545,1.9925353603541893,-1.4626354344678256
5.21,-0.0008567866010343872,0.024713770536508473,-0.01633837873778754,-0.23733336608972141,-0.8897803792828373,0.6575634688693406,0.0018067501720301744,0.0017982267856486373,0.002451687004771587,44.90087678538442,31.844766997922733,31.84476699792274,44.963430076390566,30.48021235841511,32.743130302289146,3.6739403974420595e-14,50.0,-308.5,6.843376689388848,51.01827993305099,-307.7010234995572,1.4651189813714214e-14,50.00000097138312,-308.50000156437267,-12.263619640971578,34.6958442795556,-16.09928362674826,-0.41662497484890215,0.15607255151128072,-0.20653850189721096
5.22,-0.0030771399318249015,0.01550278017829454,-0.009746446813423293,-0.2075403345214188,-0.9353408808861401,0.6550649133926182,0.0018081208636196772,0.0017978414866002034,0.0024475256828517403,44.90087678538442,31.844766997922733,31.84476699792274,45.088865677348444,31.010141736288684,32.365790968715295,3.6739403974420595e-14,50.0,-308.5,4.102357493472172,51.29431398738101,-308.0487076634939,1.4651189813714214e-14,50.00000097138312,-308.50000156437267,-17.158108860670417,6.682555539982684,1.8844995626718442,-0.4897360373266658,-0.3286996560650827,0.0947643014009875
5.23,-0.00493575533447832,0.006235032446520683,-0.0033712260756277868,-0.16682980689701807,-0.9099322977436615,0.6183503060248984,0.0018104682864089757,0.0017978426627655167,0.0023895060430105877,44.90087678538442,31.844766997922733,31.84476699792274,45.192975810919584,31.539316905395317,32.00280424068046,3.6739403974420595e-14,50.0,-308.5,1.4036276261547085,51.447769754067146,-308.37938199453043,1.4651189813714214e-14,50.00000097138312,-308.50000156437267,-20.62135496641783,-18.661913770406255,18.001680975184424,-0.5356241597042777,-0.7468760493831038,0.3553356923592131
5.24,-0.003429335164988445,0.03456596522523481,-0.018134749081931578,-0.11975181446691234,-0.8254814941645425,0.551545613159124,0.0018140848432935323,0.001814468465060763,0.0022978428072605826,45.0681347044826,33.965218133719134,30.664319678291154,45.2714248844069,32.03422123925741,31.67099113901657,-10.064926004432923,48.97649706262474,-309.83870967741933,-1.100855807004325,51.489898858845066,-308.6675100279109,-10.0649261795906,48.97649801203212,-309.8387112309897,-15.763931483797377,64.52780986597327,-27.886458985803518,-0.34730058705710337,2.0746242839132165,-1.236924287685451
5.25,-0.004483534800150735,0.025356505214717995,-0.012381204640556143,-0.09162265102205347,-0.9685591751015336,0.581655020556918,0.001816857978544872,0.001798345126439398,0.0023370513009668367,45.0681347044826,33.965218133719134,30.664319678291154,45.33008856948321,32.568318293721354,31.340377864551755,-10.064926004432923,48.97649706262474,-309.83870967741933,-3.7254444831389697,51.37012910546965,-308.9853138999889,-10.0649261795906,48.97649801203212,-309.8387112309897,-17.313952469752877,33.08053758308492,-9.722696928001097,-0.4569156519814046,0.10503331308783515,-0.12290259385229443
5.26,-0.005220099787526689,0.015397537646303139,-0.006613424427634573,-0.05870932021076672,-1.0061728137376154,0.5679406981413885,0.0018208600845799295,0.0017978405937156131,0.0023187764438802436,45.0681347044826,33.965218133719134,30.664319678291154,45.37039615706612,33.140621622624,31.010878128555014,-10.064926004432923,48.97649706262474,-309.83870967741933,-6.469806808662445,51.094006966518634,-309.3278424502905,-10.0649261795906,48.97649801203212,-309.8387112309897,-17.57494698096177,3.2720966413838135,6.19670565205862,-0.45114765677389557,-0.407465670588762,0.1405705446712238
5.27,-0.00562368008260139,0.0054846317994036164,-0.0011524020076136843,-0.02549248770397709,-0.968780254762712,0.5240217857442244,0.0018259583272141945,0.0017978405815904065,0.002264808245176808,45.0681347044826,33.965218133719134,30.664319678291154,45.39162277173686,33.70605631215629,30.700660565924185,-10.064926004432923,48.97649706262474,-309.83870967741933,-9.142625180099259,50.70576418914022,-309.65528684147483,-10.0649261795906,48.97649801203212,-309.8387112309897,-16.862696554110368,-23.397738127807532,20.228678833937963,-0.4290690333081683,-0.8441532804225867,0.3636801323472148
5.28,-0.008166253421179048,0.03456806849252825,-0.012421023494250116,0.005592402414725904,-0.8697355715713062,0.45433175011045573,0.0018319600442913018,0.001814480934173887,0.002191969907550912,44.92711496974967,36.15799217585362,29.739291216779275,45.39433379177285,34.22941916141792,30.42438295554726,-19.717792755665812,45.94789058101158,-311.1774193548387,-11.591119674653939,50.24697563046573,-309.9445381311485,-19.7177930996657,45.947891466042904,-311.1774208990427,-25.354506270378444,62.454414930044415,-17.28937629645192,-0.6955280237851122,2.07276494888294,-0.946551846934274
5.29,-0.00785001055564527,0.024946506592716466,-0.007761371662629135,0.0506006725243695,-1.0063163768672303,0.46478541367455517,0.001843479189093362,0.0017982661397266512,0.0022019797719635328,44.92711496974967,36.15799217585362,29.739291216779275,45.37376421113706,34.78669850949664,30.157429060932646,-19.717792755665812,45.94789058101158,-311.1774193548387,-14.125588179620518,49.60431570486124,-310.26317477292474,-19.7177930996657,45.947891466042904,-311.1774208990427,-21.748193710384093,30.168025098783517,-2.6602614688385158,-0.487756367860086,0.04494638819604203,-0.040101499014474275
5.3,-0.00714401815717125,0.01465901744435838,-0.003228371063264013,0.08555826791476023,-1.0348001881991389,0.44006014322439413,0.0018555274501673572,0.0017978400729607381,0.002178782342880463,44.92711496974967,36.15799217585362,29.739291216779275,45.331364725701384,35.37729382237342,29.899269495770145,-19.717792755665812,45.94789058101158,-311.1774193548387,-16.748224771559777,48.78395435361833,-310.6061558755208,-19.7177930996657,45.947891466042904,-311.1774208990427,-17.289581341082563,-0.15610776641303556,10.043122526879605,-0.4020175295368159,-0.47336832185918604,0.16599015953594998
5.31,-0.006141469646930742,0.004514848689049833,0.0009245217381940174,0.11077686057791189,-0.9873325898684043,0.39182524556703546,0.0018664525776865993,0.0017978403031972793,0.0021380710663668834,44.92711496974967,36.15799217585362,29.739291216779275,45.27253540386664,35.955399100186646,29.66421061434886,-19.717792755665812,45.94789058101158,-311.1774193548387,-19.273755621210157,47.86740667749572,-310.93677488539174,-19.7177930996657,45.947891466042904,-311.1774208990427,-12.38279797198232,-27.00550987858097,20.812943808826564,-0.3118506667627724,-0.9098976658458628,0.3325213129678886
5.32,-0.012531755382818477,0.03324675904138852,-0.006143385298572723,0.12596247686782092,-0.8781558168443416,0.32476545195077205,0.0018741317705718448,0.0018081944406132158,0.0020902247628640674,44.492251628328546,38.33804508437962,29.130196351614295,45.20243529338054,36.4855933630572,29.463307148480762,-28.563410754739614,41.03817206036381,-312.51612903225805,-21.556381541924324,46.92502850367671,-311.23396363255915,-28.563411256111944,41.03817284166724,-312.51613056783077,-33.896695402749046,58.379403986926135,-5.574673823334007,-1.0226858779789152,1.9941124843611209,-0.5967384156793296
5.33,-0.01091276845112199,0.023602115229010012,-0.002916890321122634,0.184897567951654,-1.0037720575508162,0.3136907878810274,0.0019143124960617547,0.001798080809679179,0.002083194510376773,44.492251628328546,38.33804508437962,29.130196351614295,45.106661494400996,37.04357435685697,29.279501066125523,-28.563410754739614,41.03817206036381,-312.51612903225805,-23.88849370618407,45.78597750105472,-311.5604056796101,-28.563411256111944,41.03817284166724,-312.51613056783077,-25.05480927564189,26.31579394195169,4.401622872824061,-0.5018689468633283,-0.018422614107676618,0.031946627562080394
5.34,-0.008853855970828661,0.013394218297876126,4.619373663206083e-05,0.22020717331236223,-1.0226741229371479,0.2796594829623303,0.0019490672250902822,0.0017978400812164682,0.0020348894418122966,44.492251628328546,38.33804508437962,29.130196351614295,44.98678022942525,37.62907057026253,29.111770595327247,-28.563410754739614,41.03817206036381,-312.51612903225805,-26.27442722160871,44.457693228930516,-311.9106805217646,-28.563411256111944,41.03817284166724,-312.51613056783077,-16.1091477064651,-3.3281511814078764,12.79677730151763,-0.3409315812137799,-0.5223196402266224,0.16302515768683074
5.35,-0.00654393573623846,0.003414892783678569,0.00258581814642711,0.23719393617473494,-0.9676101319948816,0.23101107361892811,0.0019696048226705803,0.001797840604503158,0.0019618045160480877,44.492251628328546,38.33804508437962,29.130196351614295,44.85355785523572,38.19730837347791,28.96912047296206,-28.563410754739614,41.03817206036381,-312.51612903225805,-28.54368999099186,43.054753082595646,-312.25073715144856,-28.563411256111944,41.03817284166724,-312.51613056783077,-7.4735505120878925,-29.34157951472695,19.631869934925323,-0.19078871356412197,-0.9424333406396865,0.26313682738198513
5.36,-0.016496253881103873,0.030777226590705142,0.000247959674257725,0.23769562413924747,-0.8531454749572593,0.17176769531942995,0.0019702544792938714,0.00180202464614164,0.001903679840246716,43.78523475702713,40.426546870127645,28.882168901958554,44.7159599156458,38.714016593161475,28.858167810082325,-36.239639361455964,34.44834595378436,-313.85483870967744,-30.563690292213995,41.67125387690491,-312.561342643522,-36.23964000349305,34.448346597226816,-313.85484023628277,-40.4950072615241,52.48090762865385,6.636836914256429,-1.2935420002416271,1.8433246189052124,-0.21046039574386616
5.37,-0.013692010905312246,0.021470207424215793,0.0017965631791169168,0.30551206610483905,-0.9641435272974002,0.13805924611340234,0.0020781464265743183,0.0017979319592590533,0.001880934605322168,43.78523475702713,40.426546870127645,28.882168901958554,44.551963065325985,39.2518893036742,28.77154956341428,-36.239639361455964,34.44834595378436,-313.85483870967744,-32.59465529752018,40.08939517541757,-312.90153919238486,-36.23964000349305,34.448346597226816,-313.85484023628277,-26.719627339882248,21.777041458664335,11.163853189635104,-0.4938768051098812,-0.08175025408433294,0.09146675456251971
5.38,-0.010427829815663703,0.011714038694246143,0.002952639256442846,0.339761787322232,-0.9736549896392568,0.09667818533650924,0.0021001265968702615,0.0017978404917706218,0.0018600866561003914,43.78523475702713,40.426546870127645,28.882168901958554,44.3631199422807,39.81099170099869,28.707702695339815,-36.239639361455964,34.44834595378436,-313.85483870967744,-34.642929950343415,38.31741162802703,-313.2653651988444,-36.23964000349305,34.448346597226816,-313.85484023628277,-14.534087590981771,-6.056750927970201,14.277764916247685,-0.278610395584953,-0.5522831736595681,0.13081916944830213
5.39,-0.006954817223382537,0.002255036832678803,0.003680612656122517,0.3500568011190462,-0.9137936309746436,0.053182681081114215,0.002107178319933392,0.0017978424477429137,0.00184426524814063,43.78523475702713,40.426546870127645,28.882168901958554,44.163670694345456,40.34916821015301,28.66848701252318,-36.239639361455964,34.44834595378436,-313.85483870967744,-36.56296611311805,36.494301849272404,-313.6187286555252,-36.23964000349305,34.448346597226816,-313.85484023628277,-2.9072310980814526,-30.26179975945102,15.788420072938479,-0.07995122578634471,-0.9405455107014232,0.14241591598198644
5.4,-0.02005527219981662,0.027380240195722605,0.006432640530857792,0.3389797699576147,-0.7989057517022119,0.01071285980844931,0.002099599512894583,0.0017989810860442987,0.001833086914014761,42.83661463662022,42.35570557428721,29.022879089677136,43.96530882330737,40.834499751097326,28.654121091220855,-42.4322128747375,26.448200516348198,-315.19354838709677,-38.24504942859012,34.73337227630475,-313.9409287199618,-42.432213635427246,26.448200994992575,-315.19354990333443,-45.21097493456205,45.17451421937337,18.84292836554337,-1.5009862991268994,1.6306416806911794,0.22187502342545054
5.41,-0.01618434459449003,0.01872270779731411,0.006217038036988032,0.4145478268540324,-0.8927622509000441,-0.04552022859992063,0.0021565342877022165,0.0017978625712828389,0.001822743151083581,42.83661463662022,42.35570557428721,29.022879089677136,43.73987805849663,41.33431108928974,28.669562585258394,-42.4322128747375,26.448200516348198,-315.19354838709677,-39.90168241765634,32.7777414703672,-314.2907542992544,-42.432213635427246,26.448200994992575,-315.19354990333443,-28.664431911491278,17.089280987266207,17.035532842950055,-0.4933664969775331,-0.1378673381003335,0.13242556073217426
5.42,-0.011823545398994106,0.009733288868706724,0.0055050264628198065,0.4489904514363704,-0.893692655681593,-0.09060095754201045,0.0021869706171609147,0.0017978437287946005,0.0018169690122155165,42.83661463662022,42.35570557428721,29.022879089677136,43.48822803756436,41.84903002908808,28.712878849454288,-42.4322128747375,26.448200516348198,-315.19354838709677,-41.5407114119227,30.63325842723158,-314.66143704539047,-42.432213635427246,26.448200994992575,-315.19354990333443,-13.154605146431267,-8.188213337701074,14.06753420041611,-0.22247526465358758,-0.5628207994898943,0.0683928100983777
5.43,-0.007284308856661648,0.001089467349096096,0.0044038519249119945,0.45377261578274575,-0.8319642613931166,-0.12430248442127767,0.0021914429589797906,0.0017978511845382823,0.001813683224319568,42.83661463662022,42.35570557428721,29.022879089677136,43.22803385595799,42.340429639236746,28.777834254760002,-42.4322128747375,26.448200516348198,-315.19354838709677,-43.04891350016496,28.46092353197465,-315.01772591624734,-42.432213635427246,26.448200994992575,-315.19354990333443,1.2792071861439627,-30.023950650062503,10.203140078423251,0.02166651898188482,-0.9107789100710332,-0.007294504947023253
5.44,-0.022900645938682018,0.023292466995560313,0.01243086220312739,0.4324431496275111,-0.7211713167914006,-0.1459413684944953,0.002171963243652442,0.0017980503922315318,0.0018119348444954417,41.68744555413606,44.07158149332292,29.561405104056142,42.973698060812616,42.77988830725312,28.85833429173861,-46.88760660735404,17.365262642240975,-316.5322580645161,-44.34299620761768,26.38998323411623,-315.33801375085164,-46.887607459537676,17.3652629378509,-316.5322595683427,-48.8692368147756,37.037002773775036,30.5881830479731,-1.6706258733876131,1.3794228995836988,0.660026202851274
5.45,-0.018062672261987323,0.015531602164894798,0.010495302176791621,0.5118533306743343,-0.7964609565714502,-0.22441562637640208,0.00225101353717473,0.0017978593325590978,0.001807314198024854,41.68744555413606,44.07158149332292,29.561405104056142,42.69275765922329,43.227440693331516,28.97326772612238,-46.88760660735404,17.365262642240975,-316.5322580645161,-45.5754742396472,24.134999184074346,-315.6840945748538,-46.887607459537676,17.3652629378509,-316.5322595683427,-29.04987843875621,12.135258937029366,22.316208279679834,-0.47068848950963244,-0.19096235794161195,0.16501214347070184
5.46,-0.012739972401887956,0.007553532439205535,0.00796506972413391,0.543607472782476,-0.7899081349132544,-0.27267714199040155,0.0022880507544332422,0.0017978612902494891,0.001805420745768776,41.68744555413606,44.07158149332292,29.561405104056142,42.38617379405054,43.68383442528119,29.12086149089965,-46.88760660735404,17.365262642240975,-316.5322580645161,-46.7539339804331,21.70180429264396,-316.04990118174067,-46.887607459537676,17.3652629378509,-316.5322595683427,-11.058579760977487,-10.046683224823738,13.5050374526094,-0.15921046309533798,-0.5616311870726471,0.001906509894570037
5.47,-0.007288079591930452,-5.027197164197972e-05,0.00508822757953209,0.541762495785619,-0.728944029451212,-0.2963794947541057,0.002285806054983533,0.0017978896176714908,0.001804675323092294,41.68744555413606,44.07158149332292,29.561405104056142,42.07408824310692,44.11573312162496,29.28691427412911,-46.88760660735404,17.365262642240975,-316.5322580645161,-47.80150685060719,19.265819525024796,-316.3990411162255,-46.887607459537676,17.3652629378509,-316.5322595683427,5.408489177033502,-29.07229717623319,4.559653323519808,0.11714865905719941,-0.8626927008668343,-0.15601113097210073
5.48,-0.024659400111492258,0.01873385073681122,0.018270045289918047,0.5104561967474817,-0.625968393663507,-0.29738833159165656,0.0022494607146484784,0.0017980199605348384,0.001804645947751434,40.39030249884148,45.53470806981918,30.487806917152746,41.772806622422806,44.49847402520914,29.45922915535589,-49.42341621640557,7.571388875228838,-317.8709677419355,-48.664252910952335,16.966038319076336,-316.70908260684246,-49.423417128304976,7.57138897902542,-317.8709692313657,-49.82920514629689,28.15763519984234,41.62928586255927,-1.7548525137013893,1.097109913449382,1.0759264117562743
5.49,-0.01904304651215838,0.012051164615417886,0.014669794509402423,0.5883156364112773,-0.6820143145884786,-0.397650840740251,0.0023461807059373253,0.001797930736604953,0.0018001979836653607,40.39030249884148,45.53470806981918,30.487806917152746,41.44742877309534,44.88336184286925,29.670469143776508,-49.42341621640557,7.571388875228838,-317.8709677419355,-49.42806231595307,14.50096376145944,-317.0459579367662,-49.423417128304976,7.57138897902542,-317.8709692313657,-27.848998295182614,6.934519661446178,27.269185532754694,-0.4281214815469309,-0.24281007806608523,0.19413353949952528
5.5,-0.012982702475766494,0.005260897296264444,0.010378236308066446,0.6148140109258633,-0.6690669478874479,-0.44909061959448937,0.002384215476146893,0.0017979466209027443,0.0017991858221140077,40.39030249884148,45.53470806981918,30.487806917152746,41.098895409558565,45.2713894826115,29.919082341191814,-49.42341621640557,7.571388875228838,-317.8709677419355,-50.09989815517287,11.875597669324321,-317.40437167984635,-49.423417128304976,7.57138897902542,-317.8709692313657,-8.347881409922506,-11.733217829405826,12.927427785688,-0.09303576147108196,-0.5524876011976467,-0.06281311795645246
5.51,-0.006857625965939862,-0.0011432724241225989,0.005780876946520408,0.6056068993414093,-0.6109874138190424,-0.46310550266421896,0.002370678178373046,0.0017980549832365112,0.0017989935967162504,40.39030249884148,45.53470806981918,30.487806917152746,40.74867227498729,45.6347681858173,30.183092110064123,-49.42341621640557,7.571388875228838,-317.8709677419355,-50.64270429234084,9.27211395095381,-317.74616228373304,-49.423417128304976,7.57138897902542,-317.8709692313657,9.338854376127342,-27.59491903443051,-0.8350580206586435,0.20175236763057222,-0.8013455937489634,-0.29863859481710087
5.52,-0.025108798244569686,0.013899740181561926,0.02366615630083979,0.5650032195315785,-0.5186456470486179,-0.4440531933764374,0.0023149520193571005,0.0017984618741304313,0.0017992619553433642,39.00900549613595,46.71892720929045,31.77332705966248,40.41414398150775,45.95322473121843,30.444322227051725,-49.93582535855264,-2.5324584419355842,-319.2096774193548,-51.034659226156855,6.833868990193642,-318.04750599799127,-49.9358262946884,-2.5324585293988098,-319.20967889318234,-48.21776394602304,18.769876199917427,51.298750161269695,-1.7572548302908186,0.792274147791232,1.4460020163303162
5.53,-0.018976799388103482,0.008419189055073883,0.018466657729464764,0.6369838108123224,-0.5553135837764094,-0.5632179627405416,0.002418234083833002,0.0017982503604307175,0.0017982148232551188,39.00900549613595,46.71892720929045,31.77332705966248,40.0595862751024,46.26835963995937,30.74797344309067,-49.93582535855264,-2.5324584419355842,-319.2096774193548,-51.29229549868809,4.255127405383769,-318.3780637444249,-49.9358262946884,-2.5324585293988098,-319.20967889318234,-25.255126719076433,1.6170660097660787,31.246012808856495,-0.3708045861776368,-0.2930140020386306,0.20949292236858336
5.54,-0.012467989606480323,0.002934402442586248,0.012501123456572394,0.6564389669204419,-0.5369673448491993,-0.6160329172273411,0.00244981076275181,0.0017983455865993314,0.0017980425479230241,39.00900549613595,46.71892720929045,31.77332705966248,39.68576489292886,46.58133995643882,31.092503214483504,-49.93582535855264,-2.5324584419355842,-319.2096774193548,-51.42242499481243,1.5396205370650133,-318.7326780676167,-49.9358262946884,-2.5324585293988098,-319.20967889318234,-5.149802242516145,-13.216764083346183,11.84151374627744,-0.027673114584724372,-0.5366307917060006,-0.1328655796772646
5.55,-0.005968308267422562,-0.002166033554596325,0.006283588680475738,0.6395613691473413,-0.4833905069114422,-0.6194718510156256,0.00242232252510896,0.0017987615949406793,0.001798034398385144,39.00900549613595,46.71892720929045,31.77332705966248,39.31452178795127,46.87032975847795,31.448675036441134,-49.93582535855264,-2.5324584419355842,-319.2096774193548,-51.42983993843167,-1.1301447130679403,-319.0711126525079,-49.9358262946884,-2.5324585293988098,-319.20967889318234,13.010572414889118,-25.639019430404264,-6.29002004824808,0.27296887328255126,-0.7291206858546361,-0.438804407014186
5.56,-0.024119155685395688,0.00895890157693291,0.02816374095858931,0.5905565437325777,-0.4036935889117026,-0.580324920921784,0.002349290178871822,0.0018000479679281135,0.0017993900740945249,37.61661185262126,47.60919599511811,33.371382371220065,38.96364425170282,47.11969458320379,31.79277301577227,-48.40385594331024,-12.532626612935932,-320.54838709677415,-51.32626148438206,-3.6108748357859013,-319.3681061084359,-48.403856865723455,-12.5326268826854,-320.5483885550338,-44.22633920732974,9.098846331506724,58.46579288832372,-1.6842970177860421,0.4715593142478092,1.7394725003315248
5.57,-0.017783930923938485,0.004756550697813333,0.021503014622675343,0.6532335019785683,-0.4212349665488958,-0.7129004337913345,0.0024444928682117732,0.001799664942126169,0.0017979333770962761,37.61661185262126,47.60919599511811,33.371382371220065,38.597965298553476,47.36074515596143,32.18065400420311,-48.40385594331024,-12.532626612935932,-320.54838709677415,-51.058970100764185,-6.202040520189251,-319.6956513482071,-48.403856865723455,-12.5326268826854,-320.5483885550338,-21.41568735631882,-3.6881758058385925,33.5796948678776,-0.3023436655061752,-0.34086926294432984,0.20243585334757067
5.58,-0.011159429018128608,0.0006465537336081129,0.01404103397648615,0.6642811893941329,-0.3983598518026023,-0.7639637595804044,0.0024630119543555076,0.0018001799180549956,0.001797870806782779,37.61661185262126,47.60919599511811,33.371382371220065,38.21799312656223,47.59475903177935,32.61075978601653,-48.40385594331024,-12.532626612935932,-320.54838709677415,-50.63464909317345,-8.901534707852234,-320.04845824963684,-48.403856865723455,-12.5326268826854,-320.5483885550338,-1.5117438328170267,-14.438833864604215,9.860821339575518,0.03506419544837123,-0.51448246060988,-0.21185001746594911
5.59,-0.00462490317969555,-0.0030913529409719587,0.006402411295688748,0.6395448991683623,-0.3504640070783884,-0.7554479532170317,0.002422296311354386,0.0018017620614990712,0.001797874704181879,37.61661185262126,47.60919599511811,33.371382371220065,37.84520141107317,47.806060044027,33.04761738467667,-48.40385594331024,-12.532626612935932,-320.54838709677415,-50.10000065260022,-11.531927964844446,-320.3849593019151,-48.403856865723455,-12.5326268826854,-320.5483885550338,16.424746753935597,-23.18994316985478,-11.930001713342948,0.32974822618284766,-0.6470141770146742,-0.5755555147209501
5.6,-0.02164001141920424,0.004050683081260331,0.03139411324683994,0.5830691300964991,-0.2847730617346108,-0.6964181995052303,0.0023389755169542447,0.0018050276598661034,0.0018031007969882115,36.291673076538615,48.19916988627712,35.21967587980105,37.49719477899096,47.983771852592405,33.46283036094994,-44.890226978537065,-22.019707577881746,-321.88709677419354,-49.50007815244979,-13.95393603214904,-320.67932208884696,-44.8902278482069,-22.019708013944406,-321.887098218184,-37.99909483143828,-0.7005961836191722,62.55064361852979,-1.541025649425235,0.13863908925625051,1.9401710814005249
5.61,-0.015452104434316771,0.0011638388926459298,0.023515579160068967,0.6333698770439578,-0.2837070586908431,-0.8358149462121851,0.0024125491126985644,0.0018050612116299167,0.0017980718883024369,36.291673076538615,48.19916988627712,35.21967587980105,37.140621205771204,48.14863558129433,33.92067291722641,-44.890226978537065,-22.019707577881746,-321.88709677419354,-48.71519601951257,-16.451525925282276,-321.0039333858981,-44.8902278482069,-22.019708013944406,-321.887098218184,-16.394615745295987,-8.87709770340183,34.01593332101058,-0.2247300624307797,-0.38575440807212447,0.17198302370636784
5.62,-0.009080875799062027,-0.0015408381602443066,0.01484458386663734,0.634771222212218,-0.2570375746929766,-0.8819276644654983,0.0024147469881665258,0.0018059740224508636,0.0017978446753019912,36.291673076538615,48.19916988627712,35.21967587980105,36.7757023261259,48.30197634828739,34.41971771612717,-44.890226978537065,-22.019707577881746,-321.88709677419354,-47.751502213233906,-19.024521409017247,-321.35348976263265,-44.8902278482069,-22.019708013944406,-321.887098218184,2.519413415362536,-15.332956255141507,7.012665774609036,0.09341837275068261,-0.48601125367687076,-0.2959701322012807
5.63,-0.002886227203180325,-0.0038933228966626654,0.006090338681826291,0.6021414950633959,-0.21559234304520297,-0.8607590122211211,0.002365674931283516,0.0018077257176954764,0.001797846897896972,36.291673076538615,48.19916988627712,35.21967587980105,36.422826884049265,48.43432081593724,34.91973270246496,-44.890226978537065,-22.019707577881746,-321.88709677419354,-46.6956766104615,-21.50569018260584,-321.686708599021,-44.8902278482069,-22.019708013944406,-321.887098218184,19.482497509732454,-20.225213755140334,-17.469454149031105,0.36940945866846964,-0.5556440436377494,-0.7009489868695313
5.64,-0.017753600170305694,-0.000712335328144742,0.03319374075316339,0.5395057748306907,-0.16457173365252706,-0.7833477041190637,0.0022830762299300574,0.0018106173069395632,0.001807998033203156,35.11325088798454,48.489204130275574,37.24372854702328,36.098744113648024,48.539522724778365,35.38886488165803,-39.53878684688494,-30.605299127383134,-323.2258064516129,-45.62406427656313,-23.763875898814067,-321.97857552683377,-39.538787625294866,-30.605299708365152,-323.2258078834588,-29.661672206465795,-10.476504309020651,63.58030900283338,-1.329450890259605,-0.2021235734270682,2.0449370059667764
5.65,-0.012093936035987407,-0.0022754099238144754,0.02443017022577132,0.5743810925972643,-0.1456861775974531,-0.9232222812320718,0.002327271808712931,0.0018119540608088896,0.0017981832487287588,35.11325088798454,48.489204130275574,37.24372854702328,35.773240069666265,48.627769258279066,35.897304250456415,-39.53878684688494,-30.605299127383134,-323.2258064516129,-44.35462424428404,-26.05892281917926,-322.299713515869,-39.538787625294866,-30.605299708365152,-323.2258078834588,-10.291011861823021,-13.843028730032565,32.73423881773682,-0.14050512728253986,-0.4267090155152634,0.12378978219982001
5.66,-0.00637395594500112,-0.0035733461432311264,0.014920741873685195,0.5651513853861381,-0.11583672105665944,-0.9620292054660949,0.002315144172937332,0.0018144399725941729,0.0017978407169677315,35.11325088798454,48.489204130275574,37.24372854702328,35.44622407927224,48.70038980984517,36.44393801775019,-39.53878684688494,-30.605299127383134,-323.2258064516129,-42.8925490817765,-28.392878740790344,-322.6449762573503,-39.538787625294866,-30.605299708365152,-323.2258078834588,6.733977700236984,-15.818300189362954,3.662100991049341,0.14291442134113994,-0.45062633147175796,-0.37668079200499716
5.67,-0.000918047030354141,-0.004544294264270943,0.005428605856926172,0.5252977608722893,-0.08130739273625189,-0.9287799332999706,0.0022662835562393983,0.001818014330498905,0.0017978417369065405,35.11325088798454,48.489204130275574,37.24372854702328,35.13606955519347,48.75402624483554,36.98551626998495,-39.53878684688494,-30.605299127383134,-323.2258064516129,-41.36086103741772,-30.61430464984459,-322.97500336094095,-39.538787625294866,-30.605299708365152,-323.2258078834588,21.79256034504322,-16.657743377257848,-22.39546639225317,0.3845328500162244,-0.4541677978340357,-0.8043473430542207
5.68,-0.012725063601472297,-0.005229756673640118,0.033575856643433655,0.4590597406670898,-0.04531832039828336,-0.8360507424842387,0.0021964598563136185,0.0018227733226837193,0.0018095006351010767,34.15552165160773,48.48517214062632,39.36185110672743,34.857711498611714,48.7872020709581,37.48814393240344,-32.568624136111154,-37.937906134639505,-324.56451612903226,-39.86392608318037,-32.60524885091543,-323.26665887809463,-32.568624787001816,-37.93790683518612,-324.5645175509211,-19.470118959549634,-19.999505861983913,62.042304075876224,-1.050074309420407,-0.5461581362221302,2.0619477591696627
5.69,-0.007982645023822177,-0.005485923235419743,0.024305678841252343,0.47559704839922146,-0.009841488901202977,-0.9709624888395051,0.002212656808477608,0.001828811599950542,0.001798165612187028,34.15552165160773,48.48517214062632,39.36185110672743,34.585688123770744,48.799861329129584,38.025251562870146,-32.568624136111154,-37.937906134639505,-324.56451612903226,-38.164484942816145,-34.59258010135354,-323.586990160089,-32.568624787001816,-37.93790683518612,-324.5645175509211,-3.4061416943054303,-18.356348183501716,30.115179488932974,-0.05514801598728941,-0.4605524959513793,0.06548783104062875
5.7,-0.003314764664023473,-0.0054035892392418905,0.014364586272949897,0.4555525854425831,0.02238609357597121,-1.0011130446254477,0.002193123423716616,0.0018358175372794078,0.0017978401785077294,34.15552165160773,48.48517214062632,39.36185110672743,34.319539461991326,48.79332218509775,38.59610919217156,-32.568624136111154,-37.937906134639505,-324.56451612903226,-36.26680155851997,-36.580722114704976,-323.93087027391493,-32.568624787001816,-37.93790683518612,-324.5645175509211,10.620145835541576,-15.69265441344676,0.24250842639267933,0.1746325268569019,-0.40569424022649053,-0.4457451133477893
5.71,0.0010126413537808743,-0.005025472822730248,0.004537827155764895,0.4106635819124784,0.04956584022996123,-0.9574584172710033,0.0021532913326667226,0.0018431682876728797,0.0017978408135772676,34.15552165160773,48.48517214062632,39.36185110672743,34.07429830047598,48.7701338249726,39.1562570005917,-32.568624136111154,-37.937906134639505,-324.56451612903226,-34.325172185941305,-38.44053792466784,-324.2616005701465,-32.568624787001816,-37.93790683518612,-324.5645175509211,22.641174841550445,-12.355399970196995,-26.254711960376266,0.3632831543942221,-0.34119249972005583,-0.8775272795260918
5.72,-0.006965770192176368,-0.009416845819020248,0.03265370671201484,0.34541512281387665,0.07045298038880289,-0.8535993692098065,0.0021039728082552296,0.0018499287051726835,0.0018061908641119338,33.48281765406046,48.198265628828,41.49111135104435,33.861790933937584,48.73330207309375,39.671199632995986,-24.265098126554143,-43.717330807229054,-325.9032258064516,-32.46736430396874,-40.07309075666573,-324.5579890553326,-24.265098617917104,-43.71733159922939,-325.9032272197968,-7.9531223814838325,-28.831011058201575,58.43982777661426,-0.7076434818623487,-0.8810687933238107,2.0009060910369407
5.73,-0.0034899059497878193,-0.008413476602343706,0.023259434266677093,0.3413828286114084,0.12046818686470179,-0.979029098177252,0.002101223009207877,0.0018712478626595245,0.0017980473727273773,33.48281765406046,48.198265628828,41.49111135104435,33.663336768089266,48.67319236479876,40.21486473524113,-24.265098126554143,-43.717330807229054,-325.9032258064516,-30.410892623779777,-41.66281818582967,-324.8827400865735,-24.265098617917104,-43.71733159922939,-325.9032272197968,3.681231153437992,-22.05369385250586,26.55408558278835,0.022579773734844023,-0.4821410432210235,0.00369009916933327
5.74,-0.0002244635355365121,-0.007013353038242909,0.01328895050181178,0.3116694127516407,0.15390000742039076,-0.9999849666934038,0.002081935696199119,0.0018908754918456011,0.0017978401879200055,33.48281765406046,48.198265628828,41.49111135104435,33.47804648715327,48.59113594044357,40.78688459567696,-24.265098126554143,-43.717330807229054,-325.9032258064516,-28.15952380531173,-43.216496157546764,-325.23044702485976,-24.265098617917104,-43.71733159922939,-325.9032272197968,13.499174741675992,-14.77239566362062,-2.9160687930185265,0.17854280546571194,-0.34934290588334227,-0.4978998799396527
5.75,0.0026501100389975107,-0.005355632597775273,0.00351890317468484,0.2653597991359597,0.17343663302041543,-0.9482829345123344,0.002010412941678599,0.0019049697823441563,0.0017978410627172152,33.48281765406046,48.198265628828,41.49111135104435,33.31608485279919,48.495114166713925,41.343330220914524,-24.265098126554143,-43.717330807229054,-325.9032258064516,-25.891939097570923,-44.63364104146084,-325.56678453332495,-24.265098617917104,-43.71733159922939,-325.9032272197968,21.722163146570104,-7.449924559104383,-28.842901999973776,0.30327043769209805,-0.2203296438653785,-0.9176537897899082
5.76,-0.0008991332221469639,-0.01321927129064926,0.030594493182483085,0.20575990066303698,0.17979714740331276,-0.8380011245397748,0.0019336578290591214,0.001910048757225438,0.0018017481281853852,33.145681281521796,47.645739403279215,43.55340084822574,33.185360716174216,48.39215053710883,41.85046327681237,-14.968156148667871,-47.70696282000245,-327.241935483871,-23.752998848497697,-45.83768357308315,-325.8727231592142,-14.968156454936727,-47.70696367354886,-327.2419368886992,4.2442470947335975,-36.29508327993405,53.092843888155556,-0.32492806745641295,-1.1811964844584868,1.8703058974712752
5.77,0.001037865334360788,-0.011042040801398367,0.021433853278702952,0.17968432200456427,0.2408781015457615,-0.9502826114247007,0.0019099563384571202,0.0019744356013560007,0.0017979304061393625,33.145681281521796,47.645739403279215,43.55340084822574,33.07611923874964,48.26435438218872,42.38004378179697,-14.968156148667871,-47.70696282000245,-327.241935483871,-21.428785854521763,-46.962266384589434,-326.2071671275126,-14.968156454936727,-47.70696367354886,-327.2419368886992,10.649749477965138,-24.481349392164972,22.33003366185686,0.0898581221625984,-0.48537043456814416,-0.05788067381771961
5.78,0.0026310098076910426,-0.008434058375018427,0.011803874491116417,0.14154264610740658,0.27379954903158404,-0.9621464382083446,0.0018830133624856164,0.002024521425631432,0.0017978407145501608,33.145681281521796,47.645739403279215,43.55340084822574,32.98706538613079,48.11316695642364,42.93205431138852,-14.968156148667871,-47.70696282000245,-327.241935483871,-18.92317336555585,-48.0163249735058,-326.5644346799188,-14.968156454936727,-47.70696367354886,-327.2419368886992,15.459484298926398,-13.098032088692285,-5.697054848323864,0.15888665908992106,-0.28425256862543186,-0.5323432461793207
5.79,0.0038087331878035036,-0.005613139409918366,0.002444752131311012,0.09773499570192413,0.2859443530534969,-0.905092904291522,0.0018605401107819146,0.0020465528222288892,0.0017978429580218732,33.145681281521796,47.645739403279215,43.55340084822574,32.92211826970801,47.95095566964929,43.464670583407475,-14.968156148667871,-47.70696282000245,-327.241935483871,-16.429597350546597,-48.93251274077267,-326.911581203222,-14.968156454936727,-47.70696367354886,-327.2419368886992,18.565827786292996,-2.384384539675954,-30.082909019979606,0.19729705582036614,-0.10053938338688527,-0.9244514008662931
5.8,0.005099785300292536,-0.0166204412693014,0.027605111679747663,0.0517747119371281,0.27974406472622515,-0.7931510022888052,0.0018438347711206577,0.0020350426635295455,0.0017990862702482553,33.178119926105715,46.852375918681055,45.48051719110009,32.883262148314806,47.78777611678574,43.946111334903435,-5.0584160993716285,-49.74346616959476,-328.5806451612903,-14.10135987312782,-49.66310433359626,-327.22886532480095,-5.058416203581846,-49.7434670537854,-328.58064655610076,16.581070264148796,-41.51719543635584,46.30002815317044,0.10571458345195736,-1.413323943116359,1.6766984509789762
5.81,0.005346261008497222,-0.013393281772200671,0.018990696916241112,0.0033456590180016748,0.3476371496958895,-0.8896469275473694,0.0018314800915652015,0.002105501931245238,0.001797866184281138,33.178119926105715,46.852375918681055,45.48051719110009,32.87187088943168,47.5995786858655,44.44360459756643,-5.0584160993716285,-49.74346616959476,-328.5806451612903,-11.610349868554227,-50.284114536808765,-327.57378752645803,-5.058416203581846,-49.7434670537854,-328.58064655610076,16.637885191105827,-25.960716801457423,17.82507796770205,0.13525470522335625,-0.4780509363276718,-0.11413738175373092
5.82,0.005139407238958005,-0.00971521492318772,0.010018354815412134,-0.039367752591031084,0.3802320787083032,-0.8930982387637417,0.0018236815437080714,0.0021291096743802146,0.0017978437743430891,33.178119926105715,46.852375918681055,45.48051719110009,32.88613211460094,47.38712841888557,44.957488024209226,-5.0584160993716285,-49.74346616959476,-328.5806451612903,-8.957621332471707,-50.80519566966006,-327.93972888640025,-5.058416203581846,-49.7434670537854,-328.58064655610076,15.42223429450361,-11.493929397983202,-7.821322319170355,0.10139161735758548,-0.2248766285227182,-0.5460737426421433
5.83,0.004544839320062333,-0.0058558635855398,0.001368166775159052,-0.0746604205662098,0.38691547661131354,-0.8335439982115064,0.0018188068485557219,0.002134239026565869,0.0017978508992587097,33.178119926105715,46.852375918681055,45.48051719110009,32.922173068303955,47.165760869454296,45.44937449783514,-5.0584160993716285,-49.74346616959476,-328.5806451612903,-6.340148831320602,-51.19650155283301,-328.29256225212674,-5.058416203581846,-49.7434670537854,-328.58064655610076,13.080407736585405,2.1428108976782854,-30.020872872260433,0.0507996247818977,0.006598422438373103,-0.9007888857867383
5.84,0.01093715696671127,-0.01951451187333697,0.023912170381197972,-0.10119506987490297,0.3705308481595289,-0.7244439033476673,0.0018158532781107858,0.002121845052402416,0.0017981152588953527,33.59594683120191,45.85225331964905,47.217394597378,32.97577000649367,46.948144541905855,45.89041869127315,5.058416099371543,-49.74346616959476,-329.91935483870964,-3.9132503514587955,-51.44089579664635,-328.6115713659647,5.058416203857572,-49.74346705326298,-329.91935622090284,28.41695203255941,-45.7271634708718,38.69707974214829,0.5478881494731226,-1.6065071720771384,1.4432394723928035
5.85,0.009503490296731698,-0.015335067039298766,0.016095416426513576,-0.17151296001094984,0.44437117031993545,-0.8036261477787703,0.0018101658480196058,0.0021827088056433504,0.0017978573746754497,33.59594683120191,45.85225331964905,47.217394597378,33.06158055354833,46.70516325540992,46.34137810772499,5.058416099371543,-49.74346616959476,-329.91935483870964,-1.3478212461821941,-51.5482055008704,-328.9561158747735,5.058416203857572,-49.74346705326298,-329.91935622090284,21.97100716555377,-27.000453300721823,13.220123045597791,0.16992826382087226,-0.46580123557407926,-0.1645124058994638
5.86,0.007518101458596882,-0.010692281334168663,0.008030219457674348,-0.21757741752255208,0.4757204356646273,-0.7997251994403702,0.0018076312196880322,0.0022127807063645195,0.0017978584252190937,33.59594683120191,45.85225331964905,47.217394597378,33.17785693969827,46.43753914198724,46.80290961702418,5.058416099371543,-49.74346616959476,-329.91935483870964,1.355459349798798,-51.527894981013574,-329.31992359258425,5.058416203857572,-49.74346705326298,-329.91935622090284,14.786013301289497,-9.604271905158395,-9.566962554064423,0.034807464129469855,-0.16402300425774688,-0.5461832851203282
5.87,0.005184376229824261,-0.005906962244952241,0.0003187554737880127,-0.2432922464979619,0.47651367540455236,-0.7403232537843425,0.0018065058593051161,0.002213578277777189,0.0017978826268699253,33.59594683120191,45.85225331964905,47.217394597378,33.312928627955706,46.16347902957229,47.24106004896451,5.058416099371543,-49.74346616959476,-329.91935483870964,4.0018776613734905,-51.38932593453611,-329.66803173838656,5.058416203857572,-49.74346705326298,-329.91935622090284,7.2525048273625075,6.4816594577334286,-29.172714453675713,-0.09998810340806509,0.10684410571885722,-0.8574554064307596
5.88,0.016664136139062924,-0.021546312081083596,0.019729546014193744,-0.24976879981750896,0.45032704621393976,-0.6378584598053251,0.0018062499040705376,0.002188214412366268,0.0017979960155933266,34.395991031903655,44.69022607906023,48.72315487137186,33.45656704269832,45.89788210487691,47.63061004126954,14.968156148667791,-47.706962820002474,-331.258064516129,6.439810182468874,-51.146090055907386,-329.9791588446107,14.96815645729196,-47.706963672395155,-331.2580658828817,39.6547143949782,-47.94247527806329,30.429894773444023,0.9741637730302831,-1.7344643219889415,1.1805472360363496
5.89,0.013595657590726229,-0.016554697111502925,0.012896598870430598,-0.34176031711012644,0.5251927387975499,-0.6989721946352222,0.0018021467129490033,0.002266161925738648,0.0017979132358827044,34.395991031903655,44.69022607906023,48.72315487137186,33.63697073655448,45.608398326878365,48.02436111990657,14.968156148667791,-47.706962820002474,-331.258064516129,8.984320120106359,-50.74119623550815,-330.3159953041562,14.96815645729196,-47.706963672395155,-331.2580658828817,26.967000926523873,-26.514666195572907,8.372570359865126,0.20067952586644178,-0.4331766060092633,-0.21342401908992725
5.9,0.0098777355884766,-0.011122217119969302,0.005919984359919139,-0.3912350247500195,0.5526857935376208,-0.6887959426595355,0.0018003672380935217,0.0022992673010886998,0.0017979233120753886,34.395991031903655,44.69022607906023,48.72315487137186,33.85263144369629,45.295767499371365,48.42321387169172,14.968156148667791,-47.706962820002474,-331.258064516129,11.634871518677913,-50.18314955790374,-330.67304306129245,14.96815645729196,-47.706963672395155,-331.2580658828817,14.138110086703636,-7.097920627468709,-11.146933946122937,-0.030266134230805226,-0.09881771114451465,-0.5382866680633336
5.91,0.005848906701168777,-0.005602410848182138,-0.0006882979285389723,-0.4076719023958707,0.5466812294403424,-0.6317010720106454,0.0017999550297183413,0.0022918164534672376,0.0017980080251066037,34.395991031903655,44.69022607906023,48.72315487137186,34.08422821499977,44.98002922461134,48.79833407855607,14.968156148667791,-47.706962820002474,-331.258064516129,14.207627629071368,-49.51980410520194,-331.0140935064756,14.96815645729196,-47.706963672395155,-331.2580658828817,1.6898656283821407,10.64063167012425,-27.81184635917096,-0.24471968557055263,0.197864419337149,-0.8009326095931608
5.92,0.022068605328790403,-0.022435385486824444,0.01524715477022398,-0.39458957746968026,0.5111244606807648,-0.5387575155915785,0.0018002774276990746,0.00225020267533269,0.0017983353734540896,35.55605469292359,43.42244187468055,49.970254318663216,34.315622887938254,44.67753787939533,49.128579650260846,24.26509812655407,-43.7173308072291,-332.5967741935484,16.56106377153385,-48.79522976967128,-331.3168427021872,24.265098623802757,-43.717331598587876,-332.596775542821,49.680670488142184,-47.485320318299806,21.606595589609846,1.3587995686751955,-1.7767558769146914,0.8943032079942149
5.93,0.017415408531420873,-0.016851497365939383,0.009526489392342352,-0.5061999055042878,0.5823337177138069,-0.5815861666014293,0.0017985549959376815,0.002337973881744139,0.0017981432197535256,35.55605469292359,43.42244187468055,49.970254318663216,34.58764663965313,44.35437601795446,49.45777159307741,24.26509812655407,-43.7173308072291,-332.5967741935484,18.983361854609832,-47.88851447591312,-331.6473781191487,24.265098623802757,-43.717331598587876,-332.596775542821,31.156055181173148,-24.502710258937185,3.3536475829643475,0.21991286345706673,-0.3824204201970962,-0.2614515563619659
5.94,0.012030983098794468,-0.010879351708703355,0.0037610536274013118,-0.5577316971498674,0.6038370929378574,-0.5661121066716415,0.0017982392083609267,0.002368117054465866,0.0017982024725324399,35.55605469292359,43.42244187468055,49.970254318663216,34.89883446561815,44.01117608142128,49.78698179679635,24.26509812655407,-43.7173308072291,-332.5967741935484,21.474680890990143,-46.807369720884495,-332.0004772828593,24.265098623802757,-43.717331598587876,-332.596775542821,13.104329543167463,-4.025952838998435,-12.569896990368141,-0.09930883354825427,-0.0321376469199695,-0.5242820153951998
5.95,0.006383057033523598,-0.004887308192706108,-0.001635082839771429,-0.5641912803370397,0.5904996217832926,-0.5129652174203,0.0017982106263127943,0.0023492109560656793,0.0017985027118789492,35.55605469292359,43.42244187468055,49.970254318663216,35.222565208700544,43.668808089328536,50.092925621645826,24.26509812655407,-43.7173308072291,-332.5967741935484,23.86950651058211,-45.636943751699164,-332.338130568573,24.265098623802757,-43.717331598587876,-332.596775542821,-3.846596613169698,14.548675552936489,-26.00947037005097,-0.38628440107899076,0.2765382749080444,-0.7339965160240657
5.96,0.02671630949200976,-0.02201503006350669,0.010630962701448476,-0.5314921764195659,0.546325497727333,-0.43160339901395467,0.0017987169071996523,0.0022913789730357923,0.0017994695694888803,37.035698130823874,42.11531818136849,50.94241368195404,35.53710982481435,43.344349169556594,50.358804341951256,32.56862413611109,-37.93790613463956,-333.93548387096774,26.041678438740863,-44.45098067404293,-332.6366880457089,32.56862479681134,-37.93790683664148,-333.9354852022648,57.412251351696405,-44.418970155854446,12.426980417538589,1.6717240223682084,-1.735420898458492,0.5905526835802549
5.97,0.02058762056030028,-0.016119928520198723,0.006103393888752584,-0.6578373773684638,0.610014770268087,-0.4563230689626113,0.0017979624321911073,0.0023771163218181362,0.0017990827526398734,37.035698130823874,42.11531818136849,50.94241368195404,35.894249448544976,43.00379422451245,50.618830276420546,32.56862413611109,-37.93790613463956,-333.93548387096774,28.242187361047478,-43.06980739032807,-332.9646855674852,32.56862479681134,-37.93790683664148,-333.9354852022648,33.802075194590316,-21.08342699546179,-1.7111621774946297,0.21751568546267736,-0.317088949319643,-0.30794244532079473
5.98,0.01368193544122065,-0.009912831606463057,0.0016235620702130804,-0.7085258165268697,0.6239151511132807,-0.43640461065714536,0.001797904759322673,0.0023979348629995277,0.0017993864999568232,37.035698130823874,42.11531818136849,50.94241368195404,36.29248515599317,42.647567929938795,50.87418494977481,32.56862413611109,-37.93790613463956,-333.93548387096774,30.472351763511494,-41.50027623460757,-333.31682983342546,32.56862479681134,-37.93790683664148,-333.9354852022648,11.24412154826482,-0.466889252373336,-13.775436416954868,-0.17710620810123923,0.03333429222732866,-0.5045549371151926
5.99,0.0065808468519745755,-0.003761769830603834,-0.0024965390039795032,-0.7036056575489845,0.6029766415105143,-0.3883989137531765,0.0017979089990579377,0.0023668763524383294,0.001800446114120395,37.035698130823874,42.11531818136849,50.94241368195404,36.6987704235181,42.29652469084617,51.10736161650852,32.56862413611109,-37.93790613463956,-333.93548387096774,32.59063501829279,-39.86231004030203,-333.653614260328,32.56862479681134,-37.93790683664148,-333.9354852022648,-9.538904944516108,18.149513041163747,-23.7454275718016,-0.5249180228741568,0.34056790163508555,-0.6575462169498637
6.0,0.030208386529390507,-0.020204088338321435,0.006019972465077128,-0.6512645056964401,0.5511223786868026,-0.3200097053783801,0.001801221859323731,0.0022973151953635126,0.0018032763892418377,38.77811114594491,40.84273270931099,51.63213309839797,37.08652138108726,41.96781358311201,51.30603407064783,39.53878684688488,-30.6052991273832,-335.2741935483871,34.49018584184506,-38.257372043590465,-333.9505026535242,39.53878763824305,-30.605299713475517,-335.27419486297686,62.12857171827728,-38.89411790657136,3.041845725075565,1.8931510648440035,-1.6149532640156636,0.27267146734469877
6.01,0.022815153605350247,-0.014323613697436732,0.002728090940409711,-0.786027853303837,0.6039584089475166,-0.3270534355450763,0.0017980103681443078,0.0023682922176681636,0.0018028815313906848,38.77811114594491,40.84273270931099,51.63213309839797,37.51637981328748,41.6286894797526,51.49448481969279,39.53878684688488,-30.6052991273832,-335.2741935483871,36.37686536895594,-36.453463253779795,-334.2770029167798,39.53878763824305,-30.605299713475517,-335.27419486297686,34.57692861303761,-16.37645924697253,-6.716439659885279,0.19119453230491637,-0.24028565113519207,-0.3522329092183884
6.02,0.014642457509838835,-0.00822743670859416,-0.0004298865009706443,-0.8326321980378484,0.6089125712632543,-0.3034076529672024,0.001797851063435541,0.002375498984926393,0.0018043311569642512,38.77811114594491,40.84273270931099,51.63213309839797,37.98692387151457,41.2793230790809,51.67394892644711,39.53878684688488,-30.6052991273832,-335.2741935483871,38.25335672864765,-34.45611065529023,-334.62778283688357,39.53878763824305,-30.605299713475517,-335.27419486297686,8.504280000205464,3.4887596347207284,-14.681567168003061,-0.26121695138023765,0.09500684459779342,-0.4787740677422709
6.03,0.006362160185096832,-0.0022695662715934706,-0.003245526062663151,-0.8153723486750966,0.5803059109698098,-0.26136026306807125,0.001797854531017249,0.0023352225440520513,0.001805815444087019,38.77811114594491,40.84273270931099,51.63213309839797,38.46002466106454,40.93978133248031,51.83277670022877,39.53878684688488,-30.6052991273832,-335.2741935483871,40.006268499011284,-32.416072289057716,-334.96302011691,39.53878763824305,-30.605299713475517,-335.27419486297686,-15.179832630843443,21.325718759713446,-20.961839500818293,-0.6539191199897968,0.3868823465605989,-0.5715666072415697
6.04,0.032335449903208024,-0.01702866216948573,0.0015254037716390112,-0.7444628271022087,0.5220333337189526,-0.20671777157974347,0.0018052756758302046,0.0022625197665184322,0.0018081624941378414,40.713355259320856,39.68166436730692,52.03847241579056,38.9053671932568,40.62660411453455,51.96311985528628,44.89022697853703,-22.01970757788182,-336.61290322580646,41.55102362956013,-30.459066771797502,-335.25840046416437,44.890227862508674,-22.0197080236644,-336.6129045263069,63.769073570202224,-31.09276925533606,-6.414856949876137,2.0183268218853216,-1.4192259121776547,-0.05620952354477655
6.05,0.02398409585654826,-0.011522458021379856,-0.0005174559884121299,-0.8813210513757005,0.5608636900762631,-0.19673860638261126,0.0017981239121939445,0.002309619018748866,0.0018086861613128447,40.713355259320856,39.68166436730692,52.03847241579056,39.39008690962307,40.30966109987508,52.07926840411367,44.89022697853703,-22.01970757788182,-336.61290322580646,43.04233850246769,-28.308623582150435,-335.58262616468227,44.890227862508674,-22.0197080236644,-336.6129045263069,33.59947086391487,-10.519603708601979,-11.561308916405718,0.14578776977880703,-0.15523468744680732,-0.3934544156752689
6.06,0.014889822222845073,-0.005914862677596888,-0.002346300164272952,-0.9212892921910955,0.5557775544632394,-0.169923491620884,0.0017978420757527882,0.0023031530342912635,0.0018102675064281606,40.713355259320856,39.68166436730692,52.03847241579056,39.91301797076894,39.988846926374855,52.18245611686463,44.89022697853703,-22.01970757788182,-336.61290322580646,44.484285679087044,-25.968389725953465,-335.9304814018993,44.890227862508674,-22.0197080236644,-336.6129045263069,5.205854973502576,7.647236930052026,-15.22089654438535,-0.34357458820585307,0.14867237261384025,-0.44660692305318594
6.07,0.005785670087488093,-0.0005303017670585941,-0.0038550459058015463,-0.8919256080919119,0.5199644698090372,-0.1342617996797339,0.0017978438648868873,0.0022601524071928928,0.0018128471503721327,40.713355259320856,39.68166436730692,52.03847241579056,40.43260237796909,39.68255005499181,52.266819504662855,44.89022697853703,-22.01970757788182,-336.61290322580646,45.794854831298444,-23.614392257182214,-336.26329802731937,44.890227862508674,-22.0197080236644,-336.6129045263069,-20.28319025358834,23.760547326406414,-17.59528127303305,-0.7628164339021156,0.40926166963988203,-0.4756021364004544
6.08,0.03307623764744372,-0.012666069143782765,-0.002759157679284252,-0.8050804945967791,0.4574635633527595,-0.09371014032073126,0.0018075757036906965,0.002194937196506656,0.0018166334381310588,42.763054931096,38.70695794117423,52.16554976138771,40.916147784639065,39.405819719223246,52.32893652037898,48.40385594331022,-12.532626612936015,-337.9516129032258,46.91449948473427,-21.391648597674163,-336.5580647583024,48.40385687897814,-12.532626896819314,-337.95161419268186,62.74052001700198,-21.284540539343926,-15.77368706406439,2.0533991326514744,-1.1508270180448732,-0.39293970415685414
6.09,0.02412925770108254,-0.007909487425527106,-0.0035615062843056267,-0.9384861403500008,0.47927099967128994,-0.06765303933962408,0.0017981420212921182,0.0022163648290473093,0.0018196817269823576,42.763054931096,38.70695794117423,52.16554976138771,41.43470623674346,39.132694919716315,52.37331980197559,48.40385594331022,-12.532626612936015,-337.9516129032258,47.94222273782318,-18.989169140151088,-336.8809702975088,48.40385687897814,-12.532626896819314,-337.95161419268186,31.24068602084823,-3.787572305834983,-16.07304659776976,0.08908877595850875,-0.06711369113923124,-0.42927011048941516
6.1,0.014505754381220592,-0.003179851784736676,-0.00407717780527983,-0.9702783317984246,0.4636540174080594,-0.038298265449239886,0.0017978405525853375,0.0022008818068542033,0.0018238487481662092,42.763054931096,38.70695794117423,52.16554976138771,41.98747411400816,38.862758945934814,52.40118026761646,48.40385594331022,-12.532626612936015,-337.9516129032258,48.88357651687759,-16.408548256393942,-337.22687569122263,48.40385687897814,-12.532626896819314,-337.95161419268186,1.785255235348664,11.576960524271108,-15.210806090998018,-0.4155802605615867,0.18655256234580114,-0.40553517927209654
6.11,0.004968913751543291,0.0012487197002972739,-0.004299962318388029,-0.9302237386108584,0.42227373183184586,-0.009412145839529375,0.0017978416806126365,0.0021630941517628553,0.0018288946337614465,42.763054931096,38.70695794117423,52.16554976138771,42.53122643482321,38.61152638719476,52.41229958844304,48.40385594331022,-12.532626612936015,-337.9516129032258,49.69109619034243,-13.844033615771679,-337.559212428544,48.40385687897814,-12.532626896819314,-337.95161419268186,-24.380398798682787,24.853012893762084,-13.481448613349826,-0.8428362317730216,0.39743143744198867,-0.3675055841243452
6.12,0.032525891755075365,-0.007440478329612477,-0.006752256944583257,-0.831325857263004,0.3593873888317138,0.01688966236598736,0.0018058103443478932,0.002113754250068282,0.0018345034014267709,44.84620137257076,37.98607313307515,52.02198255679299,43.03230652916506,38.391383718179085,52.40756311571217,49.93582535855264,-2.53245844193567,-339.2903225806451,50.33303697222274,-11.453590430025416,-337.8566522533844,49.935826304362166,-2.5324585462699805,-339.29032386139943,59.587774917206524,-9.952914872669103,-24.707877080513374,2.0092033287220596,-0.8150020846107522,-0.7294693764405848
6.13,0.023358413392870148,-0.003787184354864137,-0.006347275980169709,-0.9566687525463472,0.3616483922000664,0.05753776297007417,0.0017980565207226,0.002115374755754645,0.0018456252269172376,44.84620137257076,37.98607313307515,52.02198255679299,43.56301012588467,38.18243536543265,52.38215772319678,49.93582535855264,-2.53245844193567,-339.2903225806451,50.84894342112214,-8.904071223993649,-338.18181913463536,49.935826304362166,-2.5324585462699805,-339.29032386139943,27.912474074375428,3.3169028142767405,-19.970824297036348,0.028236334191055035,0.01609424302906266,-0.4556797040397036
6.14,0.013601784449336685,-0.0002946497236935297,-0.005593909366919059,-0.9796058798599869,0.336102904751112,0.08856966445473295,0.0017978404070428105,0.002097670763822662,0.0018567244199151221,44.84620137257076,37.98607313307515,52.02198255679299,44.12289836871298,37.98390540688118,52.33726599875376,49.93582535855264,-2.53245844193567,-339.2903225806451,51.24593247373629,-6.195296495142539,-338.52939735119344,49.935826304362166,-2.5324585462699805,-339.29032386139943,-1.4017629953676987,14.667920064293288,-14.474443417092006,-0.47130001221830475,0.19915602692846926,-0.353461627037145
6.15,0.004018999137441193,0.002839109212388835,-0.004580481328919528,-0.9310498110148177,0.29232978395581377,0.11036771833047539,0.0017978416487154276,0.0020590016085909654,0.001866257771724771,44.84620137257076,37.98607313307515,52.02198255679299,44.66880017150949,37.806956192337644,52.27800638771227,49.93582535855264,-2.53245844193567,-339.2903225806451,51.51374427386812,-3.5312070573692695,-338.8649231660703,49.935826304362166,-2.5324585462699805,-339.29032386139943,-27.208304568850128,24.075757512507046,-8.618583929263634,-0.8899577750036495,0.34474361740421894,-0.24831790142347912
6.16,0.03084080628969721,-0.0017330561105545206,-0.010394682625863294,-0.8246325507872211,0.23339722152912679,0.12263512378827264,0.001802124865684811,0.001964770202037904,0.0018723691596254604,46.88527042613676,37.574549160068045,51.621303701382125,45.16744608094812,37.660344623384766,52.20929148721265,49.42341621640558,7.571388875228753,-340.6290322580645,51.649356568335506,-1.0758175754054617,-339.1689511871564,49.423417132242925,7.571388962524761,-340.62903353081157,54.71631104607035,2.261640946768498,-32.70584128257061,1.8963880237852935,-0.4332046948797072,-1.0472576904325732
6.17,0.021808728946823286,0.000523623395583761,-0.008845760139644221,-0.9381758491090065,0.2142601057546174,0.1754721378271529,0.0017979477724672718,0.001942507445504738,0.001906565828263842,46.88527042613676,37.574549160068045,51.621303701382125,45.689752062369905,37.53244278959936,52.117849332693865,49.42341621640558,7.571388875228753,-340.6290322580645,51.63065071722997,1.5111309758133238,-339.500723935208,49.423417132242925,7.571388962524761,-340.62903353081157,23.930031050489998,10.475034877638782,-22.936351379358197,-0.03228189707231842,0.0911211434080897,-0.46847252285156366
6.18,0.01228810961604021,0.002483661307828511,-0.006903581494535405,-0.9522487529899957,0.1795066425078727,0.20695790668878822,0.0017978409526446912,0.0019098109598991143,0.0019348685383644567,46.88527042613676,37.574549160068045,51.621303701382125,46.235626304007184,37.42219073540128,52.00486559132631,49.42341621640558,7.571388875228753,-340.6290322580645,51.46606753687941,4.230940347386534,-339.8547670490634,49.423417132242925,7.571388962524761,-340.62903353081157,-4.214668116868137,17.001592776171794,-13.037437591895808,-0.5093981991070153,0.19014046841833743,-0.29226726479416537
6.19,0.003013926052028215,0.004045408851935162,-0.004739854957792611,-0.8977810357765735,0.1360443468604273,0.22164802149103494,0.0017978434281280653,0.0018797573996246883,0.0019507030177324915,46.88527042613676,37.574549160068045,51.621303701382125,46.76352529728535,37.33523803581877,51.88014378018768,49.42341621640558,7.571388875228753,-340.6290322580645,51.1823209732802,6.8792342143145415,-340.1985705996364,49.423417132242925,7.571388962524761,-340.62903353081157,-28.762862909640532,21.678357477279754,-3.387380668877596,-0.9049785051451554,0.255114395690777,-0.12542824961294993
6.2,0.028218766776272552,0.0040601795814311226,-0.01365194583855689,-0.7885125513219479,0.08756868540591303,0.22094420488047956,0.0017994234617426628,0.0018563233235201148,0.0019499016697999748,48.811590294537304,37.51257911052519,50.98321721977464,47.241772511253906,37.275134970157936,51.75201584792962,46.887606607354066,17.365262642240893,-341.9677419354839,50.8064147337746,9.29514612527711,-340.51302033002526,46.887607456462455,17.365262925774793,-341.96774319886697,48.456143962475444,14.881461335952018,-39.1019902826953,1.7228642279486834,-8.52166147297841e-05,-1.3223581602291352
6.21,0.019637036647895068,0.004711132010609909,-0.011057229707075344,-0.8875017897533828,0.0462585700851479,0.2821662893510242,0.0017978770240102875,0.0018421914267880972,0.002039473524607722,48.811590294537304,37.51257911052519,50.98321721977464,47.73753627874013,37.24023828692571,51.600347330227194,46.887606607354066,17.365262642240893,-341.9677419354839,50.25726243202789,11.809512403450327,-340.85470428407194,46.887607456462455,17.365262925774793,-341.96774319886697,19.595857677461936,16.70695122365967,-24.46627615961405,-0.08870459533760394,0.14319851807464928,-0.46053319514835517
6.22,0.010673092173087317,0.004949485643549134,-0.00804914077055674,-0.8932835819232551,0.005908121178335144,0.3125742047771896,0.0017978437601156776,0.0018320281035101723,0.0020824982430908243,48.811590294537304,37.51257911052519,50.98321721977464,48.25107039817077,37.228876908011806,51.426386960521086,46.887606607354066,17.365262642240893,-341.9677419354839,49.545673705211385,14.424946841470726,-341.2174342255971,46.887607456462455,17.365262925774793,-341.96774319886697,-6.417833521887368,17.16094537270652,-10.9233364945655,-0.5273607043042802,0.13828360249022112,-0.2241662786645863
6.23,0.0020098893618707425,0.004803949529393559,-0.0048599036884380276,-0.8356929911514769,-0.030557875708003432,0.32097682738285194,0.0017978505174656672,0.0018251007188956466,0.002087793734773537,48.811590294537304,37.51257911052519,50.98321721977464,48.743812537921826,37.23927621862258,51.24329503810159,46.887606607354066,17.365262642240893,-341.9677419354839,48.73464914184506,16.949236727270215,-341.5680451369594,46.887607456462455,17.365262925774793,-341.96774319886697,-28.937515237125574,16.307650744830113,1.770131941941829,-0.8879810730408427,0.11235260537917514,-0.007926181680706069
6.24,0.024882347137003658,0.009737471044276025,-0.01649488371644947,-0.7280745171836233,-0.06126551550843921,0.30960766271372014,0.0017982549726470538,0.001820515996346345,0.0020806593292263136,50.56900932762391,37.82274289595741,50.13538286953044,49.18668872278932,37.26890293822207,51.06186914802806,42.432212874737544,26.448200516348123,-343.3064516129032,47.878990945031205,19.23365830049725,-341.88647124431395,42.432213625372675,26.448200991521468,-343.3064528638503,41.23289634234859,26.771550586599478,-43.23444031193143,1.5032187463784719,0.4451480960133388,-1.5225883004914422
6.25,0.0170076217959243,0.008752376388634686,-0.012971959140892109,-0.8108853594660197,-0.12417249597945887,0.3765773225738355,0.0017978555590874217,0.0018136945332625275,0.00212634654201242,50.56900932762391,37.82274289595741,50.13538286953044,49.641159807891334,37.32867728214004,50.85679838817301,42.432212874737544,26.448200516348123,-343.3064516129032,46.83904790580235,21.581364713348968,-342.23040224777725,42.432213625372675,26.448200991521468,-343.3064528638503,15.242613560890005,22.08501056936721,-25.7271501514529,-0.1374149985117554,0.1801447846039519,-0.4530567286513139
6.26,0.008855625472757311,0.007255218093054849,-0.009016940329382828,-0.8094119097974422,-0.1681512579563104,0.40673375949664686,0.0017978559056504933,0.0018103820493017135,0.0021500472706037013,50.56900932762391,37.82274289595741,50.13538286953044,50.10779769174435,37.416883757768545,50.62862630233635,42.432212874737544,26.448200516348123,-343.3064516129032,45.62315777830934,23.996947333689754,-342.5934773616663,42.432213625372675,26.448200991521468,-343.3064528638503,-8.079877073975531,16.465395581505142,-9.12069974868979,-0.5287905947718275,0.07196693130923495,-0.16457878654804692
6.27,0.0010388242924919133,0.005409231565324801,-0.004911176967859365,-0.7513946866133189,-0.19557687427782347,0.40987812975041277,0.0017978766659584935,0.0018087492230661258,0.002152639984795595,50.56900932762391,37.82274289595741,50.13538286953044,50.55205693071616,37.52412793584299,50.393349098895904,42.432212874737544,26.448200516348123,-343.3064516129032,44.32783917206561,26.307808496041574,-342.9417782128448,42.432213625372675,26.448200991521468,-343.3064528638503,-28.19271906011018,10.286110905952816,6.390185741522869,-0.8489399396415254,-0.04057555449938595,0.09741012213917148
6.28,0.021044948918179873,0.015351498078994164,-0.018713872459710235,-0.6493190284038783,-0.20690309094865436,0.3889645966390477,0.0017979757662193296,0.0018081530669591358,0.0021358317139561394,52.11539051549147,38.50875402411578,49.115233355299694,50.94818918059826,37.64196527142236,50.16420876897873,36.23963936145603,34.4483459537843,-344.64516129032256,43.03406434354021,28.381868275333083,-343.254847911175,36.23963998806592,34.44834660574332,-344.6451625250505,33.54304935979419,38.249454934782584,-46.66511731273828,1.2591939624143151,0.8835751312235355,-1.6943565726787124
6.29,0.014068023885775216,0.012762017740226117,-0.014368282713754787,-0.7151698955288981,-0.2913831786102035,0.45940000466255765,0.0017978994429566275,0.0018048241317972498,0.002196785354760944,52.11539051549147,38.50875402411578,49.115233355299694,51.35042631960771,37.794589309435246,49.91190985531015,36.23963936145603,34.4483459537843,-344.64516129032256,41.54761232999233,30.481329256070957,-343.59291202031704,36.23963998806592,34.44834660574332,-344.6451625250505,10.742189773668132,27.13300410744485,-25.961078579195007,-0.18304008450282272,0.21267470565876376,-0.4313218838956459
6.3,0.0069139037852489205,0.00956174263244658,-0.009594848108442577,-0.7075550434212279,-0.33898417864508185,0.4871634226820684,0.0017979055631629332,0.0018022764739589175,0.0022244638118389544,52.11539051549147,38.50875402411578,49.115233355299694,51.75958618129352,37.98050825346082,49.637006168371485,36.23963936145603,34.4483459537843,-344.64516129032256,39.87600953504094,32.610368547245926,-343.95027170298124,36.23963998806592,34.44834660574332,-344.6451625250505,-9.539678403568647,15.731137527925243,-6.8276499387692065,-0.5214780977825869,0.006329427351839023,-0.10131071840788684
6.31,0.00011186929837780912,0.0060467591545095845,-0.004715469313707588,-0.6513402927316478,-0.3575422496753346,0.48422379252469944,0.001797972496677103,0.001801475358551698,0.002221425811204442,52.11539051549147,38.50875402411578,49.115233355299694,52.14584889533583,38.182806013744305,49.35777184559548,36.23963936145603,34.4483459537843,-344.64516129032256,38.14579643045294,34.62243797282828,-344.29221699874256,36.23963998806592,34.44834660574332,-344.6451625250505,-26.921838942854436,4.519987679409517,10.78251270883955,-0.7963860749453324,-0.18794798344404953,0.19416108121092165
6.32,0.016893066163507386,0.020755559171354854,-0.019985613154412718,-0.55779274457641,-0.3498191758060884,0.45407689225912873,0.0017982389300727748,0.001801789447088923,0.002191729614860401,53.42207379697339,39.55508283421945,47.971178704757435,52.48725849738506,38.387203268214485,49.08924373625975,28.56341075473969,41.03817206036376,-345.98387096774195,36.46080144248292,36.407626172659,-344.59761805869,28.563411238438306,41.0381728639837,-345.98387218308335,25.30081223627079,48.65108628895744,-47.49709774281808,0.991935480263571,1.2840641647295068,-1.7814868180978813
6.33,0.010945229817158841,0.016597258482412003,-0.01498941398761977,-0.6064357080072457,-0.45452162835546417,0.5232864189550533,0.0017980667868157517,0.0017991077604459903,0.002263960418697249,53.42207379697339,39.55508283421945,47.971178704757435,52.82974885242806,38.63057226868633,48.79980384429109,28.56341075473969,41.03817206036376,-345.98387096774195,34.581104641228585,38.17619898034458,-344.92959052629936,28.563411238438306,41.0381728639837,-345.98387218308335,6.046072101467417,31.545332421315898,-24.645428318969735,-0.22811578362371723,0.23610945909598224,-0.38967609941815173
6.34,0.004914401082935171,0.0117397486441706,-0.009601157032565144,-0.5936696661000171,-0.5048516402632769,0.5463311868048921,0.0017981033810169748,0.0017985658757112542,0.0022913859660435476,53.42207379697339,39.55508283421945,47.971178704757435,53.17430627402376,38.91152546162223,48.48995695009873,28.56341075473969,41.03817206036376,-345.98387096774195,32.51326538915844,39.932159813715366,-345.28285207445623,28.563411238438306,41.0381728639837,-345.98387218308335,-10.877143858818009,14.736299741245714,-3.930979653639097,-0.5085534961950482,-0.06183996417314728,-0.03466505934974863
6.35,-0.0007613441375680097,0.006608606233791003,-0.0041660570326467194,-0.5409338815348689,-0.5140277085018045,0.5365607431875524,0.00179832338403184,0.0017984949057117774,0.0022795398335572195,53.42207379697339,39.55508283421945,47.971178704757435,53.496281856433015,39.205822387732056,48.17928468918212,28.56341075473969,41.03817206036376,-345.98387096774195,30.40911018233595,41.561522965270676,-345.62125304340077,28.563411238438306,41.0381728639837,-345.98387218308335,-25.25149858194114,-1.1308794561407332,14.944098918388907,-0.7340521321762782,-0.3313687606219138,0.2800973154457315
6.36,0.012588036734630381,0.02554164334284692,-0.020086508883186083,-0.4580220186424478,-0.48716845423240407,0.49770615696002385,0.0017990597746788614,0.001798723899635463,0.00223557204253291,54.471923508974236,40.927471297987296,46.76253585928209,53.77778611247853,39.49354421014694,47.88389248746013,19.717792755666053,45.94789058101148,-347.3225806451613,28.39197415999584,42.98131030782195,-345.92249912737435,19.717793083910134,45.947891501951155,-347.32258183972357,16.651251557100395,56.943583690093874,-45.52990401325071,0.7063798503522503,1.6170042550520898,-1.7783319780291293
6.37,0.007752327728668074,0.019895895715883682,-0.014681797630405446,-0.4895878025650242,-0.6078617464041458,0.5614368888218452,0.0017987005198942822,0.0017980629830373714,0.002310353513510222,54.471923508974236,40.927471297987296,46.76253585928209,54.055793447352805,39.82277989110911,47.57138622129082,19.717792755666053,45.94789058101148,-347.3225806451613,26.186261272069054,44.342232373266036,-346.25202369372977,19.717793083910134,45.947891501951155,-347.32258183972357,1.2507175252407579,34.495545472345015,-21.746288943609486,-0.2724731205475378,0.23835540868401905,-0.32951264765489024
6.38,0.0029216586743218143,0.013494960022442104,-0.00894797149238502,-0.472513361671662,-0.6582374748205163,0.5778454851118948,0.0017988796795656353,0.0017979618317521082,0.0023319049260593565,54.471923508974236,40.927471297987296,46.76253585928209,54.331394980892796,40.19210019130533,47.242123792755116,19.717792755666053,45.94789058101148,-347.3225806451613,23.79741015326994,45.64863223355418,-346.604553817749,19.717793083910134,45.947891501951155,-347.32258183972357,-12.050078927080596,12.974554455183146,-0.4615262519541456,-0.49071435712547423,-0.13869597692591015,0.03306083761877593
6.39,-0.0015614554266843994,0.006881310714381472,-0.0032372521899239892,-0.42445476493773854,-0.6566085239946208,0.5607953853557246,0.0017996020537459944,0.0017979642901707197,0.0023095315718453338,54.471923508974236,40.927471297987296,46.76253585928209,54.58535248261822,40.57066403163274,46.91608037438288,19.717792755666053,45.94789058101148,-347.3225806451613,21.397212743216716,46.82361286352809,-346.94247918163927,19.717793083910134,45.947891501951155,-347.32258183972357,-23.170226386214093,-6.904931351826202,18.79791909088454,-0.6629802846358596,-0.47224841012435026,0.35219603136118266
6.4,0.008266570340117907,0.029283089320096933,-0.018891367413366167,-0.3535753052155687,-0.610360678569492,0.5140481087687088,0.0018016335085159806,0.0018002236379808026,0.0022534653948638947,55.25676388570875,42.57453388359117,45.55772680158112,54.80397492922923,40.933530930899174,46.609732021558735,10.064926004433007,48.97649706262472,-348.6612903225806,19.124683399815886,47.814244852173026,-347.2424781473482,10.06492617005744,48.976498059205156,-348.6612914972962,7.727959798021065,62.25763526167086,-40.819242566213084,0.405403872074242,1.8586782021854091,-1.6859783973973195
6.41,0.004588303663302318,0.022329052693923157,-0.013375007778418047,-0.36844058234280286,-0.7410131621576529,0.5686034530549543,0.0018010729076037965,0.0017979768263675666,0.0023196436516875513,55.25676388570875,42.57453388359117,45.55772680158112,55.01493125444439,41.3380689723454,46.29134201681432,10.064926004433007,48.97649706262472,-348.6612903225806,16.678576320098404,48.70691533747594,-347.57124666146296,10.06492617005744,48.976498059205156,-348.6612914972962,-3.5471926214918015,35.5826838355269,-17.38560184484764,-0.31557974549412443,0.2158634109615414,-0.25430794814024915
6.42,0.0009971447687394663,0.014606364569719421,-0.007615197216327085,-0.3477453774544773,-0.7881561116422816,0.5768254245476468,0.0018018787025474478,0.0017978618484100655,0.0023305361116355543,55.25676388570875,42.57453388359117,45.55772680158112,55.21936262394124,41.78287973873515,45.96105534210569,10.064926004433007,48.97649706262472,-348.6612903225806,14.0626472485221,49.506404163192656,-347.92348345339593,10.06492617005744,48.976498059205156,-348.6612914972962,-12.97693436251222,10.318167699837167,3.4612623180185627,-0.46761667936931467,-0.22305846755559158,0.09853366593860455
6.43,-0.002261617614343736,0.006753200837423479,-0.0019562501717751424,-0.30517598534053264,-0.7745073203291887,0.5523202117974739,0.0018042098922352193,0.0017978665842696446,0.0022988100617563866,55.25676388570875,42.57453388359117,45.55772680158112,55.40353158442654,42.23172976121679,45.63840143506553,10.064926004433007,48.97649706262472,-348.6612903225806,11.462937652050327,50.17534705357345,-348.26088386605994,10.06492617005744,48.976498059205156,-348.6612914972962,-20.594896078991393,-12.667896329660948,22.190877693570037,-0.5826587440959711,-0.6050488569193151,0.40655675015081977
6.44,0.004039295605966942,0.03172414243953736,-0.016375043237146114,-0.24715978566132768,-0.7095263818122729,0.4988416205281302,0.0018063518384247737,0.0018037814910154425,0.0022367885091258864,55.77492628799408,44.430711048655304,44.43071104865531,55.55797855833877,42.6556814930923,45.3395230103291,4.898587196589413e-14,50.0,-350.0,9.029655064226446,50.69235095533812,-348.5599107808475,-4.947913506307222e-15,50.00000102555436,-350.0000011578493,-1.3600486945393315,64.44077451862795,-33.57171511383309,0.0906367560513591,2.0025439474200954,-1.5087325049536573
6.45,0.0015351807441452703,0.023742422593751034,-0.011084628656002016,-0.2458777893552146,-0.8438170963772117,0.5408494325923373,0.001806402503475677,0.001798095832786702,0.0022846994825100222,55.77492628799408,44.430711048655304,44.43071104865531,55.70095902475782,43.11914030885062,45.03474761502487,4.898587196589413e-14,50.0,-350.0,6.445927697926739,51.077184897682166,-348.8871502013502,-4.947913506307222e-15,50.00000102555436,-350.0000011578493,-8.248155092037766,34.86672445829198,-11.744695331045964,-0.35654522348988144,0.17269979377244635,-0.16818534740327595
6.46,-0.0008053174736862845,0.015018916407829708,-0.005656212716135145,-0.2220992486428298,-0.8849703013220187,0.5396293426598258,0.0018074201308795573,0.0017978444212120202,0.0022832252536427755,55.77492628799408,44.430711048655304,44.43071104865531,55.83361178123374,43.620911262749516,44.723976132595546,4.898587196589413e-14,50.0,-350.0,3.713244578318475,51.33487256339029,-349.23740323783386,-4.947913506307222e-15,50.00000102555436,-350.0000011578493,-13.563666942103913,7.043814522156749,7.6263395002449945,-0.4384219309490231,-0.30735116437429627,0.15713519518603758
6.47,-0.0028334819964569435,0.006259920671544905,-0.0004105968652694525,-0.1854591008940583,-0.8591976488154711,0.5079370830705967,0.0018093178683777707,0.0017978470893896203,0.0022466764538976486,55.77492628799408,44.430711048655304,44.43071104865531,55.94765870060641,44.12093714714199,44.425403286762446,4.898587196589413e-14,50.0,-350.0,1.0255007470180475,51.4681946656655,-349.57290265422245,-4.947913506307222e-15,50.00000102555436,-350.0000011578493,-17.455397809515407,-17.9587086125631,24.834614281654996,-0.4925859616647389,-0.7194249278914522,0.4373207053265347
