Time,e1,e2,e3,edot1,edot2,edot3,mu1,mu2,mu3,SetAngle1,SetAngle2,SetAngle3,ActualAngle1,ActualAngle2,ActualAngle3,X0,Y0,Z0,Actual_X,Actual_Y,Actual_Z,X_Set,Y_Set,Z_Set,refCurr1,refCurr2,refCurr3,ActualCurr1,ActualCurr2,ActualCurr3
0.0,0.0,0.0,0.0,0.0,0.0,0.0,0.004314471731743383,0.004314471731743383,0.004314471731743383,-0.005686595269523741,-0.005686595269523741,-0.005686595269523741,-0.004909519518594475,-0.004909519518594474,-0.004909519518594474,0.0,0.0,-184.0,0.0,-1.2574596653209127e-18,-184.002375716508,0.0,-1.433179351732963e-14,-184.0000024755281,-0.2174888837468515,-0.21748888374685163,-0.21748888374685163,-0.006561687849937975,-0.00656168784993798,-0.00656168784993798
0.01,-0.0007236510619517836,-0.000723651061951784,-0.000723651061951784,-0.12947533589245652,-0.12947533589245658,-0.12947533589245658,0.004372261345346366,0.004372261345346366,0.004372261345346366,-0.005686595269523741,-0.005686595269523741,-0.005686595269523741,0.04389046098360183,0.04389046098360186,0.04389046098360186,0.0,0.0,-184.0,0.0,-4.0271326902243774e-17,-184.1514733896645,0.0,-1.433179351732963e-14,-184.0000024755281,-2.7472080151004423,-2.747208015100444,-2.7472080151004437,-0.08782096081987664,-0.0878209608198767,-0.08782096081987668
0.02,-0.00266105579800465,-0.002661055798004651,-0.0026610557980046514,-0.24387144566217414,-0.24387144566217425,-0.24387144566217422,0.004181163209041046,0.004181163209041046,0.004181163209041045,-0.005686595269523741,-0.005686595269523741,-0.005686595269523741,0.16135518456092088,0.16135518456092093,0.16135518456092093,0.0,0.0,-184.0,0.0,-1.614002734821319e-16,-184.51083928435875,0.0,-1.433179351732963e-14,-184.0000024755281,-6.339846049925841,-6.339846049925845,-6.339846049925845,-0.1836756375214705,-0.18367563752147065,-0.18367563752147065
0.03,-0.0056427207931843675,-0.005642720793184369,-0.00564272079318437,-0.33864811562849495,-0.33864811562849517,-0.33864811562849506,0.0029402804302643545,0.0029402804302643528,0.0029402804302643528,-0.005686595269523741,-0.005686595269523741,-0.005686595269523741,0.3374477777857568,0.33744777778575685,0.3374477777857569,0.0,0.0,-184.0,1.4018774888662004e-16,-2.428123036703332e-16,-185.05083113752352,0.0,-1.433179351732963e-14,-184.0000024755281,-14.287940322285909,-14.287940322285921,-14.287940322285923,-0.3605059636474258,-0.36050596364742604,-0.3605059636474261
0.04,-0.0020870001015840765,-0.013036371067956281,-0.013036371067956281,-0.406387640173538,-0.4063876401735383,-0.406387640173538,0.004305391500610751,0.002655180330457448,0.002655180330457448,0.4142868312709749,-0.21306591342523187,-0.21306591342523187,0.5577492423058106,0.557287743763316,0.557287743763316,0.0,1.3888888888888888,-184.0,0.0,0.0010310312181155874,-185.72756831317585,0.0,1.388888929631816,-184.00000247525816,-6.4575125955829815,-28.56278174173259,-28.562781741732586,-0.05162071308273494,-0.7185415849776345,-0.7185415849776345
0.05,-0.006584081395568346,-0.01725565075106396,-0.017255585129509393,-0.47781231720450246,-0.4320999162046552,-0.4320789487136459,0.002902790246670778,0.0025949216104214304,0.0025949218722510076,0.4142868312709749,-0.21306591342523187,-0.21306591342523187,0.8192015847164994,0.8004505640894117,0.8004452340127179,0.0,1.3888888888888888,-184.0,-1.0353924060073611e-05,0.04206553190092896,-186.49715593440743,0.0,1.388888929631816,-184.00000247525816,-17.11460620750385,-35.82128090112995,-35.81891270453711,-0.43049844302563295,-0.743966712574917,-0.7439143455476633
0.06,-0.011612787349109104,-0.021623131511192138,-0.021622285759272428,-0.5185887630900475,-0.43748322506556164,-0.43733634030783197,0.002719241295887109,0.002588027664277199,0.0025880276408805736,0.4142868312709749,-0.21306591342523187,-0.21306591342523187,1.109496549790389,1.0508822880320894,1.0508241795659206,0.0,1.3888888888888888,-184.0,-0.00011335781284155976,0.13209838652140954,-187.3145653451988,0.0,1.388888929631816,-184.00000247525816,-26.349037278922143,-42.38466669820478,-42.37233143243875,-0.6133770302257958,-0.8570492493961263,-0.8567781858327985
0.07,-0.01688183281856162,-0.02593758750383925,-0.02593375878939437,-0.5299002001491404,-0.42389585942513563,-0.42344239342690954,0.002596839963189536,0.002588025469930558,0.002588025395649861,0.4142868312709749,-0.21306591342523187,-0.21306591342523187,1.4118947153951742,1.2972050798367893,1.2969572896943813,0.0,1.3888888888888888,-184.0,-0.0004854501984425698,0.25972907191351385,-188.13911419817066,0.0,1.388888929631816,-184.00000247525816,-35.81031422975808,-48.33518388855504,-48.30007647644919,-0.7747958013675852,-0.9552108648208979,-0.9544453145338916
0.08,-0.01474495112783204,-0.033585380671272605,-0.0335742875000505,-0.5186475550357484,-0.39442914522921624,-0.3934434658019515,0.002617068033621892,0.0025880205035215113,0.002588020332515148,0.8377436556922286,-0.4169842784555035,-0.4169842784555035,1.7124201458024157,1.5295827739892167,1.5288869096150266,0.0,2.7777777777777777,-184.0,-0.0013688716008473285,0.4160997449503106,-188.9355252486912,0.0,2.7777778591786118,-184.00000247444999,-30.970126137117084,-59.59807577682405,-59.52327243430105,-0.5223984618325235,-1.2174811044837246,-1.2158671010413322
0.09,-0.01993445112372226,-0.03723476641365469,-0.03720969949919162,-0.514525271559741,-0.34003267462355413,-0.33825356832443404,0.0025886945317821894,0.002588010600705349,0.0025880102609605157,0.8377436556922286,-0.4169842784555035,-0.4169842784555035,2.009287354834274,1.7355569858198865,1.7340132879425583,0.0,2.7777777777777777,-184.0,-0.003048201441516159,0.6258932819168372,-189.6751444851762,0.0,2.7777778591786118,-184.00000247444999,-39.20386562701876,-63.65010930930931,-63.510798778069464,-0.8299794814670572,-1.1925394099279025,-1.1895563813375662
0.1,-0.024958672394463394,-0.04030036048491924,-0.04025161430339802,-0.4900191696957789,-0.2781775396733873,-0.2752742997428767,0.0025880355722984537,0.0025879982114550195,0.0025879976011102482,0.8377436556922286,-0.4169842784555035,-0.4169842784555035,2.2956552814931923,1.907621508165628,1.904654628493724,0.0,2.7777777777777777,-184.0,-0.005878119087532196,0.8911394062764504,-190.3339857631902,0.0,2.7777778591786118,-184.00000247444999,-46.42814329067441,-66.67542247774342,-66.43936708784483,-0.9460943596151001,-1.2272659669121333,-1.2222657764194929
0.11,-0.029652151973301448,-0.04271735016959218,-0.04263167395332328,-0.4504071096702491,-0.2113534021244559,-0.20695834237688643,0.002588029694936606,0.0025879835252588784,0.00258798251330617,0.8377436556922286,-0.4169842784555035,-0.4169842784555035,2.5622257168358473,2.0422578914086467,2.0370874732439956,0.0,2.7777777777777777,-184.0,-0.010272978340439358,1.1989254468030708,-190.89368303680578,0.0,2.7777778591786118,-184.00000247444999,-52.85097319522523,-68.6217034792731,-68.25092359426388,-1.0444523384915712,-1.242374841690882,-1.2345962783563145
0.12,-0.02643069050469849,-0.04795237770575905,-0.04781284120248884,-0.3988982371522827,-0.14275671709921087,-0.13650808320999175,0.0025880212749231322,0.0025879671038251508,0.002587965542528245,1.264637646746067,-0.6174374392463308,-0.6174374392463308,2.801789112273616,2.1377007938142634,2.1293363154156277,0.0,4.166666666666666,-184.0,-0.016656810125609055,1.5367717042233686,-191.34176816044322,0.0,4.166666788627427,-184.00000247310643,-45.910614265733194,-75.38722350638554,-74.84162508374358,-0.7486350785682846,-1.4163813346612157,-1.405055199589315
0.13,-0.030245571188783876,-0.048936970133098764,-0.04872323734478069,-0.36424218269566677,-0.06349235484352418,-0.055064496076473346,0.00258801512453049,0.002587946520571424,0.0025879442349779095,1.264637646746067,-0.6174374392463308,-0.6174374392463308,3.0182127786582056,2.189646518304264,2.1769041194067578,0.0,4.166666666666666,-184.0,-0.025417029005589124,1.9232981479812274,-191.6719596041461,0.0,4.166666788627427,-184.00000247310643,-51.2604691818387,-74.88566036860848,-74.11633873640618,-0.9955481788578255,-1.308698668636078,-1.2928339455922988
0.14,-0.03364719600859809,-0.049163234999017105,-0.048851709090381404,-0.31941590778159423,0.009861984731140059,0.020793494045126232,0.0025880066028502835,0.002587926030381088,0.0025879228642321913,1.264637646746067,-0.6174374392463308,-0.6174374392463308,3.2105039775052653,2.1984444590676837,2.179953722045312,0.0,4.166666666666666,-184.0,-0.03692206698277525,2.3551707748237374,-191.8829411035568,0.0,4.166666788627427,-184.00000247310643,-55.793576656792474,-73.38553127369038,-72.34070032656888,-1.0606113695220776,-1.26393638125651,-1.242574003575624
0.15,-0.03656712169344522,-0.04869498383316011,-0.048259041360050936,-0.2688864726696082,0.07580064585704557,0.08951398508061324,0.002587996249231595,0.0025879065097701914,0.0025879023260045467,1.264637646746067,-0.6174374392463308,-0.6174374392463308,3.374883402369748,2.167886511854536,2.1421064946099166,0.0,4.166666666666666,-184.0,-0.051501543883272785,2.81454015840336,-191.97816077294547,0.0,4.166666788627427,-184.00000247310643,-59.49282290483719,-71.02078792097535,-69.6480388515254,-1.110003771297581,-1.2067976367573368,-1.1789569339760624
0.16,-0.03145192500025637,-0.051055096936754925,-0.050465792634239184,-0.21507768445994088,0.1324575344807838,0.14914124524993322,0.0025879843783836974,0.002587888961003873,0.002587883664123365,1.6949213999856334,-0.8144214223418295,-0.8144214223418295,3.509249892126746,2.10282316020792,2.0680854431974804,0.0,5.555555555555555,-184.0,-0.06939197445458585,3.2848829961307984,-191.9654551548672,0.0,5.555555717965612,-184.0000024712306,-49.791322804986294,-73.74470474802001,-71.99856357309895,-0.765682618458944,-1.315100602164936,-1.2800148268546991
0.17,-0.03345312143412478,-0.04939948862309337,-0.048626712854827045,-0.18592965849705595,0.19010536574064435,0.20982130289107298,0.002587977594546479,0.002587870420874054,0.002587863930689824,1.6949213999856334,-0.8144214223418295,-0.8144214223418295,3.622112045791964,2.0047822836896287,1.9593583758744995,0.0,5.555555555555555,-184.0,-0.09068923174762539,3.781822179972455,-191.8566019573762,0.0,5.555555717965612,-184.0000024712306,-52.66867207470482,-69.7750581615531,-67.60112414208743,-0.9740945057310082,-1.1566430235538385,-1.1132162266846697
0.18,-0.03513245925479401,-0.047244897572871467,-0.04625821422750183,-0.1530328035743745,0.23425425714529854,0.2570098002899168,0.0025879696480311685,0.002587855787079118,0.0025878481056292755,1.6949213999856334,-0.8144214223418295,-0.8144214223418295,3.716439739743428,1.8788782865280016,1.8210244626728438,0.0,5.555555555555555,-184.0,-0.1153958264245785,4.299967920278981,-191.66557689844385,0.0,5.555555717965612,-184.0000024712306,-54.97389529492757,-65.3751261187686,-62.72557315082189,-1.0052131816605323,-1.071673552503343,-1.0191490752532428
0.19,-0.03647863417654393,-0.044720898134967366,-0.04349031733458581,-0.11954752823783128,0.2652647236493106,0.2909694596206039,0.00258796125097388,0.0025878452966079865,0.0025878364753875696,1.6949213999856334,-0.8144214223418295,-0.8144214223418295,3.7916514950072036,1.7325626262324858,1.6605664115449663,0.0,5.555555555555555,-184.0,-0.14342091856474706,4.820464004456068,-191.40804507775727,0.0,5.555555717965612,-184.0000024712306,-56.747108538196485,-60.73500628332329,-57.56769987323803,-1.0272301341565302,-0.986509876233925,-0.9241873657614712
0.2,-0.029923629941559622,-0.0453364506212719,-0.04383353357003983,-0.0865478288843054,0.2831850850653251,0.31162821474063396,0.002587952679351272,0.002587839158494856,0.0025878293067123064,2.128546368772262,-1.0079325314075522,-1.0079325314075522,3.848076728238676,1.5732533142124685,1.4854984552197212,0.0,6.944444444444445,-184.0,-0.17454732194141578,5.32681165042937,-191.10077299487637,0.0,6.944444647180646,-184.00000246882576,-45.384228926061766,-61.724403128106815,-58.014199684442595,-0.6600796739441157,-1.0755452733043283,-1.003174947893263
0.21,-0.030767641246929496,-0.042397475578486894,-0.04059676808123279,-0.08094627094400107,0.29998458260243255,0.33080522391623257,0.0025879511957406977,0.002587833355602778,0.0025878225914352576,2.128546368772262,-1.0079325314075522,-1.0079325314075522,3.8959948980940724,1.4040257574844879,1.299074446191306,0.0,6.944444444444445,-184.0,-0.20840165103461197,5.835510162487977,-190.76104898790143,0.0,6.944444647180646,-184.00000246882576,-47.04751564399021,-56.781469804733696,-52.49115095790791,-0.8559878786304965,-0.9141490943206498,-0.830933502784968
0.22,-0.031532556306984545,-0.03937001651501239,-0.03724978521334612,-0.07275619970918526,0.3031606506018293,0.33597706167092484,0.0025879490118008125,0.0025878322533377206,0.00258782077064111,2.128546368772262,-1.0079325314075522,-1.0079325314075522,3.93934861176091,1.2304532536203543,1.1070826116258685,0.0,6.944444444444445,-184.0,-0.24454788090333265,6.34282874222521,-190.40521508163607,0.0,6.944444647180646,-184.00000246882576,-48.5013285725596,-52.03073248108833,-47.138144676203005,-0.8800278952825623,-0.8353024435845506,-0.7410887112203197
0.23,-0.03221240745632888,-0.03637608280545435,-0.03391876085368468,-0.06400257954494092,0.2946591917194541,0.3290272457626237,0.0025879466583568567,0.0025878352001210093,0.002587823216442054,2.128546368772262,-1.0079325314075522,-1.0079325314075522,3.9777966723303915,1.0594632350721036,0.9166925629802342,0.0,6.944444444444445,-184.0,-0.28250735583416026,6.832270420130174,-190.04840491654443,0.0,6.944444647180646,-184.00000246882576,-49.773248442502165,-47.61285720516494,-42.1045795194923,-0.9008542760550572,-0.7654732071008902,-0.6601483716654065
0.24,-0.025176327314331934,-0.036841505857199176,-0.034034314786644156,-0.05475669503554702,0.2759213340965769,0.31133389724272403,0.0025879441511598707,0.002587841653036352,0.0025878294093239595,2.5654628969160207,-1.1979673464295078,-1.1979673464295078,4.011305629870831,0.8971102533244143,0.7342373350522464,0.0,8.333333333333332,-184.0,-0.3217415010604413,7.290209306180591,-189.70425268534444,0.0,8.333333576260197,-184.00000246589542,-38.172309791263,-49.21570846534421,-43.101717474614496,-0.5358250505823045,-0.8740594726726374,-0.7581129355957545
0.25,-0.025826770995510798,-0.03415948255949197,-0.03099529318964136,-0.0714112926498023,0.2598952493105293,0.2957531928957256,0.002587948651505594,0.002587847125097048,0.0025878348215770167,2.5654628969160207,-1.1979673464295078,-1.1979673464295078,4.049394095890607,0.7444589331137024,0.5611088169526541,0.0,8.333333333333332,-184.0,-0.3616277736225051,7.736263337006698,-189.38466168968299,0.0,8.333333576260197,-184.00000246589542,-39.95675143643691,-45.43313143348143,-38.70357164858816,-0.7410932533796722,-0.7433373847563245,-0.6163836952686998
0.26,-0.026607085663426608,-0.03169078875146519,-0.028167985465926897,-0.08293926403392789,0.2351550339460329,0.2709437761555337,0.0025879517245400224,0.002587855484763597,0.0025878433573067036,2.5654628969160207,-1.1979673464295078,-1.1979673464295078,4.094743812189793,0.6044705728902442,0.40058023267257115,0.0,8.333333333333332,-184.0,-0.40158235720218444,8.170065785694769,-189.0989567205891,0.0,8.333333576260197,-184.00000246589542,-41.77925025685868,-42.18141246865148,-34.84571350454287,-0.7770838310912693,-0.6979026871472382,-0.5604203510324458
0.27,-0.027483379275881584,-0.029504897691329714,-0.025626885880150926,-0.09091234770220319,0.20424128127959248,0.23947158684507974,0.002587953829615322,0.0025878657750153266,0.0025878540340325143,2.5654628969160207,-1.1979673464295078,-1.1979673464295078,4.145387342143856,0.4810292794709685,0.2568217047035598,0.0,8.333333333333332,-184.0,-0.4410774882842608,8.578583668536126,-188.85406115541747,0.0,8.333333576260197,-184.00000246589542,-43.6201919570679,-39.507812721162196,-31.582627120041703,-0.8123479818160404,-0.6639973408896451,-0.5163940716693949
0.28,-0.02073656297139445,-0.030909823542586944,-0.02668475565844775,-0.09511170600201113,0.16892705096474137,0.2031357344979653,0.0025879549316122743,0.00258787730907322,0.002587866139728558,3.0056202528953464,-1.3845227226503565,-1.3845227226503565,4.199464722239595,0.3769030068918936,0.13287240116574908,0.0,9.722222222222221,-184.0,-0.479616434170179,8.9515725243279,-188.65463262170877,0.0,9.722222505192178,-184.00000246244346,-32.672964147063624,-42.89670700823636,-34.42428754199635,-0.461333321546874,-0.8060354844920905,-0.649393786853844
0.29,-0.021850308567678264,-0.029362407888533337,-0.02480328464067959,-0.12209065771002012,0.14203427675067937,0.1747322617364067,0.002587961899444386,0.0025878859274960407,0.002587875429674145,3.0056202528953464,-1.3845227226503565,-1.3845227226503565,4.264668759804285,0.28984819938542467,0.02676593429382395,0.0,9.722222222222221,-184.0,-0.5166915407078162,9.311777382464898,-188.50327153114654,0.0,9.722222505192178,-184.00000246244346,-35.28305372698145,-41.08028195382057,-32.07124451008859,-0.6843466433436177,-0.7130433949914483,-0.5471710465818419
0.3,-0.023177982704088218,-0.028105074890722656,-0.02322876751526136,-0.14048866246973868,0.1121765338447665,0.14305312874106763,0.002587966538364077,0.0025878953219512927,0.0025878856036544236,3.0056202528953464,-1.3845227226503565,-1.3845227226503565,4.341754238772048,0.2195270645838009,-0.0616226360340004,0.0,9.722222222222221,-184.0,-0.5519154015000399,9.661753539274137,-188.40013961088758,0.0,9.722222505192178,-184.00000246244346,-37.986424619041664,-39.77505768158529,-30.25996757647951,-0.7371195292581172,-0.7018641159185259,-0.5275976338759283
0.31,-0.02465220217787996,-0.02715186961843472,-0.021977915475019386,-0.15206937401024795,0.08150152198063551,0.11032769805370296,0.002587969410741773,0.0025879047755526766,0.0025878958974930055,3.0056202528953464,-1.3845227226503565,-1.3845227226503565,4.426845204145873,0.1666706967536707,-0.13141434623093098,0.0,9.722222222222221,-184.0,-0.5850197143498597,9.99107430931694,-188.34344187259913,0.0,9.722222505192178,-184.00000246244346,-40.72030727396355,-38.954318856887575,-28.966673195869273,-0.7884113829770536,-0.699069209707857,-0.5170254342764296
0.32,-0.018467066989190192,-0.029699386318003018,-0.024249225340606563,-0.15689654352431712,0.05122788612527502,0.07784218601412542,0.00259080359073461,0.0025879139014261367,0.0025879058895590013,3.448966665596679,-1.5675957892444874,-1.5675957892444874,4.5163168871229,0.13118035148050014,-0.18260178046581518,0.0,11.11111111111111,-184.0,-0.6158092559152485,10.291696819003578,-188.32984007992624,0.0,11.111111433964691,-184.0000024584738,-30.525187091348442,-43.93950052499112,-33.53910412832357,-0.44865259883780967,-0.8651602886574847,-0.6766996303536092
0.33,-0.020191465203389866,-0.02928303774530286,-0.023579908199456906,-0.18216543515189113,0.03326111228036938,0.05748157358226001,0.0025883599177487565,0.0025879192186715238,0.0025879120332389406,3.448966665596679,-1.5675957892444874,-1.5675957892444874,4.616394844465106,0.10839724878606448,-0.21974203995194158,0.0,11.11111111111111,-184.0,-0.6440918138800308,10.588170336553755,-188.3549654799969,0.0,11.111111433964691,-184.0000024584738,-33.97927852344359,-43.620937919983184,-32.82128927623118,-0.6868609117009571,-0.7960910087672551,-0.6008449760121166
0.34,-0.02209944714537254,-0.02904826964845448,-0.02311599399714697,-0.19654436791584268,0.015692311026876557,0.037548899355161224,0.002587980093257016,0.0025879243452529635,0.0025879179564993926,3.448966665596679,-1.5675957892444874,-1.5675957892444874,4.726487795102398,0.09594407893056471,-0.2451892917084151,0.0,11.11111111111111,-184.0,-0.6698178597916935,10.884376259766372,-188.41308653493834,0.0,11.111111433964691,-184.0000024584738,-37.41820910342995,-43.572526653009916,-32.407649511122045,-0.7507522583278327,-0.8024651386717805,-0.6012985788428786
0.35,-0.024103622187628834,-0.02898020453339739,-0.02284190444521325,-0.20233104334938484,-0.000177093139890277,0.019419276392261407,0.0025879814418479498,0.002587928912860705,0.002587923263814681,3.448966665596679,-1.5675957892444874,-1.5675957892444874,4.8416023515246644,0.09294244254526955,-0.25986653384080743,0.0,11.11111111111111,-184.0,-0.6930614460498691,11.170790194859025,-188.49772440784457,0.0,11.111111433964691,-184.0000024584738,-40.78140805981107,-43.743056959247134,-32.245457633986625,-0.8108856508610627,-0.8120184051759413,-0.6054355210768583
0.36,-0.018328249265703325,-0.032194074814925616,-0.025871543596801928,-0.20006955830482187,-0.013969226113540437,0.0035188945195280897,0.0025911600432767606,0.002587932833140584,0.0025879278544686767,3.895449361510757,-1.7471839477341022,-1.7471839477341022,4.95727803706732,0.09816736345321023,-0.2650763107534401,0.0,12.5,-184.0,-0.713955546196371,11.439841240712537,-188.60213123734502,0.0,12.500000362566114,-184.0000024539906,-31.007890714828438,-49.34775654172137,-37.57794447598554,-0.47483485628584005,-0.982449686973904,-0.7718081311038789
0.37,-0.020442526142059422,-0.032336151044981686,-0.025850127196176558,-0.21761791499353872,-0.014840300835282894,0.0006206869931406705,0.0025881693870395293,0.0025879330791755573,0.00258792868468563,3.895449361510757,-1.7471839477341022,-1.7471839477341022,5.079247465859926,0.10639650375114416,-0.2661003846368766,0.0,12.5,-184.0,-0.7325978678267359,11.716174189249147,-188.71987996555694,0.0,12.500000362566114,-184.0000024539906,-34.87200468652922,-49.47541159631826,-37.43292174180191,-0.7188959097416927,-0.9171486694115979,-0.7016189019912299
0.38,-0.022660342473089623,-0.03248744122292908,-0.025856646723770235,-0.2238410875685231,-0.015180872111177312,-0.0014636563336819241,0.0025879863698996886,0.002587933175319244,0.0025879292805094855,3.895449361510757,-1.7471839477341022,-1.7471839477341022,5.206624286740532,0.1150773192402725,-0.26561613871332757,0.0,12.5,-184.0,-0.7492091470065335,12.003381664476665,-188.8443378914146,0.0,12.500000362566114,-184.0000024539906,-38.593675803523745,-49.61022551112414,-37.317367729001596,-0.7851141304915915,-0.9215682567989347,-0.7018193127432509
0.39,-0.024892410797209996,-0.032635753054924006,-0.025875915707355025,-0.2214580128691446,-0.014390803044560177,-0.002103353813647311,0.00258798583055492,0.0025879329522381965,0.002587929463160496,3.895449361510757,-1.7471839477341022,-1.7471839477341022,5.334329142186821,0.12352386413680104,-0.2644831265048426,0.0,12.5,-184.0,-0.7641039824666604,12.291300418319864,-188.96920620191725,0.0,12.500000362566114,-184.0000024539906,-42.130685207078116,-49.720763897427666,-37.19573473235813,-0.8457450337411656,-0.925242071807596,-0.7014764461186953
0.4,-0.019211004215986136,-0.0358444694779458,-0.028968130884974918,-0.21136020220726376,-0.01268199469822626,-0.001507065612146696,0.00258949179685101,0.002587932469221547,0.0025879292929071483,4.3450146033180586,-1.9232848701482805,-1.9232848701482805,5.458026475950976,0.13106328537385203,-0.2635553813040088,0.0,13.88888888888889,-184.0,-0.7776137876205008,12.571421715525402,-189.08891360184816,0.0,13.888889290984979,-184.00000244899834,-32.3557189781763,-54.955745137280545,-42.249175457244455,-0.5063801069387153,-1.0836711484493782,-0.857116278674753
0.41,-0.02139874746996323,-0.03589735949329825,-0.028914744151819806,-0.22184468532857557,6.400847153056671e-05,0.010304028274887928,0.0025879859181805933,0.0025879288439188608,0.0025879259029025475,4.3450146033180586,-1.9232848701482805,-1.9232848701482805,5.583804380875199,0.13341167515934854,-0.26724522802168754,0.0,13.88888888888889,-184.0,-0.7899739765090786,12.867233647446142,-189.19913063367704,0.0,13.888889290984979,-184.00000244899834,-36.187203388756515,-54.63255032962433,-41.72062673444473,-0.7487265045312731,-1.0080548579794177,-0.7772938637855522
0.42,-0.02362387154065182,-0.035833749658450195,-0.028752169205611338,-0.2218487334814925,0.011379140370108287,0.021048441096868892,0.002587985919097734,0.002587925592661705,0.0025879227900518446,4.3450146033180586,-1.9232848701482805,-1.9232848701482805,5.711248866606633,0.12912402160777953,-0.2771725166860082,0.0,13.88888888888889,-184.0,-0.8015109419942209,13.181015110983452,-189.29595677042326,0.0,13.888889290984979,-184.00000244899834,-39.81775316590333,-54.17120033144906,-41.057735237449485,-0.8116003179289981,-0.9990397856377189,-0.7644889308964885
0.43,-0.025806347789225484,-0.03566268407858993,-0.02848589965630201,-0.21422696563729177,0.02159990703727516,0.031049137379626595,0.002587984183863681,0.002587922629542651,0.0025879198681208653,4.3450146033180586,-1.9232848701482805,-1.9232848701482805,5.835818112448472,0.11874453105935863,-0.292996104792435,0.0,13.88888888888889,-184.0,-0.8126085674528964,13.501129803956907,-189.3762830822527,0.0,13.888889290984979,-184.00000244899834,-43.207218093038065,-53.57894785557037,-40.26362125228856,-0.8681973959499428,-0.9881380600351527,-0.749677514549452
0.44,-0.01997595659683167,-0.03840973701518211,-0.031138182689464604,-0.1999613607246789,0.030377817932351312,0.03992028619901295,0.0025885622745797,0.0025879200649979372,0.0025879172566108215,4.7976077297920146,-2.0958964969277063,-2.0958964969277063,5.95377619403285,0.10293293268521442,-0.3142429358861296,0.0,15.277777777777777,-184.0,-0.8236230520146033,13.817524527674141,-189.438060145424,0.0,15.277778219210072,-184.00000244350161,-33.16411108109441,-57.94687339621889,-44.46947158828734,-0.5220595039384185,-1.128640882284254,-0.8874124772776119
0.45,-0.022032951005173107,-0.0380057360928347,-0.0306379294101036,-0.20755805784719222,0.04756663195803921,0.05731350332073816,0.0025879826517186404,0.002587914991014204,0.0025879120835637518,4.7976077297920146,-2.0958964969277063,-2.0958964969277063,6.071902995546592,0.07886121707858199,-0.3438436244919713,0.0,15.277777777777777,-184.0,-0.8347546007056127,14.152154070623947,-189.48069393263165,0.0,15.277778219210072,-184.00000244350161,-36.77095651181817,-56.82816306822388,-43.14102914526797,-0.760793322221258,-1.0396233059424418,-0.7936370741692805
0.46,-0.024104341375976515,-0.037453351801247536,-0.029985535629674098,-0.20574236102773924,0.06104632469857958,0.07129680153941924,0.002587982232342431,0.002587910964344549,0.0025879078747336535,4.7976077297920146,-2.0958964969277063,-2.0958964969277063,6.190440865031304,0.04645757936460869,-0.38200781679066026,0.0,15.277777777777777,-184.0,-0.8462722077142769,14.505803216789008,-189.50396561207216,0.0,15.277778219210072,-184.00000244350161,-40.17741651653171,-55.57568525394606,-41.66661785746439,-0.8193552867209498,-1.0166749595406845,-0.7661906825082415
0.47,-0.026120450464139078,-0.036783821490333,-0.029209510844810493,-0.19729889349106344,0.07128575916082018,0.08229634625940553,0.0025879802696454637,0.002587907878074657,0.0025879045331934887,4.7976077297920146,-2.0958964969277063,-2.0958964969277063,6.305436306364567,0.007528763702172698,-0.4270831730925951,0.0,15.277777777777777,-184.0,-0.8584783016466155,14.865409435083087,-189.50826983038039,0.0,15.277778219210072,-184.00000244350161,-43.34330310258356,-54.227738753581725,-40.08221425270385,-0.8719430761538965,-0.9930648186766065,-0.7377503845861683
0.48,-0.020068602056857343,-0.038982107317771485,-0.03129256010563415,-0.18310331624426326,0.07815269370832323,0.090119924916638,0.002588469022134462,0.002587905795146915,0.0025879021401844665,5.253173196945098,-2.2650170345774976,-2.2650170345774976,6.41368885172924,-0.036111811591433444,-0.47738006444002307,0.0,16.666666666666664,-184.0,-0.8716180861475068,15.219630782094976,-189.49479976984483,0.0,16.66666714723052,-184.00000243750526,-33.00652530490993,-57.801693642035815,-43.455463983261126,-0.5197974498802389,-1.1194526257517412,-0.8605245701748642
0.49,-0.02196220222554536,-0.038120064799453554,-0.030306066279432248,-0.1917328670662617,0.09154939661503561,0.1044212290313325,0.0025879789646159183,0.002587901701498172,0.0025878977312717762,5.253173196945098,-2.2650170345774976,-2.2650170345774976,6.522516010134451,-0.08620268238131003,-0.5346550752629544,0.0,16.666666666666664,-184.0,-0.8857369569165103,15.58930630131517,-189.46586379271523,0.0,16.66666714723052,-184.00000243750526,-36.4267822626331,-56.0772419319489,-41.46493985698426,-0.7567683183108108,-1.0226869584551574,-0.7576873988335162
0.5,-0.02388380139745698,-0.037154947529620785,-0.029206472996077287,-0.19153291697870317,0.09992825795071938,0.1138670989910689,0.002587978917569943,0.002587899121177004,0.002587894795041259,5.253173196945098,-2.2650170345774976,-2.2650170345774976,6.632566962677809,-0.1419553509662944,-0.5981745432254312,0.0,16.666666666666664,-184.0,-0.9009499290925256,15.974278476873877,-189.4236639433909,0.0,16.66666714723052,-184.00000243750526,-39.67530035886968,-54.31871572017437,-39.42034607956368,-0.8131408299470962,-0.9927298941640317,-0.7219341865108855
0.51,-0.025768802994031267,-0.03612945148744278,-0.02803517958067726,-0.18514019806814275,0.1040698469399318,0.1191865545310503,0.0025879774074225263,0.0025878978401291087,0.0025878931331291665,5.253173196945098,-2.2650170345774976,-2.2650170345774976,6.740169981319503,-0.20092546162683403,-0.6655661759576476,0.0,16.666666666666664,-184.0,-0.9174045407177706,16.36074834249492,-189.37051368777588,0.0,16.66666714723052,-184.00000243750526,-42.71447437833318,-52.57455956121961,-37.37013120839558,-0.864191529930934,-0.9642512142002349,-0.6872768447002134
0.52,-0.019557106238189778,-0.0379757127444869,-0.029723535045281867,-0.17327107295634783,0.10417604127377068,0.12051973681015288,0.0025890068674207707,0.00258789780723316,0.002587892715675564,5.711654620339391,-2.4306449530710497,-2.4306449530710497,6.842316512088115,-0.2608506969438358,-0.7346067928490442,0.0,18.055555555555554,-184.0,-0.9351848018462063,16.736857152782616,-189.30901544490945,0.0,18.055556075035568,-184.00000243101414,-32.20061213677523,-55.76405101918713,-40.29527630546727,-0.5086321637479865,-1.0847936611525715,-0.8031217764351783
0.53,-0.021367142183029986,-0.036893574404757004,-0.02847257008573358,-0.1845719408219954,0.11026521539280064,0.12760664794719828,0.0025879772726201044,0.002587895916931078,0.0025878904903011302,5.711654620339391,-2.4306449530710497,-2.4306449530710497,6.946507908068639,-0.32313359527774443,-0.8066210791159261,0.0,18.055555555555554,-184.0,-0.9541523236321162,17.123137521379956,-189.24237800465937,0.0,18.055556075035568,-184.00000243101414,-35.57409566038529,-53.878301383552866,-38.07020386503785,-0.7466975810525077,-0.9888280840357356,-0.6996479610088027
0.54,-0.023231596817122183,-0.035781537199273204,-0.02718144466360034,-0.1869872326990536,0.1113494856177245,0.12972393472604146,0.0025879778449427997,0.002587895579501201,0.0025878898234057927,5.711654620339391,-2.4306449530710497,-2.4306449530710497,7.053433967728665,-0.38688710314782493,-0.8806948167191464,0.0,18.055555555555554,-184.0,-0.9742637139471894,17.519312385570764,-189.17318435244576,0.0,18.055556075035568,-184.00000243101414,-38.80058501349979,-52.07004818331904,-35.90380342877147,-0.8034561129515525,-0.9601825254882754,-0.6639458749155339
0.55,-0.025084845702104383,-0.03468076103880942,-0.025891263916307174,-0.18305492572756257,0.10847334518683603,0.12787258707427177,0.00258797691230298,0.0025878964740184813,0.0025878904065880174,5.711654620339391,-2.4306449530710497,-2.4306449530710497,7.159357442332125,-0.4497707499198756,-0.9544890823431004,0.0,18.055555555555554,-184.0,-0.9955289416183043,17.91166867831294,-189.10367254624188,0.0,18.055556075035568,-184.00000243101414,-41.846415799907696,-50.378892307621335,-33.83741960937018,-0.8553285274772018,-0.9346628065852998,-0.6310701009887398
0.56,-0.0188147866757942,-0.03645826609830158,-0.0274693796637407,-0.1733937242162988,0.10208114116875612,0.122448669422763,0.002590120674860371,0.0025878984557240353,0.002587892111013526,6.172994818480228,-2.5927789830078436,-2.5927789830078436,7.2611460985428655,-0.509770763054168,-1.0259655388934337,0.0,19.444444444444443,-184.0,-1.0179067212073443,18.288607654807876,-189.03596429719747,0.0,19.4444450026149,-184.00000242403354,-31.276616126519528,-53.60825655965698,-36.7478336131519,-0.49830569680344,-1.0564067780383082,-0.7473487161186275
0.57,-0.020638096195259303,-0.03543076461771961,-0.02623488385721411,-0.18680812441791603,0.10218191981002817,0.12316214240126831,0.0025880234844092315,0.002587898424548976,0.002587891887162799,6.172994818480228,-2.5927789830078436,-2.5927789830078436,7.366215627898065,-0.5685857890192381,-1.0966765013101882,0.0,19.444444444444443,-184.0,-1.0411243107540782,18.671070520178528,-188.97244805533086,0.0,19.4444450026149,-184.00000242403354,-34.720298509751714,-51.94934619883069,-34.69130965403543,-0.7393341137966648,-0.9674011905662936,-0.6497750902748115
0.58,-0.02253446407672885,-0.034428283390171434,-0.025019337507637678,-0.1908971691243818,0.09818700091205723,0.11975342984494802,0.0025879787679098055,0.0025878996586633585,0.0025878929556718217,6.172994818480228,-2.5927789830078436,-2.5927789830078436,7.475063676450023,-0.625776679844796,-1.1661084371655763,0.0,19.444444444444443,-184.0,-1.0650437143008713,19.05928205698411,-188.91459232741033,0.0,19.4444450026149,-184.00000242403354,-38.0185518767944,-50.430833006156725,-32.7635396661561,-0.7977504908276815,-0.9451308343483725,-0.6196596805485386
0.59,-0.02443401682233523,-0.03348242886786521,-0.023854845177109247,-0.18820952147237974,0.09123060163399113,0.11332755023010446,0.002587978133940824,0.0025879017993709367,0.002587894963272247,6.172994818480228,-2.5927789830078436,-2.5927789830078436,7.583708989928367,-0.6795561410351995,-1.2324449207900283,0.0,19.444444444444443,-184.0,-1.0896111563629876,19.44014155374083,-188.8633225844275,0.0,19.4444450026149,-184.00000242403354,-41.14467314809242,-49.07518317489406,-30.98937639237435,-0.851320601546289,-0.9264632669505259,-0.5929924478678209
0.6,-0.01817144024602388,-0.035388874607587176,-0.025537791272532497,-0.17936075760986614,0.08181533820379677,0.10435605849833068,0.0025915285950158335,0.0025879046798799807,0.002587897751463459,6.637135857208807,-2.7514181125285178,-2.7514181125285178,7.688773766928913,-0.728504316533979,-1.2942203670330459,0.0,20.833333333333332,-184.0,-1.114739427147433,19.802730502134125,-188.81931871075133,0.0,20.833333929958233,-184.00000241656872,-30.569615916288857,-52.56522575312725,-34.13640715609877,-0.4932391532714756,-1.052112116584275,-0.7130094680452133
0.61,-0.0200583213338964,-0.034576901548033015,-0.024500285865410948,-0.19340092277310647,0.07975138247292397,0.10232714898744075,0.0025884820407520003,0.0025879053087154314,0.002587898379619648,6.637135857208807,-2.7514181125285178,-2.7514181125285178,7.7975178328388735,-0.774853571590686,-1.3534948231943016,0.0,20.833333333333332,-184.0,-1.1401011055192607,20.168716346627907,-188.78348299284715,0.0,20.833333929958233,-184.00000241656872,-34.11303615118056,-51.289603886153614,-32.43742312835464,-0.7373022712182278,-0.9715746864721481,-0.6234371563936473
0.62,-0.022021901525612037,-0.03380555768019429,-0.023503037766826197,-0.1976633790553833,0.0746697379939242,0.09726772284845402,0.0025879803547941786,0.002587906852935872,0.0025878999421584292,6.637135857208807,-2.7514181125285178,-2.7514181125285178,7.910224503402363,-0.8187449194772194,-1.4103306327887377,0.0,20.833333333333332,-184.0,-1.16554421338715,20.53902938204369,-188.755782576268,0.0,20.833333929958233,-184.00000241656872,-37.50176761606393,-50.15303399316223,-30.87466345484955,-0.7972613827893841,-0.956061565338382,-0.5998996945722533
0.63,-0.023988333984099303,-0.03309615254796055,-0.022567675437447646,-0.19478294778529995,0.0676245648329726,0.09021277714866682,0.002587979680847347,0.002587908984305721,0.0025879021117029017,6.637135857208807,-2.7514181125285178,-2.7514181125285178,8.02268878397748,-0.8589771880285039,-1.4635085109608144,0.0,20.833333333333332,-184.0,-1.1910298826231878,20.90126603349027,-188.73570040785384,0.0,20.833333929958233,-184.00000241656872,-40.70380815716068,-49.164131543800885,-29.45894362131698,-0.8520297633706762,-0.9436033178122957,-0.5794008416760104
0.64,-0.017741113258576136,-0.03517386736908576,-0.024419790166850794,-0.18543516110150843,0.05902378594803203,0.08155043041649296,0.0025927818755842897,0.0025879115711588655,0.002587904760643466,7.104019095007103,-2.9065615839906056,-2.9065615839906056,8.13134772819883,-0.8946660442404655,-1.5121158177871958,0.0,22.22222222222222,-184.0,-1.2164982784232923,21.245176567081852,-188.72258852095482,0.0,22.222222857055737,-184.0000024086252,-30.10594760357567,-52.8909168836799,-32.85412476563506,-0.4922270990468616,-1.0716450086832108,-0.7022455656518217
0.65,-0.019686125924576164,-0.03458288539329209,-0.023606244963630535,-0.1989472570934116,0.058342885213514564,0.08040170384340437,0.002588866586294327,0.0025879117752380196,0.0025879051106806267,7.104019095007103,-2.9065615839906056,-2.9065615839906056,8.243389739715317,-0.9284378366484931,-1.5586144121786387,0.0,22.22222222222222,-184.0,-1.241632073627951,21.593058001530913,-188.71620261044288,0.0,22.222222857055737,-184.0000024086252,-33.71677472000351,-51.92405884003226,-31.47189388773013,-0.7384174895713027,-0.9972695789117414,-0.6189068549878881
0.66,-0.021701108201639036,-0.03401474216037239,-0.02281983277861207,-0.2024436704450279,0.05533005317675089,0.07697232183557122,0.0025879814680002475,0.002587912676977144,0.0025879061539333605,7.104019095007103,-2.9065615839906056,-2.9065615839906056,8.358996625276111,-0.9608085679876314,-1.6034673622134086,0.0,22.22222222222222,-184.0,-1.2663235871087941,21.946372847586154,-188.715518458662,0.0,22.222222857055737,-184.0000024086252,-37.15524092494376,-51.05297468315956,-30.189600932908018,-0.7989575576886941,-0.9856305280232952,-0.5995665114093531
0.67,-0.023710443942849546,-0.03348484167829807,-0.022075640537278594,-0.19865677013009994,0.05087821019418021,0.07213745840897968,0.0025879805866699935,0.0025879140056223504,0.0025879076203028186,7.104019095007103,-2.9065615839906056,-2.9065615839906056,8.473866567110012,-0.9909070986740954,-1.6458221219182014,0.0,22.22222222222222,-184.0,-1.2905997484491594,22.29316599336056,-188.71921487621245,0.0,22.222222857055737,-184.0000024086252,-40.38841941745551,-50.28098718687852,-29.01191900503957,-0.85396037099572,-0.9760755181258398,-0.5823785533185768
0.68,-0.01744978450379092,-0.035652924033232045,-0.024033147954971024,-0.1883296321447008,0.04524532695161117,0.06613772632782702,0.002593805024150935,0.002587915680238257,0.0025879094326949226,7.573585229126211,-3.0582088904082383,-3.0582088904082383,8.584384203177885,-1.0180916497528192,-1.6850466819273564,0.0,23.61111111111111,-184.0,-1.314470204404264,22.62355541405107,-188.7260535105148,0.0,23.61111178389777,-184.0000024002087,-29.72353205470329,-54.071179782147354,-32.50893112453325,-0.4915860463761625,-1.1029741633625165,-0.7049220574419276
0.69,-0.01941947041349834,-0.03518357908839141,-0.023359204378834666,-0.20104766942730157,0.047540079863632616,0.06768436170360297,0.0025891946590623914,0.0025879149989048575,0.0025879089662622454,7.573585229126211,-3.0582088904082383,-3.0582088904082383,8.697793292320274,-1.0450665832076973,-1.7237037208242056,0.0,23.61111111111111,-184.0,-1.337659567211234,22.960132354437054,-188.7354519389069,0.0,23.61111178389777,-184.0000024002087,-33.35354356574032,-53.22359817323319,-31.276884846438442,-0.73897844353968,-1.031095434121656,-0.6244666959332025
0.7,-0.021450979147451532,-0.03470644896327376,-0.022684108663557922,-0.20373330829558253,0.04762718626946438,0.06715592756411175,0.00258798176719687,0.0025879149730182894,0.0025879091256873744,7.573585229126211,-3.0582088904082383,-3.0582088904082383,8.814300778831434,-1.0724004654961676,-1.7623455633956224,0.0,23.61111111111111,-184.0,-1.3601293597941004,23.304532985773154,-188.7462167075538,0.0,23.61111178389777,-184.0000024002087,-36.79830791601252,-52.42185941459867,-30.09796719287616,-0.7993582075485666,-1.0197283415007528,-0.6059745635620866
0.71,-0.023468969432850956,-0.03423657150966811,-0.022021815841963582,-0.19918607877221234,0.04625528265690979,0.06527725956875732,0.0025879807101046354,0.002587915380522411,0.002587909691960471,7.573585229126211,-3.0582088904082383,-3.0582088904082383,8.929623451357557,-1.099235908249648,-1.8001771392163697,0.0,23.61111111111111,-184.0,-1.3819902015334218,23.64487737591305,-188.75702632589116,0.0,23.61111178389777,-184.0000024002087,-40.02547752386614,-51.6720905742127,-28.978578155585872,-0.8540149583779264,-1.009658146623874,-0.5888604984599685
0.72,-0.017164040794319574,-0.036373503448291176,-0.023970892344582176,-0.1881864363737163,0.043568232253028645,0.06217055093909011,0.0025949658849849684,0.002587916177415715,0.002587910626646676,8.04577434244763,-3.206359771659947,-3.206359771659947,9.040191761297201,-1.1248743220431479,-1.8365507045637524,0.0,25.0,-184.0,-1.4033316235565594,23.971280352121333,-188.76681504636764,0.0,25.0000007104751,-184.0000023913248,-29.262990247207274,-55.33986220839431,-32.403013922644234,-0.4886410738026814,-1.1322956048248387,-0.7081151163710091
0.73,-0.019130297641742317,-0.03590706767244309,-0.023323017783188696,-0.2005408081702246,0.04835923703439181,0.06618039743955742,0.0025896078560090794,0.002587914755396122,0.002587909419833434,8.04577434244763,-3.206359771659947,-3.206359771659947,9.153383086721337,-1.1518251182452637,-1.873855391829037,0.0,25.0,-184.0,-1.4239219921773778,24.306275432792507,-188.7753648108197,0.0,25.0000007104751,-184.0000023913248,-32.89052407115198,-54.440240123079,-31.15629310253034,-0.7370062362298802,-1.0601686886603925,-0.6278278498330503
0.74,-0.021155074672537688,-0.03540922921995232,-0.022650274967730227,-0.20293817069734776,0.050674831002416494,0.06792143763532774,0.002587981582781214,0.002587914066212272,0.0025879088947175872,8.04577434244763,-3.206359771659947,-3.206359771659947,9.26948891588617,-1.1804713619179936,-1.9124910154373491,0.0,25.0,-184.0,-1.4437893476676527,24.651338851053648,-188.78191988461654,0.0,25.0000007104751,-184.0000023913248,-36.32922692519542,-53.55637868095362,-29.931508410973123,-0.7971734757183669,-1.0467798177561896,-0.6078598336134684
0.75,-0.02316400861846954,-0.034898190526437264,-0.021969117936991807,-0.1982065155094539,0.05119125011444555,0.06803530227244241,0.0025879804816073704,0.002587913912344225,0.0025879088603510837,8.04577434244763,-3.206359771659947,-3.206359771659947,9.384282759702515,-1.2097712775914933,-1.951515845941078,0.0,25.0,-184.0,-1.4631205075026796,24.994363060767757,-188.78566160680293,0.0,25.0000007104751,-184.0000023913248,-39.545468462121065,-52.70101647245897,-28.740773002647952,-0.8515729242290206,-1.0343924247758003,-0.5889223078080748
0.76,-0.016804051340301246,-0.03691610740741987,-0.02382012496746319,-0.18712999514720494,0.05001490616605683,0.06659846066493814,0.0025966907840223007,0.0025879142627491854,0.0025879092938034254,8.52052595098531,-3.351014210467858,-3.351014210467858,9.49425902472602,-1.238814449304795,-1.9901029594235342,0.0,26.38888888888889,-184.0,-1.4820720652147343,25.325200486701604,-188.78609220215242,0.0,26.388889636778583,-184.00000238197964,-28.684596353916305,-56.14421173032765,-31.985669163414315,-0.4833116948813116,-1.151463225382732,-0.7034530442963086
0.77,-0.018761022979913583,-0.03638003054111283,-0.0231219966922612,-0.1997106228838421,0.055703705720460614,0.07166292160987886,0.0025902394633363565,0.0025879125652553646,0.0025879077639442217,8.52052595098531,-3.351014210467858,-3.351014210467858,9.606930604033082,-1.2698056427118423,-2.0303467559834147,0.0,26.38888888888889,-184.0,-1.5004365978777392,25.66611938225246,-188.78364049290047,0.0,26.388889636778583,-184.00000238197964,-32.323642744785325,-55.11803935953704,-30.64053752505269,-0.7331165910861066,-1.0783080224148653,-0.6223328837169861
0.78,-0.02077887356110958,-0.03580546547151105,-0.022390028457141067,-0.20236400523505985,0.05856101105749256,0.07415571305621942,0.002587981449502161,0.0025879117098729356,0.002587907008818722,8.52052595098531,-3.351014210467858,-3.351014210467858,9.722654449802894,-1.3028769416989934,-2.072416979118573,0.0,26.38888888888889,-184.0,-1.5182872246271792,26.0182649364275,-188.778152277767,0.0,26.388889636778583,-184.00000238197964,-35.77568069897021,-54.10509459561036,-29.310552639404982,-0.7935724403237824,-1.062600299240872,-0.6003350962090299
0.79,-0.022783637366742826,-0.035214261336246666,-0.021643879055849045,-0.1979236488938073,0.059262711688208146,0.0747047829396855,0.0025879804155733623,0.0025879114995232422,0.0025879068423060206,8.52052595098531,-3.351014210467858,-3.351014210467858,9.837226264692692,-1.3367786472190075,-2.1151887616939313,0.0,26.38888888888889,-184.0,-1.5358629937874722,26.369179495639926,-188.76936917538063,0.0,26.388889636778583,-184.00000238197964,-39.00234106040599,-53.12385440509303,-28.01314246484193,-0.8482007256531212,-1.0480530127969097,-0.5794365620299518
0.8,-0.016378924697051794,-0.03709097520497426,-0.023366185311982292,-0.1871644995774503,0.057942923164956084,0.07340411180708291,0.002599180298378554,0.0025879118950653075,0.0025879072366426837,8.997779051935222,-3.4921724281528865,-3.4921724281528865,9.947160333417353,-1.3704037952394452,-2.157657122420349,0.0,27.77777777777778,-184.0,-1.553360379923262,26.70838503297914,-188.7573230808081,0.0,27.777778562799575,-184.00000237217915,-28.062403956510554,-56.34613428229977,-31.065903327922555,-0.4774252481382092,-1.1600913906650783,-0.6894829479490362
0.81,-0.01833932571247171,-0.036479049724136736,-0.022602114434026058,-0.20028214981309314,0.06298438307325584,0.07806851245299591,0.002591133927487193,0.0025879103820073673,0.002587905820744944,8.997779051935222,-3.4921724281528865,-3.4921724281528865,10.06005776233139,-1.4057032753861558,-2.2016562135225,0.0,27.77777777777778,-184.0,-1.5705640827411638,27.057872176175657,-188.74296262476167,0.0,27.777778562799575,-184.00000237217915,-31.74423679364823,-55.21997057365629,-29.629869048768676,-0.7293636816154369,-1.0868178680738199,-0.6080790428183888
0.82,-0.020365464295582836,-0.03583619589641916,-0.021809113162329523,-0.20339400465372542,0.06499119324305902,0.07998536075164381,0.0025882242909107964,0.0025879097781176,0.00258790523747554,8.997779051935222,-3.4921724281528865,-3.4921724281528865,10.176282372099376,-1.4426374093368461,-2.2471893811485444,0.0,27.77777777777778,-184.0,-1.587560944972609,27.41847343209628,-188.72653377329306,0.0,27.777778562799575,-184.00000237217915,-35.23582825398371,-54.123715056940554,-28.22033300369232,-0.7906050297074567,-1.069969014254377,-0.5848713978975371
0.83,-0.022382715326897173,-0.035186167992316955,-0.02100856914254256,-0.1993413857595483,0.06467587838169932,0.07980517924085004,0.002587980746306908,0.0025879098730623956,0.002587905292336883,8.997779051935222,-3.4921724281528865,-3.4921724281528865,10.291591463619502,-1.4798504124190626,-2.2930352204940787,0.0,27.77777777777778,-184.0,-1.6046108916134731,27.777439662449233,-188.70808336373864,0.0,27.777778562799575,-184.00000237217915,-38.50168679500366,-53.077798047271564,-26.85664768147112,-0.8459777291134059,-1.054643415530863,-0.5630316111852951
0.84,-0.01595139799195136,-0.03695388174852326,-0.02262340905535254,-0.18889878741290375,0.06222597365824154,0.07766249482376167,0.0026022839397094244,0.0025879106099912655,0.0025879059441856105,9.477472172178379,-3.6298348801693767,-3.6298348801693767,10.402461351300406,-1.5161577001316964,-2.338113764434852,0.0,29.166666666666664,-184.0,-1.621917267784013,28.124057406048326,-188.68787841011272,0.0,29.166667488529466,-184.0000023619296,-27.502094466448927,-56.15132545915222,-29.769821687897043,-0.47296813386324865,-1.163138414491009,-0.6698095131118552
0.85,-0.017931846312304073,-0.03630688541438051,-0.021823274160827952,-0.20246977146703227,0.06586824248416147,0.08115700404264975,0.0025922138318978643,0.0025879095139105072,0.0025879048805602742,9.477472172178379,-3.6298348801693767,-3.6298348801693767,10.516531394997662,-1.553387327591934,-2.384113305092236,0.0,29.166666666666664,-184.0,-1.639222089984653,28.480170728737864,-188.66706344278032,0.0,29.166667488529466,-184.0000023619296,-31.249902212549664,-55.00609071215671,-28.303441528818475,-0.7274571304292958,-1.091342253561555,-0.5893187559071478
0.86,-0.01998157291104033,-0.03564274335339504,-0.02100565540340281,-0.20587253939404326,0.06650857914974428,0.08193985059284764,0.0025885589472615387,0.0025879093209025704,0.002587904641914036,9.477472172178379,-3.6298348801693767,-3.6298348801693767,10.634123393218244,-1.5914631489921587,-2.430992199432761,0.0,29.166666666666664,-184.0,-1.6565962999667128,28.846443426005166,-188.64595102928115,0.0,29.166667488529466,-184.0000023619296,-34.79682463577774,-53.911663471144216,-26.88020277804624,-0.7896902051836007,-1.0749363569619743,-0.5661719468964539
0.87,-0.022024578770224124,-0.034984770010659264,-0.020191563807058402,-0.20197705109498998,0.06489201938565425,0.08067871842597349,0.002587981359626258,0.0025879098079823635,0.0025882625622662657,9.477472172178379,-3.6298348801693767,-3.6298348801693767,10.750916403325832,-1.629057344810967,-2.477552695538276,0.0,29.166666666666664,-184.0,-1.6742910497372843,29.20999486333393,-188.62456934564895,0.0,29.166667488529466,-184.0000023619296,-38.11340483945017,-52.88701613487056,-25.514053444503475,-0.8459418960996228,-1.0603624259243742,-0.5445566850373915
0.88,-0.015578421485275135,-0.03669599847492742,-0.02174227150943247,-0.19157357066453895,0.06124696101237801,0.07753157540600046,0.0026055855455027616,0.0025879109040978865,0.002587905983980951,9.959543417142768,-3.7640022514240288,-3.7640022514240288,10.863318161037189,-1.6650360995547666,-2.5227511534917277,0.0,30.555555555555554,-184.0,-1.6924806556146719,29.560039212166004,-188.60311766435,0.0,30.55555641396026,-184.00000235123719,-27.059603312796845,-55.89400920319352,-28.35984534519143,-0.4707128238818934,-1.166703120213008,-0.6494136347508229
0.89,-0.01758663506670924,-0.0360659368750551,-0.020949908610362562,-0.20528777621594194,0.06362991687509909,0.07989177854228423,0.002593330473365233,0.0025879101878523757,0.002587905265970181,9.959543417142768,-3.7640022514240288,-3.7640022514240288,10.97898513677896,-1.7012252436878843,-2.5682424954542933,0.0,30.555555555555554,-184.0,-1.7108463347431697,29.91845127456728,-188.58264250542302,0.0,30.55555641396026,-184.00000235123719,-30.874220863284588,-54.807466902586576,-26.92730559957961,-0.7276710821715127,-1.0976656378057936,-0.5708280877019943
0.9,-0.019664479136371316,-0.03543013018077464,-0.02015026532979871,-0.20865840209295008,0.06321845485653901,0.07973277194066083,0.002588895527442114,0.0025879103116172764,0.0025882963043805376,9.959543417142768,-3.7640022514240288,-3.7640022514240288,11.098185520013084,-1.7376184709387539,-2.614038506063626,0.0,30.555555555555554,-184.0,-1.7294256196869051,30.285895820033502,-188.56327202281656,0.0,30.55555641396026,-184.00000235123719,-34.47175106750636,-53.78508520089336,-25.5448708107772,-0.7907210392341062,-1.0827931522061953,-0.548592707520122
0.91,-0.021734563188170547,-0.03480986253357424,-0.019362599331848286,-0.2046032819258066,0.06076120159327629,0.07770812745590108,0.0025879819687603285,0.00258791104994505,0.0025891056538127864,9.959543417142768,-3.7640022514240288,-3.7640022514240288,11.216520195545538,-1.7730053768921037,-2.6590422577613357,0.0,30.555555555555554,-184.0,-1.7484350340465162,30.649516976384838,-188.54481749275257,0.0,30.55555641396026,-184.00000235123719,-37.82943253606596,-52.84212826059178,-24.22831188879371,-0.8475955687952738,-1.069852618138846,-0.5279988503832679
0.92,-0.01527289102437901,-0.03650499945489785,-0.020885331148673233,-0.19393963195272615,0.05649810446011831,0.07398932622295823,0.0026087751766185018,0.00258791232762516,0.002587907059264453,10.443930519929495,-3.894675451382898,-3.894675451382898,11.33033578981664,-1.8063757728437229,-2.702315354844432,0.0,31.944444444444443,-184.0,-1.7680106779932123,30.99860334804162,-188.52724404527132,0.0,31.94444533908398,-184.00000234010827,-26.71110654759893,-55.83131475948708,-27.056740923552795,-0.46992702709239936,-1.1746819823372785,-0.631700262699575
0.93,-0.017304228599915678,-0.03592598091771037,-0.02013205603324915,-0.20752136384948566,0.05828404025123198,0.07573110688750659,0.0025944061954353316,0.0025879117928700535,0.002588312966851556,10.443930519929495,-3.894675451382898,-3.894675451382898,11.447318261778772,-1.8396084671435158,-2.7455340498301957,0.0,31.944444444444443,-184.0,-1.7877708756189263,31.355191950283295,-188.51137354191772,0.0,31.94444533908398,-184.00000234010827,-30.574869197486034,-54.84159062311665,-25.688929314873256,-0.7289331747415713,-1.1088609232829936,-0.5553234167153382
0.94,-0.01940304235833193,-0.0353457011118506,-0.019376314527354742,-0.21062992178316492,0.05753223056181867,0.07518721091639174,0.002589221188303197,0.0025879120180696017,0.002589090019015844,10.443930519929495,-3.894675451382898,-3.894675451382898,11.567704591845157,-1.8728020958576166,-2.7887938500965004,0.0,31.944444444444443,-184.0,-1.8077095154030836,31.72005736303358,-188.4970842166279,0.0,31.94444533908398,-184.00000234010827,-34.20358415467151,-53.917127412892526,-24.374698376805664,-0.7924048099382662,-1.0957488112407314,-0.5343123130259649
0.95,-0.02149103307549427,-0.03478308023282602,-0.018635232679995457,-0.20623617310678688,0.0549659089896958,0.07298766647878245,0.002587982346493792,0.0025879127858253158,0.0025902410963626974,10.443930519929495,-3.894675451382898,-3.894675451382898,11.687045492448744,-1.9048811117790503,-2.8311196545140542,0.0,31.944444444444443,-184.0,-1.8280149926623777,32.08046137803765,-188.48393907744537,0.0,31.94444533908398,-184.00000234010827,-37.58188254593358,-53.06988834662522,-23.127024027625655,-0.8495047614779501,-1.0844644619704753,-0.5148862026522368
0.96,-0.015004271477044279,-0.03647479787322361,-0.020144265761771196,-0.19518741459423955,0.050807224126195434,0.06928446892581035,0.0026119893720591824,0.0025879140267713145,0.0025883056356243253,10.930570890608767,-4.021855608971154,-4.021855608971154,11.8016568530615,-1.9349594700629569,-2.87168398778075,0.0,33.33333333333333,-184.0,-1.8487951369944784,32.42583467184365,-188.47167651113708,0.0,33.33333426389309,-184.00000232854944,-26.3803555476635,-56.044076183625876,-25.94555409534334,-0.4690703589348174,-1.1876170497138019,-0.6173683693149619
0.97,-0.017047096774106152,-0.03595242201107144,-0.019438630989248078,-0.2085633834439756,0.052683879975236936,0.07096318575839268,0.0025955304510445728,0.0025879134672691442,0.0025890156537038784,10.930570890608767,-4.021855608971154,-4.021855608971154,11.919284276810224,-1.9649540130990748,-2.9121716969292373,0.0,33.33333333333333,-184.0,-1.8696098339569611,32.77841902298787,-188.46094362466246,0.0,33.33333426389309,-184.00000232854944,-30.27209193293991,-55.14389940499649,-24.64536607764542,-0.729719838621333,-1.124690850968181,-0.5431113798121968
0.98,-0.019154829295835812,-0.03542668295916885,-0.018729953914519613,-0.21139356677851176,0.0522234293904459,0.0705561778509522,0.0025895763940329847,0.0025879136046214977,0.0025900694829733674,10.930570890608767,-4.021855608971154,-4.021855608971154,12.040165467033173,-1.9950403555293863,-2.95274369764278,0.0,33.33333333333333,-184.0,-1.8904286187565853,33.139123984741005,-188.45144141962024,0.0,33.33333426389309,-184.00000232854944,-33.912934134438174,-54.30105962513502,-23.394840757131036,-0.7932877629173024,-1.112880769560396,-0.5230906084878771
0.99,-0.0212488110995184,-0.034914801598645406,-0.018033703477682045,-0.20669849277984623,0.05010542042287426,0.06864623597221987,0.0025879824533014085,0.0025879142357983975,0.0025915835669898697,10.930570890608767,-4.021855608971154,-4.021855608971154,12.159832305057103,-2.0242387018885313,-2.99251822491242,0.0,33.33333333333333,-184.0,-1.911433169401392,33.49533056383904,-188.44258105270956,0.0,33.33333426389309,-184.00000232854944,-37.2951524002316,-53.52577278075975,-22.2039622271263,-0.8503424998211216,-1.1026899532924865,-0.5044938650329103
1.0,-0.014726779350174551,-0.03659111413794256,-0.0195230333276274,-0.19534915893781324,0.04652111555570193,0.06535453958656345,0.0026157621543914816,0.002587915301594422,0.0025889186798440664,11.419401665591604,-4.145544067270049,-4.145544067270049,12.2745984040043,-2.0517394961960433,-3.0307413808054906,0.0,34.72222222222222,-184.0,-1.9327240536923238,33.836591773639846,-188.43398978060742,0.0,34.72222318838043,-184.0000023165671,-25.99285630136225,-56.45516806331335,-24.99588725748829,-0.46682974748682543,-1.2035263135571914,-0.6053625579181893
1.01,-0.016770913909491314,-0.036109194356075354,-0.018855481889722164,-0.2086480205972543,0.04886256977526904,0.06728783656425584,0.002596912680816698,0.00258791460569524,0.0025898550008213624,11.419401665591604,-4.145544067270049,-4.145544067270049,12.392295133225293,-2.0794441791103413,-3.0690634761051023,0.0,34.72222222222222,-184.0,-1.9538238820548994,34.18532631244707,-188.42627151439947,0.0,34.72222318838043,-184.0000023165671,-29.90302524029447,-55.61042792508402,-23.74378726784993,-0.7290426585283794,-1.1428126097344005,-0.5328028564388584
1.02,-0.018878838452937585,-0.03561861824578829,-0.018181559741480065,-0.21135775618416316,0.04896726436937628,0.06725740854793635,0.0025900316876914585,0.002587914574549736,0.002591215736957176,11.419401665591604,-4.145544067270049,-4.145544067270049,12.513180373989812,-2.107548609407335,-3.107666238770868,0.0,34.72222222222222,-184.0,-1.974702672071729,34.542526603382306,-188.41908192935895,0.0,34.72222318838043,-184.0000023165671,-33.549269133227455,-54.812479451301265,-22.53377718715297,-0.7926389243496117,-1.1316065064057128,-0.5133131522434758
1.03,-0.02097179457757206,-0.03513591572521766,-0.0175158695893518,-0.2065419264675279,0.047470679061458916,0.06579781223476086,0.0025879824171375194,0.002587915019528368,0.002593135548622883,11.419401665591604,-4.145544067270049,-4.145544067270049,12.63278156265582,-2.135110971359032,-3.14571592840477,0.0,34.72222222222222,-184.0,-1.9955609215954768,34.89562605047924,-188.41181032128367,0.0,34.72222318838043,-184.0000023165671,-36.93184235537425,-54.071324959466615,-21.375199573925194,-0.849639211306455,-1.1218222909108102,-0.49508767245960383
1.04,-0.01441046279033989,-0.03677409761093416,-0.018970066546409606,-0.19508596789653418,0.04453659253901156,0.06300227384230793,0.002620701023915979,0.0025879158904228926,0.002589672432869744,11.91035975698433,-4.265742378015444,-4.265742378015444,12.747419758901957,-2.1613416382600246,-3.1824879143974405,0.0,36.11111111111111,-184.0,-2.016517093846493,35.23422653158948,-188.40409821438368,0.0,36.11111211253885,-184.00000230416813,-25.519060780952838,-56.9183643676107,-24.11736618803237,-0.462831804797314,-1.2196861968297201,-0.593950458070953
1.05,-0.01645283586931548,-0.03630962684738,-0.01832470195351376,-0.20851938359239833,0.047328338022084394,0.06520234705073598,0.0025987630147551724,0.002587915061823721,0.002590886799889487,11.91035975698433,-4.265742378015444,-4.265742378015444,12.865021840796816,-2.1880733469974083,-3.2195555381523087,0.0,36.11111111111111,-184.0,-2.0370789825624325,35.58086170647643,-188.39662851704665,0.0,36.11111211253885,-184.00000230416813,-29.45495856058881,-56.093252434126036,-22.889072661915154,-0.7269088353359063,-1.1605884799059105,-0.5226557643508979
1.06,-0.01855992344368454,-0.03583180630517029,-0.017669858430436336,-0.2113073981412777,0.04790252374683789,0.06549944659730651,0.002590649912011505,0.0025879148911811213,0.00259263116403874,11.91035975698433,-4.265742378015444,-4.265742378015444,12.985863485774663,-2.2154738005240286,-3.257084110892183,0.0,36.11111111111111,-184.0,-2.0572400310986354,35.93652173663466,-188.38911316971064,0.0,36.11111211253885,-184.00000230416813,-33.11454942170354,-55.30724558863569,-21.696807049570804,-0.7907231984172592,-1.1494598451020648,-0.503329215452935
1.07,-0.02065273517304919,-0.035357227499214425,-0.017019842679618598,-0.2065556836357028,0.046861504833582694,0.0643878971848188,0.0025880185646628873,0.002587915200506279,0.002595068120180526,11.91035975698433,-4.265742378015444,-4.265742378015444,13.105459991058058,-2.242596682408263,-3.2942557267638697,0.0,36.11111111111111,-184.0,-2.0772406917094943,36.288604078883424,-188.3810045284267,0.0,36.11111211253885,-184.00000230416813,-36.50652844412626,-54.57106161288608,-20.549846322969778,-0.8479015746779223,-1.1396394529415876,-0.48515634516796485
1.08,-0.01405582605012523,-0.03693824007075965,-0.01842532174203234,-0.19515673433857275,0.04435426021100394,0.06194276959988357,0.0026271677113062497,0.0025879159444772396,0.0025906720593442015,12.403381901833914,-4.3824522959027945,-4.3824522959027945,13.220129822509854,-2.268636731969647,-3.3303480884304597,0.0,37.5,-184.0,-2.097235096254545,36.62667847114686,-188.37202820224257,0.0,37.500001036361795,-184.00000229135898,-24.982636543491804,-57.31072129393297,-23.22680531368308,-0.4576649815052599,-1.2341710706778053,-0.581833867144073
1.09,-0.016100680954565016,-0.03647463100587172,-0.01779017309861631,-0.20888127338235604,0.04732990787273327,0.06423191816025169,0.0026011879171765587,0.0025879150613572796,0.0025922659721732463,12.403381901833914,-4.3824522959027945,-4.3824522959027945,13.337889004641806,-2.295330376989027,-3.3668368011840317,0.0,37.5,-184.0,-2.1167303526088888,36.973338932631904,-188.36300204845466,0.0,37.500001036361795,-184.00000229135898,-28.962912801842034,-56.48536214977664,-22.007032153876796,-0.7241175615951512,-1.1764369768777676,-0.5115636628523812
1.1,-0.01821250295530652,-0.03599581948837057,-0.017144335166013325,-0.21186314342958978,0.04807707678877985,0.06465819384220947,0.0025914559423692377,0.0025879148392905786,0.0025945358784106275,12.403381901833914,-4.3824522959027945,-4.3824522959027945,13.459012682707504,-2.3227973535787396,-3.4038568714147264,0.0,37.5,-184.0,-2.1357554525932385,37.329500363767025,-188.353725250533,0.0,37.500001036361795,-184.00000229135898,-32.652155141269326,-55.696655034589924,-20.820320964255398,-0.788455446929963,-1.1652260697646966,-0.4922536152738452
1.11,-0.0203117009286459,-0.03551868655017915,-0.0165019763674183,-0.20725599444040937,0.047178217250961656,0.06368453691532056,0.002588267937093964,0.0025879151064257025,0.0025976816518888317,12.403381901833914,-4.3824522959027945,-4.3824522959027945,13.578983144142947,-2.3500745355634325,-3.440597693942158,0.0,37.5,-184.0,-2.1545985602061433,37.682456117648826,-188.34372742474704,0.0,37.500001036361795,-184.00000229135898,-36.06584392019777,-54.95612142116078,-19.67596044791039,-0.8460179359064316,-1.1553047312669111,-0.4740444117027928
1.12,-0.013687474707495706,-0.03703505369880753,-0.01785288042735677,-0.19596101244117614,0.04478017353423866,0.06137648680545186,0.002635087371165785,0.0025879158181987653,0.002592087903925197,12.898404711173644,-4.495675772702802,-4.495675772702802,13.694097153493939,-2.3763361050080287,-3.47633579834164,0.0,38.888888888888886,-184.0,-2.1734524570781506,38.02169198741904,-188.33281898015707,0.0,38.88888995984296,-184.0000022781467,-24.43763553259724,-57.58350977641898,-22.28541592899493,-0.4523784339632394,-1.2465061493773186,-0.5686127526669442
1.13,-0.015742343656216656,-0.036567928193340773,-0.017224139892228853,-0.21000441120914168,0.047631684743161935,0.06355172765152715,0.0026041324016631996,0.002587914971681371,0.002594214960266716,12.898404711173644,-4.495675772702802,-4.495675772702802,13.812446238135143,-2.4032249547406637,-3.512452192706223,0.0,38.888888888888886,-184.0,-2.1918242928112743,38.36984000608557,-188.32193812261892,0.0,38.88888995984296,-184.0000022781467,-28.481442232774796,-56.75833879073387,-21.070874009451394,-0.7216686435653116,-1.1902407899285938,-0.4993185150148532
1.14,-0.0178664635348878,-0.03608673948067236,-0.01658546138055756,-0.21316587121491096,0.048261378414542366,0.06391753778290704,0.0025924220146997584,0.002587914784494411,0.002597212308713594,12.898404711173644,-4.495675772702802,-4.495675772702802,13.93428428364593,-2.430821366447471,-3.5490587652308383,0.0,38.888888888888886,-184.0,-2.2097758461196992,38.72770635105117,-188.3109418152371,0.0,38.88888995984296,-184.0000022781467,-32.215293566955324,-55.97173281108029,-19.8889375090071,-0.7867750623931231,-1.1791133623001828,-0.4800673247251567
1.15,-0.019979287838499088,-0.03560843327010526,-0.015950713862143473,-0.20865730514190328,0.0472403682818743,0.06291017274507227,0.002588562145962101,0.002587915087960804,0.0026013220351300626,12.898404711173644,-4.495675772702802,-4.495675772702802,14.055040733799746,-2.4581587601557775,-3.585361694707523,0.0,38.888888888888886,-184.0,-2.2276351257126223,39.08245413726527,-188.2993998708233,0.0,38.88888995984296,-184.0000022781467,-35.66225393665092,-55.235451631260375,-18.748555332148236,-0.8449018900617749,-1.169313176915973,-0.4618950526648581
1.16,-0.022009085584345667,-0.035148730339090134,-0.015333325031290646,-0.19739584609278363,0.044720153645003695,0.06058917071479019,0.0025879802922986143,0.0025879158359965156,0.00260677007452187,12.898404711173644,-4.495675772702802,-4.495675772702802,14.17065876190264,-2.4843454052695875,-3.6205952051219525,0.0,38.888888888888886,-184.0,-2.245640654375343,39.42259154036631,-188.28713259074863,0.0,38.88888995984296,-184.0000022781467,-38.7647312425928,-54.57038747233428,-17.670508183830822,-0.8952913355486678,-1.1611485843157405,-0.4451392021678129
1.17,-0.015374553200384444,-0.03660566444933264,-0.01663459844843855,-0.20889119800164369,0.04669896095086314,0.06204355092454029,0.002607731292361146,0.0025879152487815705,0.002596951181683877,13.395364718780574,-4.605414951192703,-4.605414951192703,14.288272412305114,-2.510747334059466,-3.655882358964727,0.0,40.27777777777778,-184.0,-2.2633357008406727,39.767934362383215,-188.2750642062459,0.0,40.27777888297614,-184.00000226453784,-27.927946630994235,-56.97532251745647,-20.118801886172935,-0.7172989566602881,-1.203509486011023,-0.48688887284368054
1.18,-0.017490116487899332,-0.036134900061279854,-0.01601169624874639,-0.21251232436019202,0.04713681473771318,0.06229272955063867,0.00259368982196844,0.0025879151187257806,0.002600871528766392,13.395364718780574,-4.605414951192703,-4.605414951192703,14.409646214116522,-2.5377357760448516,-3.6915786993220023,0.0,40.27777777777778,-184.0,-2.2806934747467427,40.123493738053625,-188.2632283512567,0.0,40.27777888297614,-184.00000226453784,-31.680451216209324,-56.213146594429425,-18.955506529255313,-0.7828191790554913,-1.1928631267736023,-0.4679471502767327
1.19,-0.019598699513511342,-0.03566865500170744,-0.015393551918621518,-0.208414527027804,0.04597526455386987,0.06122932900054773,0.002588972752454512,0.0025879154636445096,0.0026061614436848823,13.395364718780574,-4.605414951192703,-4.605414951192703,14.530182950317842,-2.5643743597181086,-3.7269274492500895,0.0,40.27777777777778,-184.0,-2.2980549749854657,40.47641627423261,-188.25118188652084,0.0,40.27777888297614,-184.00000226453784,-35.13985183674119,-55.50267605475623,-17.83261099809871,-0.8412492309069719,-1.1835523805960095,-0.450046749579689
1.2,-0.012921835819872024,-0.03707667312624248,-0.016647565132283368,-0.19751993697453188,0.04336605136721774,0.05890576105483771,0.0026563035543507004,0.002587916237308723,0.002596891155117011,13.894198429557996,-4.711672158907749,-4.711672158907749,14.646120812607263,-2.58986184741892,-3.76124526331755,0.0,41.666666666666664,-184.0,-2.315643375255753,40.816084398034356,-188.23876426113677,0.0,41.66666780575572,-184.0000022505394,-23.27410597072769,-57.94711229561638,-20.340613996180878,-0.43994312991342527,-1.2688929066914976,-0.5412388660217512
1.21,-0.014997463678200956,-0.03662692893393554,-0.01604613668732155,-0.2124089385401067,0.04566813174191378,0.06066238922126066,0.0026121686490901495,0.0025879155547947202,0.0026006282073784905,13.894198429557996,-4.711672158907749,-4.711672158907749,14.76570276218648,-2.6157256897863523,-3.7957759547084797,0.0,41.666666666666664,-184.0,-2.3329258110273035,41.165331549020294,-188.2269985405806,0.0,41.66666780575572,-184.0000022505394,-27.466858269312624,-57.16856313779498,-19.156669553055963,-0.7157851202771013,-1.2164574921538192,-0.47410092546277627
1.22,-0.017148564300257713,-0.03616775130666854,-0.015437735270110262,-0.21606700970495574,0.04588165034784833,0.06079758289744976,0.0025950826733943037,0.0025879154914294333,0.0026057311388437707,13.894198429557996,-4.711672158907749,-4.711672158907749,14.889113747801732,-2.6420377158638537,-3.8306353589720805,0.0,41.666666666666664,-184.0,-2.3499881220726304,41.52479376322462,-188.2156954730064,0.0,41.66666780575572,-184.0000022505394,-31.30650197244782,-56.43326888859734,-18.0048067508778,-0.7827388013645319,-1.2063431959078457,-0.4553457598642241
1.23,-0.019292122382912252,-0.035715038007680944,-0.014834843024158467,-0.2118448017590816,0.04455006300457448,0.05968882628107894,0.002589374415406638,0.002587915886429126,0.0026125123880910957,13.894198429557996,-4.711672158907749,-4.711672158907749,15.011646507606148,-2.66789155620911,-3.8651079819252763,0.0,41.666666666666664,-184.0,-2.3671924130250095,41.88139603530394,-188.2043517917277,0.0,41.66666780575572,-184.0000022505394,-34.830976861141686,-55.75176013854037,-16.892553164601804,-0.8421993660364574,-1.1975838134305503,-0.4375976958208717
1.24,-0.012616709263943315,-0.037077260866875184,-0.016043515985778495,-0.200705040930361,0.04182521742584394,0.05737595274366561,0.002666943985780606,0.0025879166934470034,0.0026006604693862728,14.394842367458807,-4.814449901717382,-4.814449901717382,15.129466165432754,-2.6925152128328373,-3.898542667603879,0.0,43.05555555555556,-184.0,-2.3847668720599473,42.224383894861695,-188.1927656930116,0.0,43.05555672817623,-184.00000223615822,-22.883276124836456,-58.11708248130967,-19.355656884880034,-0.437613770351961,-1.2801864775842982,-0.527272401644021
1.25,-0.014724009941706195,-0.03664444672988309,-0.015458452899931474,-0.2155104326744819,0.04387355859357661,0.058966849958518135,0.0026159262379365387,0.0025879160869495465,0.002605541460120932,14.394842367458807,-4.814449901717382,-4.814449901717382,15.250855434317215,-2.717395776193849,-3.9321277785496793,0.0,43.05555555555556,-184.0,-2.4021495769152095,42.57663311050164,-188.1819460443399,0.0,43.05555672817623,-184.00000223615822,-27.173438179904238,-57.37510413286312,-18.186279061019864,-0.7169057149042427,-1.2299022385509866,-0.4611080163044419
1.26,-0.016904711589225907,-0.03620418852294951,-0.014867429437835006,-0.2188916935039843,0.043920868043802,0.059036258074743234,0.0025962390423953704,0.0025879160729301446,0.002612099359098848,14.394842367458807,-4.814449901717382,-4.814449901717382,15.375945835896836,-2.742614688972174,-3.9659881474606005,0.0,43.05555555555556,-184.0,-2.419424495226518,42.93866416457408,-188.17164908656744,0.0,43.05555672817623,-184.00000223615822,-31.078184544836052,-56.67779499472267,-17.048406544760326,-0.7848350589099833,-1.2204902797967143,-0.4425678483302155
1.27,-0.01907449038703557,-0.03577166488537824,-0.014282198366913593,-0.21428932244238952,0.04249389407592918,0.0579275273655167,0.0025897036727134232,0.002587916495563803,0.0026206771777988616,14.394842367458807,-4.814449901717382,-4.814449901717382,15.499958710236768,-2.76730667794626,-3.999449191019144,0.0,43.05555555555556,-184.0,-2.436952327024476,43.297281354274524,-188.16132391673975,0.0,43.05555672817623,-184.00000223615822,-34.645178017758845,-56.03478616333269,-15.948940934925448,-0.8448744931409607,-1.2124214409347636,-0.42499479233383725
1.28,-0.012390644353436342,-0.03709397544226064,-0.015447556846149152,-0.20270750142475993,0.039741189918557775,0.0556661753219481,0.002675745833166813,0.002587917309514662,0.0026056645901618974,14.89723312286779,-4.9137508572308715,-4.9137508572308715,15.619019100554556,-2.790737253558073,-4.031889760055608,0.0,44.44444444444444,-184.0,-2.4549457586577974,43.64167696419808,-188.15074063735509,0.0,44.444445650232446,-184.00000222140136,-22.60970434228046,-58.3277028012559,-18.37185660530517,-0.4370963945012296,-1.2923589498098054,-0.5132559670970216
1.29,-0.014516777363852762,-0.03668296976987789,-0.014880412288882025,-0.2172602317660183,0.041636946652511546,0.057134033711663534,0.0026191098227291145,0.0025879167491437973,0.0026119486450495557,14.89723312286779,-4.9137508572308715,-4.9137508572308715,15.74147097324871,-2.8143608295810076,-4.064442645153751,0.0,44.44444444444444,-184.0,-2.4727983550340733,43.99483102083101,-188.14089550538776,0.0,44.444445650232446,-184.00000222140136,-26.9618367984095,-57.62855395076192,-17.21867114915647,-0.71894303164907,-1.2443173376750307,-0.4480437065973003
1.3,-0.016713010180807175,-0.036265476583175395,-0.014307954899523023,-0.220274341451289,0.04162296679659709,0.057169824869802405,0.0025972532116772594,0.0025879167532791795,0.0026202565471902823,14.89723312286779,-4.9137508572308715,-4.9137508572308715,15.867429857438244,-2.83827231880384,-4.097237694318966,0.0,44.44444444444444,-184.0,-2.4905769535523277,44.3572393255925,-188.13151228261867,0.0,44.444445650232446,-184.00000222140136,-30.902139650527392,-56.97352478237138,-16.096032290436263,-0.7873301815195901,-1.2356497207150998,-0.4297301407229887
1.31,-0.018894388985287114,-0.03585592952068667,-0.013741301183955265,-0.21526406142671844,0.04020680753177607,0.056084384930558735,0.0025900067463096683,0.002587917171958877,0.0026309530885390816,14.89723312286779,-4.9137508572308715,-4.9137508572308715,15.992083881272706,-2.8616488608848383,-4.129635950290369,0.0,44.44444444444444,-184.0,-2.508628097767252,44.71567338407267,-188.1220190117432,0.0,44.444445650232446,-184.00000222140136,-34.485764213516454,-56.3714105516305,-15.010528649648474,-0.8475070537543612,-1.2282811146084054,-0.41234554541367424
1.32,-0.012188621728370042,-0.03714010914236784,-0.01486412248619598,-0.2032670089454417,0.03753075333214055,0.05388996210091496,0.002684310246006998,0.0025879179618499555,0.002612179688984,15.40130739936408,-5.009577868037077,-5.009577868037077,16.111550567009196,-2.883793133158638,-4.161041595206324,0.0,45.83333333333333,-184.0,-2.527140656513702,45.059346388736444,-188.11218073420224,0.0,45.83333457191957,-184.00000220627564,-22.34471368747768,-58.59172610030486,-17.39709005044781,-0.436320273312621,-1.3055094037723647,-0.4992869313223736
1.33,-0.014319469106730931,-0.03675160545498935,-0.014315485960934321,-0.21763294494050586,0.039376387730203764,0.05524681670232814,0.0026224302694451427,0.002587917417251776,0.0026201510387373187,15.40130739936408,-5.009577868037077,-5.009577868037077,16.234260298428474,-2.906125800597969,-4.192529098666195,0.0,45.83333333333333,-184.0,-2.5454605181836003,45.41140450932493,-188.1029969345177,0.0,45.83333457191957,-184.00000220627564,-26.73280689081124,-57.93451811501049,-16.261038522739515,-0.7202255623693228,-1.2596766293006574,-0.43500629058014445
1.34,-0.01651805282376617,-0.03635659164260197,-0.013762109522468993,-0.22039306372367834,0.03939524558801495,0.055253370186378985,0.0025983877829064963,0.0025879174116832373,0.0026305210249799663,15.40130739936408,-5.009577868037077,-5.009577868037077,16.36033919299687,-2.928751573641223,-4.224229544240926,0.0,45.83333333333333,-184.0,-2.563637420210497,45.772377784454925,-188.09418128654931,0.0,45.83333457191957,-184.00000220627564,-30.689438917877514,-57.31929981786163,-15.154600212196453,-0.7887828191342623,-1.2516845441816185,-0.4169351035012239
1.35,-0.018699174618709236,-0.035968847020668146,-0.01321453367137379,-0.21512140624472986,0.03807417820344947,0.05419057746527027,0.0025903696438850238,0.0025879178015817397,0.0026436620122138473,15.40130739936408,-5.009577868037077,-5.009577868037077,16.484963567221175,-2.950884708918899,-4.255536276802459,0.0,45.83333333333333,-184.0,-2.5820078770741834,46.12904872773892,-188.08516110700344,0.0,45.83333457191957,-184.00000220627564,-34.274439681329405,-56.75426601792774,-14.08432370941279,-0.8488834115911351,-1.2449275913709008,-0.3997615737688664
1.36,-0.01196233943356606,-0.037212992688934375,-0.014295394465390354,-0.20288077679250802,0.03554765013448778,0.05205959738923825,0.002694746983952911,0.0025879185461290676,0.002620514879320999,15.907002059787752,-5.101933934782608,-5.101933934782608,16.60425948155054,-2.971858833346714,-4.285876733640476,0.0,47.22222222222222,-184.0,-2.6007453141342904,46.470683222246485,-188.07571237558693,0.0,47.22222349323305,-184.0000021907881,-22.006531476846174,-58.89656158187568,-16.438342354374893,-0.4338679840267848,-1.3193275510498745,-0.4854772666771742
1.37,-0.014089573250432863,-0.03684436790734676,-0.013765841723466982,-0.21726485041535953,0.037404643954063684,0.05329924532038539,0.002626691606409666,0.0025879179990326356,0.0026304668217657233,15.907002059787752,-5.101933934782608,-5.101933934782608,16.726761603031914,-2.9930543224701265,-4.316265516064213,0.0,47.22222222222222,-184.0,-2.6191579980695265,46.82063448251511,-188.06685404454012,0.0,47.22222349323305,-184.0000021907881,-26.425393275309784,-58.27561300469677,-15.320273915823451,-0.719920858068058,-1.2755970283964366,-0.42211648905281984
1.38,-0.016284220430389074,-0.03646867148835993,-0.01323218106986375,-0.2199741560516113,0.03750404804346725,0.05327110383668513,0.002599901984104186,0.0025879179697241767,0.0026432029201979967,15.907002059787752,-5.101933934782608,-5.101933934782608,16.852611882898614,-3.0145782015362057,-4.346834681331569,0.0,47.22222222222222,-184.0,-2.6372929561678156,47.17947347782066,-188.05830002141593,0.0,47.22222349323305,-184.0000021907881,-30.397091557286636,-57.69386784698347,-14.231129016405827,-0.7886849080025083,-1.2681599299000332,-0.40430897219520995
1.39,-0.018460802301322243,-0.03609916685283809,-0.01270436110107867,-0.2146388865349718,0.03631183226749322,0.05222779682260088,0.002590867492213665,0.0025879183210874655,0.002659083710585205,15.907002059787752,-5.101933934782608,-5.101933934782608,16.976972505345298,-3.0356738978200717,-4.377010879679345,0.0,47.22222222222222,-184.0,-2.655494438329944,47.53398096367594,-188.0494819325688,0.0,47.22222349323305,-184.0000021907881,-33.98366137353646,-57.15919011749201,-13.177577669118312,-0.8487681028532928,-1.2618916213687097,-0.38737412046964115
1.4,-0.011691648405725008,-0.037299510042120995,-0.01374400633654467,-0.20234415860200197,0.03395471398756291,0.050160885766574764,0.0027085196752997167,0.002587919014790387,0.002630971117724607,16.414254171537817,-5.190822209093098,-5.190822209093098,17.09597424236862,-3.0556980113209877,-4.406246607659818,0.0,48.61111111111111,-184.0,-2.67393982798161,47.87346030593755,-188.04018961526654,0.0,48.61111241416859,-184.00000217494568,-21.572416003513847,-59.2162478614043,-15.502087659384223,-0.42946612908051235,-1.3333311745667455,-0.4719315062844219
1.41,-0.013814954496598142,-0.036946813823166065,-0.013234237192437992,-0.2169548147402249,0.03582994115621274,0.05128172864470397,0.0026324004774787198,0.0025879184630139074,0.002643180245143505,16.414254171537817,-5.190822209093098,-5.190822209093098,17.218262313722303,-3.0759829778783545,-4.435496548535041,0.0,48.61111111111111,-184.0,-2.6919149177705424,48.22148452825105,-188.03147133728226,0.0,48.61111241416859,-184.00000217494568,-26.03525822675618,-58.62485937596011,-14.40245768582335,-0.7181942377742159,-1.2915929193408096,-0.4094829182797249
1.42,-0.016007205684142822,-0.036586485849224464,-0.01272096730007187,-0.21978263309330393,0.036004172563240955,0.05122433302455853,0.00260194019389485,0.00258791841170556,0.0026585490903174303,16.414254171537817,-5.190822209093098,-5.190822209093098,17.343981749832906,-3.0966308242805485,-4.464896109724003,0.0,48.61111111111111,-184.0,-2.709483166586195,48.57863003326497,-188.0230395111532,0.0,48.61111241416859,-184.00000217494568,-30.03547779108622,-58.070164336410706,-13.331263898759556,-0.7874367796837373,-1.2846042904512684,-0.39195000411346154
1.43,-0.018182300383339012,-0.03623139401610064,-0.012213487667945291,-0.21452089303382302,0.0349235173200628,0.050212505217663794,0.002591535883309939,0.0025879187298270667,0.0026774064937455837,16.414254171537817,-5.190822209093098,-5.190822209093098,17.4682612176719,-3.1169073098113493,-4.493909011595922,0.0,48.61111111111111,-184.0,-2.7270174730237127,48.931623821614465,-188.01432288975343,0.0,48.61111241416859,-184.00000217494568,-33.63531296023817,-57.55989180513386,-12.295375775370117,-0.8477360205779242,-1.2787294219655692,-0.37526756393851096
1.44,-0.011386187323276842,-0.03738439571956324,-0.013212403562382208,-0.2022807209195694,0.03270823396712347,0.04822816725636155,0.002725906553152283,0.0025879193811071824,0.0026438173062394875,16.923001051032262,-5.2762459863421025,-5.2762459863421025,17.587219649722567,-3.1361858460347394,-4.52201642910052,0.0,50.0,-184.0,-2.7447184905815285,49.26976268704315,-188.0051187111621,0.0,50.00000133472221,-184.0000021587553,-21.07332408503783,-59.52603577424023,-14.591013723665988,-0.4238081507821846,-1.347116277877268,-0.4586674109321549
1.45,-0.013510976894261117,-0.03704435548310772,-0.012722696236369693,-0.2172315451071239,0.03456558141195465,0.04924320199952673,0.0026395993588171234,0.0025879188351356497,0.0026585321280219814,16.923001051032262,-5.2762459863421025,-5.2762459863421025,17.709609752804543,-3.1557456797786907,-4.550112423142329,0.0,50.0,-184.0,-2.761858551745287,49.61683042216908,-187.9965083717521,0.0,50.00000133472221,-184.0000021587553,-25.600822958188655,-58.95976245843988,-13.509172586506065,-0.7158477074583339,-1.3073107325348299,-0.39712083501494083
1.46,-0.0157070866920051,-0.036696525074595976,-0.012229919568857578,-0.220241869099488,0.03477142251123523,0.0491770423878083,0.0026044884596966985,0.0025879187745786406,0.0026767594298087736,16.923001051032262,-5.2762459863421025,-5.2762459863421025,17.83556013412816,-3.1756794713688823,-4.578337718273205,0.0,50.0,-184.0,-2.778530000030984,49.97335830046377,-187.98819627362667,0.0,50.00000133472221,-184.0000021587553,-29.64825614350285,-58.428506083108324,-12.455358676889915,-0.7858975798913855,-1.300722302598887,-0.3798481652964923
1.47,-0.017887375076201417,-0.03635343833558023,-0.011742646584282479,-0.2150802504976484,0.033753735844539896,0.0482226772054582,0.00259236078854869,0.0025879190738785736,0.0026987817962734395,16.923001051032262,-5.2762459863421025,-5.2762459863421025,17.96014257019449,-3.195271888314406,-4.606196499848723,0.0,50.0,-184.0,-2.795147781895305,50.32595955839044,-187.9795975883618,0.0,50.00000133472221,-184.0000021587553,-33.27619120122909,-57.939930488365604,-11.436708240829699,-0.8466669130875913,-1.2952094001886048,-0.36340451491424336
1.48,-0.019976479783995582,-0.03602673871509352,-0.011269955663239559,-0.20289190589196524,0.031628105975023295,0.04635121303845375,0.0025885628164917835,0.0025879196982426956,0.002724596552160818,16.923001051032262,-5.2762459863421025,-5.2762459863421025,18.07910435964893,-3.2138627334479386,-4.633167216350769,-0.0,50.0,-184.0,-2.8119720556647954,50.66295035980092,-187.97047023874086,0.0,50.00000133472221,-184.0000021587553,-36.494909482819516,-57.50789453615022,-10.469818698931595,-0.8986028973261297,-1.29097162401808,-0.3480846856302021
1.49,-0.021910285874830238,-0.03572664767461147,-0.01082098407497313,-0.18480024281916949,0.02855640869729301,0.04357394331931285,0.002587977326789116,0.0025879205986285045,0.0027537951257458476,16.923001051032262,-5.2762459863421025,-5.2762459863421025,18.188836529440202,-3.230875856629893,-4.658727185753937,-0.0,50.0,-184.0,-2.8290984648002357,50.97432067910139,-187.96081175844216,0.0,50.00000133472221,-184.0000021587553,-39.27125761418314,-57.14304578172137,-9.574203359449278,-0.9414028772895193,-1.2881408423159402,-0.3342216684075851
1.5,-0.023636112764283845,-0.03546157460159115,-0.010404570720127237,-0.16196069415418285,0.024734089969091023,0.03993617707326711,0.002587971834659342,0.0025879217159456734,0.002785487128555842,16.923001051032262,-5.2762459863421025,-5.2762459863421025,18.28638695014806,-3.2458407937328264,-4.682372776755855,-0.0,50.0,-184.0,-2.846454486453227,51.25180843318696,-187.95078650239688,0.0,50.00000133472221,-184.0000021587553,-41.577999213709774,-56.85221868679292,-8.769000592937852,-0.9749494377608043,-1.286774214074545,-0.3221278219059917
1.51,-0.025112858976337693,-0.03523783992868343,-0.01002890923520712,-0.13553690274559027,0.02037914889667804,0.03551715227037352,0.0025879652989053772,0.0025879229847587896,0.0028183036541687056,16.923001051032262,-5.2762459863421025,-5.2762459863421025,18.36946748729904,-3.2584079901081937,-4.703639239396424,-0.0,50.0,-184.0,-2.8638078410877332,51.488952428818024,-187.9406574999375,0.0,50.00000133472221,-184.0000021587553,-43.383514113024006,-56.63846215182441,-8.072333013523448,-0.9990117551221332,-1.286858797999807,-0.3120898859072389
1.52,-0.02590259438681658,0.02087001836787898,-0.04346531399993102,-0.10670799386874373,0.01572002164254245,0.030424173291917763,0.0025879579504335796,0.002659839810016426,0.0025879200514067474,16.94641070099624,-2.0717196219911873,-7.210784685467542,18.436398367576224,-3.2665313315410796,-4.723258165138144,-10.064926004433003,48.97649706262472,-185.33870967741936,-2.8866701856997827,51.6803977904049,-187.9315055793234,-10.064926295432254,48.97649836439596,-185.33871183506614,-41.65130956526892,37.83277619892192,-66.88500554368264,-0.9225879021165484,1.5577584207970736,-2.096010821582785
1.53,-0.026767062414232823,0.019934170967208092,-0.04251206916433932,-0.07034480115534274,-0.16839266853431142,0.1398484621213044,0.0025879483654636807,0.0029946168561409605,0.002587886621536724,16.94641070099624,-2.0717196219911873,-7.210784685467542,18.483877660000513,-3.2033079496015193,-4.783578015162405,-10.064926004433003,48.97649706262472,-185.33870967741936,-3.1318824660237983,51.79698352454792,-187.9504711669509,-10.064926295432254,48.97649836439596,-185.33871183506614,-42.318914802135346,28.441770909936878,-62.25381295787464,-0.9642408551849418,0.0884771652928673,-1.1977770847300644
1.54,-0.027277875431465648,0.017414775482105134,-0.04061419096887085,-0.03557410014365544,-0.3170500840657739,0.2286080228343152,0.0025879388800944237,0.003302596796929573,0.002587857678706275,16.94641070099624,-2.0717196219911873,-7.210784685467542,18.51116285523881,-3.0505640201671747,-4.897325478424263,-10.064926004433003,48.97649706262472,-185.33870967741936,-3.660930421084615,51.831971956469374,-188.00225580582764,-10.064926295432254,48.97649836439596,-185.33871183506614,-42.504435603164154,19.49913626853077,-56.690593022412216,-0.9584838074725425,-0.10597176852747575,-1.078925502845772
1.55,-0.02745224167604937,0.01352869743297918,-0.037907728674303476,-0.00299810765353031,-0.44390599334414205,0.3026878076932213,0.0025879297184706516,0.0038538359564084055,0.002587832417542762,16.94641070099624,-2.0717196219911873,-7.210784685467542,18.519302414812106,-2.820762935794575,-5.056548403905962,-10.064926004433003,48.97649706262472,-185.33870967741936,-4.433612352140676,51.791368113440356,-188.07983116142452,-10.064926295432254,48.97649836439596,-185.33871183506614,-42.2415117713441,10.062856480911622,-50.21132976276941,-0.9458244757866958,-0.30176616298428943,-0.9489620771733681
1.56,-0.03658668951446303,0.0674675236438067,-0.060564471981676554,0.026469612194151226,-0.5507482330713289,0.3602026498001924,0.0025879212090541906,0.00470872896243861,0.0025878121882422474,16.415310670689067,1.3076015945280586,-8.701293869212176,18.509493539888133,-2.5248593853817605,-5.2530543951873705,-19.71779275566593,45.94789058101153,-186.67741935483872,-5.412310694182815,51.679977345081454,-188.17793364740845,-19.7177933185832,45.94789180030093,-186.67742150654593,-54.80156999232829,57.830637143991794,-86.11697554673601,-1.326121549285815,1.2195825639898719,-2.109743355107577
1.57,-0.035938922635449455,0.060846048864692484,-0.05617428276635632,0.09224917338088301,-0.7430807883453592,0.4935430244762791,0.0025879014865828748,0.004958774361259061,0.0025877635299265114,16.415310670689067,1.3076015945280586,-8.701293869212176,18.4688439158176,-2.135064367155642,-5.5116560477624335,-19.71779275566593,45.94789058101153,-186.67741935483872,-6.701633351504788,51.46132260535055,-188.28737320039036,-19.7177933185832,45.94789180030093,-186.67742150654593,-52.578059082798376,45.88597188773474,-75.58734113580631,-1.0948765907971747,0.2195496172978036,-1.324072316843249
1.58,-0.03471639255069725,0.05251166312770851,-0.050680201471711095,0.14526861841695893,-0.9039839134690631,0.5905716573138005,0.0025878848987278442,0.004998640553902439,0.002587726878559517,16.415310670689067,1.3076015945280586,-8.701293869212176,18.395819017082854,-1.6484494991614143,-5.8318292948614445,-19.71779275566593,45.94789058101153,-186.67741935483872,-8.306842740551362,51.127196848183765,-188.40444345803311,-19.7177933185832,45.94789180030093,-186.67742150654593,-49.78642054036452,35.352674067286,-64.3106663936351,-1.0336325249069749,-0.0038132193207589394,-1.1068462169513387
1.59,-0.03302096353692019,0.04269258725424775,-0.04438384780772249,0.18780237294803323,-1.0421983419483458,0.6569887834079691,0.002587871174145296,0.004998640553902439,0.0025877013364294403,16.415310670689067,1.3076015945280586,-8.701293869212176,18.29630225542785,-1.0780713928587315,-6.196213409655569,-19.71779275566593,45.94789058101153,-186.67741935483872,-10.168317275702389,50.687698176830644,-188.5315284970374,-19.7177933185832,45.94789180030093,-186.67742150654593,-46.507140981370554,24.18918537265946,-52.50363541790691,-0.9672226490201603,-0.23282371261265195,-0.8895574097429985
1.6,-0.049295255411761774,0.09120907155975116,-0.05482094951120098,0.21964953079750638,-1.1568747310221406,0.6930419748974409,0.0025878606680998814,0.004998640553902439,0.0025876873508692477,15.36472082258052,4.721795795456593,-9.688495250932984,18.175693535433894,-0.43623922872702403,-6.5879417572503085,-28.563410754739614,41.03817206036381,-188.01612903225805,-12.229058449338376,50.15158324885635,-188.67223334121113,-28.56341155823119,41.038173151186605,-188.01613117619993,-71.56909224428013,65.2062965650378,-68.83710701494681,-1.7634597286147287,1.1290018286979013,-1.5310967823024475
1.61,-0.046558249895703896,0.07852536410353202,-0.047455048028176,0.31084982840812,-1.348908004027308,0.7630294346327516,0.0025878295780610676,0.004998640553902439,0.002587660017526442,15.36472082258052,4.721795795456593,-9.688495250932984,18.014067458795306,0.30087092102699176,-7.013502834674098,-28.563410754739614,41.03817206036381,-188.01612903225805,-14.550228118015138,49.45143857097875,-188.82767970106087,-28.56341155823119,41.038173151186605,-188.01613117619993,-65.47375341172526,50.681711233472555,-55.24088247149167,-1.2541119464239325,0.12651761627567293,-0.9078116275203124
1.62,-0.04306392984274815,0.06416664879194327,-0.039628812261862406,0.37817818994302316,-1.502247781809622,0.7935554991175618,0.002587805764683458,0.004998640553902439,0.0025876480382041223,15.36472082258052,4.721795795456593,-9.688495250932984,17.810107740002067,1.1321678028100102,-7.463468011561722,-28.563410754739614,41.03817206036381,-188.01612903225805,-17.112229733751704,48.57470289943058,-188.9985011722888,-28.56341155823119,41.038173151186605,-188.01613117619993,-58.71343354044755,35.27803836742072,-41.8593141963585,-1.1218131730941456,-0.17814158119752355,-0.6746517638884839
1.63,-0.038999511005973486,0.0484510967629661,-0.03167992539366407,0.42678575261228074,-1.6233864396325868,0.7912526722780195,0.0025877881723235987,0.004998640553902439,0.0025876489428375993,15.36472082258052,4.721795795456593,-9.688495250932984,17.574554667151958,2.0393570686401947,-7.918594159858376,-28.563410754739614,41.03817206036381,-188.01612903225805,-19.842128765843444,47.546272410632426,-189.18727160849255,-28.56341155823119,41.038173151186605,-188.01613117619993,-51.44186470106127,19.18892779940299,-29.0701009664824,-0.9863151539844791,-0.4853633604255378,-0.4610651832281745
1.64,-0.06105457858120594,0.08942312072606783,-0.03170991907845597,0.45727399454052714,-1.7119085653687192,0.7591229014719636,0.0025877769830531024,0.004998640553902439,0.0025876615484369207,13.846087757337703,8.028891677462951,-10.134767845918113,17.316972260121457,3.004791087384888,-8.361449540361258,-36.239639361456,34.44834595378433,-189.3548387096774,-22.672129575095706,46.38936766063765,-189.39815788990492,-36.239640364877786,34.44834687507063,-189.35484084740733,-86.66851770863565,53.64556816572291,-29.848869575222984,-2.1415934123435605,0.7465082298759437,-0.6520166900388342
1.65,-0.055824203107875114,0.07138332614179439,-0.024241476329665584,0.5668691126842512,-1.8674936756150247,0.7308012864137818,0.0025877359118277694,0.004998640553902439,0.00258767263028743,13.846087757337703,8.028891677462951,-10.134767845918113,17.011598182990177,4.046654704236155,-8.787445530690842,-36.239639361456,34.44834595378433,-189.3548387096774,-25.631704723481878,45.01619176592274,-189.63800981195794,-36.239640364877786,34.44834687507063,-189.35484084740733,-75.90683351561587,35.11490799390913,-18.472404533890842,-1.3612602127960607,-0.28660066891691827,-0.3030125586114485
1.66,-0.049718425160632074,0.05207531449098328,-0.017223429224420717,0.6423169602295425,-1.9767230920842664,0.6745159528318755,0.002587707005321714,0.004998640553902439,0.0025926527283325557,13.846087757337703,8.028891677462951,-10.134767845918113,16.657593428103254,5.158956351874536,-9.186190083036482,-36.239639361456,34.44834595378433,-189.3548387096774,-28.690760381968477,43.4182302778229,-189.9080902584759,-36.239640364877786,34.44834687507063,-189.35484084740733,-64.46182754542198,16.21806176958544,-8.476784974755189,-1.147546393593107,-0.637742382926641,-0.15224520116907653
1.67,-0.043004082246588415,0.03188985712138308,-0.010891357767902704,0.6913805855075045,-2.04695277690256,0.5964334984411633,0.0025876879969484916,0.004998640553902439,0.002719895049374774,13.846087757337703,8.028891677462951,-10.134767845918113,16.270226371195726,6.319300003669348,-9.544405031096357,-36.239639361456,34.44834595378433,-189.3548387096774,-31.780770943171042,41.64049421656463,-190.20915579889552,-36.239640364877786,34.44834687507063,-189.35484084740733,-52.565095604008,-2.8195154738962405,0.09030369344561873,-0.9338180179772897,-0.980352055854081,-0.031757759376938005
1.68,-0.06938008999276443,0.06477718576262342,-0.0034507591818815075,0.7155092479852012,-2.0787938243774926,0.5015001182404712,0.00258767860005322,0.004998640553902439,0.0038882231529188778,11.929991363927133,11.097850958755014,-10.020881574987662,15.862932151435947,7.506470302987414,-9.851315646742991,-42.432212874737544,26.44820051634812,-190.69354838709677,-34.84042645515066,39.72501285557224,-190.54354982769186,-42.432214031040004,26.44820123290964,-190.69355052271663,-95.34690272759315,25.621072107824418,8.612816388507829,-2.3786383583324064,0.11816591573477724,0.11406650392672803
1.69,-0.061498266776123606,0.04344526887677244,0.0009968046053335233,0.8352452840617267,-2.165665145936725,0.39764245917651175,0.00258763164026122,0.004998640553902439,0.0042249760173028155,11.929991363927133,11.097850958755014,-10.020881574987662,15.405198821654464,8.73302794962825,-10.10016610831295,-42.432212874737544,26.44820051634812,-190.69354838709677,-37.88398248674348,37.57405733230665,-190.91521476299144,-42.432214031040004,26.44820123290964,-190.69355052271663,-79.45617935297523,5.642591496454615,11.111020684222025,-1.3484291499946273,-0.8721046349908501,0.0914813448926815
1.7,-0.05269587002801043,0.02154629974632999,0.004374157613924207,0.911919366883633,-2.2035366622833092,0.2874974864089053,0.0025876148563198234,0.004998640553902439,0.0033959133839086128,11.929991363927133,11.097850958755014,-10.020881574987662,14.89666135229498,9.98968066125946,-10.287316226779708,-42.432212874737544,26.44820051634812,-190.69354838709677,-40.887042265766645,35.18920135249842,-191.31831042203964,-42.432214031040004,26.44820123290964,-190.69355052271663,-63.1248740480135,-14.206134209504384,14.472161253791738,-1.0519513046840554,-1.2193672028325495,0.11856768624838951
1.71,-0.04331304330477534,-0.0005070902810001277,0.006603343905432463,0.9549428692553366,-2.200552641347438,0.16902361832973956,0.0025876148563198234,0.004558799235145849,0.0027266082963048437,11.929991363927133,11.097850958755014,-10.020881574987662,14.356785263410355,11.25281465882541,-10.408215523967709,-42.432212874737544,26.44820051634812,-190.69354838709677,-43.79453220035012,32.635916493463526,-191.75109316504003,-42.432214031040004,26.44820123290964,-190.69355052271663,-46.53941012944728,-35.96790736957106,17.45091051629169,-0.7602435511417946,-1.6030600629527494,0.13327124884040426
1.72,-0.07245035052572515,0.025377450943896318,0.019461277834197654,0.9694553853545316,-2.110575180755915,0.051680647646890156,0.0025876148563198234,0.004998640553902439,0.002328519478597117,9.707644493738394,13.818836824454419,-9.34366719483627,13.801917316266733,12.486560329496227,-10.460497499599144,-46.88760660735402,17.365262642241014,-192.03225806451613,-46.52724607185099,29.98836402557096,-192.20284686918282,-46.88760786545802,17.365263125677554,-192.0322602030171,-94.82423562828883,-9.22696428770739,40.51343452979057,-2.4454971695206034,-0.0540836167102643,0.7806766496314773
1.73,-0.062042290344939716,0.004107445901004925,0.01906973658124525,1.0853306297118772,-2.124582200236681,-0.10713666015542278,0.0025876148563198234,0.004874222771665163,0.0026221077037488,9.707644493738394,13.818836824454419,-9.34366719483627,13.199737265263089,13.70510713025729,-10.429319772046977,-46.88760660735402,17.365262642241014,-192.03225806451613,-49.0872601166797,27.135254384361932,-192.6920424122904,-46.88760786545802,17.365263125677554,-192.0322602030171,-74.18119058882252,-28.281201534725785,31.966599770557387,-1.1912125454743183,-1.4403629196934844,0.28852783813576316
1.74,-0.0507825484500182,-0.016856042071498628,0.017246082682730923,1.1542282190777562,-2.054989700184521,-0.24018194890890002,0.0025876148563198234,0.0025971809440133225,0.0028976800248210035,9.707644493738394,13.818836824454419,-9.34366719483627,12.550851138667323,14.901637924863664,-10.317343702551547,-46.88760660735402,17.365262642241014,-192.03225806451613,-51.46439749219476,24.085737202811845,-193.2094970928538,-46.88760786545802,17.365263125677554,-192.0322602030171,-52.17755941359626,-79.08927060930604,24.54986587678294,-0.7997454001935091,-2.3037565192987106,0.1256962956946225
1.75,-0.03902476587549994,-0.036618705807411805,0.014213560780964501,1.1880410858929875,-1.903496299718313,-0.3520262040034567,0.0025876148563198234,0.0025880638651582344,0.0033239951468999095,9.707644493738394,13.818836824454419,-9.34366719483627,11.875447047008036,16.02495911946541,-10.137292090190794,-46.88760660735402,17.365262642241014,-192.03225806451613,-53.56776517509524,20.959326403474638,-193.7161609355533,-46.88760786545802,17.365263125677554,-192.0322602030171,-30.663613872796414,-108.80465591181247,15.73909690146309,-0.4276481792669615,-2.756299349534554,-0.0561416316487759
1.76,-0.06932674390306995,-0.014617462413254512,0.031597532953377416,1.186972699938468,-1.7015758687923885,-0.4464343839076845,0.0025876148563198234,0.0026197401924263255,0.004410302858972992,7.289502771087802,16.10852817647714,-8.115462722650118,11.192321368649846,17.043547772079922,-9.899410969625139,-49.42341621640557,7.571388875228835,-193.3709677419355,-55.34418884042104,17.851601542440733,-194.1960608913281,-49.423417523084495,7.571389105093812,-193.37096988732705,-81.35909115742423,-64.33901833180057,28.787262130100725,-2.235176326955739,-1.0210373313089358,0.4246423690883569
1.77,-0.056779739665540924,-0.031098009055566644,0.02645206519832838,1.2944720921482498,-1.589216456227382,-0.5656371088969396,0.0025876148563198234,0.0025880638651582344,0.004740737136350985,7.289502771087802,16.10852817647714,-8.115462722650118,10.468165082193378,17.980527632735004,-9.598024604414336,-49.42341621640557,7.571388875228835,-193.3709677419355,-56.826622077489276,14.651319123157279,-194.65247879003883,-49.423417523084495,7.571389105093812,-193.37096988732705,-56.88761920263623,-90.23187822313666,20.138666731270796,-0.841400606130438,-2.3534211955654563,-0.04084833955355092
1.78,-0.0435178456407814,-0.046118757278232725,0.020220353465937452,1.3452931590708472,-1.4251965717698445,-0.6683921721534692,0.0025876148563198234,0.0025880638651582344,0.004871494524538325,7.289502771087802,16.10852817647714,-8.115462722650118,9.705663750852823,18.83154507339974,-9.235156080638628,-49.42341621640557,7.571388875228835,-193.3709677419355,-58.00541254669877,11.37511448726726,-195.0831891925412,-49.423417523084495,7.571389105093812,-193.37096988732705,-32.75509133635735,-111.81254587509517,11.898036793421277,-0.4200862362833948,-2.6713890624445864,-0.20922476489498298
1.79,-0.029995240307873178,-0.05931297394288182,0.013026265075256394,1.3514387596357669,-1.2287206879105157,-0.7593659813586563,0.0025876148563198234,0.0025880638651582344,0.004896246811994244,7.289502771087802,16.10852817647714,-8.115462722650118,8.930771656665831,19.57610467222118,-8.817820947495806,-49.42341621640557,7.571388875228835,-193.3709677419355,-58.847397520749574,8.121596593160342,-195.4902385790254,-49.423417523084495,7.571389105093812,-193.37096988732705,-9.37414401068327,-129.62855902865743,3.226120543537624,-0.024268344876392893,-2.9165166789703454,-0.3834320492127144
1.8,-0.060093860454914244,-0.038960056501309015,0.03553256229981494,1.3156832323225498,-1.009260959150035,-0.8382063039959202,0.0025876148563198234,0.0025880638651582344,0.004996875009577486,4.800028895070863,17.9103755636512,-6.365434072045864,8.166633971047649,20.200105374378964,-8.352411003183468,-49.93582535855264,-2.532458441935632,-194.70967741935485,-59.332869312866094,4.974488713273669,-195.88190956065088,-49.93582666015292,-2.5324584766411067,-194.7096795732227,-61.234229155803504,-87.81886426170081,22.7457683663453,-1.8917492056373346,-1.4097967738669108,0.3047700629859039
1.81,-0.04644620697650409,-0.048351219410572355,0.026504382831318618,1.388268566591487,-0.873014393151502,-0.9505975197126512,0.0025876148563198234,0.0025880638651582344,0.004998640553902439,4.800028895070863,17.9103755636512,-6.365434072045864,7.3814649484029315,20.729840297928636,-7.828982755433061,-49.93582535855264,-2.532458441935632,-194.70967741935485,-59.495044276828345,1.815941803647814,-196.26120462108946,-49.93582666015292,-2.5324584766411067,-194.7096795732227,-36.22388047032798,-100.93936393901,12.211113399935577,-0.46863082959899205,-2.331357409459225,-0.2879892591607158
1.82,-0.03245877135054022,-0.056218678715606984,0.01647259195841083,1.4000285761545377,-0.7143912895176551,-1.0437757736054736,0.0025876148563198234,0.002588058665845188,0.004973455999843235,4.800028895070863,17.9103755636512,-6.365434072045864,6.579647343051514,21.17145826254908,-7.248957673770053,-49.93582535855264,-2.532458441935632,-194.70967741935485,-59.348315387974445,-1.3476938111812482,-196.63129930755164,-49.93582666015292,-2.5324584766411067,-194.7096795732227,-12.248923270641594,-111.01840323406148,1.0105276823966753,-0.06133969770999182,-2.4570041915745575,-0.5052981913016613
1.83,-0.018613942520711454,-0.062447397957836215,0.005599695587737014,1.3650566414064047,-0.5471759344176471,-1.120313797115659,0.002589297169226774,0.0025880431179339776,0.004913498587326571,4.800028895070863,17.9103755636512,-6.365434072045864,5.788655554056042,21.518727330758328,-6.621700620104745,-49.93582535855264,-2.532458441935632,-194.70967741935485,-58.89820997400835,-4.430418501855474,-197.00081196385517,-49.93582666015292,-2.5324584766411067,-194.7096795732227,10.244244650687717,-118.17072622883869,-10.870373859580459,0.3074594573953406,-2.5308752755069954,-0.7300206795887606
1.84,-0.04777882579588608,-0.044626754738996244,0.03287188928822865,1.2900897887080383,-0.3771275803579172,-1.1749101316390556,0.0025876148563198234,0.0025880174563405666,0.004998640553902439,2.3690531850014525,19.19138800603038,-4.142161008286431,5.031817655416147,21.769600152520372,-5.957348431208454,-48.40385594331021,-12.53262661293602,-196.0483870967742,-58.161135967633506,-7.360964055259536,-197.37848162993296,-48.40385718763457,-12.532626912217655,-196.04838925773944,-41.412537954465876,-81.61960183347598,14.001049659924789,-1.5180368738699994,-1.3270029986957572,0.23891319364771335
1.85,-0.03463003679785539,-0.047860244898001614,0.02052611580243824,1.3194747917220133,-0.27533177490571303,-1.2758901828409885,0.0025876148563198234,0.0025879976132179476,0.004995500799948469,2.3690531850014525,19.19138800603038,-4.142161008286431,4.277648773425817,21.9487441204131,-5.24463625741709,-48.40385594331021,-12.53262661293602,-196.0483870967742,-57.164928064284425,-10.258533211188084,-197.75867494265384,-48.40385718763457,-12.532626912217655,-196.04838925773944,-18.643801956918207,-85.48923970333105,0.6206799306943693,-0.19539473792026477,-1.9031005764104159,-0.5820857377996199
1.86,-0.021549697013467435,-0.05003283969453287,0.007340818412435252,1.2919850695294068,-0.17021023229597054,-1.3501366711746665,0.0025876148563198234,0.0025879738353453254,0.00493968657924197,2.3690531850014525,19.19138800603038,-4.142161008286431,3.5300295362425267,22.067220121947656,-4.485046086674307,-48.40385594331021,-12.53262661293602,-196.0483870967742,-55.93673829642693,-13.12612423488835,-198.14447838134853,-48.40385718763457,-12.532626912217655,-196.04838925773944,2.5445316047408975,-87.482372120275,-13.190117150737237,0.15336538850467613,-1.907883331167324,-0.8386526454380299
1.87,-0.008977953360735445,-0.051176092775452375,-0.006453822368290715,1.2233921512081707,-0.0693309543987726,-1.396843695312804,0.0028397707619372764,0.002587948093268614,0.0028333196247228585,2.3690531850014525,19.19138800603038,-4.142161008286431,2.8138279445581444,22.1269671352764,-3.6923704351245137,-48.40385594331021,-12.53262661293602,-196.0483870967742,-54.50990284849853,-15.89064378380937,-198.54206665555975,-48.40385718763457,-12.532626912217655,-196.04838925773944,21.925411372630407,-87.61639082553226,-42.376554749728335,0.4597968908492032,-1.8814557068072864,-1.430416305328298
1.88,-0.03643779926507511,-0.03830895612439006,0.02546378600345515,1.1378866561144008,0.02748623242472887,-1.3784596794999808,0.0025876148563198234,0.0025879209118022228,0.004998640553902439,0.12163208418505335,19.93763441104811,-1.5162301296317156,2.14369793849502,22.130840082721033,-2.8951167103767226,-44.89022697853708,-22.019707577881718,-197.38709677419354,-52.94366471982114,-18.484691990341503,-198.927898135967,-44.89022811695655,-22.01970812968448,-197.3870989384351,-27.251572049990713,-61.38969697600472,3.4085406372364493,-1.157260014854442,-1.0913434072087922,0.3755502343187934
1.89,-0.025027813497799464,-0.037760779689864854,0.011130810356404206,1.1312816908417611,0.07834086739202484,-1.4662274816870615,0.0025876148563198234,0.0025879057379209402,0.004958615102465657,0.12163208418505335,19.93763441104811,-1.5162301296317156,1.4910089572862537,22.09639585562228,-2.0696034144247966,-44.89022697853708,-22.019707577881718,-197.38709677419354,-51.22926465309966,-21.028069996416264,-199.31066253432965,-44.89022811695655,-22.01970812968448,-197.3870989384351,-8.407677202672554,-60.14543302308861,-11.478749584047135,-0.08101455172508024,-1.3787455568367815,-0.8474153422008197
1.9,-0.013974014369297409,-0.0367183511517819,-0.0038378117205699787,1.0788980211392596,0.12427969130259232,-1.5170720025595685,0.00261474824638954,0.002587891536318915,0.00400721803903886,0.12163208418505335,19.93763441104811,-1.5162301296317156,0.8608705268217636,22.034080094566747,-1.2092681039607973,-44.89022697853708,-22.019707577881718,-197.38709677419354,-49.37971274662454,-23.531777138844422,-199.70908123999016,-44.89022811695655,-22.01970812968448,-197.3870989384351,9.016421136606724,-58.08072634601904,-31.062908758892885,0.19839076322924099,-1.3318773833650779,-1.218682239520602
1.91,-0.0036005429732534943,-0.035253246216148726,-0.01898158045201453,1.001020979111874,0.16385649524551868,-1.5017244608071583,0.003757500445133825,0.0025878789451714524,0.002590073591628895,0.12163208418505335,19.93763441104811,-1.5162301296317156,0.2710490382934136,21.947898345274535,-0.342897531702401,-44.89022697853708,-22.019707577881718,-197.38709677419354,-47.45964425141408,-25.922420576041592,-200.10678165264,-44.89022811695655,-22.01970812968448,-197.3870989384351,21.5210263487311,-54.93786694333511,-70.03699894404281,0.3732566696818423,-1.2680162976517229,-1.8663648847826213
1.92,-0.02813543453422523,-0.02971049940717524,0.017563646371502012,0.9153769263143645,0.19790690418635423,-1.4344669183590975,0.0025876148563198234,0.002587867861554073,0.004979090391006126,-1.831033947656842,20.150310163762008,1.4188759322032274,-0.27169526294432733,21.84116361569271,0.4959119198230028,-39.538786846884925,-30.605299127383145,-198.7258064516129,-45.53985481095016,-28.143490748972493,-200.47157805236242,-39.53878783643194,-30.60529990752787,-198.72580861424166,-19.87852430757827,-43.08196115010029,-4.949194756668809,-0.9851910595822626,-0.9525277201812509,0.42632649042696896
1.93,-0.019067187765287298,-0.027628731515827565,0.0027208107769553826,0.8903167384881113,0.21576374570320733,-1.510810244228153,0.0025887542928523686,0.002587861960172771,0.004817216045827229,-1.831033947656842,20.150310163762008,1.4188759322032274,-0.7893040197546911,21.72087845136888,1.3498248165044815,-39.538786846884925,-30.605299127383145,-198.7258064516129,-43.55376067252752,-30.311756232148802,-200.83882990999655,-39.53878783643194,-30.60529990752787,-198.72580861424166,-5.329195270596444,-39.882688979304,-20.438511940247956,-0.10266169925256459,-1.0021916101304154,-1.0214878338052917
1.94,-0.010463205792845369,-0.02540625217864395,-0.01254872780657668,0.8329256803476848,0.22667097212220602,-1.5279817268332905,0.0027294238915694267,0.002587858326332124,0.002675620557268807,-1.831033947656842,20.150310163762008,1.4188759322032274,-1.2788714434450008,21.592949326031263,2.2252567057113755,-39.538786846884925,-30.605299127383145,-198.7258064516129,-41.50317939697504,-32.43786335575641,-201.22414231948503,-39.53878783643194,-30.60529990752787,-198.72580861424166,9.078056334605455,-36.31222731550781,-58.121028711405664,0.12440648852858648,-0.9396105798811688,-1.6962334884439423
1.95,-0.002530824553844579,-0.023106177452116572,-0.027599052360657583,0.759216105087192,0.23195428698636728,-1.4793847805858271,0.004008922900857848,0.002587856558322537,0.0025880638651582344,-1.831033947656842,20.150310163762008,1.4188759322032274,-1.7290842751145368,21.460891490447363,3.0845293379403302,-39.538786846884925,-30.605299127383145,-198.7258064516129,-39.46899921751712,-34.44965479588343,-201.59849940361957,-39.53878783643194,-30.60529990752787,-198.72580861424166,17.35214249144309,-32.48363344576898,-84.47601131359653,0.23319966970250391,-0.8742411100645688,-2.1105300185134044
1.96,-0.022716022043961462,-0.026134843440387134,0.012710936720549251,0.6789386176950184,0.23251994120907196,-1.3883658996848305,0.002587692830621421,0.002587856368731738,0.004961338365123732,-3.3976250655741933,19.843477867998725,4.549254063166903,-2.1351394883047123,21.327374587309613,3.901734677517213,-32.56862413611111,-37.93790613463955,-200.06451612903226,-37.508709309937764,-36.30406210536964,-201.94354084832625,-32.56862494115453,-37.93790710799657,-200.0645182857905,-17.11137332084902,-36.29863550494659,-8.764211853539045,-0.9089573774126849,-1.0417446896992115,0.49365108241507066
1.97,-0.016049578969951468,-0.0237092464048006,-0.001652839769664502,0.6493932356782857,0.24819967103039123,-1.4599849538709495,0.002597800570862926,0.002587851090485327,0.004405789381851976,-3.3976250655741933,19.843477867998725,4.549254063166903,-2.5149987488018746,21.18764158263877,4.727826028792164,-32.56862413611111,-37.93790613463955,-200.06451612903226,-35.510796278473414,-38.10542256447406,-202.29803795912812,-32.56862494115453,-37.93790710799657,-200.0645182857905,-6.456416213630917,-32.302439345874745,-25.38044607353884,-0.19482607798961818,-0.8690367276197458,-1.107680446276896
1.98,-0.009825552980573679,-0.02118315017593103,-0.01631501834252562,0.5983748543250373,0.2553556276340309,-1.4596649580702974,0.002793586745913964,0.0025878486670962717,0.002600614492383158,-3.3976250655741933,19.843477867998725,4.549254063166903,-2.8686112012942067,21.042530216093578,5.567460982268886,-32.56862413611111,-37.93790613463955,-200.06451612903226,-33.467418345304395,-39.861672183065615,-202.66895231023398,-32.56862494115453,-37.93790710799657,-200.0645182857905,4.485513450941898,-27.981497605455857,-64.31759082014003,-0.025417315484079644,-0.7947812200892144,-1.7747307882575085
1.99,-0.004183699228953203,-0.018618644878638735,-0.03064161625391472,0.534731618137041,0.2564714266611003,-1.4042808748185784,0.003728251634996244,0.002590074269613004,0.0025880638651582344,-3.3976250655741933,19.843477867998725,4.549254063166903,-3.1881667569552796,20.895563793026994,6.3849021277482985,-32.56862413611111,-37.93790613463955,-200.06451612903226,-31.45764740104991,-41.51047590516793,-203.0304433015813,-32.56862494115453,-37.93790710799657,-200.0645182857905,11.512742184055183,-23.670403850052484,-87.89169997654113,0.06950695921537427,-0.7222367865602677,-2.1545233678088054
2.0,-0.018613268732781275,-0.03002894828986058,0.011622122458662329,0.4653147631562228,0.2523691703111298,-1.3094818619510944,0.002589833900481582,0.002587849679562942,0.004959484102226264,-4.509059462790818,19.04383146316589,7.7472394283460915,-3.4693184486576145,20.74946044543127,7.157602696810909,-24.26509812655405,-43.717330807229104,-201.40322580645162,-29.53414104307701,-43.01424798718622,-203.37045119872803,-24.26509871976842,-43.71733192992601,-201.4032279551009,-15.388892592405298,-42.19624719105141,-8.481201732480551,-0.8174154738337104,-1.3412785478745783,0.5436075258734243
2.01,-0.014095113573553683,-0.027267913155495038,-0.001958647960849852,0.4356875615928792,0.2909245325081236,-1.3819911427648495,0.0026193339576867586,0.0025878364909017485,0.004358390286445202,-4.509059462790818,19.04383146316589,7.7472394283460915,-3.7262000366846353,20.589332009315942,7.938868823860284,-24.26509812655405,-43.717330807229104,-201.40322580645162,-27.55458561577844,-44.45868884749606,-203.72212630577212,-24.26509871976842,-43.71733192992601,-201.4032279551009,-8.209171078068431,-36.816682472573454,-24.41771480126586,-0.29023026761039344,-0.9361563530793396,-1.0775429165114025
2.02,-0.009971460389297748,-0.02421147671285162,-0.01585291536030492,0.3921407258997014,0.3164140332133122,-1.3845322119700372,0.0027985053356763354,0.002587827636244086,0.0026043770202018907,-4.509059462790818,19.04383146316589,7.7472394283460915,-3.959928582344561,20.4127996646152,8.734690069062673,-24.26509812655405,-43.717330807229104,-201.40322580645162,-25.50032444329134,-45.85159630855713,-204.08891106996757,-24.26509871976842,-43.71733192992601,-201.4032279551009,-0.5401590354677015,-30.835091829870922,-61.37764246206922,-0.1736478556035831,-0.8283077852297845,-1.7115207045606138
2.03,-0.006330020711474663,-0.02094961905442888,-0.029454710324470973,0.3400894507019092,0.3327904103477194,-1.3342166613837994,0.0029788509902512663,0.002587821893015484,0.0025880638651582344,-4.509059462790818,19.04383146316589,7.7472394283460915,-4.165544708408667,20.2250233448235,9.510902795840098,-24.26509812655405,-43.717330807229104,-201.40322580645162,-23.452760555155205,-47.14076978954616,-204.44652767819304,-24.26509871976842,-43.71733192992601,-201.4032279551009,4.6579921237363555,-24.80744938669361,-83.91071138582392,-0.10447056233706846,-0.7223334330007897,-2.0748308037980885
2.04,-0.013870642339303199,-0.039419093216688184,0.012361791079974205,0.28219566198434676,0.34020942397677423,-1.2462178417524972,0.002625319481805577,0.0025878192775680353,0.004960722887814425,-5.117937939749441,17.792183492275473,10.881522913645703,-4.339314518573773,20.030499114937193,10.245858395432217,-14.968156148667902,-47.70696282000244,-202.74193548387098,-21.467999886163405,-48.29342331314795,-204.7851209595609,-14.968156511304,-47.70696404214925,-202.7419376247799,-11.356854070201301,-55.6150521220772,-6.641249066054415,-0.6527620494517979,-1.7315893224672647,0.5448370164343626
2.05,-0.01122424034625738,-0.03558960510870596,-0.0005883943977066375,0.24721408861284788,0.41095980759057105,-1.3197738085196538,0.002718933128851543,0.002587793934574943,0.004549178991690382,-5.117937939749441,17.792183492275473,10.881522913645703,-4.488762559049876,19.807449221009378,10.991100019202296,-14.968156148667902,-47.70696282000244,-202.74193548387098,-19.389129610367213,-49.36885072008564,-205.13392769667644,-14.968156511304,-47.70696404214925,-202.7419376247799,-7.3475305044698525,-47.44210449922127,-20.956517636447852,-0.334555027232532,-1.0834897801885388,-1.0042339488908338
2.06,-0.008985001602036982,-0.031194294182073923,-0.013903705563242025,0.20451207564818932,0.46077207663196745,-1.3302603638359785,0.0029161460466472404,0.0025877756920776266,0.002633606507362408,-5.117937939749441,17.792183492275473,10.881522913645703,-4.614599298090589,19.552845116331806,11.754218198842963,-14.968156148667902,-47.70696282000244,-202.74193548387098,-17.192280342713328,-50.37513179833467,-205.49601350604627,-14.968156511304,-47.70696404214925,-202.7419376247799,-3.0143220892987532,-38.29234018658558,-55.80560462224032,-0.2739594288813739,-0.9147089131165754,-1.613692439786533
2.07,-0.007190342517431031,-0.026382493700992105,-0.026996145425942114,0.15840151255359353,0.4955361021567065,-1.2860526622373816,0.0031280548164686417,0.002587762786406383,0.0025880638651582344,-5.117937939749441,17.792183492275473,10.881522913645703,-4.71476391908701,19.27524649202205,12.501598179270957,-14.968156148667902,-47.70696282000244,-202.74193548387098,-14.967300649110738,-51.27143207920564,-205.84735180859352,-14.968156511304,-47.70696404214925,-202.7419376247799,-0.46969610597715283,-28.95556293724278,-78.13733681259504,-0.24704741841280922,-0.7476044349127928,-1.9707983628757126
2.08,-0.007240615287545188,-0.050041806653854715,0.011996120958705059,0.1106985063711618,0.5150823476004377,-1.204641631232864,0.0031339824747014574,0.002587755472410045,0.004960108504828667,-5.1965517370208145,16.145820959469717,13.828449135605824,-4.787735965784037,18.9825104064496,13.211287553577373,-5.058416099371614,-49.74346616959476,-204.0806451612903,-12.77970400998965,-52.0338059356158,-206.17708185861738,-5.0584162211115995,-49.743467437990894,-204.08064729706786,-2.785645952685721,-69.14399205532496,-6.062843572457478,-0.3401623544449243,-2.0810124145132636,0.4819107019505392
2.09,-0.006415134752921284,-0.04431039547156446,-0.0005113991221117886,0.059697539400617346,0.611357282155566,-1.2739712067669962,0.002932107597216695,0.002587718919491457,0.004558293952960284,-5.1965517370208145,16.145820959469717,13.828449135605824,-4.832122744568392,18.64915535576804,13.930972298379427,-5.058416099371614,-49.74346616959476,-204.0806451612903,-10.47019251459275,-52.69155886833063,-206.51539059321593,-5.0584162211115995,-49.743467437990894,-204.08064729706786,-3.3567145867925,-56.85218268418593,-19.727405734778984,-0.32728100632492035,-1.1865598835560955,-0.9771908391057481
2.1,-0.006088767037614309,-0.037814179472480225,-0.013357340584901789,0.011143982239295712,0.6776753168110752,-1.282806819586535,0.0028870521588578177,0.0025876933209303486,0.0026476670708513983,-5.1965517370208145,16.145820959469717,13.828449135605824,-4.848063341458144,18.273275258603686,14.667115845045602,-5.058416099371614,-49.74346616959476,-204.0806451612903,-8.019633130091533,-53.25128256278875,-206.86357825501298,-5.0584162211115995,-49.743467437990894,-204.08064729706786,-3.3362006214318383,-43.37450113899033,-53.0262878557837,-0.3407813071381703,-0.9397315286834446,-1.5611965446781861
2.11,-0.006229611336051488,-0.030777495332163785,-0.025970926278734152,-0.03443128037715003,0.7214565338950671,-1.2379441803424462,0.002880400697409577,0.002587676279571056,0.0025880638651582344,-5.1965517370208145,16.145820959469717,13.828449135605824,-4.837393603778928,17.867727089314513,15.387027018295736,-5.058416099371614,-49.74346616959476,-204.0806451612903,-5.527843956386963,-53.68762688902877,-207.19721439571896,-5.0584162211115995,-49.743467437990894,-204.08064729706786,-4.479294411138295,-29.7788901774384,-74.74969654034537,-0.37485706954125286,-0.6982226425128755,-1.9065668038371661
2.12,0.001240731897519276,-0.05773197853981871,0.008372719335765,-0.07830510649146948,0.7423349417031708,-1.1571787874241763,0.004303453440742848,0.0025876681211041254,0.004948452441169301,-4.7349263829926675,14.180433204893431,16.48159680052191,-4.801020636285829,17.444575584985902,16.069202784001412,5.058416099371602,-49.74346616959476,-205.41935483870967,-3.0703528099747484,-53.98840258880897,-207.5061288516321,5.058416220608108,-49.74346743012905,-205.41935697308665,4.932794219818874,-76.38062348155967,-8.082790749969181,-0.0856207245787429,-2.278106140896808,0.3735975010418133
2.13,6.486622047963131e-05,-0.049662004750130606,-0.0035900158243542535,-0.14768059219324003,0.8484101432960409,-1.2141627990510628,0.004410617428500278,0.002587626455721144,0.00405954523267368,-4.7349263829926675,14.180433204893431,16.48159680052191,-4.729807329358676,16.976785240613836,16.756998046437758,5.058416099371602,-49.74346616959476,-205.41935483870967,-0.49151840269299407,-54.15764408972569,-207.82148604647693,5.058416220608108,-49.74346743012905,-205.41935697308665,2.347070921459217,-59.70815825310191,-23.602158583124833,-0.29320266725992,-1.1681106231778007,-1.0426048040494271
2.14,-0.0017576179808092007,-0.04078231441661245,-0.015736652432678466,-0.20956517238852074,0.9158520358673117,-1.2062399684283716,0.004306479896653427,0.0025876148563198234,0.002605466086303743,-4.7349263829926675,14.180433204893431,16.48159680052191,-4.6218797334813795,16.46432205543576,17.452143117698274,5.058416099371602,-49.74346616959476,-205.41935483870967,2.212958599496765,-54.1932246780474,-208.14404635620707,5.058416220608108,-49.74346743012905,-205.41935697308665,-0.2548542922214273,-41.907947973372295,-55.67513287902974,-0.3563722693047658,-0.8484222340602824,-1.5837816970756846
2.15,-0.004165322480572234,-0.03139482395263765,-0.027537097381569897,-0.2653240854274366,0.9529278288106905,-1.1533234411665567,0.0038881908543912987,0.0025876148563198234,0.0025880638651582344,-4.7349263829926675,14.180433204893431,16.48159680052191,-4.480772524143644,15.924507539609944,18.125025861550096,5.058416099371602,-49.74346616959476,-205.41935483870967,4.93767072954155,-54.08421283509024,-208.4560052759045,5.058416220608108,-49.74346743012905,-205.41935697308665,-4.691840322422685,-24.334942283731284,-75.15903627089548,-0.4503520717599512,-0.5414347141160163,-1.8954325744941558
2.16,0.010292603886514262,-0.06002617612584976,0.0010984851072457502,-0.3093497806296155,0.9609901264634284,-1.0674729541480188,0.0033452663352070847,0.0025876148563198234,0.004714398602039793,-3.739906463975168,11.990139297888026,18.75748987862911,-4.311195544552769,15.373190301936793,18.756579247227958,14.968156148667887,-47.706962820002445,-206.75806451612902,7.602820313932937,-53.83554201621006,-208.74810659474758,14.968156506731518,-47.70696401977221,-206.75806665252486,11.83885956411897,-74.7341448117475,-13.29312805085326,0.13977258575577112,-2.2908943423841297,0.2201389136172432
2.17,0.006713744300140337,-0.04980146557250881,-0.009830340596277853,-0.3925669073980567,1.0601167197944599,-1.0967118381205267,0.004251997481857768,0.0025876148563198234,0.0028690168196311844,-3.739906463975168,11.990139297888026,18.75748987862911,-4.101666296844041,14.78240906833539,19.383496262489317,14.968156148667887,-47.706962820002445,-206.75806451612902,10.35337194546767,-53.43460055998421,-209.042446423442,14.968156506731518,-47.70696401977221,-206.75806665252486,4.850273679172028,-53.824733127199494,-38.56176576722856,-0.3257140144259281,-1.0089360518091777,-1.2814656366586152
2.18,0.0024027297373569734,-0.038873163847338604,-0.020657360112631085,-0.4614019110567075,1.1140396854959624,-1.0654359914666462,0.0046820487404882405,0.0025876148563198234,0.002588099449655417,-3.739906463975168,11.990139297888026,18.75748987862911,-3.8507667047727554,14.153385535648997,20.00182493523666,14.968156148667887,-47.706962820002445,-206.75806451612902,13.177273751084309,-52.87348531475603,-209.33584230455625,14.968156506731518,-47.70696401977221,-206.75806665252486,-0.851997671431795,-33.0307194628881,-60.70393199724958,-0.44243174288548404,-0.6435892655150772,-1.6308179432477663
2.19,-0.002551852835152385,-0.02760790010930131,-0.03098482813350706,-0.5218740906940859,1.131403560119392,-1.001664999813122,0.004242829289047774,0.0025876148563198234,0.0025880638651582344,-3.739906463975168,11.990139297888026,18.75748987862911,-3.56348336202538,13.507141482892072,20.589727133497068,14.968156148667887,-47.706962820002445,-206.75806451612902,15.976891512874186,-52.16109091450327,-209.62135214703517,14.968156506731518,-47.70696401977221,-206.75806665252486,-7.96073346359609,-12.712720982638857,-77.29280443163458,-0.5841311415329674,-0.2957745770668679,-1.8937289733253568
2.2,0.018225858895538523,-0.05659795513169391,-0.00841901190868477,-0.5650297832398823,1.1153456692654977,-0.9109359039634863,0.004560565447837197,0.0025876148563198234,0.0030574515482342827,-2.235637985467809,9.684471310182719,20.596913316477227,-3.246752446678162,12.862328462363934,21.131978815795684,24.26509812655404,-43.71733080722911,-208.09677419354838,18.67437838539941,-51.3169497334699,-209.89487048163056,24.265098706893365,-43.717331896580205,-208.096776333825,12.892565214800307,-64.26044995993664,-29.417550358165656,0.1919353041026301,-2.118274177090327,-0.232613361066931
2.21,0.012052698356908094,-0.04493191932547494,-0.017544582929925334,-0.6546738162616867,1.1946902243319855,-0.9014687049885446,0.004732039597710747,0.0025876148563198234,0.002593977906283386,-2.235637985467809,9.684471310182719,20.596913316477227,-2.8882465202455987,12.190158922806805,21.65358952983282,24.26509812655404,-43.71733080722911,-208.09677419354838,21.39071092864116,-50.307651598509935,-210.16511884131327,24.265098706893365,-43.717331896580205,-208.096776333825,4.744509114683135,-41.45049018841327,-50.52285375294703,-0.40689470359325197,-0.7640799163576028,-1.4165988688585507
2.22,0.005092681614154333,-0.03279232465402479,-0.026320373084338544,-0.7281248924205002,1.2236488145754711,-0.8543206037934727,0.004876099884442381,0.0025876148563198234,0.0025880638651582344,-2.235637985467809,9.684471310182719,20.596913316477227,-2.485323407176716,11.493183481800646,22.153563018525514,24.26509812655404,-43.71733080722911,-208.09677419354838,24.117554653069963,-49.128586365126694,-210.43512288341728,24.265098706893365,-43.717331896580205,-208.096776333825,-3.6481321921938314,-19.40952157440416,-65.21186527187177,-0.5705868136083894,-0.38420478045566386,-1.6515670529242483
2.23,-0.0025371359561832396,-0.020580810552667916,-0.0344961915904321,-0.7893173712111234,1.2134969607350123,-0.7843886423001416,0.004260194428408084,0.0025876707227351255,0.0025880622156896653,-2.235637985467809,9.684471310182719,20.596913316477227,-2.0447505106953754,10.794309471965315,22.61787726747887,24.26509812655404,-43.71733080722911,-208.09677419354838,26.771175737003002,-47.806721789736216,-210.70665121696044,24.265098706893365,-43.717331896580205,-208.096776333825,-13.997551938769488,1.8451316122078225,-78.19532601782377,-0.7702384980221456,-0.02835949542273239,-1.8520476946834505
2.24,0.023747113494701374,-0.04884657065884601,-0.0180231245559746,-0.8228206694985312,1.1696125964932043,-0.6949585165321153,0.004992730948637016,0.0025876148563198234,0.0025923068445376667,-0.2651349697802034,7.382100992436891,21.962833856707654,-1.5777151072055793,10.112887068899319,23.035442162678866,32.568624136111104,-37.937906134639555,-209.43548387096774,29.28174447552313,-46.37817415561205,-210.97601712161125,32.568624915647824,-37.93790706927181,-209.43548601478076,12.216708468255213,-48.921947645745824,-45.48235678191484,0.27464990283147267,-1.838416448975014,-0.696251262289401
2.25,0.014964880984880958,-0.0367931504016156,-0.02482881257032471,-0.9166188611938846,1.2205644013302075,-0.6616839210595287,0.004967139211884712,0.0025876148563198234,0.0025880548315909933,-0.2651349697802034,7.382100992436891,21.962833856707654,-1.069583036216433,9.420153470962532,23.423054441697285,32.568624136111104,-37.937906134639555,-209.43548387096774,31.75152236439963,-44.79174356633492,-211.24538606462264,32.568624915647824,-37.93790706927181,-209.43548601478076,2.02433691822584,-26.526988372257776,-57.275821469875666,-0.5321969594768589,-0.5070368731615036,-1.4661876510816878
2.26,0.005383951179047264,-0.024551799835275445,-0.0311528962432695,-0.9897323320743625,1.2210945725770574,-0.6061307909813316,0.004908945413372533,0.0025876148563198234,0.002588049722408428,-0.2651349697802034,7.382100992436891,21.962833856707654,-0.5165353706101586,8.718972037859121,23.782126857375292,32.568624136111104,-37.937906134639555,-209.43548387096774,34.177930421950116,-43.0437645797212,-211.52228739923967,32.568624915647824,-37.93790706927181,-209.43548601478076,-8.74823980391542,-5.1090059881838865,-67.62963344013306,-0.7370353592672595,-0.14583269532581972,-1.6264797162714772
2.27,-0.0048361319141710275,-0.012516302124758766,-0.0368418849488269,-1.0447864494888968,1.1839431400380724,-0.5365215238592582,0.003603667156182261,0.0026428613905608786,0.002588041796019691,-0.2651349697802034,7.382100992436891,21.962833856707654,0.07200720029182109,8.03171019423558,24.104019258875343,32.568624136111104,-37.937906134639555,-209.43548387096774,36.49158457558356,-41.17421621342682,-211.81155176943489,32.568624915647824,-37.93790706927181,-209.43548601478076,-25.55178449383429,15.297588562123444,-76.43926779667567,-1.0696253886462648,0.188946794870597,-1.7561125505203843
2.28,0.026046208376147524,-0.03904828168323746,-0.026512703840937624,-1.0542390131339279,1.1230746194186034,-0.4541289895696333,0.004998640553902439,0.0025876148563198234,0.00258803026946713,2.107996036567394,5.202341717491665,22.83667578954966,0.677079593825773,7.374667963815518,24.38169027784256,39.53878684688493,-30.605299127383134,-210.7741935483871,38.63765007233716,-39.238753612429655,-212.10010227098095,39.538787794262944,-30.60529987044348,-210.77419569333654,9.677610806451,-33.04407142837286,-54.34076601174974,0.35965979319594804,-1.4550993594970825,-0.9806673185865447
2.29,0.014932737880091293,-0.027637659719902646,-0.030817610043400556,-1.1486991708875354,1.1436775692581702,-0.40712393080861137,0.004967026646508875,0.0025876148563198234,0.00258802267780889,2.107996036567394,5.202341717491665,22.83667578954966,1.3186648916914476,6.720381634174529,24.625406168654074,39.53878684688493,-30.605299127383134,-210.7741935483871,40.7008204290208,-37.16575236884552,-212.39148160764006,39.538787794262944,-30.60529987044348,-210.77419569333654,-2.6965849641175472,-12.608313669589682,-61.51709462042496,-0.6840903916861852,-0.29661236490446724,-1.4699571703948622
2.3,0.0030590233927847432,-0.016305793842843308,-0.034574333538198665,-1.216061300978476,1.1192389486832337,-0.34890933077448727,0.004833348376623265,0.002595362761993974,0.0025880122809360502,2.107996036567394,5.202341717491665,22.83667578954966,2.002723272910451,6.072717285401706,24.837276318714853,39.53878684688493,-30.605299127383134,-210.7741935483871,42.679272720916714,-34.948608392219185,-212.69893853458123,39.538787794262944,-30.60529987044348,-210.77419569333654,-15.699737754806373,6.553622069877319,-67.44381973875677,-0.9262781940744916,0.01937009440012119,-1.5546820673675787
2.31,-0.009344745852930506,-0.005399729685178531,-0.03771349755596842,-1.251968612258157,1.0638765396552186,-0.28426937412297965,0.0029260112357150283,0.003262771665742489,0.0025879994838228604,2.107996036567394,5.202341717491665,22.83667578954966,2.7151548356883186,5.4511304408466135,25.013394282044697,39.53878684688493,-30.605299127383134,-210.7741935483871,44.52087343097724,-32.640946394765535,-213.0236123182513,39.538787794262944,-30.60529987044348,-210.77419569333654,-43.166659535251945,22.508981420443316,-71.72520455685745,-1.4383252781684612,0.26270217351202346,-1.6084332869291742
2.32,-0.02178803137200653,0.004892520270168038,-0.040167363084310626,-1.2315057677899262,1.0001733779361068,-0.21276678028209617,0.0025880638651582344,0.00459295671578337,0.0025879838494967874,2.107996036567394,5.202341717491665,22.83667578954966,3.4266786840950476,4.865107653860954,25.149863959298894,39.53878684688493,-30.605299127383134,-210.7741935483871,46.18982833477611,-30.31875885792879,-213.33421636513623,39.538787794262944,-30.60529987044348,-210.77419569333654,-69.04043910530835,30.017237504855228,-74.13566683388858,-1.846627858155792,0.3737662335129214,-1.6304864446149563
2.33,0.012441394807417211,-0.019123489129409428,-0.03537905391742341,-1.3096114584357281,0.9876779817264486,-0.15518355937078168,0.0049608599049425,0.002588695717103073,0.0025879701768251524,4.799036371624525,3.2563779656583094,23.21463326443068,4.161628833485015,4.295648074560188,25.250266686342023,44.890226978537086,-22.01970757788171,-212.11290322580646,47.7381167893145,-27.902181671392214,-213.64436149270458,44.89022805501005,-22.019708101742673,-212.11290536831197,-8.29140943015236,-1.923469394573738,-63.3442216243449,-0.8311464886139789,-0.16356443920812058,-1.4335320431094354
2.34,-0.000997288955569442,-0.009454892809465217,-0.03661652444357244,-1.368172805191276,0.9454718841361898,-0.09813032125286007,0.004497989838479657,0.0027970583805519093,0.002587955720877261,4.799036371624525,3.2563779656583094,23.21463326443068,4.9348106460597965,3.74425688368706,25.317903074725688,44.890226978537086,-22.01970757788171,-212.11290322580646,49.174266571509456,-25.3613681479423,-213.97835692910238,44.89022805501005,-22.019708101742673,-212.11290536831197,-23.815940937031602,13.612639866693089,-64.82901655353098,-1.1203495543997124,0.0843582471576497,-1.4432709062393907
2.35,-0.014784483090451023,-0.00032450263600414253,-0.037282818958041586,-1.376258230507169,0.8860836336724698,-0.04056978392373681,0.0026171019912743913,0.0043458852697190456,0.002587940261772866,4.799036371624525,3.2563779656583094,23.21463326443068,5.724821027343399,3.224549067672388,25.352771987743637,44.890226978537086,-22.01970757788171,-212.11290322580646,50.46612059715965,-22.765476933899066,-214.32499444223888,44.89022805501005,-22.019708101742673,-212.11290536831197,-60.45956935325382,22.76265857195695,-64.50955410845188,-1.7558079507570874,0.21371092635866296,-1.4217314294849883
2.36,0.022376584181243553,-0.020018824532196892,-0.039280588255590276,-1.330806798783201,0.8209783872465218,0.017005001685891714,0.004998640553902439,0.002588005181534209,0.0025879239647312443,7.704241968549939,1.6402187071901086,23.105170237632095,6.499555676160342,2.7400174995230815,25.354396247801386,48.40385594331021,-12.532626612936024,-213.4516129032258,51.59756193486899,-20.196506456977623,-214.64693555075158,48.40385710432829,-12.532626900301063,-213.4516150397878,0.5581282346523864,-7.872305873609722,-65.16723619156892,0.41056036627376247,-0.8436172807077249,-1.4412106362714359
2.37,0.008532974335497184,-0.011908185321878591,-0.03875886857629485,-1.4152828945838694,0.7954031277145133,0.07936210936042187,0.004949483635642004,0.0026641698343486367,0.0025879054272114014,7.704241968549939,1.6402187071901086,23.105170237632095,7.2967701914589576,2.2771868147603214,25.321011206533235,48.40385594331021,-12.532626612936024,-213.4516129032258,52.59948466936032,-17.54056537688478,-214.97664016660994,48.40385710432829,-12.532626900301063,-213.4516150397878,-13.98933317301256,5.58606372235847,-63.42419491783668,-0.9646566597216268,-0.09470270551453228,-1.3722883426837984
2.38,-0.005898705588239517,-0.004230202952171528,-0.03765826724082949,-1.4601338053997226,0.7428330223013836,0.13424530681689179,0.0027960205832588785,0.003663200301485766,0.0025878883961532183,7.704241968549939,1.6402187071901086,23.105170237632095,8.125794012033372,1.8403385146486912,25.25483237413825,48.40385594331021,-12.532626612936024,-213.4516129032258,53.47115385274878,-14.78207092636176,-215.33313658206833,48.40385710432829,-12.532626900301063,-213.4516150397878,-44.88375880948067,16.13157810598828,-60.357037796167035,-1.6425065257103821,0.06920890194040398,-1.303341335203997
2.39,-0.020421771494725988,0.0028836350165371907,-0.03603483425120091,-1.437885541248734,0.6849156105546719,0.18450415464433528,0.0025882785088283443,0.004395530151700996,0.002587872251154609,7.704241968549939,1.6402187071901086,23.105170237632095,8.95642592755124,1.4361103272674178,25.158974179517426,48.40385594331021,-12.532626612936024,-213.4516129032258,54.200005138715305,-12.008609596984591,-215.6889306083098,48.40385710432829,-12.532626900301063,-213.4516150397878,-72.68885627309835,22.58411576255742,-56.227993891544195,-1.9819717526776146,0.15644011263195046,-1.2222010691754714
2.4,0.01793057752553512,-0.011751823415823195,-0.04401530379635654,-1.3715126377188187,0.6137239456571412,0.22752051025770004,0.004981117050856841,0.002677417839414751,0.002587858042385083,10.706353684437484,0.4305323075002281,22.52822237301861,9.758739605063917,1.0686903410615685,25.036515366290477,49.93582535855264,-2.532458441935633,-214.79032258064515,54.77879936902034,-9.306016378358805,-216.01755132975262,49.93582655587083,-2.53245848608058,-214.7903247090112,-4.389227908175353,1.2107243304002155,-68.25186793047764,0.4054711208578027,-0.6710160672800294,-1.6304173568200697
2.41,0.003722314971803503,-0.005809801135820429,-0.04134345077819368,-1.447264115917867,0.572679063814175,0.2955730339254917,0.004860685358661657,0.003081034770679907,0.0025878348839287056,10.706353684437484,0.4305323075002281,22.52822237301861,10.576281365431276,0.7309015769208912,24.879757920199527,49.93582535855264,-2.532458441935633,-214.79032258064515,55.21229915367424,-6.543336536196588,-216.35997613666382,49.93582655587083,-2.53245848608058,-214.7903247090112,-19.164252580596745,9.782596440106968,-62.33348766934477,-1.0700027093289313,-0.09260956658731005,-1.295939851461865
2.42,-0.010931107017538771,-0.0003817361942752475,-0.038084566699705336,-1.4694097752905744,0.5180993234602796,0.34918465429548423,0.002767778167111902,0.0043029615294700955,0.0025878161024052307,10.706353684437484,0.4305323075002281,22.52822237301861,11.416735998558183,0.4230354633166384,24.690024342128524,49.93582535855264,-2.532458441935633,-214.79032258064515,55.50467831627279,-3.7017094084852746,-216.72555009207227,49.93582655587083,-2.53245848608058,-214.7903247090112,-53.5502399635307,15.371115032536613,-55.06811076786868,-1.6976406593736422,-0.014430690859272703,-1.1578676958380685
2.43,-0.025429330151073515,0.004484691391979415,-0.034346808030247644,-1.4270217007105825,0.45947601262982174,0.392058459309771,0.0025880638651582344,0.0036416479782078667,0.0025878007734587826,10.706353684437484,0.4305323075002281,22.52822237301861,12.244733565333991,0.14762721784820326,24.473480635567878,49.93582535855264,-2.532458441935633,-214.79032258064515,55.65853710801194,-0.8837900317264934,-217.08038047904748,49.93582655587083,-2.53245848608058,-214.7903247090112,-81.17228479977373,22.12526450774666,-47.417355745388264,-2.129485721134635,0.08756224237774819,-1.0182016726145529
2.44,0.012677599489557961,-0.004355833352798978,-0.047917661357606944,-1.3449233111614773,0.38435677567236254,0.42166547902823176,0.004961277772123831,0.003720185290788246,0.002587790040148635,13.683166615000156,-0.31666403326856596,21.51604044190462,13.034969807336722,-0.0889894370736115,24.2366648343451,49.42341621640557,7.571388875228833,-216.1290322580645,55.67344797359749,1.826120397645624,-217.41371903255805,49.42341740039225,7.571389070974364,-216.12903437787733,-8.630179425380621,7.471266271964401,-70.10212728268985,0.3804118651648581,-0.5250527595453135,-1.7952391960245875
2.45,-0.001211761775908038,-0.0007702363471586973,-0.04326348382162104,-1.4103137895210693,0.3343802630864795,0.49498133921088794,0.004469221450893382,0.004248902433500051,0.0025877629934043063,13.683166615000156,-0.31666403326856596,21.51604044190462,13.833597718475797,-0.29137415812948014,23.966156132052323,49.42341621640557,7.571388875228833,-216.1290322580645,55.53419103209515,4.573542758519196,-217.7638803263747,49.42341740039225,7.571389070974364,-216.12903437787733,-24.291972443519214,10.36535974748318,-60.18116944534468,-1.1619446910496027,-0.15418263052086373,-1.2058842857887642
2.46,-0.015368748521055187,0.0022705509828237136,-0.03801308084392757,-1.4088743550918006,0.27922411852737417,0.5473075558599082,0.0026093469383679556,0.00395134755066133,0.00258774333012465,13.683166615000156,-0.31666403326856596,21.51604044190462,14.644242249563655,-0.46243266861450666,23.662422263215877,49.42341621640557,7.571388875228833,-216.1290322580645,55.24777329308168,7.372100883009868,-218.1285669313542,49.42341740039225,7.571389070974364,-216.12903437787733,-62.20756746156882,14.378774537302883,-49.126490469347154,-1.8148778777215417,-0.10041575374836044,-1.0047195385806529
2.47,-0.02918617599450285,0.004742836281439587,-0.03233006897260238,-1.3535513874164615,0.22005551838300655,0.582842435906343,0.0025880638651582344,0.0032489390171871278,0.0025877298294053647,13.683166615000156,-0.31666403326856596,21.51604044190462,15.43252485062992,-0.6006559489493568,23.334874186445766,49.42341621640557,7.571388875228833,-216.1290322580645,54.828377495355035,10.115185486842346,-218.48023441100557,49.42341740039225,7.571389070974364,-216.12903437787733,-85.48808211528888,18.200327405894196,-38.08229517589141,-2.1882911648221524,-0.05185735818724106,-0.8090357501620519
2.48,0.0072267612694733585,0.0022445010564711813,-0.050838368701289494,-1.2610503120372478,0.15402263380943626,0.6010047700763991,0.004938457396955178,0.00394572695122988,0.0025877228877997168,16.517481677844238,-0.5653902002473625,20.115119085885265,16.17672787656972,-0.7025270001393418,22.99271020106392,46.88760660735402,17.365262642241014,-217.46774193548387,54.28921959693812,12.725968236846658,-218.81220970100898,46.88760772920564,17.365263065447746,-217.46774404821323,-11.793442019149268,10.558452873106422,-70.40817866988151,0.33292547696673847,-0.34696977769638837,-1.926845831673124
2.49,-0.005762855594916294,0.0034660328552703137,-0.04436448614053723,-1.3141400414548015,0.09519513681049743,0.6772490970464522,0.002839084879152647,0.00366941218451362,0.002587693486333178,16.517481677844238,-0.5653902002473625,20.115119085885265,16.922900658220133,-0.7691080987911522,22.61786846913489,46.88760660735402,17.365262642241014,-217.46774193548387,53.595170875195834,15.35466919110055,-219.1581928775503,46.88760772920564,17.365263065447746,-217.46774404821323,-39.528446859590886,11.788553548130903,-56.663892863015434,-1.514210767684922,-0.193519669438954,-1.093638445807993
2.5,-0.018834312229112138,0.00409881207782037,-0.037302765979167485,-1.2939208823226978,0.03735028483231906,0.726559144533487,0.0025903503188224016,0.003557973971017506,0.00258767428738875,16.517481677844238,-0.5653902002473625,20.115119085885265,17.670481573967837,-0.8020472677021565,22.210567915317704,46.88760660735402,17.365262642241014,-217.46774193548387,52.74946073858206,18.001812941603536,-219.5131309074375,46.88760772920564,17.365263065447746,-217.46774404821323,-65.21987671366246,11.964733839203628,-42.49317370015098,-1.8348519424513157,-0.2141468894746885,-0.8443505782218708
2.51,-0.031459828630831244,0.00415996569980237,-0.029868531656977892,-1.231460411691646,-0.01921153228938026,0.7539540299045325,0.0025880638651582344,0.003636385880285425,0.0025876635732149777,16.517481677844238,-0.5653902002473625,20.115119085885265,18.390085828198462,-0.8023194036654979,21.78317253741109,46.88760660735402,17.365262642241014,-217.46774193548387,51.780481137415755,20.570524815121715,-219.8563951746115,46.88760772920564,17.365263065447746,-217.46774404821323,-85.77278618071972,10.857912057953301,-28.257749542495215,-2.1646460120566555,-0.2501392789105231,-0.5966900754280932
2.52,0.0019075338328684577,0.008325538554108815,-0.052417896386036944,-1.1354077210094466,-0.0737497308539405,0.7601157890784498,0.004771410723906479,0.0027120340657023683,0.002587661159389484,19.106057572804612,-0.29841189458372674,18.388234114382744,19.0627857061369,-0.7706745053675023,21.34715485777327,42.432212874737544,26.44820051634812,-218.80645161290323,50.716357419009995,22.992234867968463,-220.1804794334496,42.432213888461135,26.44820114653097,-218.80645372114623,-14.628571586740524,16.63268803783907,-69.16159806630502,0.24988911039271205,-0.06618019506246624,-2.01557514030414
2.53,-0.009742092432500016,0.007176745546662899,-0.044351745577082824,-1.17086810446649,-0.1454212758449569,0.8354492633523126,0.0028787799723009617,0.0031915883015135394,0.0025876315599493937,19.106057572804612,-0.29841189458372674,18.388234114382744,19.731273233551452,-0.7009119333111369,20.881219270452693,42.432212874737544,26.44820051634812,-218.80645161290323,49.497734566864104,25.40628496085483,-220.51930942967275,42.432213888461135,26.44820114653097,-218.80645372114623,-41.356402296984605,12.04483224231375,-52.144294997536704,-1.4202823212157583,-0.2686455187135053,-0.9772347701286936
2.54,-0.02132153744703852,0.005387041456083031,-0.03573727209726829,-1.1411935358220902,-0.2052318162667572,0.8787896171321347,0.0025880638651582344,0.0038235843153483972,0.0025876148563198234,19.106057572804612,-0.29841189458372674,18.388234114382744,20.392789736222795,-0.5949874015142282,20.38531278286492,42.432212874737544,26.44820051634812,-218.80645161290323,48.127471008412144,27.80706211798535,-220.86488004888022,42.432213888461135,26.44820114653097,-218.80645372114623,-65.17522799137497,7.712487657042576,-35.05508481005536,-1.7958096701147637,-0.3591911070493907,-0.6776788471575187
2.55,-0.03240474433551782,0.0030362020087872504,-0.026833855149429375,-1.0767730846867078,-0.25874849948420076,0.8959069699929644,0.0025880638651582344,0.004378914456983525,0.0025876148563198234,19.106057572804612,-0.29841189458372674,18.388234114382744,21.023943496027087,-0.4572566765841159,19.87435185922167,42.432212874737544,26.44820051634812,-218.80645161290323,46.64855560297782,30.112957345664515,-221.2012461268186,42.432213888461135,26.44820114653097,-218.80645372114623,-83.09554121438563,3.720843864581952,-18.368201222908805,-2.0814928018762275,-0.4415493527864357,-0.39157377012081485
2.56,-0.003247255397414661,0.013826151822778066,-0.052332438231949774,-0.9838495197776653,-0.3076648228218433,0.8878293964786774,0.004128450294564403,0.00308133885144349,0.0025876148563198234,21.365548269971764,0.48368329322580994,16.41534880919797,21.608778502660822,-0.2902461963275055,19.36202482438617,36.239639361456,34.448345953784326,-220.14516129032256,45.09880380917239,32.26206622130987,-221.52441997596782,36.23964022564761,34.44834676335252,-220.14516339676788,-18.6689628826133,17.72397984123414,-65.4568382382449,0.0978016211204318,0.019576154615433758,-2.028502881915616
2.57,-0.013259913848209126,0.010309681738363656,-0.043004390478452226,-0.9995129145197265,-0.3830208025751109,0.959092753446488,0.002650547485886748,0.0037306895637549808,0.0025876148563198234,21.365548269971764,0.48368329322580994,16.41534880919797,22.182437008915034,-0.08470269147942382,18.82409356598605,36.239639361456,34.448345953784326,-220.14516129032256,43.402979158607884,34.37476272186666,-221.85818143371063,36.23964022564761,34.44834676335252,-220.14516339676788,-45.722510428072816,9.73547838273358,-45.92182014411368,-1.4379451097830005,-0.37938749111908326,-0.8396079197331935
2.58,-0.023089551585628365,0.006142108356747937,-0.03320099999091386,-0.9648556716363247,-0.4429215126120715,0.9931777218555686,0.0025880638651582344,0.004475239453805855,0.0025876148563198234,21.365548269971764,0.48368329322580994,16.41534880919797,22.74347443918279,0.1574597117978365,18.260620989141987,36.239639361456,34.448345953784326,-220.14516129032256,41.56438896101593,36.44817789092165,-222.195537457504,36.23964022564761,34.44834676335252,-220.14516339676788,-63.41308420554671,3.0863684562043314,-27.05996385313966,-1.7215115211931655,-0.507315635810086,-0.512375191817234
2.59,-0.03241704052416611,0.0014216057878547166,-0.02322180106837679,-0.9027108938821018,-0.4948106465893407,0.9974319074948356,0.0025880638651582344,0.004675271223402139,0.0025876148563198234,21.365548269971764,0.48368329322580994,16.41534880919797,23.27419679259181,0.4308559911454502,17.688777392373954,36.239639361456,34.448345953784326,-220.14516129032256,39.63476131974249,38.41417794844614,-222.52846615032678,36.23964022564761,34.44834676335252,-220.14516339676788,-78.5826173012892,-2.8742086607774366,-8.792993734593775,-1.9614169239903438,-0.6236231328594231,-0.20319373189781176
2.6,-0.00837125908121239,0.01854527164190204,-0.050411107605515704,-0.8175137369614471,-0.5382357380149517,0.9737962916710934,0.0030648191365680397,0.004489501634003423,0.0025876148563198234,23.234630276352906,1.7624977512015216,14.292226246919443,23.76163366554219,0.7313853031515012,17.12388729696042,28.56341075473962,41.03817206036381,-221.48387096774195,37.65939797347709,40.218956161594086,-222.85644148869642,28.563411434256402,41.0381730155076,-221.4838730741722,-27.62911092549919,14.09169578787335,-59.03041357050218,-0.22515903990484482,-0.024708729951941916,-1.9579575387019708
2.61,-0.016602241531846806,0.012732404651236102,-0.040261748333488,-0.8158319196829564,-0.6122968488184067,1.0368700688230654,0.0025986694058210908,0.004610745557480568,0.0025876148563198234,23.234630276352906,1.7624977512015216,14.292226246919443,24.23246085944668,1.068437565704922,16.5394366856132,28.56341075473962,41.03817206036381,-221.48387096774195,35.55513405239258,41.962131348891525,-223.1885674412378,28.563411434256402,41.0381730155076,-221.4838730741722,-47.34757496402949,6.454543028959149,-38.60396027331469,-1.4130551915381502,-0.5014447856000309,-0.6965480695525079
2.62,-0.024576095772506357,0.00627105042793619,-0.029746460383639317,-0.7788857443499693,-0.6722691208432016,1.0586023995195568,0.0025880620007047808,0.004853413426399462,0.0025876148563198234,23.234630276352906,1.7624977512015216,14.292226246919443,24.687082896188286,1.4420228530427988,15.935897236307651,28.56341075473962,41.03817206036381,-221.48387096774195,33.322558911584686,43.64319752890025,-223.5229335092341,28.563411434256402,41.0381730155076,-221.4838730741722,-61.17408702937129,-1.4352789084388007,-18.912021076109742,-1.636158313293615,-0.6521546636107458,-0.3584660473600686
2.63,-0.03206258303452125,-0.0007334011398222318,-0.01919053052468439,-0.7210230435792324,-0.7218019699246137,1.0485466097241127,0.0025880590778593676,0.0045278653704217,0.002588628276509505,23.234630276352906,1.7624977512015216,14.292226246919443,25.112602328945687,1.8461187617732564,15.331837156330405,28.56341075473962,41.03817206036381,-221.48387096774195,31.018621816205698,45.206772873093634,-223.85855042177107,28.563411434256402,41.0381730155076,-221.4838730741722,-73.45522902679284,-10.118284825173133,0.04500707309591703,-1.8283788739479008,-0.8168630928480946,-0.041514379101071676
2.64,-0.013767512603693466,0.02220080223823513,-0.04669913707040568,-0.6451318303212784,-0.7514117897780109,1.0105665734612905,0.0026363594610339116,0.004963534122750792,0.0025876148563198234,24.672869282030717,3.500981383903185,12.126152144108088,25.49891237666265,2.272735616695447,14.743086196503826,19.717792755665936,45.94789058101153,-222.82258064516128,28.697981862987696,46.61123030164835,-224.19319542923665,19.717793223230164,45.94789164268712,-222.82258275182383,-36.60801447928271,12.653188826009854,-50.91544752870838,-0.5578221717698594,0.06592816647694151,-1.8285342928125148
2.65,-0.020172017062712266,0.01423481936510465,-0.036250987175700994,-0.6291341691845588,-0.8279502161324968,1.0607047639537992,0.0025884799669970314,0.004955000188360709,0.0025876148563198234,24.672869282030717,3.500981383903185,12.126152144108088,25.864505637169337,2.7331968507073623,14.142276745887395,19.717792755665936,45.94789058101153,-222.82258064516128,26.270210120829777,47.9312049857121,-224.5273984850481,19.717793223230164,45.94789164268712,-222.82258275182383,-48.900041460731536,3.40148923480342,-30.600691885466475,-1.3901293666021353,-0.6177505183030167,-0.5571203416177254
2.66,-0.026261734201550757,0.00561902669318632,-0.025574618822523015,-0.5900887214997202,-0.8871467612918122,1.0683261676973554,0.0025880480450658216,0.004913890283972309,0.0025876148563198234,24.672869282030717,3.500981383903185,12.126152144108088,26.211093142745415,3.2301622985265865,13.530318757099046,19.717792755665936,45.94789058101153,-222.82258064516128,23.731271206320418,49.16668460999163,-224.86524280820325,19.717793223230164,45.94789164268712,-222.82258275182383,-59.40694983964801,-6.300334187183622,-11.044626977910585,-1.5576154148869923,-0.8000470773379452,-0.22529375118231054
2.67,-0.03187823048675881,-0.003512545150668324,-0.01499939083704896,-0.5363452973958909,-0.9317132241706441,1.044188898199929,0.0025880417738270794,0.004075410991218948,0.0026035729449430745,24.672869282030717,3.500981383903185,12.126152144108088,26.5297377937436,3.7558016330519006,12.925955118723666,19.717792755665936,45.94789058101153,-222.82258064516128,21.142420921493002,50.27606680117638,-225.2088450052817,19.717793223230164,45.94789164268712,-222.82258275182383,-68.64554340627103,-19.071256072977953,7.722615299040358,-1.6993951236972569,-1.0403155780362312,0.0849604106640771
2.68,-0.019694527213596213,0.02445987916709262,-0.04141005573973078,-0.4692568930444456,-0.9409880135322549,0.9954394393964534,0.0025889511808179773,0.004998640553902439,0.0025876148563198234,25.657701315925028,5.64237176532368,10.029144431402703,26.813060784957905,4.295689739570337,12.344033229082003,10.064926004433014,48.97649706262472,-224.16129032258064,18.570028665506918,51.234228701753516,-225.54867504759108,10.064926242058748,48.97649818780421,-224.16129242812394,-43.12780949228013,11.106733184636289,-41.60850339078598,-0.8136178369014951,0.196376554691051,-1.6347236327591192
2.69,-0.024256888962632395,0.014571933239267532,-0.031207086626220598,-0.4409376554979486,-1.0200842535344468,1.029165631369484,0.002588028212464202,0.004965828352257539,0.0025876148563198234,25.657701315925028,5.64237176532368,10.029144431402703,27.072565180582753,4.866273457733322,11.758168846719231,10.064926004433014,48.97649706262472,-224.16129032258064,15.914468939020201,52.0879767458595,-225.88597762387315,10.064926242058748,48.97649818780421,-224.16129242812394,-51.35218709941615,-0.015508422612427242,-22.249301890150814,-1.382597936052513,-0.7349800239821558,-0.4277066109302844
2.7,-0.02844136307080558,0.004046807448749218,-0.02092725180629676,-0.398626405837345,-1.0766055260365375,1.0222595838044564,0.002588021228187626,0.004872196129740998,0.0025876148563198234,25.657701315925028,5.64237176532368,10.029144431402703,27.30983989544041,5.472462864032161,11.169754104306268,10.064926004433014,48.97649706262472,-224.16129032258064,13.167524101062137,52.83409869563743,-226.22926600285717,10.064926242058748,48.97649818780421,-224.16129242812394,-58.53112875810533,-11.615072894280466,-3.825260103054161,-1.4930095804856356,-0.949338774396002,-0.11917636613707955
2.71,-0.032153501089705216,-0.006937206805245885,-0.010883308220782956,-0.34740936290274965,-1.1094526747022786,0.9860672345062258,0.0025880119987570826,0.0030552788988045575,0.0027033345922128143,25.657701315925028,5.64237176532368,10.029144431402703,27.519546872394933,6.103484494258085,10.596500049386414,10.064926004433014,48.97649706262472,-224.16129032258064,10.394400577416514,53.44669226811642,-226.58027428804974,10.064926242058748,48.97649818780421,-224.16129242812394,-64.39037982960922,-34.47519362509446,14.143531399100425,-1.5790703522404823,-1.3172678685110375,0.1701328396891535
2.72,-0.026171745203002084,0.025064416990685276,-0.034810818877308,-0.28753625996240767,-1.0969868108538607,0.9318650589713909,0.002588000161510058,0.004998640553902439,0.0025876148563198234,26.181032382006634,8.109987756862653,8.109987756862662,27.696909389364528,6.737707635703793,10.050598795158402,1.2246467991473532e-14,50.0,-225.5,7.672010081444016,53.919840888506485,-226.91962873665221,1.2033874066735997e-14,50.00000114325184,-225.5000021019788,-50.05514988964429,8.589280400697959,-31.266085935609723,-1.074947734391895,0.27020669378250484,-1.3612998086181005
2.73,-0.028833284666367476,0.013605553692196709,-0.02535516222421022,-0.2465362401895675,-1.1762126327205864,0.9468565315618289,0.0025879914227136696,0.004963182471620102,0.0025876148563198234,26.181032382006634,8.109987756862653,8.109987756862662,27.84692515297009,7.398186169011097,9.5085279463185,1.2246467991473532e-14,50.0,-225.5,4.892353803825378,54.26970747677966,-227.25467137622408,1.2033874066735997e-14,50.00000114325184,-225.5000021019788,-54.62432280748889,-4.014084728678321,-13.814692338083992,-1.386928593127519,-0.8524234297259446,-0.3115985626938593
2.74,-0.031045225149899935,0.0015415669482503336,-0.015980116843944625,-0.19999433163888397,-1.2281569902737548,0.9255661564830043,0.0025879808984336315,0.004747162693080968,0.0025969464609202847,26.181032382006634,8.109987756862653,8.109987756862662,27.97097577767248,8.092262008492533,8.972759730195841,1.2246467991473532e-14,50.0,-225.5,2.0436355533361623,54.48870170320554,-227.5992145052617,1.2033874066735997e-14,50.00000114325184,-225.5000021019788,-58.20761007382796,-17.357543397734574,2.582010443273573,-1.4352702361377756,-1.0971196144921878,-0.041248819494400124
2.75,-0.03277445414089075,-0.010885120033115397,-0.006961951953383949,-0.1501495483956033,-1.24575919970872,0.8796469167333905,0.0025879689371279204,0.002771298462610836,0.003057841425995007,26.181032382006634,8.109987756862653,8.109987756862662,28.06717421628712,8.804945976187602,8.458788634544197,1.2246467991473532e-14,50.0,-225.5,-0.804460771592786,54.56919493449929,-227.9510506278339,1.2033874066735997e-14,50.00000114325184,-225.5000021019788,-60.36895335746438,-48.0103207559429,17.908847322647865,-1.457683423811715,-1.6510287081260027,0.2015760386894289
2.76,-0.0328382839095272,0.023923541402640747,-0.027149281471440856,-0.09636994021426964,-1.2111637417740262,0.8235034315082546,0.002587955260890972,0.004998640553902439,0.002587636262190886,26.24660909502345,10.809060086860155,6.466856337413449,28.133316047650354,9.508750505174946,7.974907106178308,-10.06492600443299,48.97649706262473,-226.83870967741936,-3.5691714177644904,54.52496249390112,-228.28211496674035,-10.064926239113188,48.976498177952365,-226.83871177316854,-57.23513332179115,5.138366432485805,-20.270296074012187,-1.3399509250899173,0.29663999949000847,-1.0684881339651104
2.77,-0.03350708899435584,0.011328877360252398,-0.018897206471073902,-0.04307358811425498,-1.2878741504221596,0.8185563196885999,0.0025879409518997903,0.004958976437270306,0.0025890093968192578,26.24660909502345,10.809060086860155,6.466856337413449,28.168594091644554,10.234070710732698,7.502825875489957,-10.06492600443299,48.97649706262473,-226.83870967741936,-6.364034193618631,54.33972162800002,-228.6104089338222,-10.064926239113188,48.976498177952365,-226.83871177316854,-57.87557969414243,-8.418981073814676,-5.607702205832675,-1.3879018339776767,-0.9645506363953161,-0.21268507802560535
2.78,-0.03365698533267997,-0.0018183321122035856,-0.010886019196686497,0.007529922198483168,-1.3330587065625348,0.7832710189370822,0.002587926702137131,0.00438048800796636,0.0027089906303240903,26.24660909502345,10.809060086860155,6.466856337413449,28.17430002803173,10.989787783910373,7.045973793763643,-10.06492600443299,48.97649706262473,-226.83870967741936,-9.203118665503823,54.00278068448173,-228.95318984969055,-10.064926239113188,48.976498177952365,-226.83871177316854,-57.54882985876917,-24.204865568189028,8.028878611059813,-1.36872166980438,-1.2567528457339565,0.007207476861276425
2.79,-0.03331231496699921,-0.015182770413073948,-0.0033321918712671678,0.056433098496696726,-1.3291916094715162,0.7313505423700815,0.0025879123470759326,0.0026115862581086876,0.0038575825037008103,26.24660909502345,10.809060086860155,6.466856337413449,28.15175311231209,11.754920391207255,6.616189079705796,-10.06492600443299,48.97649706262473,-226.83870967741936,-12.010561373895472,53.52804762077459,-229.29972054931403,-10.064926239113188,48.976498177952365,-226.83871177316854,-55.579848529128824,-60.550826187428726,18.586693304400175,-1.321549017754959,-1.8796052209669531,0.1630975343380512
2.8,-0.03907959570642605,0.021044041731786256,-0.01875637891167589,0.10374560018950534,-1.2765300266566744,0.6736791083205022,0.0025878979405563915,0.004998046267461262,0.0025893604955479457,25.868788275619313,13.631391701024409,5.181935144702023,28.101466632912587,12.49983653411379,6.217903630260878,-19.717792755665915,45.947890581011535,-228.17741935483872,-14.70535392085864,52.94606867027847,-229.61903892921904,-19.717793211894122,45.94789162377691,-228.17742144237747,-63.51564417484812,0.9849985360193956,-9.22484464416216,-1.5853063867915291,0.2911512737427943,-0.7778443438898861
2.81,-0.037677617769529104,0.00781853457167217,-0.012126518462105731,0.16738656407519353,-1.348034195773727,0.6482308326779405,0.0025878778066769715,0.004944239514740641,0.00266210763813685,25.868788275619313,13.631391701024409,5.181935144702023,28.017638801487543,13.260935980815802,5.839823605728733,-19.717792755665915,45.947890581011535,-228.17741935483872,-17.400769796640567,52.20949682801589,-229.94047852378895,-19.717793211894122,45.94789162377691,-228.17742144237747,-60.02254676713775,-12.980466234778266,2.0270493205459132,-1.367771303350615,-1.0652207376770877,-0.13550370801331882
2.82,-0.03570394685520284,-0.0058815844904453185,-0.005895232333355968,0.22067011362886949,-1.3825725380056542,0.6003410771785462,0.0025878603282808504,0.0028002130797787385,0.0030645041696010893,25.868788275619313,13.631391701024409,5.181935144702023,27.901537990156434,14.047488089878343,5.485601079952135,-19.717792755665915,45.947890581011535,-228.17741935483872,-20.11225762417903,51.30659029946971,-230.28159624325602,-19.717793211894122,45.94789162377691,-228.17742144237747,-55.217415317461345,-42.88548533698282,12.3329796850237,-1.2687632151045756,-1.7170744646829497,0.031421626107358665
2.83,-0.0332328907675607,-0.01960085565644859,-0.0001877900017537848,0.2677152788649585,-1.355762952600241,0.5459619896128234,0.002587844460461257,0.002589125296856467,0.004321482976262125,25.868788275619313,13.631391701024409,5.181935144702023,27.75730677904217,14.831819041813969,5.161738618362672,-19.717792755665915,45.947890581011535,-228.17741935483872,-22.758529788634135,50.27505514935137,-230.61984930912163,-19.717793211894122,45.94789162377691,-228.17742144237747,-49.32860923065332,-69.53779121465222,17.839478224285156,-1.1592022982585228,-2.041086914017258,0.09662883926847934
2.84,-0.04422493014219536,0.01660428887594312,-0.010122986293207792,0.30691499992932997,-1.287470928659478,0.4850557553073026,0.00258783094828003,0.0049740964267570255,0.0027789878543372625,25.072824513772424,16.462731340336575,4.318557792877297,27.58853276788873,15.586170967074949,4.870885717841956,-28.5634107547396,41.03817206036383,-229.51612903225805,-25.26506413563942,49.156912607699425,-230.9299812201043,-28.563411410302116,41.03817298911062,-229.5161311108858,-67.78649333717028,-3.511622392291203,1.4289193925461459,-1.788603277053323,0.2596871932810903,-0.5051478375588375
2.85,-0.040741103690416,0.0033090744009093287,-0.00550214012946354,0.37759279636417814,-1.3510648269843066,0.4397433619718648,0.0025878059745970015,0.0048442914642691905,0.00318230295278592,25.072824513772424,16.462731340336575,4.318557792877297,27.38514156776234,16.350766706838346,4.608918906362842,-28.5634107547396,41.03817206036383,-229.51612903225805,-27.7404074685051,47.87748342197069,-231.24997118910414,-28.563411410302116,41.03817298911062,-229.5161311108858,-60.051672280252866,-17.48446414186663,7.811500761249364,-1.3112287789320383,-1.1502157647967377,-0.10255999497531113
2.86,-0.03665783767585301,-0.010336538167050047,-0.0014065734387488926,0.4317707700099271,-1.3661006803103664,0.38462683910647394,0.002587786350648067,0.0028178984117264074,0.004210404789521307,25.072824513772424,16.462731340336575,4.318557792877297,27.148149427255053,17.13311395848952,4.377428514096067,-28.5634107547396,41.03817206036383,-229.51612903225805,-30.200814905373687,46.42818900517249,-231.59055869126007,-28.563411410302116,41.03817298911062,-229.5161311108858,-50.85148843792028,-49.25362344684643,12.471711124873249,-1.1396253444091566,-1.730050786448482,-0.039896372388191166
2.87,-0.03209584480640981,-0.0237908177942171,0.0021301762019895476,0.4742317460741069,-1.3221076663409832,0.3277178087644656,0.0025877707114983837,0.0025880638651582344,0.0040108131949284365,25.072824513772424,16.462731340336575,4.318557792877297,26.88440823254877,17.901219839917108,4.178073202939221,-28.5634107547396,41.03817206036383,-229.51612903225805,-32.562955221246376,44.86785722484319,-231.9218245232379,-28.563411410302116,41.03817298911062,-229.5161311108858,-41.13535892459284,-75.94053195261709,16.376039010829224,-0.9648639712939158,-2.1454646040722336,0.009520255032466875
2.88,-0.04771656353335402,0.011034675690618001,-0.0018821117392348735,0.5031101831973658,-1.2410323897032762,0.264366050839397,0.0025877599570166706,0.004958432389170773,0.004169210324045751,23.896348734382826,19.19163361210924,3.92046367885541,26.600768508633042,18.631475950365587,4.013434343594635,-36.239639361455986,34.44834595378434,-230.8548387096774,-34.76113645944455,43.24568162942126,-232.2293331276407,-36.239640186537805,34.44834673184497,-230.8548407800643,-69.04941018578947,-7.716477564352047,8.485738230620601,-1.9291620406924488,0.21064304357075936,-0.30876372825329834
2.89,-0.04224202823261031,-0.0017384917978336412,0.00044859844577523067,0.5771665824581332,-1.293682925231964,0.20627869025598988,0.0025877319931739643,0.004392797250293279,0.0042161872936979155,23.896348734382826,19.19163361210924,3.92046367885541,26.28323112009992,19.365503057588263,3.8832884986205,-36.239639361455986,34.44834595378434,-230.8548387096774,-36.900784753376726,41.466486216295294,-232.55044984508797,-36.239640186537805,34.44834673184497,-230.8548407800643,-57.2342667104596,-22.68713459145021,9.851493808917972,-1.2088958262937273,-1.2371682596657816,-0.13830096567482633
2.9,-0.036171370268726744,-0.014686316395589039,0.002182940556559529,0.6290837229506245,-1.2858403167271597,0.14678890318689677,0.0025877121061226214,0.00261862765753732,0.003961802581060431,23.896348734382826,19.19163361210924,3.92046367885541,25.932527566966744,20.10654403584134,3.7873189328119414,-36.239639361455986,34.44834595378434,-230.8548387096774,-38.991366592451556,39.52820255646299,-232.88666548669957,-36.239640186537805,34.44834673184497,-230.8548407800643,-44.03121088088162,-57.7880885146123,12.011543768066206,-0.9710771604417797,-1.8394874186748296,-0.11850791404280442
2.91,-0.029676369174657824,-0.02726496554978608,0.0033233125552554893,0.6634578094819098,-1.229581166077487,0.0870561866713807,0.0025876988326074732,0.0025880638651582344,0.0037159903888331286,23.896348734382826,19.19163361210924,3.92046367885541,25.558526616668406,20.82381883568696,3.72540944356353,-36.239639361455986,34.44834595378434,-230.8548387096774,-40.954373605796505,37.50185319755691,-233.21302724712044,-36.239640186537805,34.44834673184497,-230.8548407800643,-30.915123928507587,-79.38202938630836,12.69591878647532,-0.7404028963975354,-2.1830809016207438,-0.12523196918197457
2.92,-0.04920507237734856,0.004997116045144245,0.005463685089967502,0.6797848879965291,-1.1400261275299468,0.026692246392994633,0.0025876925021188204,0.00489990066268258,0.0031819135798655425,22.391320623732398,21.717845639575888,4.012243839636033,25.170846842757143,21.497747734434835,3.6981291298858268,-42.43221287473754,26.44820051634814,-232.19354838709677,-42.73753010808165,35.443639994396804,-233.52090281020813,-42.432213833494316,26.448201113210228,-232.19355045088503,-67.1933486752684,-11.388553462459289,13.79076969766936,-2.0048537059974043,0.14184984264026385,-0.10473099673922821
2.93,-0.041965929133242375,-0.006694037910048745,0.005333136642500014,0.7522019015381509,-1.1767842486828257,-0.04411253068955016,0.002587664259349421,0.002935263854637233,0.0033645950392459326,22.391320623732398,21.717845639575888,4.012243839636033,24.75237664267909,22.168780796705498,3.7095857593423225,-42.43221287473754,26.44820051634814,-232.19354838709677,-44.43552510370489,33.242940270599746,-233.84511392801159,-42.432213833494316,26.448201113210228,-232.19355045088503,-51.44571017324628,-36.42199585059536,11.971750306119494,-1.0630017907941454,-1.443517945709888,-0.17786720411684118
2.94,-0.03417664425765832,-0.018362142710455664,0.004535549996461247,0.7975770964463164,-1.1512004952287682,-0.10799324102468116,0.0025876464580472523,0.0025914013472800217,0.003738329849508268,22.391320623732398,21.717845639575888,4.012243839636033,24.30360978357474,22.835598020675462,3.758912554884463,-42.43221287473754,26.44820051634814,-232.19354838709677,-46.046601108758935,30.903913461766162,-234.1812573492686,-42.432213833494316,26.448201113210228,-232.19355045088503,-35.28116717460266,-60.96642956708659,9.3120581000053,-0.7772563968550527,-1.8548604707176246,-0.24159022963263133
2.95,-0.026055146094595694,-0.029552750439325037,0.003127508637650697,0.8207145930534758,-1.0881191063567706,-0.16704126130654684,0.0025876373596039797,0.0025880638651582344,0.0041820709450745815,22.391320623732398,21.717845639575888,4.012243839636033,23.83708454875334,23.472982122813278,3.842947532984147,-42.43221287473754,26.44820051634814,-232.19354838709677,-47.511509704451235,28.503624878567486,-234.5103955703461,-42.432213833494316,26.448201113210228,-232.19355045088503,-19.30618112530522,-79.48194305114643,6.111030095395198,-0.5012483123931708,-2.14990001000816,-0.31281897374421047
2.96,-0.048644188955006384,-0.0008471415468499499,0.011408405002705416,0.8218997898263839,-0.9965025290377766,-0.22232065635668893,0.0025876368932445278,0.004517337639991465,0.002795225673138093,20.625440978679805,23.95836236159906,4.600000391608106,23.364675211556648,24.064774114403686,3.959709446259587,-46.887606607354016,17.365262642241035,-233.53225806451613,-48.79154176996664,26.104150891919225,-234.82685927339733,-46.88760765942921,17.36526303470163,-233.53226012362092,-62.55914422300191,-15.195595234913707,17.944478856861792,-2.0130105476274913,0.03179441759218317,0.07274329056156015
2.97,-0.04001029784418453,-0.010997006162023981,0.008728510609375531,0.8885355922549291,-1.0140875618823946,-0.30098538616090714,0.0025876148563198234,0.002762832631207646,0.00353681276767455,20.625440978679805,23.95836236159906,4.600000391608106,22.866683993741525,24.64643348591603,4.117529516763426,-46.887606607354016,17.365262642241035,-233.53225806451613,-49.960377605822195,23.58660491539667,-235.15985920569287,-46.88760765942921,17.36526303470163,-233.53226012362092,-43.766434125271466,-41.156051030536815,10.198928288459578,-0.8950711295810786,-1.4974310814012934,-0.28581605458828957
2.98,-0.030909402059214608,-0.020967853081328758,0.0053605360366232035,0.923802294263637,-0.9782934291325849,-0.36474773855793385,0.0025876148563198234,0.0025880638651582344,0.004342080639576908,20.625440978679805,23.95836236159906,4.600000391608106,22.343370029128366,25.21548429456141,4.3141028142034905,-46.887606607354016,17.365262642241035,-233.53225806451613,-51.0154285020743,20.9581475621535,-235.50111696599947,-46.88760765942921,17.36526303470163,-233.53226012362092,-25.40419742770112,-60.907140645996336,4.118969959919859,-0.5761626987372237,-1.8088813647264232,-0.40551854984574576
2.99,-0.021599821427295274,-0.030420535078057975,0.0013971842188753442,0.9329498658999203,-0.9144933471070814,-0.421236925882583,0.0025876148563198234,0.0025880638651582344,0.004634340237366331,20.625440978679805,23.95836236159906,4.600000391608106,21.8095932737786,25.753285454273307,4.544386286784605,-46.887606607354016,17.365262642241035,-233.53225806451613,-51.917878837302844,18.296801187275022,-235.83938400870392,-46.88760765942921,17.36526303470163,-233.53226012362092,-7.604239251214051,-76.52286402893188,-1.3129113931744254,-0.2732405683521157,-2.0555621419260954,-0.5139792011232207
3.0,-0.04625781568193721,-0.006087044179741485,0.015608487037725757,0.9172070800171376,-0.8277544960466988,-0.4706036231496766,0.0025876148563198234,0.002772340305810292,0.004019116210135911,18.6819325723832,25.85018696503498,5.671566391141009,21.278962660870395,26.24683228035658,4.804835308112566,-49.42341621640556,7.571388875228859,-234.8709677419355,-52.64044774453024,15.667260392822904,-236.17283162419503,-49.42341731841188,7.571389048356713,-234.87096979781262,-54.67617658077663,-27.425706725857548,13.936694974041911,-1.925870836082557,-0.3692563811642517,0.019046048583952067
3.01,-0.03670979472137276,-0.014420236557658617,0.010462923730471127,0.9754113277835362,-0.8262605821850354,-0.5464360779762761,0.0025876148563198234,0.002623119204937953,0.0044662552911975675,18.6819325723832,25.85018696503498,5.671566391141009,20.72915948822034,26.723588493890237,5.103774488699159,-49.42341621640556,7.571388875228859,-234.8709677419355,-53.235666104144805,12.95275745861158,-236.51541280593054,-49.42341731841188,7.571389048356713,-234.87096979781262,-34.91841658420516,-44.090672259292404,5.7704331863275815,-0.7231150691900459,-1.4882616268500544,-0.43255074807041044
3.02,-0.026809506171149855,-0.02249036633945878,0.004649193403095886,0.9976281158682028,-0.7877969360773189,-0.6085362676829179,0.0025876148563198234,0.002588062343343304,0.004806916424646656,18.6819325723832,25.85018696503498,5.671566391141009,20.160807910082674,27.183637550135742,5.4403804019891115,-49.42341621640556,7.571388875228859,-234.8709677419355,-53.70424926759012,10.15615726408074,-236.86391662358943,-49.42341731841188,7.571389048356713,-234.87096979781262,-15.628356341879805,-58.68895777373815,-1.70837672309634,-0.3916111759359718,-1.721799599874666,-0.5767066059625742
3.03,-0.01684425554940694,-0.030057369787012567,-0.001733234259704411,0.9915238372106266,-0.7283820444787239,-0.6609062159891268,0.0025932502508907444,0.002588059516560418,0.004387599257612433,18.6819325723832,25.85018696503498,5.671566391141009,19.590346435130343,27.613681634674435,5.809001207492879,-49.42341621640556,7.571388875228859,-234.8709677419355,-54.0228435669182,7.353191737745575,-237.21490533011377,-49.42341731841188,7.571389048356713,-234.87096979781262,3.0516228251420134,-71.29873775695725,-10.282101756980222,-0.07779484011529235,-1.9189397788154854,-0.7411912921433643
3.04,-0.04242451053503721,-0.010752374097739714,0.018062229816582065,0.9608180949461854,-0.6508614173488535,-0.6936179509178134,0.0025876148563198234,0.0027802439588932035,0.004851675935747246,16.656895630870522,27.349997803595997,7.19613817033026,19.03185844505405,28.003663319074175,6.201679440543151,-49.93582535855264,-2.532458441935609,-236.20967741935482,-54.18143128210508,4.610971915334285,-237.56363063545075,-49.935826465615534,-2.532458494057198,-236.20967947248008,-46.22120762160201,-30.44445768389711,10.240484927558379,-1.802596931218194,-0.5243167789196104,0.06835603185016663
3.05,-0.03250610356625816,-0.017232198229119533,0.010680492971008274,1.006638205403646,-0.6373459554328544,-0.7693640115362593,0.0025876148563198234,0.002595211419155324,0.0049118895279768055,16.656895630870522,27.349997803595997,7.19613817033026,18.461557889644105,28.373671321936936,6.628644217597352,-49.93582535855264,-2.532458441935609,-236.20967741935482,-54.20842651887836,1.8162662094419653,-237.91511848885986,-49.935826465615534,-2.532458494057198,-236.20967947248008,-26.158864419423768,-44.63981585687503,1.26814355382012,-0.568076380563801,-1.4456275899286573,-0.5755302502070024
3.06,-0.022370262917464245,-0.02340886639616846,0.0026496427698835673,1.0147991030650487,-0.5991286768357188,-0.8288424393305049,0.0025876148563198234,0.0025880490013442904,0.0048126805823699315,16.656895630870522,27.349997803595997,7.19613817033026,17.88051932605524,28.725286208532673,7.0921147438119245,-49.93582535855264,-2.532458441935609,-236.20967741935482,-54.102149292430916,-1.0332583024210125,-238.27324064286117,-49.935826465615534,-2.532458494057198,-236.20967947248008,-6.873257094803321,-55.64974339140236,-8.215034752496006,-0.24037918746187356,-1.6211603542863056,-0.754891156788397
3.07,-0.012311367052512845,-0.0291186817955007,-0.005897480717514919,0.9947273208896509,-0.5457790893909131,-0.8719958162208155,0.0026484354556381277,0.0025880429468480917,0.0027963089457001336,16.656895630870522,27.349997803595997,7.19613817033026,17.305470673097734,29.04928860715868,7.5840622150633585,-49.93582535855264,-2.532458441935609,-236.20967741935482,-53.855518098261854,-3.864375105084708,-238.63666612941987,-49.935826465615534,-2.532458494057198,-236.20967947248008,12.405542949897333,-64.96980289496402,-29.13556162125411,0.08448574138453967,-1.7622866627109075,-1.1898575192112584
3.08,-0.037527618428459475,-0.015335332891414699,0.018961109369513507,0.9550115193697554,-0.47822394406181395,-0.8787544680132812,0.0025876148563198234,0.002609149298712159,0.004986956831132616,14.654146991811503,28.431773715603686,9.123707382544039,16.748997045936758,29.33794704132774,8.0884905630889,-48.40385594331021,-12.532626612936044,-237.5483870967742,-53.48213959014119,-6.606822115398079,-238.9891055050244,-48.403857010740154,-12.532626886777035,-237.54838914649443,-37.06039891794414,-36.139808975622124,7.3470067402745824,-1.5998085613869781,-0.7753880428686416,0.19835165872934832
3.09,-0.027753594067140952,-0.020021506507325426,0.009709047997631337,0.9857651294947848,-0.45550504478994464,-0.9557167968529193,0.0025876148563198234,0.002588593053646656,0.004955023925344866,14.654146991811503,28.431773715603686,9.123707382544039,16.187787327838855,29.604828475386373,8.622536493509571,-48.40385594331021,-12.532626612936044,-237.5483870967742,-52.97776770973562,-9.372045094613496,-239.33939078699865,-48.403857010740154,-12.532626886777035,-237.54838914649443,-17.86511700570842,-45.19359254608869,-3.377639768515679,-0.4356454514386034,-1.406800150089555,-0.7123752435585354
3.1,-0.017902586749660387,-0.024375005775315872,-0.00016666238950324708,0.9802551057260631,-0.41730512056000096,-1.01121190829776,0.002590465817493914,0.0025880243836973555,0.004597137328453988,14.654146991811503,28.431773715603686,9.123707382544039,15.623844984780288,29.852017763238507,9.191455791088949,-48.40385594331021,-12.532626612936044,-237.5483870967742,-52.33570674842335,-12.165254331899003,-239.6982225230051,-48.403857010740154,-12.532626886777035,-237.54838914649443,0.5358005427742718,-52.941027299608464,-15.30807161553057,-0.12649928809158809,-1.5276278630670825,-0.9352946775518368
3.11,-0.008252977614799817,-0.028289783696290483,-0.010460719405332525,0.9493010071322617,-0.3687437607001363,-1.0372473487456315,0.0029174934228394034,0.002588015945189077,0.0028065800578562184,14.654146991811503,28.431773715603686,9.123707382544039,15.072851964115554,30.07347498726357,9.782492446910773,-48.40385594331021,-12.532626612936044,-237.5483870967742,-51.56810236819776,-14.914792465782657,-240.06030581288374,-48.403857010740154,-12.532626886777035,-237.54838914649443,18.30728111501502,-59.137193675331766,-41.49131293985262,0.16223417196141027,-1.618437596455169,-1.4090820293716348
3.12,-0.031736473452581626,-0.020283607522512015,0.018698911051085898,0.9055480408406815,-0.3099912367506316,-1.0206929501383237,0.0025876148563198234,0.002588319166369626,0.004985464444288113,12.77833105003254,29.083704130962634,11.385111452287845,14.544363290962353,30.263593050822838,10.373146765824186,-44.89022697853709,-22.01970757788169,-238.88709677419354,-50.70920156938444,-17.552363703511574,-240.3994530094065,-44.890227963595,-22.019708060471608,-238.88709881898436,-27.54888486640001,-41.166871415033235,4.219329377427459,-1.3573131810266694,-1.001887281544717,0.26934024944017226
3.13,-0.02255397840254425,-0.023223790088526153,0.008017370652535244,0.9198605086983842,-0.2780536863663124,-1.0977402981105615,0.0025876148563198234,0.002587998185469628,0.004945873527176363,12.77833105003254,29.083704130962634,11.385111452287845,14.01791289986504,30.430045421295297,10.988986827723494,-44.89022697853709,-22.01970757788169,-238.88709677419354,-49.719975548834434,-20.18444573615333,-240.73430337618277,-44.890227963595,-22.019708060471608,-238.88709881898436,-9.995967294535943,-46.607256962471595,-7.920493786742278,-0.32335774736757456,-1.3837773498916288,-0.8357685634829146
3.14,-0.01343619569580623,-0.02578925282410438,-0.003255787799291393,0.9012762994359867,-0.23818394287066297,-1.1482058871918839,0.00262308714693542,0.0025879895808389765,0.004126773684460424,12.77833105003254,29.083704130962634,11.385111452287845,13.496712888003204,30.57472134758822,11.637641831236447,-44.89022697853709,-22.01970757788169,-238.88709677419354,-48.58797304855664,-22.816755766257334,-241.08106612365938,-44.890227963595,-22.019708060471608,-238.88709881898436,6.8315659297144,-51.03751155860618,-23.394880201306766,-0.04376706910143996,-1.4478268026580075,-1.1270751154858862
3.15,-0.0046248085024385155,-0.027923388538688143,-0.014816897709073379,0.8624934659673803,-0.19219015920844948,-1.154745075568763,0.0035321491897258835,0.002587979072168586,0.002616613403819807,12.77833105003254,29.083704130962634,11.385111452287845,12.994146359327335,30.69432410512123,12.300106105191023,-44.89022697853709,-22.01970757788169,-238.88709677419354,-47.34730795360744,-25.37926017333572,-241.42658546982858,-44.890227963595,-22.019708060471608,-238.88709881898436,20.97398009960531,-53.748771035818905,-55.55447463740313,0.17103013051351246,-1.480034014742948,-1.676806467279358
3.16,-0.02505779632044902,-0.025693126354357054,0.017582343147012125,0.8163147322591049,-0.14044651106558492,-1.1202047135508255,0.0025876390906556866,0.002587966527841693,0.0049791924484411006,11.127716779715376,29.30551074460525,13.89369428016753,12.516371939549298,30.785468533537028,12.951473017566396,-39.53878684688492,-30.60529912738315,-240.2258064516129,-46.045109964698604,-27.812175573219406,-241.74143328496766,-39.538787710512665,-30.60529979686685,-240.22580848963474,-17.54323575283354,-46.87193432910757,0.9738990581079172,-1.0978416469522403,-1.2393133613266514,0.3077667697888224
3.17,-0.01687192597546394,-0.026869706041842245,0.005903987022682355,0.8131100668249174,-0.09829975605236627,-1.1962010844218969,0.0025933803354180867,0.0025879557651071077,0.004919367307307737,11.127716779715376,29.30551074460525,13.89369428016753,12.047940480274915,30.850417103179634,13.62427854724547,-39.53878684688492,-30.60529912738315,-240.2258064516129,-44.61118354910167,-30.210507666879884,-242.05454802344698,-39.538787710512665,-30.60529979686685,-240.22580848963474,-2.40647364648504,-48.77944522132695,-12.103583954647391,-0.2275667436150953,-1.372523846008017,-0.9415307812424963
3.18,-0.008894678824979851,-0.02761596188091564,-0.006323427962098033,0.7821182090578749,-0.05513601687823727,-1.2387928273208904,0.0028601944896931375,0.0025879442544504494,0.002796494671187137,11.127716779715376,29.30551074460525,13.89369428016753,11.592750634355962,30.890688954131175,14.32697672348129,-39.53878684688492,-30.60529912738315,-240.2258064516129,-43.02980208863902,-32.57959403795326,-242.38408386296183,-39.538787710512665,-30.60529979686685,-240.22580848963474,12.60715533407545,-49.35681326076623,-40.4007752448866,0.02177599734304655,-1.368207211091372,-1.5176926806029738
3.19,-0.0013077470575508232,-0.027920514803856156,-0.01869239487485999,0.738635226039116,-0.009981733149288144,-1.228301243933715,0.004221911514192251,0.002587931704500288,0.002590638681820324,11.127716779715376,29.30551074460525,13.89369428016753,11.160588959294167,30.90554692012531,15.034871745524544,-39.53878684688492,-30.60529912738315,-240.2258064516129,-41.35613690429278,-34.85442905525558,-242.70844351058622,-39.538787710512665,-30.60529979686685,-240.22580848963474,21.293593628269193,-48.6042269151108,-65.25476309442017,0.14287812466858996,-1.3445405083732342,-1.8656876523954422
3.2,-0.017567953377238182,-0.031234570749214652,0.015615585376357877,0.6886895392147445,0.03576678723138403,-1.1795945477569587,0.0025916338434771266,0.002587918481609977,0.004969622061219541,9.788122924079953,29.106885546045785,16.54932769610454,10.755129023117597,30.894093797601528,15.723232019853961,-32.56862413611113,-37.93790613463952,-241.56451612903226,-39.64582770387094,-36.985485957548285,-242.99995555190452,-32.5686248444734,-37.93790696139656,-241.5645181587653,-7.208448897052846,-52.73264378223613,-2.3424887633651017,-0.8384063986247134,-1.476721114682582,0.3187331586674405
3.21,-0.010768267665836412,-0.030581839700599023,0.0033532363667197473,0.6670435109840218,0.08802498106304601,-1.252784157151352,0.002722672967038189,0.002587902782286954,0.004846141578306514,9.788122924079953,29.106885546045785,16.54932769610454,10.367086696139118,30.853774084684478,16.42927256903398,-32.56862413611113,-37.93790613463952,-241.56451612903226,-37.80325106766448,-39.0515084290896,-243.29615139845353,-32.5686248444734,-37.93790696139656,-241.5645181587653,4.883265498199052,-50.86546600807051,-16.009693564996866,-0.14843558249834854,-1.357348997166359,-1.0318716576654001
3.22,-0.004319134874430891,-0.02944103370278417,-0.00938952307563723,0.6253471459482745,0.134994641509124,-1.283608143905427,0.0036744366825354384,0.0025878881592020352,0.0029204168477312735,9.788122924079953,29.106885546045785,16.54932769610454,10.000018398844944,30.785734948035937,17.160836784746383,-32.56862413611113,-37.93790613463952,-241.56451612903226,-35.8123402076505,-41.05792061138307,-243.61309884494472,-32.5686248444734,-37.93790696139656,-241.5645181587653,14.814938854182039,-47.442666666885955,-45.015769200413004,0.003599051458188457,-1.284822683864627,-1.5722160081815477
3.23,0.001681744019880499,-0.027843365943534093,-0.022125651912403232,0.5787079190680975,0.1794824362960288,-1.2590094943932044,0.004335732448095684,0.002587873886905969,0.0025880638651582344,9.788122924079953,29.106885546045785,16.54932769610454,9.65889541236885,30.69166802404659,17.888907653863683,-32.56862413611113,-37.93790613463952,-241.56451612903226,-33.74675854636626,-42.94920848957454,-243.92092199518322,-32.5686248444734,-37.93790696139656,-241.5645181587653,21.197511540552586,-42.93023426726667,-72.4345210655955,0.0977061289305185,-1.1973904751381645,-2.002724656014526
3.24,-0.009571362705900449,-0.03629180826314149,0.012635851556193844,0.521976536926732,0.21871498558161293,-1.198682656953157,0.002822817937295683,0.0025878609791029038,0.00496120250411714,8.828849778503123,28.507300577783056,19.24484744004178,9.347407528521865,30.573646809466513,18.59057069760813,-24.265098126554044,-43.71733080722911,-242.90322580645162,-31.668714251231027,-44.682969868789684,-244.19984635645713,-24.265098652293776,-43.7173317554395,-242.90322782716257,3.158377937385438,-57.57495707543709,-5.788944647376388,-0.5971602739624048,-1.68912025988911,0.3016334432920438
3.25,-0.004547719313453019,-0.033752783300514455,0.00020902530091110316,0.4825969990222509,0.2793920527053298,-1.26630401626829,0.0036467698757089613,0.002587840462215828,0.004635941909278818,8.828849778503123,28.507300577783056,19.24484744004178,9.062034007135487,30.424880417360335,19.30566903847723,-24.265098126554044,-43.71733080722911,-242.90322580645162,-29.46243816298333,-46.321024771145936,-244.4925413709551,-24.265098652293776,-43.7173317554395,-242.90322782716257,10.034187264496726,-51.59961438646296,-19.979992516885954,-0.12040201403990115,-1.3168313791913762,-1.1135743032494243
3.26,1.597156241286979e-05,-0.030678308536646992,-0.012590223406596046,0.434784906443052,0.3294225346902689,-1.2812902026475674,0.004286296696293389,0.002587823077529502,0.002673943506968487,8.828849778503123,28.507300577783056,19.24484744004178,8.80330149847836,30.24589880293362,20.039516874975796,-24.265098126554044,-43.71733080722911,-242.90322580645162,-27.11527484693821,-47.8720191633479,-244.80534172622822,-24.265098652293776,-43.7173317554395,-242.90322782716257,15.511625781492208,-43.86376059755088,-54.05454241824182,-0.04026649021652014,-1.1713104156090302,-1.717860288994992
3.27,0.004086390717612465,-0.0271453199517524,-0.02523165327897192,0.38313495468979586,0.3713492159972407,-1.2445689275830898,0.003599074136624211,0.002587808210446678,0.0025880638651582344,8.828849778503123,28.507300577783056,19.24484744004178,8.573091730922968,30.041128383786965,20.76150193553246,-24.265098126554044,-43.71733080722911,-242.90322580645162,-24.715013264810345,-49.28971297667573,-245.10694446463077,-24.265098652293776,-43.7173317554395,-242.90322782716257,21.51376443947588,-35.94631843635479,-77.68525102140131,0.050102481127982296,-1.0268793351559937,-2.0951141793586627
3.28,-0.0016390007925106698,-0.040185378453088005,0.0085709108517259,0.31914213483528603,0.40246108463059876,-1.174426604290281,0.00418956394719022,0.00258779701549155,0.004949716529644302,8.300686654011697,27.53704111623567,21.874018730928498,8.376499054928152,29.815829138416035,21.451213042302964,-14.968156148667934,-47.70696282000243,-244.24193548387098,-22.329125910053225,-50.53694426674464,-245.38865466208875,-14.968156471866829,-47.706963849448854,-244.24193749574798,9.803461116297735,-59.975327794041156,-9.084957236591777,-0.4406159714420023,-1.848588762723391,0.26381649876806074
3.29,0.0012862065058359684,-0.03576709374198794,-0.0035640122069253155,0.2687514194739093,0.4689647363386101,-1.2323486212838535,0.004127212729414821,0.0025877726629707654,0.004064891754273158,8.300686654011697,27.53704111623567,21.874018730928498,8.211903372238623,29.559158718955562,22.148989116850185,-14.968156148667934,-47.70696282000243,-244.24193548387098,-19.826298890592764,-51.665479373555534,-245.68813253361006,-14.968156471866829,-47.706963849448854,-244.24193749574798,12.320485821065397,-49.909904044171455,-25.540983721675133,-0.14274689011533606,-1.235340812823986,-1.2177118517997858
3.3,0.0036786857253371386,-0.030791362303387304,-0.015913834717906694,0.2148269421383775,0.5190919366024102,-1.2286522354189158,0.0035638274303596614,0.0025877539671871528,0.0026038306284589317,8.300686654011697,27.53704111623567,21.874018730928498,8.077923257305603,29.27126909028349,22.856032504169413,-14.968156148667934,-47.70696282000243,-244.24193548387098,-17.203027547084186,-52.68147219326986,-246.0024041500833,-14.968156471866829,-47.706963849448854,-244.24193749574798,16.361257991004013,-38.383780495449194,-59.74713947041741,-0.0888517877183727,-1.0265539458252004,-1.7963841829564782
3.31,0.005512710329696718,-0.025389206035170586,-0.027971275714010257,0.1569172073926143,0.5552840613778843,-1.1819220089023472,0.003027594117663645,0.0025877403093773517,0.0025880638651582344,8.300686654011697,27.53704111623567,21.874018730928498,7.976188413227164,28.959759153285358,23.54400233449855,-14.968156148667934,-47.70696282000243,-244.24193548387098,-14.55335866499186,-53.54749709953676,-246.30891536801414,-14.968156471866829,-47.706963849448854,-244.24193749574798,19.46208938830106,-26.96540767760936,-80.81429519666442,-0.053370597444212346,-0.8236827381166105,-2.136982819786981
3.32,0.005602915795616253,-0.042361814851254065,0.0036457356895163717,0.09463207324086535,0.5768278217366071,-1.103514315234877,0.0030473478678628985,0.0025877321222319404,0.0048577989026364725,8.235422327420148,26.238955885524522,24.339419424184243,7.909361396516293,28.632389165711235,24.194674978710566,-5.0584160993716045,-49.74346616959476,-245.5806451612903,-11.947701681894076,-54.23985695633526,-246.6016943826239,-5.058416208258208,-49.74346723749705,-245.58064716523248,16.172137103802424,-59.53190945265456,-12.49031687276112,-0.1947018869389589,-1.9544303888342824,0.1936144279620839
3.33,0.006186834585914319,-0.03618954894954857,-0.007708859002155954,0.02931551886430917,0.6441000020990587,-1.145018408425363,0.002977078935680645,0.002587706317137483,0.0031665782259224272,8.235422327420148,26.238955885524522,24.339419424184243,7.879631876711489,28.275259114988064,24.8467746284488,-5.0584160993716045,-49.74346616959476,-245.5806451612903,-9.247687172306224,-54.79325148683915,-246.9147916903718,-5.058416208258208,-49.74346723749705,-245.58064716523248,16.05324930729668,-45.54626200290193,-35.505282823407946,-0.1540671963727143,-1.115234057265411,-1.3188166987417154
3.34,0.00613900973356904,-0.02948300682617422,-0.019099037747685066,-0.0319218545744889,0.689850681421636,-1.1267240095814368,0.0031158047650876874,0.0025876885917662422,0.0025898682110816174,8.235422327420148,26.238955885524522,24.339419424184243,7.885849146108174,27.88847587181946,25.498037561487067,-5.0584160993716045,-49.74346616959476,-245.5806451612903,-6.459343198351852,-55.207132165149666,-247.24193886615853,-5.058416208258208,-49.74346723749705,-245.58064716523248,14.628612816988294,-30.66006220416547,-62.79596171698144,-0.19418937667693134,-0.8480363467663803,-1.8223774640313901
3.35,0.00550290263650538,-0.022416598227836038,-0.03009092772469174,-0.08890867821619595,0.717645700644639,-1.0720599118137109,0.003433867471545932,0.0025876777666496605,0.0025880638651582344,8.235422327420148,26.238955885524522,24.339419424184243,7.92553648740688,27.482112195242475,26.124519928647686,-5.0584160993716045,-49.74346616959476,-245.5806451612903,-3.6744201163134327,-55.46502530959801,-247.5631606213347,-5.058416208258208,-49.74346723749705,-245.58064716523248,11.686448975106345,-15.911698219825935,-81.39363554408624,-0.2609689251221623,-0.5909651142793405,-2.1217881633433926
3.36,0.01148658696823987,-0.042553147729887275,-0.0016449342930043853,-0.14173201129490068,0.7274008411052085,-0.9889511748441688,0.0024725535530529166,0.0025876739586599435,0.004406977414509901,8.646037867300002,24.67011605826358,26.558544753326572,7.996636837490209,27.065867273935265,26.71026178414991,5.058416099371567,-49.74346616959476,-246.91935483870967,-0.9638388883878561,-55.56156427038438,-247.86983089924095,5.058416207941874,-49.74346723235675,-246.9193568358926,22.46331129777631,-56.107555634993766,-16.811375846819608,0.09349382968048366,-1.9951275372392556,0.06926651373095505
3.37,0.009625466428079654,-0.034890862765653397,-0.01174540377770561,-0.21805928320356416,0.7908866964742718,-1.0113996489145867,0.003001406514841649,0.002587649086593209,0.002714288851388901,8.646037867300002,24.67011605826358,26.558544753326572,8.107409572995794,26.62362812914059,27.289372843291908,5.058416099371567,-49.74346616959476,-246.91935483870967,1.8068972122443154,-55.504820399268226,-248.1949212016714,5.058416207941874,-49.74346723235675,-246.9193568358926,15.03426645763747,-38.368684638442026,-43.94924178124141,-0.24505846194621672,-0.9488472744226194,-1.4863524896365194
3.38,0.007102226723306487,-0.02675541261307446,-0.02172147639727079,-0.2788267576857816,0.8288325008313987,-0.9815231788968406,0.0037365109853491124,0.0025876341648028533,0.0025880638651582344,8.646037867300002,24.67011605826358,26.558544753326572,8.255404904333986,26.155451196293402,27.859065365069515,5.058416099371567,-49.74346616959476,-246.91935483870967,4.629613101454595,-55.29607322707478,-248.52927947870484,5.058416207941874,-49.74346723235675,-246.9193568358926,8.457284636723388,-20.97994993326029,-63.444196319691855,-0.3723794460186543,-0.6451988372907557,-1.7973880720794346
3.39,0.004018952444244883,-0.0183608587378295,-0.031238449194008366,-0.3315298169439539,0.8448559129965879,-0.9234736892476427,0.004419228407235113,0.0025897136797284016,0.0025880638651582344,8.646037867300002,24.67011605826358,26.558544753326572,8.435047965565316,25.673686190305702,28.40087706193093,5.058416099371567,-49.74346616959476,-246.91935483870967,7.419361215914405,-54.93885338510725,-248.857341473717,5.058416207941874,-49.74346723235675,-246.9193568358926,3.146518291326426,-3.9794075937729394,-79.54847953975874,-0.47599005656297877,-0.35344075823162036,-2.054495518658912
3.4,0.015813354598034596,-0.04077803740697333,-0.006733109384241154,-0.3788050972672518,0.8392544437462831,-0.842115723502045,0.003518360726526752,0.0025876300616399692,0.0029545460776968053,9.526898555601122,22.90240858792926,28.467071097093566,8.643146579519792,25.190017755246533,28.901619709602244,14.9681561486679,-47.70696282000244,-248.25806451612902,10.106753245158751,-54.43807500565707,-249.17513442526987,14.968156468993344,-47.70696383485262,-248.258066507526,17.889584309697856,-48.63243700269362,-27.808601021921202,0.02106328509877546,-1.9199540506403687,-0.28187675824707226
3.41,0.011603799440430995,-0.032025095357714195,-0.015237882401415492,-0.45137371175218816,0.8962474915106987,-0.8451341670887981,0.003975862806951079,0.0025876148563198234,0.0026109016611801936,9.526898555601122,22.90240858792926,28.467071097093566,8.888273011977281,24.68574473916632,29.388425294525533,14.9681561486679,-47.70696282000244,-248.25806451612902,12.815992416917704,-53.78503552907502,-249.5019612347549,14.968156468993344,-47.70696383485262,-248.258066507526,9.601030746156034,-29.41019472889119,-47.15525709270641,-0.4046699501658414,-0.7683247308263726,-1.490261872646857
3.42,0.006759945099342024,-0.022897410051769096,-0.023518782238808267,-0.5099863131542902,0.9225001361316209,-0.8105916522862995,0.004597105742430119,0.0025876148563198234,0.0025880630888212323,9.526898555601122,22.90240858792926,28.467071097093566,9.169110639920534,24.161407130251117,29.860771984153565,14.9681561486679,-47.70696282000244,-248.25806451612902,15.543239730409201,-52.98226099239153,-249.8332525925658,14.968156468993344,-47.70696383485262,-248.258066507526,2.1349007591195277,-10.682209356104382,-62.26755200805222,-0.5463245882436775,-0.4448027442336891,-1.734717858145181
3.43,0.0013766350384790405,-0.013645043730009243,-0.031332181186636776,-0.5603707812909925,0.9237979361238478,-0.7544398865657984,0.00469761737007944,0.0026196069836687376,0.0025880609132390457,9.526898555601122,22.90240858792926,28.467071097093566,9.480393567149973,23.63135105798301,30.30511711116343,14.9681561486679,-47.70696282000244,-248.25806451612902,18.21126050147237,-52.04352287738928,-250.1632743577163,14.968156468993344,-47.70696383485262,-248.258066507526,-4.815137619497131,7.524268259205038,-75.68298963877605,-0.6793312635953007,-0.13670193316641893,-1.9467867107008534
3.44,0.018694235379651064,-0.03734022493511674,-0.011391046864879573,-0.6010591796677875,0.9031063812084543,-0.679902152384819,0.004687960376876012,0.0025876148563198234,0.0027346806524498517,10.853646758145082,21.02119427271579,30.019209421694363,9.817576468001997,23.108217688108944,30.7111534347456,24.26509812655401,-43.717330807229125,-249.59677419354838,20.75637755752411,-50.98325002636162,-250.49132017600948,24.26509864419717,-43.71733173378546,-249.5967761795738,12.934303912691576,-39.75218300640173,-33.51862194646964,-0.03680499850534807,-1.7712159753816035,-0.502366806450307
3.45,0.012272560122227438,-0.028005955013943984,-0.018179320428254653,-0.6717297331815641,0.9489767994196427,-0.6695831302237973,0.004765832048000382,0.0025876148563198234,0.0025918490911771824,10.853646758145082,21.02119427271579,30.019209421694363,10.189321945790903,22.571304245505324,31.099012505654187,24.26509812655401,-43.717330807229125,-249.59677419354838,23.289408097550968,-49.77730326365224,-250.82413181273546,24.26509864419717,-43.71733173378546,-249.5967761795738,4.540734474238571,-20.035171142450288,-48.246080110447295,-0.5544722051763185,-0.5953030988521659,-1.462237850894083
3.46,0.005232794590995071,-0.018425763841058262,-0.024692634990301388,-0.7288168119194419,0.9613926408615424,-0.6338237513302419,0.004878503361021419,0.0025895645756360696,0.002588052405484414,10.853646758145082,21.02119427271579,30.019209421694363,10.595882449330578,22.02184166915823,31.47005140348555,24.26509812655401,-43.717330807229125,-249.59677419354838,25.81015315350376,-48.42807059460388,-251.16222221468786,24.26509864419717,-43.71733173378546,-249.5967761795738,-4.10927171550005,-0.9494521038712739,-60.11441676591382,-0.71772072309726,-0.26935151325422196,-1.6534673386218206
3.47,-0.0023189996463045537,-0.008865824052016913,-0.030759020966884987,-0.7747850653499573,0.9479357219385104,-0.5821808112656031,0.004297706046908613,0.002850757763247361,0.002588047185153776,10.853646758145082,21.02119427271579,30.019209421694363,11.031121507257733,21.475002139343278,31.8145859281106,24.26509812655401,-43.717330807229125,-249.59677419354838,28.25041932042507,-46.959100337468456,-251.50511270620225,24.26509864419717,-43.71733173378546,-249.5967761795738,-14.473174605815084,16.987058299100095,-70.61231783084396,-0.912493042254215,0.027102332582681406,-1.8169540696924429
3.48,0.019973683679846727,-0.032692135349264684,-0.015862526523086173,-0.7953388892833132,0.9198062618107176,-0.5151936701624514,0.004973345464841611,0.0025876148563198234,0.0026039197725509717,12.58297299514708,19.121626423162095,31.185921135613924,11.484850148814404,20.9415036655469,32.12445838390061,32.568624136111104,-37.93790613463955,-250.93548387096774,30.55749273733072,-45.40011298307579,-251.84347503503056,32.56862482840401,-37.93790693640828,-250.9354858513462,9.722103659737769,-30.11538708557853,-39.05273172273809,0.06453439168201296,-1.5432820026321723,-0.7407863725005396
3.49,0.011590539041983178,-0.02327617205813237,-0.020940081732978677,-0.8674577929181927,0.9507327765129135,-0.49598361408380076,0.004959430554165094,0.0025876148563198234,0.0025880364116132705,12.58297299514708,19.121626423162095,31.185921135613924,11.968930309067307,20.400721458255916,32.41394017280271,32.568624136111104,-37.93790613463955,-250.93548387096774,32.8256695640404,-43.70864095120335,-252.18133202785071,32.56862482840401,-37.93790693640828,-250.9354858513462,-0.31249378501426456,-10.865909428144148,-49.082385588354356,-0.696265610658488,-0.4400731827032393,-1.4316534232536644
3.5,0.0026065199364764258,-0.01375725331508082,-0.025710334328765905,-0.9217336746729141,0.9488466000603932,-0.45978247055096405,0.00481139852238596,0.002617867717601697,0.0025880311333576567,12.58297299514708,19.121626423162095,31.185921135613924,12.486709211656517,19.85558735940328,32.68511565807993,32.568624136111104,-37.93790613463955,-250.93548387096774,35.05326926298079,-41.88251546012998,-252.52754949426335,32.56862482840401,-37.93790693640828,-250.9354858513462,-10.932160997834046,7.6856344966202155,-57.867648562740655,-0.8937253354819449,-0.1271404118525675,-1.5709679557430112
3.51,-0.006830098870657747,-0.004393247598697303,-0.03005681898805368,-0.9556500759230103,0.9239495937832379,-0.41219182446393976,0.003003233937887111,0.003584971850775146,0.002588023531176589,12.58297299514708,19.121626423162095,31.185921135613924,13.02915070934447,19.32057549235757,32.93135489549392,32.568624136111104,-37.93790613463955,-250.93548387096774,37.18298754733713,-39.9569796622974,-252.8807184317438,32.56862482840401,-37.93790693640828,-250.9354858513462,-32.02432529693942,22.61968839119836,-64.83774147321594,-1.237337500617924,0.10146040331622747,-1.6757085617825647
3.52,0.019729519976546345,-0.027065386606675956,-0.02048543486582921,-0.9512148999313268,0.8925370477671257,-0.35226232515530037,0.004991267527247546,0.0025876148563198234,0.002588169582849407,14.652863720787863,17.30295994673108,31.9521500982161,13.577782306211137,18.802158616846086,33.146082527773366,39.538786846884896,-30.60529912738318,-252.27419354838707,39.17640189030085,-37.9807472001993,-253.21513422399923,39.538787683856285,-30.60529977314483,-252.27419552227636,6.215445204751493,-19.97901905002966,-43.80384127897552,0.16755549239234602,-1.302135466651612,-0.9566914669618601
3.53,0.009772367171955398,-0.018018567705461896,-0.023876858187190764,-1.0240362412133064,0.9068754644708601,-0.32484934010185346,0.004955239693432461,0.0025902439321280903,0.002588007669344905,14.652863720787863,17.30295994673108,31.9521500982161,14.151950084021301,18.283414934238042,33.33860860665934,39.538786846884896,-30.60529912738318,-252.27419354838707,41.10496456334566,-35.88834679118033,-253.545752533001,39.538787683856285,-30.60529977314483,-252.27419552227636,-5.379460017447171,-1.9977037536324667,-50.383458829223116,-0.8319081489379339,-0.30292001954448683,-1.4095537012730888
3.54,-0.0007571010095359654,-0.009017718559432064,-0.02692506957282892,-1.0740076133264977,0.8908777175813657,-0.28745256923570506,0.004528631598458128,0.0028359628083413,0.0025880001441897296,14.652863720787863,17.30295994673108,31.9521500982161,14.75800195160203,17.7687556018548,33.51107746713196,39.538786846884896,-30.60529912738318,-252.27419354838707,42.96455946748661,-33.67136791182418,-253.8890172862795,39.538787683856285,-30.60529977314483,-252.27419552227636,-18.37417188034889,14.774891178472007,-55.951030741655515,-1.0725646890131624,-0.0262922727146011,-1.493692641415991
3.55,-0.011629832506800719,-0.0002773416364220127,-0.029557910589214087,-1.0903102650091647,0.8597707929960009,-0.2420146823484135,0.002720925730282966,0.004353952644066783,0.0025879904281706444,14.652863720787863,17.30295994673108,31.9521500982161,15.38160756893486,17.269774044976664,33.65926948585047,39.538786846884896,-30.60529912738318,-252.27419354838707,44.71191263633173,-31.379537045191974,-254.23520806585344,39.538787683856285,-30.60529977314483,-252.27419552227636,-47.20055406624719,25.190953675542545,-59.24509173649861,-1.5849882941467288,0.1338084365571376,-1.5357891442019436
3.56,0.018277489820737236,-0.020511836788433935,-0.02537046905403828,-1.0634833898532794,0.8235910734915025,-0.18861740136626012,0.004983068950683519,0.002587726720436527,0.002587978230285202,16.984144282095514,15.661875702081295,32.314153702292074,15.99876428064758,16.78968484175659,33.77845815512475,44.89022697853708,-22.019707577881718,-253.61290322580646,46.32125047281728,-29.076801817354365,-254.5491132247293,44.89022792423995,-22.01970804286552,-253.612905192117,2.3297655137077182,-9.309565585761124,-48.993814411601164,0.21134895307348464,-1.0546149890953285,-1.179244829838092
3.57,0.007195171879072815,-0.012257457159555674,-0.02706616180231647,-1.13529524761177,0.8202400028628057,-0.15245215390899658,0.004938106651582508,0.002651945249692561,0.0025879695050499804,16.984144282095514,15.661875702081295,32.314153702292074,16.637246934410225,16.317295715752618,33.87344324437767,44.89022697853708,-22.019707577881718,-253.61290322580646,47.83803791833189,-26.674507332497846,-254.8615937793297,44.89022792423995,-22.01970804286552,-253.612905192117,-10.337175371381328,6.591312466615635,-52.16856719741923,-0.9536490596714523,-0.1829912186156962,-1.3947714903633377
3.58,-0.004418984410490379,-0.004198535929218261,-0.028373739283805266,-1.1789570637274862,0.7917736674346981,-0.11258115379349667,0.003848657012219191,0.00365591714872283,0.0025879594656877036,16.984144282095514,15.661875702081295,32.314153702292074,17.305019705946613,15.857262533541528,33.94605805133387,44.89022697853708,-22.019707577881718,-253.61290322580646,49.2575505528733,-24.158711374132928,-255.19206194902645,44.89022792423995,-22.01970804286552,-253.612905192117,-27.805365442102296,18.700984437309877,-53.94901066240768,-1.284893621953076,0.005269881722430571,-1.4126447968321574
3.59,-0.01622171224599439,0.0035339522641821275,-0.02925610172331794,-1.174077975976359,0.7575257916209064,-0.06764004107435892,0.002601306525506106,0.004466834835972155,0.0025879476387052863,16.984144282095514,15.661875702081295,32.314153702292074,17.98068367021786,15.41620807898074,33.994011830614966,44.89022697853708,-22.019707577881718,-253.61290322580646,50.55361523625768,-21.59597557281386,-255.51646232911278,44.89022792423995,-22.01970804286552,-253.612905192117,-60.09327606249441,27.59899693783284,-53.817932702437645,-1.8240925094076357,0.14969223939316786,-1.3990639188384617
3.6,0.01587779858504529,-0.013138558258465327,-0.030311312257067513,-1.1317039811640293,0.7111901101498653,-0.020959591403979162,0.004970730093601422,0.0026324140957574294,0.0025879348023093306,19.48401174977032,14.286142401294937,32.27768790057632,18.64007277093302,14.99807106634628,34.01533202716865,48.403855943310205,-12.532626612936076,-254.9516129032258,51.707336310597995,-19.059133388569478,-255.80583698387534,48.40385695748156,-12.532626879693792,-254.95161486100542,-1.6514717049374181,1.6674555094181034,-54.30159694286406,0.22929570233317229,-0.8362694117561461,-1.4005059178482542
3.61,0.004122296988321061,-0.006111968972055459,-0.03027063268337271,-1.2007712777776223,0.6902096121620382,0.02413887798825519,0.004874713344425974,0.003048641418127847,0.0025879218896249796,19.48401174977032,14.286142401294937,32.27768790057632,19.316899170808252,14.59697933054288,34.010433900118635,48.403855943310205,-12.532626612936076,-254.9516129032258,52.73943526483952,-16.441017941986804,-256.1021109061989,48.40385695748156,-12.532626879693792,-254.95161486100542,-14.868158462516483,13.672127408247631,-53.724679160697136,-1.056210779229877,-0.10312961695682146,-1.3740853874696395
3.62,-0.00809707007626198,0.0005974069663402803,-0.029789164504003818,-1.231542555946228,0.6547761186826615,0.06794903158323204,0.0031092866811115293,0.004400463966882333,0.0025879088863894786,19.48401174977032,14.286142401294937,32.27768790057632,20.018538038404984,14.214613794511344,33.98033681589914,48.403855943310205,-12.532626612936076,-254.9516129032258,53.65009703946903,-13.722523304137226,-256.4181221854505,48.40385695748156,-12.532626879693792,-254.95161486100542,-40.08600760624454,20.777958019756532,-51.269776928327396,-1.4898437270544824,0.001686291577222987,-1.3204510560727016
3.63,-0.0203380372516197,0.006927824934605892,-0.028867412165389683,-1.2111663372436974,0.6133772342644218,0.11169325580089731,0.0025883481332562176,0.0035282502532897435,0.002587895472465939,19.48401174977032,14.286142401294937,32.27768790057632,20.718454650556183,13.854356523136838,33.92502978830166,48.403855943310205,-12.532626612936076,-254.9516129032258,54.42739436423682,-10.986487311754571,-256.72189643015656,48.40385695748156,-12.532626879693792,-254.95161486100542,-69.35372456450689,32.46690709584065,-48.255621842866674,-1.996965191517628,0.20144482309324235,-1.2583738821113186
3.64,0.012638867510118501,-0.005357904214711745,-0.03486645770380159,-1.157239565531361,0.5488363217033272,0.15056706434189238,0.004961207919470284,0.0032744315293298746,0.00258788320879897,22.051725866423457,13.24968718020039,31.857406475314807,21.39482663834357,13.525206716053727,33.846073104308516,49.93582535855264,-2.5324584419356455,-256.2903225806451,55.05243700775231,-8.315007538795914,-257.0026572525855,49.93582639849112,-2.5324585008869587,-256.2903245293707,-5.416272118784191,10.975881002784124,-58.66791611093607,0.22888649965199692,-0.708951402425975,-1.5966803151644289
3.65,0.0006558641874910842,-2.4732316059705717e-05,-0.033051632096120054,-1.220418036215116,0.5166987748194474,0.2045628856452315,0.004677598521822279,0.004317692632681211,0.002587865668876689,22.051725866423457,13.24968718020039,31.857406475314807,22.084302023186982,13.221725491008407,33.73912448327743,49.93582535855264,-2.5324584419356455,-256.2903225806451,55.53084678512217,-5.581700318780704,-257.2995831268546,49.93582639849112,-2.5324585008869587,-256.2903245293707,-18.94974879839692,16.116105027591743,-53.87989079609971,-1.1407901599569128,-0.11499497503138417,-1.3277512209095457
3.66,-0.011682968219606571,0.004916247261333634,-0.03074430688011054,-1.2359910164037058,0.4746149713594216,0.2515003481332942,0.0027178377796479936,0.0035651679947869414,0.0025878499738169946,22.051725866423457,13.24968718020039,31.857406475314807,22.79183347615952,12.941084251103312,33.60426220172275,49.93582535855264,-2.5324584419356455,-256.2903225806451,55.870145190023926,-2.7659283576585154,-257.61273277468473,49.93582639849112,-2.5324585008869587,-256.2903245293707,-51.551444909010556,25.042205641115242,-47.713445194144654,-1.7247721403472063,0.03392231382829966,-1.2103023405133315
3.67,-0.023889607113285416,0.00936856279477008,-0.028000063050029222,-1.2030222601640619,0.4177202076004746,0.2917943406791125,0.0025880638651582344,0.002408175987311981,0.0025878361904815425,22.051725866423457,13.24968718020039,31.857406475314807,23.489138045531583,12.689377746845995,33.44477286837036,49.93582535855264,-2.5324584419356455,-256.2903225806451,56.062626188854416,0.03160140414448778,-257.9189455161694,49.93582639849112,-2.5324585008869587,-256.2903245293707,-76.16006386632122,39.71673860237054,-41.86472714719664,-2.1168223662074532,0.27225791092245577,-1.1021059864797993
3.68,0.008634893512581676,0.0019470716702133795,-0.0385182699258777,-1.1394039083683434,0.3371807709260271,0.32244165874468195,0.004950099907903407,0.004052588803129434,0.0025878255271951636,24.585835292801008,12.609516569468724,31.07746753262347,24.15728358717518,12.478657153667578,33.26539410477584,49.42341621640558,7.571388875228778,-257.6290322580645,56.0932335069876,2.725874615771878,-258.22293311786666,49.42341723893087,7.571389025531225,-257.62903419773073,-8.58724827664345,15.132147176444473,-60.86656735116491,0.21072040721853236,-0.6742049438100101,-1.7495478273268252
3.69,-0.0031234028814237647,0.005113717290063241,-0.034937713685288974,-1.1936763063238203,0.29536412476357643,0.38298615896940674,0.004152571111005947,0.0031853474057052973,0.0025878040388019365,24.585835292801008,12.609516569468724,31.07746753262347,24.83334254705755,12.299891541825216,33.05701455638332,49.42341621640558,7.571388875228778,-257.6290322580645,55.96074440801477,5.461028665522225,-258.5486860819705,49.42341723893087,7.571389025531225,-257.62903419773073,-24.450563672130052,20.943264003706304,-52.565836873773826,-1.2445695037009044,-0.08939745190347083,-1.2571733111792533
3.7,-0.015094244483370822,0.007775710823361259,-0.030839905109712684,-1.1917320397563929,0.24096317562541192,0.4302131508944541,0.0026127240154642387,0.0024624499895696044,0.0025877869201850045,24.585835292801008,12.609516569468724,31.07746753262347,25.51878957207592,12.150538001229123,32.81957737645631,49.42341621640558,7.571388875228778,-257.6290322580645,55.671099893286886,8.24646364080646,-258.891518996236,49.42341723893087,7.571389025531225,-257.62903419773073,-58.43575424360214,29.675387267299282,-42.762765500527195,-1.8237027661750533,0.044543437855228525,-1.0783307752306124
3.71,-0.026799609638533117,0.009838923014457324,-0.02632999085185439,-1.1483706959116975,0.1765560123208387,0.4661902477487803,0.0025880638651582344,0.0021137708483148264,0.0025877736896647266,24.585835292801008,12.609516569468724,31.07746753262347,26.186789339332655,12.036067274058217,32.55918552043661,49.42341621640558,7.571388875228778,-257.6290322580645,55.22746032475836,10.979218212178036,-259.23527465152625,49.42341723893087,7.571389025531225,-257.62903419773073,-79.58605910447282,35.894226606004345,-32.916679778700605,-2.165222766696401,0.12851272631000138,-0.9020715487639583
3.72,0.004087238789140746,0.007635237493700209,-0.04080148500022207,-1.074664578878068,0.10568924576997164,0.4904949501950835,0.0048735516367004825,0.002522751908648188,0.0025877646661848805,26.991615919003348,12.404273683303941,29.973012310554374,26.819874133356528,11.9610297264813,32.28207332925202,46.88760660735403,17.365262642241003,-258.9677419354839,54.63698412039789,13.58536720876884,-259.57630177250485,46.88760757071559,17.36526299505849,-258.96774386647843,-11.859153933977625,23.284924754891414,-61.099627131096646,0.14360367717053996,-0.3083886143227607,-1.8833360519533227
3.73,-0.006966632656798366,0.008374920945118047,-0.03552743258840274,-1.1150614515655763,0.04749020375468446,0.5526394770334601,0.0030687041920581005,0.0024437106116448125,0.002587741311541845,26.991615919003348,12.404273683303941,29.973012310554374,27.45471647202352,11.922040013291632,31.976630473449728,46.88760660735403,17.365262642241003,-258.9677419354839,53.87683268454322,16.20635673078701,-259.94006050587996,46.88760757071559,17.36526299505849,-258.96774386647843,-35.30289889924734,24.080289263308597,-48.47285334053791,-1.3651509813597902,-0.11612969216412372,-1.1435849826914155
3.74,-0.01806704046663571,0.008539082013559018,-0.029741424544685202,-1.0985483395394204,-0.00821518121756571,0.5979250899774385,0.00259220631978486,0.0025114776727302324,0.002587724066701003,26.991615919003348,12.404273683303941,29.973012310554374,28.08950043238962,11.915795680295487,31.64259567929538,46.88760660735403,17.365262642241003,-258.9677419354839,52.953728628742056,18.841569340808633,-260.31618959559813,46.88760757071559,17.36526299505849,-258.96774386647843,-61.03407645016157,22.97861711512024,-34.86693663463206,-1.8431873711782871,-0.14904541443681812,-0.8978312152094192
3.75,-0.028788052569619083,0.008171974306086155,-0.023578915159297442,-1.045999266366872,-0.059310035757394325,0.6290424843271051,0.0025880638651582344,0.002703288096894619,0.0025877121219993423,26.991615919003348,12.404273683303941,29.973012310554374,28.70058888780372,11.939729394836306,31.287811079437407,46.88760660735403,17.365262642241003,-258.9677419354839,51.895321422748914,21.403691678496127,-260.6814303078223,46.88760757071559,17.36526299505849,-258.96774386647843,-79.41838925159726,19.923328802293224,-21.16993002137713,-2.1391046383661774,-0.21634787509828843,-0.6575775009071161
3.76,-0.0005080673157364934,0.011677000554242395,-0.04129096794129411,-0.9658002563706924,-0.10531554351010378,0.6455124495050205,0.004558684706393756,0.0023416284002798814,0.0025877057718391725,29.18718370845649,12.653824496864777,28.591889761899882,29.272417996671308,11.991329698221678,30.92009662023796,42.43221287473758,26.448200516348074,-260.30645161290323,50.73009581156877,23.83010977587501,-261.02378499965226,42.43221374036805,26.44820105689429,-260.3064535357551,-14.853648138323118,25.997848079917844,-57.86492659716311,0.04743055156932283,0.005516164805913291,-1.9428390202518286
3.77,-0.010387690580407893,0.010248162531112992,-0.0344754191147883,-0.9908427663703345,-0.16990489135942902,0.7052846575864915,0.0028131797827075436,0.0027122602353749307,0.0025876825855470787,29.18718370845649,12.653824496864777,28.591889761899882,29.839063625711336,12.076699185603921,30.52650684976374,42.43221287473758,26.448200516348074,-260.30645161290323,49.408288398681634,26.24491828974891,-261.37688496425153,42.43221374036805,26.44820105689429,-260.3064535357551,-40.13850648362109,19.449396639761595,-41.32991010077957,-1.4776439056005402,-0.25784484787576334,-0.975761904392675
3.78,-0.020174075764857524,0.008263822262283838,-0.027192454760664175,-0.9636866969116312,-0.2202649739277564,0.7444661599579412,0.0025884943724536497,0.003251887233560461,0.0025876672872991707,29.18718370845649,12.653824496864777,28.591889761899882,30.39803725302253,12.193222021159835,30.107080363787045,42.43221287473758,26.448200516348074,-260.30645161290323,47.93605513318835,28.64261736405812,-261.73130639283596,42.43221374036805,26.44820105689429,-260.3064535357551,-60.787074008821726,13.13059915180501,-24.772215334117675,-1.8056989189835697,-0.37880778752193395,-0.6860595935701801
3.79,-0.029527493350130274,0.005823943804851378,-0.019617580347987384,-0.9084110791810356,-0.26241956588200493,0.7653563401920829,0.0025880638651582344,0.003928685342734435,0.00258833626171232,29.18718370845649,12.653824496864777,28.591889761899882,30.93063997448644,12.335395519831797,29.671981524754504,42.43221287473758,26.448200516348074,-260.30645161290323,46.35544049376095,30.950106998950282,-262.06807908053133,42.43221374036805,26.44820105689429,-260.3064535357551,-76.83663250987233,7.635566370826186,-8.540400004543969,-2.0623292196732392,-0.4822015179295016,-0.4059411101459284
3.8,-0.004689255689197425,0.015304627920097041,-0.03979332915277273,-0.830354054111792,-0.29941728531499906,0.7676411110291625,0.0037115231818790253,0.0030551543770383476,0.002587658209615173,31.107167126331206,13.359230512725812,26.99578820275603,31.424040239892395,12.50003923761935,29.23117402562602,36.239639361456014,34.44834595378431,-261.64516129032256,44.70297156722196,33.110231859542075,-262.3808380954857,36.23964009549331,34.448346659612156,-261.6451632054452,-19.704805550339472,21.792204641791994,-50.995391092608216,-0.1273766741889502,-0.004474201047032142,-1.8968139246914721
3.81,-0.013108940502806532,0.011936528849137013,-0.031782578497944025,-0.8394016073542963,-0.3633091913174771,0.8213110977282256,0.0026552512114405213,0.0034713557814976623,0.002587637124890478,31.107167126331206,13.359230512725812,26.99578820275603,31.90624120603029,12.69644440843729,28.76952249473793,36.239639361456014,34.44834595378431,-261.64516129032256,42.9138841629953,35.2279667216231,-262.69647411462955,36.23964009549331,34.448346659612156,-261.6451632054452,-42.928505856850336,13.712515678386353,-32.19637379028199,-1.4781569086816295,-0.41130505867432243,-0.7894181915881148
3.82,-0.021356427897697094,0.008022660029339213,-0.02339752976163978,-0.8090645016484901,-0.4129200754954615,0.8493522371540644,0.002588063044768954,0.004157371690638664,0.002587626084623262,31.107167126331206,13.359230512725812,26.99578820275603,32.37690914845806,12.92348125584586,28.28761095580432,36.239639361456014,34.44834595378431,-261.64516129032256,40.992525653326524,37.301529746942016,-263.01106553530775,36.23964009549331,34.448346659612156,-261.6451632054452,-58.91498596341251,6.162546501636782,-14.033521839912662,-1.7355028795452743,-0.5516115033669685,-0.47522897279344006
3.83,-0.029176046081526352,0.0036578696903534214,-0.01485071530826293,-0.7568214861192205,-0.4548354380549441,0.855810743825169,0.0025880610286786103,0.004660965935468762,0.0026050978546029464,31.107167126331206,13.359230512725812,26.99578820275603,32.82183469433231,13.175931903268,27.797667707988467,36.239639361456014,34.44834595378431,-261.64516129032256,38.986379523127724,39.26841836753357,-263.3153529177242,36.23964009549331,34.448346659612156,-261.6451632054452,-72.64710630034422,-0.06596978031146775,3.6190524234261505,-1.9540912241986688,-0.6680240289539355,-0.1750312689413729
3.84,-0.008506926443082263,0.018864301020508817,-0.03665168288630166,-0.6864356462871363,-0.4906913902854465,0.8417782900288643,0.00304141707133235,0.004332935391457137,0.0025876290677482807,32.70365800985948,14.5027166646182,25.259908222304603,33.23081687846315,13.450514841872643,27.311058246639565,28.563410754739664,41.038172060363785,-262.98387096774195,36.935839351125566,41.07842539690052,-263.6090046319674,28.563411329269332,41.03817290208497,-262.98387287526685,-26.097282430819266,16.548795467556356,-42.085743775539534,-0.37094283760307434,-0.09371367933661921,-1.7689117565035917
3.85,-0.015411589740696785,0.013587725501789133,-0.0279486449074704,-0.6842116242421896,-0.5542719685052494,0.8856444793052168,0.002608722197088146,0.004393672459273621,0.0025876148563198234,32.70365800985948,14.5027166646182,25.259908222304603,33.62575127390255,13.756272541578738,26.810357731332036,28.563410754739664,41.038172060363785,-262.98387096774195,34.76918787572573,42.82090537047543,-263.90611679732984,28.563411329269332,41.03817290208497,-262.98387287526685,-43.84829883302414,8.954098688192301,-22.659286659945543,-1.4511204082489562,-0.5462273305617175,-0.6106847267185456
3.86,-0.022098952127634686,0.007755708866699823,-0.018990804806397088,-0.6533300134713761,-0.6054974122772491,0.9005496746312716,0.0025880541329890453,0.0047459897569138145,0.0025888366905877248,32.70365800985948,14.5027166646182,25.259908222304603,34.007035596314104,14.09330551989255,26.296391979424403,28.563410754739664,41.038172060363785,-262.98387096774195,32.48820134669821,44.49452038299464,-264.20618870541335,28.563411329269332,41.03817290208497,-262.98387287526685,-56.61124354579388,0.8796918152007658,-3.9431335897309014,-1.6576344727984282,-0.6971381400322468,-0.29042610587117124
3.87,-0.028383501000133537,0.001459182947752491,-0.010012076044455531,-0.6058210934998977,-0.6481482933278343,0.8923151195592613,0.0025880496908793744,0.004723589133914585,0.0027548572875222676,32.70365800985948,14.5027166646182,25.259908222304603,34.36430488916116,14.456463834203545,25.78254665435735,28.563410754739664,41.038172060363785,-262.98387096774195,30.14302523570466,46.04816919757365,-264.50740040137543,28.563411329269332,41.03817290208497,-262.98387287526685,-67.89903885527723,-7.0699999497103825,13.930652516879885,-1.8359832727939573,-0.8450948216847598,0.007926849769339288
3.88,-0.012446268272745309,0.021757021553657663,-0.032449388030116544,-0.5434700983460895,-0.6791129590532151,0.8674140349703244,0.002678247989982534,0.004909195635450918,0.0025876189681985316,33.94497167002852,16.047642503342797,23.470579850984805,34.689453167918195,14.840557497940498,25.27957029671341,19.717792755665947,45.94789058101153,-264.3225806451613,27.7762339356393,47.442874391529834,-264.80906913187755,19.71779314965241,45.947891523396535,-264.3225825449036,-33.0642523500712,14.021581172915502,-32.67667532414553,-0.6470510428297397,-0.07598477185094134,-1.5587711034082066
3.89,-0.017846378881423708,0.014578724748168292,-0.02355781092720488,-0.5308620157073394,-0.7450923768606411,0.8989708695075241,0.0025927783387359963,0.004881696313508712,0.0025876148563198234,33.94497167002852,16.047642503342797,23.470579850984805,34.99776218360758,15.255358424439942,24.768762236880544,19.717792755665947,45.94789058101153,-264.3225806451613,25.310234458271136,48.746331706865135,-265.1159461553615,19.71779314965241,45.947891523396535,-264.3225825449036,-44.885273501666255,5.07370085305157,-13.606427953173812,-1.4287798328718337,-0.6683170147193519,-0.45432466137894917
3.9,-0.02299090551527394,0.006834016251991537,-0.014537348781773707,-0.49908574957095847,-0.7968858326171461,0.9009704405433053,0.0025880368433915217,0.004921291254621359,0.002607954181319954,33.94497167002852,16.047642503342797,23.470579850984805,35.290627628386986,15.702002995774118,24.25195005496599,19.717792755665947,45.94789058101153,-264.3225806451613,22.74655502215283,49.95788041319416,-265.4314041334865,19.71779314965241,45.947891523396535,-264.3225825449036,-54.74105701228068,-4.30899401524863,4.801979165500729,-1.587117675144747,-0.8426093474996766,-0.14270573671655087
3.91,-0.02775018387288586,-0.0013670957192777333,-0.005623640390078566,-0.45524740902111616,-0.8371077409323323,0.8806708819555689,0.0025880304412131856,0.004447433765602817,0.0031812890870932297,33.94497167002852,16.047642503342797,23.470579850984805,35.56073552823595,16.17411494229661,23.742497371314105,19.717792755665947,45.94789058101153,-264.3225806451613,20.137604707657392,51.03917721554326,-265.7562329443642,19.71779314965241,45.947891523396535,-264.3225825449036,-63.219695308686106,-14.898762039174521,20.512859401852992,-1.718117054439935,-1.0381463840905627,0.1100226697643211
3.92,-0.016848574173941144,0.02315812693940711,-0.027514132604588404,-0.3985852463344241,-0.8518813689442655,0.8517612053657121,0.00259684410235994,0.004998640553902439,0.0025876251356661013,34.81320475698164,17.938883680702073,21.72079296866429,35.80146665404872,16.661533502570162,23.248030813365933,10.064926004433069,48.976497062624716,-265.6612903225806,17.529324321193396,51.968152434343885,-266.079821278942,10.064926204324259,48.97649806605486,-265.6612922141296,-38.75576024567921,11.627571661471466,-23.163743963579382,-0.8853642701884418,0.020926451234084834,-1.3323388999722843
3.93,-0.020735927139800214,0.0142301349845253,-0.018858161388594474,-0.3765730140429289,-0.9200486963663689,0.8696286209354086,0.0025880173570771966,0.004964801915668848,0.002588997663048674,34.81320475698164,17.938883680702073,21.72079296866429,36.02268785031765,17.17659141810178,22.751458820321112,10.064926004433069,48.976497062624716,-265.6612903225806,14.842117094414446,52.787287423637686,-266.40616581176835,10.064926204324259,48.97649806605486,-265.6612922141296,-46.683011446519565,0.9762740921990013,-5.103236377892062,-1.419507359297079,-0.7912707103750831,-0.3192396588007935
3.94,-0.024320798243086195,0.004745063281355821,-0.010199275782808881,-0.3424748761326329,-0.9697557241583807,0.8593935626941678,0.0025880110654564765,0.004893353070334112,0.00274387819766152,34.81320475698164,17.938883680702073,21.72079296866429,36.226085873431785,17.722815329835452,22.256056742179116,10.064926004433069,48.976497062624716,-265.6612903225806,12.074860437875516,53.491802415608674,-266.74521658510383,10.064926204324259,48.97649806605486,-265.6612922141296,-53.55020889190106,-10.066727362201586,12.051281812882042,-1.526761714940786,-0.9936991942448634,-0.03346198761810819
3.95,-0.02752003115816315,-0.005152616108339947,-0.001751357899184347,-0.30007581598719374,-1.0025541259469521,0.8315060324078644,0.0025880027324566676,0.0033035461122135857,0.004133838358417189,34.81320475698164,17.938883680702073,21.72079296866429,36.40689961840497,18.291587744121983,21.77366406589738,10.064926004433069,48.976497062624716,-265.6612903225806,9.280939837105985,54.05818705690631,-267.09589996744734,10.064926204324259,48.97649806605486,-265.6612922141296,-58.44198548259863,-28.753211569930155,23.23241979263314,-1.594858199645521,-1.3742510797622567,0.14253528772802052
3.96,-0.02171340453109749,0.02263211443682628,-0.021818641776154557,-0.24740253358079733,-0.994091557621502,0.7997857489928925,0.0025879916125673345,0.004998640553902439,0.002587645590055982,35.301618102210305,20.10428338439873,20.10428338439873,36.559812016931204,18.865320430918974,21.308302535098246,2.4492935982947064e-14,50.0,-267.0,6.516107295674064,54.48476299195764,-267.4326345662055,0.0,50.00000102218139,-267.00000188288845,-44.44766522511655,8.15607796565885,-13.179835116264703,-1.1161194199844235,0.10989745946932604,-1.1026971306762003
3.97,-0.0240257361658891,0.012273881597324177,-0.013768740311413508,-0.21578513608463326,-1.0618881925848893,0.8028446379347214,0.002587984539984922,0.00496057330176129,0.0026189582536219323,35.301618102210305,20.10428338439873,20.10428338439873,36.69034975333609,19.462182794714426,20.84724850089315,2.4492935982947064e-14,50.0,-267.0,3.6974516003200164,54.78384698091401,-267.76979670766394,0.0,50.00000102218139,-267.00000188288845,-49.02430662714124,-3.8807685942443166,3.1902326905531844,-1.417303771877332,-0.9185611174115109,-0.1983785599152402
3.98,-0.025980368052386127,0.001394378629755444,-0.005844988596641676,-0.17825377043430937,-1.106732905213847,0.7810389331431636,0.002587975767641946,0.004736708058738573,0.0031075960033235157,35.301618102210305,20.10428338439873,20.10428338439873,36.80016896315868,20.088001551102373,20.39460324217459,2.4492935982947064e-14,50.0,-267.0,0.8193054777528006,54.94639764096504,-268.12259477735864,0.0,50.00000102218139,-267.00000188288845,-52.51706046006607,-16.483750476386742,17.239212293063176,-1.4660259057121714,-1.1479554364415439,0.028768051691365024
3.99,-0.027532186349847665,-0.009798550805058537,0.0017940230143147495,-0.1351622163474039,-1.1221620257058005,0.7496831365952478,0.0025879652048454065,0.0028725039243311327,0.0044904433211252984,35.301618102210305,20.10428338439873,20.10428338439873,36.886570870992095,20.729923144847437,19.958726229523876,2.4492935982947064e-14,50.0,-267.0,-2.0631915680207915,54.96776891765188,-268.48135494508557,0.0,50.00000102218139,-267.00000188288845,-53.6777873516817,-43.46230016514856,25.658823762019683,-1.472390002305083,-1.63839816967723,0.1610566851053337
4.0,-0.02668114718222181,0.02019170718158536,-0.015253140328640669,-0.0866315544118317,-1.0925607512058586,0.7115793944306776,0.002587952701464156,0.0049937637776475965,0.0026028833035292706,35.41262994469699,22.457802753338797,18.70928138467324,36.94610562926966,21.364355593344083,19.542307147435473,-10.064926004432936,48.97649706262474,-268.33870967741933,-4.880329659137988,54.864413681899784,-268.81268496529594,-10.064926202408543,48.97649806045484,-268.3387115512981,-50.121905792386094,3.6463294651714753,-2.539188092878253,-1.341425999954668,0.13362967705163362,-0.8773267069993823
4.01,-0.027324774814343256,0.00886019989329151,-0.008178986209787686,-0.04575004675375753,-1.15700411494155,0.6985247055158981,0.0025879416878664967,0.004951359681121331,0.002954838076997088,35.41262994469699,22.457802753338797,18.70928138467324,36.98060940006207,22.016708489777354,19.138029975442482,-10.064926004432936,48.97649706262474,-268.33870967741933,-7.720702691291977,54.61705998956053,-269.14584931047943,-10.064926202408543,48.97649806045484,-268.3387115512981,-51.10290725090252,-9.19090858089387,10.962161798959288,-1.4071814481006353,-1.0406544102773088,-0.09951279351562518
4.02,-0.027555228520977804,-0.0029319760917497217,-0.0013563897655937684,-0.004345042308993033,-1.1938947489620684,0.6677412646661604,0.0025879301024403795,0.004189046531805805,0.0042205386619386075,35.41262994469699,22.457802753338797,18.70928138467324,36.99143552071903,22.694317170954765,18.748933202005613,-10.064926004432936,48.97649706262474,-268.33870967741933,-10.59773434749927,54.214960447570846,-269.49636197647646,-10.064926202408543,48.97649806045484,-268.3387115512981,-50.507845061070086,-24.63745768770799,19.066804476957234,-1.3847395713864346,-1.3268329066037594,0.023665019120122224
4.03,-0.027359078907012058,-0.014872425660100497,0.00513209595218117,0.03956866473472036,-1.1861646024992805,0.6325489829220341,0.002587917360470411,0.0026157934948119483,0.0039723085757310235,35.41262994469699,22.457802753338797,18.70928138467324,36.97766819112999,23.37770008142734,18.379223694979956,-10.064926004432936,48.97649706262474,-268.33870967741933,-13.448364097320745,53.67628175507855,-269.84128241568095,-10.064926202408543,48.97649806045484,-268.3387115512981,-48.2183231398492,-58.539765957363436,29.488559203319767,-1.3348127713955296,-1.904706692539912,0.19923413788195068
4.04,-0.031188917027170082,0.016204199375937478,-0.007937037642439027,0.08228105101279277,-1.139548099383926,0.5809428609456269,0.0025879045378586598,0.004972190974916823,0.0030056467893912163,35.15686155683235,24.904611916550913,17.613046548207237,36.938807285847254,24.042335580994624,18.034487555717416,-19.717792755665904,45.94789058101154,-269.6774193548387,-16.19059067611732,53.0276644020792,-270.1563617764041,-19.717793142301666,45.9478915125036,-269.6774212195751,-54.793950907785664,-1.3475690088124064,8.10837190851693,-1.5428110473661711,0.1286277840086172,-0.6931596486878295
4.05,-0.03008907205915412,0.00443121924312212,-0.0022557657110640617,0.13141284847131804,-1.1978392697301612,0.553809215186455,0.0025878892907673194,0.004884418651832605,0.004094614518447672,35.15686155683235,24.904611916550913,17.613046548207237,36.87304445982559,24.719571081255562,17.710758911799754,-19.717792755665904,45.94789058101154,-269.6774193548387,-18.92228705446889,52.222308448438206,-270.4795607983602,-19.717793142301666,45.9478915125036,-269.6774212195751,-51.57132915746975,-14.24552076195105,15.125178649151726,-1.3668176285576779,-1.1441387906677254,-0.07528057567321854
4.06,-0.028526323458124225,-0.007705254015550722,0.0030834432375448917,0.17642153027029728,-1.2189245839857163,0.5171095284096224,0.0025878748815378926,0.0031669914853995618,0.004077725461353754,35.15686155683235,24.904611916550913,17.613046548207237,36.780945499131356,25.415945698320048,17.406985879093806,-19.717792755665904,45.94789058101154,-269.6774193548387,-21.665901264301084,51.25325379850432,-270.81690263967454,-19.717793142301666,45.9478915125036,-269.6774212195751,-46.83342596353188,-38.82072789398752,22.27969240138013,-1.2771452548539695,-1.5250460426103198,0.03580536644773735
4.07,-0.02652724601364731,-0.01978514076940563,0.008013176189235693,0.2184284845166978,-1.1920361908832307,0.4707111659130141,0.002587861074413996,0.002588900112110092,0.0027890738030603894,35.15686155683235,24.904611916550913,17.613046548207237,36.664024853844076,26.10624444286148,17.12728753591951,-19.717792755665904,45.94789058101154,-269.6774193548387,-24.340731674966044,50.158132023055025,-271.14231112337507,-19.717793142301666,45.9478915125036,-269.6774212195751,-41.74444184059938,-68.84347110662985,36.439944247107675,-1.1779505121835727,-2.082817140209279,0.2787935511829234
4.08,-0.03467778594182458,0.011240730096590712,-0.00047234668405121694,0.25331833282510374,-1.1322473922924445,0.4011192568837128,0.002587849357947772,0.004958817899891462,0.004268954854520711,34.55334159983446,27.34770085809911,16.877898478617265,36.52526596204849,26.76936135766779,16.881989425704624,-28.56341075473963,41.038172060363806,-271.01612903225805,-26.860330424313332,48.96709442086225,-271.4514534203417,-28.563411313818822,41.03817288655355,-271.01613088790896,-56.98332171002831,-5.814303857243575,13.742242096517575,-1.6923036286672224,0.11420107161907044,-0.647359068560723
4.09,-0.03182190164012422,-0.00041256822712204544,0.0033613796830464504,0.30892455841628885,-1.1815926935397423,0.36491577319249086,0.002587830248803726,0.004569756114363633,0.003765578627991325,34.55334159983446,27.34770085809911,16.877898478617265,36.358624328527156,27.439195363893738,16.664651708969746,-28.56341075473963,41.038172060363806,-271.01612903225805,-29.338226394729602,47.615638269451125,-271.7736819145434,-28.563411313818822,41.03817288655355,-271.01613088790896,-49.98468609917524,-19.559732311048734,18.786641660369494,-1.2917845848740115,-1.241329665456708,-0.061676714517500085
4.1,-0.02847651900649728,-0.012289474818558466,0.006753070812218376,0.3545314007434855,-1.1842569682799626,0.3167405072312904,0.002587814205191678,0.002686768853684445,0.0027606096329478216,34.55334159983446,27.34770085809911,16.877898478617265,36.164373596028334,28.119536064284198,16.47313757491042,-28.56341075473963,41.038172060363806,-271.01612903225805,-31.791773420139073,46.10146944550003,-272.10831311802684,-28.563411313818822,41.03817288655355,-271.01613088790896,-41.45667495232697,-52.345789808210526,28.728125768785983,-1.134195833520055,-1.818704358596837,0.09973692324804198
4.11,-0.024717536063814438,-0.0239277998620806,0.009599026403205424,0.39188272699633386,-1.1423251441740976,0.2560772558247403,0.0025878008368164767,0.0025880638651582344,0.002159490215209208,34.55334159983446,27.34770085809911,16.877898478617265,35.94691656273173,28.783777001190337,16.313634962766617,-28.56341075473963,41.038172060363806,-271.01612903225805,-34.128801928093715,44.474512317364656,-272.43790740798806,-28.563411313818822,41.03817288655355,-271.01613088790896,-32.97634283180365,-75.29043765089732,38.8715420318984,-0.9812903555785663,-2.182626320140344,0.25263677586071975
4.12,-0.03674340195536219,0.005984887282786455,0.00602269107305653,0.4193343393303336,-1.0710883627017154,0.18302134292975097,0.0025877908894149635,0.0049208241872398615,0.0028770694496480084,33.63067447526988,29.694927738758487,16.54885879770599,35.711373817774934,29.414184079607516,16.193490304573263,-36.23963936145598,34.44834595378435,-272.35483870967744,-36.278590536310965,42.77315599518797,-272.762119093161,-36.23964007047363,34.44834664054473,-272.35484055635914,-56.91319053459364,-9.840600760257251,21.25210964875794,-1.8157019051548433,0.0637969405761466,-0.38883346429758175
4.13,-0.0322134083795077,-0.005007921227575318,0.00756907445095395,0.476211046252091,-1.1105004835808212,0.12905216001096897,0.002587769977335891,0.0034482330136914024,0.002518480891428915,33.63067447526988,29.694927738758487,16.54885879770599,35.44880490876785,30.045510495530213,16.108114571206322,-36.23963936145598,34.44834595378435,-272.35483870967744,-38.35427273589698,40.91636731613833,-273.10657341009903,-36.23964007047363,34.44834664054473,-272.35484055635914,-46.002844728775315,-29.47474189107051,24.935942187061112,-1.1748946343600795,-1.4390425501452249,-0.022245189595351596
4.14,-0.027202006224170794,-0.01605636574021796,0.00854670132062274,0.5199409061841846,-1.093808366711161,0.07216064215549564,0.002587753648270761,0.002602614359813383,0.002379185740095114,33.63067447526988,29.694927738758487,16.54885879770599,35.159227905720954,30.67733728724474,16.055359197276932,-36.23963936145598,34.44834595378435,-272.35483870967744,-40.360380811802656,38.90799279077763,-273.4651420864689,-36.23964007047363,34.44834664054473,-272.35484055635914,-33.51040142850054,-58.02449334965282,27.1931925904275,-0.9535346202524987,-1.8837038660282255,-0.005201897516848153
4.15,-0.02181466294350376,-0.02673036178407895,0.008958214902339667,0.5523159497778762,-1.0414093133694804,0.016015847568706987,0.0025877414340986656,0.0025880638651582344,0.0023914473828699876,33.63067447526988,29.694927738758487,16.54885879770599,34.848769403468665,31.285743329289296,16.034988285666852,-36.23963936145598,34.44834595378435,-272.35483870967744,-42.22626134975259,36.81072626553966,-273.8165372956337,-36.23964007047363,34.44834664054473,-272.35484055635914,-20.944897120339864,-76.88418786725643,26.398379461591503,-0.7319073689234264,-2.1857667297815806,-0.03690386648815215
4.16,-0.03714768319796957,0.0011494887429597256,0.01063144848881431,0.5727285967933199,-0.9618185777446628,-0.0373235772893607,0.0025877336831448324,0.004718370696378859,0.0022670831219510404,32.42870378604985,31.865117517355674,16.65254453329207,34.52376665826558,31.855110976803278,16.04601669900743,-42.43221287473755,26.448200516348113,-273.69354838709677,-43.90643387985844,34.67647076074357,-274.1499924503032,-42.432213705607104,26.448201036009962,-273.6935502248311,-53.95573343511517,-13.046572428439752,27.270937856111896,-1.8929897774797393,-0.01881589097182883,0.009811488880594289
4.17,-0.031093527391417797,-0.008683312404488497,0.00988540369549018,0.6275396366396517,-0.9864461568238782,-0.10234604211124002,0.0025877127005087333,0.0030168810456645805,0.002530649451516817,32.42870378604985,31.865117517355674,16.65254453329207,34.17402096193021,32.41910272366523,16.09234652233815,-42.43221287473755,26.448200516348113,-273.69354838709677,-45.49111947387829,32.40779932546904,-274.4989343109278,-42.432213705607104,26.448201036009962,-273.6935502248311,-38.746256771194645,-35.51538354290192,22.1481902089714,-1.0099345995647413,-1.4915388308225086,-0.14473656580988498
4.18,-0.024594072778775677,-0.018427614859896524,0.008563167364490365,0.6662165371071861,-0.9591377206371765,-0.15520328317139573,0.002587697764071239,0.0025912392461830795,0.0029317022249159648,32.42870378604985,31.865117517355674,16.65254453329207,33.799492670653265,32.9756391920745,16.171078244260926,-42.43221287473755,26.448200516348113,-273.69354838709677,-46.980776395330366,30.012734781557047,-274.85392318256237,-42.432213705607104,26.448201036009962,-273.6935502248311,-22.931462972874147,-58.38164100541381,16.727840206792447,-0.7329490323224427,-1.8544097598361522,-0.25235961837583776
4.19,-0.017787857775409588,-0.027729519794092328,0.006759692764227221,0.6901013351240903,-0.9027939375558358,-0.19988553190101838,0.002591091854894277,0.0025880638651582344,0.003489952697612351,32.42870378604985,31.865117517355674,16.65254453329207,33.40824502384875,33.5052301349403,16.276931011230676,-42.43221287473755,26.448200516348113,-273.69354838709677,-48.32844227392884,27.561990475532948,-275.1931173469416,-42.432213705607104,26.448201036009962,-273.6935502248311,-7.444580190582187,-74.52498800505843,11.257534403468068,-0.4642829855761485,-2.1117172173043137,-0.35662709709094853
4.2,-0.035764542752826256,-0.002708454524603332,0.014041308054067891,0.6983307352698903,-0.8238741563825025,-0.23885041564347395,0.002587685293220095,0.004230103799237922,0.0027356932774832794,30.999971486436436,33.79207494697625,17.196770127752654,33.00857986453602,33.995100127502006,16.406498002338576,-46.88760660735401,17.365262642241046,-275.0322580645161,-49.50202164502689,25.113605491206776,-275.50762994552866,-46.88760752724908,17.365262974881674,-275.0322598931455,-47.34270899071481,-15.553902120390235,23.608457956670765,-1.8688090291154094,-0.12065811021651882,0.06825269629410223
4.21,-0.02847764999134028,-0.011081833178444356,0.011272534156498204,0.7478535421344404,-0.8356007830437274,-0.3037190511731495,0.002587665961677854,0.0027566117271064176,0.0032045318067227737,30.999971486436436,33.79207494697625,17.196770127752654,32.588561332350814,34.47479365752838,16.568616629359912,-46.88760660735401,17.365262642241046,-275.0322580645161,-50.56846319645581,22.562319888407654,-275.8294090980505,-46.88760752724908,17.365262974881674,-275.0322598931455,-29.273021750285285,-38.55096484336824,15.245851977994263,-0.8157283370201708,-1.497170219578313,-0.3213289115677518
4.22,-0.02082560683424528,-0.019293010630100027,0.007952932965346549,0.7767309949467435,-0.8053090985748276,-0.35356722243121924,0.002587654644101171,0.002589554439018732,0.003911143592624477,30.999971486436436,33.79207494697625,17.196770127752654,32.148579099546055,34.943373876620896,16.76161579982013,-46.88760660735401,17.365262642241046,-275.0322580645161,-51.52801678922934,19.914256068592973,-276.15296308577996,-46.88760752724908,17.365262974881674,-275.0322598931455,-11.662472452378147,-55.91084721111622,7.790249976950047,-0.5108663612030585,-1.7736656547767211,-0.46017911815850976
4.23,-0.012985098006253915,-0.02707258102715704,0.0041810552100649545,0.7872303840541036,-0.7526441516061141,-0.39562393513237526,0.002634011718821812,0.0025880608248432,0.004537916548695398,30.999971486436436,33.79207494697625,17.196770127752654,31.698856641111384,35.38598181986721,16.980104534266964,-46.88760660735401,17.365262642241046,-275.0322580645161,-52.34711167765449,17.240282529724922,-276.4654644614271,-46.88760752724908,17.365262974881674,-275.0322598931455,5.453062406054628,-69.77101165575672,1.760821705943752,-0.21838763249092877,-1.9938581490499423,-0.5727849321991865
4.24,-0.03288697417500708,-0.005705900983043466,0.01701235022678571,0.7800974814115098,-0.6820442010926815,-0.4322329613005122,0.0025876533229471045,0.0028691401539048646,0.003894039897192586,29.410160452314862,35.42606373609048,18.17042972806722,31.24920828419211,35.792468596980115,17.220976589889585,-49.42341621640557,7.571388875228827,-276.3709677419355,-53.00068763779897,14.598229134614922,-276.7647061930715,-49.42341718879896,7.571389009490843,-276.3709695611497,-38.17619116085193,-23.532245580225805,17.318754742720227,-1.737103995737667,-0.41887361154939495,-0.03991907138308889
4.25,-0.024823055503563007,-0.012587738136277893,0.012323216862412278,0.8210826896406553,-0.6840697150537274,-0.49528848980406814,0.0025876372147656075,0.002673514704863906,0.004158697114863966,29.410160452314862,35.42606373609048,18.17042972806722,30.785225356493328,36.186370297266045,17.49305157500968,-49.42341621640557,7.571388875228827,-276.3709677419355,-53.53813348956144,11.883446603414178,-277.07005436343235,-49.42341718879896,7.571389009490843,-276.3709695611497,-19.547139309769197,-38.55992666890145,9.126310681030615,-0.6306281990088206,-1.4540891860919651,-0.47945578614804296
4.26,-0.016504544423801226,-0.019285655179344996,0.007086467274617314,0.8376080280555086,-0.6551583536993278,-0.5455598713585791,0.002594684882192888,0.0025895458073576173,0.004657953287045535,29.410160452314862,35.42606373609048,18.17042972806722,30.307779603852264,36.568364474942314,17.79592503163934,-49.42341621640557,7.571388875228827,-276.3709677419355,-53.96131327324154,9.098734780158571,-277.3803283957789,-49.42341718879896,7.571389009490843,-276.3709695611497,-1.1865961764295863,-52.4261788497166,1.3101580146703615,-0.31598352897477744,-1.6768657073651254,-0.6252259947112802
4.27,-0.008132781240366094,-0.02559628065503372,0.0013919630667845184,0.8339172280339895,-0.6090351419135047,-0.5878477447912256,0.0029390913519303273,0.0025880500164523843,0.004706295669274505,29.410160452314862,35.42606373609048,18.17042972806722,29.82843114141553,36.927205621449204,18.124573602222615,-49.42341621640557,7.571388875228827,-276.3709677419355,-54.24664703287255,6.312087271479975,-277.69061182192814,-49.42341718879896,7.571389009490843,-276.3709695611497,15.896416245336875,-63.969162289749775,-6.096122078196042,-0.031577952918835014,-1.8592759659065572,-0.7633845178807643
4.28,-0.029086225902728358,-0.008550244694598752,0.01929150156514381,0.817321376523631,-0.5476633959979993,-0.6196698467610181,0.0025876386946418048,0.0030304240200079236,0.004757305279820085,27.736821873230763,36.733071741996476,19.543540341987892,29.356057990006523,37.2546639464014,18.474288471079927,-49.93582535855264,-2.532458441935596,-277.7096774193548,-54.379019050810896,3.576172310045288,-277.99821276873087,-49.93582634447779,-2.5324585085730686,-277.7096792288085,-29.506855493178534,-23.78653105769488,12.87106375746465,-1.5417088351271768,-0.507448603980358,-0.07806584453522049
4.29,-0.0207131807482559,-0.01404150973542262,0.01271878891993189,0.8470052008526171,-0.5426429839173275,-0.6838183039714947,0.0025876270091189607,0.0026297789163125538,0.004785829111794078,27.736821873230763,36.733071741996476,19.543540341987892,28.874990681981803,37.56856051961926,18.854303058754216,-49.93582535855264,-2.532458441935596,-277.7096774193548,-54.38917261843378,0.7911054470306695,-278.31298941536437,-49.93582634447779,-2.5324585085730686,-277.7096792288085,-10.453378009537396,-38.55370111234918,4.310588927556962,-0.4693432556782241,-1.4155563632821273,-0.6162924882029904
4.3,-0.012202326280670028,-0.019326057800545082,0.005594297951714955,0.85123056767033,-0.514691248695085,-0.7343700280872969,0.0026525324782657915,0.002589450844237019,0.004885474927472873,27.736821873230763,36.733071741996476,19.543540341987892,28.387233924310525,37.86965964260276,19.26534505616303,-49.93582535855264,-2.532458441935596,-277.7096774193548,-54.27631170061689,-2.03884500878755,-278.637420004214,-49.93582634447779,-2.5324585085730686,-277.7096792288085,7.834819762215696,-49.44417096466577,-4.636846193801874,-0.15921220860645477,-1.5908377029188618,-0.7827167403250344
4.31,-0.0037589290345171333,-0.024256893407210156,-0.0019780658977677223,0.8366631765840103,-0.47346287811463716,-0.7739566255013784,0.003737167481064155,0.002588033179696982,0.004353993812509532,27.736821873230763,36.733071741996476,19.543540341987892,27.90436711041447,38.149738114218245,19.701396252022924,-49.93582535855264,-2.532458441935596,-277.7096774193548,-54.028799798322204,-4.850448725636868,-278.96953335010016,-49.93582634447779,-2.5324585085730686,-277.7096792288085,21.44355889121989,-58.22823489215337,-14.751427564481268,0.056276441538954565,-1.726798333298646,-0.97010397624855
4.32,-0.024661748045742504,-0.011950843304744607,0.020263352153696235,0.8162665617225744,-0.41828153045052846,-0.7891781750612447,0.002587639109605469,0.0026994331062074168,0.00497306331924005,26.066087524252307,37.69269397945756,21.267689235111007,27.43197565678791,38.40154958878323,20.152572561360945,-48.40385594331021,-12.53262661293603,-279.0483870967742,-53.647668154569764,-7.596359110763184,-279.2955431172791,-48.40385690280674,-12.532626874422201,-279.04838889623375,-20.14242445494846,-29.91632657252699,9.86736077085494,-1.331085109351769,-0.7719327789969571,0.01963646794945618
4.33,-0.016367454018985372,-0.016082466796723316,0.01197676515288143,0.8338824367418325,-0.40394820944667037,-0.8551219894554258,0.002595289793030965,0.0026018461632441895,0.004960076351718485,26.066087524252307,37.69269397945756,21.267689235111007,26.956084065814263,38.63715477490766,20.630777523226406,-48.40385594331021,-12.53262661293603,-279.0483870967742,-53.138593983997204,-10.364292962901322,-279.6248119368024,-48.40385690280674,-12.532626874422201,-279.04838889623375,-1.911365099635184,-39.62808557734065,-0.29231792752368146,-0.3281239880840325,-1.396820554863573,-0.7466530981881746
4.34,-0.008052135482761347,-0.01996971300752537,0.003146960702465118,0.826594956498855,-0.3747935819806752,-0.9038674459126896,0.002950363706721881,0.0025886241939917483,0.00483728892769409,26.066087524252307,37.69269397945756,21.267689235111007,26.48017972770135,38.858150449003396,21.139406479088134,-48.40385594331021,-12.53262661293603,-279.0483870967742,-52.496575170408526,-13.151414620713245,-279.96736515342434,-48.40385690280674,-12.532626874422201,-279.04838889623375,14.908154859397376,-47.47966092745117,-10.889186477749474,-0.04942025005586564,-1.52116615614012,-0.941459512751369
4.35,0.00010440732553124166,-0.023509844794321277,-0.006085668712628556,0.8061285609849945,-0.3352017275696384,-0.934650360285347,0.004400401192862147,0.002588009675854643,0.0027722481509452664,26.066087524252307,37.69269397945756,21.267689235111007,26.014029826451925,39.05863964278567,21.66991256307207,-48.40385594331021,-12.53262661293603,-279.0483870967742,-51.72391577753136,-15.901508624366548,-280.31817011642846,-48.40385690280674,-12.532626874422201,-279.04838889623375,25.456461644023143,-52.671617423087106,-33.82137720184773,0.12314751685711742,-1.5938726088455377,-1.40590001304624
4.36,-0.01951063870162456,-0.01606563584022369,0.019654869773588213,0.7815008217300985,-0.2841306044004561,-0.9277195102711495,0.002588414847037875,0.0026016744722830243,0.004990855898904696,24.487661409084392,38.295597512370065,23.27739976726422,25.560508669242385,39.23238266077302,22.205184979552318,-44.8902269785371,-22.01970757788168,-280.38709677419354,-50.844068692662646,-18.566229557700037,-280.64959316153335,-44.8902278722007,-22.019708020299664,-280.38709856364613,-10.314997563428195,-35.79324605690804,6.306159354835257,-1.124922713124669,-1.014453217210317,0.11708288170249048
4.37,-0.011639998816170949,-0.01879270697216917,0.009971916803169611,0.7858086060362351,-0.260374963795086,-0.9939052744926254,0.002674503295426932,0.0025902214723507785,0.0049558767122936465,24.487661409084392,38.295597512370065,23.27739976726422,25.109619512063492,39.38708887782281,22.763293669328675,-44.8902269785371,-22.01970757788168,-280.38709677419354,-49.83262257473581,-21.22207941801868,-280.98177740316515,-44.8902278722007,-22.019708020299664,-280.38709856364613,6.490410177949585,-41.65920067274794,-5.2726640353944365,-0.19943675630660848,-1.3931745770306534,-0.8753663777301134
4.38,-0.003866331044072635,-0.02122335850662782,-0.00022575895831011827,0.7683888580331224,-0.22792897621895336,-1.0384013051366665,0.003735211661086337,0.002587987291213179,0.004590703296628329,24.487661409084392,38.295597512370065,23.27739976726422,24.665290923015903,39.524457439483704,23.3500249892853,-44.8902269785371,-22.01970757788168,-280.38709677419354,-48.6784340510769,-23.86965525570955,-281.32977912328977,-44.8902278722007,-22.019708020299664,-280.38709856364613,18.937185797082552,-46.041259480874785,-17.645998454875215,-0.003184019172942455,-1.4572268495219438,-1.1020297454126247
4.39,0.00368932909926184,-0.02328675331280583,-0.010724768690467401,0.7447636940710882,-0.18723999205973157,-1.0521956412810498,0.004436699224261353,0.0025879779047401517,0.0027840272715457266,24.487661409084392,38.295597512370065,23.27739976726422,24.233754586068017,39.640297505608245,23.952101759308558,-44.8902269785371,-22.01970757788168,-280.38709677419354,-47.40210322161821,-26.45993502948201,-281.6786365387695,-44.8902278722007,-22.019708020299664,-280.38709856364613,28.82007988394311,-48.14763488023573,-45.221718073559416,0.16403110313012373,-1.4810272405153802,-1.597294919281098
4.4,-0.013442688138522396,-0.02061201648526434,0.017543674794913866,0.7114334872578727,-0.13997473403304667,-1.025807135011331,0.002626239187490731,0.0025880288903472664,0.004978981535754738,23.088929908940077,38.54137001271528,25.49297239640171,23.818227095766975,39.730249147080094,24.547393967755614,-39.538786846884925,-30.60529912738314,-281.7258064516129,-46.048355513258336,-28.93812867205791,-281.99680264584805,-39.53878763744544,-30.605299729965857,-281.72580823128726,0.3281770070272084,-41.50778130506008,2.0184151703154707,-0.9219309131930502,-1.2386283280297492,0.15073058342026813
4.41,-0.006356272891575032,-0.021836724661678297,0.006884865508238525,0.7013202261908648,-0.10688480054574544,-1.0898175544858484,0.0030450018755562884,0.0025879579961838534,0.004934412641210411,23.088929908940077,38.54137001271528,25.49297239640171,23.413060287875034,39.79844329765379,25.161210219539626,-39.538786846884925,-30.60529912738314,-281.7258064516129,-44.5611948749481,-31.372635798416884,-282.31815858643773,-39.53878763744544,-30.605299729965857,-281.72580823128726,13.953805823856245,-43.81932192629411,-10.381064816602402,-0.0990026966014847,-1.3883446977651206,-0.9947166408106168
4.42,0.000526830668194811,-0.022704736928839453,-0.004237602788016603,0.6768727683489165,-0.06979175230888623,-1.1269135945597502,0.0044067090608858415,0.0025879482170154547,0.003909379396092171,23.088929908940077,38.54137001271528,25.49297239640171,23.020116704819664,39.846027781805056,25.800447554784153,-39.538786846884925,-30.60529912738314,-281.7258064516129,-42.92406956764269,-33.77220209889498,-282.65576024208366,-39.53878763744544,-30.605299729965857,-281.72580823128726,21.62431782017325,-44.283783645632674,-26.833269817585197,0.020055937792739384,-1.3843471456917122,-1.3037500604617822
4.43,0.007142168868036092,-0.023173677589903408,-0.015503842331495321,0.6474290735148814,-0.02765895598202001,-1.1197422022554768,0.0036204429143817567,0.0025879366781801603,0.0026078411226648735,23.088929908940077,38.54137001271528,25.49297239640171,22.64283434878773,39.87046139931232,26.445266442774905,-39.538786846884925,-30.60529912738314,-281.7258064516129,-41.18207815038132,-36.088529639545285,-282.98332171916263,-39.53878763744544,-30.605299729965857,-281.72580823128726,35.190098276121745,-43.4852001503399,-59.24504097692162,0.2540985054354236,-1.3609719537204181,-1.849203590132302
4.44,-0.006525022884756371,-0.025033481539506464,0.014206442567574973,0.5978516839392956,0.014487409441581098,-1.0786857100300034,0.003045707680767372,0.002587924694168014,0.004964734584411041,21.949256647356655,38.437258582854156,27.825085298637664,22.28879388269893,39.87048991758166,27.073763948322497,-32.56862413611115,-37.93790613463951,-283.06451612903226,-39.39264427322099,-38.25894397636316,-283.28244834118993,-32.56862478999973,-37.93790687096758,-283.06451789930725,10.620364952102033,-46.55172998981165,-2.5471606659432777,-0.763795364046812,-1.4426136739243292,0.15692854455488908
4.45,-0.0006438612372244856,-0.024654707104168505,0.0030407398155953835,0.5765472269773169,0.05677008180054396,-1.137694621569245,0.004297586823874045,0.002587912246234978,0.004832516249457047,21.949256647356655,38.437258582854156,27.825085298637664,21.953274398752544,39.84637823838509,27.71627581082003,-32.56862413611115,-37.93790613463951,-283.06451612903226,-37.471382136696555,-40.351168504532446,-283.59055581549103,-32.56862478999973,-37.93790687096758,-283.06451789930725,17.364759112775797,-44.71411541510403,-15.109009744711587,-0.08103691010799262,-1.3581825762574795,-1.0954288361612952
4.46,0.004956198291329261,-0.02385867054570734,-0.008499768752116998,0.5454863077988733,0.0984141569689285,-1.1605226677306635,0.003747439945071788,0.0025878995885827262,0.003044814209613252,21.949256647356655,38.437258582854156,27.825085298637664,21.63424003779424,39.798381278792945,28.378560473618975,-32.56862413611115,-37.93790613463951,-283.06451612903226,-35.4012551153325,-42.38285405488561,-283.9109919752308,-32.56862478999973,-37.93790687096758,-283.06451789930725,27.1654893728937,-41.46782005177365,-40.94152497915636,0.08784689685980271,-1.2909615438589563,-1.5714134103099098
4.47,0.010181722315797115,-0.022647526428262066,-0.020008457457631246,0.500339941400867,0.13911817013663008,-1.1373623337509515,0.002508477638037401,0.0025878868532002103,0.0025886564269018385,21.949256647356655,38.437258582854156,27.825085298637664,21.33755816746926,39.726677472501336,29.03641764580009,-32.56862413611115,-37.93790613463951,-283.06451612903226,-33.25143743499477,-44.295419642513814,-284.22050068332925,-32.56862478999973,-37.93790687096758,-283.06451789930725,45.61802626108781,-38.29820480850374,-69.44024358930217,0.39597624440530427,-1.2284439457697716,-2.0307167623889826
4.48,0.0006141128073977042,-0.028722883499716856,0.0100027180571447,0.43068585301042667,0.17471460156580565,-1.0846261934690862,0.004270993352375826,0.002587875435401582,0.004955969545570798,21.135335479559792,37.99799754421689,30.180889717377095,21.07542373231443,39.6333097855228,29.670739825825663,-24.265098126554054,-43.717330807229104,-284.4032258064516,-31.085476492557923,-46.02303931405339,-284.5192002211231,-24.265098615448895,-43.717331646507176,-284.4032275676678,15.640013705894091,-49.443696507345855,-6.541508412167981,-0.7502153283730874,-1.600789578598859,0.15371705058162302
4.49,0.004780043138670309,-0.026689574149858064,-0.0011820733372670533,0.40045357477093496,0.22461481837383784,-1.1358592145239967,0.0034369301500404006,0.002587859013029309,0.00447328386322059,21.135335479559792,37.99799754421689,30.180889717377095,20.83874669586455,39.5140709092953,30.31386809501034,-24.265098126554054,-43.717330807229104,-284.4032258064516,-28.79551748612305,-47.642719922653384,-284.8320390653961,-24.265098615448895,-43.717331646507176,-284.4032275676678,23.04036540788475,-44.19734790629725,-20.584839779950762,-0.025119674742760903,-1.3036544970544632,-1.2010559234628437
4.5,0.0085416997769307,-0.02420258469844705,-0.012615520796527835,0.35420243904032095,0.2677807734238296,-1.1415811469835473,0.002427869137689351,0.00258784443809993,0.002672935116047958,21.135335479559792,37.99799754421689,30.180889717377095,20.625951253366736,39.3691287931985,30.968991229737878,-24.265098126554054,-43.717330807229104,-284.4032258064516,-26.371750496024404,-49.16612521179376,-285.15879712763865,-24.265098615448895,-43.717331646507176,-284.4032275676678,37.05579371128971,-37.45842892414124,-53.44841017094568,0.2065057264978667,-1.1770054140585953,-1.7772745030738764
4.51,0.011753509552737962,-0.02131421156693114,-0.023859985208662726,0.29162633030566437,0.3049365055002189,-1.1058804362215622,0.0019703052928112955,0.0025878316363113826,0.0025880638651582344,21.135335479559792,37.99799754421689,30.180889717377095,20.4456073915462,39.20155098938069,31.611032089426438,-24.265098126554054,-43.717330807229104,-284.4032258064516,-23.898790118749485,-50.529906192895275,-285.48643416112134,-24.265098615448895,-43.717331646507176,-284.4032275676678,49.750613760523194,-30.666531885949905,-76.06597010822927,0.39944798288434663,-1.0521363534641175,-2.1392373071635844
4.52,0.006629435118776672,-0.03120803924580362,0.005376080095976787,0.2163906224916028,0.33490979746472904,-1.0418597725872978,0.0027183297347386,0.0025878211467160964,0.004908772861500726,20.697997365764714,37.2466457831564,32.47071936924852,20.30588528702861,39.015098803721486,32.22317732353969,-14.968156148667946,-47.70696282000243,-285.741935483871,-21.441078158719446,-51.687375941357274,-285.815446465793,-14.968156450991614,-47.706963728345,-285.7419372361141,24.488928418598814,-50.5684283594694,-10.511082893437388,-0.4784094886332723,-1.747129008417367,0.105831328949809
4.53,0.008542877217753209,-0.0275517195855548,-0.005336690651448706,0.16763771339089595,0.38745755563985296,-1.0838041932119515,0.0023098159396680177,0.002587802430853311,0.003124369687900996,20.697997365764714,37.2466457831564,32.47071936924852,20.199222108249593,38.80277118548605,32.8385888361405,-14.968156148667946,-47.70696282000243,-285.741935483871,-18.876503284671436,-52.70750961582719,-286.16668282518594,-14.968156450991614,-47.706963728345,-285.7419372361141,30.762336338370858,-41.09533100905827,-32.99364868706909,0.04465637278786918,-1.1992257684003633,-1.4749760198782131
4.54,0.009921056578526155,-0.023432936600703336,-0.016136942765425655,0.11303082426292856,0.4306670804991499,-1.0709944742998285,0.0021322998342905713,0.002587786754238976,0.0026019636512681805,20.697997365764714,37.2466457831564,32.47071936924852,20.123405475837856,38.564356515651134,33.456466633956026,-14.968156148667946,-47.70696282000243,-285.741935483871,-16.206463676310054,-53.59580135824874,-286.5333361200371,-14.968156450991614,-47.706963728345,-285.7419372361141,34.9640328874674,-30.246072112809305,-58.96906107023062,0.09204423717661055,-1.0082910790340873,-1.847312673564313
4.55,0.010743833509728684,-0.018928024153670342,-0.026610904818562875,0.057095397033361334,0.46533007901646684,-1.023789987193535,0.002095496442117507,0.002589355379832133,0.0025880638651582344,20.697997365764714,37.2466457831564,32.47071936924852,20.079468507752157,38.304310776995464,34.05371233528824,-14.968156148667946,-47.70696282000243,-285.741935483871,-13.516911218977812,-54.316596501477065,-286.89523806252265,-14.968156450991614,-47.706963728345,-285.7419372361141,35.743301918518284,-18.975162637690858,-77.87772336319983,0.08668586939728554,-0.8074946041965664,-2.1519603888629004
4.56,0.010530524836276589,-0.03211400532037101,0.000947983070898939,0.0026071419145506716,0.49065457267322143,-0.949753445789245,0.002198887875724043,0.0025877646067059548,0.004702360738594413,20.67036994542586,36.2161001001458,34.614166618657144,20.06724531153079,38.02751803848346,34.61501588723574,-5.058416099371616,-49.74346616959476,-287.0806451612903,-10.873131028316745,-54.85189764066601,-287.24159994042543,-5.058416201638469,-49.74346711128817,-287.0806469042501,29.668820192157867,-48.387162835795465,-13.660298109482069,-0.08982449425321364,-1.8451597835342581,0.02605117512235821
4.57,0.010231584360393564,-0.02689994655461092,-0.008776499829926787,-0.05469021611470898,0.5430292966157342,-0.9768869788891894,0.00235422280472307,0.0025877449479014807,0.003003142288471013,20.67036994542586,36.2161001001458,34.614166618657144,20.087573446845898,37.72598444554335,35.17296043344237,-5.058416099371616,-49.74346616959476,-287.0806451612903,-8.149593339318848,-55.24286519681746,-287.6016319242581,-5.058416201638469,-49.74346711128817,-287.0806469042501,26.2694795865933,-34.389965667459535,-36.48156003277312,-0.10695149500827746,-1.0439152428332883,-1.459682435470134
4.58,0.009415298898629576,-0.021239984075785867,-0.01844279893255707,-0.10241201978417325,0.5831888904518179,-0.9528444124077301,0.0026017413745130476,0.0025877296972417517,0.0025912024550967102,20.67036994542586,36.2161001001458,34.614166618657144,20.13702969709677,37.39945292490836,35.725217195564824,-5.058416099371616,-49.74346616959476,-287.0806451612903,-5.35338111302645,-55.495172088278956,-287.96435153684286,-5.058416201638469,-49.74346711128817,-287.0806469042501,21.94248564660324,-19.591727329859438,-59.41110478652158,-0.19537171358844646,-0.7834710994028481,-1.824716363175722
4.59,0.008163609994815524,-0.015241978401007161,-0.027700386138033384,-0.14279053666068206,0.6115053720958142,-0.8998682480351198,0.002965750803175413,0.0026037721719638536,0.0025880638651582344,20.67036994542586,36.2161001001458,34.614166618657144,20.211021988382615,37.05424242321291,36.252461164821355,-5.058416099371616,-49.74346616959476,-287.0806451612903,-2.5673516211880605,-55.59906225174776,-288.3070979602305,-5.058416201638469,-49.74346711128817,-287.0806469042501,16.78566396376735,-4.868388689656726,-75.72602581574702,-0.29381997168224516,-0.5258749725337465,-2.0859776402833305
4.6,0.013464536247082992,-0.031116737431472474,-0.002610662971459954,-0.1771980457270745,0.626835438147611,-0.8240966601621313,0.0024870609510696455,0.002587712971529639,0.004247736875360096,21.066993152478865,34.95071949889885,36.54438910716711,20.306194723462482,36.6971907949571,36.74184512206494,5.058416099371556,-49.74346616959476,-288.41935483870964,0.14314553813746203,-55.55326532172059,-288.618976056454,5.0584162015451835,-49.743467108323706,-288.4193565717035,26.708074577158126,-42.12100279301104,-16.10854723718684,0.062233575330416055,-1.8407192576036808,-0.07400217476902465
4.61,0.011345136511873966,-0.024562168759458824,-0.011005561363268801,-0.23627999958072657,0.6744195751090243,-0.8392427800903494,0.002864286117641928,0.002587694584120625,0.002762184040506358,21.066993152478865,34.95071949889885,36.54438910716711,20.430785073228545,36.319171779413246,37.22296452624025,5.058416099371556,-49.74346616959476,-288.41935483870964,2.90001505515081,-55.36979405524204,-288.934289567378,5.0584162015451835,-49.743467108323706,-288.4193565717035,18.903696940114955,-24.771427244838083,-39.39337098832112,-0.2862774710442812,-0.8428852613361245,-1.467833595037333
4.62,0.008729330570876714,-0.01763484499965995,-0.019269495517202695,-0.28077338610830127,0.7055151914264335,-0.8118356069514037,0.0034400363798115334,0.002591425278535665,0.0025895908951939287,21.066993152478865,34.95071949889885,36.54438910716711,20.583152426162105,35.92056807303284,37.69472947910956,5.058416099371556,-49.74346616959476,-288.41935483870964,5.697286220672769,-55.051989787313275,-289.24745443326816,5.0584162015451835,-49.743467108323706,-288.4193565717035,11.52245349490057,-7.712146143692386,-57.16481660104461,-0.4229499929318708,-0.5463439920860031,-1.7518921091376887
4.63,0.005716085925108083,-0.010480657103098423,-0.027127731666841348,-0.317205232269932,0.7211144930118395,-0.7615342170940426,0.004140217412260164,0.0027363870817466553,0.0025880612510745284,21.066993152478865,34.95071949889885,36.54438910716711,20.757851014992756,35.50986085130911,38.141977210808726,5.058416099371556,-49.74346616959476,-288.41935483870964,8.457178601018963,-54.603410094994544,-289.5429741184328,5.0584162015451835,-49.743467108323706,-288.4193565717035,5.377895058941187,8.97603641600761,-71.38178138193389,-0.535309437636525,-0.2598498137506321,-1.9788904461791097
4.64,0.002368685663024117,-0.003252662621193836,-0.03437871776054091,-0.34833131656933086,0.7227020225776183,-0.6926659269632071,0.004567487521558542,0.003876150295748229,0.0025880572056521237,21.066993152478865,34.95071949889885,36.54438910716711,20.95139686814221,35.09568877229035,38.55338246481759,5.058416099371556,-49.74346616959476,-288.41935483870964,11.113369199012391,-54.028668587254714,-289.8153552221458,5.0584162015451835,-49.743467108323706,-288.4193565717035,0.7203903800268987,21.18554480497876,-83.6542850913373,-0.6214576681132549,-0.06146656957059981,-2.167049364063333
4.65,0.012822059675896114,-0.021022189331428187,-0.012228708397018062,-0.4048291767105774,0.757181814893878,-0.6909325302904576,0.003655259616993131,0.0025876623089213556,0.0026889800094071475,21.883477394414783,33.50733120841596,38.21006512015307,21.172314614623996,34.668277942964615,38.95021987758023,14.968156148667802,-47.706962820002474,-289.758064516129,13.764816146651487,-53.32274759993715,-290.08780056553763,14.96815645010324,-47.706963720028845,-289.75806623830323,12.827646523263844,-14.746641284347728,-38.957965101836386,-0.43718292766713845,-0.6486935328306089,-1.4190364712475725
4.66,0.008510100565367551,-0.013331989396909716,-0.019018117002086443,-0.45135904638757235,0.7760936664193478,-0.6660265119635355,0.004256421610404042,0.0026270585135299146,0.0025899850738679217,21.883477394414783,33.50733120841596,38.21006512015307,21.421984840494964,34.226678295452274,39.33767993523077,14.968156148667802,-47.706962820002474,-289.758064516129,16.430410227742723,-52.4886548062283,-290.36421833478437,14.96815645010324,-47.706963720028845,-289.75806623830323,4.816926985576451,3.3776088659748518,-53.446005189026366,-0.5849082649347757,-0.3370571586088176,-1.6530135450196293
4.67,0.003778267218793707,-0.0055480033896847525,-0.02545546694078482,-0.49001508094678675,0.7779972879770596,-0.623049016524519,0.004700976836954834,0.0032037372318862063,0.0025880513936290686,21.883477394414783,33.50733120841596,38.21006512015307,21.695273762024197,33.7806617892184,39.703956734948065,14.968156148667802,-47.706962820002474,-289.758064516129,19.039348581522184,-51.536897712689644,-290.6366404340147,14.96815645010324,-47.706963720028845,-289.75806623830323,-1.8010838333971038,19.05236254988354,-65.38156486674326,-0.7062626620543224,-0.07862047191858942,-1.8426543161228142
4.68,0.01987256665521875,-0.024896682986474294,-0.007548778622072039,-0.520805027061124,0.7712591974646297,-0.5639544973267261,0.0045300659044290184,0.0025876567907311475,0.003174301915847627,23.096499507380617,31.95488589962691,39.57513191682278,21.98825326276475,33.33678242711683,40.04034301399631,24.26509812655408,-43.71733080722909,-291.0967741935484,21.541094046751017,-50.47402988864464,-290.900543067454,24.2650986127358,-43.71733163449504,-291.0967759041823,15.765503710430085,-24.04529199057121,-22.54348810108589,-0.1033705860119958,-1.4964680165927422,-0.4052487891021766
4.69,0.014305674697988602,-0.01699890794848047,-0.013245067372644859,-0.5822575558910038,0.7994708518294329,-0.5658845641675435,0.0045000749552183425,0.0025929958040715015,0.002649999111828916,23.096499507380617,31.95488589962691,39.57513191682278,22.310510209205358,32.882960168598,40.366349176421245,24.26509812655408,-43.71733080722909,-291.0967741935484,24.037252321362534,-49.284432977007306,-291.1723459510372,24.2650986127358,-43.71733163449504,-291.0967759041823,7.996867333926086,-5.056117003847552,-38.69141245680295,-0.569652670732168,-0.47136034401921517,-1.381652718976979
4.7,0.008206655325327994,-0.008953314317935113,-0.01878759996534396,-0.6311080430690659,0.8059605550772864,-0.5423449570761734,0.0047755699301953655,0.0028512291180457366,0.0025903777346563267,23.096499507380617,31.95488589962691,39.57513191682278,22.662703284064527,32.421712767088025,40.68247320533091,24.26509812655408,-43.71733080722909,-291.0967741935484,26.52094495102776,-47.97045753426229,-291.4548811962881,24.2650986127358,-43.71733163449504,-291.0967759041823,-0.4604993446940182,12.912877784466069,-50.59357525877874,-0.7265150630557589,-0.16791708396610128,-1.574401251387753
4.71,0.0016713938789821858,-0.000928151221003648,-0.02401122910795328,-0.6702632883563514,0.7986678325050856,-0.5037885208872734,0.004740694129083023,0.004271033366844704,0.0025880374917441047,23.096499507380617,31.95488589962691,39.57513191682278,23.039327729077442,31.962363220876522,40.97947185436201,24.26509812655408,-43.71733080722909,-291.0967741935484,28.931779589732443,-46.54713456775224,-291.7434078095563,24.2650986127358,-43.71733163449504,-291.0967759041823,-8.181804071937604,23.710897292158702,-59.91355130463766,-0.8687467864027136,0.003750608942239458,-1.7205526604073687
4.72,0.022173191408523307,-0.02063014053165857,-0.010587155322608122,-0.6964772425083631,0.785232263690518,-0.45135039070780597,0.004925204570877342,0.0025876867868414046,0.0027899068407814098,24.664244414469145,30.37227464383605,40.61699049499833,23.43430590376818,31.50898410556953,41.249672581203335,32.568624136111104,-37.937906134639555,-292.43548387096774,31.230628004197868,-45.0247856386467,-292.0286515020293,32.56862478408536,-37.93790685776119,-292.4354855697525,13.173084850176153,-14.255841149388166,-28.673097451856638,-0.0840892048260415,-1.2915810718660823,-0.6595583956501888
4.73,0.014832787380647805,-0.012653778602072951,-0.015089160743999908,-0.7601851801733778,0.8022436325897448,-0.4435096818663368,0.004900524768461717,0.0026415350183744794,0.0026120115127067113,24.664244414469145,30.37227464383605,40.61699049499833,23.85825371024803,31.051299267312974,41.50683305034719,32.568624136111104,-37.937906134639555,-292.43548387096774,33.49474715673089,-43.37678902793937,-292.3237705941525,32.56862478408536,-37.93790685776119,-292.4354855697525,3.8282968170554006,4.307344537268545,-40.215367492344065,-0.6932736919237895,-0.31065059340273277,-1.3753975051586242
4.74,0.006952057977526571,-0.004642027149563965,-0.019394642660148564,-0.8091387172200116,0.7980540064955701,-0.418118582703667,0.004926216727076053,0.0035452888407706074,0.002589321184933807,24.664244414469145,30.37227464383605,40.61699049499833,24.31252216823707,30.592574581838267,41.75199284070966,32.568624136111104,-37.937906134639555,-292.43548387096774,35.71734026706608,-41.60511479893457,-292.63452343117206,32.56862478408536,-37.93790685776119,-292.4354855697525,-5.61270462908905,19.040563506397394,-48.99991295916152,-0.8663842786797648,-0.0756133277263905,-1.5150769595993423
4.75,-0.0013477114321674977,0.0032749824318025755,-0.023377891309446563,-0.8447913389125782,0.7856757212154979,-0.3803551246266765,0.004450278040820614,0.004516482150671119,0.0025880180320896054,24.664244414469145,30.37227464383605,40.61699049499833,24.790018049487458,30.139707678938176,41.9779856305289,32.568624136111104,-37.937906134639555,-292.43548387096774,37.85270882633195,-39.72896226965877,-292.95353655320474,32.56862478408536,-37.93790685776119,-292.4354855697525,-15.922297040690331,28.146492608293673,-55.759676653193715,-1.0573385885735445,0.08121352202452242,-1.619785873150373
4.76,0.022637196726011444,-0.015642657002494897,-0.014580446101234545,-0.8560875187036762,0.7642186277009873,-0.3315938596371583,0.004998640553902439,0.002599629774003241,0.00261878955093992,26.527674844532612,28.844302822630258,41.3240734130487,25.28038704458168,29.696529105909597,42.178536513074555,39.538786846884896,-30.60529912738319,-293.7741935483871,39.86718678569124,-37.7744166225535,-293.26567009144793,39.53878762668101,-30.605299718522893,-293.7741952355637,10.065801740344794,-3.8061437264687177,-35.63146969753914,0.0074847666793360565,-1.1065835282917336,-0.921854515902784
4.77,0.013687296106440372,-0.007943266386309489,-0.017814564553152112,-0.9206625169570051,0.7692912433410629,-0.31311823731602817,0.004963376830158665,0.0029739437749251862,0.002592694918056561,26.527674844532612,28.844302822630258,41.3240734130487,25.796499216615164,29.255383329248456,42.36256385675916,39.538786846884896,-30.60529912738319,-293.7741935483871,41.8140477767287,-35.70264694761399,-293.58631780180576,39.53878762668101,-30.605299718522893,-293.7741952355637,-0.8255478854711251,12.916256562637024,-42.91579498295873,-0.8212500644976709,-0.17598581707166408,-1.386727236925655
4.78,0.004218522263022606,-0.00030642394644486703,-0.02078726889680249,-0.9660072875385675,0.7581204640730654,-0.2828808497983418,0.004877837640592549,0.004352961070409766,0.0025879991948015778,26.527674844532612,28.844302822630258,41.3240734130487,26.34152940827126,28.818504788045857,42.53110154373016,39.538786846884896,-30.60529912738319,-293.7741935483871,43.69008683732721,-33.50740606742211,-293.92331888946177,39.53878762668101,-30.605299718522893,-293.7741952355637,-11.418081425550843,22.54422722765198,-48.18588740774352,-1.0142675180283842,-0.023166061623648315,-1.4668611491659431
4.79,-0.005610925811658007,0.007182526412296164,-0.02340828772474346,-0.9931405976376059,0.7398625040942363,-0.24391269010588235,0.002914784583525035,0.003992566745707866,0.002587990846386878,26.527674844532612,28.844302822630258,41.3240734130487,26.906026189185685,28.390509883226475,42.678983962427246,39.538786846884896,-30.60529912738319,-293.7741935483871,45.463343910134796,-31.215325866894005,-294.2646528268639,39.53878762668101,-30.605299718522893,-293.7741952355637,-34.34623774600688,35.699996636376255,-52.06263306486675,-1.5028858884654361,0.2166046633123814,-1.517971057546905
4.8,0.02089086019095937,-0.009806073301837637,-0.01914636365972444,-0.9820893293628445,0.7071645115709192,-0.1974089868283112,0.004997313656146652,0.0027853811571394767,0.0025895813125678836,28.613109894133448,27.456372249855985,41.69358389334258,27.47317810578842,27.97754369203026,42.80183162446885,44.89022697853704,-22.01970757788181,-295.11290322580646,47.10000742169169,-28.881995051618095,-294.59078001504093,44.89022785490553,-22.01970801352696,-295.1129049021031,5.591467367474697,7.293038653604405,-42.0951516787493,0.08611925183136487,-0.9179347192267571,-1.1590299638113948
4.81,0.010684175245546434,-0.002745579076823379,-0.020971971527860123,-1.0442861496247837,0.7011034272785529,-0.16830855295119387,0.004957713015833533,0.003981788337738148,0.002587973375841526,28.613109894133448,27.456372249855985,41.69358389334258,28.061050207818653,27.573589525749146,42.904639239723984,44.89022697853704,-22.01970757788181,-295.11290322580646,48.63558766989351,-26.446140211709547,-294.9242064890968,44.89022785490553,-22.01970801352696,-295.1129049021031,-6.087204752635054,18.280725571096898,-45.38976777229338,-0.9496021759618258,-0.10890384888870894,-1.3896359100381759
4.82,1.53979454671771e-05,0.004180310654841091,-0.022460790102639905,-1.0826739340096891,0.68445355933777,-0.13227965104150036,0.004616389260026375,0.004267225292865948,0.0025879644799326135,28.613109894133448,27.456372249855985,41.69358389334258,28.674419457281605,27.177767680567673,42.98785166019242,44.89022697853704,-22.01970757788181,-295.11290322580646,50.074181725757384,-23.889197779093006,-295.2700403710124,44.89022785490553,-22.01970801352696,-295.1129049021031,-18.667364334231547,27.231345447397445,-47.47520982061367,-1.1795587878435152,0.04465080320989299,-1.4158572383708343
4.83,-0.010895529627771683,0.010878756626705288,-0.02356477487463482,-1.0910620542366964,0.6552196864630213,-0.09182591161350821,0.002770496595742423,0.003039456520597503,0.0025879540697492463,28.613109894133448,27.456372249855985,41.69358389334258,29.299795675554222,26.795754744448626,43.04876382477055,44.89022697853704,-22.01970757788181,-295.11290322580646,51.389593578797175,-21.258574845151916,-295.6144431585985,44.89022785490553,-22.01970801352696,-295.1129049021031,-48.81872645026913,46.9805085840142,-48.83586172889238,-1.7191317591449524,0.3866052816712332,-1.4280546409886639
4.84,0.017144537237781088,-0.003200214469278151,-0.023611450472426965,-1.059886327982838,0.6069515196343265,-0.048508997153428796,0.00497684492804135,0.003914920366060866,0.002587942444619933,30.83641690507811,26.28879804694773,41.72996498975639,29.915612338893755,26.43727389378312,43.08537957640644,48.40385594331022,-12.532626612936005,-296.4516129032258,52.5469978223397,-18.638543216203807,-295.9411995521242,48.40385687759783,-12.5326268746539,-296.4516145696007,0.45905458060518967,15.327788688223631,-47.25095717861578,0.1041280894945475,-0.8063449513574992,-1.3623227998506078
4.85,0.00618919380872518,0.0028162276507173734,-0.023882156332109772,-1.1157028588092428,0.5936517096386023,-0.009041635137465715,0.0049243197878966185,0.004254685247245511,0.002587931437843783,30.83641690507811,26.28879804694773,41.72996498975639,30.54594709713559,26.093548153927067,43.098599597837136,48.40385594331022,-12.532626612936005,-296.4516129032258,53.57580746906335,-15.933556589815732,-296.2728953915604,48.40385687759783,-12.5326268746539,-296.4516145696007,-11.773149826214734,22.895740356734397,-46.794622136889544,-1.0725271269082082,-0.05400708452352888,-1.3713741235917212
4.86,-0.005145907836574648,0.008609149668175164,-0.023753479320757886,-1.144437151259483,0.5647048441286653,0.030593375261697347,0.0033103191930859716,0.002987669939700146,0.0025879200017931937,30.83641690507811,26.28879804694773,41.72996498975639,31.196835674047527,25.763396608919777,43.08895403396635,48.40385594331022,-12.532626612936005,-296.4516129032258,54.481486722951885,-13.12008358575997,-296.61510823480035,48.40385687759783,-12.5326268746539,-296.4516145696007,-34.0481832581692,39.05376334034365,-45.92134083014673,-1.5251338084713033,0.23302639746406797,-1.3431917077571214
4.87,-0.016540524387791966,0.014002552763628995,-0.023227843608676135,-1.1296221182965829,0.5151898775132525,0.07034703669888025,0.002599069154785483,0.0022950305545167606,0.002587908161996481,30.83641690507811,26.28879804694773,41.72996498975639,31.848641197446504,25.457339937742507,43.056567750090146,48.40385594331022,-12.532626612936005,-296.4516129032258,55.234988125071716,-10.282072897681942,-296.95789199580656,48.40385687759783,-12.5326268746539,-296.4516145696007,-64.33310083633083,59.878932637111404,-44.1562875091575,-1.9840915937749728,0.5619794050078512,-1.3053694672768508
4.88,0.012062645711549469,0.003498552548496958,-0.027294407435723755,-1.0813825903259533,0.4514521608603211,0.10939814648918932,0.004960219132134404,0.0038694753536520857,0.0025878961865861334,33.10867200245259,25.411700762179535,41.44437425927077,32.480257214517444,25.185323048012094,43.0016434631388,49.93582535855264,-2.532458441935658,-297.7903225806451,55.81011274321794,-7.5097260125191765,-297.29228276370355,49.93582631060621,-2.5324585171777705,-297.7903242379092,-4.758746819721018,21.508822308144197,-50.43692249792909,0.0953886793622519,-0.7213048313327941,-1.5313354228117917
4.89,0.0009321793450424165,0.007890322346174872,-0.025938173280240062,-1.1295817482337283,0.4236414257932194,0.15560067661916369,0.004701068803543427,0.0026918386866552884,0.002587881598057857,33.10867200245259,25.411700762179535,41.44437425927077,33.120154129610285,24.935588698923617,42.92136602695888,49.93582535855264,-2.532458441935658,-297.7903225806451,56.23130130116413,-4.677921014893124,-297.635616848993,49.93582631060621,-2.5324585171777705,-297.7903242379092,-18.489744183388275,34.768031252700375,-47.33134619506585,-1.200778097793247,0.11398965775426231,-1.3370950405638122
4.9,-0.010463156949615415,0.011860891956165132,-0.024157198824657167,-1.1403945911680982,0.3726578771902248,0.19614238214029542,0.0028063625281146273,0.00205579681424783,0.0025878684414294296,33.10867200245259,25.411700762179535,41.44437425927077,33.77341137624019,24.711113233840432,42.81701599346533,49.93582535855264,-2.532458441935658,-297.7903225806451,56.49543074904753,-1.7746748013721367,-297.99931535087717,49.93582631060621,-2.5324585171777705,-297.7903242379092,-49.11836247469661,52.491402508843684,-42.48037181149994,-1.7517156379784748,0.40187436548958305,-1.24132574842217
4.91,-0.021712220430664897,0.015237800170182114,-0.02198432582136678,-1.1071804757052197,0.30751495137202495,0.2340578265902859,0.0025880638651582344,0.0019166290462011436,0.0025878558529850142,33.10867200245259,25.411700762179535,41.44437425927077,34.4158381269138,24.521418801270887,42.69036669557819,49.93582535855264,-2.532458441935658,-297.7903225806451,56.58317889975324,1.0955815327334757,-298.3713084331766,49.93582631060621,-2.5324585171777705,-297.7903242379092,-73.78654876600562,63.29709545214839,-36.351173476687514,-2.140555008008677,0.5554442961213146,-1.127358181159116
4.92,0.0065303372597427245,0.008667327588484597,-0.02973413058373331,-1.0437530561071933,0.2377269052557077,0.2687283805355398,0.004929601732649421,0.002292836449260269,0.0025878441144832716,35.34257820501509,24.881088576978325,40.85518019482604,35.028971562130096,24.371008906517773,42.543046879368625,49.42341621640558,7.571388875228766,-299.1290322580645,56.48918805906531,3.8550633016582023,-298.7410368553823,49.42341714644567,7.571388992251046,-299.12903390651087,-10.07425835991542,34.14708672829762,-52.11845068226447,0.04543276613516505,-0.3764502365189856,-1.6923193068027809
4.93,-0.004181702067865278,0.010796309395402937,-0.02676642149441566,-1.0829361958249757,0.18945879369869142,0.3173471687577931,0.003925130667903544,0.0020082268088845298,0.002587827310115783,35.34257820501509,24.881088576978325,40.85518019482604,35.644298082303166,24.251962898561416,42.37035133890624,49.42341621640558,7.571388875228766,-299.1290322580645,56.219994270902305,6.639466975278045,-299.12988572314737,49.42341714644567,7.571388992251046,-299.12903390651087,-26.701428430745366,41.77208223630078,-44.55595825912201,-1.3472495584333257,0.1616672600947303,-1.2427569718071465
4.94,-0.014979817384564997,0.012392442542900561,-0.02335547639834734,-1.070593407385534,0.13496295529810395,0.35988395390153244,0.002614267266338838,0.00191254979050379,0.0025878123017092193,35.34257820501509,24.881088576978325,40.85518019482604,36.261997586692154,24.16363676866895,42.17250168160914,49.42341621640558,7.571388875228766,-299.1290322580645,55.77874588632957,9.450628470920892,-299.5356215656775,49.42341714644567,7.571388992251046,-299.12903390651087,-57.907033471125665,47.33549229993799,-34.27713010363454,-1.8706380364200235,0.23718840476159184,-1.0563754931974756
4.95,-0.025442866206755732,0.013438564604528525,-0.019547513336015232,-1.02211335011659,0.07982599917927058,0.3969176642227222,0.0025880638651582344,0.001915879119983601,0.0025886718611944715,35.34257820501509,24.881088576978325,40.85518019482604,36.85854407427688,24.106854856358225,41.95223746451845,49.42341621640558,7.571388875228766,-299.1290322580645,55.173791867680016,12.194810196554096,-299.9352286707004,49.42341714644567,7.571388992251046,-299.12903390651087,-77.13854683594884,48.4394171645778,-23.865893667667358,-2.1785344666592867,0.23758320635316788,-0.8696177200278487
4.96,0.0016596852582020372,0.011413134761027788,-0.03051972891481536,-0.94683224645317,0.026392210704454848,0.42705750964841876,0.004755255830391195,0.0020773134360427626,0.002587788073096193,37.458522168855566,24.73627985127445,39.989262295243776,37.418386821113074,24.081142424819888,41.71303631331854,46.887606607354066,17.365262642240907,-300.46774193548384,54.41977461511444,14.806021153700005,-300.3154914109228,46.88760747776472,17.365262949696884,-300.46774357467416,-13.160334618566925,35.43409877464998,-49.17415373284435,-0.006839689623491736,-0.150661647005299,-1.7721562211625366
4.97,-0.008015984000960374,0.011398921161833886,-0.025961410375505256,-0.9707372676970139,-0.02306875943918043,0.47680226715294505,0.0031223575860463175,0.0021636587425326002,0.00258776975795432,37.458522168855566,24.73627985127445,39.989262295243776,37.97339468306662,24.084754403145013,41.4491732749829,46.887606607354066,17.365262642240907,-300.46774193548384,53.50203762302847,17.415680306696785,-300.7029922880311,46.88760747776472,17.365262949696884,-300.46774357467416,-34.54299221293893,33.145868442459886,-36.2675185813077,-1.4436200529517407,-0.052011428973003024,-1.0567872663442903
4.98,-0.01761350876773682,0.01093134161768744,-0.02096307245592055,-0.9449886311190087,-0.06499922140233627,0.5175344760448667,0.002593715562525447,0.0023003074447537,0.002587754552060146,37.458522168855566,24.73627985127445,39.989262295243776,38.52159467242552,24.11390307514551,41.160499222174636,46.887606607354066,17.365262642240907,-300.46774193548384,52.43107290699538,20.022009441955756,-301.08661877092885,46.88760747776472,17.365262949696884,-300.46774357467416,-58.50118910524112,29.934809638297253,-22.14026633083675,-1.8467116032586384,-0.11806552882256202,-0.8053586399892381
4.99,-0.026780594592346274,0.010081138546382928,-0.015606586297497782,-0.8899096752151993,-0.10051919629445641,0.5489182708707656,0.0025880638651582344,0.0024980346146043393,0.002601290344696595,37.458522168855566,24.73627985127445,39.989262295243776,39.04353536950137,24.16461768410831,40.85185654551015,46.887606607354066,17.365262642240907,-300.46774193548384,51.235637480983826,22.54643792278503,-301.443023370705,46.88760747776472,17.365262949696884,-300.46774357467416,-74.78572145259342,25.299926908106876,-8.076656243136577,-2.1063489150119237,-0.20667615239575668,-0.5579893986043291
5.0,-0.0015748238363541,0.013482923786444112,-0.02929134331624872,-0.8124815853246081,-0.13039526308437638,0.5694306156474547,0.004416938648428396,0.0023248548358517107,0.002587734937913466,39.38914553608942,24.998448122661333,38.88367471602111,39.52657507298295,24.23384518672339,40.528913238489615,42.43221287473754,26.448200516348138,-301.80645161290323,49.94465234415748,24.931548722459492,-301.7605913119921,42.43221365167993,26.448201004146,-301.80645324172525,-14.589278162117989,30.81849865342591,-42.079574992290944,-0.07819422313013766,0.01910247239505551,-1.768618547307152
5.01,-0.00985506367281419,0.011878057640650141,-0.02333572074815793,-0.8280016263362996,-0.1815292438566263,0.6135097538743111,0.0028662566145385565,0.002584742236327312,0.0025877180933898385,39.38914553608942,24.998448122661333,38.88367471602111,40.00116382602221,24.32852995446808,40.185354194046866,42.43221287473754,26.448200516348138,-301.80645161290323,48.517286486751956,27.293303146621167,-302.07536716160706,42.43221365167993,26.448201004146,-301.80645324172525,-36.441741965016874,23.917384100426236,-25.5654115238069,-1.4556635915250895,-0.25341629951517247,-0.8335267899436614
5.02,-0.018008145117424657,0.009846513103207388,-0.01701969232989542,-0.8006640631348021,-0.21938949751240627,0.644637600279973,0.002592377508231239,0.0029735410555808512,0.002593417420986839,39.38914553608942,24.998448122661333,38.88367471602111,40.466573802506446,24.44704313553177,39.82175692155273,42.43221287473754,26.448200516348138,-301.80645161290323,46.96053783363464,29.62902978170456,-302.3824078370211,42.43221365167993,26.448201004146,-301.80645324172525,-55.22847349307719,16.988334939208418,-8.921073104689635,-1.755107885213987,-0.3814982165975295,-0.5441040698184696
5.03,-0.025752997471791605,0.007483545708787842,-0.010461850602977663,-0.7500915332541739,-0.2491254009602367,0.6628519296595408,0.0025880606971865417,0.0035333274407044054,0.0027417135365554275,39.38914553608942,24.998448122661333,38.88367471602111,40.907310815240145,24.58409724491911,39.445054694841225,42.43221287473754,26.448200516348138,-301.80645161290323,45.31344790023924,31.871562646476523,-302.6643261080588,42.43221365167993,26.448201004146,-301.80645324172525,-69.37473295504799,10.505947772664912,7.4273363995217085,-1.980419129003428,-0.4980179817607844,-0.2623367474648455
5.04,-0.0033482131722033515,0.016575543423083705,-0.02642382097072582,-0.68130605276272,-0.2731862344382587,0.6687218426787422,0.0041041711505999615,0.002995276919644182,0.0025876967932973545,41.08174006450399,25.669937556269307,37.587043352791504,41.31317958776968,24.736378998022687,39.06232656703157,36.239639361456014,34.44834595378431,-303.14516129032256,43.60971855274953,33.97013493935962,-302.91476949932314,36.23964001617068,34.4483466033935,-303.1451629073295,-15.151950324492436,25.300267540571568,-32.92346295602477,-0.1631056423249358,0.00886247954223174,-1.6530862672026576
5.05,-0.010286798286546883,0.013518890757149682,-0.019524667680393737,-0.6936245566710576,-0.3282843340925707,0.7029958289981355,0.002821350342601458,0.003199155307242774,0.002588464109703984,41.08174006450399,25.669937556269307,37.587043352791504,41.71080751120425,24.914435565833593,38.6653065210025,36.239639361456014,34.44834595378431,-303.14516129032256,41.79169563838121,36.02663230761857,-303.16688240179764,36.23964001617068,34.4483466033935,-303.1451629073295,-34.730827679860646,17.59098182031803,-14.715170973295223,-1.3901283664553752,-0.4020821546854934,-0.6232487062226924
5.06,-0.01711788856363583,0.01000050284476156,-0.012383600079416524,-0.6710018185389844,-0.36958513178330826,0.7210646181171,0.0025957643631869744,0.0036966558135674878,0.0026514401556225,41.08174006450399,25.669937556269307,37.587043352791504,42.100771982031176,25.11833342849455,38.255199969924924,36.239639361456014,34.44834595378431,-303.14516129032256,39.863315885124415,38.039627926372596,-303.4209034125718,36.23964001617068,34.4483466033935,-303.1451629073295,-50.8139495059992,9.441657292204116,3.3292088348795694,-1.6489279355538957,-0.5514872659967915,-0.31345870174203144
5.07,-0.023610614775705585,0.006118704886863335,-0.0051407467331100465,-0.6289630956912247,-0.4023138401582231,0.7250217913156093,0.0025880519540876267,0.0043598146184430624,0.0033811297329106723,41.08174006450399,25.669937556269307,37.587043352791504,42.47027161783364,25.342577257268246,37.84005270294745,36.239639361456014,34.44834595378431,-303.14516129032256,37.8670577243047,39.95024721534865,-303.6653263712828,36.23964001617068,34.4483466033935,-303.1451629073295,-63.02266127313229,2.687550827747826,18.419472971319315,-1.8424849301064625,-0.6718586569867822,-0.06759401409978415
5.08,-0.00486576654873494,0.020521794803997073,-0.02281112339729796,-0.5705857154836111,-0.42803968070913667,0.7218770141267186,0.0035787377375012296,0.004259452669875145,0.002587676115449259,42.49843485760588,26.734100286424834,36.1599790772276,42.810361952721024,25.583309746419868,37.42527740473722,28.563410754739678,41.03817206036378,-304.48387096774195,35.83180578149195,41.71704831192368,-303.89423686426545,28.563411264407097,41.03817284527349,-304.48387257165666,-17.209449485943296,19.31848886263424,-23.247823933544083,-0.3113311996028796,-0.11034985119599518,-1.4422616303039206
5.09,-0.010658899367651742,0.015907590764291712,-0.015433424944851004,-0.5786603071424965,-0.4853845729040176,0.7460626067560531,0.0027867227434063297,0.0041064884905418495,0.0026012172920157027,42.49843485760588,26.734100286424834,36.1599790772276,43.14224080713368,25.850758706292105,37.001428996312015,28.563410754739678,41.03817206036378,-304.48387096774195,33.69677435842375,43.42484571155484,-304.13035244115355,28.563411264407097,41.03817284527349,-304.48387257165666,-33.6074791435772,12.611086230335127,-4.683403405315009,-1.3410016614433873,-0.5297712086832314,-0.4398350732260922
5.1,-0.016354577110218038,0.010795658544859033,-0.00792686073431581,-0.5592622887423416,-0.530850740222223,0.7521840764186021,0.00260010831237221,0.004390128554187006,0.0029789775564898298,42.49843485760588,26.734100286424834,36.1599790772276,43.46735911223425,26.14620022533301,36.57106610328669,28.563410754739678,41.03817206036378,-304.48387096774195,31.466251518794508,45.0714207700465,-304.3784203669165,28.563411264407097,41.03817284527349,-304.48387257165666,-47.32726058085076,4.462004491964254,12.981306597607205,-1.562773347182922,-0.681150058278101,-0.14294654760438102
5.11,-0.021760154227482453,0.00528206065077419,-0.00042564715281134813,-0.522871350370946,-0.5666894799855469,0.7476982495225694,0.0025880400455173857,0.00476014502693985,0.004338903732505466,42.49843485760588,26.734100286424834,36.1599790772276,43.77490134822114,26.464104983769165,36.14156624310971,28.563410754739678,41.03817206036378,-304.48387096774195,29.17971519835072,46.60713234889024,-304.63025147993875,28.563411264407097,41.03817284527349,-304.48387257165666,-57.279984462611374,-2.490598987019464,23.449392823140478,-1.7198770313181213,-0.8074012589077846,0.025678123638860025
5.12,-0.00723805582449899,0.02427186403929027,-0.018935189562361066,-0.47235457165128336,-0.5934280594591388,0.7372209173026324,0.0031564120951385662,0.004793782972579137,0.00258905394497172,43.61471841603768,28.155657096675057,34.673901671371,44.05680324649374,26.799524050064782,35.71629330174655,19.717792755666043,45.947890581011485,-305.8225806451613,26.86177970139052,47.99986355480317,-304.8776282454854,19.717793103769278,45.94789146783725,-305.82258223535047,-21.53617777920579,17.435623378623788,-14.227416682194612,-0.5117431164872659,-0.11837757245604423,-1.267584646574381
5.13,-0.012005508797372166,0.017979931128431437,-0.01145586733819104,-0.47339668513632766,-0.6543913768849141,0.7520432390315712,0.0026975236544767066,0.004781812625440694,0.002683602278651668,43.61471841603768,28.155657096675057,34.673901671371,44.32962563577886,27.163276966050176,35.28716648660428,19.717792755666043,45.947890581011485,-305.8225806451613,24.454296735477612,49.312951538468724,-305.1390465872361,19.717793103769278,45.94789146783725,-305.82258223535047,-35.21884001992979,9.023198284052347,4.315855416083081,-1.340038855133727,-0.6396223441990162,-0.2845288996145997
5.14,-0.016635444864997018,0.011165286995749923,-0.003939409009274808,-0.45220441745315365,-0.7019603132989719,0.7496538676282021,0.002598132486647489,0.004831589410936602,0.0037250912172952823,43.61471841603768,28.155657096675057,34.673901671371,44.59359988485378,27.556388722768045,34.85669965970542,19.717792755666043,45.947890581011485,-305.8225806451613,21.961452970261817,50.5398754199627,-305.4184261775218,19.717793103769278,45.94789146783725,-305.82258223535047,-45.638503468849926,0.5134828261601266,18.44862128828174,-1.50688050373883,-0.7970955288707042,-0.05621872879702335
5.15,-0.020973079871608347,0.003938516137838799,0.0035129265328973647,-0.4167460387890327,-0.7378929043182235,0.7408327934312547,0.0025880242908997084,0.004852923900254911,0.004441675591135849,43.61471841603768,28.155657096675057,34.673901671371,44.84002428932745,27.972445117763407,34.43025139552701,19.717792755666043,45.947890581011485,-305.8225806451613,19.417970324922244,51.64464318488841,-305.7067559370044,19.717793103769278,45.94789146783725,-305.82258223535047,-53.521242450006916,-7.73394381023721,28.052397887613452,-1.6309159770904593,-0.9481246271809101,0.10800751635838182
5.16,-0.010890046832616518,0.02654282945928188,-0.014757013387010742,-0.37083440284940117,-0.7622502212043826,0.7210854516013673,0.0027639107232702393,0.004969240597406374,0.002607372268183449,44.41712260401602,29.88184660701201,33.20802471955318,45.06245805848467,28.4053080834026,34.01197911809325,10.064926004432994,48.97649706262472,-307.1612903225806,16.85374315565183,52.60230086395917,-305.9966094759578,10.06492618068429,48.976498012721905,-307.1612918993113,-29.189305995482766,15.637728242559513,-4.851004347331119,-0.7838761080977514,-0.1028631802202823,-1.1138674652524987
5.17,-0.01455663826668041,0.018551104945277563,-0.007481932464615815,-0.35876787230174134,-0.8246389514981634,0.7279133282070978,0.002619319132230802,0.0049758577374847115,0.0030404451387601875,44.41712260401602,29.88184660701201,33.20802471955318,45.271587343803425,28.866493335237994,33.59502445650966,10.064926004432994,48.97649706262472,-307.1612903225806,14.21234384971224,53.448909042918764,-306.3033766552602,10.06492618068429,48.976498012721905,-307.1612918993113,-38.69790984785282,5.635270597827647,11.977477935458355,-1.3672867716061206,-0.7479193594191099,-0.1634792210442651
5.18,-0.01800526365988775,0.010040442687602624,-0.00023771189469690146,-0.3317517380348112,-0.8706013131706118,0.7207731563965477,0.0025921321930522964,0.004956081349033036,0.004357572213906941,44.41712260401602,29.88184660701201,33.20802471955318,45.46756629576876,29.35667274907158,33.18040382064932,10.064926004432994,48.97649706262472,-307.1612903225806,11.493564655567308,54.18078351944973,-306.6284874319884,10.06492618068429,48.976498012721905,-307.1612918993113,-45.36374277903339,-3.942100124116393,21.87221457728296,-1.4713392546482464,-0.9231793059026624,-0.004284576750927639
5.19,-0.021125475009440287,0.001146163131562239,0.006902521868429989,-0.2946590461021116,-0.9028275898624636,0.7068904941085106,0.0025880016277788965,0.004718113337015108,0.003907510863520466,44.41712260401602,29.88184660701201,33.20802471955318,45.644171017437024,29.868046492704575,32.772160950798096,10.064926004432994,48.97649706262472,-307.1612903225806,8.731450087609161,54.77672087431438,-306.961251138994,10.06492618068429,48.976498012721905,-307.1612918993113,-51.224032102659606,-14.575203372100967,34.432548852222325,-1.5620840738483908,-1.1167021368932455,0.21723533875517814
5.2,-0.015393807784413682,0.02628017845577868,-0.009974289035654449,-0.2508352973260494,-0.9153465002528733,0.6763483810033158,0.002607704729873782,0.004998640553902439,0.0027749881572023726,44.90087678538442,31.844766997922733,31.84476699792274,45.797224164703564,30.392113198145182,32.377305673349674,3.6739403974420595e-14,50.0,-308.5,5.971175225627729,55.220358800863615,-307.2965137128676,1.4651189813714214e-14,50.00000097138312,-308.50000156437267,-37.15194798392241,12.207133661162802,5.188660214342063,-1.0558093111153364,-0.03231452875287214,-0.9537027277614231
5.21,-0.01778041871196312,0.016759860895271816,-0.003193149187840194,-0.2260754118552915,-0.9758212479109514,0.6754673119544969,0.0025927061768118743,0.004974868662697111,0.003900286823984977,44.90087678538442,31.844766997922733,31.84476699792274,45.932396388547986,30.940678377754185,31.989066775562367,3.6739403974420595e-14,50.0,-308.5,3.155374820958552,55.526099630234356,-307.64576784015696,1.4651189813714214e-14,50.00000097138312,-308.50000156437267,-41.98895734586991,1.1042543890414172,17.067881893217507,-1.3867721794320416,-0.8705392276600998,-0.09557160258961257
5.22,-0.01985989726075399,0.006768434070660412,0.0035069665257598803,-0.19212360626441563,-1.0158708707689992,0.6645558186673032,0.002588675412602135,0.0049329049320788985,0.004304878554531112,44.90087678538442,31.844766997922733,31.84476699792274,46.049559817148484,31.515350330466962,31.605845326362367,3.6739403974420595e-14,50.0,-308.5,0.27259142032623496,55.69197950916243,-308.0077497575465,1.4651189813714214e-14,50.00000097138312,-308.50000156437267,-45.43638114160063,-9.973637190805123,26.131538228930587,-1.4365947640208458,-1.0710000270573137,0.05977546368534534
5.23,-0.021571074596698714,-0.0035381056055451277,0.010039311856216204,-0.15353205476719406,-1.0401020441403792,0.6409827769705695,0.002587969770893696,0.004070196895100569,0.0030780931149352736,44.90087678538442,31.844766997922733,31.84476699792274,46.14537568562947,32.10714738469788,31.233034723376544,3.6739403974420595e-14,50.0,-308.5,-2.635702650825465,55.70887026550351,-308.37425856278173,1.4651189813714214e-14,50.00000097138312,-308.50000156437267,-49.073824006478624,-25.627057069781465,44.437293759691954,-1.488905754117157,-1.359184084734761,0.3796497855683326
5.24,-0.019955461731028024,0.02309476197205418,-0.004375241232139726,-0.11062955851203041,-1.0294717631725503,0.5984428810170425,0.0025885480744176036,0.004998640553902439,0.0036675016789672558,45.0681347044826,33.965218133719134,30.664319678291154,46.21768216475892,32.701666352472316,30.88056910410283,-10.064926004432923,48.97649706262474,-309.83870967741933,-5.497670893836616,55.57507943373216,-308.73836392293515,-10.0649261795906,48.97649801203212,-309.8387112309897,-43.13285062211948,6.920247393192801,13.536821722484852,-1.2769448387289495,0.036786133467829975,-0.8362556708858221
5.25,-0.0208698568216239,0.012459427558352276,0.0015915654352328668,-0.07458096868292205,-1.0835925699212094,0.5917497849958194,0.0025879494998989807,0.004960891178405816,0.004353977139158279,45.0681347044826,33.965218133719134,30.664319678291154,46.26794214636373,33.31365071561372,30.539302771073242,-10.064926004432923,48.97649706262474,-309.83870967741933,-8.387096163733574,55.286083376248534,-309.1085724382777,-10.0649261795906,48.97649801203212,-309.8387112309897,-44.02445749101061,-4.949371775460702,21.32786838518758,-1.3808734068079471,-1.0081935297420985,-0.04205079645163539
5.26,-0.021402368413052764,0.0014390527747761839,0.007413628544853834,-0.03577665087449959,-1.1147329381539723,0.5720358528987389,0.0025879389362365836,0.004739925273031332,0.003261347696202936,45.0681347044826,33.965218133719134,30.664319678291154,46.29622956793492,33.94676258135984,30.206947610498972,-10.064926004432923,48.97649706262474,-309.83870967741933,-11.323938068879142,54.83839985152654,-309.48497720299486,-10.0649261795906,48.97649801203212,-309.8387112309897,-44.92123871284185,-18.15220235530977,35.153163736132136,-1.387409623296326,-1.2457316730907806,0.2011677988773694
5.27,-0.0215479934184174,-0.009773603244506268,0.012930247556464436,0.0030670109715848757,-1.120007742182954,0.5318201499934219,0.0025879279840480135,0.002875264029640877,0.002373166147139616,45.0681347044826,33.965218133719134,30.664319678291154,46.302338607469515,34.589262114187804,29.893291754956962,-10.064926004432923,48.97649706262474,-309.83870967741933,-14.244842252384636,54.23472212913319,-309.8657060509427,-10.0649261795906,48.97649801203212,-309.8387112309897,-44.75823955522362,-47.67091870295648,57.73717701029186,-1.371621720232432,-1.7778611440107834,0.577178001230416
5.28,-0.023754218656169,0.01747197906337239,0.0018059591708414757,0.044209534215380195,-1.0831722511440343,0.4766781633822396,0.0025879159873773315,0.004978592166671745,0.004210269394616072,44.92711496974967,36.15799217585362,29.739291216779275,46.28532807734528,35.219676924679185,29.60839235263255,-19.717792755665812,45.94789058101158,-311.1774193548387,-17.05465270048835,53.49330536521975,-310.23834377305474,-19.7177930996657,45.947891466042904,-311.1774208990427,-46.61047907481233,0.662315535158748,19.159834236577385,-1.4480765124995267,0.044082750481334254,-0.7708447840301296
5.29,-0.02306707197015556,0.006346556887073418,0.00650638309837015,0.0881038899471913,-1.128090980643908,0.45971425773175867,0.002587902758118743,0.004926839725143389,0.003108603657666467,44.92711496974967,36.15799217585362,29.739291216779275,46.2434748619868,35.85916122891949,29.34033330252657,-19.717792755665812,45.94789058101158,-311.1774193548387,-19.85575032297325,52.58881537216374,-310.61167815398096,-19.7177930996657,45.947891466042904,-311.1774208990427,-44.677224683713035,-12.307920348091995,30.88438589893161,-1.3492488401040195,-1.1519882450353236,0.09733142511087231
5.3,-0.021965793349898233,-0.005062689882683102,0.010902722758223349,0.1274902570785031,-1.1479694874464779,0.4198140123230362,0.0025878905269343423,0.003394147606874137,0.002218840462387267,44.92711496974967,36.15799217585362,29.739291216779275,46.178133514395846,36.513806290338444,29.09084405556386,-19.717792755665812,45.94789058101158,-311.1774193548387,-22.663977247053076,51.512332386773465,-310.99594143644765,-19.7177930996657,45.947891466042904,-311.1774208990427,-42.10942194759788,-34.50709904342481,49.73986418140917,-1.2902744353918023,-1.5923520628680312,0.41639494702580276
5.31,-0.020477371201804595,-0.016444228229640867,0.014800801079048798,0.1661855519075121,-1.1240983897086592,0.36330832323162177,0.002588021151946759,0.0025997077836085155,0.001970366963929511,44.92711496974967,36.15799217585362,29.739291216779275,46.09064108977996,37.16432631369348,28.87080888010292,-19.717792755665812,45.94789058101158,-311.1774193548387,-25.387847475473617,50.28739472750531,-311.3854092498941,-19.7177930996657,45.947891466042904,-311.1774208990427,-37.132243508506505,-65.11379532653574,65.11984849278738,-1.1975300498781964,-2.0607991046150533,0.6467398508916496
5.32,-0.02619682638908183,0.010659470815906458,0.007454817210591602,0.20396419041745423,-1.0659755559752282,0.2998710869492363,0.0025878658664475938,0.004957658596267379,0.0025754985880282345,44.492251628328546,38.33804508437962,29.130196351614295,45.981203079359744,37.78906275139157,28.685948608122875,-28.563410754739614,41.03817206036381,-312.51612903225805,-27.941821464536357,48.94777512251913,-311.76539134778,-28.563411256111944,41.03817284166724,-312.51613056783077,-48.344538533975104,-6.345958136447755,31.632962916026386,-1.6093060215165482,-0.007804290403258163,-0.444777486637702
5.33,-0.023895169151034068,-0.000249513938194057,0.010257280371781308,0.249756116959033,-1.1020445592322066,0.2599616771605928,0.0025878505641554815,0.004588091143216009,0.0020805946614716204,44.492251628328546,38.33804508437962,29.130196351614295,45.84679868072644,38.41558290989335,28.52789011595927,-28.563410754739614,41.03817206036381,-312.51612903225805,-30.43941089440412,47.44358912124618,-312.1542989407479,-28.563411256111944,41.03817284166724,-312.51613056783077,-42.85200706858347,-20.245747436546598,42.8795357070966,-1.2725273915312942,-1.2891848372538979,0.24483411402041674
5.34,-0.02117484074249032,-0.01128938041474592,0.012569989556544925,0.29009794056691346,-1.0980500242525393,0.2070746648203215,0.0025878367762801457,0.002742252341295363,0.0018906614424401235,44.492251628328546,38.33804508437962,29.130196351614295,45.6886316756155,39.047614068037255,28.3984393959436,-28.563410754739614,41.03817206036381,-312.51612903225805,-32.88855827977813,45.770042023124745,-312.55912282544244,-28.563411256111944,41.03817284166724,-312.51613056783077,-34.24200102527812,-50.85482765972779,52.55375595801571,-1.1121892632659383,-1.8293064653094881,0.39221031618332625
5.35,-0.0180611337404607,-0.022040135571102626,0.014333919245591353,0.3281626332243509,-1.0515327543309954,0.15094715819309246,0.0025911225349070184,0.0025880638651582344,0.0018636111794816663,44.492251628328546,38.33804508437962,29.130196351614295,45.50807180207206,39.66074044880345,28.30060117013674,-28.563410754739614,41.03817206036381,-312.51612903225805,-35.201244890993934,43.9765022543787,-312.9581632743724,-28.563411256111944,41.03817284166724,-312.51613056783077,-24.840001778100294,-73.17441617245063,56.82483041709804,-0.943006625625383,-2.1783612459947914,0.4432168842626946
5.36,-0.026931296684570838,0.004284905835232888,0.011202234797140609,0.3615835287488216,-0.9769100282840713,0.09437335227536299,0.002587811696430191,0.004879938987640058,0.0020156626147492876,43.78523475702713,40.426546870127645,28.882168901958554,45.30721549034339,40.23767416102863,28.23519030252887,-36.239639361455964,34.44834595378436,-313.85483870967744,-37.31705025412101,42.10679055794845,-313.33753742240674,-36.23964000349305,34.448346597226816,-313.85484023628277,-46.11703255482867,-11.53184918154741,39.326934952238524,-1.7107746545636486,-0.06626041477142555,-0.10498386843018337
5.37,-0.023052858132936893,-0.005679234292995106,0.011868662115623319,0.40723830908721764,-1.0011330531609715,0.043861824530905855,0.0025877952848505875,0.002877070270523833,0.002020670309434088,43.78523475702713,40.426546870127645,28.882168901958554,45.08247734353622,40.809184523443314,28.199894862956736,-36.239639361455964,34.44834595378436,-313.85483870967744,-39.34389081166819,40.0906508854834,-313.72461161616405,-36.23964000349305,34.448346597226816,-313.85484023628277,-34.28770368773209,-35.16539078623451,40.03101675928771,-1.070148776191893,-1.607911633866231,0.1367895366124697
5.38,-0.01875414373115758,-0.015570949385668054,0.012052433003077068,0.4475527888490698,-0.9740843912630675,-0.0017349444202501415,0.002589630014532183,0.0026071288148815717,0.002077339281474283,43.78523475702713,40.426546870127645,28.882168901958554,44.833912081663,41.374241340094756,28.191959588022534,-36.239639361455964,34.44834595378436,-313.85483870967744,-41.28616363340327,37.93599891442037,-314.1117533380073,-36.23964000349305,34.448346597226816,-313.85484023628277,-21.505761402305843,-56.66753699231084,38.57999906851091,-0.8512897536915783,-1.8837137388227476,0.09005116929043568
5.39,-0.01408661049878479,-0.02501248932015876,0.011807498513214498,0.48127449271230327,-0.9158647057386432,-0.042433139976778625,0.002618855797836173,0.0025880638651582344,0.002172380045629337,43.78523475702713,40.426546870127645,28.882168901958554,44.564595764897604,41.91172175297482,28.208298987552322,-36.239639361455964,34.44834595378436,-313.85483870967744,-43.08070919061752,35.70522959090595,-314.47428985678755,-36.23964000349305,34.448346597226816,-313.85484023628277,-8.168175958314283,-73.83169071920193,35.32568490685828,-0.6154040324562243,-2.155267047755298,0.022661344559239224
5.4,-0.025684626359214757,-7.106421152980325e-05,0.013636997776130033,0.5064125320498823,-0.8345567271169205,-0.0784399813673997,0.002587758721487991,0.0046071435755562,0.0021753054484279916,42.83661463662022,42.35570557428721,29.022879089677136,44.27887027417708,42.408209087178484,28.246445809593975,-42.4322128747375,26.448200516348198,-315.19354838709677,-44.68681902575122,33.45036402323152,-314.80002735333613,-42.432213635427246,26.448200994992575,-315.19354990333443,-38.77939336196744,-13.7693975917352,35.512366133501416,-1.7150034291429919,-0.12365876624753196,0.07675470052997756
5.41,-0.020379015899584463,-0.008555697239520876,0.012550630237086524,0.5478775885383254,-0.8471260775819173,-0.13028384845887805,0.002587923822738635,0.0030361829799085633,0.002359844869921347,42.83661463662022,42.35570557428721,29.022879089677136,43.97265072719981,42.894358642868234,28.31149924049036,-42.4322128747375,26.448200516348198,-315.19354838709677,-46.19271005825829,31.085157674123423,-315.12437953522203,-42.432213635427246,26.448200994992575,-315.19354990333443,-23.24970429784873,-34.022948425566256,29.371449076120445,-0.8492514507029449,-1.4786787684270308,-0.10313314373767542
5.42,-0.014716236206979816,-0.01688041238718696,0.011022341672213887,0.5800438543734976,-0.8157296066044286,-0.16979127647412406,0.0026092588356406406,0.0025970417321570854,0.0026186671089189328,42.83661463662022,42.35570557428721,29.022879089677136,43.64640443617407,43.369352557142335,28.401271377645802,-42.4322128747375,26.448200516348198,-315.19354838709677,-47.60093214048155,28.618249087303703,-315.4415275585186,-42.432213635427246,26.448200994992575,-315.19354990333443,-6.877419651036801,-54.69029868967673,23.03721796625619,-0.5638645150981254,-1.8078855265873135,-0.22228341650434785
5.43,-0.008785861387715088,-0.024746073493015497,0.009147347368322345,0.6020003992988214,-0.7596609685075073,-0.20088729440344238,0.0028948388774742324,0.002588061163635718,0.0030061473545028835,42.83661463662022,42.35570557428721,29.022879089677136,43.305423659369616,43.81669372160339,28.51044054310105,-42.4322128747375,26.448200516348198,-315.19354838709677,-48.868145921232404,26.116272860900462,-315.73178342772826,-42.432213635427246,26.448200994992575,-315.19354990333443,9.021247571937772,-69.04898695898214,16.28825684908896,-0.2893013060337851,-2.0343251831887375,-0.34431197066638514
5.44,-0.022747643228523184,-0.0019981420841014286,0.016398751690799906,0.6147498878288705,-0.6848876371014775,-0.2251398345193044,0.002587717617279525,0.004347519564234124,0.0027536567417121285,41.68744555413606,44.07158149332292,29.561405104056142,42.955257960152835,44.22586584981173,28.63522113451335,-46.88760660735404,17.365262642240975,-316.5322580645161,-49.966237810803044,23.632216494243192,-315.98623065974704,-46.887607459537676,17.3652629378509,-316.5322595683427,-28.827891808870433,-13.880993442537893,28.58544148251332,-1.5883664354233777,-0.18853467543175964,0.09536885174888197
5.45,-0.016409454666970302,-0.008967221136702008,0.013823061579680274,0.6463209878842751,-0.6957531102793648,-0.2800930035191695,0.002595927989790828,0.0029741558127366844,0.0029374028384343692,41.68744555413606,44.07158149332292,29.561405104056142,42.59047040817958,44.62515769385219,28.785713942132496,-46.88760660735404,17.365262642240975,-316.5322580645161,-50.96325826427849,21.068933706750336,-316.24156937977943,-46.887607459537676,17.3652629378509,-316.5322595683427,-11.183844908645682,-32.05797633340636,20.82122501266522,-0.6149448890967738,-1.4031449372256173,-0.29040349427306
5.46,-0.009833038993591114,-0.015807877065318943,0.010787921026752967,0.665208056595184,-0.6706421905307014,-0.3210578296645576,0.0027870236453230958,0.0026046642116378587,0.003347059367945008,41.68744555413606,44.07158149332292,29.561405104056142,42.212651927994926,45.015514906975454,28.9619007548208,-46.88760660735404,17.365262642240975,-316.5322580645161,-51.86134455089304,18.4318479044019,-316.4986570447752,-46.887607459537676,17.3652629378509,-316.5322595683427,6.756008141363816,-49.41037094665813,12.666702692420508,-0.307271009501343,-1.682050194133063,-0.44020444105775963
5.47,-0.003127803242345739,-0.022276656449506382,0.007397206547657631,0.6737837930450553,-0.6247633083007801,-0.35252419390515155,0.003913718955545548,0.002588051557355268,0.003995455063169554,41.68744555413606,44.07158149332292,29.561405104056142,41.82801791334171,45.38341847185454,29.15792862958853,-46.88760660735404,17.365262642240975,-316.5322580645161,-52.62805246509411,15.785588127042768,-316.7429214883024,-46.887607459537676,17.3652629378509,-316.5322595683427,19.76575312725771,-61.409141661350304,5.724858216072334,-0.0931569771148224,-1.8703008580881921,-0.5635532121513305
5.48,-0.01900456070162837,-0.002657434449890528,0.01990395881879381,0.677529313491895,-0.5625059589532002,-0.3764826480216729,0.002589033387709573,0.004227711068403884,0.003944702059694225,40.39030249884148,45.53470806981918,30.487806917152746,41.44011182624737,45.71968379139488,29.36946326781937,-49.42341621640557,7.571388875228838,-317.8709677419355,-53.241494378309426,13.172383603564807,-316.9654584621907,-49.423417128304976,7.57138897902542,-317.8709692313657,-18.470314539696123,-13.072957245895129,20.719898924590037,-1.3752738188761136,-0.26198655413277516,-0.04871062061605494
5.49,-0.01209735958844782,-0.008396556745304706,0.015806179651278285,0.6979978907931834,-0.5741714130279685,-0.43346256660348303,0.0026613311047448645,0.0030551743825843157,0.0038266195458888236,40.39030249884148,45.53470806981918,30.487806917152746,41.04337433156468,46.048657073213136,29.607299022512432,-49.42341621640557,7.571388875228838,-317.8709677419355,-53.755524370021156,10.500246317234808,-317.19630221820006,-49.423417128304976,7.57138897902542,-317.8709692313657,-0.22372798857807907,-28.395303369439524,13.986854758853656,-0.4127078422641496,-1.3082553719740633,-0.4481728785920594
5.5,-0.005074293600268676,-0.014062392695712966,0.011217007051740557,0.7043442102262617,-0.5569122260620302,-0.47811163594443834,0.0034122545929092087,0.002629406010809913,0.00413460563796711,40.39030249884148,45.53470806981918,30.487806917152746,40.64066816936066,46.37216548827237,29.872734423890353,-49.42341621640557,7.571388875228838,-317.8709677419355,-54.171518834353996,7.774705557785191,-317.4406867716904,-49.423417128304976,7.57138897902542,-317.8709692313657,15.943494606451583,-43.66531675146829,6.105163813218427,-0.14832835781576487,-1.5563132012911396,-0.5939181556861641
5.51,0.0019770364063560475,-0.019442145055725613,0.006240742904481511,0.7052363942591348,-0.5200079266620518,-0.512152295239189,0.004455123767594,0.0025892877400412826,0.004634305978746237,40.39030249884148,45.53470806981918,30.487806917152746,40.236628929258984,46.67819525295851,30.15974983996629,-49.42341621640557,7.571388875228838,-317.8709677419355,-54.46250376808447,5.050558158632186,-317.6856605809267,-49.423417128304976,7.57138897902542,-317.8709692313657,25.7804134485062,-53.925277967831846,-0.6754664552927676,0.021278972538211278,-1.7186028332825845,-0.7174519685524599
5.52,-0.01510624331967858,-0.0037049149997993025,0.023406547190522042,0.6980545822833017,-0.46958990798288613,-0.5383717292080724,0.0026042463229063303,0.004016667940458337,0.004680144061526986,39.00900549613595,46.71892720929045,31.77332705966248,39.83431255722008,46.95850134546686,30.46360704313752,-49.93582535855264,-2.5324584419355842,-319.2096774193548,-54.611011979963514,2.3660045246779555,-317.92288149289794,-49.9358262946884,-2.5324585293988098,-319.20967889318234,-9.227386975750274,-14.042631335827446,17.18257131615776,-1.2405771861490522,-0.3762322505352912,-0.09342252346056458
5.53,-0.008041857840399125,-0.008485211744161947,0.017672194016976728,0.7093535436369742,-0.47786017891772314,-0.5983006611085739,0.002970933956821585,0.0030373167245240215,0.004635689604474968,39.00900549613595,46.71892720929045,31.77332705966248,39.42911624448521,47.232439119588534,30.795362627522262,-49.93582535855264,-2.5324584419355842,-319.2096774193548,-54.65308854643206,-0.3578204497550469,-318.1768969314752,-49.9358262946884,-2.5324585293988098,-319.20967889318234,8.627108348528877,-27.363512155934178,9.220809718275175,-0.26006690750504174,-1.2657214898147342,-0.5756930919374921
5.54,-0.0009479163433468996,-0.013195121374939833,0.011423109882849447,0.7088886826816184,-0.4622460859308773,-0.6448297629535916,0.004274338761504129,0.002650746356415076,0.004720413576051969,39.00900549613595,46.71892720929045,31.77332705966248,39.02271283001202,47.50128591395486,31.15600504175987,-49.93582535855264,-2.5324584419355842,-319.2096774193548,-54.58897755516735,-3.1190313982163187,-318.45090026515084,-49.9358262946884,-2.5324585293988098,-319.20967889318234,20.27930234392316,-39.75883234599946,1.4951528700740022,-0.0706018995640333,-1.4673795404376364,-0.7199754024346919
5.55,0.006120250735302868,-0.01764819808823226,0.004773986942685937,0.7039240665598236,-0.42943965669819273,-0.6798166768618299,0.004030626508481525,0.0025933714166313186,0.004851404202573911,39.00900549613595,46.71892720929045,31.77332705966248,38.618072284156554,47.7544741647963,31.538919017921437,-49.93582535855264,-2.5324584419355842,-319.2096774193548,-54.39827281873696,-5.871878659915445,-318.73162392041957,-49.9358262946884,-2.5324585293988098,-319.20967889318234,32.87637452731856,-49.0556984398005,-6.582757532940304,0.15226998356680355,-1.6157259323616093,-0.8682835337517767
5.56,-0.011236060548258542,-0.006174932582291848,0.025717288760371715,0.6837378648016431,-0.3865921387758751,-0.7056764624848728,0.0026969948124161477,0.002809489173142176,0.004932858180056057,37.61661185262126,47.60919599511811,33.371382371220065,38.22099244901456,47.98533555272256,31.938875466963957,-48.40385594331024,-12.532626612935932,-320.54838709677415,-54.07034569741928,-8.571015905802968,-319.0151686348437,-48.403856865723455,-12.5326268826854,-320.5483885550338,0.16903189447967437,-22.279689721879887,15.208507649237031,-1.1157387095006828,-0.6783657086120543,-0.08327130425613048
5.57,-0.004347461364273886,-0.010058800359409426,0.01829803794269602,0.6890347690746217,-0.38506520344941875,-0.7671418769627927,0.0036509266561729325,0.002835921808390601,0.004937882397540238,37.61661185262126,47.60919599511811,33.371382371220065,37.82623248541197,48.20750478004277,32.367228883491784,-48.40385594331024,-12.532626612935932,-320.54838709677415,-53.61973078107979,-11.286300421555792,-319.32012513350514,-48.403856865723455,-12.5326268826854,-320.5483885550338,14.358090340100771,-30.012520600885384,5.749365240676287,-0.1731827789547327,-1.2848943770812216,-0.6842534572397945
5.58,0.0025293087560795957,-0.013804736099654824,0.010368174032638344,0.6859942438339796,-0.3637110623230162,-0.8120924206833293,0.004417635165393599,0.0026338820859225305,0.004941328239320466,37.61661185262126,47.60919599511811,33.371382371220065,37.43242205166904,48.42082131875019,32.824075085574975,-48.40385594331024,-12.532626612935932,-320.54838709677415,-53.0437933237509,-14.023104276020272,-319.6435954688509,-48.403856865723455,-12.5326268826854,-320.5483885550338,24.388479870624675,-38.93256683486712,-3.19499806657476,-0.0010768940082544916,-1.428276866375286,-0.8497185942598837
5.59,0.009336323423505433,-0.01726538176955783,0.0020591306425845612,0.6739597097839617,-0.3303640704242071,-0.8446356432451158,0.0033401491358851275,0.0025947513500166213,0.004780724336209507,37.61661185262126,47.60919599511811,33.371382371220065,37.04319405037218,48.61714418806381,33.30194891582721,-48.40385594331024,-12.532626612935932,-320.54838709677415,-52.3331037237508,-16.73742981417778,-319.9742129500619,-48.403856865723455,-12.5326268826854,-320.5483885550338,42.043057880563744,-46.87979959006251,-13.669923591739435,0.3102294414295407,-1.555132083292384,-1.040279137926101
5.6,-0.007206189101279015,-0.010056117968428868,0.025753837360637855,0.6430853823380103,-0.2897333560968506,-0.8615022831020996,0.0030792134205011954,0.0028325057326567876,0.004998640553902439,36.291673076538615,48.19916988627712,35.21967587980105,36.66752675680652,48.79201878714829,33.79408769651746,-44.890226978537065,-22.019707577881746,-321.88709677419354,-51.48976898094305,-19.3751142536647,-320.3122722737192,-44.8902278482069,-22.019708013944406,-321.887098218184,8.117000794144268,-27.360780084963945,11.829371259003263,-1.0057953317745107,-0.8739563644138361,0.018500888493130255
5.61,-0.0007457293668431397,-0.012884377066272212,0.016777731577104715,0.6453892275329906,-0.2732041825083747,-0.9209123327926034,0.004296596176001584,0.002658605191797677,0.0049749584186910565,36.291673076538615,48.19916988627712,35.21967587980105,36.297438959566634,48.95289700653935,34.311411801486884,-44.890226978537065,-22.019707577881746,-321.88709677419354,-50.50645366601735,-22.00207641480297,-320.66695327901033,-44.8902278482069,-22.019708013944406,-321.887098218184,18.437275028878336,-34.265421407351674,1.5460776779183,-0.11302219631079786,-1.3252798671085897,-0.8027860266070297
5.62,0.005681175515058867,-0.01545985777115233,0.0073388598472060584,0.6391504683359728,-0.24347467276818333,-0.9605394577589055,0.0038860285767575295,0.002606980529795881,0.004939665957004814,36.291673076538615,48.19916988627712,35.21967587980105,35.929618127724964,49.0987114409282,34.854408830894286,-44.890226978537065,-22.019707577881746,-321.88709677419354,-49.37553758010923,-24.62970926328916,-321.03251697491146,-44.8902278482069,-22.019708013944406,-321.887098218184,30.503379236416666,-39.77373339641487,-9.296910116310787,0.10065219150264584,-1.4113248215939929,-0.9998528411721923
5.63,0.011967529786530595,-0.017702795428575002,-0.0024214417439807345,0.6166101253713537,-0.2080861090183644,-0.986547530225066,0.0027566585634083256,0.0025929367676439277,0.004281326114498542,36.291673076538615,48.19916988627712,35.21967587980105,35.57085509165706,49.22517346560529,35.415032464864936,-44.890226978537065,-22.019707577881746,-321.88709677419354,-48.103700416364646,-27.210358225566914,-321.4039961420705,-44.8902278482069,-22.019708013944406,-321.887098218184,52.448182986669806,-45.47821722150214,-23.7227064269799,0.4760742779613147,-1.4986114349245558,-1.2625248392485102
5.64,-0.0026416531014783473,-0.014499752763493912,0.023028556373223208,0.5779867048317652,-0.16633210050387062,-0.9822611541371257,0.004025522769388684,0.0026190287376335786,0.004998640553902439,35.11325088798454,48.489204130275574,37.24372854702328,35.23132012446187,49.32941883172461,35.98122670561022,-39.53878684688494,-30.605299127383134,-323.2258064516129,-46.716269692602125,-29.680465850471368,-321.7777822018679,-39.538787625294866,-30.605299708365152,-323.2258078834588,14.40918744839479,-34.92874487058901,7.229132689574027,-0.9017553131018514,-1.1398399564488773,0.04822844677894034
5.65,0.0031531672561692092,-0.016004651750509802,0.012875613340075587,0.5773224874121794,-0.1356074090845599,-1.0350988948389652,0.004180128772178718,0.00260168146068679,0.004961644635679594,35.11325088798454,48.489204130275574,37.24372854702328,34.89955513246387,49.41377379207998,36.56553627720772,-39.53878684688494,-30.605299127383134,-323.2258064516129,-45.1810968135951,-32.11016681139635,-322.15612303372757,-39.538787625294866,-30.605299708365152,-323.2258078834588,23.525275422635907,-37.46744492837014,-4.313685260128545,-0.03717369201420426,-1.3420825120526616,-0.9393405204500125
5.66,0.008856847873418117,-0.01716596839986506,0.002338075907028725,0.5618451333812834,-0.1000103828385802,-1.0668996364971655,0.002930818156706836,0.0025947935324038057,0.004796964564030875,35.11325088798454,48.489204130275574,37.24372854702328,34.57375635078248,49.47826637797016,37.171032694605024,-39.53878684688494,-30.605299127383134,-323.2258064516129,-43.48633879755587,-34.51254523661768,-322.5392152986946,-39.538787625294866,-30.605299708365152,-323.2258078834588,41.13345153783001,-40.412549929231346,-17.343681271927217,0.2720780422859181,-1.384289814590563,-1.1733450426763945
5.67,0.014287897470553368,-0.017966100599535295,-0.008417860118490217,0.5250323460927615,-0.06303445732019193,-1.076783368052031,0.0023248691574063235,0.002591944618441427,0.003057633207949076,35.11325088798454,48.489204130275574,37.24372854702328,34.26479162137887,49.52197109076127,37.78766175570689,-39.53878684688494,-30.605299127383134,-323.2258064516129,-41.658739168224095,-36.82972376840401,-322.9286064421362,-39.538787625294866,-30.605299708365152,-323.2258078834588,63.332513734833306,-41.805860868474745,-43.378807853455264,0.6348085239082724,-1.393905509787941,-1.6440067236687232
5.68,0.0025714444781108625,-0.01843707933693417,0.017925305697146232,0.4796436844863553,-0.020243621824006023,-1.0451003460448212,0.004104132588827335,0.002590736092128956,0.004981087617151268,34.15552165160773,48.48517214062632,39.36185110672743,33.98058154649879,49.542494276836166,38.39536058555042,-32.568624136111154,-37.937906134639505,-324.56451612903226,-39.75355128233243,-38.99319598010755,-323.30886631877183,-32.568624787001816,-37.93790683518612,-324.5645175509211,20.351570283819797,-39.345907661438034,1.2526985230970504,-0.7895198615402433,-1.3366816184120314,0.07337023643344683
5.69,0.007332610815891649,-0.01842455580540525,0.007182980367414049,0.4684947870780541,0.01895967323894353,-1.0900322230418475,0.0029324423049009087,0.0025907212066333613,0.004937970071267137,34.15552165160773,48.48517214062632,39.36185110672743,33.70868971165783,49.53951516063642,39.012921937486546,-32.568624136111154,-37.937906134639505,-324.56451612903226,-37.70774712378452,-41.08201682091884,-323.68584300288455,-32.568624787001816,-37.93790683518612,-324.5645175509211,34.54777533904801,-39.22530290598695,-11.658861255260236,0.13433173410561772,-1.3308138619858398,-1.085709643841715
5.7,0.011846252443798888,-0.01802938741093596,-0.0038551992479742836,0.43394266489682026,0.05590763577675201,-1.1122162852749125,0.0021690017658985167,0.002591612651129138,0.0040034202790285205,34.15552165160773,48.48517214062632,39.36185110672743,33.45218136409249,49.51476972027742,39.646508436595305,-32.568624136111154,-37.937906134639505,-324.56451612903226,-35.50600789813678,-43.10174730244149,-324.0721795281108,-32.568624787001816,-37.93790683518612,-324.5645175509211,54.632985948034886,-38.77283712081882,-29.270584066146277,0.46875034046530356,-1.3113355265346933,-1.4082191882312545
5.71,0.015920029673837433,-0.01726140709864954,-0.01491748203424581,0.3843757317697567,0.0943619735011069,-1.0946162418444572,0.0020355954504662262,0.002594001801978856,0.002615143750097779,34.15552165160773,48.48517214062632,39.36185110672743,33.22165070959877,49.468541801037155,40.279045252264076,-32.568624136111154,-37.937906134639505,-324.56451612903226,-33.20522575909932,-44.98571776451844,-324.46306767113714,-32.568624787001816,-37.93790683518612,-324.5645175509211,69.61043564176832,-34.476554610189574,-62.48594856905971,0.6960642217980043,-1.2252958509385563,-1.96492614665069
5.72,0.007734882056087855,-0.02110143594979197,0.011571900509486865,0.3326498210781198,0.13539349779107338,-1.040498528419252,0.002554745855839447,0.0025878880330300813,0.004959398851084128,33.48281765406046,48.198265628828,41.49111135104435,33.02063491593607,49.399270690881046,40.888383671134235,-24.265098126554143,-43.717330807229054,-325.9032258064516,-30.874823260554543,-46.67839981791786,-324.837594890103,-24.265098617917104,-43.71733159922939,-325.9032272197968,33.973466490933085,-41.97037383885244,-5.77533996726739,-0.42219316776004395,-1.5170619694882208,0.023351126160687633
5.73,0.010895310189155127,-0.019515312928652384,0.0009124027023402759,0.2983557751628945,0.17661127190415482,-1.077939241818719,0.0020432427972012566,0.002588857568920707,0.004699444529616936,33.48281765406046,48.198265628828,41.49111135104435,32.84172623244033,49.30607318984837,41.50071131150689,-24.265098126554143,-43.717330807229054,-325.9032258064516,-28.423470340911543,-48.253801367847686,-325.2158084408394,-24.265098617917104,-43.71733159922939,-325.9032272197968,47.82533267355018,-38.347241842324884,-19.39255972748416,0.31241496000372226,-1.2706372728192938,-1.221590993031707
5.74,0.013615831484248164,-0.01754085164855146,-0.009915302375615664,0.24962452877710548,0.21464798102684174,-1.0797241800669486,0.0018715501448466369,0.0025927627631237293,0.0028598610787174137,33.48281765406046,48.198265628828,41.49111135104435,32.688678765651055,49.19076187951709,42.120940168307634,-24.265098126554143,-43.717330807229054,-325.9032258064516,-25.84073524547398,-49.71328547076562,-325.60968884236786,-24.265098617917104,-43.71733159922939,-325.9032272197968,59.31461810515513,-31.397098503768053,-47.76636284319394,0.4912996055168175,-1.1376520330473363,-1.7303925727159422
5.75,0.015827735541127708,-0.015181238005787967,-0.020512776540382305,0.19769905691680628,0.2532281562989341,-1.0383100564837833,0.0018872113692617828,0.0026070717966271756,0.002588206488583842,33.48281765406046,48.198265628828,41.49111135104435,32.56492802805233,49.05336192486555,42.725562885581134,-24.265098126554143,-43.717330807229054,-325.9032258064516,-23.20839849934083,-51.001950946452816,-325.99801553494603,-24.265098617917104,-43.71733159922939,-325.9032272197968,64.54660934145839,-22.890650898253664,-71.68170699177927,0.5581217535537502,-0.9834287172995131,-2.1048846289597707
5.76,0.011635095727868694,-0.02208957188642391,0.005463435335587241,0.1461334744320509,0.2896823097356186,-0.9679173712634292,0.0019509832827562168,0.0025878369197328715,0.004910662197201981,33.145681281521796,47.645739403279215,43.55340084822574,32.4709183582244,48.89449607578959,43.29649068282289,-14.968156148667871,-47.70696282000245,-327.241935483871,-20.594463623824986,-52.085934622212854,-326.3639968918034,-14.968156454936727,-47.70696367354886,-327.2419368886992,44.52799917701661,-40.77739086430078,-11.362268171968323,-0.06348694014947913,-1.6377294391396344,-0.033867034333738104
5.77,0.012834704228634752,-0.01895935290727402,-0.0044246385105176644,0.09802559085106473,0.33080583744404823,-0.9955068462014272,0.0019174166013855541,0.002589446492943454,0.0038464532593094486,33.145681281521796,47.645739403279215,43.55340084822574,32.40496676014387,48.71285616377427,43.863966179546495,-14.968156148667871,-47.70696282000245,-327.241935483871,-17.889610497235218,-53.02644693523181,-326.73739080375236,-14.968156454936727,-47.70696367354886,-327.2419368886992,46.90751489616751,-31.44862996975258,-27.256500467213673,0.2348052828364135,-1.1051498343801098,-1.3523344643940476
5.78,0.013561701552197603,-0.01543657851661473,-0.014295722909248298,0.05258510604346624,0.36952607963095646,-0.9742654136148613,0.0019417126439594393,0.0026038425924757047,0.0026254353966551043,33.145681281521796,47.645739403279215,43.55340084822574,32.36588739623539,48.508804079001024,44.42806385599625,-14.968156148667871,-47.70696282000245,-327.241935483871,-15.095739464657397,-53.82932682705884,-327.11488451648216,-14.968156454936727,-47.70696367354886,-327.2419368886992,48.22396494229635,-18.973673207004374,-55.792311574326284,0.24284009222695346,-0.882274145556343,-1.8265748646809965
5.79,0.013855255673946743,-0.011544666502693257,-0.023759591941868496,0.010809796451409307,0.40442621518266275,-0.9196632121091352,0.001993692047004057,0.002695306129615341,0.0025880638651582344,33.145681281521796,47.645739403279215,43.55340084822574,32.35144374332442,48.283847310420214,44.96702650977588,-14.968156148667871,-47.70696282000245,-327.241935483871,-12.29831825492751,-54.46405235388092,-327.4715592373884,-14.968156454936727,-47.70696367354886,-327.2419368886992,46.61349837798886,-6.522918033755961,-73.64186515551559,0.2027880842113162,-0.6609896772982637,-2.1087662098096542
5.8,0.014314905019177093,-0.02118459369554948,0.0010910547386854264,-0.02767081124553018,0.4330127501684857,-0.8413713874330578,0.0020583273504610677,0.0025877858963053828,0.004713698056209253,33.178119926105715,46.852375918681055,45.48051719110009,32.35989383496934,48.04106098288902,45.466834362222706,-5.0584160993716285,-49.74346616959476,-328.5806451612903,-9.563031973527874,-54.91560061516467,-327.7949091637916,-5.058416203581846,-49.7434670537854,-328.58064655610076,41.6046836781255,-34.05231050985483,-13.797175708064065,0.08118786894684162,-1.6516694183476044,-0.08040261028816274
5.81,0.013751557471177955,-0.016635010131736516,-0.007479802103301347,-0.0772494536585938,0.47150682917221265,-0.8568545857107299,0.002170534423284203,0.002595566348833684,0.0031821211055767648,33.178119926105715,46.852375918681055,45.48051719110009,32.39489464705814,47.778284535953865,45.95813575242743,-5.0584160993716285,-49.74346616959476,-328.5806451612903,-6.7730358741641785,-55.226337855006086,-328.1190717960861,-5.058416203581846,-49.7434670537854,-328.58064655610076,36.84996801009336,-19.791603228930917,-32.757034848186464,0.007837346457311583,-0.8710451846348019,-1.3658649652851462
5.82,0.012755256851560648,-0.011738047804242258,-0.015925945795910557,-0.11647850166270472,0.5038489037219952,-0.8289287817313565,0.002307172058188014,0.002682462414692833,0.002603719415264899,33.178119926105715,46.852375918681055,45.48051719110009,32.45416902929582,47.49588298943144,46.44024201937086,-5.0584160993716285,-49.74346616959476,-328.5806451612903,-3.9338681067054035,-55.40371802532243,-328.43813287896944,-5.058416203581846,-49.7434670537854,-328.58064655610076,31.85779178600073,-3.955162227755688,-54.88963700644578,-0.0834052024293272,-0.5868719392669167,-1.7714462560928652
5.83,0.011412473148822988,-0.006554397275729484,-0.023929699154126127,-0.14776598349240194,0.5290944431820587,-0.773777804896843,0.0024999708114625367,0.003042119264001034,0.002588061791339503,33.178119926105715,46.852375918681055,45.48051719110009,32.5328562036063,47.197477501913546,46.89554038706425,-5.0584160993716285,-49.74346616959476,-328.5806451612903,-1.126427569597104,-55.43708106075696,-328.73097674749727,-5.058416203581846,-49.7434670537854,-328.58064655610076,25.778401941749298,10.649972020375987,-69.64127524864054,-0.1946099949354385,-0.3349063281909358,-2.0037182336250523
5.84,0.01708954606469426,-0.01860706221241548,-0.0009549045475506501,-0.1716677557298619,0.5490372159369188,-0.6985340200778752,0.0025915941893304593,0.002589738317540274,0.004498844391539162,33.59594683120191,45.85225331964905,47.217394597378,32.62708526059217,46.88665329349441,47.31270838757016,5.058416099371543,-49.74346616959476,-329.91935483870964,1.590630226201115,-55.32391373592252,-328.9861860025013,5.058416203857572,-49.74346705326298,-329.91935622090284,33.571647298469,-24.047027206392453,-13.941080062881204,0.11074733127070649,-1.5181047431715982,-0.14063518238614076
5.85,0.015066989622800286,-0.012943077054220264,-0.008077907537896611,-0.22362245658115443,0.5786001259292772,-0.7121100889205878,0.002678790523218589,0.0026400594039544365,0.003110495700784222,33.59594683120191,45.85225331964905,47.217394597378,32.74573782369832,46.560550067587336,47.720973018884145,5.058416099371543,-49.74346616959476,-329.91935483870964,4.334585448103565,-55.08524629646871,-329.24074579246724,5.058416203857572,-49.74346705326298,-329.91935622090284,26.841838519906823,-7.16017786417281,-31.316226101151962,-0.1974881010103172,-0.6169353143266868,-1.3468545758591906
5.86,0.01260649279434456,-0.007038433579508951,-0.015093033954571955,-0.26277279944045634,0.5990631465957487,-0.6884697349795947,0.0028930000250131484,0.0030883118211110887,0.0026125863389967452,33.59594683120191,45.85225331964905,47.217394597378,32.888894970474816,46.22110723015735,48.121391110414024,5.058416099371543,-49.74346616959476,-329.91935483870964,7.100617597114727,-54.72653355371918,-329.4959311603579,5.058416203857572,-49.74346705326298,-329.91935622090284,19.494448859418167,9.883613616685286,-49.99081650293,-0.3331965152288777,-0.3254278903008967,-1.6529177680621325
5.87,0.00981198216295065,-0.0009634834508770451,-0.021735732036762156,-0.29157866989701603,0.6140181319671412,-0.6415098088077095,0.003320307882267075,0.004270160805664871,0.002588053102243932,33.59594683120191,45.85225331964905,47.217394597378,33.05060224265726,45.87219774511211,48.49918767839107,5.058416099371543,-49.74346616959476,-329.91935483870964,9.81678916843239,-54.24593106477227,-329.734046412263,5.058416203857572,-49.74346705326298,-329.91935622090284,12.265546438007732,21.163295515715234,-62.15001632859453,-0.46207729560313027,-0.13560938748382992,-1.8431495057833527
5.88,0.02074339941925496,-0.015036826360837585,-0.0015289775922578963,-0.31170033637395306,0.6252993812697889,-0.577265309577069,0.003784956832697659,0.002605514093357503,0.0044115675076271624,34.395991031903655,44.69022607906023,48.72315487137186,33.22581237677707,45.515743136545815,48.84434996244792,14.968156148667791,-47.706962820002474,-331.258064516129,12.435756001079831,-53.64363963996843,-329.94288322200646,14.96815645729196,-47.706963672395155,-331.2580658828817,24.043879036119183,-12.917759236358998,-13.000173573687837,-0.02765709857837022,-1.3180301717670948,-0.20315969765831587
5.89,0.01731310541098141,-0.008666456786287968,-0.0074373766902360305,-0.365275590394741,0.6441754843343225,-0.5919155599556318,0.0035545092236309653,0.0029030799990413412,0.003177583461401197,34.395991031903655,44.69022607906023,48.72315487137186,33.4252246027982,45.14980520758547,49.183192496063114,14.968156148667791,-47.706962820002474,-331.258064516129,15.063025381633267,-52.931178141826386,-330.15656519589646,14.96815645729196,-47.706963672395155,-331.2580658828817,18.636554177136656,4.6174481487833265,-27.965967036590232,-0.3754758917220229,-0.4011869929606953,-1.2382755307232374
5.9,0.013418027123167864,-0.002169598683382845,-0.013295009510138511,-0.4075808738531443,0.6538192980313988,-0.5765105178735642,0.0036515782638724768,0.004095448678245677,0.0026485843417863152,34.395991031903655,44.69022607906023,48.72315487137186,33.65075272068374,44.7770238310831,49.51776620601364,14.968156148667791,-47.706962820002474,-331.258064516129,17.695701515182066,-52.110666880965574,-330.3811809387789,14.96815645729196,-47.706963672395155,-331.2580658828817,11.85532942368043,17.927483541316622,-43.797124022530134,-0.5012516300074726,-0.17670847101011466,-1.520904087532211
5.91,0.009162947189712667,0.004412057322209617,-0.01886736998794314,-0.4386743381086599,0.6610461616480033,-0.5388776238516572,0.004132357241230084,0.004177599810481612,0.0025902228110994035,34.395991031903655,44.69022607906023,48.72315487137186,33.89627683294828,44.399539041349726,49.83478617609403,14.968156148667791,-47.706962820002474,-331.258064516129,20.273833361998538,-51.17965901114236,-330.60054802954755,14.96815645729196,-47.706963672395155,-331.2580658828817,4.364739718124388,29.93554096153621,-54.94645085028952,-0.6370954392733271,0.036061014010593494,-1.6979536895583962
5.92,0.024888269095869497,-0.011112584017282545,-0.00221835933368586,-0.46253563376363155,0.6567039309064749,-0.4880653674952439,0.0044647577020726515,0.002704552960999372,0.004295824872891089,35.55605469292359,43.42244187468055,49.970254318663216,34.15707743931177,44.021328949125966,50.12575407329892,24.26509812655407,-43.7173308072291,-332.5967741935484,22.74900998400367,-50.143700910839456,-330.80734223981875,24.265098623802757,-43.717331598587876,-332.596775542821,20.784930262738026,-2.912341425055059,-13.629712911069957,-0.04855659889778585,-1.2256182178605797,-0.29541876147873397
5.93,0.019924430001703408,-0.004472484931257514,-0.007216610883154506,-0.5199579742037348,0.6673357766243508,-0.5007486370495848,0.004531597442856681,0.0036254488326793177,0.0031528040089950204,35.55605469292359,43.42244187468055,49.970254318663216,34.444545150020836,43.64043352519375,50.41242108139334,24.26509812655407,-43.7173308072291,-332.5967741935484,25.211183181138495,-49.00297052451791,-331.0304169310797,24.265098623802757,-43.717331598587876,-332.596775542821,13.258072300126896,12.527004425344066,-26.54095883171433,-0.5088198459765028,-0.2659654536671637,-1.1892988305658128
5.94,0.014470818190206902,0.0022259673709240646,-0.012173234852647985,-0.564402430659531,0.671698303287112,-0.4878101629172041,0.004433185740256123,0.004413740161805378,0.002689670529395276,35.55605469292359,43.42244187468055,49.970254318663216,34.75949441605489,43.25640126180442,50.69553465021818,24.26509812655407,-43.7173308072291,-332.5967741935484,27.664064546506882,-47.754350488235225,-331.2700209109855,24.265098623802757,-43.717331598587876,-332.596775542821,6.623564920985574,23.588945697126974,-39.588044432489454,-0.6339575894965545,-0.06945699952123392,-1.4294947769091815
5.95,0.008632822485550973,0.00894222651424037,-0.016887712291176027,-0.5983758745669129,0.6695229014757331,-0.45608063406966476,0.00470047763116354,0.0033827602812595637,0.002596718418011797,35.55605469292359,43.42244187468055,49.970254318663216,35.09588541417883,42.87179483253664,50.963762897814476,24.26509812655407,-43.7173308072291,-332.5967741935484,30.053786112459274,-46.399170661601524,-331.5134774603329,24.265098623802757,-43.717331598587876,-332.596775542821,-1.8887399906713231,42.01760220544084,-50.84742063081013,-0.7897253859410996,0.25759633720491215,-1.6114431112873717
5.96,0.028320166423665305,-0.007272803298605024,-0.004258684626385234,-0.62528315370047,0.6492836741321549,-0.41436470031317346,0.004844561262824254,0.0030740034148995145,0.003881050945963563,37.035698130823874,42.11531818136849,50.94241368195404,35.449445144000904,42.49463096283583,51.21047480685683,32.56862413611109,-37.93790613463956,-333.93548387096774,32.325800764055856,-44.95230635216497,-331.761369232783,32.56862479681134,-37.93790683664148,-333.9354852022648,18.774965307707326,5.47151856775817,-16.950988965146504,-0.05937942377549895,-1.1347218640003822,-0.44559074353320227
5.97,0.02171204248378178,-0.0007251898060689488,-0.008454503683788972,-0.6854553881843652,0.6566296184021974,-0.41779926804686013,0.004915288919546401,0.004299765048827304,0.003038945903920256,37.035698130823874,42.11531818136849,50.94241368195404,35.83125121900142,42.119228573246474,51.45070384900497,32.56862413611109,-37.93790613463956,-333.93548387096774,34.557892566547814,-43.39387550280152,-332.0317192940351,32.56862479681134,-37.93790683664148,-333.9354852022648,10.445670904448747,17.119023822457955,-27.94889712235441,-0.6041058961467674,-0.18211536580708687,-1.2164076778162904
5.98,0.01460162250048369,0.005851396803325581,-0.012547686907342426,-0.7301975437794311,0.6575197560257618,-0.3997618638054695,0.0048620012291554085,0.003916027539883223,0.002672525292568159,37.035698130823874,42.11531818136849,50.94241368195404,36.24114494355018,41.74240983758929,51.68409574211775,32.56862413611109,-37.93790613463956,-333.93548387096774,36.75896977535375,-41.71613689491466,-332.31907432124336,32.56862479681134,-37.93790683664148,-333.9354852022648,2.016773288569554,30.959489223281537,-39.28837173091564,-0.7614207044395087,0.06405742920161758,-1.4035159569507858
5.99,0.007102633037822104,0.012371041661933702,-0.016383144142406048,-0.7647142910022966,0.6443175144928992,-0.3689925303084828,0.004910978664710286,0.0028556043366985834,0.002599585628899753,37.035698130823874,42.11531818136849,50.94241368195404,36.67273262315309,41.369733640064275,51.9020391260759,32.56862413611109,-37.93790613463956,-333.93548387096774,38.87567502380577,-39.93225670943786,-332.6166345723211,32.56862479681134,-37.93790683664148,-333.9354852022648,-8.145905134975958,54.061769940807196,-49.53656145958991,-0.9447658073829549,0.4589525237077294,-1.5683269389932784
6.0,0.029720855544753566,-0.0035506260353417307,-0.00782731482886423,-0.7892303772898533,0.6154637786409473,-0.32967585954854145,0.004981303103606394,0.003842725155942248,0.003131063222900867,38.77811114594491,40.84273270931099,51.63213309839797,37.12100896752359,41.010717626663656,52.09963679957754,39.53878684688488,-30.6052991273832,-335.2741935483871,40.856257981879786,-38.06554507997539,-332.92818022122765,39.53878763824305,-30.605299713475517,-335.27419486297686,16.670071680697138,11.64792062785533,-24.229978642254437,-0.07341369427603461,-1.0091528791558655,-0.7009932965839583
6.01,0.0214785870412465,0.002654386894961558,-0.011091733302396323,-0.8478311544175214,0.6219462637638427,-0.3189241368614422,0.004998640553902439,0.0043177542230575915,0.0027481049221271866,38.77811114594491,40.84273270931099,51.63213309839797,37.59632669528235,40.65500522420914,52.2857898176268,39.53878684688488,-30.6052991273832,-335.2741935483871,42.770244689740444,-36.076369828692705,-333.2593025314728,39.53878763824305,-30.605299713475517,-335.27419486297686,7.0951870136916675,22.376509857381723,-33.10179999777418,-0.7099518458841563,-0.09435074781881335,-1.2774076170439017
6.02,0.01276092475834667,0.008861049914776209,-0.014142796742454555,-0.8895822674437427,0.6172975704331009,-0.2924595783359267,0.00496143007544593,0.003158562193429683,0.0026262399635022977,38.77811114594491,40.84273270931099,51.63213309839797,38.09813736790547,40.29974848951531,52.459037141864904,39.53878684688488,-30.6052991273832,-335.2741935483871,44.62082007324615,-33.955973355675276,-333.60348463016953,39.53878763824305,-30.605299713475517,-335.27419486297686,-3.727147152958885,41.27352801484001,-41.52273054397726,-0.9076136135059457,0.2404976147461516,-1.4140841959257313
6.03,0.003686645971452962,0.014915921248247255,-0.016890897614026512,-0.9203549669226803,0.5928366179635611,-0.25958223212025366,0.004859349224106802,0.002578167322654648,0.002596386795866027,38.77811114594491,40.84273270931099,51.63213309839797,38.61975202524934,39.954337710176446,52.61457616135688,39.53878684688488,-30.6052991273832,-335.2741935483871,46.357492397101566,-31.73334960403202,-333.96160515575593,39.53878763824305,-30.605299713475517,-335.27419486297686,-15.428537800042548,63.10305550824215,-48.9017526027894,-1.1149539991972461,0.5946020802502839,-1.5278819693517742
6.04,0.028159916700768006,0.0003959622328565393,-0.012179798760471039,-0.9345444337359742,0.5603714881973471,-0.21870668387881112,0.004998640553902439,0.004347486841098097,0.0026850093728693876,40.713355259320856,39.68166436730692,52.03847241579056,39.154021276028594,39.6266904858489,52.748812651245366,44.89022697853703,-22.01970757788182,-336.61290322580646,47.940362322134824,-29.439258036510456,-334.33377726561076,44.890227862508674,-22.0197080236644,-336.6129045263069,12.904602427182246,17.243469877750844,-33.045787764077865,-0.06569482539401411,-0.8675719643170902,-1.002913678045401
6.05,0.018494075593189496,0.006038861501885262,-0.014233078106382413,-0.9871618548271146,0.5638662707024901,-0.19193883216024016,0.004984298308413518,0.003548330102405607,0.002623779348433178,40.713355259320856,39.68166436730692,52.03847241579056,39.71051650471457,39.30339165264736,52.86478381849543,44.89022697853703,-22.01970757788182,-336.61290322580646,49.42526330433854,-27.017717578931308,-334.7152180867267,44.890227862508674,-22.0197080236644,-336.6129045263069,1.3723777556400618,30.888346690046255,-37.985972357394196,-0.8508313098661805,0.047919882312719785,-1.3262467026239273
6.06,0.008418553656345917,0.01160777957830561,-0.015974464488311524,-1.0224277768048382,0.5477452628081263,-0.1592982963685347,0.0049487553431999095,0.0025108520809337537,0.002601999430531973,40.713355259320856,39.68166436730692,52.03847241579056,40.289752400303705,38.98536933837457,52.962676935193564,44.89022697853703,-22.01970757788182,-336.61290322580646,50.80940489325931,-24.466150863651926,-335.10655746006796,44.890227862508674,-22.0197080236644,-336.6129045263069,-11.496412048456378,53.792012847447495,-43.43096559084588,-1.0804736199308806,0.43926754280564734,-1.4105929340205892
6.07,-0.0019390271409180926,0.016898688497668846,-0.01737853518812682,-1.0441014926689138,0.5119860528627487,-0.12434286084025925,0.00436151590517052,0.0023957730091978516,0.00259397413316603,40.713355259320856,39.68166436730692,52.03847241579056,40.88433276791626,38.68433242950723,53.04109499404645,44.89022697853703,-22.01970757788182,-336.61290322580646,52.049571775042025,-21.828047073596426,-335.51379780731054,44.890227862508674,-22.0197080236644,-336.6129045263069,-25.620318271218856,69.21070541146612,-46.393896729268405,-1.332869756004726,0.6722315974790843,-1.4466253182360747
6.08,0.02342813620452,0.004811895626347318,-0.016170122786271945,-1.0304353043111747,0.47890422709346114,-0.07971781579422135,0.004998640553902439,0.003603075832189437,0.0026002680776607045,42.763054931096,38.70695794117423,52.16554976138771,41.48038318050124,38.40371980472274,53.096449646175294,48.40385594331022,-12.532626612936015,-337.9516129032258,53.12234623947308,-19.152374788369332,-335.92180240683814,48.40385687897814,-12.532626896819314,-337.95161419268186,6.40382236306172,25.89156608270413,-38.87832635002204,0.0075706103722304905,-0.6524235681519869,-1.245232002675346
6.09,0.012835040176594759,0.00957232761241178,-0.016777229417935913,-1.0759108003581386,0.46902852290064534,-0.04443196191293099,0.004961568043436638,0.00250349031848919,0.002596495650900451,42.763054931096,38.70695794117423,52.16554976138771,42.08949019064904,38.13176724398351,53.12915602670197,48.40385594331022,-12.532626612936015,-337.9516129032258,54.06697472035325,-16.372233320588474,-336.3278434721934,48.40385687897814,-12.532626896819314,-337.95161419268186,-6.908817611291524,45.41874751993927,-41.13662022103063,-1.0211539357277455,0.2800113725925621,-1.3402874208494302
6.1,0.0019222306355379803,0.014095542173995557,-0.017028397537336315,-1.1016707632028704,0.43568186170523154,-0.009479899156452226,0.004772334473657619,0.002091049927447678,0.0025952045606254183,42.763054931096,38.70695794117423,52.16554976138771,42.71613718656794,37.87462497290179,53.14154909140339,48.40385594331022,-12.532626612936015,-337.9516129032258,54.872633137271436,-13.484176814198138,-336.74709932261123,48.40385687897814,-12.532626896819314,-337.95161419268186,-20.728766020654767,64.67984744548303,-42.48419120125239,-1.2646354317231616,0.5899277543954314,-1.351818164352875
6.11,-0.009130284221925966,0.018210724712323656,-0.01692343664384477,-1.1012069890182543,0.3920280823481968,0.028073737602303313,0.0029537795808157394,0.00223574166132599,0.0025955956086912853,42.763054931096,38.70695794117423,52.16554976138771,43.34911846060133,37.641330499327246,53.13333849434916,48.40385594331022,-12.532626612936015,-337.9516129032258,55.5111587782189,-10.545361024490946,-337.1784401035156,48.40385687897814,-12.532626896819314,-337.95161419268186,-47.44259981169167,73.00887344759353,-38.96692408280905,-1.7484046243047437,0.7063653586605935,-1.2744341897098288
6.12,0.01644231145653008,0.009349064290413156,-0.018898827630257853,-1.0541804248609659,0.3574407530042942,0.07452921323886433,0.004973310537583844,0.002299285669800537,0.002589776960287408,44.84620137257076,37.98607313307515,52.02198255679299,43.96518085583567,37.43004120604767,53.100346388107965,49.93582535855264,-2.53245844193567,-339.2903225806451,55.9762190311114,-7.633839960632986,-337.58806853415695,49.935826304362166,-2.5324585462699805,-339.29032386139943,-2.179903756004643,43.05911551821802,-42.50177987028914,-0.02608115782735657,-0.18576841835930705,-1.4547571184509727
6.13,0.005649478209254655,0.012758344320132897,-0.017948078677540003,-1.0914031474532027,0.324350079643235,0.11186292319533132,0.004914502001219141,0.0019479364138268998,0.002591746534929567,44.84620137257076,37.98607313307515,52.02198255679299,44.585164402771085,37.236732004488005,53.0437154118506,49.93582535855264,-2.53245844193567,-339.2903225806451,56.28382558473668,-4.6616553893650075,-337.99612352070346,49.935826304362166,-2.5324585462699805,-339.29032386139943,-15.497506716449873,58.421026836302964,-40.56476211987658,-1.1751916528327946,0.45705427449487596,-1.2854682390961474
6.14,-0.00534709168995906,0.01575402061707276,-0.01663307340919762,-1.1024583115066005,0.2783395563745711,0.14758003483013757,0.003114915538861056,0.0019108674234359618,0.0025966954747066884,44.84620137257076,37.98607313307515,52.02198255679299,45.21560692003817,37.067742940464434,52.96630267351407,49.93582535855264,-2.53245844193567,-339.2903225806451,56.42517927316687,-1.6190075440705272,-338.4208521761781,49.935826304362166,-2.5324585462699805,-339.29032386139943,-38.97355184215924,68.141040380904,-35.10947709402155,-1.6596317964072325,0.6114010031072799,-1.1701924879928247
6.15,-0.0162114405037328,0.018291035312187676,-0.014937745510929967,-1.067303589468929,0.23423500889542617,0.18801890439124516,0.0026013846882789416,0.0020781607345409505,0.0026102510276621834,44.84620137257076,37.98607313307515,52.02198255679299,45.835876130298125,36.92488824186384,52.86683785308901,49.93582535855264,-2.53245844193567,-339.2903225806451,56.39396748315577,1.4110708730030928,-338.8399438576976,49.935826304362166,-2.5324585462699805,-339.29032386139943,-64.95466274364274,70.75071579159216,-26.695682730073212,-2.019513182323694,0.6283379452445687,-1.0235211374834048
6.16,0.009064583333972531,0.013236652154857476,-0.019817157078874215,-0.9974317966938734,0.19635594722334837,0.2305556589800654,0.004952388572427013,0.001868079369451252,0.002588513922972207,46.88527042613676,37.574549160068045,51.621303701382125,46.42370468055765,36.805195317243644,52.74332306089304,49.42341621640558,7.571388875228753,-340.6290322580645,56.19720937825005,4.3460216751360345,-339.2238692189288,49.423417132242925,7.571388962524761,-340.62903353081157,-9.516149951742703,55.03650776092287,-41.32583315483146,-0.0865682273205194,0.1831182424175609,-1.5773812423488847
6.17,-0.0011110993035193806,0.01493759309445497,-0.01730560269360293,-1.0243657568288016,0.1487315941652535,0.26763196264938355,0.004482890900129466,0.001870356627913602,0.002593442242086213,46.88527042613676,37.574549160068045,51.621303701382125,47.00766260992158,36.71044040232587,52.597303684344695,49.42341621640558,7.571388875228753,-340.6290322580645,55.83252153368536,7.295405052623689,-339.60843455671335,49.423417132242925,7.571388962524761,-340.62903353081157,-22.499456479399313,58.12024393175155,-33.61165976654871,-1.2846943094896128,0.3979875000343275,-1.1201354262796295
6.18,-0.011312627480370208,0.016171382296094827,-0.014429084902379374,-1.0094669601685085,0.1035528882278712,0.3044128033517495,0.0027407083268956517,0.0019362570003379467,0.0026158353322728294,46.88527042613676,37.574549160068045,51.621303701382125,47.59104158605151,36.64230350661523,52.430370700926495,49.42341621640558,7.571388875228753,-340.6290322580645,55.30162079396782,10.266135385372541,-339.9993268993553,49.423417132242925,7.571388962524761,-340.62903353081157,-50.83749760795374,59.93105439564853,-21.950056396077187,-1.779310460055137,0.41713692124784457,-0.9082181711222151
6.19,-0.02112814592653589,0.016984104224647578,-0.011179213911811425,-0.9542266104655114,0.06359512325318084,0.3414181727388547,0.0025880638651582344,0.0020238470096461047,0.002717141244603303,46.88527042613676,37.574549160068045,51.621303701382125,48.15009365782491,36.598006232134665,52.24206232514322,49.42341621640558,7.571388875228753,-340.6290322580645,54.61730083894316,13.163485616864628,-340.36744550153713,49.423417132242925,7.571388962524761,-340.62903353081157,-71.19382135400633,59.05228377226361,-9.843342281085462,-2.095005975921401,0.38967086203258694,-0.6934999957515768
6.2,0.0033766355941499127,0.016333811227553174,-0.018716062329734662,-0.8732660366959459,0.02681984579601423,0.3744758647100856,0.004847112072965965,0.002027680401728201,0.0025897736677388647,48.811590294537304,37.51257911052519,50.98321721977464,48.668759128148196,36.57553781929117,52.033878623079666,46.887606607354066,17.365262642240893,-341.9677419354839,53.79652211091088,15.916182767470286,-340.69693490222323,46.887607456462455,17.365262925774793,-341.96774319886697,-13.1037619121214,51.34836519043283,-33.702363476421446,-0.11008009286610129,0.17714254597496945,-1.5661481992002848
6.21,-0.005505381279458432,0.016323772618786037,-0.01477578543336,-0.8896955828221179,-0.021998802484361146,0.4090047653939623,0.002984863582851478,0.0021088637187708136,0.0026102558192771267,48.811590294537304,37.51257911052519,50.98321721977464,49.17786767867353,36.578792142136294,51.80616934888151,46.887606607354066,17.365262642240893,-341.9677419354839,52.82425667706763,18.645111504202898,-341.0242832352832,46.887607456462455,17.365262925774793,-341.96774319886697,-33.6899554646357,48.26093060676842,-20.053610622783722,-1.511977478105395,0.19215842424152121,-0.8354774289403045
6.22,-0.014260026249848456,0.01588039221338322,-0.010505523756981439,-0.8591532989001431,-0.06165246604949266,0.4411348808107718,0.0026261207338997223,0.0021694049571624316,0.0027538595685478087,48.811590294537304,37.51257911052519,50.98321721977464,49.677577663923216,36.6064381281841,51.5596928687417,46.887606607354066,17.365262642240893,-341.9677419354839,51.70882752398594,21.35013185407489,-341.3465836325317,46.887607456462455,17.365262925774793,-341.96774319886697,-53.92033851027201,44.83700661256784,-5.226357823111874,-1.7832515084483127,0.11654322806201503,-0.584572054400653
6.23,-0.022544797796380744,0.015074886767515672,-0.005938838348676367,-0.7999336831555842,-0.09521333195486124,0.46861057396800215,0.0025880627637218994,0.0022243004648265906,0.003024790569917859,48.811590294537304,37.51257911052519,50.98321721977464,50.14873645407306,36.6544824564612,51.29649582914511,46.887606607354066,17.365262642240893,-341.9677419354839,50.475629446337194,23.94831971857342,-341.64237483622753,46.887607456462455,17.365262925774793,-341.96774319886697,-69.59841535365983,40.62133911554638,8.548920648590533,-2.027740243407753,0.03618334381995125,-0.34583173742073575
6.24,0.000553748419149902,0.019377559605758266,-0.01591717590482855,-0.7197294748511354,-0.12313421672710229,0.49255445607296905,0.004662845246176582,0.002726181344693217,0.002599450289363943,50.56900932762391,37.82274289595741,50.13538286953044,50.57907165066254,36.71991769534039,51.01894197752048,42.432212874737544,26.448200516348123,-343.3064516129032,49.146767029348105,26.382285823469523,-341.9006831239587,42.432213625372675,26.448200991521468,-343.3064528638503,-13.458697070908475,38.95797284592029,-21.96598958708329,-0.14415397569790434,0.03903999413529831,-1.3997490153799457
6.25,-0.00676593334289588,0.017876437848129312,-0.010834386034247023,-0.7301867439628644,-0.16970574007703393,0.5199070159212643,0.0029724971833920656,0.0026700547084887423,0.002727718965543218,50.56900932762391,37.82274289595741,50.13538286953044,50.99843458607622,36.80846097818285,50.72622777006514,42.432212874737544,26.448200516348123,-343.3064516129032,47.69633019537305,28.77160128582686,-342.15450264092357,42.432213625372675,26.448200991521468,-343.3064528638503,-32.279463769652935,35.172172148991464,-5.592954227333544,-1.3531109473556628,-0.07755847616933045,-0.5716539940682077
6.26,-0.013951610900426736,0.015961997326310762,-0.005518350510709147,-0.7041333737696992,-0.20795694586632585,0.5406043818072181,0.0026323019305057784,0.0026502276391726347,0.0031907568306182707,50.56900932762391,37.82274289595741,50.13538286953044,51.40848045539087,36.920296026805566,50.42047967344774,42.432212874737544,26.448200516348123,-343.3064516129032,46.13220215127412,31.116459032147567,-342.40599527326907,42.432213625372675,26.448200991521468,-343.3064528638503,-49.57495856992658,30.313104112882943,9.85319933577792,-1.6683401465652254,-0.16757674489199648,-0.3021702198416417
6.27,-0.02072543836722951,0.01371120993682895,-1.0941829847288531e-05,-0.6524289555468225,-0.23779379190087171,0.5588586218474111,0.002588054056157895,0.0027347385372362464,0.00433426954199187,50.56900932762391,37.82274289595741,50.13538286953044,51.793513669368615,37.05091666069539,50.103889519874556,42.432212874737544,26.448200516348123,-343.3064516129032,44.48058346375149,33.347978867410774,-342.6387882463675,42.432213625372675,26.448200991521468,-343.3064528638503,-62.18875732949092,24.349740512360228,20.56806772260662,-1.8637135879340267,-0.2777019290236582,-0.11831876606825621
6.28,0.00010878630210509055,0.023181861813587168,-0.012139174424325216,-0.5831499209458523,-0.2593135038228283,0.5738178237874562,0.004606643331141667,0.0036369650523520244,0.002664258625537779,52.11539051549147,38.50875402411578,49.115233355299694,52.143083450003495,37.195818111007384,49.77772581614714,36.23963936145603,34.4483459537843,-344.64516129032256,42.76293154933532,35.4217062997615,-342.8414803968546,36.23963998806592,34.44834660574332,-344.6451625250505,-12.418424016814653,30.022822298913603,-9.782721086926852,-0.20076340853012453,-0.015423309612754201,-1.2076052496374479
6.29,-0.005856737949390012,0.020304349391505605,-0.006302345418406019,-0.5982542645277265,-0.30780525782681367,0.59006224672144,0.002818151008092449,0.0036850501702942367,0.0030269707926850534,52.11539051549147,38.50875402411578,49.115233355299694,52.48515389134793,37.36326961149755,49.44244314749702,36.23963936145603,34.4483459537843,-344.64516129032256,40.94971350044793,37.444588648656364,-343.0461922216522,36.23963998806592,34.44834660574332,-344.6451625250505,-29.61712751698509,24.128833885362297,7.337295420556149,-1.3343834178178684,-0.29204431435763645,-0.3205999521008067
6.3,-0.011761710025603556,0.0170055767399393,-0.00033697640149099595,-0.5810200493862311,-0.34691736367461823,0.601586989859473,0.0027116344613160974,0.00342418733995896,0.004327589081533113,52.11539051549147,38.50875402411578,49.115233355299694,52.82240059543669,37.55448138828078,49.10000813573332,36.23963936145603,34.4483459537843,-344.64516129032256,39.0441076919152,39.42049568746346,-343.25740006915606,36.23963998806592,34.44834660574332,-344.6451625250505,-41.65428543842283,19.917808498639182,18.141986899822104,-1.5044225172303836,-0.37930473320214836,-0.1448095815590984
6.31,-0.017369815978883207,0.013360606983185752,0.0057343771176643354,-0.5416310864819633,-0.3776052820903325,0.6107478941115583,0.002594543271437085,0.0034814783025515156,0.003777972888681665,52.11539051549147,38.50875402411578,49.115233355299694,53.14136624784228,37.76503325238262,48.751660811679685,36.23963936145603,34.4483459537843,-344.64516129032256,37.06731338314092,41.29208557648793,-343.4617289865464,36.23963998806592,34.44834660574332,-344.6451625250505,-54.03059071025448,12.925341615192739,32.78561317894668,-1.7005166669291396,-0.5105348720883244,0.11773790545786102
6.32,0.0003002108949010651,0.0277123223184379,-0.008132928458644106,-0.4892920306209439,-0.401140025313487,0.6064477082133657,0.004602840845648295,0.00424257376932558,0.0029750679285966367,53.42207379697339,39.55508283421945,47.971178704757435,53.43335413271343,37.99076155939674,48.40225488073892,28.56341075473969,41.03817206036376,-345.98387096774195,35.05138558285135,43.01417631382252,-343.6538812291669,28.563411238438306,41.0381728639837,-345.98387218308335,-12.001854960751249,26.562413181421345,0.39126316802231137,-0.26750269947205535,0.016024666975412542,-1.1749955424545837
6.33,-0.0047281280937727654,0.02337540833167273,-0.002007823901204353,-0.5067624216071167,-0.45646793305583133,0.6154567214338396,0.003680290576680632,0.00444457823121723,0.0041272816398275,53.42207379697339,39.55508283421945,47.971178704757435,53.72201292680255,38.24218992570516,48.05091919938682,28.56341075473969,41.03817206036376,-345.98387096774195,32.955316023008585,44.67574904596053,-343.8624554044314,28.563411238438306,41.0381728639837,-345.98387218308335,-21.569239660682864,18.636310402286934,12.776424780958546,-1.1484450367098233,-0.4325989789814812,-0.2282437515913393
6.34,-0.009747256928077541,0.01857581533185837,0.004182484623179494,-0.4955869379455129,-0.4979627087164804,0.6212925978122472,0.0028720842803862936,0.004337847343779569,0.004113152773904556,53.42207379697339,39.55508283421945,47.971178704757435,54.008822865338246,38.51951042594025,47.695926699320786,28.56341075473969,41.03817206036376,-345.98387096774195,30.771840015675515,46.28602525445689,-344.0857163258898,28.563411238438306,41.0381728639837,-345.98387218308335,-35.15658932414673,12.588209209735084,25.64125537440515,-1.3761351767215728,-0.5458303262495682,-0.0009295591845054898
6.35,-0.014557021377747281,0.01340501229196156,0.010388456182296557,-0.4668157580529512,-0.5316409080318418,0.6175558320054904,0.0026198340228239404,0.004299067905817108,0.002923810091654909,53.42207379697339,39.55508283421945,47.971178704757435,54.28267135579225,38.81766408574288,47.340660495315184,28.56341075473969,41.03817206036376,-345.98387096774195,28.530507866865168,47.79430858685465,-344.3141138424281,28.563411238438306,41.0381728639837,-345.98387218308335,-49.01315788794103,4.343495668100545,48.88288032012102,-1.601159080519956,-0.6992632261665231,0.4058910843747171
6.36,-0.0006886746208789596,0.031888958065474426,-0.004635539999217175,-0.42649856059450986,-0.5581715776732387,0.5965291117668392,0.004493769428017053,0.004725008863410344,0.003595966248246308,54.471923508974236,40.927471297987296,46.76253585928209,54.536165981541934,39.132877762061085,46.99377457811655,19.717792755666053,45.94789058101148,-347.3225806451613,26.27413109489454,49.15269822259607,-344.54944670791485,19.717793083910134,45.947891501951155,-347.32258183972357,-13.055918294167258,24.282496431653215,6.623160926489773,-0.3652678149111815,0.010674961198199615,-1.1523178171635764
6.37,-0.005050246155734239,0.025960622294046387,0.0013843011792322724,-0.43794543819248766,-0.6169418339407241,0.6041302440228895,0.003417219457725834,0.004832242712998237,0.004373171731953859,54.471923508974236,40.927471297987296,46.76253585928209,54.786341790393976,39.47566355078454,46.64858059895176,19.717792755666053,45.94789058101148,-347.3225806451613,23.94216961546195,50.434067808556705,-344.80806422483437,19.717793083910134,45.947891501951155,-347.32258183972357,-22.383765561317094,16.075459502553805,17.42484352633195,-1.1541879001589246,-0.5208942761126256,-0.1441196782637071
6.38,-0.009366866560609588,0.019543102759243425,0.00744055285488332,-0.42508607081606214,-0.660715769884569,0.6051226550299079,0.0029136139930813704,0.004840415341777615,0.0033855213929101964,54.471923508974236,40.927471297987296,46.76253585928209,55.032846464737005,39.84581293804354,46.30158952901586,19.717792755666053,45.94789058101148,-347.3225806451613,21.52240412766959,51.643571576281985,-345.0844726279766,19.717793083910134,45.947891501951155,-347.32258183972357,-34.04080285652095,7.533950106347267,35.245443837091315,-1.3416467645232006,-0.6801126020016172,0.17208039374073772
6.39,-0.01348570348198197,0.012735860494803908,0.013424514016486255,-0.39924987305011017,-0.69583132609481,0.5900156097567636,0.002642003183878079,0.004807817963386293,0.0025694458022597925,54.471923508974236,40.927471297987296,46.76253585928209,55.26728819819353,40.23780188780536,45.95970431617852,19.717792755666053,45.94789058101148,-347.3225806451613,19.056640393124294,52.736030269228664,-345.3751831915023,19.717793083910134,45.947891501951155,-347.32258183972357,-47.10708458011759,-2.0749291835096493,60.78139967000357,-1.5528653770098748,-0.8539781148326226,0.5996838013261275
6.4,-0.00358305127363856,0.03437591722550282,-0.0018496649000050436,-0.36146895552195163,-0.7209837725441642,0.5632705639081326,0.004029300948333626,0.004944423156227221,0.00415606396662077,55.25676388570875,42.57453388359117,45.55772680158112,55.48299245028029,40.6467946489901,45.63124411206808,10.064926004433007,48.97649706262472,-348.6612903225806,16.58840863172275,53.67021820410391,-345.68210946637174,10.06492617005744,48.976498059205156,-348.6612914972962,-16.628828250760552,22.465394583702402,10.388662435909238,-0.5182728328352368,-0.011287010626178214,-1.076103055607152
6.41,-0.007208999912793779,0.026820622949715656,0.0038439424098550834,-0.35744669947842955,-0.7788983796982216,0.571923274543716,0.0031493947502218385,0.004977021544701436,0.004053175632984868,55.25676388570875,42.57453388359117,45.55772680158112,55.69021480606868,41.0827279779397,45.30470264121465,10.064926004433007,48.97649706262472,-348.6612903225806,14.043430651765352,54.49863304295799,-346.0094983797416,10.06492617005744,48.976498059205156,-348.6612914972962,-25.965384101235465,13.191406105976604,22.606532393861126,-1.1713856984864113,-0.6201279169011966,-0.05997780184657663
6.42,-0.010687626032032549,0.018787465940654946,0.009555265393194179,-0.33805666226012554,-0.8216068845172813,0.568118872222091,0.0027785310350111154,0.00497612520612664,0.002836818694577866,55.25676388570875,42.57453388359117,45.55772680158112,55.88834146929558,41.54537727463514,44.97777862249259,10.064926004433007,48.97649706262472,-348.6612903225806,11.413255685968064,55.22198803267822,-346.35272317904503,10.06492617005744,48.976498059205156,-348.6612914972962,-37.026939760351674,2.685583245263477,45.04099666276749,-1.369557583663197,-0.8105227714256015,0.33757135048941617
6.43,-0.013912042225640908,0.010385537639427067,0.015128746262928261,-0.3083436110526685,-0.8537743492730979,0.5460121111731479,0.002631073427166386,0.00495701526196737,0.0024071036922771174,55.25676388570875,42.57453388359117,45.55772680158112,56.071332828664886,42.028551787021094,44.659797701409985,10.064926004433007,48.97649706262472,-348.6612903225806,8.748570790985188,55.802463504848554,-346.7128479394435,10.06492617005744,48.976498059205156,-348.6612914972962,-46.787956867186175,-8.124372728414311,67.62579945688752,-1.5225526302070265,-1.0019193827816166,0.7015757735329734
6.44,-0.0077418067795405054,0.03412677333012015,0.0007583514717978135,-0.2683035430561634,-0.8727135528706124,0.5177116089514543,0.003138200355252724,0.004998640553902439,0.004321118105389625,55.77492628799408,44.430711048655304,44.43071104865531,56.23391952946535,42.52592510145957,44.35739832460078,4.898587196589413e-14,50.0,-350.0,6.090719642682134,56.212547461037495,-347.08900095706593,-4.947913506307222e-15,50.00000102555436,-350.0000011578493,-24.378246432575715,19.58268041965252,14.96904804324137,-0.7757922302784632,-0.051022105457358774,-0.9535554919351423
6.45,-0.010339804824904264,0.02507933549684671,0.005996648568756924,-0.2492187714889518,-0.9258970768897824,0.5254645848141829,0.002804548460697237,0.004998640553902439,0.0034324070898542544,55.77492628799408,44.430711048655304,44.43071104865531,56.38147837544727,43.047062077332164,44.057026873051754,4.898587196589413e-14,50.0,-350.0,3.360240491056452,56.485576275252804,-347.47763986948473,-4.947913506307222e-15,50.00000102555436,-350.0000011578493,-32.04868662901542,8.64327199014095,30.021885117383764,-1.2595910502702248,-0.7403236097958827,0.06823021226877543
6.46,-0.01267381748604779,0.015608629888430037,0.011214710361798663,-0.2196816649848203,-0.9626557736566103,0.5157359267239553,0.002665162783057475,0.004969593491605262,0.002438823478670295,55.77492628799408,44.430711048655304,44.43071104865531,56.513485589888354,43.59173282323496,43.75872769134755,4.898587196589413e-14,50.0,-350.0,0.5559927523454821,56.617413985183475,-347.87690063122005,-4.947913506307222e-15,50.00000102555436,-350.0000011578493,-40.098039360842726,-3.6117650309193206,54.31248408375434,-1.388219664395807,-0.9596264891161198,0.485160059903513
6.47,-0.01468644997662727,0.005835721784988368,0.016227875667506164,-0.1853870260612671,-0.9872338450519004,0.48755959753477196,0.002616288845030931,0.004918104867467823,0.002275143214491502,55.77492628799408,44.430711048655304,44.43071104865531,56.62680366223867,44.15300800104948,43.47317682731921,4.898587196589413e-14,50.0,-350.0,-2.2656658353200987,56.583607227890276,-348.2907814941844,-4.947913506307222e-15,50.00000102555436,-350.0000011578493,-45.48577412699171,-15.419811880556347,71.96941608117385,-1.4659042001890388,-1.165414497348749,0.759086670812051
